,most_recent_quarterly_gdp_%_change_extended,labour_force_participation_rate,total_employment_rate,national_debt_to_gdp,provincial_debt_to_gdp,3_month_t_bill,5y_bond,yield_curve_slope,variable_mortgage_rate,5_year_fixed_mortgage_qualifying_rate,Log_Return_MoM,GDP_Growth_YoY,National_Pop_Growth_YoY,Municipal_Pop_Growth_YoY,Inflation_Rate_MoM,Inflation_Rate_YoY,Labour_Force_Growth_YoY,Income_Growth_YoY,Migration_Rate,NPR_Rate,housing_starts_per_cap,under_construction_per_cap,completions_per_cap,month_sin,month_cos,Affordability_Ratio,3_month_t_bill_delta_1,3_month_t_bill_delta_3,3_month_t_bill_delta_6,3_month_t_bill_delta_12,5y_bond_delta_1,5y_bond_delta_3,5y_bond_delta_6,5y_bond_delta_12,yield_curve_slope_delta_1,yield_curve_slope_delta_3,yield_curve_slope_delta_6,yield_curve_slope_delta_12,variable_mortgage_rate_delta_1,variable_mortgage_rate_delta_3,variable_mortgage_rate_delta_6,variable_mortgage_rate_delta_12,5_year_fixed_mortgage_qualifying_rate_delta_1,5_year_fixed_mortgage_qualifying_rate_delta_3,5_year_fixed_mortgage_qualifying_rate_delta_6,5_year_fixed_mortgage_qualifying_rate_delta_12,GDP_Growth_YoY_lag_6,GDP_Growth_YoY_RA_12,National_Pop_Growth_YoY_lag_6,National_Pop_Growth_YoY_RA_12,Municipal_Pop_Growth_YoY_lag_6,Municipal_Pop_Growth_YoY_RA_12,Inflation_Rate_YoY_lag_6,Inflation_Rate_YoY_RA_12,Labour_Force_Growth_YoY_lag_6,Labour_Force_Growth_YoY_RA_12,Income_Growth_YoY_lag_6,Income_Growth_YoY_RA_12,Migration_Rate_RA_12,Migration_Rate_lag_6,Migration_Rate_delta_6,Migration_Rate_lag_12,Migration_Rate_delta_12,NPR_Rate_RA_12,NPR_Rate_lag_6,NPR_Rate_delta_6,NPR_Rate_lag_12,NPR_Rate_delta_12,Log_Return_MoM_lag_1,Log_Return_MoM_lag_3,Log_Return_MoM_lag_6,Log_Return_MoM_lag_12,sales_volume_MoM_lag_1,sales_volume_MoM_lag_3,sales_volume_MoM_lag_12,sales_volume_YoY_lag_1,sales_volume_YoY_lag_3,sales_volume_YoY_lag_12,Affordability_Ratio_RA_12,Affordability_Ratio_RA_24,Affordability_Ratio_lag_3,Affordability_Ratio_delta_3,Affordability_Ratio_lag_12,Affordability_Ratio_delta_12,housing_starts_per_cap_lag_12,housing_starts_per_cap_lag_24,housing_starts_per_cap_RA_6,housing_starts_per_cap_RA_12,under_construction_per_cap_lag_12,under_construction_per_cap_lag_24,under_construction_per_cap_RA_6,under_construction_per_cap_RA_12,completions_per_cap_lag_12,completions_per_cap_lag_24,completions_per_cap_RA_6,completions_per_cap_RA_12,Market_Price,Log_Price,Price_Change_MoM_%,Price_Change_YoY_%,Data_Source
1969-01-01,1.36908369,59.32545455,59.0,0.173530455,0.040118863,6.38,6.99,0.45,6.822,8.65,0.006348824,0.070055541,0.014916671,0.040119505,0.0,0.037837838,0.043533931,0.065247762,0.00041569,0.0001142,0.000197716,0.001098071,0.000221584,0.5,0.866025404,0.399742266,0.14,0.81,0.35,0.09,-0.07,0.51,0.55,0.46,-0.14,-0.22,0.13,0.26,0.25,0.25,0.0,0.5,0.35,0.44,0.31,0.62,0.054636002,0.055264779,0.01553008,0.015701659,0.040261153,0.040250078,0.038461538,0.039953523,0.023273756,0.027851427,0.067448102,0.067284283,0.000743957,0.000361008,5.47e-05,0.000478811,-6.31e-05,5.12e-05,0.000322612,-0.000208412,0.000116179,-1.98e-06,0.006389389,0.006472095,0.006600248,0.008307895,0.001659751,0.001665279,-0.001271011,0.017270793,0.011328736,-0.015041827,0.396940026,0.392009538,0.398251048,0.001491218,0.393485498,0.006256768,0.000197574,0.000251221,0.000197687,0.000197652,0.001454119,0.001659858,0.001170238,0.001258942,0.000206573,0.000246411,0.000218541,0.000214802,,,,,Historical
1969-02-01,1.049864192,59.35025974,59.1,0.172407179,0.039946376,6.43,7.03,0.38,6.822,8.65,0.001620473,0.06200607,0.014885286,0.040163063,0.0,0.037837838,0.043400562,0.064894908,0.000503978,0.000147926,0.000189855,0.001070647,0.000213617,0.866025404,0.5,0.398357239,0.05,0.77,0.95,-0.37,0.04,0.5,0.82,0.26,-0.07,-0.44,-0.18,0.17,0.0,0.25,0.0,0.0,0.0,0.36,0.33,0.61,0.057967672,0.057281446,0.015309866,0.015510283,0.040237157,0.040231704,0.038251366,0.039340198,0.024233876,0.029664106,0.06707113,0.066908995,0.000736657,0.000695569,-0.000191591,0.000591581,-8.76e-05,5.09e-05,6.38e-05,8.41e-05,0.00015048,-2.55e-06,0.006348824,0.006430476,0.00655697,0.006825499,0.001657001,0.00166251,0.001687764,0.020253164,0.014295993,-0.012141184,0.39729997,0.392756564,0.398753247,-0.000396008,0.394037912,0.004319327,0.000197587,0.000246586,0.000196387,0.000197008,0.001423361,0.00164208,0.001141508,0.001229549,0.00020787,0.000242968,0.000218232,0.00021528,,,,,Historical
1969-03-01,0.730644693,59.37506494,59.3,0.171283903,0.03977389,6.58,7.27,0.22,7.322,8.68,0.001617851,0.054098326,0.014853966,0.040206331,0.005208333,0.037634409,0.044328053,0.06454585,0.000592074,0.000181579,0.000182047,0.001043407,0.000205704,1.0,6.12e-17,0.396986209,0.15,0.34,0.92,-0.4,0.24,0.21,1.02,0.15,-0.16,-0.37,-0.44,0.0,0.5,0.75,0.75,0.5,0.03,0.38,0.45,0.52,0.061289695,0.058403456,0.015090347,0.015338679,0.040213318,0.040219003,0.038251366,0.03873108,0.031370532,0.032465061,0.066698349,0.066537871,0.000727323,0.001029213,-0.000437139,0.00070409,-0.000112016,5.07e-05,-0.000194334,0.000375913,0.000184702,-3.12e-06,0.001620473,0.006389389,0.006514256,0.006779227,-0.013307452,0.001659751,0.00168492,0.004980025,0.017270793,-0.00923325,0.397500122,0.393394162,0.399250294,-0.002264085,0.394584383,0.002401826,0.000197599,0.000241981,0.000193783,0.000195712,0.001392807,0.001624421,0.001113132,0.001200432,0.000209158,0.000239549,0.000216398,0.000214993,,,,,Historical
1969-04-01,0.411425195,59.39987013,59.5,0.170160627,0.039601403,6.8,7.33,0.07,7.322,8.72,0.001615238,0.0463286,0.014822709,0.040249313,0.015544041,0.053763441,0.046396339,0.064200527,0.000679978,0.000215159,0.000174292,0.00101635,0.000197844,0.866025404,-0.5,0.395628963,0.22,0.42,1.23,-0.19,0.06,0.34,0.85,0.46,-0.15,-0.38,-0.6,0.03,0.0,0.5,0.75,0.5,0.04,0.07,0.51,0.32,0.064602113,0.058645166,0.01487152,0.015186794,0.040189635,0.040211937,0.038251366,0.039952521,0.037752867,0.034302343,0.066329688,0.066170841,0.000715959,0.001361944,-0.000681966,0.00081634,-0.000136361,5.04e-05,-0.000451745,0.000666904,0.000218845,-3.69e-06,0.001617851,0.006348824,0.006472095,0.006733578,-0.013486929,0.001657001,0.001682086,-0.010241732,0.020253164,-0.006317999,0.397542119,0.393923505,0.399742266,-0.004113303,0.395125007,0.000503957,0.000197611,0.000237407,0.000189885,0.000193768,0.001362455,0.00160688,0.00108511,0.00117159,0.000210437,0.000236152,0.000213048,0.000213943,,,,,Historical
1969-05-01,0.644080168,59.42467532,61.1,0.168871478,0.039202211,6.74,7.69,-0.06,7.322,8.66,0.001612633,0.045344801,0.014689521,0.040292012,0.0,0.053763441,0.046189083,0.063858879,0.000752158,0.000249288,0.000166588,0.000989474,0.000190036,0.5,-0.866025404,0.394285296,-0.06,0.31,1.08,-0.21,0.36,0.66,1.16,0.61,-0.13,-0.44,-0.88,-0.32,0.0,0.5,0.75,0.25,-0.06,0.01,0.37,0.23,0.066430224,0.058492909,0.014886605,0.015054897,0.040166106,0.040210469,0.049180328,0.04165503,0.038122042,0.036793616,0.065965081,0.065807839,0.000723302,0.001045577,-0.000293419,0.000664046,8.81e-05,5e-05,-0.00026253,0.000511818,0.000253552,-4.26e-06,0.001615238,0.001620473,0.006430476,0.00668854,-0.013671313,-0.013307452,0.001679261,-0.025412367,0.004980025,-0.003395403,0.39742757,0.394345745,0.398357239,-0.004071943,0.395659876,-0.00137458,0.000197623,0.000232864,0.0001847,0.000191182,0.001332304,0.001589455,0.00105744,0.001143021,0.000211709,0.000232778,0.000208194,0.000212137,,,,,Historical
1969-06-01,0.876735141,59.44948052,62.3,0.16758233,0.038803018,7.13,7.62,-0.03,7.822,8.89,0.001610037,0.044370053,0.014556697,0.040334429,0.005102041,0.053475936,0.028280543,0.063520848,0.000824097,0.000283303,0.000158936,0.000962776,0.00018228,1.22e-16,-1.0,0.392955005,0.39,0.55,0.89,0.57,-0.07,0.35,0.56,0.83,0.03,-0.25,-0.62,-0.02,0.5,0.5,1.25,0.75,0.23,0.21,0.59,0.51,0.068248004,0.057948092,0.014901656,0.01494291,0.04014273,0.040214563,0.043478261,0.043348927,0.029138567,0.036335013,0.065604461,0.065448799,0.000749287,0.000730161,9.39e-05,0.00051227,0.000311828,4.96e-05,-7.39e-05,0.000357185,0.00028814,-4.84e-06,0.001612633,0.001617851,0.006389389,0.006644101,-0.013860808,-0.013486929,0.001676446,-0.040532137,-0.010241732,-0.000465433,0.397158064,0.394662019,0.396986209,-0.004031204,0.396189083,-0.003234079,0.000197635,0.00022835,0.000178239,0.000187957,0.001302351,0.001572146,0.001030121,0.001114723,0.000212971,0.000229427,0.000201844,0.00020958,,,,,Historical
1969-07-01,1.109390114,59.47428571,63.5,0.166293181,0.038403826,7.62,7.64,-0.25,8.322,9.1,0.001607449,0.043404231,0.014424237,0.040376569,0.005076142,0.047619048,0.026639859,0.063186377,0.000895797,0.000317205,0.000151334,0.000936256,0.000174576,-0.5,-0.866025404,0.39163789,0.49,0.82,1.24,1.59,0.02,0.31,0.65,1.2,-0.22,-0.32,-0.7,-0.57,0.5,1.0,1.5,1.5,0.21,0.38,0.45,0.76,0.070055541,0.057012111,0.014916671,0.014850757,0.040119505,0.040224181,0.037837838,0.044112053,0.043533931,0.036615521,0.065247762,0.065093655,0.000793853,0.00041569,0.000480107,0.000361008,0.000534789,4.92e-05,0.0001142,0.000203005,0.000322612,-5.41e-06,0.001610037,0.001615238,0.006348824,0.006600248,-0.014055631,-0.013671313,0.00167364,-0.055601296,-0.025412367,0.002471937,0.396735161,0.394873443,0.395628963,-0.003991073,0.396712718,-0.005074828,0.000197646,0.000223867,0.000170509,0.000184098,0.001272594,0.001554951,0.001003152,0.001086695,0.000214226,0.000226097,0.000194009,0.000206275,,,,,Historical
1969-08-01,1.210632538,59.49909091,63.8,0.165147856,0.038035197,7.69,7.71,-0.16,8.322,9.19,0.001604869,0.043502589,0.014372431,0.040418433,0.005050505,0.047368421,0.025037556,0.06285541,0.001217101,6.27e-05,0.000143782,0.000909911,0.000166923,-0.866025404,-0.5,0.390333757,0.07,0.95,1.26,2.21,0.07,0.02,0.68,1.5,0.09,-0.1,-0.54,-0.72,0.0,1.0,1.5,1.5,0.09,0.53,0.54,0.87,0.06200607,0.055806687,0.014885286,0.014772637,0.040163063,0.040239287,0.037837838,0.044871808,0.043400562,0.036682495,0.064894908,0.064742345,0.000837314,0.000503978,0.000713123,0.000695569,0.000521532,4.91e-05,0.000147926,-8.52e-05,6.38e-05,-1.1e-06,0.001607449,0.001612633,0.001620473,0.00655697,-0.014256008,-0.013860808,0.001670844,-0.070620099,-0.040532137,0.005416737,0.396160402,0.394981117,0.394285296,-0.003951539,0.397230866,-0.006897109,0.000197658,0.000219412,0.00016283,0.000179608,0.001243032,0.001537869,0.000976362,0.001058935,0.000215472,0.00022279,0.000186227,0.00020223,,,,,Historical
1969-09-01,1.311874961,59.5238961,61.9,0.16400253,0.037666569,7.77,8.06,-0.05,8.322,9.31,0.001602298,0.043600046,0.014320766,0.040460025,0.0,0.047368421,0.019695836,0.062527892,0.001537166,-0.000190863,0.000136281,0.00088374,0.00015932,-1.0,-1.84e-16,0.389042415,0.08,0.64,1.19,2.11,0.35,0.44,0.79,1.81,0.11,-0.02,-0.27,-0.71,0.0,0.5,1.0,1.75,0.12,0.42,0.63,1.08,0.054098326,0.05433255,0.014853966,0.014708505,0.040206331,0.040259846,0.037634409,0.045631562,0.044328053,0.035709603,0.06454585,0.064394807,0.000879644,0.000592074,0.000945092,0.001029213,0.000507953,4.94e-05,0.000181579,-0.000372442,-0.000194334,3.47e-06,0.001604869,0.001610037,0.001617851,0.006514256,-0.014462181,-0.014055631,0.001668057,-0.085588797,-0.055601296,0.008368994,0.395435302,0.394986123,0.392955005,-0.003912589,0.397743615,-0.0087012,0.00019767,0.000214988,0.000155202,0.000174492,0.001213662,0.001520899,0.000949751,0.001031441,0.000216711,0.000219504,0.000178496,0.000197447,,,,,Historical
1969-10-01,1.413117385,59.5487013,61.9,0.162857205,0.03729794,7.6,8.02,0.09,8.322,9.41,0.001599734,0.043696617,0.014269242,0.040501347,0.0,0.047368421,0.018624286,0.062203769,0.001855997,-0.000443429,0.000128829,0.00085774,0.000151767,-0.866025404,0.5,0.387763677,-0.17,-0.02,0.8,2.03,-0.04,0.38,0.69,1.54,0.14,0.34,0.02,-0.58,0.0,0.0,1.0,1.75,0.1,0.31,0.69,1.2,0.0463286,0.052590425,0.014822709,0.014658315,0.040249313,0.040285822,0.053763441,0.046391317,0.046396339,0.034115555,0.064200527,0.06405098,0.000920815,0.000679978,0.001176019,0.001361944,0.000494054,5.01e-05,0.000215159,-0.000658588,-0.000451745,8.32e-06,0.001602298,0.001607449,0.001615238,0.006472095,-0.014674405,-0.014256008,0.001665279,-0.100507642,-0.070620099,0.011328736,0.394561355,0.394889526,0.39163789,-0.003874213,0.398251048,-0.010487371,0.000197681,0.000210592,0.000147625,0.000168755,0.001184483,0.001504041,0.000923316,0.001004213,0.000217941,0.000216239,0.000170817,0.000191933,,,,,Historical
1969-11-01,1.148067338,59.57350649,61.4,0.161626312,0.036910667,7.76,8.31,0.21,8.322,9.5,0.001597179,0.041095362,0.014204364,0.040542401,0.0,0.036458333,0.012692545,0.06188299,0.00156079,-0.000257554,0.000121425,0.000831911,0.000144264,-0.5,0.866025404,0.386497359,0.16,0.07,1.02,2.1,0.29,0.6,0.62,1.78,0.12,0.37,0.27,-0.61,0.0,0.0,1.0,1.75,0.09,0.31,0.84,1.21,0.045344801,0.050479187,0.014689521,0.014601462,0.040292012,0.04031718,0.053763441,0.045331151,0.046189083,0.03199643,0.063858879,0.063710806,0.000963749,0.000752158,0.000808632,0.001045577,0.000515213,5.05e-05,0.000249288,-0.000506842,-0.00026253,4.98e-06,0.001599734,0.001604869,0.001612633,0.006430476,-0.01489295,-0.014462181,0.00166251,-0.11537688,-0.085588797,0.014295993,0.393540031,0.394692376,0.390333757,-0.003836398,0.398753247,-0.012255888,0.000197693,0.000206224,0.000140098,0.000162399,0.001155493,0.001487291,0.000897056,0.000977248,0.000219163,0.000212996,0.000163188,0.000185691,,,,,Historical
1969-12-01,0.883017292,59.59831169,60.8,0.160395418,0.036523393,7.81,8.29,0.26,8.322,9.7,0.001594632,0.038517635,0.014139639,0.04058319,0.010050251,0.046875,0.019906034,0.061565502,0.001266795,-7.24e-05,0.00011407,0.000806251,0.000136809,-2.45e-16,1.0,0.385243281,0.05,0.04,0.68,1.57,-0.02,0.23,0.67,1.23,0.05,0.31,0.29,-0.33,0.0,0.0,0.5,1.75,0.2,0.39,0.81,1.4,0.044370053,0.048001656,0.014556697,0.014537961,0.040334429,0.040353885,0.053475936,0.045614212,0.028280543,0.031227052,0.063520848,0.063374226,0.001008469,0.000824097,0.000442697,0.000730161,0.000536634,5.06e-05,0.000283303,-0.000355745,-7.39e-05,1.44e-06,0.001597179,0.001602298,0.001610037,0.006389389,-0.015118103,-0.014674405,0.001659751,-0.130196761,-0.100507642,0.017270793,0.39237278,0.394395704,0.389042415,-0.003799134,0.399250294,-0.014007012,0.000197704,0.000201885,0.00013262,0.00015543,0.00112669,0.001470651,0.000870968,0.000950544,0.000220377,0.000209774,0.00015561,0.000178727,,,,,Historical
1970-01-01,0.617967245,59.62311688,59.2,0.159164525,0.03613612,7.78,8.23,0.36,8.322,9.78,0.001592094,0.035963118,0.014075067,0.040623718,0.004975124,0.052083333,0.009447853,0.061251255,0.000974003,0.000111912,0.000106763,0.000780757,0.000129403,0.5,0.866025404,0.384001267,-0.03,0.18,0.16,1.4,-0.06,0.21,0.59,1.24,0.1,0.27,0.61,-0.09,0.0,0.0,0.0,1.5,0.08,0.37,0.68,1.13,0.043404231,0.045160621,0.014424237,0.014467827,0.040376569,0.040395903,0.047619048,0.046801337,0.026639859,0.028386546,0.063186377,0.063041184,0.001054995,0.000895797,7.82e-05,0.00041569,0.000558313,5.04e-05,0.000317205,-0.000205293,0.0001142,-2.29e-06,0.001594632,0.001599734,0.001607449,0.006348824,-0.015350168,-0.01489295,0.001657001,-0.144967528,-0.11537688,0.020253164,0.39106103,0.394000528,0.387763677,-0.003762411,0.399742266,-0.015740999,0.000197716,0.000197574,0.000125192,0.00014785,0.001098071,0.001454119,0.000845052,0.000924102,0.000221584,0.000206573,0.000148081,0.000171045,,,,,Historical
1970-02-01,0.414754608,59.64792208,59.3,0.159068356,0.036039278,7.6,8.0,0.47,8.322,9.74,0.002635657,0.03457305,0.014061155,0.040350339,0.0,0.052083333,0.011377539,0.060940188,0.000903247,0.000144863,0.000114609,0.000838504,0.000130183,0.866025404,0.5,0.383171771,-0.18,-0.16,-0.09,1.17,-0.23,-0.31,0.29,0.97,0.11,0.26,0.63,0.09,0.0,0.0,0.0,1.5,-0.04,0.24,0.55,1.09,0.043502589,0.042874536,0.014372431,0.014399149,0.040418433,0.040411509,0.047368421,0.047988461,0.025037556,0.02571796,0.06285541,0.062711624,0.001088267,0.001217101,-0.000313854,0.000503978,0.000399269,5.01e-05,6.27e-05,8.22e-05,0.000147926,-3.06e-06,0.001592094,0.001597179,0.001604869,0.001620473,-0.015589469,-0.015118103,-0.013307452,-0.159689426,-0.130196761,0.004980025,0.389795574,0.393547772,0.386497359,-0.003325588,0.398357239,-0.015185468,0.000189855,0.000197587,0.000120329,0.00014158,0.001070647,0.001423361,0.00083315,0.000904756,0.000213617,0.00020787,0.000141958,0.000164092,,,,,Historical
1970-03-01,0.211541972,59.67272727,59.6,0.158972186,0.035942435,7.0,7.32,0.84,8.322,9.78,0.002628729,0.033186783,0.01404727,0.040078799,0.0,0.046632124,0.013577982,0.060632264,0.000832742,0.000177697,0.000122407,0.000895892,0.000130957,1.0,6.12e-17,0.382350178,-0.6,-0.81,-0.77,0.42,-0.68,-0.97,-0.74,0.05,0.37,0.58,0.89,0.62,0.0,0.0,0.0,1.0,0.04,0.08,0.47,1.1,0.043600046,0.041131907,0.014320766,0.014331925,0.040460025,0.040400881,0.047368421,0.048738271,0.019695836,0.023155455,0.062527892,0.062385492,0.001108323,0.001537166,-0.000704424,0.000592074,0.000240668,4.98e-05,-0.000190863,0.00036856,0.000181579,-3.88e-06,0.002635657,0.001594632,0.001602298,0.001617851,0.020535658,-0.015350168,-0.013486929,-0.130867152,-0.144967528,-0.010241732,0.388575905,0.393038014,0.385243281,-0.002893103,0.396986209,-0.014636031,0.000182047,0.000197599,0.000118017,0.00013661,0.001043407,0.001392807,0.000835176,0.000892463,0.000205704,0.000209158,0.00013723,0.000157863,,,,,Historical
1970-04-01,0.008329335,59.69753247,59.7,0.158876017,0.035845593,6.78,7.35,1.21,8.322,9.8,0.002621837,0.031804304,0.014033413,0.039809079,0.004950495,0.035714286,0.012998056,0.060327437,0.000762487,0.000210414,0.000130156,0.000952925,0.000131727,0.866025404,-0.5,0.381536376,-0.22,-1.0,-0.82,-0.02,0.03,-0.88,-0.67,0.02,0.37,0.85,1.12,1.14,0.0,0.0,0.0,1.0,0.02,0.02,0.39,1.08,0.043696617,0.039921549,0.014269242,0.01426615,0.040501347,0.040364195,0.047368421,0.047234175,0.018624286,0.020372264,0.062203769,0.062062734,0.001115198,0.001855997,-0.001093511,0.000679978,8.25e-05,4.94e-05,-0.000443429,0.000653844,0.000215159,-4.74e-06,0.002628729,0.001592094,0.001599734,0.001615238,0.02012243,-0.015589469,-0.013671313,-0.101256801,-0.159689426,-0.025412367,0.387401523,0.392471821,0.384001267,-0.002464891,0.395628963,-0.014092587,0.000174292,0.000197611,0.000118238,0.000132932,0.00101635,0.001362455,0.00085104,0.000887178,0.000197844,0.000210437,0.00013389,0.000152354,,,,,Historical
1970-05-01,0.228160821,59.72233766,61.3,0.158694846,0.035809945,6.34,7.38,1.45,8.322,9.78,0.002614981,0.030291199,0.014047801,0.039541161,0.0,0.035714286,0.023473607,0.060025659,0.000833982,0.000243789,0.000137858,0.001009607,0.000132492,0.5,-0.866025404,0.380730254,-0.44,-1.26,-1.42,-0.4,0.03,-0.62,-0.93,-0.31,0.24,0.98,1.24,1.51,0.0,0.0,0.0,1.0,-0.02,0.04,0.28,1.12,0.041095362,0.038667082,0.014204364,0.014212673,0.040542401,0.040301624,0.036458333,0.045730079,0.012692545,0.018479308,0.06188299,0.061743299,0.001122017,0.00156079,-0.000726809,0.000752158,8.18e-05,4.9e-05,-0.000257554,0.000501343,0.000249288,-5.5e-06,0.002621837,0.002635657,0.001597179,0.001612633,0.019725505,0.020535658,-0.013860808,-0.070825604,-0.130867152,-0.040532137,0.386271936,0.391849753,0.383171771,-0.002441516,0.394285296,-0.013555042,0.000166588,0.000197623,0.000120977,0.000130537,0.000989474,0.001332304,0.000880656,0.000888856,0.000190036,0.000211709,0.000131928,0.000147558,,,,,Historical
1970-06-01,0.447992307,59.74714286,62.5,0.158513674,0.035774298,5.94,7.07,1.57,8.322,9.73,0.00260816,0.028789203,0.014062153,0.039275026,0.0,0.030456853,0.03190319,0.059726886,0.000905237,0.000277052,0.000145512,0.00106594,0.000133252,1.22e-16,-1.0,0.379931705,-0.4,-1.06,-1.87,-1.19,-0.31,-0.25,-1.22,-0.55,0.12,0.73,1.31,1.6,0.0,0.0,0.0,0.5,-0.05,-0.05,0.03,0.84,0.038517635,0.037368678,0.014139639,0.014171461,0.04058319,0.040213341,0.046875,0.043811822,0.019906034,0.018781195,0.061565502,0.061427136,0.001128779,0.001266795,-0.000361558,0.000824097,8.11e-05,4.84e-05,-7.24e-05,0.000349494,0.000283303,-6.25e-06,0.002614981,0.002628729,0.001594632,0.001610037,0.019343936,0.02012243,-0.014055631,-0.039538947,-0.101256801,-0.055601296,0.385186661,0.391172362,0.382350178,-0.002418473,0.392955005,-0.0130233,0.000158936,0.000197635,0.000126217,0.000129419,0.000962776,0.001302351,0.000923937,0.000897453,0.00018228,0.000212971,0.000131336,0.000143473,,,,,Historical
1970-07-01,0.667823793,59.77194805,63.7,0.158332503,0.03573865,5.7,6.96,1.47,7.822,9.58,0.002601376,0.027298194,0.014076469,0.039010658,0.009852217,0.035353535,0.034026928,0.059431072,0.000976253,0.000310204,0.000153119,0.001121928,0.000134007,-0.5,-0.866025404,0.379140622,-0.24,-1.08,-2.08,-1.92,-0.11,-0.39,-1.27,-0.68,-0.1,0.26,1.11,1.72,-0.5,-0.5,-0.5,-0.5,-0.15,-0.22,-0.2,0.48,0.035963118,0.036026508,0.014075067,0.014142481,0.040623718,0.040099515,0.052083333,0.042789696,0.009447853,0.019396784,0.061251255,0.061114194,0.001135483,0.000974003,2.25e-06,0.000895797,8.05e-05,4.79e-05,0.000111912,0.000198291,0.000317205,-7e-06,0.00260816,0.002621837,0.001592094,0.001607449,0.018976849,0.019725505,-0.014256008,-0.007360244,-0.070825604,-0.070620099,0.384145222,0.390440192,0.381536376,-0.002395754,0.39163789,-0.012497268,0.000151334,0.000197646,0.000133943,0.000129567,0.000936256,0.001272594,0.000980799,0.000912925,0.000174576,0.000214226,0.000132103,0.000140092,,,,,Historical
1970-08-01,0.566779537,59.79675325,64.0,0.159082751,0.035903898,5.51,7.21,1.48,7.822,9.6,0.002594626,0.023724871,0.013947156,0.038748038,0.0,0.030150754,0.030288227,0.059138173,0.001212164,6.13e-05,0.00016068,0.001177573,0.000134758,-0.866025404,-0.5,0.3783569,-0.19,-0.83,-2.09,-2.18,0.25,-0.17,-0.79,-0.5,0.01,0.03,1.01,1.64,0.0,-0.5,-0.5,-0.5,0.02,-0.18,-0.14,0.41,0.03457305,0.034378365,0.014061155,0.014107041,0.040350339,0.039960315,0.052083333,0.04135489,0.011377539,0.01983434,0.060940188,0.060804424,0.001135072,0.000903247,0.000308917,0.001217101,-4.94e-06,4.77e-05,0.000144863,-8.36e-05,6.27e-05,-1.39e-06,0.002601376,0.002614981,0.002635657,0.001604869,0.018623435,0.019343936,-0.014462181,0.025749207,-0.039538947,-0.085588797,0.38314715,0.389653776,0.380730254,-0.002373354,0.390333757,-0.011976857,0.000143782,0.000197658,0.000141622,0.000130976,0.000909911,0.001243032,0.001037311,0.000935231,0.000166923,0.000215472,0.000132866,0.000137412,,,,,Historical
1970-09-01,0.465735281,59.82155844,62.1,0.159832998,0.036069146,5.39,7.12,1.41,7.822,9.56,0.002587911,0.020184897,0.013818182,0.038487149,-0.004878049,0.025125628,0.03594132,0.058848147,0.001447101,-0.000186601,0.000168195,0.00123288,0.000135505,-1.0,-1.84e-16,0.377580438,-0.12,-0.55,-1.61,-2.38,-0.09,0.05,-0.2,-0.94,-0.07,-0.16,0.57,1.46,0.0,-0.5,-0.5,-0.5,-0.04,-0.17,-0.22,0.25,0.033186783,0.032427103,0.01404727,0.014065159,0.040078799,0.039795909,0.046632124,0.039501324,0.013577982,0.021188131,0.060632264,0.060497778,0.001127566,0.000832742,0.000614359,0.001537166,-9.01e-05,4.81e-05,0.000177697,-0.000364298,-0.000190863,4.26e-06,0.002594626,0.00260816,0.002628729,0.001602298,0.018282944,0.018976849,-0.014674405,0.05983038,-0.007360244,-0.100507642,0.382191986,0.388813644,0.379931705,-0.002351267,0.389042415,-0.011461977,0.000136281,0.00019767,0.000149253,0.000133635,0.00088374,0.001213662,0.001093475,0.000964326,0.00015932,0.000216711,0.000133624,0.000135427,,,,,Historical
1970-10-01,0.364691025,59.84636364,62.1,0.160583246,0.036234394,5.01,7.08,1.58,7.822,9.55,0.002581231,0.016677808,0.013689546,0.038227974,0.0,0.025125628,0.034373476,0.058560952,0.001681072,-0.000433469,0.000175664,0.001287851,0.000136247,-0.866025404,0.5,0.376811136,-0.38,-0.69,-1.77,-2.59,-0.04,0.12,-0.27,-0.94,0.17,0.11,0.37,1.49,0.0,0.0,-0.5,-0.5,-0.01,-0.03,-0.25,0.14,0.031804304,0.030175535,0.014033413,0.014016851,0.039809079,0.039606461,0.035714286,0.037647758,0.012998056,0.022500563,0.060327437,0.06019421,0.001112989,0.000762487,0.000918585,0.001855997,-0.000174926,4.89e-05,0.000210414,-0.000643884,-0.000443429,9.96e-06,0.002587911,0.002601376,0.002621837,0.001599734,0.01795468,0.018623435,-0.01489295,0.094926693,0.025749207,-0.11537688,0.381279274,0.387920314,0.379140622,-0.002329486,0.387763677,-0.010952541,0.000128829,0.000197681,0.000156838,0.000137538,0.00085774,0.001184483,0.001149296,0.001000168,0.000151767,0.000217941,0.000134377,0.000134134,,,,,Historical
1970-11-01,0.293730388,59.87116883,61.6,0.161185322,0.03636577,4.4,6.12,2.13,7.322,9.48,0.002574586,0.01510128,0.013579585,0.037970497,0.0,0.025125628,0.036018496,0.058276546,0.001288363,-0.000251814,0.000183088,0.001342489,0.000136984,-0.5,0.866025404,0.376048894,-0.61,-1.11,-1.94,-3.36,-0.96,-1.09,-1.26,-2.19,0.55,0.65,0.68,1.92,-0.5,-0.5,-1.0,-1.0,-0.07,-0.12,-0.3,-0.02,0.030291199,0.028009362,0.014047801,0.013964786,0.039541161,0.039392136,0.035714286,0.036703366,0.023473607,0.024444392,0.060025659,0.059893673,0.001090287,0.000833982,0.000454382,0.00156079,-0.000272427,4.94e-05,0.000243789,-0.000495603,-0.000257554,5.74e-06,0.002581231,0.002594626,0.002614981,0.001597179,0.017637995,0.018282944,-0.015118103,0.131084184,0.05983038,-0.130196761,0.380408568,0.3869743,0.3783569,-0.002308007,0.386497359,-0.010448466,0.000121425,0.000197693,0.000164376,0.000142677,0.000831911,0.001155493,0.001204777,0.001042716,0.000144264,0.000219163,0.000135126,0.000133527,,,,,Historical
1970-12-01,0.222769751,59.89597403,61.0,0.161787398,0.036497145,4.44,5.42,2.1,7.322,9.36,0.002567974,0.01353122,0.01346987,0.0377147,-0.004901961,0.009950249,0.027154807,0.05799489,0.000897128,-7.08e-05,0.000190467,0.001396798,0.000137717,-2.45e-16,1.0,0.375293615,0.04,-0.95,-1.5,-3.37,-0.7,-1.7,-1.65,-2.87,-0.03,0.69,0.53,1.84,0.0,-0.5,-1.0,-1.0,-0.12,-0.2,-0.37,-0.34,0.028789203,0.025927161,0.014062153,0.013908972,0.039275026,0.039153095,0.030456853,0.033626303,0.03190319,0.025048457,0.059726886,0.059596122,0.001059482,0.000905237,-8.11e-06,0.001266795,-0.000369666,4.95e-05,0.000277052,-0.000347892,-7.24e-05,1.6e-06,0.002574586,0.002587911,0.00260816,0.001594632,0.017332288,0.01795468,-0.015350168,0.168351723,0.094926693,-0.144967528,0.37957943,0.385976105,0.377580438,-0.002286823,0.385243281,-0.009949666,0.00011407,0.000197704,0.000171869,0.000149043,0.000806251,0.00112669,0.00125992,0.001091929,0.000136809,0.000220377,0.00013587,0.000133603,,,,,Historical
1971-01-01,0.151809114,59.92077922,59.5,0.162389474,0.036628521,4.68,5.37,1.62,6.822,9.14,0.002561397,0.011967589,0.0133604,0.037460568,0.004926108,0.00990099,0.037923909,0.057715942,0.000507358,0.000109457,0.000197802,0.001450779,0.000138445,0.5,0.866025404,0.374545206,0.24,-0.33,-1.02,-3.1,-0.05,-1.71,-1.59,-2.86,-0.48,0.04,0.15,1.26,-0.5,-1.0,-1.0,-1.5,-0.22,-0.41,-0.44,-0.64,0.027298194,0.023927533,0.014076469,0.013849417,0.039010658,0.038889499,0.035353535,0.030111108,0.034026928,0.027421461,0.059431072,0.059301513,0.001020595,0.000976253,-0.000468895,0.000974003,-0.000466645,4.93e-05,0.000310204,-0.000200747,0.000111912,-2.46e-06,0.002567974,0.002581231,0.002601376,0.001592094,0.017036998,0.017637995,-0.015589469,0.206781224,0.131084184,-0.159689426,0.378791425,0.384926227,0.376811136,-0.00226593,0.384001267,-0.009456061,0.000106763,0.000197716,0.000179316,0.00015663,0.000780757,0.001098071,0.001314728,0.001147764,0.000129403,0.000221584,0.000136609,0.000134356,,,,,Historical
1971-02-01,0.898016464,59.94558442,59.6,0.161182856,0.036530884,4.06,5.54,1.8,6.822,8.92,0.00569978,0.020002732,0.013284493,0.035345759,0.004901961,0.014851485,0.035200194,0.057439688,0.000491324,0.00014177,0.000196184,0.001469594,0.000144142,0.866025404,0.5,0.374981003,-0.62,-0.34,-1.45,-3.54,0.17,-0.58,-1.67,-2.46,0.18,-0.33,0.32,1.33,0.0,-0.5,-1.0,-1.5,-0.22,-0.56,-0.68,-0.82,0.023724871,0.02271334,0.013947156,0.013784695,0.038748038,0.038472451,0.030150754,0.027008454,0.030288227,0.029406683,0.059138173,0.059009805,0.000986268,0.001212164,-0.00072084,0.000903247,-0.000411923,4.91e-05,6.13e-05,8.05e-05,0.000144863,-3.09e-06,0.002561397,0.002574586,0.002594626,0.002635657,0.016751601,0.017332288,0.020535658,0.246427891,0.168351723,-0.130867152,0.378108861,0.383952217,0.376048894,-0.00106789,0.383171771,-0.008190767,0.000114609,0.000189855,0.000185233,0.000163428,0.000838504,0.001070647,0.001363399,0.001200355,0.000130183,0.000213617,0.000138173,0.000135519,,,,,Historical
1971-03-01,1.644223814,59.97038961,59.8,0.159976237,0.036433247,3.16,5.19,1.99,6.322,8.48,0.005667476,0.028037429,0.013208733,0.033244073,0.0,0.014851485,0.029085204,0.057166065,0.000475328,0.000174007,0.000194569,0.001488369,0.000149826,1.0,6.12e-17,0.375412873,-0.9,-1.28,-2.23,-3.84,-0.35,-0.23,-1.93,-2.13,0.19,-0.11,0.58,1.15,-0.5,-1.0,-1.5,-2.0,-0.44,-0.88,-1.08,-1.3,0.020184897,0.022284227,0.013818182,0.013714817,0.038487149,0.03790289,0.025125628,0.024360067,0.03594132,0.030698951,0.058848147,0.058720955,0.000956483,0.001447101,-0.000971773,0.000832742,-0.000357414,4.88e-05,-0.000186601,0.000360608,0.000177697,-3.69e-06,0.00569978,0.002567974,0.002587911,0.002628729,0.009731244,0.017036998,0.02012243,0.233231957,0.206781224,-0.101256801,0.377530752,0.383053328,0.375293615,0.000119258,0.382350178,-0.006937305,0.000122407,0.000182047,0.000189629,0.000169441,0.000895892,0.001043407,0.00140598,0.001249728,0.000130957,0.000205704,0.00014056,0.000137092,,,,,Historical
1971-04-01,2.390431164,59.99519481,59.9,0.158769619,0.03633561,3.0,5.52,2.09,6.322,8.4,0.005635537,0.03607168,0.01313312,0.031155386,0.009756098,0.019704433,0.021225567,0.056895037,0.000459369,0.000206169,0.000192958,0.001507104,0.000155498,0.866025404,-0.5,0.375840868,-0.16,-1.68,-2.01,-3.78,0.33,0.15,-1.56,-1.83,0.1,0.47,0.51,0.88,0.0,-0.5,-1.5,-2.0,-0.08,-0.74,-1.15,-1.4,0.016677808,0.022639842,0.013689546,0.013639792,0.038227974,0.037181749,0.025125628,0.023025913,0.034373476,0.031384577,0.058560952,0.058434921,0.000931223,0.001681072,-0.001221703,0.000762487,-0.000303118,4.84e-05,-0.000433469,0.000639639,0.000210414,-4.24e-06,0.005667476,0.002561397,0.002581231,0.002621837,0.00963746,0.016751601,0.019725505,0.220556615,0.246427891,-0.070825604,0.377056126,0.382228824,0.374545206,0.001295663,0.381536376,-0.005695507,0.000130156,0.000174292,0.000192511,0.000174675,0.000952925,0.00101635,0.001442522,0.001295909,0.000131727,0.000197844,0.000143769,0.000139073,,,,,Historical
1971-05-01,2.514788403,60.02,61.5,0.157725717,0.036557343,3.03,5.86,2.41,6.322,8.45,0.005603955,0.043293183,0.018743058,0.029079579,0.0,0.019704433,0.017706477,0.056626567,0.000364577,0.000237562,0.00019135,0.001525798,0.000161158,0.5,-0.866025404,0.376265041,0.03,-1.03,-1.37,-3.31,0.34,0.32,-0.26,-1.52,0.32,0.61,0.28,0.96,0.0,-0.5,-1.0,-2.0,0.05,-0.47,-1.03,-1.33,0.01510128,0.02372334,0.013579585,0.014031064,0.037970497,0.036309951,0.025125628,0.021691759,0.036018496,0.030903983,0.058276546,0.058151664,0.000892106,0.001288363,-0.000923786,0.000833982,-0.000469405,4.79e-05,-0.000251814,0.000489375,0.000243789,-6.23e-06,0.005635537,0.00569978,0.002574586,0.002614981,0.009545466,0.009731244,0.019343936,0.208371655,0.233231957,-0.039538947,0.376684025,0.38147798,0.374981003,0.001284038,0.380730254,-0.004465214,0.000137858,0.000166588,0.000193888,0.000179132,0.001009607,0.000989474,0.001473074,0.001338925,0.000132492,0.000190036,0.000147798,0.000141462,,,,,Historical
1971-06-01,2.639145642,60.04480519,62.7,0.156681815,0.036779076,3.37,6.02,1.99,6.322,8.54,0.005572726,0.050482678,0.024338947,0.027016533,0.004830918,0.024630542,0.018952855,0.056360619,0.000271131,0.000268508,0.000189746,0.001544452,0.000166806,1.22e-16,-1.0,0.376685441,0.34,0.21,-1.07,-2.57,0.16,0.83,0.6,-1.05,-0.42,0.0,-0.11,0.42,0.0,0.0,-1.0,-2.0,0.09,0.06,-0.82,-1.19,0.01353122,0.02553113,0.01346987,0.014887463,0.0377147,0.03528841,0.009950249,0.021206233,0.027154807,0.029824788,0.05799489,0.057871142,0.000839264,0.000897128,-0.000625997,0.000905237,-0.000634106,4.72e-05,-7.08e-05,0.000339348,0.000277052,-8.54e-06,0.005603955,0.005667476,0.002567974,0.00260816,0.009455211,0.00963746,0.018976849,0.196649159,0.220556615,-0.007360244,0.376413503,0.380800082,0.375412873,0.001272568,0.379931705,-0.003246264,0.000145512,0.000158936,0.000193768,0.000182818,0.00106594,0.000962776,0.001497683,0.001378801,0.000133252,0.00018228,0.000152646,0.000144258,,,,,Historical
1971-07-01,2.763502881,60.06961039,63.9,0.155637913,0.037000809,3.68,6.46,1.98,6.322,8.66,0.005541843,0.057640376,0.02992084,0.024966131,0.009615385,0.024390244,0.026041667,0.056097157,0.000179003,0.000299018,0.000188145,0.001563066,0.000172441,-0.5,-0.866025404,0.37710212,0.31,0.68,-1.0,-2.02,0.44,0.94,1.09,-0.5,-0.01,-0.11,0.36,0.51,0.0,0.0,-0.5,-1.5,0.12,0.26,-0.48,-0.92,0.011967589,0.028059645,0.0133604,0.016207827,0.037460568,0.034118032,0.00990099,0.020292625,0.037923909,0.02915935,0.057715942,0.057593315,0.000772827,0.000507358,-0.000328355,0.000976253,-0.00079725,4.63e-05,0.000109457,0.000189561,0.000310204,-1.12e-05,0.005572726,0.005635537,0.002561397,0.002601376,0.009366648,0.009545466,0.018623435,0.18536329,0.208371655,0.025749207,0.376243628,0.380194425,0.375840868,0.001261252,0.379140622,-0.002038502,0.000153119,0.000151334,0.000192159,0.000185737,0.001121928,0.000936256,0.001516397,0.001415563,0.000134007,0.000174576,0.000158312,0.000147461,,,,,Historical
1971-08-01,2.093906794,60.09441558,64.2,0.155857326,0.037507907,3.79,6.0,1.82,6.322,8.73,0.0055113,0.059013722,0.029904244,0.022928257,0.00952381,0.034146341,0.025604552,0.055836147,0.00041252,5.91e-05,0.000186548,0.001581641,0.000178065,-0.866025404,-0.5,0.377515126,0.11,0.76,-0.27,-1.72,-0.46,0.14,0.46,-1.21,-0.16,-0.59,0.02,0.34,0.0,0.0,-0.5,-1.5,0.07,0.28,-0.19,-0.87,0.020002732,0.031000383,0.013284493,0.017537585,0.035345759,0.032799717,0.014851485,0.020625591,0.035200194,0.028769044,0.057439688,0.057318147,0.00070619,0.000491324,-7.88e-05,0.001212164,-0.000799644,4.61e-05,0.00014177,-8.27e-05,6.13e-05,-2.17e-06,0.005541843,0.005603955,0.00569978,0.002594626,0.009279728,0.009455211,0.018282944,0.174490099,0.196649159,0.05983038,0.37617348,0.379660315,0.376265041,0.001250085,0.3783569,-0.000841774,0.00016068,0.000143782,0.000190553,0.000187893,0.001177573,0.000909911,0.001535072,0.001449235,0.000134758,0.000166923,0.000163966,0.00015107,,,,,Historical
1971-09-01,1.424310707,60.11922078,62.3,0.15607674,0.038015005,4.06,5.63,1.71,6.322,8.75,0.005481092,0.060383738,0.029887686,0.020902796,-0.004716981,0.034313725,0.027259854,0.055577555,0.000645379,-0.000180109,0.000184954,0.001600176,0.000183677,-1.0,-1.84e-16,0.377924508,0.27,0.69,0.9,-1.33,-0.37,-0.39,0.44,-1.49,-0.11,-0.28,-0.28,0.3,0.0,0.0,0.0,-1.5,0.02,0.21,0.27,-0.81,0.028037429,0.034350286,0.013208733,0.01887671,0.033244073,0.031334354,0.014851485,0.021391265,0.029085204,0.028045588,0.057166065,0.057045597,0.000639379,0.000475328,0.000170051,0.001447101,-0.000801722,4.66e-05,0.000174007,-0.000354116,-0.000186601,6.49e-06,0.0055113,0.005572726,0.005667476,0.002587911,0.009194406,0.009366648,0.01795468,0.164007357,0.18536329,0.094926693,0.376202153,0.379197069,0.376685441,0.001239067,0.377580438,0.00034407,0.000168195,0.000136281,0.00018895,0.00018929,0.00123288,0.00088374,0.001553706,0.001479843,0.000135505,0.00015932,0.000169608,0.000155084,,,,,Historical
1971-10-01,0.75471462,60.14402597,62.4,0.156296153,0.038522103,3.47,5.04,2.3,6.072,8.75,0.005451213,0.061750434,0.029871168,0.018889635,0.004739336,0.039215686,0.033702569,0.055321347,0.000877585,-0.000418663,0.000183363,0.001618671,0.000189276,-0.866025404,0.5,0.378330313,-0.59,-0.21,0.47,-1.54,-0.59,-1.42,-0.48,-2.04,0.59,0.32,0.21,0.72,-0.25,-0.25,-0.25,-1.75,0.0,0.09,0.35,-0.8,0.03607168,0.038106338,0.01313312,0.020225179,0.031155386,0.029722826,0.019704433,0.022565437,0.021225567,0.027989679,0.056895037,0.05677563,0.000572422,0.000459369,0.000418215,0.001681072,-0.000803487,4.78e-05,0.000206169,-0.000624832,-0.000433469,1.48e-05,0.005481092,0.005541843,0.005635537,0.002581231,0.009110639,0.009279728,0.017637995,0.153894404,0.174490099,0.131084184,0.376328751,0.378804012,0.37710212,0.001228193,0.376811136,0.001519178,0.000175664,0.000128829,0.000187351,0.000189931,0.001287851,0.00085774,0.001572301,0.001507411,0.000136247,0.000151767,0.000175237,0.000159503,,,,,Historical
1971-11-01,0.615046799,60.16883117,61.9,0.156716497,0.039058696,3.24,4.94,2.35,5.822,8.46,0.005421659,0.062400965,0.029658197,0.016888662,0.0,0.039215686,0.028893587,0.055067491,0.000625749,-0.000243422,0.000181776,0.001637127,0.000194864,-0.5,0.866025404,0.378732589,-0.23,-0.55,0.21,-1.16,-0.1,-1.06,-0.92,-1.18,0.05,0.53,-0.06,0.22,-0.25,-0.5,-0.5,-1.5,-0.29,-0.27,0.01,-1.02,0.043293183,0.042047979,0.018743058,0.021565063,0.029079579,0.027966007,0.019704433,0.023739608,0.017706477,0.027395937,0.056626567,0.056508209,0.000517204,0.000364577,0.000261172,0.001288363,-0.000662614,4.85e-05,0.000237562,-0.000480984,-0.000251814,8.39e-06,0.005451213,0.0055113,0.005603955,0.002574586,0.009028385,0.009194406,0.017332288,0.144132012,0.164007357,0.168351723,0.376552392,0.37848048,0.377515126,0.001217462,0.376048894,0.002683695,0.000183088,0.000121425,0.000185755,0.000189822,0.001342489,0.000831911,0.001590856,0.001531965,0.000136984,0.000144264,0.000180855,0.000164326,,,,,Historical
1971-12-01,0.475378979,60.19363636,61.2,0.157136841,0.039595289,3.21,5.09,2.14,5.822,8.3,0.005392423,0.063050839,0.029445655,0.014899768,0.004716981,0.049261084,0.036940871,0.054815954,0.000374426,-6.85e-05,0.000180192,0.001655544,0.00020044,-2.45e-16,1.0,0.37913138,-0.03,-0.85,-0.16,-1.23,0.15,-0.54,-0.93,-0.33,-0.21,0.43,0.15,0.04,0.0,-0.5,-0.5,-1.5,-0.16,-0.45,-0.24,-1.06,0.050482678,0.046174614,0.024338947,0.022896378,0.027016533,0.026064762,0.024630542,0.027015511,0.018952855,0.028211442,0.056360619,0.056243298,0.000473646,0.000271131,0.000103295,0.000897128,-0.000522702,4.87e-05,0.000268508,-0.000337046,-7.08e-05,2.3e-06,0.005421659,0.005481092,0.005572726,0.002567974,0.008947603,0.009110639,0.017036998,0.134702264,0.153894404,0.206781224,0.376872206,0.378225818,0.377924508,0.001206871,0.375293615,0.003837764,0.000190467,0.00011407,0.000184163,0.000188966,0.001396798,0.000806251,0.001609371,0.001553527,0.000137717,0.000136809,0.000186461,0.000169553,,,,,Historical
1972-01-01,0.335711158,60.21844156,59.7,0.157557185,0.040131882,3.36,5.46,1.97,5.822,8.24,0.0053635,0.063700055,0.029233543,0.012922843,0.004694836,0.049019608,0.028808994,0.054566704,0.000123614,0.000105991,0.000178612,0.001673921,0.000206004,0.5,0.866025404,0.379526731,0.15,-0.11,-0.32,-1.32,0.37,0.42,-1.0,0.09,-0.17,-0.33,-0.01,0.35,0.0,-0.25,-0.5,-1.0,-0.06,-0.51,-0.42,-0.9,0.057640376,0.050485653,0.02992084,0.02421914,0.024966131,0.024019952,0.024390244,0.030275396,0.026041667,0.027451866,0.056097157,0.055980861,0.000441667,0.000179003,-5.54e-05,0.000507358,-0.000383744,4.85e-05,0.000299018,-0.000193027,0.000109457,-3.47e-06,0.005392423,0.005451213,0.005541843,0.002561397,0.008868253,0.009028385,0.016751601,0.125588443,0.144132012,0.246427891,0.377287333,0.378039379,0.378330313,0.001196418,0.374545206,0.004981526,0.000197802,0.000106763,0.000182574,0.000187366,0.001450779,0.000780757,0.001627847,0.001572122,0.000138445,0.000129403,0.000192054,0.000175183,,,,,Historical
1972-02-01,1.054097188,60.24324675,59.8,0.156627731,0.040312153,3.45,5.84,1.72,5.822,8.13,0.020528268,0.06405336,0.029182738,0.012940581,0.004672897,0.048780488,0.024888993,0.05431969,0.000261037,0.000137322,6.86e-05,0.001507543,0.000233141,0.866025404,0.5,0.385735015,0.09,0.21,-0.34,-0.61,0.38,0.9,-0.16,0.3,-0.25,-0.63,-0.1,-0.08,0.0,0.0,-0.5,-1.0,-0.11,-0.33,-0.6,-0.79,0.059013722,0.054156538,0.029904244,0.025543994,0.022928257,0.022152854,0.034146341,0.033102813,0.025604552,0.026592599,0.055836147,0.055720861,0.000422477,0.00041252,-0.000151482,0.000491324,-0.000230287,4.81e-05,5.91e-05,7.82e-05,0.00014177,-4.45e-06,0.0053635,0.005421659,0.0055113,0.00569978,0.008790298,0.008947603,0.009731244,0.116774933,0.134702264,0.233231957,0.378183501,0.378146181,0.378732589,0.007002426,0.374981003,0.010754011,0.000196184,0.000114609,0.000162915,0.000176734,0.001469594,0.000838504,0.001615497,0.001575284,0.000144142,0.000130183,0.000201234,0.0001826,,,,,Historical
1972-03-01,1.772483218,60.26805195,60.0,0.155698277,0.040492424,3.57,6.29,1.73,5.822,8.17,0.020115321,0.064401123,0.029132024,0.012958281,0.004651163,0.053658537,0.038817873,0.054074902,0.000398219,0.000168597,0.00012468,0.001352387,0.000274821,1.0,6.12e-17,0.391890216,0.12,0.36,-0.49,0.41,0.45,1.2,0.66,1.1,0.01,-0.41,0.02,-0.26,0.0,0.0,-0.5,-0.5,0.04,-0.13,-0.58,-0.31,0.060383738,0.057186846,0.029887686,0.026870935,0.020902796,0.020462371,0.034313725,0.036336734,0.027259854,0.027403655,0.055577555,0.055463264,0.000416051,0.000645379,-0.00024716,0.000475328,-7.71e-05,4.76e-05,-0.000180109,0.000348706,0.000174007,-5.41e-06,0.020528268,0.005392423,0.005481092,0.005667476,0.009820023,0.008868253,0.00963746,0.116873123,0.125588443,0.220556615,0.379556612,0.378543682,0.37913138,0.012758837,0.375412873,0.016477343,0.000194569,0.000122407,0.000152869,0.00017091,0.001488369,0.000895892,0.001574199,0.001563953,0.000149826,0.000130957,0.000216424,0.000193016,,,,,Historical
1972-04-01,2.490869248,60.29285714,60.2,0.154768823,0.040672695,3.64,6.43,1.54,5.822,8.23,0.01971866,0.064743473,0.029081401,0.012975942,0.00462963,0.048309179,0.034640676,0.05383231,0.00053516,0.000199818,0.000218046,0.001369238,0.000199719,0.866025404,-0.5,0.397993014,0.07,0.28,0.17,0.64,0.14,0.97,1.39,0.91,-0.19,-0.43,-0.76,-0.55,0.0,0.0,-0.25,-0.5,0.06,-0.01,-0.52,-0.17,0.061750434,0.059576162,0.029871168,0.028199958,0.018889635,0.018947417,0.039215686,0.038720463,0.033702569,0.028521581,0.055321347,0.055208037,0.000422367,0.000877585,-0.000342424,0.000459369,7.58e-05,4.71e-05,-0.000418663,0.000618481,0.000206169,-6.35e-06,0.020115321,0.0053635,0.005451213,0.005635537,0.009724528,0.008790298,0.009545466,0.116969439,0.116774933,0.208371655,0.381402625,0.379229375,0.379526731,0.018466283,0.375840868,0.022152146,0.000192958,0.000130156,0.00015865,0.000173,0.001507104,0.000952925,0.001532627,0.001552464,0.000155498,0.000131727,0.000218165,0.000196701,,,,,Historical
1972-05-01,1.759472708,60.31766234,61.7,0.154980066,0.041104479,3.73,6.53,1.38,5.822,8.36,0.019337342,0.056068273,0.023201271,0.012993566,0.0,0.048309179,0.029892574,0.053591885,0.000380965,0.000231552,0.000359029,0.001408842,0.000317933,0.5,-0.866025404,0.404044075,0.09,0.28,0.49,0.7,0.1,0.69,1.59,0.67,-0.16,-0.34,-0.97,-1.03,0.0,0.0,0.0,-0.5,0.13,0.23,-0.1,-0.09,0.062400965,0.060640753,0.029658197,0.028571476,0.016888662,0.017606916,0.039215686,0.041104192,0.028893587,0.029537089,0.055067491,0.054955147,0.000423732,0.000625749,-0.000244784,0.000364577,1.64e-05,4.66e-05,-0.000243422,0.000474974,0.000237562,-6.01e-06,0.01971866,0.020528268,0.005421659,0.005603955,0.009630872,0.009820023,0.009455211,0.117063934,0.116873123,0.196649159,0.383717544,0.380200785,0.385735015,0.01830906,0.376265041,0.027779034,0.00019135,0.000137858,0.000188192,0.000186974,0.001525798,0.001009607,0.001494579,0.001542717,0.000161158,0.000132492,0.000238676,0.000209766,,,,,Historical
1972-06-01,1.028076168,60.34246753,63.0,0.15519131,0.041536262,3.5,6.68,1.59,5.822,8.57,0.018970492,0.047550008,0.017400032,0.013011152,0.0,0.043269231,0.03255057,0.053353598,0.000227235,0.00026319,0.000409392,0.001599129,0.000217198,1.22e-16,-1.0,0.410044053,-0.23,-0.07,0.29,0.13,0.15,0.39,1.59,0.66,0.21,-0.14,-0.55,-0.4,0.0,0.0,0.0,-0.5,0.21,0.4,0.27,0.03,0.063050839,0.060396364,0.029445655,0.027993233,0.014899768,0.016439801,0.049261084,0.042657416,0.036940871,0.030670232,0.054815954,0.054704562,0.000420074,0.000374426,-0.000147192,0.000271131,-4.39e-05,4.62e-05,-6.85e-05,0.000331728,0.000268508,-5.32e-06,0.019337342,0.020115321,0.005392423,0.005572726,0.009539004,0.009724528,0.009366648,0.117156658,0.116969439,0.18536329,0.386497428,0.381455466,0.391890216,0.018153837,0.376685441,0.033358612,0.000189746,0.000145512,0.000226392,0.000205277,0.001544452,0.00106594,0.001485177,0.001547274,0.000166806,0.000133252,0.000241469,0.000213965,,,,,Historical
1972-07-01,0.296679628,60.36727273,64.1,0.155402553,0.041968046,3.46,6.59,1.62,5.822,8.61,0.018617302,0.039184458,0.011676105,0.013028701,0.013824885,0.047619048,0.03057222,0.053117421,7.4e-05,0.000294734,0.000314259,0.001739422,0.000168127,-0.5,-0.866025404,0.415993593,-0.04,-0.18,0.1,-0.22,-0.09,0.16,1.13,0.13,0.03,0.08,-0.35,-0.36,0.0,0.0,0.0,-0.5,0.04,0.38,0.37,-0.05,0.063700055,0.058858371,0.029233543,0.026472839,0.012922843,0.015445015,0.049019608,0.044593149,0.028808994,0.031047778,0.054566704,0.05445625,0.000411321,0.000123614,-4.96e-05,0.000179003,-0.000105037,4.58e-05,0.000105991,0.000188743,0.000299018,-4.28e-06,0.018970492,0.01971866,0.0053635,0.005541843,0.009448871,0.009630872,0.009279728,0.117247662,0.117063934,0.174490099,0.389738384,0.382991006,0.397993014,0.018000579,0.37710212,0.038891473,0.000188145,0.000153119,0.000249,0.000215787,0.001563066,0.001121928,0.001496094,0.00156197,0.000172441,0.000134007,0.000235156,0.000213605,,,,,Historical
1972-08-01,0.980750501,60.39207792,64.5,0.154559663,0.042100523,3.5,6.71,1.47,5.822,8.61,0.018277023,0.044692749,0.011553666,0.013046212,0.009090909,0.047169811,0.033518262,0.052883325,0.000325832,5.83e-05,0.000365306,0.001801583,0.000300512,-0.866025404,-0.5,0.421893329,0.04,-0.23,0.05,-0.29,0.12,0.18,0.87,0.71,-0.15,0.09,-0.25,-0.35,0.0,0.0,0.0,-0.5,0.0,0.25,0.48,-0.12,0.06405336,0.057664956,0.029182738,0.024943624,0.012940581,0.014621512,0.048780488,0.045678438,0.024888993,0.031707253,0.05431969,0.054210182,0.000404097,0.000261037,6.48e-05,0.00041252,-8.67e-05,4.57e-05,0.000137322,-7.9e-05,5.91e-05,-8.35e-07,0.018617302,0.019337342,0.020528268,0.0055113,0.009360425,0.009539004,0.009194406,0.117336992,0.117156658,0.164007357,0.393436568,0.384805024,0.404044075,0.017849254,0.377515126,0.044378203,0.000186548,0.00016068,0.000298452,0.000230683,0.001581641,0.001177573,0.0015451,0.001580299,0.000178065,0.000134758,0.000246385,0.000223809,,,,,Historical
1972-09-01,1.664821375,60.41688312,62.6,0.153716772,0.042232999,3.62,6.57,1.61,5.822,8.58,0.017948961,0.050173465,0.011431512,0.013063685,0.004504505,0.056872038,0.027340609,0.052651284,0.000577089,-0.000177599,0.000357843,0.001930936,0.000226534,-1.0,-1.84e-16,0.427743883,0.12,0.12,0.05,-0.44,-0.14,-0.11,0.28,0.94,0.14,0.02,-0.12,-0.1,0.0,0.0,0.0,-0.5,-0.03,0.01,0.41,-0.17,0.064401123,0.0568141,0.029132024,0.023405609,0.012958281,0.013968252,0.053658537,0.047558298,0.038817873,0.031713983,0.054074902,0.053966326,0.000398407,0.000398219,0.00017887,0.000645379,-6.83e-05,4.59e-05,0.000168597,-0.000346196,-0.000180109,2.51e-06,0.018277023,0.018970492,0.020115321,0.005481092,0.00927362,0.009448871,0.009110639,0.117424694,0.117247662,0.153894404,0.397588183,0.386895168,0.410044053,0.01769983,0.377924508,0.049819375,0.000184954,0.000168195,0.000337312,0.000245091,0.001600176,0.00123288,0.001641525,0.001607862,0.000183677,0.000135505,0.000238337,0.000227381,,,,,Historical
1972-10-01,2.348892248,60.44168831,62.6,0.152873882,0.042365476,3.57,6.21,1.6,5.822,8.55,0.017632468,0.055626811,0.011309644,0.013081122,0.0,0.051886792,0.02120383,0.05242127,0.000827741,-0.000412911,0.000405759,0.001981979,0.000352253,-0.866025404,0.5,0.433545867,-0.05,0.11,-0.07,0.1,-0.36,-0.38,-0.22,1.17,-0.01,-0.02,0.06,-0.7,0.0,0.0,0.0,-0.25,-0.03,-0.06,0.32,-0.2,0.064743473,0.056303798,0.029081401,0.021858816,0.012975942,0.01348421,0.048309179,0.048614223,0.034640676,0.030672421,0.05383231,0.053724653,0.000394253,0.00053516,0.00029258,0.000877585,-4.98e-05,4.64e-05,0.000199818,-0.000612729,-0.000418663,5.75e-06,0.017948961,0.018617302,0.01971866,0.005451213,0.00918841,0.009360425,0.009028385,0.117510813,0.117336992,0.144132012,0.402189479,0.389259115,0.415993593,0.017552274,0.378330313,0.055215554,0.000183363,0.000175664,0.000368598,0.000263624,0.001618671,0.001287851,0.001743648,0.001638138,0.000189276,0.000136247,0.000263759,0.000240962,,,,,Historical
1972-11-01,2.42143616,60.46649351,62.1,0.151929196,0.042454268,3.68,5.77,2.05,5.822,8.5,0.017326944,0.063467723,0.011386758,0.013098521,0.0,0.051886792,0.028767123,0.052193256,0.000615093,-0.000238942,0.000335911,0.00198206,0.000330343,-0.5,0.866025404,0.439299884,0.11,0.18,-0.05,0.44,-0.44,-0.94,-0.76,0.83,0.45,0.58,0.67,-0.3,0.0,0.0,0.0,0.0,-0.05,-0.11,0.14,0.04,0.056068273,0.056392695,0.023201271,0.020336196,0.012993566,0.013168365,0.048309179,0.049670149,0.029892574,0.030661883,0.053591885,0.053485133,0.000393365,0.000380965,0.000234127,0.000625749,-1.07e-05,4.68e-05,0.000231552,-0.000470494,-0.000243422,4.48e-06,0.017632468,0.018277023,0.019337342,0.005421659,0.009104752,0.00927362,0.008947603,0.11759539,0.117424694,0.134702264,0.407236753,0.391894573,0.421893329,0.017406555,0.378732589,0.060567296,0.000181776,0.000183088,0.000364745,0.000276468,0.001637127,0.001342489,0.001839185,0.001666882,0.000194864,0.000136984,0.000265828,0.000252252,,,,,Historical
1972-12-01,2.493980072,60.4912987,61.5,0.150984511,0.042543061,3.65,6.0,1.97,5.822,8.42,0.017031827,0.071291125,0.011463748,0.013115883,0.004484305,0.051643192,0.031868882,0.051967218,0.000402823,-6.53e-05,0.000253978,0.001998455,0.00023544,-2.45e-16,1.0,0.445006527,-0.03,0.03,0.15,0.44,0.23,-0.57,-0.68,0.91,-0.08,0.36,0.38,-0.17,0.0,0.0,0.0,0.0,-0.08,-0.16,-0.15,0.12,0.047550008,0.057079385,0.017400032,0.018837704,0.013011152,0.013019707,0.043269231,0.049868658,0.03255057,0.030239217,0.053353598,0.053247739,0.000395731,0.000227235,0.000175588,0.000374426,2.84e-05,4.71e-05,0.00026319,-0.000328473,-6.85e-05,3.26e-06,0.017326944,0.017948961,0.018970492,0.005392423,0.009022604,0.00918841,0.008868253,0.117678468,0.117510813,0.125588443,0.412726349,0.394799277,0.427743883,0.017262644,0.37913138,0.065875147,0.000180192,0.000190467,0.000338843,0.000282617,0.001655544,0.001396798,0.001905739,0.001695458,0.00020044,0.000137717,0.000268868,0.000255169,,,,,Historical
1973-01-01,2.566523984,60.5161039,59.9,0.150039825,0.042631853,3.9,6.25,1.68,5.822,8.29,0.016746595,0.079097077,0.011540614,0.013133208,0.008928571,0.056074766,0.034490609,0.051743129,0.00019093,0.000108069,0.000171852,0.001876667,0.000291111,0.5,0.866025404,0.450666377,0.25,0.33,0.44,0.54,0.25,0.04,-0.34,0.79,-0.29,0.08,0.06,-0.29,0.0,0.0,0.0,0.0,-0.13,-0.26,-0.32,0.05,0.039184458,0.05836247,0.011676105,0.017363293,0.013028701,0.013037238,0.047619048,0.050456588,0.03057222,0.030712685,0.053117421,0.053012441,0.000401341,7.4e-05,0.000116964,0.000123614,6.73e-05,4.72e-05,0.000294734,-0.000186665,0.000105991,2.08e-06,0.017031827,0.017632468,0.018617302,0.0053635,0.008941924,0.009104752,0.008790298,0.117760085,0.11759539,0.116774933,0.418654653,0.397970993,0.433545867,0.01712051,0.379526731,0.071139645,0.000178612,0.000197802,0.000315108,0.000282054,0.001673921,0.001450779,0.001928613,0.001712353,0.000206004,0.000138445,0.000289366,0.000262261,,,,,Historical
1973-02-01,2.029014454,60.54090909,60.0,0.149513712,0.042791417,3.99,6.3,1.76,5.822,8.22,0.024731655,0.073614478,0.011553592,0.013118851,0.008849558,0.060465116,0.043666629,0.051520984,0.000221623,0.000249315,0.0001306,0.001777709,0.000227532,0.866025404,0.5,0.460064898,0.09,0.31,0.49,0.54,0.05,0.53,-0.41,0.46,0.08,-0.29,0.29,0.04,0.0,0.0,0.0,0.0,-0.07,-0.28,-0.39,0.09,0.044692749,0.05915923,0.011553666,0.015894197,0.013046212,0.013052094,0.047169811,0.051430307,0.033518262,0.032277488,0.052883325,0.052779215,0.000398056,0.000325832,-0.000104209,0.000261037,-3.94e-05,5.66e-05,5.83e-05,0.000191033,0.000137322,0.000111994,0.016746595,0.017326944,0.018277023,0.020528268,0.008862675,0.009022604,0.009820023,0.117840279,0.117678468,0.116873123,0.42484881,0.401516155,0.439299884,0.020765013,0.385735015,0.074329883,6.86e-05,0.000196184,0.00027599,0.000287221,0.001507543,0.001469594,0.001924634,0.001734867,0.000233141,0.000144142,0.000277202,0.000261794,,,,,Historical
1973-03-01,1.491504924,60.56571429,60.2,0.148987599,0.042950981,4.46,6.5,1.53,5.822,8.27,0.024134734,0.068221435,0.011566548,0.013104524,0.0,0.055555556,0.038383382,0.051300738,0.00025226,0.000390306,0.000132307,0.001671574,0.000236156,1.0,6.12e-17,0.469386981,0.47,0.81,0.84,0.89,0.2,0.5,-0.07,0.21,-0.23,-0.44,-0.08,-0.2,0.0,0.0,0.0,0.0,0.05,-0.15,-0.31,0.1,0.050173465,0.05947759,0.011431512,0.014430408,0.013063685,0.013064281,0.056872038,0.051588392,0.027340609,0.03224128,0.052651284,0.052548035,0.000385893,0.000577089,-0.00032483,0.000398219,-0.00014596,7.5e-05,-0.000177599,0.000567905,0.000168597,0.000221709,0.024731655,0.017031827,0.017948961,0.020115321,0.005014794,0.008941924,0.009724528,0.112521036,0.117760085,0.116969439,0.431306873,0.405431743,0.445006527,0.024380454,0.391890216,0.077496765,0.00012468,0.000194569,0.000238401,0.000287857,0.001352387,0.001488369,0.001881407,0.001761466,0.000274821,0.000149826,0.000278806,0.000258572,,,,,Historical
1973-04-01,0.953995394,60.59051948,60.4,0.148461486,0.043110545,4.9,6.67,1.15,6.322,8.35,0.023565949,0.062915771,0.011579482,0.013090229,0.013157895,0.064516129,0.049824084,0.051082368,0.000282841,0.000531043,0.000298662,0.001756161,0.000211906,0.866025404,-0.5,0.478633555,0.44,1.0,1.33,1.26,0.17,0.42,0.46,0.24,-0.38,-0.53,-0.45,-0.39,0.5,0.5,0.5,0.5,0.08,0.06,-0.2,0.12,0.055626811,0.059325281,0.011309644,0.012971914,0.013081122,0.013073805,0.051886792,0.052938971,0.02120383,0.033506564,0.05242127,0.052318873,0.000364866,0.000827741,-0.000544899,0.00053516,-0.000252319,0.000102646,-0.000412911,0.000943954,0.000199818,0.000331225,0.024134734,0.016746595,0.017632468,0.01971866,0.004989772,0.008862675,0.009630872,0.107304251,0.117840279,0.117063934,0.438026918,0.409714771,0.450666377,0.027967178,0.397993014,0.080640541,0.000218046,0.000192958,0.000220551,0.000294575,0.001369238,0.001507104,0.001843771,0.00179371,0.000199719,0.000155498,0.000255415,0.000259587,,,,,Historical
1973-05-01,0.790993402,60.61532468,62.0,0.148097126,0.043252765,5.18,7.4,0.57,6.822,8.5,0.023023357,0.063511513,0.011820561,0.013075965,0.004329004,0.069124424,0.048866213,0.050865848,0.000244708,0.00045921,0.000268838,0.001639951,0.00037984,0.5,-0.866025404,0.487805535,0.28,1.19,1.5,1.45,0.73,1.1,1.63,0.87,-0.58,-1.19,-1.48,-0.81,0.5,1.0,1.0,1.0,0.15,0.28,0.0,0.14,0.063467723,0.059945551,0.011386758,0.012023522,0.013098521,0.013080671,0.051886792,0.054673575,0.028767123,0.035087701,0.052193256,0.052091703,0.000353512,0.000615093,-0.000370385,0.000380965,-0.000136258,0.000121618,-0.000238942,0.000698152,0.000231552,0.000227658,0.023565949,0.024731655,0.017326944,0.019337342,0.004964998,0.005014794,0.009539004,0.102186991,0.112521036,0.117156658,0.44500704,0.414362292,0.460064898,0.027740637,0.404044075,0.08376146,0.000359029,0.00019135,0.000209373,0.000287059,0.001408842,0.001525798,0.001786753,0.001812969,0.000317933,0.000161158,0.000263664,0.000264746,,,,,Historical
1973-06-01,0.627991409,60.64012987,63.2,0.147732767,0.043394985,5.48,7.19,0.8,7.572,8.72,0.02250519,0.064106078,0.012061137,0.013061732,0.00862069,0.078341014,0.049313218,0.050651157,0.000206702,0.000387617,0.000264129,0.001574091,0.000324175,1.22e-16,-1.0,0.496903819,0.3,1.02,1.83,1.98,-0.21,0.69,1.19,0.51,0.23,-0.73,-1.17,-0.79,0.75,1.75,1.75,1.75,0.22,0.45,0.3,0.15,0.071291125,0.061325223,0.011463748,0.011578614,0.013115883,0.013084886,0.051643192,0.057596223,0.031868882,0.036484588,0.051967218,0.0518665,0.000351801,0.000402823,-0.000196121,0.000227235,-2.05e-05,0.000131987,-6.53e-05,0.0004529,0.00026319,0.000124427,0.023023357,0.024134734,0.017031827,0.018970492,0.004940468,0.004989772,0.009448871,0.097166436,0.107304251,0.117247662,0.452245354,0.419371391,0.469386981,0.027516838,0.410044053,0.086859766,0.000409392,0.000189746,0.000211065,0.000274954,0.001599129,0.001544452,0.001716025,0.001810882,0.000217198,0.000166806,0.000278453,0.000273661,,,,,Historical
1973-07-01,0.464989417,60.66493506,64.4,0.147368407,0.043537205,5.74,7.39,0.64,7.572,8.91,0.022009834,0.064699471,0.012301211,0.01304753,0.012820513,0.077272727,0.032351953,0.05043827,0.000168822,0.000316263,0.000325667,0.001629807,0.000268261,-0.5,-0.866025404,0.505929291,0.26,0.84,1.84,2.28,0.2,0.72,1.14,0.8,-0.16,-0.51,-1.04,-0.98,0.0,1.25,1.75,1.75,0.19,0.56,0.62,0.3,0.079097077,0.063451475,0.011540614,0.011630706,0.013133208,0.013086455,0.056074766,0.060067363,0.034490609,0.0366329,0.051743129,0.051643237,0.000359705,0.00019093,-2.21e-05,7.4e-05,9.49e-05,0.000133781,0.000108069,0.000208194,0.000294734,2.15e-05,0.02250519,0.023565949,0.016746595,0.018617302,0.00491618,0.004964998,0.009360425,0.092239871,0.102186991,0.117336992,0.459739995,0.42473919,0.478633555,0.027295736,0.415993593,0.089935698,0.000314259,0.000188145,0.0002367,0.000275904,0.001739422,0.001563066,0.001674882,0.001801748,0.000168127,0.000172441,0.000274645,0.000282005,,,,,Historical
1973-08-01,0.924809167,60.68974026,64.7,0.146551257,0.043538557,6.18,7.54,0.55,8.072,9.11,0.021535815,0.06292311,0.012416062,0.013033359,0.012658228,0.081081081,0.036904496,0.050227166,0.00055845,6.25e-05,0.000360239,0.001666289,0.000321642,-0.866025404,-0.5,0.514882823,0.44,1.0,2.19,2.68,0.15,0.14,1.24,0.83,-0.09,-0.02,-1.21,-0.92,0.5,1.25,2.25,2.25,0.2,0.61,0.89,0.5,0.073614478,0.064970671,0.011553592,0.011702573,0.013118851,0.013085384,0.060465116,0.062893302,0.043666629,0.036915086,0.051520984,0.051421891,0.00037909,0.000221623,0.000336828,0.000325832,0.000232618,0.000134136,0.000249315,-0.00018678,5.83e-05,4.25e-06,0.022009834,0.023023357,0.024731655,0.018277023,0.004892129,0.004940468,0.00927362,0.087404679,0.097166436,0.117424694,0.46748912,0.430462844,0.487805535,0.027077288,0.421893329,0.092989494,0.000365306,0.000186548,0.000274974,0.000275482,0.001801583,0.001581641,0.001656312,0.001790473,0.000300512,0.000178065,0.00029033,0.000283766,,,,,Historical
1973-09-01,1.384628918,60.71454545,62.8,0.145734108,0.04353991,6.5,7.25,0.78,8.822,9.33,0.021081785,0.061174136,0.012530672,0.013019219,0.004166667,0.080717489,0.038801297,0.050017821,0.000947066,-0.000190533,0.000274663,0.001685802,0.000253366,-1.0,-1.84e-16,0.523765271,0.32,1.02,2.04,2.88,-0.29,0.06,0.75,0.68,0.23,-0.02,-0.75,-0.83,0.75,1.25,3.0,3.0,0.22,0.61,1.06,0.75,0.068221435,0.065887394,0.011566548,0.011794169,0.013104524,0.013081679,0.055555556,0.064880423,0.038383382,0.037870143,0.051300738,0.051202435,0.000409922,0.00025226,0.000694806,0.000577089,0.000369976,0.000133058,0.000390306,-0.000580839,-0.000177599,-1.29e-05,0.021535815,0.02250519,0.024134734,0.017948961,0.004868313,0.00491618,0.00918841,0.082658343,0.092239871,0.117510813,0.475490902,0.436539542,0.496903819,0.026861452,0.427743883,0.096021388,0.000357843,0.000184954,0.0002987,0.00026855,0.001930936,0.001600176,0.001658683,0.001770045,0.000226534,0.000183677,0.000293198,0.000286002,,,,,Historical
1973-10-01,1.844448668,60.73935065,62.8,0.144916958,0.043541262,6.53,7.09,0.99,8.822,9.33,0.020646504,0.059451922,0.012645042,0.013005109,0.004149378,0.085201794,0.046662201,0.049810214,0.001334672,-0.000442945,0.000287575,0.001685465,0.00028354,-0.866025404,0.5,0.532577478,0.03,0.79,1.63,2.96,-0.16,-0.3,0.42,0.88,0.21,0.35,-0.16,-0.61,0.0,1.25,2.5,3.0,0.0,0.42,0.98,0.78,0.062915771,0.066206153,0.011579482,0.011905452,0.013090229,0.013075344,0.064516129,0.067656673,0.049824084,0.039991674,0.051082368,0.050984847,0.000452166,0.000282841,0.001051831,0.000827741,0.000506932,0.000130555,0.000531043,-0.000973988,-0.000412911,-3e-05,0.021081785,0.022009834,0.023565949,0.017632468,0.004844727,0.004892129,0.009104752,0.077998435,0.087404679,0.11759539,0.483743537,0.442966508,0.505929291,0.026648187,0.433545867,0.099031611,0.000405759,0.000183363,0.000296852,0.000258702,0.001981979,0.001618671,0.001646901,0.001745336,0.000352253,0.000189276,0.000305137,0.000280276,,,,,Historical
1973-11-01,1.495781808,60.76415584,62.3,0.144603318,0.043670554,6.43,6.98,1.07,8.822,9.28,0.020228835,0.053260915,0.012936332,0.01299103,0.008264463,0.094170404,0.044052375,0.049604324,0.001110877,-0.00025622,0.000246962,0.001676336,0.000253924,-0.5,0.866025404,0.541320275,-0.1,0.25,1.25,2.75,-0.11,-0.56,-0.42,1.21,0.08,0.52,0.5,-0.98,0.0,0.75,2.0,3.0,-0.05,0.17,0.78,0.78,0.063511513,0.065355586,0.011820561,0.012034583,0.013075965,0.013066387,0.069124424,0.071180308,0.048866213,0.041265445,0.050865848,0.050769103,0.000493481,0.000244708,0.00086617,0.000615093,0.000495785,0.000129115,0.00045921,-0.000715431,-0.000238942,-1.73e-05,0.020646504,0.021535815,0.023023357,0.017326944,0.004821369,0.004868313,0.009022604,0.073422616,0.082658343,0.117678468,0.492245236,0.449740995,0.514882823,0.026437451,0.439299884,0.10202039,0.000335911,0.000181776,0.000293206,0.000251289,0.00198206,0.001637127,0.001652965,0.001719859,0.000330343,0.000194864,0.000284151,0.000273908,,,,,Historical
1973-12-01,1.147114948,60.78896104,61.7,0.144289678,0.043799846,6.35,7.25,0.78,9.322,9.22,0.019827729,0.047174055,0.01322711,0.012976981,0.004098361,0.09375,0.041694242,0.049400128,0.000887682,-7e-05,0.000196919,0.00159695,0.000274516,-2.45e-16,1.0,0.549994477,-0.08,-0.15,0.87,2.7,0.27,0.0,0.06,1.25,-0.29,0.0,-0.02,-1.19,0.5,0.5,1.75,3.5,-0.06,-0.11,0.5,0.8,0.064106078,0.06334583,0.012061137,0.01218153,0.013061732,0.013054812,0.078341014,0.074689208,0.049313218,0.042084225,0.050651157,0.050555179,0.000533886,0.000206702,0.000680981,0.000402823,0.000484859,0.000128722,0.000387617,-0.000457614,-6.53e-05,-4.71e-06,0.020228835,0.021081785,0.02250519,0.017031827,0.004798235,0.004844727,0.008941924,0.068928631,0.077998435,0.117760085,0.500994232,0.45686029,0.523765271,0.026229206,0.445006527,0.10498795,0.000253978,0.000180192,0.000282004,0.000246534,0.001998455,0.001655544,0.001656775,0.0016864,0.00023544,0.00020044,0.000275875,0.000277164,,,,,Historical
1974-01-01,0.798448088,60.81376623,60.2,0.143976038,0.043929138,6.22,6.99,1.0,9.322,9.22,0.019442222,0.041188737,0.013517376,0.012962963,0.008163265,0.092920354,0.045774648,0.049197607,0.000665085,0.000115728,0.000186837,0.001535283,0.000266179,0.5,0.866025404,0.558600889,-0.13,-0.31,0.48,2.32,-0.26,-0.1,-0.4,0.74,0.22,0.01,0.36,-0.68,0.0,0.5,1.75,3.5,0.0,-0.11,0.31,0.93,0.064699471,0.060186802,0.012301211,0.01234626,0.01304753,0.013040624,0.077272727,0.077759674,0.032351953,0.043024561,0.05043827,0.050343052,0.000573399,0.000168822,0.000496263,0.00019093,0.000474155,0.00012936,0.000316263,-0.000200536,0.000108069,7.66e-06,0.019827729,0.020646504,0.022009834,0.016746595,0.004775322,0.004821369,0.008862675,0.064514303,0.073422616,0.117840279,0.509988774,0.464321714,0.532577478,0.026023411,0.450666377,0.107934512,0.000171852,0.000178612,0.000258866,0.000247783,0.001876667,0.001673921,0.001641021,0.001657951,0.000291111,0.000206004,0.000275528,0.000275086,,,,,Historical
1974-02-01,0.541940625,60.83857143,60.2,0.144009716,0.044093424,6.07,6.76,1.16,9.322,9.21,0.007507195,0.03798834,0.013741218,0.012948975,0.008097166,0.092105263,0.040528731,0.046449541,0.000733159,3.17e-05,0.000108842,0.001449277,0.0001965,0.866025404,0.5,0.56198416,-0.15,-0.36,-0.11,2.08,-0.23,-0.22,-0.78,0.46,0.16,0.09,0.61,-0.6,0.0,0.5,1.25,3.5,-0.01,-0.07,0.1,0.99,0.06292311,0.057217957,0.012416062,0.012528562,0.013033359,0.013026468,0.081081081,0.080396353,0.036904496,0.04276307,0.050227166,0.049920432,0.000616027,0.00055845,0.000174709,0.000221623,0.000511536,0.000111229,6.25e-05,-3.08e-05,0.000249315,-0.00021758,0.019442222,0.020228835,0.021535815,0.024731655,0.004752627,0.004798235,0.005014794,0.060177533,0.068928631,0.112521036,0.518482046,0.471665428,0.541320275,0.020663886,0.460064898,0.101919263,0.0001306,6.86e-05,0.000216966,0.00024597,0.001777709,0.001507543,0.001604852,0.001630582,0.000227532,0.000233141,0.000254671,0.0002725,,,,,Historical
1974-03-01,0.285433163,60.86337662,60.5,0.144043393,0.04425771,6.51,7.57,0.64,9.322,9.24,0.007451256,0.034808169,0.013964674,0.012935017,0.012048193,0.105263158,0.036203523,0.043723824,0.00080105,-5.2e-05,0.0001744,0.001429492,0.000191548,1.0,6.12e-17,0.565357514,0.44,0.16,0.01,2.05,0.81,0.32,0.32,1.07,-0.52,-0.14,-0.14,-0.89,0.0,0.0,0.5,3.5,0.03,0.02,-0.09,0.97,0.061174136,0.054433518,0.012530672,0.012728406,0.013019219,0.013012343,0.080717489,0.084538653,0.038801297,0.042581415,0.050017821,0.049289022,0.00066176,0.000947066,-0.000146015,0.00025226,0.000548791,7.44e-05,-0.000190533,0.000138501,0.000390306,-0.000442338,0.007507195,0.019827729,0.021081785,0.024134734,0.022625784,0.004775322,0.004989772,0.078755146,0.064514303,0.107304251,0.526479591,0.478893232,0.549994477,0.015363038,0.469386981,0.095970534,0.000132307,0.00012468,0.000200256,0.000249478,0.001671574,0.001352387,0.001562134,0.001610409,0.000236156,0.000274821,0.000244368,0.000268783,,,,,Historical
1974-04-01,0.0289257,60.88818182,60.6,0.144077071,0.044421996,7.64,8.56,-0.02,10.322,9.9,0.007396145,0.031648033,0.014187746,0.012921089,0.007936508,0.0995671,0.036972973,0.041020185,0.000868761,-0.000135576,0.000263508,0.001509977,0.000181503,0.866025404,-0.5,0.568720996,1.13,1.42,1.11,2.74,0.99,1.57,1.47,1.89,-0.66,-1.02,-1.01,-1.17,1.0,1.0,1.5,4.0,0.66,0.68,0.57,1.55,0.059451922,0.051827873,0.012645042,0.012945762,0.013005109,0.012998247,0.085201794,0.087459567,0.046662201,0.041510489,0.049810214,0.048450507,0.000710586,0.001334672,-0.000465912,0.000282841,0.000585919,1.88e-05,-0.000442945,0.000307369,0.000531043,-0.000666619,0.007451256,0.019442222,0.020646504,0.023565949,0.022125185,0.004752627,0.004964998,0.097148283,0.060177533,0.102186991,0.533986877,0.486006898,0.558600889,0.010120106,0.478633555,0.09008744,0.000298662,0.000218046,0.000196245,0.000246548,0.001756161,0.001369238,0.001532886,0.001589893,0.000211906,0.000199719,0.000227362,0.000266249,,,,,Historical
1974-05-01,0.192200283,60.91298701,62.2,0.144206566,0.044500583,8.63,8.74,-0.02,10.822,10.46,0.007341844,0.031832619,0.014144425,0.012907191,0.019685039,0.11637931,0.034915144,0.038338357,0.000683262,1.14e-05,0.000265413,0.001477427,0.000296359,0.5,-0.866025404,0.572074647,0.99,2.56,2.2,3.45,0.18,1.98,1.76,1.34,0.0,-1.18,-1.09,-0.59,0.5,1.5,2.0,4.0,0.56,1.25,1.18,1.96,0.053260915,0.049187965,0.012936332,0.013139417,0.01299103,0.012984183,0.094170404,0.091397474,0.044052375,0.0403479,0.049604324,0.047406549,0.000747132,0.001110877,-0.000427616,0.000244708,0.000438554,-1.85e-05,-0.00025622,0.000267585,0.00045921,-0.000447845,0.007396145,0.007507195,0.020228835,0.023023357,0.021646257,0.022625784,0.004940468,0.115359679,0.078755146,0.097166436,0.541009303,0.493008172,0.56198416,0.010090487,0.487805535,0.084269112,0.000268838,0.000359029,0.00019932,0.000246263,0.001639951,0.001408842,0.001499734,0.00157635,0.00037984,0.000317933,0.000234434,0.000259293,,,,,Historical
1974-06-01,0.355474866,60.93779221,63.4,0.144336062,0.044579171,8.75,9.24,0.17,10.822,10.57,0.007288334,0.032016633,0.014101215,0.012893323,0.007722008,0.115384615,0.026287554,0.035678078,0.000498242,0.000157926,0.000275678,0.001565692,0.000184755,1.22e-16,-1.0,0.575418511,0.12,2.24,2.4,3.27,0.5,1.67,1.99,2.05,0.19,-0.47,-0.61,-0.63,0.0,1.5,1.5,3.25,0.11,1.33,1.35,1.85,0.047174055,0.046513845,0.01322711,0.013309423,0.012976981,0.012970149,0.09375,0.094484441,0.041694242,0.038429095,0.049400128,0.046158793,0.000771427,0.000887682,-0.000389441,0.000206702,0.00029154,-3.76e-05,-7e-05,0.000227923,0.000387617,-0.000229691,0.007341844,0.007451256,0.019827729,0.02250519,0.021187624,0.022125185,0.00491618,0.133392014,0.097148283,0.092239871,0.547552194,0.499898774,0.565357514,0.010060997,0.496903819,0.078514693,0.000264129,0.000409392,0.000212446,0.000247225,0.001574091,0.001599129,0.001494525,0.00157565,0.000324175,0.000217198,0.000219474,0.000247674,,,,,Historical
1974-07-01,0.518749449,60.9625974,64.6,0.144465557,0.044657758,9.1,9.27,0.45,11.322,10.8,0.007235598,0.032200081,0.014058116,0.012879485,0.007662835,0.109704641,0.044675775,0.033039088,0.000313698,0.00030411,0.000172934,0.00150445,0.000232516,-0.5,-0.866025404,0.578752632,0.35,1.46,2.88,3.36,0.03,0.71,2.28,1.88,0.28,0.47,-0.55,-0.19,0.5,1.0,2.0,3.75,0.23,0.9,1.58,1.89,0.041188737,0.043805562,0.013517376,0.013455832,0.012962963,0.012956145,0.092920354,0.097187101,0.045774648,0.03945608,0.049197607,0.044708861,0.0007835,0.000665085,-0.000351387,0.000168822,0.000144876,-3.87e-05,0.000115728,0.000188382,0.000316263,-1.22e-05,0.007288334,0.007396145,0.019442222,0.022009834,0.020748023,0.021646257,0.004892129,0.151247916,0.115359679,0.087404679,0.553620806,0.506680401,0.568720996,0.010031636,0.505929291,0.07282334,0.000325667,0.000314259,0.000210129,0.000234497,0.001629807,0.001739422,0.001489386,0.001565203,0.000268261,0.000168127,0.000213864,0.000244696,,,,,Historical
1974-08-01,0.513966532,60.9874026,64.9,0.14475258,0.044779552,9.11,9.38,0.54,11.322,11.05,0.00718362,0.027617596,0.014350557,0.012865676,0.011406844,0.108333333,0.046484038,0.030421133,0.000462513,6.01e-05,0.00028199,0.001593588,0.00019126,-0.866025404,-0.5,0.582077051,0.01,0.48,3.04,2.93,0.11,0.64,2.62,1.84,0.09,0.56,-0.62,-0.01,0.0,0.5,2.0,3.25,0.25,0.59,1.84,1.94,0.03798834,0.040863436,0.013741218,0.01361704,0.012948975,0.012942172,0.092105263,0.099458122,0.040528731,0.040254375,0.046449541,0.043058358,0.000775506,0.000733159,-0.000270646,0.00055845,-9.59e-05,-3.89e-05,3.17e-05,2.84e-05,6.25e-05,-2.41e-06,0.007235598,0.007341844,0.007507195,0.021535815,0.020326293,0.021187624,0.004868313,0.168929962,0.133392014,0.082658343,0.559220325,0.513354723,0.572074647,0.010002404,0.514882823,0.067194227,0.000360239,0.000365306,0.000238987,0.000227977,0.001666289,0.001801583,0.001513438,0.001559145,0.000321642,0.000300512,0.00021299,0.00023383,,,,,Historical
1974-09-01,0.509183614,61.01220779,63.0,0.145039604,0.044901347,8.94,8.89,0.8,11.322,11.25,0.007132384,0.023090774,0.01464232,0.012851897,0.007518797,0.112033195,0.043810549,0.027823962,0.000610896,-0.000183151,0.00021426,0.001580665,0.000225498,-1.0,-1.84e-16,0.58539181,-0.17,0.19,2.43,2.44,-0.49,-0.35,1.32,1.64,0.26,0.63,0.16,0.02,0.0,0.5,2.0,2.5,0.2,0.68,2.01,1.92,0.034808169,0.037689823,0.013964674,0.013793011,0.012935017,0.012928228,0.105263158,0.102067764,0.036203523,0.040671813,0.043723824,0.04120887,0.000747492,0.00080105,-0.000190154,0.000947066,-0.00033617,-3.82e-05,-5.2e-05,-0.000131119,-0.000190533,7.38e-06,0.00718362,0.007288334,0.007451256,0.021081785,0.019921365,0.020748023,0.004844727,0.186440678,0.151247916,0.077998435,0.56435587,0.519923386,0.575418511,0.009973299,0.523765271,0.061626539,0.000274663,0.000357843,0.00024563,0.000222943,0.001685802,0.001930936,0.001538633,0.001550384,0.000253366,0.000226534,0.000218649,0.000231508,,,,,Historical
1974-10-01,0.504400697,61.03701299,63.1,0.145326627,0.045023141,8.31,7.8,1.73,11.322,11.25,0.007081873,0.018618608,0.014933405,0.012838148,0.01119403,0.119834711,0.037755973,0.02524733,0.000758849,-0.000425722,0.000123495,0.001500045,0.000202082,-0.866025404,0.5,0.588696953,-0.63,-0.79,0.67,1.78,-1.09,-1.47,-0.76,0.71,0.93,1.28,1.75,0.74,0.0,0.0,1.0,2.5,0.0,0.45,1.35,1.92,0.031648033,0.034287047,0.014187746,0.013983708,0.012921089,0.012914315,0.0995671,0.10495384,0.036972973,0.039929627,0.041020185,0.039161963,0.000699506,0.000868761,-0.000109912,0.001334672,-0.000575824,-3.68e-05,-0.000135576,-0.000290147,-0.000442945,1.72e-05,0.007132384,0.007235598,0.007396145,0.020646504,0.019532256,0.020326293,0.004821369,0.203782543,0.168929962,0.073422616,0.569032493,0.526388015,0.578752632,0.009944321,0.532577478,0.056119474,0.000287575,0.000405759,0.000222295,0.00020927,0.001685465,0.001981979,0.001536978,0.001534932,0.00028354,0.000352253,0.000222078,0.00022472,,,,,Historical
1974-11-01,0.342664306,61.06181818,62.6,0.146345831,0.045386023,7.49,7.32,1.89,10.822,11.2,0.007032072,0.015979747,0.014806798,0.012824427,0.007380074,0.118852459,0.038473802,0.022690992,0.000600974,-0.000246399,8.68e-05,0.001334579,0.000249623,-0.5,0.866025404,0.59199252,-0.82,-1.62,-1.14,1.06,-0.48,-2.06,-1.42,0.34,0.16,1.35,1.91,0.82,-0.5,-0.5,0.0,2.0,-0.05,0.15,0.74,1.92,0.031832619,0.031180283,0.014144425,0.01413958,0.012907191,0.012900431,0.11637931,0.107010678,0.034915144,0.039464746,0.038338357,0.036919185,0.000657014,0.000683262,-8.23e-05,0.001110877,-0.000509903,-3.6e-05,1.14e-05,-0.000257764,-0.00025622,9.82e-06,0.007081873,0.00718362,0.007341844,0.020228835,0.019158056,0.019921365,0.004798235,0.220957987,0.186440678,0.068928631,0.57325518,0.532750208,0.582077051,0.009915469,0.541320275,0.050672245,0.000246962,0.000335911,0.00019253,0.000195925,0.001676336,0.00198206,0.00151317,0.001506452,0.000253924,0.000330343,0.000214289,0.000224362,,,,,Historical
1974-12-01,0.180927915,61.08662338,61.9,0.147365035,0.045748904,7.12,6.96,2.11,10.822,11.08,0.006982967,0.013354858,0.014680486,0.012810737,0.010989011,0.126530612,0.041931385,0.020154712,0.000443355,-6.74e-05,6.79e-05,0.001248969,0.000152146,-2.45e-16,1.0,0.595278553,-0.37,-1.82,-1.63,0.77,-0.36,-1.93,-2.28,-0.29,0.22,1.31,1.94,1.33,0.0,-0.5,0.0,1.5,-0.12,-0.17,0.51,1.86,0.032016633,0.028362016,0.014101215,0.014260695,0.012893323,0.012886577,0.115384615,0.109742396,0.026287554,0.039484508,0.035678078,0.034482067,0.000619987,0.000498242,-5.49e-05,0.000887682,-0.000444327,-3.58e-05,0.000157926,-0.000225292,-7e-05,2.63e-06,0.007032072,0.007132384,0.007288334,0.019827729,0.018797924,0.019532256,0.004775322,0.237969395,0.203782543,0.064514303,0.577028853,0.539011542,0.58539181,0.009886743,0.549994477,0.045284076,0.000196919,0.000253978,0.000157908,0.000185177,0.00159695,0.001998455,0.001460383,0.001477454,0.000274516,0.00023544,0.000208854,0.000214164,,,,,Historical
1975-01-01,0.019191524,61.11142857,60.4,0.148384239,0.046111786,6.4,6.4,2.14,10.322,11.01,0.006934543,0.010743831,0.014554469,0.012797075,0.0,0.117408907,0.03219697,0.017638252,0.000285991,0.000111378,9.93e-05,0.001199639,0.000146209,0.5,0.866025404,0.598555094,-0.72,-1.91,-2.7,0.18,-0.56,-1.4,-2.87,-0.59,0.03,0.41,1.69,1.14,-0.5,-1.0,-1.0,1.0,-0.07,-0.24,0.21,1.79,0.032200081,0.025824941,0.014058116,0.014347119,0.012879485,0.012872753,0.109704641,0.111783109,0.044675775,0.038353035,0.033039088,0.031852121,0.000588396,0.000313698,-2.77e-05,0.000665085,-0.000379094,-3.61e-05,0.00030411,-0.000192732,0.000115728,-4.35e-06,0.006982967,0.007081873,0.007235598,0.019442222,0.018451082,0.019158056,0.004752627,0.254819105,0.220957987,0.060177533,0.58035837,0.545173572,0.588696953,0.009858141,0.558600889,0.039954204,0.000186837,0.000171852,0.000145632,0.00017788,0.001535283,0.001876667,0.001409581,0.001449483,0.000266179,0.000291111,0.00019447,0.000204167,,,,,Historical
1975-02-01,0.081568953,61.13623377,60.5,0.149010119,0.046712233,6.26,6.38,1.95,9.322,10.15,0.005495947,0.011341454,0.014480829,0.012844316,0.010869565,0.120481928,0.031391076,0.021338061,0.000207056,0.000245275,4.69e-05,0.001120774,0.00012441,0.866025404,0.5,0.598793415,-0.14,-1.23,-2.85,0.19,-0.02,-0.94,-3.0,-0.38,-0.19,0.06,1.41,0.79,-1.0,-1.5,-2.0,0.0,-0.86,-1.05,-0.9,0.94,0.027617596,0.023604367,0.014350557,0.014408753,0.012865676,0.012864032,0.108333333,0.114147831,0.046484038,0.037591563,0.030421133,0.029759498,0.000544554,0.000462513,-0.000255457,0.000733159,-0.000526102,-1.83e-05,6.01e-05,0.00018515,3.17e-05,0.000213539,0.006934543,0.007032072,0.00718362,0.007507195,0.018116808,0.018797924,0.022625784,0.271509412,0.237969395,0.078755146,0.583425808,0.550953927,0.59199252,0.006800896,0.56198416,0.036809255,0.000108842,0.0001306,0.000106446,0.000172717,0.001449277,0.001777709,0.001330778,0.001422108,0.0001965,0.000227532,0.000183328,0.000198159,,,,,Historical
1975-03-01,0.143946382,61.16103896,60.7,0.149635998,0.047312681,6.33,6.8,1.91,8.822,9.85,0.005465906,0.011938961,0.014407348,0.012891456,0.003584229,0.111111111,0.029063057,0.025027025,0.000128277,0.000378909,0.000135078,0.001087831,0.000166777,1.0,6.12e-17,0.599029326,0.07,-0.79,-2.61,-0.18,0.42,-0.16,-2.09,-0.77,-0.04,-0.2,1.11,1.27,-0.5,-2.0,-2.5,-0.5,-0.3,-1.23,-1.4,0.61,0.023090774,0.0216986,0.01464232,0.014445643,0.012851897,0.012860402,0.112033195,0.11463516,0.043810549,0.036996525,0.027823962,0.028201431,0.000488489,0.000610896,-0.00048262,0.00080105,-0.000672774,1.76e-05,-0.000183151,0.000562061,-5.2e-05,0.000430941,0.005495947,0.006982967,0.007132384,0.007451256,-0.011334393,0.018451082,0.022125185,0.229284107,0.254819105,0.097148283,0.586231792,0.556355691,0.595278553,0.003750773,0.565357514,0.033671812,0.0001744,0.000132307,9.32e-05,0.00016944,0.001429492,0.001671574,0.00124864,0.001393636,0.000191548,0.000236156,0.000173541,0.000196095,,,,,Historical
1975-04-01,0.206323811,61.18584416,60.9,0.150261878,0.047913128,6.85,7.55,1.81,8.822,9.87,0.005436193,0.012536353,0.014334026,0.012938497,0.007142857,0.11023622,0.027001668,0.028705193,4.97e-05,0.000512282,0.000152559,0.00113124,0.000107943,0.866025404,-0.5,0.599262862,0.52,0.45,-1.46,-0.79,0.75,1.15,-0.25,-1.01,-0.1,-0.33,0.08,1.83,0.0,-1.5,-2.5,-1.5,0.02,-1.14,-1.38,-0.03,0.018618608,0.02010596,0.014933405,0.014457833,0.012838148,0.012861852,0.119834711,0.115524254,0.037755973,0.036165583,0.02524733,0.027175182,0.00042023,0.000758849,-0.000709198,0.000868761,-0.00081911,7.16e-05,-0.000425722,0.000938004,-0.000135576,0.000647857,0.005465906,0.006934543,0.007081873,0.007396145,-0.011464334,0.018116808,0.021646257,0.188886843,0.271509412,0.115359679,0.588776948,0.561381913,0.598555094,0.000707768,0.568720996,0.030541866,0.000263508,0.000298662,9.81e-05,0.000160194,0.001509977,0.001756161,0.001187172,0.001362075,0.000181503,0.000211906,0.000157851,0.000189965,,,,,Historical
1975-05-01,0.777060054,61.21064935,62.4,0.149157723,0.048632582,6.87,7.31,1.62,8.822,10.19,0.0054068,0.017252636,0.014456743,0.012985437,0.010638298,0.1003861,0.039273031,0.032372611,9.73e-05,0.000449519,0.000310171,0.001260812,0.000177908,0.5,-0.866025404,0.599494058,0.02,0.61,-0.62,-1.76,-0.24,0.93,-0.01,-1.43,-0.19,-0.33,-0.27,1.64,0.0,-0.5,-2.0,-2.0,0.32,0.04,-1.01,-0.27,0.015979747,0.018890961,0.014806798,0.014483859,0.012824427,0.012868373,0.118852459,0.114191486,0.038473802,0.03652874,0.022690992,0.026678036,0.000371402,0.000600974,-0.000503648,0.000683262,-0.000585936,0.000108074,-0.000246399,0.000695918,1.14e-05,0.000438155,0.005436193,0.005495947,0.007032072,0.007341844,-0.011597289,-0.011334393,0.021187624,0.150201422,0.229284107,0.133392014,0.591061899,0.566035601,0.598793415,0.000700642,0.572074647,0.027419411,0.000265413,0.000268838,0.000135318,0.000163924,0.001477427,0.001639951,0.001174878,0.001344024,0.000296359,0.00037984,0.000145899,0.000180094,,,,,Historical
1975-06-01,1.347796298,61.23545455,63.7,0.148053569,0.049352035,6.99,7.53,1.53,8.822,10.43,0.005377724,0.021952664,0.014579156,0.013032278,0.010526316,0.103448276,0.04673288,0.036029327,0.000144867,0.000386935,0.000352909,0.001411638,0.000200688,1.22e-16,-1.0,0.59972295,0.12,0.66,-0.13,-1.76,0.22,0.73,0.57,-1.71,-0.09,-0.38,-0.58,1.36,0.0,0.0,-2.0,-2.0,0.24,0.58,-0.65,-0.14,0.013354858,0.018052297,0.014680486,0.014523688,0.012810737,0.012879952,0.126530612,0.113196791,0.041931385,0.038232517,0.020154712,0.026707307,0.000341954,0.000443355,-0.000298489,0.000498242,-0.000353375,0.000127158,-6.74e-05,0.0004543,0.000157926,0.000229009,0.0054068,0.005465906,0.006982967,0.007288334,-0.011733365,-0.011464334,0.020748023,0.113121293,0.188886843,0.151247916,0.593087269,0.570319731,0.599029326,0.000693624,0.575418511,0.024304438,0.000275678,0.000264129,0.000182813,0.00017036,0.001565692,0.001574091,0.001201989,0.001331186,0.000184755,0.000324175,0.000153989,0.000181422,,,,,Historical
1975-07-01,1.918532541,61.26025974,64.8,0.146949414,0.050071489,7.44,8.1,1.44,8.822,10.55,0.005348958,0.026636521,0.014701265,0.013079019,0.013888889,0.11026616,0.036225867,0.039675386,0.000192272,0.000324527,0.000266451,0.001496145,0.000180384,-0.5,-0.866025404,0.599949571,0.45,0.59,1.04,-1.66,0.57,0.55,1.7,-1.17,-0.09,-0.37,-0.7,0.99,0.0,0.0,-1.5,-2.5,0.12,0.68,-0.46,-0.25,0.010743831,0.017588667,0.014554469,0.014577283,0.012797075,0.01289658,0.117408907,0.113243584,0.03219697,0.037528358,0.017638252,0.027260332,0.000331836,0.000285991,-9.37e-05,0.000313698,-0.000121426,0.000128859,0.000111378,0.000213149,0.00030411,2.04e-05,0.005377724,0.005436193,0.006934543,0.007235598,-0.011872671,-0.011597289,0.020326293,0.077548568,0.150201422,0.168929962,0.59485368,0.574237243,0.599262862,0.00068671,0.578752632,0.02119694,0.000172934,0.000325667,0.000210675,0.000178153,0.00150445,0.001629807,0.001251407,0.001330494,0.000232516,0.000268261,0.000159685,0.000177077,,,,,Historical
1975-08-01,1.664742619,61.28506494,65.1,0.146889634,0.051062737,7.87,8.36,1.02,8.822,10.72,0.005320499,0.028866603,0.014649128,0.013125662,0.010273973,0.109022556,0.028960115,0.043310837,0.000317455,6.42e-05,0.000285859,0.001571151,0.000208842,-0.866025404,-0.5,0.600173957,0.43,1.0,1.61,-1.24,0.26,1.05,1.98,-1.02,-0.42,-0.6,-0.93,0.48,0.0,0.0,-0.5,-2.5,0.17,0.53,0.57,-0.33,0.011341454,0.017692751,0.014480829,0.014602164,0.012844316,0.012918246,0.120481928,0.11330102,0.031391076,0.036068031,0.021338061,0.028334474,0.000319747,0.000207056,0.000110399,0.000462513,-0.000145058,0.000129197,0.000245275,-0.000181096,6.01e-05,4.05e-06,0.005348958,0.0054068,0.005495947,0.00718362,-0.012015325,-0.011733365,0.019921365,0.043393157,0.113121293,0.186440678,0.596361756,0.57779104,0.599494058,0.000679899,0.582077051,0.018096906,0.00028199,0.000360239,0.000250505,0.000178476,0.001593588,0.001666289,0.00132647,0.001328624,0.00019126,0.000321642,0.000173757,0.000178543,,,,,Historical
1975-09-01,1.410952696,61.30987013,63.2,0.146829853,0.052053984,8.41,8.85,0.96,9.572,11.14,0.005292341,0.031089211,0.014597142,0.013172205,0.003389831,0.104477612,0.034753016,0.046935725,0.000442307,-0.00019548,0.000227934,0.001584089,0.000212906,-1.0,-1.84e-16,0.600396138,0.54,1.42,2.08,-0.53,0.49,1.32,2.05,-0.04,-0.06,-0.57,-0.95,0.16,0.75,0.75,0.75,-1.75,0.42,0.71,1.29,-0.11,0.011938961,0.018359287,0.014407348,0.0145984,0.012891456,0.012944938,0.111111111,0.112671388,0.029063057,0.035313237,0.025027025,0.029927121,0.000305698,0.000128277,0.00031403,0.000610896,-0.000168589,0.00012817,0.000378909,-0.000574389,-0.000183151,-1.23e-05,0.005320499,0.005377724,0.005465906,0.007132384,-0.012161449,-0.011872671,0.019532256,0.01057201,0.077548568,0.203782543,0.597612116,0.580983993,0.59972295,0.000673189,0.58539181,0.015004328,0.00021426,0.000274663,0.000265981,0.000179615,0.001580665,0.001685802,0.001409179,0.001328909,0.000225498,0.000253366,0.000181445,0.000177493,,,,,Historical
1975-10-01,1.157162774,61.33467532,63.3,0.146770073,0.053045232,8.16,8.3,1.12,9.572,11.35,0.00526448,0.033304382,0.014545306,0.013218651,0.006756757,0.099630996,0.036998972,0.050550095,0.000566828,-0.000454452,0.000236619,0.001647038,0.000171924,-0.866025404,0.5,0.600616149,-0.25,0.72,1.31,-0.15,-0.55,0.2,0.75,0.5,0.16,-0.32,-0.69,-0.61,0.0,0.75,0.75,-1.75,0.21,0.8,1.48,0.1,0.012536353,0.019583102,0.014334026,0.014566058,0.012938497,0.012976647,0.11023622,0.110987745,0.027001668,0.035250153,0.028705193,0.032035685,0.000289697,4.97e-05,0.000517177,0.000758849,-0.00019202,0.000125776,0.000512282,-0.000966734,-0.000425722,-2.87e-05,0.005292341,0.005348958,0.005436193,0.007081873,-0.01231117,-0.012015325,0.019158056,-0.020991558,0.043393157,0.220957987,0.598605383,0.583818938,0.599949571,0.000666578,0.588696953,0.011919196,0.000123495,0.000287575,0.000279991,0.000189042,0.001500045,0.001685465,0.001495146,0.001341159,0.000202082,0.00028354,0.000192109,0.00017498,,,,,Historical
1975-11-01,1.352321828,61.35948052,62.8,0.146563505,0.053936558,8.52,8.64,1.1,9.572,11.17,0.00523691,0.039240159,0.014411103,0.013264998,0.010067114,0.102564103,0.038276533,0.054153995,0.00044587,-0.000263079,0.000299911,0.00173734,0.000207081,-0.5,0.866025404,0.60083402,0.36,0.65,1.65,1.03,0.34,0.28,1.33,1.32,-0.02,0.08,-0.52,-0.79,0.0,0.75,0.75,-1.25,-0.18,0.45,0.98,-0.03,0.017252636,0.021521469,0.014456743,0.014533083,0.012985437,0.013013361,0.1003861,0.109630382,0.039273031,0.035233714,0.032372611,0.034657602,0.000276771,9.73e-05,0.000348544,0.000600974,-0.000155104,0.000124386,0.000449519,-0.000712598,-0.000246399,-1.67e-05,0.00526448,0.005320499,0.0054068,0.007032072,-0.012464625,-0.012161449,0.018797924,-0.051368466,0.01057201,0.237969395,0.599342174,0.586298677,0.600173957,0.000660063,0.59199252,0.0088415,8.68e-05,0.000246962,0.000278281,0.000206799,0.001334579,0.001676336,0.001574567,0.001374722,0.000249623,0.000253924,0.000196971,0.000171435,,,,,Historical
1975-12-01,1.547480882,61.38428571,62.1,0.146356938,0.054827885,8.64,8.41,1.13,9.572,11.09,0.005209628,0.045175176,0.01427718,0.013311248,0.003322259,0.094202899,0.034247967,0.057747468,0.000325043,-7.19e-05,0.00021684,0.001694059,0.000255714,-2.45e-16,1.0,0.601049783,0.12,0.23,1.65,1.52,-0.23,-0.44,0.88,1.45,0.03,0.17,-0.4,-0.98,0.0,0.0,0.75,-1.25,-0.08,-0.05,0.66,0.01,0.021952664,0.024173163,0.014579156,0.014499475,0.013032278,0.01305507,0.103448276,0.106936406,0.04673288,0.034593429,0.036029327,0.037790331,0.000266912,0.000144867,0.000180177,0.000443355,-0.000118312,0.000124007,0.000386935,-0.000458848,-6.74e-05,-4.55e-06,0.00523691,0.005292341,0.005377724,0.006982967,-0.012621952,-0.01231117,0.018451082,-0.080624401,-0.020991558,0.254819105,0.59982311,0.588425982,0.600396138,0.000653644,0.595278553,0.00577123,6.79e-05,0.000196919,0.000255602,0.000219207,0.001248969,0.00159695,0.001621637,0.001411813,0.000152146,0.000274516,0.000206142,0.000180065,,,,,Historical
1976-01-01,1.742639936,61.5,60.6,0.14615037,0.055719211,8.59,8.21,1.16,9.572,11.04,0.005182628,0.051109433,0.014143536,0.013357401,0.003311258,0.097826087,0.057054027,0.061330561,0.000204347,0.000119046,0.000101176,0.001571072,0.000221945,0.5,0.866025404,0.601263467,-0.05,0.43,1.15,2.19,-0.2,-0.09,0.11,1.81,0.03,0.04,-0.28,-0.98,0.0,0.0,0.75,-0.75,-0.05,-0.31,0.49,0.03,0.026636521,0.027536963,0.014701265,0.01446523,0.013079019,0.013101764,0.11026616,0.105304504,0.036225867,0.036664851,0.039675386,0.041431357,0.000260108,0.000192272,1.21e-05,0.000285991,-8.16e-05,0.000124646,0.000324527,-0.000205481,0.000111378,7.67e-06,0.005209628,0.00526448,0.005348958,0.006934543,-0.012783303,-0.012464625,0.018116808,-0.108820288,-0.051368466,0.271509412,0.600048808,0.590203589,0.600616149,0.000647318,0.598555094,0.002708374,9.93e-05,0.000186837,0.000228056,0.000219366,0.001199639,0.001535283,0.001634125,0.001442766,0.000146209,0.000266179,0.000213069,0.000186377,,,,,Historical
1976-02-01,1.880596418,61.5,60.8,0.146004019,0.056507552,8.79,8.38,0.91,9.572,11.0,0.004293928,0.057937599,0.014069062,0.013703158,0.00660066,0.093189964,0.057593648,0.05498578,0.000346656,1.41e-05,7.04e-05,0.001497288,0.000141582,0.866025404,0.5,0.604393432,0.2,0.27,0.92,2.53,0.17,-0.26,0.02,2.0,-0.25,-0.19,-0.11,-1.04,0.0,0.0,0.75,0.25,-0.04,-0.17,0.28,0.85,0.028866603,0.031419975,0.014649128,0.014430916,0.013125662,0.013173334,0.109022556,0.103030174,0.028960115,0.038848399,0.043310837,0.044235334,0.000271742,0.000317455,2.92e-05,0.000207056,0.000139599,0.00010538,6.42e-05,-5.01e-05,0.000245275,-0.000231183,0.005182628,0.00523691,0.005320499,0.005495947,-0.012948832,-0.012621952,-0.011334393,-0.136012716,-0.080624401,0.229284107,0.600515476,0.591970642,0.60083402,0.003559412,0.598793415,0.005600016,4.69e-05,0.000108842,0.000192152,0.000221329,0.001120774,0.001449277,0.001621814,0.001474142,0.00012441,0.0001965,0.000201859,0.000187808,,,,,Historical
1976-03-01,2.018552901,61.4,61.4,0.145857667,0.057295894,9.07,8.53,0.76,10.072,11.1,0.004275569,0.064756385,0.01399474,0.014048148,0.003278689,0.092857143,0.059920473,0.048705196,0.000488722,-9.07e-05,0.000207093,0.001588538,0.000111894,1.0,6.12e-17,0.607529027,0.28,0.43,0.66,2.74,0.15,0.12,-0.32,1.73,-0.15,-0.37,-0.2,-1.15,0.5,0.5,0.5,1.25,0.1,0.01,-0.04,1.25,0.031089211,0.035821427,0.014597142,0.014396532,0.013172205,0.013269725,0.104477612,0.10150901,0.034753016,0.04141985,0.046935725,0.046208515,0.000301779,0.000442307,4.64e-05,0.000128277,0.000360445,6.62e-05,-0.00019548,0.000104796,0.000378909,-0.000469592,0.004293928,0.005209628,0.005292341,0.005465906,0.00651336,-0.012783303,-0.011464334,-0.120415702,-0.108820288,0.188886843,0.601223784,0.593727788,0.601049783,0.006479244,0.599029326,0.008499701,0.000135078,0.0001744,0.000188679,0.00022733,0.001087831,0.001429492,0.001622556,0.001515868,0.000166777,0.000191548,0.000185023,0.000183234,,,,,Historical
1976-04-01,2.156509383,61.6,61.7,0.145711316,0.058084235,8.99,8.46,0.88,10.072,11.23,0.004257366,0.071565812,0.013920567,0.014392372,0.003267974,0.088652482,0.060937976,0.042487842,0.000630545,-0.000195279,0.000206083,0.001557861,0.00023446,0.866025404,-0.5,0.610670268,-0.08,0.4,0.83,2.14,-0.07,0.25,0.16,0.91,0.12,-0.28,-0.24,-0.93,0.0,0.5,0.5,1.25,0.13,0.19,-0.12,1.36,0.033304382,0.040740548,0.014545306,0.014362077,0.013218651,0.013390881,0.099630996,0.099710365,0.036998972,0.044247875,0.050550095,0.047357069,0.000350186,0.000566828,6.37e-05,4.97e-05,0.000580894,7.28e-06,-0.000454452,0.000259173,0.000512282,-0.000707561,0.004275569,0.005182628,0.00526448,0.005436193,0.00647121,-0.012948832,-0.011597289,-0.104456921,-0.136012716,0.150201422,0.602174402,0.595475675,0.601263467,0.0094068,0.599262862,0.011407406,0.000152559,0.000263508,0.00018359,0.00023179,0.00113124,0.001509977,0.001607693,0.001551419,0.000107943,0.000181503,0.000195446,0.000193777,,,,,Historical
1976-05-01,1.591577287,61.4,63.4,0.146275315,0.059012216,8.94,8.35,1.07,10.072,11.19,0.004239317,0.066395285,0.013694769,0.014735833,0.006514658,0.084210526,0.049859296,0.036332767,0.000367941,-2.63e-05,0.000241558,0.001478749,0.000318064,0.5,-0.866025404,0.613817169,-0.05,0.15,0.42,2.07,-0.11,-0.03,-0.29,1.04,0.19,0.16,-0.03,-0.55,0.0,0.5,0.5,1.25,-0.04,0.19,0.02,1.0,0.039240159,0.044835769,0.014411103,0.014298579,0.013264998,0.013536748,0.102564103,0.0983624,0.038276533,0.045130064,0.054153995,0.047687082,0.000372738,0.00044587,-7.79e-05,9.73e-05,0.000270614,-3.24e-05,-0.000263079,0.000236798,0.000449519,-0.0004758,0.004257366,0.004293928,0.00523691,0.0054068,0.006429603,0.00651336,-0.011733365,-0.088123641,-0.120415702,0.113121293,0.603367994,0.597214946,0.604393432,0.009423737,0.599494058,0.014323111,0.000310171,0.000265413,0.000173864,0.000226072,0.001260812,0.001477427,0.001564594,0.001569581,0.000177908,0.000296359,0.000213943,0.000205457,,,,,Historical
1976-06-01,1.026645191,61.4,65.0,0.146839313,0.059940197,8.98,8.5,0.95,10.072,11.13,0.004221421,0.061290055,0.013469586,0.015078534,0.006472492,0.079861111,0.045705154,0.03023904,0.000105874,0.000142373,0.000196646,0.001458222,0.000215037,1.22e-16,-1.0,0.616969747,0.04,-0.09,0.34,1.99,0.15,-0.03,0.09,0.97,-0.12,0.19,-0.18,-0.58,0.0,0.0,0.5,1.25,-0.06,0.03,0.04,0.7,0.045175176,0.048113885,0.01427718,0.014206115,0.013311248,0.013707269,0.094202899,0.096396803,0.034247967,0.04504442,0.057747468,0.047204558,0.000369488,0.000325043,-0.000219169,0.000144867,-3.9e-05,-5.27e-05,-7.19e-05,0.000214285,0.000386935,-0.000244562,0.004239317,0.004275569,0.005209628,0.005377724,0.006388527,0.00647121,-0.011872671,-0.071402521,-0.104456921,0.077548568,0.604805227,0.598946248,0.607529027,0.00944072,0.59972295,0.017246797,0.000352909,0.000275678,0.000170499,0.00021305,0.001411638,0.001565692,0.001525288,0.001573463,0.000200688,0.000184755,0.000207164,0.000206653,,,,,Historical
1976-07-01,0.461713095,61.7,66.1,0.147403312,0.060868178,9.07,8.55,0.93,10.072,11.06,0.004203676,0.056248892,0.013245014,0.015420477,0.006430868,0.071917808,0.055734749,0.024205749,-0.000155657,0.000310681,0.000186827,0.001487198,0.000155395,-0.5,-0.866025404,0.620128016,0.09,0.08,0.48,1.63,0.05,0.09,0.34,0.45,-0.02,0.05,-0.23,-0.51,0.0,0.0,0.5,1.25,-0.07,-0.17,0.02,0.51,0.051109433,0.050581583,0.014143536,0.014084761,0.013357401,0.013902391,0.097826087,0.093201107,0.057054027,0.046670161,0.061330561,0.045915421,0.000340494,0.000204347,-0.000360004,0.000192272,-0.00034793,-5.39e-05,0.000119046,0.000191635,0.000324527,-1.38e-05,0.004221421,0.004257366,0.005182628,0.005348958,0.006347973,0.006429603,-0.012015325,-0.054279582,-0.088123641,0.043393157,0.606486764,0.600670222,0.610670268,0.009457748,0.599949571,0.020178444,0.000266451,0.000172934,0.000184774,0.000206415,0.001496145,0.00150445,0.001511309,0.001572717,0.000180384,0.000232516,0.000196072,0.00020457,,,,,Historical
1976-08-01,0.361659298,61.5,65.9,0.14839472,0.061952937,9.13,8.43,0.79,10.072,11.03,0.004186079,0.052756985,0.013031545,0.015761665,0.0,0.061016949,0.054096554,0.018231998,0.000159105,6.15e-05,0.000177389,0.001485056,0.000177036,-0.866025404,-0.5,0.623291992,0.06,0.19,0.34,1.26,-0.12,0.08,0.05,0.07,-0.14,-0.28,-0.12,-0.23,0.0,0.0,0.5,1.25,-0.03,-0.16,0.03,0.31,0.057937599,0.052572448,0.014069062,0.013949962,0.013703158,0.014122058,0.093189964,0.08920064,0.057593648,0.048764864,0.05498578,0.043825518,0.000327298,0.000346656,-0.000187551,0.000317455,-0.00015835,-5.41e-05,1.41e-05,4.74e-05,6.42e-05,-2.71e-06,0.004203676,0.004239317,0.004293928,0.005320499,0.00630793,0.006388527,-0.012161449,-0.036740163,-0.071402521,0.01057201,0.608413267,0.602387511,0.613817169,0.009474823,0.600173957,0.023118035,0.000285859,0.00028199,0.000202599,0.000197376,0.001571151,0.001593588,0.001509271,0.001565542,0.000208842,0.00019126,0.000201981,0.00020192,,,,,Historical
1976-09-01,0.261605502,61.4,63.5,0.149386127,0.063037695,9.11,8.49,0.86,10.072,10.96,0.004168629,0.049291808,0.012818673,0.016102099,0.006389776,0.064189189,0.049621288,0.012316911,0.000473246,-0.000187258,0.00017009,0.001376922,0.000275032,-1.0,-1.84e-16,0.62646169,-0.02,0.13,0.04,0.7,0.06,-0.01,-0.04,-0.36,0.07,-0.09,0.1,-0.1,0.0,0.0,0.0,0.5,-0.07,-0.17,-0.14,-0.18,0.064756385,0.054089331,0.01399474,0.013801757,0.014048148,0.014366215,0.092857143,0.085843271,0.059920473,0.050003886,0.048705196,0.040940617,0.000329877,0.000488722,-1.55e-05,0.000442307,3.09e-05,-5.34e-05,-9.07e-05,-9.66e-05,-0.00019548,8.22e-06,0.004186079,0.004221421,0.004275569,0.005292341,0.00626839,0.006347973,-0.01231117,-0.018768883,-0.054279582,-0.020991558,0.610585397,0.604098756,0.616969747,0.009491944,0.600396138,0.026065552,0.000227934,0.00021426,0.000196432,0.000192555,0.001584089,0.001580665,0.001474001,0.001548278,0.000212906,0.000225498,0.000229171,0.000207097,,,,,Historical
1976-10-01,0.161551705,61.5,63.3,0.150377535,0.064122454,9.01,8.44,0.74,10.072,10.8,0.004151323,0.045853058,0.012606395,0.016441784,0.006349206,0.063758389,0.047086224,0.006459627,0.000786766,-0.00043549,0.000212747,0.001387956,0.000199033,-0.866025404,0.5,0.629637127,-0.1,-0.06,0.02,0.85,-0.05,-0.11,-0.02,0.14,-0.12,-0.19,-0.14,-0.38,0.0,0.0,0.0,0.5,-0.16,-0.26,-0.43,-0.55,0.071565812,0.055135054,0.013920567,0.013640181,0.014392372,0.01463481,0.088652482,0.082853888,0.060937976,0.050844491,0.042487842,0.037266411,0.000348205,0.000630545,0.000156221,0.000566828,0.000219938,-5.19e-05,-0.000195279,-0.000240211,-0.000454452,1.9e-05,0.004168629,0.004203676,0.004257366,0.00526448,0.006229342,0.00630793,-0.012464625,-0.000349592,-0.036740163,-0.051368466,0.613003811,0.605804597,0.620128016,0.009509111,0.600616149,0.029020978,0.000236619,0.000123495,0.000197543,0.000190566,0.001647038,0.001500045,0.001445684,0.001526688,0.000171924,0.000202082,0.000223266,0.000209356,,,,,Historical
1976-11-01,0.618986135,61.6,62.9,0.150491983,0.064798569,8.59,8.15,0.81,9.572,10.76,0.004134161,0.045129401,0.012516607,0.01678072,0.003154574,0.056478405,0.045786102,0.000659304,0.00059646,-0.000252051,0.000305144,0.001477263,0.000212793,-0.5,0.866025404,0.632818317,-0.42,-0.54,-0.35,0.07,-0.29,-0.28,-0.2,-0.49,0.07,0.02,-0.26,-0.29,-0.5,-0.5,-0.5,0.0,-0.04,-0.27,-0.43,-0.41,0.066395285,0.055625824,0.013694769,0.013482306,0.014735833,0.014927787,0.084210526,0.079013413,0.049859296,0.051470288,0.036332767,0.03280852,0.000360754,0.000367941,0.000228519,0.00044587,0.00015059,-5.09e-05,-2.63e-05,-0.00022577,-0.000263079,1.1e-05,0.004151323,0.004186079,0.004239317,0.00523691,0.006190777,0.00626839,-0.012621952,0.018534673,-0.018768883,-0.080624401,0.615669169,0.607505672,0.623291992,0.009526325,0.60083402,0.031984296,0.000299911,8.68e-05,0.000208141,0.000191002,0.00173734,0.001334579,0.001445436,0.001505015,0.000207081,0.000249623,0.000205721,0.000209832,,,,,Historical
1976-12-01,1.076420564,61.8,62.3,0.150606432,0.065474685,8.14,7.71,0.97,9.072,10.47,0.00411714,0.044414054,0.012426982,0.017118911,0.003144654,0.056291391,0.047194655,-0.005084885,0.000406452,-6.89e-05,0.00012027,0.001457967,0.000129387,-2.45e-16,1.0,0.636005276,-0.45,-0.97,-0.84,-0.5,-0.44,-0.78,-0.79,-0.7,0.16,0.11,0.02,-0.16,-0.5,-1.0,-1.0,-0.5,-0.29,-0.49,-0.66,-0.62,0.061290055,0.055562397,0.013469586,0.013328123,0.015078534,0.015245092,0.079861111,0.07585412,0.045705154,0.052549179,0.03023904,0.027572491,0.000367538,0.000105874,0.000300578,0.000325043,8.14e-05,-5.07e-05,0.000142373,-0.000211271,-7.19e-05,3.01e-06,0.004134161,0.004168629,0.004221421,0.005209628,0.006152688,0.006229342,-0.012783303,0.037901745,-0.000349592,-0.108820288,0.618582127,0.609202619,0.62646169,0.009543586,0.601049783,0.034955493,0.00021684,6.79e-05,0.000195411,0.000182955,0.001694059,0.001248969,0.001445394,0.001485341,0.000255714,0.000152146,0.000191446,0.000199305,,,,,Historical
1977-01-01,1.533854994,61.8,60.7,0.15072088,0.0661508,8.04,7.74,0.95,9.072,9.95,0.004100259,0.043706875,0.01233752,0.017456359,0.009404389,0.062706271,0.030029798,-0.010773751,0.000216741,0.000113967,5.71e-05,0.00139951,0.00010014,0.5,0.866025404,0.63919802,-0.1,-0.97,-1.03,-0.55,0.03,-0.7,-0.81,-0.47,-0.02,0.21,0.02,-0.21,0.0,-1.0,-1.0,-0.5,-0.52,-0.85,-1.11,-1.09,0.056248892,0.054945517,0.013245014,0.013177622,0.015420477,0.015586672,0.071917808,0.072927469,0.055734749,0.05029716,0.024205749,0.021563798,0.000368571,-0.000155657,0.000372399,0.000204347,1.24e-05,-5.11e-05,0.000310681,-0.000196714,0.000119046,-5.08e-06,0.00411714,0.004151323,0.004203676,0.005182628,0.006115064,0.006190777,-0.012948832,0.057770379,0.018534673,-0.136012716,0.62174334,0.610896074,0.629637127,0.009560893,0.601263467,0.037934553,0.000101176,9.93e-05,0.000173786,0.00017928,0.001571072,0.001199639,0.001430779,0.001471044,0.000221945,0.000146209,0.000182237,0.000189154,,,,,Historical
1977-02-01,1.192670726,61.9,60.9,0.150770839,0.066789965,7.65,7.68,1.2,8.572,9.45,0.003574308,0.038020558,0.012317058,0.017460647,0.00621118,0.062295082,0.031405802,-0.008087575,0.000293901,3.24e-05,1.61e-05,0.001286988,0.000126566,0.866025404,0.5,0.640324493,-0.39,-0.94,-1.48,-1.14,-0.06,-0.47,-0.75,-0.7,0.25,0.39,0.41,0.29,-0.5,-1.0,-1.5,-1.0,-0.5,-1.31,-1.58,-1.55,0.052756985,0.053285764,0.013031545,0.013031621,0.015761665,0.015899796,0.061016949,0.070352896,0.054096554,0.048114839,0.018231998,0.016307685,0.000364175,0.000159105,0.000134796,0.000346656,-5.28e-05,-4.96e-05,6.15e-05,-2.9e-05,1.41e-05,1.84e-05,0.004100259,0.004134161,0.004186079,0.004293928,0.006077897,0.006152688,0.00651336,0.078160315,0.037901745,-0.120415702,0.624737595,0.612626536,0.632818317,0.007506177,0.604393432,0.035931062,7.04e-05,4.69e-05,0.000146901,0.00017475,0.001497288,0.001120774,0.001397768,0.001453519,0.000141582,0.00012441,0.000173825,0.000187903,,,,,Historical
1977-03-01,0.851486459,61.8,61.2,0.150820797,0.067429131,7.54,7.85,1.37,8.572,9.45,0.003561578,0.032414832,0.012296633,0.017464922,0.012345679,0.071895425,0.029435247,-0.005396566,0.000370923,-4.89e-05,5.66e-05,0.001198185,0.000142442,1.0,6.12e-17,0.641446892,-0.11,-0.6,-1.57,-1.53,0.17,0.14,-0.64,-0.68,0.17,0.4,0.51,0.61,0.0,-0.5,-1.5,-1.5,0.0,-1.02,-1.51,-1.65,0.049291808,0.050590634,0.012818673,0.012890112,0.016102099,0.016184527,0.064189189,0.068606086,0.049621288,0.045574404,0.012316911,0.011799205,0.000354358,0.000473246,-0.000102322,0.000488722,-0.000117798,-4.61e-05,-0.000187258,0.000138323,-9.07e-05,4.17e-05,0.003574308,0.00411714,0.004168629,0.004275569,0.002730109,0.006115064,0.00647121,0.07410776,0.057770379,-0.104456921,0.627564084,0.614393934,0.636005276,0.005441617,0.607529027,0.033917865,0.000207093,0.000135078,0.000127979,0.000162206,0.001588538,0.001087831,0.001367978,0.00142099,0.000111894,0.000166777,0.000151727,0.000190449,,,,,Historical
1977-04-01,0.510302191,61.9,61.5,0.150870756,0.068068296,7.58,8.01,1.29,8.572,9.45,0.003548938,0.026887998,0.012276247,0.017469185,0.006097561,0.074918567,0.027766881,-0.002700712,0.000447808,-0.000130168,0.000179536,0.001220499,0.000155482,0.866025404,-0.5,0.642565239,0.04,-0.46,-1.43,-1.41,0.16,0.27,-0.43,-0.45,-0.08,0.34,0.55,0.41,0.0,-0.5,-1.5,-1.5,0.0,-0.5,-1.35,-1.78,0.045853058,0.046867483,0.012606395,0.012753086,0.016441784,0.016440928,0.063758389,0.067461593,0.047086224,0.042810146,0.006459627,0.008033492,0.00033913,0.000786766,-0.000338958,0.000630545,-0.000182737,-4.07e-05,-0.00043549,0.000305322,-0.000195279,6.51e-05,0.003561578,0.004100259,0.004151323,0.004257366,0.002722676,0.006077897,0.006429603,0.070107318,0.078160315,-0.088123641,0.630221998,0.6161982,0.63919802,0.003367219,0.610670268,0.031894971,0.000206083,0.000152559,0.000122444,0.000159993,0.001557861,0.00113124,0.001340069,0.001392876,0.00023446,0.000107943,0.000144468,0.000183867,,,,,Historical
1977-05-01,0.5361342,61.8,63.6,0.150576087,0.068582462,7.05,7.74,1.44,8.572,9.58,0.003536388,0.027318919,0.012107552,0.017473436,0.012121212,0.080906149,0.029063478,0.0,0.000267303,1.36e-05,0.000240195,0.001337781,0.000121142,0.5,-0.866025404,0.643679554,-0.53,-0.6,-1.54,-1.89,-0.27,0.06,-0.41,-0.61,0.15,0.24,0.63,0.37,0.0,0.0,-1.0,-1.5,0.13,0.13,-1.18,-1.61,0.045129401,0.04361112,0.012516607,0.012620818,0.01678072,0.016669062,0.056478405,0.067186228,0.045786102,0.041077161,0.000659304,0.005005762,0.000330743,0.00059646,-0.000329157,0.000367941,-0.000100638,-3.74e-05,-0.000252051,0.000265677,-2.63e-05,3.99e-05,0.003548938,0.003574308,0.004134161,0.004239317,0.002715283,0.002730109,0.006388527,0.06615799,0.07410776,-0.071402521,0.63271053,0.618039262,0.640324493,0.003355061,0.613817169,0.029862385,0.000241558,0.000310171,0.000111619,0.00015988,0.001478749,0.001260812,0.001316822,0.001381129,0.000318064,0.000177908,0.000129193,0.000167457,,,,,Historical
1977-06-01,0.56196621,61.7,64.7,0.150281419,0.069096629,7.07,7.76,1.41,8.072,9.55,0.003523926,0.027748518,0.011939241,0.017477674,0.002994012,0.077170418,0.026686788,0.002705583,8.71e-05,0.000157163,0.000292683,0.001450206,0.00018145,1.22e-16,-1.0,0.644789861,0.02,-0.47,-1.07,-1.91,0.02,-0.09,0.05,-0.74,-0.03,0.04,0.44,0.46,-0.5,-0.5,-1.0,-2.0,-0.03,0.1,-0.92,-1.58,0.044414054,0.040815991,0.012426982,0.012493289,0.017118911,0.01686899,0.056291391,0.066962004,0.047194655,0.039492297,-0.005084885,0.002711307,0.000329181,0.000406452,-0.000319331,0.000105874,-1.88e-05,-3.61e-05,-6.89e-05,0.000226062,0.000142373,1.48e-05,0.003536388,0.003561578,0.00411714,0.004221421,0.00270793,0.002722676,0.006347973,0.062258802,0.070107318,-0.054279582,0.635028873,0.61991705,0.641446892,0.003342969,0.616969747,0.027820114,0.000196646,0.000352909,0.000140355,0.000167883,0.001458222,0.001411638,0.001315528,0.001380461,0.000215037,0.000200688,0.00013787,0.000164658,,,,,Historical
1977-07-01,0.587798219,61.8,65.8,0.14998675,0.069610795,7.14,7.81,1.33,8.072,9.6,0.003511552,0.0281768,0.011771312,0.0174819,0.011940299,0.083067093,0.023236617,0.005416051,-9.27e-05,0.000300444,0.000232558,0.001496355,0.000184311,-0.5,-0.866025404,0.64589618,0.07,-0.44,-0.9,-1.93,0.05,-0.2,0.07,-0.74,-0.08,0.04,0.38,0.4,0.0,-0.5,-1.0,-2.0,0.05,0.15,-0.35,-1.46,0.043706875,0.03847665,0.01233752,0.01237048,0.017456359,0.017040775,0.062706271,0.067891111,0.030029798,0.036784119,-0.010773751,0.001145499,0.000334424,0.000216741,-0.000309481,-0.000155657,6.29e-05,-3.7e-05,0.000113967,0.000186477,0.000310681,-1.02e-05,0.003523926,0.003548938,0.004100259,0.004203676,0.002700617,0.002715283,0.00630793,0.058408806,0.06615799,-0.036740163,0.63717622,0.621831492,0.642565239,0.003330941,0.620128016,0.025768164,0.000186827,0.000266451,0.000169602,0.000171694,0.001487198,0.001496145,0.001331669,0.001381224,0.000155395,0.000180384,0.000151899,0.000167068,,,,,Historical
1977-08-01,0.920069652,61.9,65.6,0.149632921,0.070054397,7.14,7.9,1.21,8.072,9.53,0.003499264,0.033051369,0.01164153,0.017486114,0.0,0.083067093,0.028059407,0.008131417,0.000183202,5.94e-05,0.000249552,0.001509098,0.000230143,-0.866025404,-0.5,0.646998533,0.0,0.09,-0.51,-1.99,0.09,0.16,0.22,-0.53,-0.12,-0.23,0.01,0.42,0.0,-0.5,-0.5,-2.0,-0.07,-0.05,0.08,-1.5,0.038020558,0.036834516,0.012317058,0.012254646,0.017460647,0.017184479,0.062295082,0.069728623,0.031405802,0.034614357,-0.008087575,0.000303784,0.000336432,0.000293901,-0.000110699,0.000159105,2.41e-05,-3.71e-05,3.24e-05,2.7e-05,6.15e-05,-2.02e-06,0.003511552,0.003536388,0.003574308,0.004186079,0.002693344,0.00270793,0.00626839,0.054607077,0.062258802,-0.018768883,0.639151765,0.623782516,0.643679554,0.003318979,0.623291992,0.023706542,0.000177389,0.000285859,0.000208514,0.000177708,0.001485056,0.001571151,0.001368687,0.001383228,0.000177036,0.000208842,0.000169161,0.000171493,,,,,Historical
1977-09-01,1.252341086,61.9,63.2,0.149279093,0.070498,7.1,8.01,1.18,8.072,9.52,0.003487062,0.037920693,0.011512057,0.017490316,0.008849558,0.085714286,0.029159031,0.010851694,0.000458583,-0.000181073,0.000186202,0.001485464,0.000206276,-1.0,-1.84e-16,0.648096942,-0.04,0.03,-0.44,-2.01,0.11,0.25,0.16,-0.48,-0.03,-0.23,-0.19,0.32,0.0,0.0,-0.5,-2.0,-0.01,-0.03,0.07,-1.44,0.032414832,0.035886923,0.012296633,0.012145761,0.017464922,0.017300164,0.071895425,0.071522381,0.029435247,0.032909169,-0.005396566,0.000181682,0.00033521,0.000370923,8.77e-05,0.000473246,-1.47e-05,-3.66e-05,-4.89e-05,-0.000132138,-0.000187258,6.19e-06,0.003499264,0.003523926,0.003561578,0.004168629,0.002686109,0.002700617,0.006229342,0.050852712,0.058408806,-0.000349592,0.640954703,0.62577005,0.644789861,0.003307081,0.62646169,0.021635252,0.00017009,0.000227934,0.000230121,0.00017905,0.001376922,0.001584089,0.001416567,0.001392273,0.000275032,0.000212906,0.0001798,0.000165764,,,,,Historical
1977-10-01,1.584612519,62.0,63.3,0.148925264,0.070941602,7.24,8.12,1.18,8.072,9.54,0.003474944,0.042784782,0.011382891,0.017494505,0.00877193,0.088328076,0.02937975,0.013576895,0.000733403,-0.000421097,0.000192155,0.001485744,0.00018939,-0.866025404,0.5,0.649191427,0.14,0.1,-0.34,-1.77,0.11,0.31,0.11,-0.32,0.0,-0.15,-0.11,0.44,0.0,0.0,-0.5,-2.0,0.02,-0.06,0.09,-1.26,0.026887998,0.035631233,0.012276247,0.012043802,0.017469185,0.017387891,0.074918567,0.073569854,0.027766881,0.03143363,-0.002700712,0.000774788,0.000330763,0.000447808,0.000285595,0.000786766,-5.34e-05,-3.54e-05,-0.000130168,-0.000290929,-0.00043549,1.44e-05,0.003487062,0.003511552,0.003548938,0.004151323,0.002678913,0.002693344,0.006190777,0.047144832,0.054607077,0.018534673,0.642584228,0.62779402,0.64589618,0.003295247,0.629637127,0.019554301,0.000212747,0.000236619,0.000232224,0.000177334,0.001387956,0.001647038,0.001460775,0.001400422,0.000199033,0.000171924,0.000185452,0.00016496,,,,,Historical
1977-11-01,1.344274196,62.1,62.7,0.148909329,0.071504532,7.26,8.11,1.14,8.072,9.54,0.003462911,0.040466852,0.011230725,0.017498683,0.005797101,0.091194969,0.027541354,0.016307033,0.000557442,-0.000243746,0.000125963,0.001449442,0.000159439,-0.5,0.866025404,0.65028201,0.02,0.12,0.21,-1.33,-0.01,0.21,0.37,-0.04,-0.04,-0.07,-0.3,0.33,0.0,0.0,-0.5,-1.5,0.0,0.01,-0.04,-1.22,0.027318919,0.035242688,0.012107552,0.011936646,0.017473436,0.017447721,0.080906149,0.076462901,0.029063478,0.029913234,0.0,0.002078765,0.000327512,0.000267303,0.000290139,0.00059646,-3.9e-05,-3.47e-05,1.36e-05,-0.000257371,-0.000252051,8.31e-06,0.003474944,0.003499264,0.003536388,0.004134161,0.002671756,0.002686109,0.006152688,0.043482578,0.050852712,0.037901745,0.644039536,0.629854353,0.646998533,0.003283476,0.632818317,0.017463693,0.000305144,0.000299911,0.000213186,0.000162402,0.001477263,0.00173734,0.001479385,0.001398103,0.000212793,0.000207081,0.000191835,0.000160514,,,,,Historical
1977-12-01,1.103935872,62.1,62.0,0.148893394,0.072067463,7.17,8.1,1.18,8.072,9.53,0.00345096,0.038172385,0.011078808,0.017502849,0.005763689,0.094043887,0.025484879,0.019042123,0.000381733,-6.66e-05,7.06e-05,0.001387399,0.000130607,-2.45e-16,1.0,0.651368711,-0.09,0.07,0.1,-0.97,-0.01,0.09,0.34,0.39,0.04,0.0,-0.23,0.21,0.0,0.0,0.0,-1.0,-0.01,0.01,-0.02,-0.94,0.027748518,0.034722549,0.011939241,0.011824298,0.017477674,0.017479716,0.077170418,0.079608943,0.026686788,0.028104086,0.002705583,0.004089349,0.000325452,8.71e-05,0.000294612,0.000406452,-2.47e-05,-3.45e-05,0.000157163,-0.000223811,-6.89e-05,2.25e-06,0.003462911,0.003487062,0.003523926,0.00411714,0.002664636,0.002678913,0.006115064,0.039865115,0.047144832,0.057770379,0.645319822,0.631950975,0.648096942,0.003271768,0.636005276,0.015363435,0.00012027,0.00021684,0.000176179,0.000158267,0.001457967,0.001694059,0.001468917,0.001392223,0.000129387,0.000255714,0.000183361,0.000160616,,,,,Historical
1978-01-01,0.863597549,62.0,60.5,0.148877459,0.072630393,7.13,8.36,1.36,8.072,9.52,0.003439092,0.035901026,0.010927142,0.017507003,0.005730659,0.090062112,0.022188726,0.021782178,0.000206275,0.000110195,4.16e-05,0.001308672,0.000118376,0.5,0.866025404,0.65245155,-0.04,-0.11,-0.01,-0.91,0.26,0.24,0.55,0.62,0.18,0.18,0.03,0.41,0.0,0.0,0.0,-1.0,-0.01,-0.02,-0.08,-0.43,0.0281768,0.034072061,0.011771312,0.011706766,0.0174819,0.017483936,0.083067093,0.081888596,0.023236617,0.027450663,0.005416051,0.006802344,0.000324579,-9.27e-05,0.000299015,0.000216741,-1.05e-05,-3.49e-05,0.000300444,-0.000190249,0.000113967,-3.77e-06,0.00345096,0.003474944,0.003511552,0.004100259,0.002657555,0.002671756,0.006077897,0.036291625,0.043482578,0.078160315,0.646424283,0.634083811,0.649191427,0.003260123,0.63919802,0.013253531,5.71e-05,0.000101176,0.000144359,0.000156981,0.00139951,0.001571072,0.001437636,0.001384653,0.00010014,0.000221945,0.000172372,0.000162135,,,,,Historical
1978-02-01,0.802613608,62.2,61.0,0.14885353,0.073131026,7.3,8.46,1.33,8.072,9.51,0.004318653,0.036488224,0.010764063,0.017481499,0.008547009,0.092592593,0.024757141,0.020177895,0.000291304,9.94e-06,4.09e-05,0.001241166,0.000106523,0.866025404,0.5,0.655116655,0.17,0.04,0.16,-0.35,0.1,0.35,0.56,0.78,-0.03,0.19,0.12,0.13,0.0,0.0,0.0,-0.5,-0.01,-0.03,-0.02,0.06,0.033051369,0.033944367,0.01164153,0.01157735,0.017486114,0.017485674,0.083067093,0.084413389,0.028059407,0.026896608,0.008131417,0.009157799,0.000324363,0.000183202,0.000108102,0.000293901,-2.6e-06,-3.67e-05,5.94e-05,-4.95e-05,3.24e-05,-2.25e-05,0.003439092,0.003462911,0.003499264,0.003574308,0.002650511,0.002664636,0.002730109,0.03276131,0.039865115,0.07410776,0.647656963,0.636197279,0.65028201,0.004834645,0.640324493,0.014792161,1.61e-05,7.04e-05,0.000109582,0.000159048,0.001286988,0.001497288,0.001392981,0.001380834,0.000126566,0.000141582,0.000151768,0.000160465,,,,,Historical
1978-03-01,0.741629667,62.5,61.5,0.148829601,0.073631658,7.73,8.69,0.89,8.572,9.53,0.004300082,0.037073431,0.010601283,0.017456069,0.008474576,0.088414634,0.031761309,0.018579415,0.000376195,-9.02e-05,7.79e-05,0.001231843,8.54e-05,1.0,6.12e-17,0.657780468,0.43,0.56,0.63,0.19,0.23,0.59,0.68,0.84,-0.44,-0.29,-0.29,-0.48,0.5,0.5,0.5,0.0,0.02,0.0,0.01,0.08,0.037920693,0.034332583,0.011512057,0.011436071,0.017490316,0.017484936,0.085714286,0.08578999,0.029159031,0.027090447,0.010851694,0.011155798,0.000324802,0.000458583,-8.24e-05,0.000370923,5.27e-06,-4.02e-05,-0.000181073,9.09e-05,-4.89e-05,-4.12e-05,0.004318653,0.00345096,0.003487062,0.003561578,0.008976901,0.002657555,0.002722676,0.03919519,0.036291625,0.070107318,0.649018094,0.638291089,0.651368711,0.006411758,0.641446892,0.016333576,5.66e-05,0.000207093,9.15e-05,0.000160826,0.001198185,0.001588538,0.001350711,0.001383639,0.000142442,0.000111894,0.000131629,0.000155715,,,,,Historical
1978-04-01,0.680645726,62.5,61.8,0.148805672,0.074132291,8.19,8.82,0.64,9.072,9.62,0.004281671,0.037656658,0.010438801,0.017430713,0.00280112,0.084848485,0.029679281,0.016986706,0.000460948,-0.000190097,0.000126435,0.001249957,0.000106562,0.866025404,-0.5,0.660442992,0.46,1.06,0.95,0.61,0.13,0.46,0.7,0.81,-0.25,-0.72,-0.54,-0.65,0.5,1.0,1.0,0.5,0.09,0.1,0.08,0.17,0.042784782,0.035229972,0.011382891,0.01128295,0.017494505,0.01748173,0.088328076,0.086617483,0.02937975,0.027249814,0.013576895,0.012796416,0.000325897,0.000733403,-0.000272455,0.000447808,1.31e-05,-4.52e-05,-0.000421097,0.000231,-0.000130168,-5.99e-05,0.004300082,0.003439092,0.003474944,0.003548938,0.008897033,0.002650511,0.002715283,0.04559413,0.03276131,0.06615799,0.650507907,0.640364953,0.65245155,0.007991442,0.642565239,0.017877753,0.000179536,0.000206083,8.06e-05,0.000156401,0.001220499,0.001557861,0.001311413,0.001386094,0.000155482,0.00023446,0.000117824,0.000151638,,,,,Historical
1978-05-01,0.764709239,62.6,63.8,0.1479569,0.074135807,8.2,8.85,0.65,9.072,9.63,0.004263416,0.038847761,0.010293679,0.01740543,0.01396648,0.086826347,0.032633469,0.015399738,0.000134324,-3.07e-05,0.000183736,0.001334056,9.72e-05,0.5,-0.866025404,0.663104227,0.01,0.9,0.94,1.15,0.03,0.39,0.74,1.11,0.01,-0.68,-0.49,-0.79,0.0,1.0,1.0,0.5,0.01,0.12,0.09,0.05,0.040466852,0.036190708,0.011230725,0.011131794,0.017498683,0.017476063,0.091194969,0.087110833,0.027541354,0.027547313,0.016307033,0.014079727,0.000314816,0.000557442,-0.000423117,0.000267303,-0.000132979,-4.89e-05,-0.000243746,0.00021308,1.36e-05,-4.43e-05,0.004281671,0.004318653,0.003462911,0.003536388,0.008818574,0.008976901,0.00270793,0.051958414,0.03919519,0.062258802,0.65212663,0.64241858,0.655116655,0.007987573,0.643679554,0.019424673,0.000240195,0.000241558,9.02e-05,0.000151696,0.001337781,0.001478749,0.001292182,0.001385783,0.000121142,0.000318064,0.000107446,0.000149641,,,,,Historical
1978-06-01,0.848772752,62.7,65.4,0.147108128,0.074139323,8.26,8.86,0.63,9.072,9.52,0.004245317,0.040034214,0.01014884,0.017380221,0.008264463,0.092537313,0.036942971,0.013818479,-0.00019177,0.000128507,0.000242241,0.001447298,0.0001271,1.22e-16,-1.0,0.665764175,0.06,0.53,1.09,1.19,0.01,0.17,0.76,1.1,-0.02,-0.26,-0.55,-0.78,0.0,0.5,1.0,1.0,-0.11,-0.01,-0.01,-0.03,0.038172385,0.037214516,0.011078808,0.010982594,0.017502849,0.017467942,0.094043887,0.088391407,0.025484879,0.028401995,0.019042123,0.015005802,0.000291575,0.000381733,-0.000573503,8.71e-05,-0.000278891,-5.12e-05,-6.66e-05,0.000195155,0.000157163,-2.87e-05,0.004263416,0.004300082,0.00345096,0.003523926,0.008741486,0.008897033,0.002700617,0.058288323,0.04559413,0.058408806,0.653874489,0.644451681,0.657780468,0.007983706,0.644789861,0.020974314,0.000292683,0.000196646,0.000118805,0.000147492,0.001450206,0.001458222,0.001302165,0.001385541,0.00018145,0.000215037,0.000106862,0.000145111,,,,,Historical
1978-07-01,0.932836265,62.9,66.9,0.146259356,0.074142839,8.66,8.86,0.54,9.072,9.51,0.00422737,0.041216046,0.010004281,0.017355085,0.013661202,0.09439528,0.037471139,0.012242899,-0.000517337,0.000287422,0.000230979,0.001524053,0.000152166,-0.5,-0.866025404,0.668422835,0.4,0.47,1.53,1.52,0.0,0.04,0.5,1.05,-0.09,-0.1,-0.82,-0.79,0.0,0.0,1.0,1.0,-0.01,-0.11,-0.01,-0.09,0.035901026,0.03830112,0.010927142,0.010835342,0.017507003,0.017457374,0.090062112,0.089335423,0.022188726,0.029588205,0.021782178,0.015574706,0.000256192,0.000206275,-0.000723612,-9.27e-05,-0.000424597,-5.23e-05,0.000110195,0.000177227,0.000300444,-1.3e-05,0.004245317,0.004281671,0.003439092,0.003511552,0.008665735,0.008818574,0.002693344,0.064584135,0.051958414,0.054607077,0.65575171,0.646463965,0.660442992,0.007979843,0.64589618,0.022526655,0.000232558,0.000186827,0.000150362,0.000147361,0.001496355,0.001487198,0.001338062,0.001387849,0.000184311,0.000155395,0.000112494,0.000142433,,,,,Historical
1978-08-01,0.937955331,63.0,66.8,0.146459779,0.074673019,8.8,8.86,0.53,9.572,9.51,0.004209575,0.039018819,0.009806194,0.017330021,0.002695418,0.097345133,0.038458695,0.010672967,-0.000160497,5.69e-05,0.000287548,0.001655102,0.000154335,-0.866025404,-0.5,0.67108021,0.14,0.6,1.5,1.66,0.0,0.01,0.4,0.96,-0.01,-0.12,-0.8,-0.68,0.5,0.5,1.5,1.5,0.0,-0.12,0.0,-0.02,0.036488224,0.038798408,0.010764063,0.010682397,0.017481499,0.017444366,0.092592593,0.09052526,0.024757141,0.030454812,0.020177895,0.015786502,0.00022755,0.000291304,-0.000451801,0.000183202,-0.000343699,-5.25e-05,9.94e-06,4.69e-05,5.94e-05,-2.58e-06,0.00422737,0.004263416,0.004318653,0.003499264,0.008591285,0.008741486,0.002686109,0.070846124,0.058288323,0.050852712,0.657758517,0.648455141,0.663104227,0.007975982,0.646998533,0.024081676,0.000249552,0.000177389,0.000191472,0.000150527,0.001509098,0.001485056,0.001407051,0.001400016,0.000230143,0.000177036,0.000120462,0.000136115,,,,,Historical
1978-09-01,0.943074396,63.0,64.4,0.146660202,0.075203198,9.17,8.96,0.38,10.072,9.87,0.004191928,0.036844562,0.009608526,0.01730503,-0.002688172,0.084795322,0.038167728,0.009108653,0.000195953,-0.000173459,0.000244613,0.001790542,0.000106827,-1.0,-1.84e-16,0.673736299,0.37,0.91,1.44,2.07,0.1,0.1,0.27,0.95,-0.15,-0.25,-0.51,-0.8,0.5,1.0,1.5,2.0,0.36,0.35,0.34,0.35,0.037073431,0.03870873,0.010601283,0.010523769,0.017456069,0.017428926,0.088414634,0.090448679,0.031761309,0.031205537,0.018579415,0.015641248,0.000205664,0.000376195,-0.000180242,0.000458583,-0.000262629,-5.19e-05,-9.02e-05,-8.33e-05,-0.000181073,7.61e-06,0.004209575,0.004245317,0.004300082,0.003487062,0.008518104,0.008665735,0.002678913,0.077074563,0.064584135,0.047144832,0.65989513,0.650424916,0.665764175,0.007972125,0.648096942,0.025639357,0.000186202,0.00017009,0.000219259,0.000155395,0.001485464,0.001376922,0.001500168,0.001425439,0.000206276,0.000275032,0.000124027,0.000127828,,,,,Historical
1978-10-01,0.948193462,63.2,64.7,0.146860625,0.075733378,9.85,9.51,0.0,10.822,10.13,0.004174429,0.034692915,0.009411277,0.017280111,0.013477089,0.089855072,0.038453404,0.007549927,0.000552013,-0.000403521,0.000325123,0.001935791,0.00017734,-0.866025404,0.5,0.676391105,0.68,1.19,1.66,2.61,0.55,0.65,0.69,1.39,-0.38,-0.54,-0.64,-1.18,0.75,1.75,1.75,2.75,0.26,0.62,0.51,0.59,0.037656658,0.038034408,0.010438801,0.010359468,0.017430713,0.01741106,0.084848485,0.090575929,0.029679281,0.031961675,0.016986706,0.015139001,0.000190549,0.000460948,9.11e-05,0.000733403,-0.00018139,-5.04e-05,-0.000190097,-0.000213424,-0.000421097,1.76e-05,0.004191928,0.00422737,0.004281671,0.003474944,0.008446159,0.008591285,0.002671756,0.08326972,0.070846124,0.043482578,0.66216177,0.652372999,0.668422835,0.00796827,0.649191427,0.027199677,0.000192155,0.000212747,0.000252373,0.000166475,0.001485744,0.001387956,0.001614474,0.001462943,0.00018939,0.000199033,0.000135823,0.000126824,,,,,Historical
1978-11-01,0.898060845,63.3,64.1,0.147109168,0.076252434,10.36,9.84,-0.53,11.322,10.45,0.004157076,0.034466617,0.009382331,0.017255263,0.005319149,0.089337176,0.039553464,0.005996759,0.000391904,-0.000233586,0.000179125,0.001953749,0.000159787,-0.5,0.866025404,0.679044627,0.51,1.56,2.16,3.1,0.33,0.98,0.99,1.73,-0.53,-1.06,-1.18,-1.67,0.5,1.75,2.25,3.25,0.32,0.94,0.82,0.91,0.038847761,0.037534388,0.010293679,0.010205436,0.01740543,0.017390774,0.086826347,0.090421113,0.032633469,0.032962684,0.015399738,0.014279812,0.000176754,0.000134324,0.000257579,0.000557442,-0.000165538,-4.96e-05,-3.07e-05,-0.00020292,-0.000243746,1.02e-05,0.004174429,0.004209575,0.004263416,0.003462911,0.008375418,0.008518104,0.002664636,0.089431862,0.077074563,0.039865115,0.664558654,0.654299095,0.67108021,0.007964417,0.65028201,0.028762617,0.000125963,0.000305144,0.000251605,0.000170905,0.001449442,0.001477263,0.001717756,0.001504969,0.000159439,0.000212793,0.000146259,0.000126853,,,,,Historical
1978-12-01,0.847928229,63.4,63.5,0.14735771,0.076771491,10.46,9.92,-0.46,11.322,10.73,0.004139866,0.034241614,0.009353424,0.017230486,0.002645503,0.085959885,0.040004026,0.004449118,0.00023198,-6.38e-05,0.000152448,0.001952346,0.000151093,-2.45e-16,1.0,0.681696867,0.1,1.29,2.2,3.29,0.08,0.96,1.06,1.82,0.07,-0.84,-1.09,-1.64,0.0,1.25,2.25,3.25,0.28,0.86,1.21,1.2,0.040034214,0.037206824,0.01014884,0.010061653,0.017380221,0.017368078,0.092537313,0.089747446,0.036942971,0.034172613,0.013818479,0.013063728,0.000164274,-0.00019177,0.00042375,0.000381733,-0.000149753,-4.94e-05,0.000128507,-0.000192355,-6.66e-05,2.8e-06,0.004157076,0.004191928,0.004245317,0.00345096,0.008305853,0.008446159,0.002657555,0.09556125,0.08326972,0.036291625,0.667086001,0.656202911,0.673736299,0.007960568,0.651368711,0.030328157,7.06e-05,0.00012027,0.000236639,0.000177722,0.001387399,0.001457967,0.00180193,0.001552048,0.000130607,0.000129387,0.000150258,0.00012856,,,,,Historical
1979-01-01,0.797795612,63.6,62.2,0.147606253,0.077290547,10.85,9.88,-0.26,11.822,10.48,0.004122798,0.034017896,0.009324555,0.017205781,0.005277045,0.085470085,0.046079446,0.002906977,7.22e-05,0.000105694,6.53e-05,0.001807848,0.000207037,0.5,0.866025404,0.684347826,0.39,1.0,2.19,3.72,-0.04,0.37,1.02,1.52,0.2,-0.26,-0.8,-1.62,0.5,1.0,2.75,3.75,-0.25,0.35,0.97,0.96,0.041216046,0.037049896,0.010004281,0.009928105,0.017355085,0.017342976,0.09439528,0.089364777,0.037471139,0.036163506,0.012242899,0.011490794,0.000153105,-0.000517337,0.000589579,0.000206275,-0.000134034,-4.97e-05,0.000287422,-0.000181729,0.000110195,-4.5e-06,0.004139866,0.004174429,0.00422737,0.003439092,0.008237434,0.008375418,0.002650511,0.101658147,0.089431862,0.03276131,0.669744024,0.658084153,0.676391105,0.007956721,0.65245155,0.031896276,4.16e-05,5.71e-05,0.000209025,0.000179693,0.001308672,0.00139951,0.00184923,0.001593646,0.000118376,0.00010014,0.000159403,0.000135948,,,,,Historical
1979-02-01,0.974070197,63.4,62.6,0.146925828,0.077178418,10.82,10.0,-0.1,11.822,10.45,0.00570631,0.036239351,0.009346925,0.017238417,0.01312336,0.09039548,0.038783762,0.005247437,-5.78e-05,0.000232643,4.83e-05,0.001719401,0.000134107,0.866025404,0.5,0.686495342,-0.03,0.46,2.02,3.52,0.12,0.16,1.14,1.54,0.16,0.43,-0.63,-1.43,0.0,0.5,2.25,3.75,-0.03,0.0,0.94,0.94,0.039018819,0.037029157,0.009806194,0.00981001,0.017330021,0.017322719,0.097345133,0.089181684,0.038458695,0.037332391,0.010672967,0.01024659,0.000124012,-0.000160497,0.000102684,0.000291304,-0.000349117,-3.12e-05,5.69e-05,0.000175787,9.94e-06,0.000222708,0.004122798,0.004157076,0.004209575,0.004318653,0.008170134,0.008305853,0.008976901,0.10772281,0.09556125,0.03919519,0.672358914,0.660007939,0.679044627,0.007450715,0.655116655,0.031378688,4.09e-05,1.61e-05,0.000169151,0.000180311,0.001241166,0.001286988,0.001859946,0.001633499,0.000106523,0.000126566,0.000156032,0.000138247,,,,,Historical
1979-03-01,1.150344781,63.5,63.2,0.146245402,0.077066289,10.92,9.89,-0.19,11.822,10.31,0.005673933,0.03845077,0.009369261,0.01727096,0.010362694,0.092436975,0.036154181,0.007586764,-0.000187678,0.000359407,7.66e-05,0.001664605,0.000128851,1.0,6.12e-17,0.688631849,0.1,0.46,1.75,3.19,-0.11,-0.03,0.93,1.2,-0.09,0.27,-0.57,-1.08,0.0,0.5,1.75,3.25,-0.14,-0.42,0.44,0.78,0.036844562,0.037143935,0.009608526,0.009707341,0.01730503,0.017307293,0.084795322,0.08951688,0.038167728,0.037698464,0.009108653,0.009330535,7.7e-05,0.000195953,-0.000383631,0.000376195,-0.000563873,6.28e-06,-0.000173459,0.000532866,-9.02e-05,0.000449569,0.00570631,0.004139866,0.004191928,0.004300082,0.009059206,0.008237434,0.008897033,0.10781317,0.101658147,0.04559413,0.674929863,0.661973978,0.681696867,0.006934982,0.657780468,0.030851381,7.79e-05,5.66e-05,0.000141143,0.000180201,0.001231843,0.001198185,0.001838957,0.001669562,8.54e-05,0.000142442,0.000159702,0.000141865,,,,,Historical
1979-04-01,1.326619366,63.6,63.6,0.145564977,0.07695416,10.82,9.52,-0.1,11.822,10.25,0.005641921,0.040652223,0.009391564,0.017303409,0.007692308,0.097765363,0.037485421,0.009924958,-0.000317354,0.000485987,0.000149545,0.001661502,0.000149882,0.866025404,-0.5,0.69075743,-0.1,-0.03,0.97,2.63,-0.37,-0.36,0.01,0.7,0.09,0.16,-0.1,-0.74,0.0,0.0,1.0,2.75,-0.06,-0.23,0.12,0.63,0.034692915,0.037393566,0.009411277,0.009620071,0.017280111,0.017296685,0.089855072,0.090593286,0.038453404,0.038348975,0.007549927,0.008742056,1.22e-05,0.000552013,-0.000869367,0.000460948,-0.000778302,6.26e-05,-0.000403521,0.000889507,-0.000190097,0.000676084,0.005673933,0.004122798,0.004174429,0.004281671,0.008977874,0.008170134,0.008818574,0.107901937,0.10772281,0.051958414,0.677456066,0.663981986,0.684347826,0.006409604,0.660442992,0.030314438,0.000126435,0.000179536,0.00011188,0.000182127,0.001249957,0.001220499,0.001793242,0.001703858,0.000106562,0.000155482,0.000155126,0.000145475,,,,,Historical
1979-05-01,1.128762405,63.5,65.6,0.145980039,0.077175229,10.84,9.65,-0.08,11.822,10.26,0.005610268,0.039961339,0.009576724,0.017335766,0.010178117,0.093663912,0.034475925,0.01226202,-0.000408906,0.000426705,0.000238453,0.001674552,0.000223318,0.5,-0.866025404,0.692872171,0.02,0.02,0.48,2.64,0.13,-0.35,-0.19,0.8,0.02,0.02,0.45,-0.73,0.0,0.0,0.5,2.75,0.01,-0.19,-0.19,0.63,0.034466617,0.037486364,0.009382331,0.009560325,0.017255263,0.017290879,0.089337176,0.091163083,0.039553464,0.038502513,0.005996759,0.00848058,-3.31e-05,0.000391904,-0.00080081,0.000134324,-0.000543231,0.000100734,-0.000233586,0.000660291,-3.07e-05,0.000457371,0.005641921,0.00570631,0.004157076,0.004263416,0.008897989,0.009059206,0.008741486,0.107989152,0.10781317,0.058288323,0.679936728,0.666031679,0.686495342,0.006376829,0.663104227,0.029767944,0.000183736,0.000240195,0.000121768,0.000186687,0.001334056,0.001337781,0.001746709,0.001732232,9.72e-05,0.000121142,0.000165715,0.000155987,,,,,Historical
1979-06-01,0.930905444,63.5,67.0,0.146395102,0.077396299,10.78,9.73,-0.14,11.822,10.36,0.005578969,0.039274726,0.009761577,0.017368031,0.005037783,0.090163934,0.031401118,0.014597951,-0.00050029,0.000367533,0.000250196,0.001726184,0.000195455,1.22e-16,-1.0,0.694976153,-0.06,-0.14,0.32,2.52,0.08,-0.16,-0.19,0.87,-0.06,0.05,0.32,-0.77,0.0,0.0,0.5,2.75,0.1,0.05,-0.37,0.84,0.034241614,0.037423073,0.009353424,0.009528053,0.017230486,0.017289863,0.085959885,0.090965302,0.040004026,0.038040692,0.004449118,0.008545536,-5.88e-05,0.00023198,-0.00073227,-0.00019177,-0.00030852,0.000120653,-6.38e-05,0.000431381,0.000128507,0.000239026,0.005610268,0.005673933,0.004139866,0.004245317,0.008819513,0.008977874,0.008665735,0.108074855,0.107901937,0.064584135,0.682371059,0.668122774,0.688631849,0.006344304,0.665764175,0.029211978,0.000242241,0.000292683,0.00013806,0.00018735,0.001447298,0.001450206,0.001709015,0.001755473,0.0001271,0.00018145,0.000173108,0.000161683,,,,,Historical
1979-07-01,0.733048483,63.6,68.6,0.146810164,0.077617368,11.24,9.92,-0.22,12.322,10.4,0.005548016,0.038592342,0.009946124,0.017400205,0.007518797,0.083557951,0.03115727,0.016932753,-0.000591505,0.000308471,0.000251509,0.001703555,0.00027163,-0.5,-0.866025404,0.697069458,0.46,0.42,0.39,2.58,0.19,0.4,0.04,1.06,-0.08,-0.12,0.04,-0.76,0.5,0.5,0.5,3.25,0.04,0.15,-0.08,0.89,0.034017896,0.037204431,0.009324555,0.009523207,0.017205781,0.017293623,0.085470085,0.090062191,0.046079446,0.037514537,0.002906977,0.008936357,-6.5e-05,7.22e-05,-0.000663746,-0.000517337,-7.42e-05,0.000122407,0.000105694,0.000202777,0.000287422,2.1e-05,0.005578969,0.005641921,0.004122798,0.00422737,0.008742409,0.008897989,0.008591285,0.108159086,0.107989152,0.070846124,0.684758278,0.670254994,0.69075743,0.006312027,0.668422835,0.028646623,0.000230979,0.000232558,0.000169096,0.00018906,0.001524053,0.001496355,0.001691633,0.001770431,0.000152166,0.000184311,0.000183874,0.000171638,,,,,Historical
1979-08-01,0.600849597,63.7,68.6,0.147497947,0.078019068,11.45,10.52,-0.74,12.322,11.0,0.005517406,0.036481181,0.010149551,0.017432287,0.002487562,0.083333333,0.029219883,0.019266425,-0.000131428,6.1e-05,0.0002853,0.001731555,0.000254828,-0.866025404,-0.5,0.699152167,0.21,0.61,0.63,2.65,0.6,0.87,0.52,1.66,-0.52,-0.66,-0.64,-1.27,0.0,0.5,0.5,2.75,0.6,0.74,0.55,1.49,0.036239351,0.036992961,0.009346925,0.00955182,0.017238417,0.017302146,0.09039548,0.088894541,0.038783762,0.036744636,0.005247437,0.009652478,-6.26e-05,-5.78e-05,-7.36e-05,-0.000160497,2.91e-05,0.000122756,0.000232643,-0.000171602,5.69e-05,4.18e-06,0.005548016,0.005610268,0.00570631,0.004209575,0.008666642,0.008819513,0.008518104,0.108241881,0.108074855,0.077074563,0.687097608,0.672428062,0.692872171,0.006279996,0.67108021,0.028071957,0.000287548,0.000249552,0.000208595,0.000188873,0.001655102,0.001509098,0.001693659,0.001776802,0.000154335,0.000230143,0.000203994,0.000180013,,,,,Historical
1979-09-01,0.468650712,63.6,66.1,0.148185729,0.078420767,11.64,10.89,-0.79,12.822,11.45,0.005487131,0.034383281,0.010352626,0.017464278,0.009925558,0.09703504,0.028117696,0.021598968,0.000328195,-0.000186145,0.000231387,0.001749443,0.00021099,-1.0,-1.84e-16,0.701224361,0.19,0.86,0.72,2.47,0.37,1.16,1.0,1.93,-0.05,-0.65,-0.6,-1.17,0.5,1.0,1.0,2.75,0.45,1.09,1.14,1.58,0.03845077,0.036787855,0.009369261,0.009613828,0.01727096,0.017315416,0.092436975,0.089914517,0.036154181,0.035907133,0.007586764,0.010693338,-5.16e-05,-0.000187678,0.000515873,0.000195953,0.000132242,0.000121698,0.000359407,-0.000545552,-0.000173459,-1.27e-05,0.005517406,0.005578969,0.005673933,0.004191928,0.008592176,0.008742409,0.008446159,0.108323278,0.108159086,0.08326972,0.68938828,0.674641705,0.694976153,0.006248208,0.673736299,0.027488062,0.000244613,0.000186202,0.000234398,0.000187771,0.001790542,0.001485464,0.001707798,0.001773378,0.000106827,0.000206276,0.000217684,0.000188693,,,,,Historical
1979-10-01,0.336451826,63.9,66.3,0.148873512,0.078822467,13.61,11.75,-1.62,14.572,12.7,0.005457186,0.032298518,0.01055535,0.017496178,0.007371007,0.090425532,0.031743361,0.023930384,0.000787364,-0.000433087,0.000364942,0.001828381,0.000283472,-0.866025404,0.5,0.703286119,1.97,2.37,2.79,3.76,0.86,1.83,2.23,2.24,-0.83,-1.4,-1.52,-1.62,1.75,2.25,2.75,3.75,1.25,2.3,2.45,2.57,0.040652223,0.036588322,0.009391564,0.009709168,0.017303409,0.017333422,0.097765363,0.089962056,0.037485421,0.035347963,0.009924958,0.012058376,-3.19e-05,-0.000317354,0.001104717,0.000552013,0.00023535,0.000119235,0.000485987,-0.000919073,-0.000403521,-2.96e-05,0.005487131,0.005548016,0.005641921,0.004174429,0.00851898,0.008666642,0.008375418,0.108403312,0.108241881,0.089431862,0.691629531,0.67689565,0.697069458,0.006216661,0.676391105,0.026895014,0.000325123,0.000192155,0.000270298,0.000191089,0.001935791,0.001485744,0.001735611,0.001764427,0.00017734,0.00018939,0.000239949,0.000197537,,,,,Historical
1979-11-01,0.335426521,64.0,65.8,0.149526074,0.079177732,13.62,11.6,-1.47,14.822,13.66,0.005427567,0.030704691,0.01082418,0.017527988,0.009756098,0.095238095,0.030459988,0.026260673,0.000606291,-0.000250662,0.000329407,0.001770727,0.000384419,-0.5,0.866025404,0.70533752,0.01,2.17,2.78,3.26,-0.15,1.08,1.95,1.76,0.15,-0.73,-1.39,-0.94,0.25,2.5,3.0,3.5,0.96,2.66,3.4,3.21,0.039961339,0.036274828,0.009576724,0.009829322,0.017335766,0.017356149,0.093663912,0.090453799,0.034475925,0.034590173,0.01226202,0.013747036,-1.41e-05,-0.000408906,0.001015198,0.000391904,0.000214387,0.000117812,0.000426705,-0.000677367,-0.000233586,-1.71e-05,0.005457186,0.005517406,0.005610268,0.004157076,0.00844702,0.008592176,0.008305853,0.108482016,0.108323278,0.09556125,0.693820605,0.67918963,0.699152167,0.006185353,0.679044627,0.026292893,0.000179125,0.000125963,0.000285457,0.000203612,0.001953749,0.001449442,0.001751641,0.001749175,0.000159787,0.000159439,0.000266799,0.000216257,,,,,Historical
1979-12-01,0.334401216,64.0,65.0,0.150178637,0.079532997,13.66,11.68,-0.92,14.822,12.78,0.005398268,0.029119296,0.011092664,0.017559709,0.004830918,0.09762533,0.030089477,0.028589837,0.000425472,-6.85e-05,0.000194429,0.001722894,0.000239707,-2.45e-16,1.0,0.707378641,0.04,2.02,2.88,3.2,0.08,0.79,1.95,1.76,0.55,-0.13,-0.78,-0.46,0.0,2.0,3.0,3.5,-0.88,1.33,2.42,2.05,0.039274726,0.035847968,0.009761577,0.009974258,0.017368031,0.017383584,0.090163934,0.091425919,0.031401118,0.033763961,0.014597951,0.015758762,2.05e-06,-0.00050029,0.000925762,0.00023198,0.000193492,0.000117424,0.000367533,-0.000436026,-6.38e-05,-4.64e-06,0.005427567,0.005487131,0.005578969,0.004139866,0.008376265,0.00851898,0.008237434,0.108559423,0.108403312,0.101658147,0.695960753,0.681523377,0.701224361,0.00615428,0.681696867,0.025681774,0.000152448,7.06e-05,0.000276162,0.000207111,0.001952346,0.001387399,0.001751092,0.001730054,0.000151093,0.000130607,0.000274174,0.000223641,,,,,Historical
1980-01-01,0.333375911,64.2,63.8,0.150831199,0.079888262,13.5,12.49,-0.66,14.822,12.46,0.005369283,0.027542266,0.011360803,0.01759134,0.004807692,0.097112861,0.029672889,0.030917874,0.000244905,0.000113423,0.00013996,0.001612367,0.000248005,0.5,0.866025404,0.70940956,-0.16,-0.11,2.26,2.65,0.81,0.74,2.57,2.61,0.26,0.96,-0.44,-0.4,0.0,0.25,2.5,3.0,-0.32,-0.24,2.06,1.98,0.038592342,0.035308332,0.009946124,0.010143946,0.017400205,0.017415714,0.083557951,0.092396151,0.03115727,0.032396748,0.016932753,0.018093004,1.64e-05,-0.000591505,0.00083641,7.22e-05,0.000172664,0.000118069,0.000308471,-0.000195048,0.000105694,7.73e-06,0.005398268,0.005457186,0.005548016,0.004122798,0.008306686,0.00844702,0.008170134,0.108635566,0.108482016,0.10772281,0.698049231,0.683896627,0.703286119,0.006123441,0.684347826,0.025061733,6.53e-05,4.16e-05,0.000257571,0.000213333,0.001807848,0.001308672,0.001735894,0.001713764,0.000207037,0.000118376,0.000270237,0.000227055,,,,,Historical
1980-02-01,0.411137861,64.3,63.9,0.151163492,0.07997013,13.55,13.16,-0.71,14.822,12.7,0.015847074,0.024950764,0.011582182,0.017621889,0.011961722,0.095854922,0.034153568,0.026903309,-4.37e-05,0.000377487,8.1e-05,0.001499419,0.000190871,0.866025404,0.5,0.721699382,0.05,-0.07,2.1,2.73,0.67,1.56,2.64,3.16,-0.05,0.76,0.03,-0.61,0.0,0.0,2.5,3.0,0.24,-0.96,1.7,2.25,0.036481181,0.034367616,0.010149551,0.010330217,0.017432287,0.01744767,0.083333333,0.092851104,0.029219883,0.032010898,0.019266425,0.01989766,1.76e-05,-0.000131428,8.77e-05,-5.78e-05,1.41e-05,0.000130139,6.1e-05,0.000316447,0.000232643,0.000144845,0.005369283,0.005427567,0.005517406,0.00570631,0.008238254,0.008376265,0.009059206,0.108710475,0.108559423,0.10781317,0.700982901,0.686670908,0.70533752,0.016361863,0.686495342,0.03520404,4.83e-05,4.09e-05,0.00022352,0.000216058,0.001719401,0.001241166,0.001697205,0.001695432,0.000134107,0.000106523,0.000259577,0.000231786,,,,,Historical
1980-03-01,0.488899811,64.2,64.3,0.151495786,0.080051997,15.24,13.88,-0.82,15.572,13.89,0.015599857,0.02238198,0.011803217,0.01765235,0.007092199,0.092307692,0.031300259,0.022909324,-0.00033182,0.000641106,5.34e-05,0.001335101,0.000213789,1.0,6.12e-17,0.734021926,1.69,1.58,3.6,4.32,0.72,2.2,2.99,3.99,-0.11,0.1,-0.03,-0.63,0.75,0.75,2.75,3.75,1.19,1.11,2.44,3.58,0.034383281,0.033028551,0.010352626,0.010533047,0.017464278,0.017479452,0.09703504,0.092840331,0.028117696,0.031606405,0.021598968,0.02117454,5.6e-06,0.000328195,-0.000660015,-0.000187678,-0.000144142,0.000153614,-0.000186145,0.000827251,0.000359407,0.000281699,0.015847074,0.005398268,0.005487131,0.005673933,0.011556546,0.008306686,0.008977874,0.111454444,0.108635566,0.107901937,0.704765407,0.689847635,0.707378641,0.026643286,0.688631849,0.045390078,7.66e-05,7.79e-05,0.00019385,0.000214124,0.001664605,0.001231843,0.001628148,0.001667973,0.000128851,8.54e-05,0.000260044,0.000238864,,,,,Historical
1980-04-01,0.566661761,64.4,64.7,0.151828079,0.080133865,15.15,11.77,-0.34,16.572,16.14,0.015360235,0.019835618,0.012023907,0.017682721,0.007042254,0.091603053,0.032401154,0.018935762,-0.000619453,0.00090428,0.000146616,0.001339401,0.000139666,0.866025404,-0.5,0.746377323,-0.09,1.65,1.54,4.33,-2.11,-0.72,0.02,2.25,0.48,0.32,1.28,-0.24,1.0,1.75,2.0,4.75,2.25,3.68,3.44,5.89,0.032298518,0.031293834,0.01055535,0.010752409,0.017496178,0.017511062,0.090425532,0.092326805,0.031743361,0.031182716,0.023930384,0.02192544,-1.96e-05,0.000787364,-0.001406817,-0.000317354,-0.000302099,0.000188472,-0.000433087,0.001337367,0.000485987,0.000418294,0.015599857,0.005369283,0.005457186,0.005641921,0.011424518,0.008238254,0.008897989,0.114149581,0.108710475,0.107989152,0.709400398,0.693428232,0.70940956,0.036967763,0.69075743,0.055619892,0.000149545,0.000126435,0.000157462,0.00021388,0.001661502,0.001249957,0.001546652,0.001641131,0.000149882,0.000106562,0.000236076,0.000238012,,,,,Historical
1980-05-01,0.387500838,64.1,66.1,0.152534432,0.080225193,11.58,10.86,0.57,13.572,13.19,0.015127863,0.01744868,0.01234307,0.017713004,0.011655012,0.093198992,0.028937927,0.014982467,-0.000645848,0.000718929,0.000212492,0.001224058,0.000325843,0.5,-0.866025404,0.758765704,-3.57,-1.97,-2.04,0.74,-0.91,-2.3,-0.74,1.21,0.91,1.28,2.04,0.65,-3.0,-1.25,-1.25,1.75,-2.95,0.49,-0.47,2.93,0.030704691,0.029417779,0.01082418,0.010982938,0.017527988,0.017542498,0.095238095,0.092288061,0.030459988,0.030721216,0.026260673,0.022152144,-3.93e-05,0.000606291,-0.001252139,-0.000408906,-0.000236941,0.000212824,-0.000250662,0.000969591,0.000426705,0.000292224,0.015360235,0.015847074,0.005427567,0.005610268,0.011295473,0.011556546,0.008819513,0.116797179,0.111454444,0.108074855,0.714891526,0.697414127,0.721699382,0.037066321,0.692872171,0.065893533,0.000238453,0.000183736,0.000137976,0.000211716,0.001674552,0.001334056,0.00145554,0.00160359,0.000223318,9.72e-05,0.000226313,0.000246556,,,,,Historical
1980-06-01,0.208339916,64.2,67.9,0.153240786,0.080316521,10.38,10.51,0.81,13.072,12.12,0.014902417,0.01507335,0.012661588,0.017743199,0.011520737,0.100250627,0.031227982,0.011049285,-0.000672181,0.000534013,0.000251444,0.001273057,0.000200627,1.22e-16,-1.0,0.7711872,-1.2,-4.86,-3.28,-0.4,-0.35,-3.37,-1.17,0.78,0.24,1.63,1.73,0.95,-0.5,-2.5,-1.75,1.25,-1.07,-1.77,-0.66,1.76,0.029119296,0.027400997,0.011092664,0.011224605,0.017559709,0.017573762,0.09762533,0.093128619,0.030089477,0.030706788,0.028589837,0.021856422,-5.36e-05,0.000425472,-0.001097653,-0.00050029,-0.000171891,0.000226697,-6.85e-05,0.000602505,0.000367533,0.000166479,0.015127863,0.015599857,0.005398268,0.005578969,0.01116931,0.011424518,0.008742409,0.119398484,0.114149581,0.108159086,0.721242447,0.701806753,0.734021926,0.037165274,0.694976153,0.076211048,0.000250196,0.000242241,0.000147479,0.00021182,0.001726184,0.001447298,0.001380567,0.00156583,0.000195455,0.0001271,0.0002198,0.000246987,,,,,Historical
1980-07-01,0.029178993,64.0,68.8,0.153947139,0.080407849,10.06,11.53,1.21,12.072,12.29,0.014683592,0.012709544,0.012979461,0.017773307,0.006833713,0.099502488,0.026315333,0.007136061,-0.000698452,0.000349531,0.000215815,0.001267216,0.000219769,-0.5,-0.866025404,0.783641946,-0.32,-5.09,-3.44,-1.18,1.02,-0.24,-0.96,1.61,0.4,1.55,1.87,1.43,-1.0,-4.5,-2.75,-0.25,0.17,-3.85,-0.17,1.89,0.027542266,0.025244097,0.011360803,0.011477383,0.01759134,0.017604854,0.097112861,0.094457331,0.029672889,0.030303293,0.030917874,0.021040031,-6.26e-05,0.000244905,-0.000943357,-0.000591505,-0.000106947,0.000230119,0.000113423,0.000236108,0.000308471,4.11e-05,0.014902417,0.015360235,0.005369283,0.005548016,0.011045935,0.011295473,0.008666642,0.1219547,0.116797179,0.108241881,0.728456821,0.706607549,0.746377323,0.037264623,0.697069458,0.086572488,0.000251509,0.000230979,0.000160121,0.000208846,0.001703555,0.001524053,0.001323042,0.001529468,0.00027163,0.000152166,0.000215094,0.000242665,,,,,Historical
1980-08-01,0.037448605,64.1,68.8,0.154712635,0.080596003,10.49,12.3,0.42,12.072,12.64,0.0144711,0.011757099,0.013108256,0.017803326,0.011312217,0.109181141,0.027179647,0.003242645,-0.000248615,6.91e-05,0.000278993,0.001286067,0.000258266,-0.866025404,-0.5,0.796130075,0.43,-1.09,-3.06,-0.96,0.77,1.44,-0.86,1.78,-0.79,-0.15,1.13,1.16,0.0,-1.5,-2.75,-0.25,0.35,-0.55,-0.06,1.64,0.024950764,0.023183757,0.011582182,0.011723942,0.017621889,0.017635774,0.095854922,0.096611315,0.034153568,0.030133273,0.026903309,0.019704716,-7.23e-05,-4.37e-05,-0.000204914,-0.000131428,-0.000117188,0.000230794,0.000377487,-0.000308343,6.1e-05,8.1e-06,0.014683592,0.015127863,0.015847074,0.005517406,0.010925255,0.01116931,0.008592176,0.124466989,0.119398484,0.108323278,0.736538313,0.71181796,0.758765704,0.037364371,0.699152167,0.096977908,0.0002853,0.000287548,0.000193121,0.00020832,0.001731555,0.001655102,0.001287483,0.001492344,0.000254828,0.000154335,0.000226327,0.000242952,,,,,Historical
1980-09-01,0.045718217,64.3,66.7,0.155478131,0.080784156,10.95,12.97,0.29,12.072,13.7,0.014264671,0.010806785,0.013236777,0.017833259,0.006711409,0.105651106,0.031030936,-0.000631114,0.000200832,-0.000210999,0.00022569,0.00130092,0.000208936,-1.0,-1.84e-16,0.808651721,0.46,0.57,-4.29,-0.69,0.67,2.46,-0.91,2.08,-0.13,-0.52,1.11,1.08,0.0,-1.0,-3.5,-0.75,1.06,1.58,-0.19,2.25,0.02238198,0.021219049,0.011803217,0.011964288,0.01765235,0.017666523,0.092307692,0.09732932,0.031300259,0.030376043,0.022909324,0.017852209,-8.29e-05,-0.00033182,0.000532652,0.000328195,-0.000127363,0.000228723,0.000641106,-0.000852105,-0.000186145,-2.49e-05,0.0144711,0.014902417,0.015599857,0.005487131,0.010807184,0.011045935,0.00851898,0.126936473,0.1219547,0.108403312,0.745490593,0.717439436,0.7711872,0.037464521,0.701224361,0.10742736,0.000231387,0.000244613,0.000221842,0.000207846,0.001749443,0.001790542,0.001281786,0.001454967,0.00021099,0.000106827,0.000225518,0.000242781,,,,,Historical
1980-10-01,0.053987829,64.3,66.8,0.156243627,0.08097231,11.91,13.22,0.11,12.572,14.07,0.014064049,0.009858596,0.013365024,0.017863105,0.008888889,0.107317073,0.026089494,-0.004485364,0.000649889,-0.0004909,0.000367722,0.001360341,0.000306052,-0.866025404,0.5,0.821207019,0.96,1.85,-3.24,-1.7,0.25,1.69,1.45,1.47,-0.18,-1.1,0.45,1.73,0.5,0.5,-4.0,-2.0,0.37,1.78,-2.07,1.37,0.019835618,0.019349056,0.012023907,0.012198428,0.017682721,0.0176971,0.091603053,0.098736948,0.032401154,0.029904888,0.018935762,0.01548423,-9.44e-05,-0.000619453,0.001269342,0.000787364,-0.000137474,0.000223905,0.00090428,-0.00139518,-0.000433087,-5.78e-05,0.014264671,0.014683592,0.015360235,0.005457186,0.010691638,0.010925255,0.00844702,0.129364238,0.124466989,0.108482016,0.755317335,0.723473433,0.783641946,0.037565073,0.703286119,0.1179209,0.000364942,0.000325123,0.000258693,0.000208077,0.001828381,0.001935791,0.001285277,0.001415964,0.000283472,0.00017734,0.000253249,0.000244662,,,,,Historical
1980-11-01,0.050569257,64.4,66.3,0.156635857,0.080948292,13.7,13.08,-0.07,13.572,14.2,0.013868991,0.008884681,0.01329114,0.017892865,0.013215859,0.111111111,0.026254271,-0.008320251,0.000438419,-0.000284189,0.000291189,0.001413036,0.000236161,-0.5,0.866025404,0.833796106,1.79,3.21,2.12,0.08,-0.14,0.78,2.22,1.48,-0.18,-0.49,-0.64,1.4,1.0,1.5,0.0,-1.25,0.13,1.56,1.01,0.54,0.01744868,0.017530721,0.01234307,0.012404007,0.017713004,0.017727506,0.093198992,0.1000597,0.028937927,0.029554411,0.014982467,0.012602486,-0.000108379,-0.000645848,0.001084267,0.000606291,-0.000167872,0.000221111,0.000718929,-0.001003117,-0.000250662,-3.35e-05,0.014064049,0.0144711,0.015127863,0.005427567,0.010578536,0.010807184,0.008376265,0.131751332,0.126936473,0.108559423,0.766022217,0.729921411,0.796130075,0.037666031,0.70533752,0.128458586,0.000329407,0.000179125,0.000271809,0.000204893,0.001770727,0.001953749,0.001316773,0.001386156,0.000384419,0.000159787,0.000238302,0.000232308,,,,,Historical
1980-12-01,0.047150684,64.4,65.5,0.157028086,0.080924273,17.01,12.53,-0.28,18.072,14.8,0.013679271,0.007912925,0.013217391,0.017922539,0.004347826,0.110576923,0.026135752,-0.012135922,0.000227161,-7.77e-05,0.000220114,0.001428618,0.000202453,-2.45e-16,1.0,0.846419117,3.31,6.06,6.63,3.35,-0.55,-0.44,2.02,0.85,-0.21,-0.57,-1.09,0.64,4.5,6.0,5.0,3.25,0.6,1.1,2.68,2.02,0.01507335,0.015763524,0.012661588,0.012581068,0.017743199,0.017757742,0.100250627,0.101138999,0.031227982,0.029224934,0.011049285,0.009208673,-0.000124905,-0.000672181,0.000899341,0.000425472,-0.000198311,0.000220345,0.000534013,-0.000611697,-6.85e-05,-9.19e-06,0.013868991,0.014264671,0.014902417,0.005398268,0.010467802,0.010691638,0.008306686,0.134098769,0.129364238,0.108635566,0.777608923,0.736784838,0.808651721,0.037767396,0.707378641,0.139040476,0.000194429,0.000152448,0.000266587,0.000207033,0.001722894,0.001952346,0.0013427,0.001361633,0.000239707,0.000151093,0.000238606,0.000229203,,,,,Historical
1981-01-01,0.043732112,64.8,64.5,0.157420316,0.080900255,16.86,13.06,-0.1,18.072,14.37,0.013494671,0.006943322,0.013143775,0.017952128,0.015151515,0.122009569,0.028800776,-0.015932521,1.61e-05,0.000128612,0.000176682,0.001326257,0.000276943,0.5,0.866025404,0.85907619,-0.15,4.95,6.8,3.36,0.53,-0.16,1.53,0.57,0.18,-0.21,-1.31,0.56,0.0,5.5,6.0,3.25,-0.43,0.3,2.08,1.91,0.012709544,0.014046945,0.012979461,0.012729649,0.017773307,0.017787808,0.099502488,0.103213725,0.026315333,0.029152258,0.007136061,0.005304473,-0.000143971,-0.000698452,0.000714566,0.000244905,-0.000228791,0.000221611,0.000349531,-0.000220919,0.000113423,1.52e-05,0.013679271,0.014064049,0.014683592,0.005369283,0.010359362,0.010578536,0.008238254,0.136407527,0.131751332,0.108710475,0.790081142,0.744065187,0.821207019,0.037869171,0.70940956,0.149666631,0.00013996,6.53e-05,0.000260065,0.000210093,0.001612367,0.001807848,0.00135254,0.001337791,0.000248005,0.000207037,0.000248135,0.000231615,,,,,Historical
1981-02-01,0.228515889,65.1,65.1,0.157639472,0.080781386,16.83,13.56,-0.28,18.072,14.47,0.00487798,0.007048589,0.013055994,0.018395574,0.010660981,0.120567376,0.032737414,-0.020098538,-0.000234108,0.00035194,0.000137227,0.001232106,0.000228494,0.866025404,0.5,0.868099761,-0.03,3.13,6.34,3.28,0.5,0.48,1.26,0.4,-0.18,-0.21,-0.7,0.43,0.0,4.5,6.0,3.25,0.1,0.27,1.83,1.77,0.011757099,0.012555097,0.013108256,0.012852467,0.017803326,0.017852282,0.109181141,0.105273096,0.027179647,0.029034245,0.003242645,0.001387653,-0.000159838,-0.000248615,1.45e-05,-4.37e-05,-0.000190407,0.000219482,6.91e-05,0.000282796,0.000377487,-2.55e-05,0.013494671,0.013868991,0.0144711,0.015847074,0.010253146,0.010467802,0.011556546,0.138678557,0.134098769,0.111454444,0.802281174,0.751632037,0.833796106,0.034303655,0.721699382,0.146400378,8.1e-05,4.83e-05,0.000236437,0.000214779,0.001499419,0.001719401,0.001343547,0.001315515,0.000190871,0.000134107,0.000243173,0.00023475,,,,,Historical
1981-03-01,0.413299666,65.1,65.4,0.157858629,0.080662517,16.44,13.95,-0.56,17.572,14.95,0.004854301,0.007153461,0.012968388,0.018837697,0.012658228,0.126760563,0.032401326,-0.024275646,-0.000484015,0.000574988,0.000215041,0.001200781,0.000243995,1.0,6.12e-17,0.877224719,-0.39,-0.57,5.49,1.2,0.39,1.42,0.98,0.07,-0.28,-0.28,-0.85,0.26,-0.5,-0.5,5.5,2.0,0.48,0.15,1.25,1.06,0.010806785,0.011286054,0.013236777,0.012949564,0.017833259,0.01795106,0.105651106,0.108144169,0.031030936,0.029126001,-0.000631114,-0.002544428,-0.000172521,0.000200832,-0.000684847,-0.00033182,-0.000152195,0.000213972,-0.000210999,0.000785987,0.000641106,-6.61e-05,0.00487798,0.013679271,0.014264671,0.015599857,-0.012064698,0.010359362,0.011424518,0.112088838,0.136407527,0.114149581,0.81421474,0.759490074,0.846419117,0.030805602,0.734021926,0.143202793,5.34e-05,7.66e-05,0.000234662,0.000228252,0.001335101,0.001664605,0.001326857,0.001304322,0.000213789,0.000128851,0.000249016,0.000237267,,,,,Historical
1981-04-01,0.598083443,65.0,65.8,0.158077785,0.080543648,17.35,15.41,-0.71,18.072,15.65,0.00483085,0.007257938,0.012880957,0.019278504,0.00625,0.125874126,0.028480505,-0.028463891,-0.000733609,0.000797755,0.000561734,0.001531293,0.000228915,0.866025404,-0.5,0.886452785,0.91,0.49,5.44,2.2,1.46,2.35,2.19,3.64,-0.15,-0.61,-0.82,-0.37,0.5,0.0,5.5,1.5,0.7,1.28,1.58,-0.49,0.009858596,0.010237914,0.013365024,0.013020985,0.017863105,0.018084042,0.107317073,0.111000091,0.026089494,0.02879928,-0.004485364,-0.006494399,-0.000182034,0.000649889,-0.001383498,-0.000619453,-0.000114156,0.000205095,-0.0004909,0.001288655,0.00090428,-0.000106525,0.004854301,0.013494671,0.014064049,0.015360235,-0.012212032,0.010253146,0.011295473,0.086099806,0.138678557,0.116797179,0.825887695,0.767644047,0.85907619,0.027376594,0.746377323,0.140075462,0.000146616,0.000149545,0.000266998,0.000262845,0.001339401,0.001661502,0.001355349,0.001320313,0.000139666,0.000149882,0.00023616,0.000244704,,,,,Historical
1981-05-01,0.464384772,65.1,67.7,0.158332193,0.080418716,18.43,15.45,-1.26,19.322,17.02,0.004807625,0.007821304,0.012723671,0.019718,0.008281573,0.122119816,0.034488595,-0.032663317,-0.001063785,0.001090516,0.000539268,0.001807713,0.000257967,0.5,-0.866025404,0.895785714,1.08,1.6,4.73,6.85,0.04,1.89,2.37,4.59,-0.55,-0.98,-1.19,-1.83,1.25,1.25,5.75,5.75,1.37,2.55,2.82,3.83,0.008884681,0.009435633,0.01329114,0.013052702,0.017892865,0.018251125,0.111111111,0.11341016,0.026254271,0.029261836,-0.008320251,-0.010464881,-0.000216862,0.000438419,-0.001502204,-0.000645848,-0.000417937,0.000236061,-0.000284189,0.001374704,0.000718929,0.000371587,0.00483085,0.00487798,0.013868991,0.015127863,-0.01236301,-0.012064698,0.01116931,0.060691333,0.112088838,0.119398484,0.837306029,0.776098778,0.868099761,0.027685954,0.758765704,0.137020011,0.000212492,0.000238453,0.000308344,0.000290077,0.001224058,0.001674552,0.001421128,0.001368951,0.000325843,0.000223318,0.000239794,0.000239048,,,,,Historical
1981-06-01,0.3306861,65.2,69.5,0.158586602,0.080293783,18.83,15.65,-1.16,19.822,17.75,0.004784622,0.008384561,0.012566803,0.02015619,0.016427105,0.127562642,0.034457744,-0.036873968,-0.001393333,0.001382719,0.000672471,0.002178819,0.000296935,1.22e-16,-1.0,0.905225306,0.4,2.39,1.82,8.45,0.2,1.7,3.12,5.14,0.1,-0.6,-0.88,-1.97,0.5,2.25,1.75,6.75,0.73,2.8,2.95,5.63,0.007912925,0.008878234,0.013217391,0.013044803,0.017922539,0.018452208,0.110576923,0.115686161,0.026135752,0.029530983,-0.012135922,-0.014458485,-0.000276958,0.000227161,-0.001620494,-0.000672181,-0.000721152,0.000306786,-7.77e-05,0.001460404,0.000534013,0.000848706,0.004807625,0.004854301,0.013679271,0.014902417,-0.012517767,-0.012212032,0.011045935,0.035844181,0.086099806,0.1219547,0.848475872,0.784859159,0.877224719,0.028000587,0.7711872,0.134038106,0.000251444,0.000250196,0.000383737,0.000325162,0.001273057,0.001726184,0.001546162,0.001444431,0.000200627,0.000195455,0.000255541,0.000247074,,,,,Historical
1981-07-01,0.196987429,64.9,70.2,0.15884101,0.080168851,20.29,17.96,-1.7,20.822,18.1,0.004761839,0.008947709,0.01241035,0.020593081,0.008080808,0.128959276,0.031687583,-0.04109589,-0.001722255,0.001674367,0.000423567,0.002308959,0.000286037,-0.5,-0.866025404,0.914773399,1.46,2.94,3.43,10.23,2.31,2.55,4.9,6.43,-0.54,-0.99,-1.6,-2.91,1.0,2.75,2.75,8.75,0.35,2.45,3.73,5.81,0.006943322,0.008564747,0.013143775,0.012997377,0.017952128,0.018687189,0.122009569,0.118140894,0.028800776,0.02997867,-0.015932521,-0.018477815,-0.000362275,1.61e-05,-0.001738369,-0.000698452,-0.001023803,0.000417189,0.000128612,0.001545755,0.000349531,0.001324836,0.004784622,0.00483085,0.013494671,0.014683592,-0.012676448,-0.01236301,0.010925255,0.011539952,0.060691333,0.124466989,0.859403493,0.793930157,0.886452785,0.028320615,0.783641946,0.131131453,0.000215815,0.000251509,0.000424885,0.000342475,0.001267216,0.001703555,0.001709945,0.001531243,0.000219769,0.00027163,0.000257057,0.000252596,,,,,Historical
1981-08-01,0.283074768,64.8,70.1,0.159246086,0.080126903,20.82,17.63,-2.05,22.572,20.5,0.004739271,0.010296972,0.012563097,0.021028678,0.008016032,0.125279642,0.028363122,-0.045329129,-0.000834499,0.000912938,0.000444349,0.002344513,0.000402137,-0.866025404,-0.5,0.924431874,0.53,2.39,3.99,10.33,-0.33,2.18,4.07,5.33,-0.35,-0.79,-1.77,-2.47,1.75,3.25,4.5,10.5,2.4,3.48,6.03,7.86,0.007048589,0.00844307,0.013055994,0.012951947,0.018395574,0.018955968,0.120567376,0.119482435,0.032737414,0.030077293,-0.020098538,-0.022525463,-0.000411099,-0.000234108,-0.000600391,-0.000248615,-0.000585884,0.000487505,0.00035194,0.000560998,6.91e-05,0.000843794,0.004761839,0.004807625,0.00487798,0.0144711,-0.012839203,-0.012517767,0.010807184,-0.012238956,0.035844181,0.126936473,0.870095309,0.803316811,0.895785714,0.02864616,0.796130075,0.1283018,0.000278993,0.0002853,0.000476072,0.000356254,0.001286067,0.001731555,0.001895346,0.001619446,0.000258266,0.000254828,0.000285998,0.000264585,,,,,Historical
1981-09-01,0.369162107,65.3,67.3,0.159651163,0.080084956,19.35,18.78,-1.28,21.072,20.66,0.004716916,0.011645751,0.012715481,0.021462987,0.007952286,0.126666667,0.03391152,-0.049573729,5.1e-05,0.000153447,0.000360206,0.002311428,0.000387221,-1.0,-1.84e-16,0.934202658,-1.47,0.52,2.91,8.4,1.15,3.13,4.83,5.81,0.77,-0.12,-0.72,-1.57,-1.5,1.25,3.5,9.0,0.16,2.91,5.71,6.96,0.007153461,0.008512984,0.012968388,0.012908506,0.018837697,0.019258446,0.126760563,0.121233732,0.032401326,0.030317342,-0.024275646,-0.026604014,-0.000423585,-0.000484015,0.000535013,0.000200832,-0.000149834,0.000517876,0.000574988,-0.000421541,-0.000210999,0.000364446,0.004739271,0.004784622,0.004854301,0.014264671,-0.013006192,-0.012676448,0.010691638,-0.035509394,0.011539952,0.129364238,0.880557887,0.81302424,0.905225306,0.028977352,0.808651721,0.125550937,0.00022569,0.000231387,0.000500266,0.000367464,0.00130092,0.001749443,0.002080454,0.001703655,0.000208936,0.00021099,0.000309869,0.000279443,,,,,Historical
1981-10-01,0.455249446,65.2,67.0,0.160056239,0.080043008,17.96,17.15,-0.67,19.822,19.74,0.004694771,0.012994044,0.012867501,0.021896014,0.009861933,0.127753304,0.030469547,-0.053829737,0.000934245,-0.000604115,0.000202552,0.002177032,0.000329669,-0.866025404,0.5,0.944087719,-1.39,-2.33,0.61,6.05,-1.63,-0.81,1.74,3.93,0.61,1.03,0.04,-0.78,-1.25,-1.0,1.75,7.25,-0.92,1.64,4.09,5.67,0.007257938,0.008774271,0.012880957,0.012867046,0.019278504,0.019594521,0.125874126,0.122936751,0.028480505,0.030682346,-0.028463891,-0.030716045,-0.000399889,-0.000733609,0.001667853,0.000649889,0.000284355,0.000508441,0.000797755,-0.00140187,-0.0004909,-0.000113215,0.004716916,0.004761839,0.00483085,0.014064049,-0.013177582,-0.012839203,0.010578536,-0.058287497,-0.012238956,0.131751332,0.890797946,0.82305764,0.914773399,0.02931432,0.821207019,0.1228807,0.000367722,0.000364942,0.000440402,0.0003537,0.001360341,0.001828381,0.002188077,0.001771713,0.000306052,0.000283472,0.000326661,0.000281411,,,,,Historical
1981-11-01,0.538911511,65.0,66.3,0.160598139,0.080079674,15.07,13.52,0.75,17.072,18.0,0.004672834,0.015230758,0.012820021,0.022327765,0.0078125,0.12173913,0.02722638,-0.058097198,0.00077524,-0.000413212,0.000128798,0.002005019,0.000296684,-0.5,0.866025404,0.954089076,-2.89,-5.75,-3.36,1.37,-3.63,-4.11,-1.93,0.44,1.42,2.8,2.01,0.82,-2.75,-5.5,-2.25,3.5,-1.74,-2.5,0.98,3.8,0.007821304,0.009303111,0.012723671,0.012827786,0.019718,0.019964096,0.122119816,0.12382242,0.034488595,0.030763355,-0.032663317,-0.034864124,-0.00037182,-0.001063785,0.001839025,0.000438419,0.000336822,0.000497689,0.001090516,-0.001503728,-0.000284189,-0.000129024,0.004694771,0.004739271,0.004807625,0.013868991,-0.01335355,-0.013006192,0.010467802,-0.080588727,-0.035509394,0.134098769,0.90082236,0.833422288,0.924431874,0.029657201,0.833796106,0.12029297,0.000291189,0.000329407,0.000371991,0.000340167,0.001413036,0.001770727,0.002220962,0.001821045,0.000236161,0.000384419,0.000333114,0.000286454,,,,,Historical
1981-12-01,0.622573575,64.9,65.1,0.161140038,0.080116339,14.41,15.24,0.05,17.072,16.99,0.0046511,0.017466821,0.01277262,0.022758245,0.003875969,0.121212121,0.024437952,-0.062376159,0.000616473,-0.000222594,0.000192831,0.001837815,0.000356243,-2.45e-16,1.0,0.964208791,-0.66,-4.94,-4.42,-2.6,1.72,-3.54,-0.41,2.71,-0.7,1.33,1.21,0.33,0.0,-4.0,-2.75,-1.0,-1.01,-3.67,-0.76,2.19,0.008384561,0.010099269,0.012566803,0.012790721,0.02015619,0.020367072,0.127562642,0.124708686,0.034457744,0.030621872,-0.036873968,-0.03905081,-0.000339378,-0.001393333,0.002009806,0.000227161,0.000389312,0.000485613,0.001382719,-0.001605313,-7.77e-05,-0.000144909,0.004672834,0.004716916,0.004784622,0.013679271,-0.013534281,-0.013177582,0.010359362,-0.102427904,-0.058287497,0.136407527,0.910638166,0.844123545,0.934202658,0.030006133,0.846419117,0.117789674,0.000220114,0.000194429,0.000292051,0.000337894,0.001428618,0.001722894,0.002164128,0.001855145,0.000202453,0.000239707,0.000342998,0.00029927,,,,,Historical
1982-01-01,0.70623564,64.6,63.5,0.161681938,0.080153005,14.34,16.17,-0.01,16.323,17.41,0.004629567,0.019702232,0.012725298,0.023187459,0.007722008,0.113006397,0.013761695,-0.066666667,0.000457941,-3.23e-05,9.77e-05,0.001657836,0.000269071,0.5,0.866025404,0.97444898,-0.07,-3.62,-5.95,-2.52,0.93,-0.98,-1.79,3.11,-0.06,0.66,1.69,0.09,-0.749,-3.499,-4.499,-1.749,0.42,-2.33,-0.69,3.04,0.008947709,0.011162512,0.01241035,0.012755848,0.020593081,0.02080335,0.128959276,0.123958422,0.031687583,0.029368615,-0.04109589,-0.043278656,-0.000302559,-0.001722255,0.002180195,1.61e-05,0.000441826,0.000472208,0.001674367,-0.001706626,0.000128612,-0.000160871,0.0046511,0.004694771,0.004761839,0.013494671,-0.013719971,-0.01335355,0.010253146,-0.12381924,-0.080588727,0.138678557,0.920252565,0.855166854,0.944087719,0.03036126,0.85907619,0.115372789,0.000176682,0.00013996,0.000237734,0.000331309,0.001326257,0.001612367,0.002055607,0.001882776,0.000276943,0.000248005,0.000340171,0.000298614,,,,,Historical
1982-02-01,0.671022816,64.5,63.5,0.161961014,0.080164582,14.58,15.0,-0.02,16.323,18.17,0.005335008,0.019710759,0.012651178,0.023169904,0.011494253,0.113924051,0.006287398,-0.062090982,0.000405609,-2.36e-05,6.88e-05,0.001404269,0.000314431,0.866025404,0.5,0.980328455,0.24,-0.49,-6.24,-2.25,-1.17,1.48,-2.63,1.44,-0.01,-0.77,2.03,0.26,0.0,-0.749,-6.249,-1.749,0.76,0.17,-2.33,3.7,0.010296972,0.012217692,0.012563097,0.012722114,0.021028678,0.02120121,0.125279642,0.123404811,0.028363122,0.027164447,-0.045329129,-0.046778026,-0.000249249,-0.000834499,0.001240107,-0.000234108,0.000639716,0.00044091,0.000912938,-0.000936563,0.00035194,-0.000375565,0.004629567,0.004672834,0.004739271,0.00487798,-0.013910827,-0.013534281,-0.012064698,-0.144776371,-0.102427904,0.112088838,0.929604956,0.865943065,0.954089076,0.026239379,0.868099761,0.112228694,0.000137227,8.1e-05,0.000175145,0.000325608,0.001232106,0.001499419,0.0018989,0.001897123,0.000228494,0.000190871,0.000325553,0.000305775,,,,,Historical
1982-03-01,0.635809992,64.6,63.7,0.162240089,0.080176158,15.07,15.21,-0.37,16.822,18.61,0.005306696,0.019719252,0.012577193,0.023152416,0.013257576,0.114583333,0.008127278,-0.057463884,0.000353382,-1.5e-05,8.01e-05,0.00133132,0.00014849,1.0,6.12e-17,0.98621594,0.49,0.66,-4.28,-1.37,0.21,-0.03,-3.57,1.26,-0.35,-0.42,0.91,0.19,0.499,-0.25,-4.25,-0.75,0.44,1.62,-2.05,3.66,0.011645751,0.013264842,0.012715481,0.012689514,0.021462987,0.02156077,0.126666667,0.122390042,0.03391152,0.02514161,-0.049573729,-0.049543713,-0.000179466,5.1e-05,0.000302384,-0.000484015,0.000837397,0.000391744,0.000153447,-0.000168456,0.000574988,-0.000589997,0.005335008,0.0046511,0.004716916,0.004854301,0.01549179,-0.013719971,-0.012212032,-0.120921611,-0.12381924,0.086099806,0.938687558,0.876451149,0.964208791,0.022007149,0.877224719,0.108991221,0.000215041,5.34e-05,0.000128465,0.000314365,0.001200781,0.001335101,0.001735548,0.001908001,0.000243995,0.000213789,0.000285765,0.000297817,,,,,Historical
1982-04-01,0.600597168,64.5,63.4,0.162519165,0.080187735,14.98,15.08,-0.43,16.822,18.48,0.005278684,0.019727712,0.012503343,0.023134995,0.005607477,0.113871636,0.007961195,-0.052784504,0.00030126,-6.41e-06,0.000186607,0.001359568,0.000155824,0.866025404,-0.5,0.992111452,-0.09,0.64,-2.98,-2.37,-0.13,-1.09,-2.07,-0.33,-0.06,-0.42,0.24,0.28,0.0,0.499,-3.0,-1.25,-0.13,1.07,-1.26,2.83,0.012994044,0.01430399,0.012867501,0.012658046,0.021896014,0.021882144,0.127753304,0.121389835,0.030469547,0.023431668,-0.053829737,-0.05157043,-9.32e-05,0.000934245,-0.000632985,-0.000733609,0.001034869,0.00032473,-0.000604115,0.000597705,0.000797755,-0.000804165,0.005306696,0.004629567,0.004694771,0.00483085,0.015255456,-0.013910827,-0.01236301,-0.096477018,-0.144776371,0.060691333,0.947492447,0.886690071,0.97444898,0.017662472,0.886452785,0.105658667,0.000561734,0.000146616,0.000125808,0.000283105,0.001531293,0.001339401,0.001599305,0.001893691,0.000228915,0.000139666,0.00025679,0.000291726,,,,,Historical
1982-05-01,0.584979277,64.5,64.8,0.163423257,0.080735134,15.18,14.88,0.01,16.822,18.31,0.005250966,0.020939563,0.012324238,0.023117641,0.013011152,0.119096509,0.005751452,-0.048051948,0.000105534,0.000209544,0.000169148,0.0012949,0.000231549,0.5,-0.866025404,0.998015007,0.2,0.6,0.11,-3.25,-0.2,-0.12,1.36,-0.57,0.44,0.03,-0.74,1.27,0.0,0.499,-0.25,-2.5,-0.17,0.14,0.31,1.29,0.015230758,0.015397178,0.012820021,0.01262476,0.022327765,0.022165448,0.12173913,0.121137892,0.02722638,0.021036906,-0.058097198,-0.052852816,4.22e-06,0.00077524,-0.000669707,-0.001063785,0.001169318,0.000251316,-0.000413212,0.000622756,0.001090516,-0.000880972,0.005278684,0.005335008,0.004672834,0.004807625,0.015026224,0.01549179,-0.012517767,-0.071420441,-0.120921611,0.035844181,0.956011555,0.896658792,0.980328455,0.017686552,0.895785714,0.102229293,0.000539268,0.000212492,0.000132533,0.000252262,0.001807713,0.001224058,0.001480951,0.001850957,0.000257967,0.000325843,0.000245935,0.000289524,,,,,Historical
1982-06-01,0.569361385,64.4,65.8,0.164327349,0.081282533,16.33,15.98,-0.01,18.072,18.3,0.005223537,0.022149824,0.012145553,0.023100353,0.011009174,0.113131313,0.003359536,-0.043265306,-8.98e-05,0.000425052,0.000250711,0.001308568,0.000234271,1.22e-16,-1.0,1.003926621,1.15,1.26,1.92,-2.5,1.1,0.77,0.74,0.33,-0.02,0.36,-0.06,1.15,1.25,1.25,1.0,-1.75,-0.01,-0.31,1.31,0.55,0.017466821,0.016544283,0.01277262,0.012589656,0.022758245,0.022410795,0.121212121,0.119935282,0.024437952,0.018445388,-0.062376159,-0.053385428,0.000112845,0.000616473,-0.000706261,-0.001393333,0.001303545,0.00017151,-0.000222594,0.000647646,0.001382719,-0.000957667,0.005250966,0.005306696,0.0046511,0.004784622,0.014803779,0.015255456,-0.012676448,-0.045728608,-0.096477018,0.011539952,0.964236664,0.906356268,0.98621594,0.017710681,0.905225306,0.098701315,0.000672471,0.000251444,0.000142179,0.000217115,0.002178819,0.001273057,0.001392743,0.001778436,0.000296935,0.000200627,0.000225606,0.000284302,,,,,Historical
1982-07-01,0.553743494,64.7,66.3,0.165231441,0.081829932,15.25,15.83,0.14,17.072,18.42,0.005196393,0.0233585,0.011967285,0.023083132,0.005444646,0.110220441,0.011706151,-0.038423645,-0.000284707,0.000640114,0.000196592,0.001279268,0.000224992,-0.5,-0.866025404,1.009846311,-1.08,0.27,0.91,-5.04,-0.15,0.75,-0.34,-2.13,0.15,0.57,0.15,1.84,-1.0,0.25,0.749,-3.75,0.12,-0.06,1.01,0.32,0.019702232,0.017745182,0.012725298,0.012552734,0.023187459,0.022618299,0.113006397,0.118373712,0.013761695,0.016780269,-0.066666667,-0.053162741,0.000232641,0.000457941,-0.000742648,-0.001722255,0.001437548,8.53e-05,-3.23e-05,0.000672373,0.001674367,-0.001034253,0.005223537,0.005278684,0.004629567,0.004761839,0.014587824,0.015026224,-0.012839203,-0.019377049,-0.071420441,-0.012238956,0.972159407,0.91578145,0.992111452,0.01773486,0.914773399,0.095072912,0.000423567,0.000215815,0.000158666,0.0001982,0.002308959,0.001267216,0.001329649,0.001692628,0.000286037,0.000219769,0.000218259,0.000279215,,,,,Historical
1982-08-01,0.461524198,64.3,65.5,0.166907365,0.082729406,13.7,13.79,0.62,15.822,17.92,0.00516953,0.022751669,0.011634557,0.023065976,0.003610108,0.105367793,0.008129349,-0.033526012,0.000189992,0.000222669,0.000186142,0.001256693,0.000210709,-0.866025404,-0.5,1.015774094,-1.55,-1.48,-0.88,-7.12,-2.04,-1.09,-1.21,-3.84,0.48,0.61,0.64,2.67,-1.25,-1.0,-0.501,-6.75,-0.5,-0.39,-0.25,-2.58,0.019710759,0.018783074,0.012651178,0.012475356,0.023169904,0.022788074,0.113924051,0.116714391,0.006287398,0.015094121,-0.062090982,-0.052179148,0.000318015,0.000405609,-0.000215617,-0.000834499,0.001024491,2.78e-05,-2.36e-05,0.000246294,0.000912938,-0.000690269,0.005196393,0.005250966,0.005335008,0.004739271,0.014378079,0.014803779,-0.013006192,0.007659977,-0.045728608,-0.035509394,0.979771259,0.924933284,0.998015007,0.017759088,0.924431874,0.09134222,0.000444349,0.000278993,0.000178221,0.000176683,0.002344513,0.001286067,0.001305053,0.001601976,0.000402137,0.000258266,0.000200972,0.000263263,,,,,Historical
1982-09-01,0.369304903,64.4,63.3,0.16858329,0.08362888,12.73,13.08,0.91,14.822,16.69,0.005142944,0.022146675,0.011302722,0.023048885,0.005395683,0.102564103,8.92e-05,-0.028571429,0.00066339,-0.000193632,0.000207482,0.001204967,0.000254951,-1.0,-1.84e-16,1.021709986,-0.97,-3.6,-2.34,-6.62,-0.71,-2.9,-2.13,-5.7,0.29,0.92,1.28,2.19,-1.0,-3.25,-2.0,-6.25,-1.23,-1.61,-1.92,-3.97,0.019719252,0.019658151,0.012577193,0.012357626,0.023152416,0.022920232,0.114583333,0.114705844,0.008127278,0.012275594,-0.057463884,-0.050428956,0.000369047,0.000353382,0.000310009,5.1e-05,0.000612392,-1.12e-06,-1.5e-05,-0.000178623,0.000153447,-0.000347079,0.00516953,0.005223537,0.005306696,0.004716916,0.01417428,0.014587824,-0.013177582,0.035409568,-0.019377049,-0.058287497,0.987063536,0.933810712,1.003926621,0.017783365,0.934202658,0.087507329,0.000360206,0.00022569,0.000199447,0.000163956,0.002311428,0.00130092,0.001283994,0.001509771,0.000387221,0.000208936,0.000218716,0.00025224,,,,,Historical
1982-10-01,0.277085607,64.6,63.1,0.170259214,0.084528354,11.21,12.3,1.2,13.572,15.22,0.005116629,0.021543508,0.010971777,0.023031859,0.007155635,0.099609375,0.005584189,-0.023558897,0.001135494,-0.000608795,0.000390963,0.001366175,0.000226859,-0.866025404,0.5,1.027654004,-1.52,-4.04,-3.77,-6.75,-0.78,-3.53,-2.78,-4.85,0.29,1.06,1.63,1.87,-1.25,-3.5,-3.25,-6.25,-1.47,-3.2,-3.26,-4.52,0.019727712,0.020370606,0.012503343,0.012199649,0.023134995,0.023014886,0.113871636,0.112360517,0.007961195,0.010201814,-0.052784504,-0.047906386,0.000385818,0.00030126,0.000834234,0.000934245,0.000201249,-1.51e-06,-6.41e-06,-0.000602385,-0.000604115,-4.68e-06,0.005142944,0.005196393,0.005278684,0.004694771,0.013976178,0.014378079,-0.01335355,0.06390027,0.007659977,-0.080588727,0.994027393,0.942412669,1.009846311,0.017807693,0.944087719,0.083566285,0.000202552,0.000367722,0.000233506,0.000179657,0.002177032,0.001360341,0.001285095,0.0014422,0.000329669,0.000306052,0.000230555,0.000243673,,,,,Historical
1982-11-01,0.246200415,64.4,62.3,0.172646438,0.085779987,10.72,11.6,1.33,12.822,13.99,0.005090582,0.019770857,0.0108319,0.023014898,0.005328597,0.096899225,0.00435383,-0.018487395,0.000841134,-0.000356768,0.000468212,0.001604134,0.000227372,-0.5,0.866025404,1.033606164,-0.49,-2.98,-4.46,-4.35,-0.7,-2.19,-3.28,-1.92,0.13,0.71,1.32,0.58,-0.75,-3.0,-4.0,-4.25,-1.23,-3.93,-4.32,-4.01,0.020939563,0.020748948,0.012324238,0.012033972,0.023117641,0.023072147,0.119096509,0.110290525,0.005751452,0.008295768,-0.048051948,-0.044605569,0.000391309,0.000105534,0.000735601,0.00077524,6.59e-05,3.19e-06,0.000209544,-0.000566312,-0.000413212,5.64e-05,0.005116629,0.00516953,0.005250966,0.004672834,0.013783537,0.01417428,-0.013534281,0.093162175,0.035409568,-0.102427904,1.000653817,0.950738089,1.015774094,0.01783207,0.954089076,0.079517089,0.000128798,0.000291189,0.00028335,0.000207941,0.002005019,0.001413036,0.001336634,0.001408793,0.000296684,0.000236161,0.000229859,0.000237897,,,,,Historical
1982-12-01,0.215315223,64.5,61.7,0.175033662,0.087031621,9.8,10.42,1.28,12.322,13.54,0.0050648,0.018006513,0.010692244,0.022998001,0.0,0.092664093,0.007377495,-0.013355875,0.000547341,-0.000105226,0.000455767,0.001754611,0.000298531,-2.45e-16,1.0,1.039566484,-0.92,-2.93,-6.53,-4.61,-1.18,-2.66,-5.56,-4.82,-0.05,0.37,1.29,1.23,-0.5,-2.5,-5.75,-4.75,-0.45,-3.15,-4.76,-3.45,0.022149824,0.020793922,0.012145553,0.011860607,0.023100353,0.023092127,0.113131313,0.107911522,0.003359536,0.006874064,-0.043265306,-0.040520545,0.000385548,-8.98e-05,0.000637129,0.000616473,-6.91e-05,1.3e-05,0.000425052,-0.000530278,-0.000222594,0.000117367,0.005090582,0.005142944,0.005223537,0.0046511,0.013596134,0.013976178,-0.013719971,0.123227024,0.06390027,-0.12381924,1.006933625,0.958785895,1.021709986,0.017856498,0.964208791,0.075357693,0.000192831,0.000220114,0.000317526,0.000229853,0.001837815,0.001428618,0.001410975,0.001401859,0.000356243,0.000202453,0.000240569,0.000233088,,,,,Historical
1983-01-01,0.184430031,64.3,60.3,0.177420886,0.088283254,9.58,10.72,1.41,11.822,13.25,0.005039277,0.016250418,0.010552808,0.022981168,-0.001766784,0.082375479,0.0088624,-0.008163265,0.000254112,0.000145832,0.000324181,0.001791888,0.000273011,0.5,0.866025404,1.045534979,-0.22,-1.63,-5.67,-4.76,0.3,-1.58,-5.11,-5.45,0.13,0.21,1.27,1.42,-0.5,-1.75,-5.25,-4.501,-0.29,-1.97,-5.17,-4.16,0.0233585,0.020506271,0.011967285,0.011679566,0.023083132,0.023074936,0.110220441,0.105358946,0.011706151,0.006465789,-0.038423645,-0.035645262,0.000368563,-0.000284707,0.000538818,0.000457941,-0.000203829,2.78e-05,0.000640114,-0.000494282,-3.23e-05,0.000178091,0.0050648,0.005116629,0.005196393,0.004629567,0.013413759,0.013783537,-0.013910827,0.154128327,0.093162175,-0.144776371,1.012857458,0.966555012,1.027654004,0.017880975,0.97444898,0.071086,9.77e-05,0.000176682,0.000338791,0.000248729,0.001657836,0.001326257,0.001496411,0.00141303,0.000269071,0.000276943,0.000248572,0.000233416,,,,,Historical
1983-02-01,0.157637074,64.3,60.7,0.181429566,0.089178533,9.23,10.48,1.17,11.322,12.8,0.000567279,0.014571729,0.010473326,0.023016884,0.005309735,0.075757576,0.010775141,-0.008339006,0.000205126,0.000149387,0.000241028,0.00180397,0.000225146,0.866025404,0.5,1.047025914,-0.35,-1.49,-4.47,-5.35,-0.24,-1.12,-3.31,-4.52,-0.24,-0.16,0.55,1.19,-0.5,-1.5,-4.5,-5.001,-0.45,-1.19,-5.12,-5.37,0.022751669,0.020078018,0.011634557,0.011498079,0.023065976,0.023062184,0.105367793,0.102178406,0.008129349,0.006839768,-0.033526012,-0.031165931,0.000351856,0.000189992,1.51e-05,0.000405609,-0.000200482,4.22e-05,0.000222669,-7.33e-05,-2.36e-05,0.000173012,0.005039277,0.005090582,0.00516953,0.005335008,0.013236212,0.013596134,0.01549179,0.185901484,0.123227024,-0.120921611,1.01841558,0.974010268,1.033606164,0.013419749,0.980328455,0.066697459,6.88e-05,0.000137227,0.000347939,0.00026308,0.001404269,0.001232106,0.001587624,0.001446338,0.000314431,0.000228494,0.000250978,0.000225975,,,,,Historical
1983-03-01,0.130844116,64.5,61.4,0.185438247,0.090073811,9.17,10.41,0.99,11.322,12.65,0.000566958,0.012899734,0.010393978,0.023052464,0.01056338,0.072897196,0.012165926,-0.008514986,0.000156243,0.000152935,0.00035711,0.001803574,0.00035338,1.0,6.12e-17,1.048519409,-0.06,-0.63,-3.56,-5.9,-0.07,-0.01,-2.67,-4.8,-0.18,-0.29,0.08,1.36,0.0,-1.0,-3.5,-5.5,-0.15,-0.89,-4.04,-5.96,0.022146675,0.019509725,0.011302722,0.011316144,0.023048885,0.023053855,0.102564103,0.098704562,8.92e-05,0.007176322,-0.028571429,-0.027086856,0.000335428,0.00066339,-0.000507147,0.000353382,-0.000197139,5.62e-05,-0.000193632,0.000346567,-1.5e-05,0.000167944,0.000567279,0.0050648,0.005142944,0.005306696,0.005155983,0.013413759,0.015255456,0.173831225,0.154128327,-0.096477018,1.023607536,0.981147547,1.039566484,0.008952925,0.98621594,0.062303469,8.01e-05,0.000215041,0.000372877,0.000286162,0.00133132,0.001200781,0.001687392,0.001485693,0.00014849,0.000243995,0.000267383,0.00024305,,,,,Historical
1983-04-01,0.104051159,64.7,61.8,0.189446927,0.09096909,9.12,10.26,0.98,10.822,12.46,0.000566636,0.011234393,0.010314763,0.023087909,0.0,0.066914498,0.016708601,-0.008691207,0.000107461,0.000156476,0.000524855,0.002044824,0.000278868,0.866025404,-0.5,1.050015472,-0.05,-0.46,-2.09,-5.86,-0.15,-0.46,-2.04,-4.82,-0.01,-0.43,-0.22,1.41,-0.5,-1.0,-2.75,-6.0,-0.19,-0.79,-2.76,-6.02,0.021543508,0.018801949,0.010971777,0.011133763,0.023031859,0.023049931,0.099609375,0.094791467,0.005584189,0.007905272,-0.023558897,-0.023412414,0.000319278,0.001135494,-0.001028033,0.00030126,-0.000193799,6.98e-05,-0.000608795,0.00076527,-6.41e-06,0.000162885,0.000566958,0.005039277,0.005116629,0.005278684,0.005129535,0.013236212,0.015026224,0.162123706,0.185901484,-0.071420441,1.028432871,0.987962659,1.045534979,0.004480492,0.992111452,0.05790402,0.000186607,0.000561734,0.000395192,0.000314349,0.001359568,0.001531293,0.0018005,0.001542798,0.000155824,0.000228915,0.000276051,0.000253303,,,,,Historical
1983-05-01,0.33682439,64.7,64.0,0.197325222,0.09158679,9.25,10.32,1.27,10.822,12.36,0.000566315,0.012070918,0.010187553,0.023123218,0.00174216,0.055045872,0.017546143,-0.008867667,5.86e-05,0.000236313,0.00083808,0.002450155,0.000428793,0.5,-0.866025404,1.051514109,0.13,0.02,-1.47,-5.93,0.06,-0.16,-1.28,-4.56,0.29,0.1,-0.06,1.26,0.0,-0.5,-2.0,-6.0,-0.1,-0.44,-1.63,-5.95,0.019770857,0.018062895,0.0108319,0.010955705,0.023014898,0.023050396,0.096899225,0.089453914,0.00435383,0.008888163,-0.018487395,-0.020147058,0.000315366,0.000841134,-0.000782539,0.000105534,-4.69e-05,7.2e-05,-0.000356768,0.000593081,0.000209544,2.68e-05,0.000566636,0.000567279,0.005090582,0.005250966,0.005103357,0.005155983,0.014803779,0.150762819,0.173831225,-0.045728608,1.032891129,0.994451342,1.047025914,0.004488195,0.998015007,0.053499102,0.000169148,0.000539268,0.000456837,0.000370094,0.0012949,0.001807713,0.001941504,0.001639069,0.000231549,0.000257967,0.000309621,0.00026974,,,,,Historical
1983-06-01,0.56959762,65.0,65.5,0.205203516,0.092204491,9.17,10.66,1.47,10.822,12.18,0.000565995,0.012904365,0.010060597,0.023158394,0.010434783,0.054446461,0.022259606,-0.009044369,9.83e-06,0.000315982,0.000539822,0.002510622,0.000474314,1.22e-16,-1.0,1.053015326,-0.08,0.0,-0.63,-7.16,0.34,0.25,0.24,-5.32,0.2,0.48,0.19,1.48,0.0,-0.5,-1.5,-7.25,-0.18,-0.47,-1.36,-6.12,0.018006513,0.01729244,0.010692244,0.010781959,0.022998001,0.023055232,0.092664093,0.084563509,0.007377495,0.010463169,-0.013355875,-0.017295313,0.000323668,0.000547341,-0.000537509,-8.98e-05,9.96e-05,6.29e-05,-0.000105226,0.000421209,0.000425052,-0.000109069,0.000566315,0.000566958,0.0050648,0.005223537,0.005077445,0.005129535,0.014587824,0.139733393,0.162123706,-0.019377049,1.036981854,1.000609259,1.048519409,0.004495917,1.003926621,0.049088705,0.000250711,0.000672471,0.000470846,0.000394186,0.001308568,0.002178819,0.002067505,0.00173924,0.000234271,0.000296935,0.000338919,0.000289744,,,,,Historical
1983-07-01,0.802370851,64.9,66.7,0.213081811,0.092822191,9.24,10.95,1.38,10.822,12.28,0.000565675,0.013734753,0.009933892,0.023193436,0.005163511,0.054151625,0.016781565,-0.009221311,-3.88e-05,0.000395484,0.000268928,0.002340786,0.000433308,-0.5,-0.866025404,1.054519131,0.07,0.12,-0.34,-6.01,0.29,0.69,0.23,-4.88,-0.09,0.4,-0.03,1.24,0.0,0.0,-1.0,-6.25,0.1,-0.18,-0.97,-6.14,0.016250418,0.016490461,0.010552808,0.01061251,0.022981168,0.023064424,0.082375479,0.079891108,0.0088624,0.01088612,-0.008163265,-0.014861785,0.000344158,0.000254112,-0.000292941,-0.000284707,0.000245877,4.26e-05,0.000145832,0.000249652,0.000640114,-0.00024463,0.000565995,0.000566636,0.005039277,0.005196393,0.005051795,0.005103357,0.014378079,0.129021131,0.150762819,0.007659977,1.040704589,1.006431998,1.050015472,0.004503659,1.009846311,0.04467282,0.000196592,0.000423567,0.000461637,0.000400214,0.001279268,0.002308959,0.002158989,0.0018277,0.000224992,0.000286037,0.000365635,0.000307103,,,,,Historical
1983-08-01,0.680690683,65.0,66.6,0.221235945,0.093654116,9.29,11.44,1.27,10.822,12.77,0.000565355,0.014275739,0.00980585,0.023228346,0.005136986,0.055755396,0.023160066,-0.009398496,0.000313197,9.52e-05,0.000260716,0.002126048,0.000470335,-0.866025404,-0.5,1.05602553,0.05,0.04,0.06,-4.41,0.49,1.12,0.96,-2.35,-0.11,0.0,0.1,0.65,0.0,0.0,-0.5,-5.0,0.49,0.41,-0.03,-5.15,0.014571729,0.015784134,0.010473326,0.010460118,0.023016884,0.023077955,0.075757576,0.075756741,0.010775141,0.01213868,-0.008339006,-0.012851159,0.000354425,0.000205126,0.000108071,0.000189992,0.000123205,3.19e-05,0.000149387,-5.42e-05,0.000222669,-0.000127506,0.000565675,0.000566315,0.000567279,0.00516953,0.005026403,0.005077445,0.01417428,0.118612546,0.139733393,0.035409568,1.044058876,1.011915067,1.051514109,0.004511422,1.015774094,0.040251436,0.000186142,0.000444349,0.000464918,0.000406429,0.001256693,0.002344513,0.002212668,0.001900146,0.000210709,0.000402137,0.0004065,0.000328739,,,,,Historical
1983-09-01,0.559010515,65.0,64.8,0.22939008,0.094486042,9.24,10.8,1.56,10.822,13.08,0.000565035,0.014815727,0.009678068,0.023263125,0.0,0.050089445,0.022102046,-0.009575923,0.000664329,-0.000204393,0.000265438,0.00176467,0.000620584,-1.0,-1.84e-16,1.05753453,-0.05,0.07,0.07,-3.49,-0.64,0.14,0.39,-2.28,0.29,0.09,0.57,0.65,0.0,0.0,-0.5,-4.0,0.31,0.9,0.43,-3.61,0.012899734,0.015173221,0.010393978,0.01032473,0.023052464,0.023095809,0.072897196,0.071383853,0.012165926,0.013973084,-0.008514986,-0.0112682,0.000354503,0.000156243,0.000508085,0.00066339,9.38e-07,3.1e-05,0.000152935,-0.000357328,-0.000193632,-1.08e-05,0.000565355,0.000565995,0.000566958,0.005142944,0.005001264,0.005051795,0.013976178,0.108494905,0.129021131,0.06390027,1.047044254,1.017053895,1.053015326,0.004519204,1.021709986,0.035824544,0.000207482,0.000360206,0.00044964,0.000411258,0.001204967,0.002311428,0.002206184,0.001946788,0.000254951,0.000387221,0.000451033,0.000359208,,,,,Historical
1983-10-01,0.437330347,64.8,64.7,0.237544214,0.095317967,9.24,10.76,1.66,10.822,12.3,0.000564716,0.015354721,0.009550544,0.023297772,0.00681431,0.04973357,0.015594101,-0.009753593,0.001014568,-0.000503188,0.00042775,0.001774166,0.000412725,-0.866025404,0.5,1.059046138,0.0,0.0,0.12,-1.97,-0.04,-0.19,0.5,-1.54,0.1,0.28,0.68,0.46,0.0,0.0,0.0,-2.75,-0.78,0.02,-0.16,-2.92,0.011234393,0.014657489,0.010314763,0.010206294,0.023087909,0.023117968,0.066914498,0.067227536,0.016708601,0.014807243,-0.008691207,-0.010117758,0.000344426,0.000107461,0.000907106,0.001135494,-0.000120926,3.98e-05,0.000156476,-0.000659663,-0.000608795,0.000105607,0.000565035,0.000565675,0.000566636,0.005116629,0.004976376,0.005026403,0.013783537,0.098656178,0.118612546,0.093162175,1.049660266,1.021843829,1.054519131,0.004527007,1.027654004,0.031392134,0.000390963,0.000202552,0.000433456,0.000414324,0.001366175,0.002177032,0.002161075,0.001980787,0.000226859,0.000329669,0.000473343,0.000374697,,,,,Historical
1983-11-01,0.868877342,64.7,64.0,0.244609163,0.09581428,9.48,10.81,1.53,10.822,12.04,0.000564398,0.020589181,0.009529987,0.023332289,0.0,0.044169611,0.017250861,-0.009931507,0.000747236,-0.000275975,0.000396634,0.001753328,0.000413772,-0.5,0.866025404,1.06056036,0.24,0.19,0.23,-1.24,0.05,-0.63,0.49,-0.79,-0.13,0.26,0.26,0.2,0.0,0.0,0.0,-2.0,-0.26,-0.73,-0.32,-1.95,0.012070918,0.014725683,0.010187553,0.010097801,0.023123218,0.023144417,0.055045872,0.062833402,0.017546143,0.015881996,-0.008867667,-0.009404767,0.000336601,5.86e-05,0.000688641,0.000841134,-9.39e-05,4.66e-05,0.000236313,-0.000512288,-0.000356768,8.08e-05,0.000564716,0.000565355,0.000566315,0.005090582,0.004951735,0.005001264,0.013596134,0.089084989,0.108494905,0.123227024,1.051906449,1.026280133,1.05602553,0.004534829,1.033606164,0.026954195,0.000468212,0.000128798,0.000359881,0.000408359,0.001604134,0.002005019,0.002044937,0.00199322,0.000227372,0.000296684,0.00047084,0.00039023,,,,,Historical
1983-12-01,1.300424337,64.8,63.4,0.251674112,0.096310593,9.71,10.98,1.39,10.822,11.75,0.000564079,0.025817213,0.009509456,0.023366677,0.001692047,0.045936396,0.017582772,-0.010109664,0.000480422,-4.92e-05,0.00023551,0.001648568,0.000336006,-2.45e-16,1.0,1.062077203,0.23,0.47,0.54,-0.09,0.17,0.18,0.32,0.56,-0.14,-0.17,-0.08,0.11,0.0,0.0,0.0,-1.5,-0.29,-1.33,-0.43,-1.79,0.012904365,0.015376574,0.010060597,0.009999235,0.023158394,0.02317514,0.054446461,0.058939427,0.022259606,0.016732436,-0.009044369,-0.00913425,0.000331024,9.83e-06,0.000470591,0.000547341,-6.69e-05,5.12e-05,0.000315982,-0.000365184,-0.000105226,5.6e-05,0.000564398,0.000565035,0.000565995,0.0050648,0.004927336,0.004976376,0.013413759,0.079770571,0.098656178,0.154128327,1.053782342,1.030357983,1.05753453,0.004542672,1.039566484,0.022510719,0.000455767,0.000192831,0.000309163,0.000390004,0.001754611,0.001837815,0.001901261,0.001984383,0.000298531,0.000356243,0.000447788,0.000393353,,,,,Historical
1984-01-01,1.731971332,64.6,61.7,0.258739061,0.096806906,9.73,11.02,1.47,10.822,11.75,0.000563761,0.031038829,0.009488952,0.023400936,0.006756757,0.054867257,0.017609504,-0.010288066,0.000214125,0.000177131,0.000200915,0.001558841,0.00028689,0.5,0.866025404,1.063596674,0.02,0.49,0.49,0.15,0.04,0.26,0.07,0.3,0.08,-0.19,0.09,0.06,0.0,0.0,0.0,-1.0,0.0,-0.55,-0.53,-1.5,0.013734753,0.016608942,0.009933892,0.009910581,0.023193436,0.023210121,0.054151625,0.056647075,0.016781565,0.017461361,-0.009221311,-0.009311316,0.000327692,-3.88e-05,0.000252955,0.000254112,-4e-05,5.38e-05,0.000395484,-0.000218352,0.000145832,3.13e-05,0.000564079,0.000564716,0.000565675,0.005039277,0.004903176,0.004951735,0.013236212,0.070702728,0.089084989,0.185901484,1.055287483,1.034072471,1.059046138,0.004550536,1.045534979,0.018061694,0.000324181,9.77e-05,0.000297827,0.000379732,0.001791888,0.001657836,0.001770937,0.001964963,0.000273011,0.000269071,0.000423385,0.00039451,,,,,Historical
1984-02-01,1.801534704,64.7,62.3,0.263795403,0.09706184,9.82,11.53,1.49,10.822,11.72,0.00550357,0.037348695,0.009481233,0.023381342,0.005033557,0.054577465,0.0191659,-0.003947143,0.000301623,0.000157696,0.000188356,0.001463942,0.000280252,0.866025404,0.5,1.063569952,0.09,0.34,0.53,0.59,0.51,0.72,0.09,1.05,0.02,-0.04,0.22,0.32,0.0,0.0,0.0,-0.5,-0.03,-0.32,-1.05,-1.08,0.014275739,0.018507022,0.00980585,0.009827906,0.023228346,0.023240492,0.055755396,0.054882066,0.023160066,0.018160591,-0.009398496,-0.008945328,0.000335733,0.000313197,-1.16e-05,0.000205126,9.65e-05,5.45e-05,9.52e-05,6.25e-05,0.000149387,8.31e-06,0.000563761,0.000564398,0.000565355,0.000567279,0.004879252,0.004927336,0.005155983,0.061871797,0.079770571,0.173831225,1.056666153,1.037540866,1.06056036,0.003009592,1.047025914,0.016544038,0.000241028,6.88e-05,0.000285767,0.000375343,0.00180397,0.001404269,0.001660586,0.001936627,0.000225146,0.000314431,0.000391705,0.000399102,,,,,Historical
1984-03-01,1.871098076,64.7,62.6,0.268851746,0.097316773,10.53,12.14,1.56,11.322,12.02,0.005473446,0.043654188,0.009473525,0.023361823,0.001669449,0.045296167,0.016171075,0.002404672,0.000388934,0.000138303,0.000201964,0.001440777,0.000221401,1.0,6.12e-17,1.063543523,0.71,0.82,1.29,1.36,0.61,1.16,1.34,1.73,0.07,0.17,0.0,0.57,0.5,0.5,0.5,0.0,0.3,0.27,-1.06,-0.63,0.014815727,0.021069894,0.009678068,0.009751202,0.023263125,0.023266272,0.050089445,0.05258198,0.022102046,0.018494353,-0.009575923,-0.008035356,0.000355124,0.000664329,-0.000275395,0.000156243,0.000232691,5.33e-05,-0.000204393,0.000342696,0.000152935,-1.46e-05,0.00550357,0.000564079,0.000565035,0.000566958,0.035532571,0.004903176,0.005129535,0.09396238,0.070702728,0.162123706,1.057918162,1.040762849,1.062077203,0.00146632,1.048519409,0.015024114,0.00035711,8.01e-05,0.000275188,0.000362414,0.001803574,0.00133132,0.001606604,0.001906394,0.00035338,0.00014849,0.000325174,0.000388104,,,,,Historical
1984-04-01,1.940661448,64.7,62.9,0.273908088,0.097571707,10.59,12.52,1.6,11.322,12.71,0.005443651,0.049955311,0.009465829,0.023342381,0.003333333,0.048780488,0.013470764,0.008767406,0.000476058,0.000118951,0.000436193,0.001635041,0.000241891,0.866025404,-0.5,1.063517382,0.06,0.86,1.35,1.47,0.38,1.5,1.76,2.26,0.04,0.13,-0.06,0.62,0.0,0.5,0.5,0.5,0.69,0.96,0.41,0.25,0.015354721,0.024296637,0.009550544,0.009680457,0.023297772,0.023287478,0.04973357,0.051070813,0.015594101,0.018224534,-0.009753593,-0.006580472,0.000385841,0.001014568,-0.000538509,0.000107461,0.000368597,5.02e-05,-0.000503188,0.000622139,0.000156476,-3.75e-05,0.005473446,0.000563761,0.000564716,0.000566636,0.03431333,0.004879252,0.005103357,0.125725424,0.061871797,0.150762819,1.059043322,1.043738096,1.063596674,-7.93e-05,1.050015472,0.013501911,0.000524855,0.000186607,0.000276595,0.000355025,0.002044824,0.001359568,0.001583416,0.001872245,0.000278868,0.000155824,0.000296702,0.000385023,,,,,Historical
1984-05-01,1.437090921,65.1,64.9,0.277563664,0.098110273,11.29,13.39,0.65,11.822,13.46,0.005414178,0.04865537,0.009472247,0.023323013,0.0,0.046956522,0.018426733,0.015141087,0.000433257,0.000171071,0.000409338,0.001789835,0.000252017,0.5,-0.866025404,1.063491525,0.7,1.47,1.81,2.04,0.87,1.86,2.58,3.07,-0.95,-0.84,-0.88,-0.62,0.5,1.0,1.0,1.0,0.75,1.74,1.42,1.1,0.020589181,0.027345341,0.009529987,0.009620848,0.023332289,0.023304128,0.044169611,0.0503967,0.017250861,0.018297916,-0.009931507,-0.004579742,0.000417063,0.000747236,-0.000313979,5.86e-05,0.000374662,4.48e-05,-0.000275975,0.000447046,0.000236313,-6.52e-05,0.005443651,0.00550357,0.000564398,0.000566315,0.033174986,0.035532571,0.005077445,0.157165917,0.09396238,0.139733393,1.06004144,1.046466284,1.063569952,-7.84e-05,1.051514109,0.011977417,0.00083808,0.000169148,0.000278713,0.000319297,0.002450155,0.0012949,0.001589501,0.001817219,0.000428793,0.000231549,0.000269743,0.000370291,,,,,Historical
1984-06-01,0.933520394,65.1,66.5,0.28121924,0.09864884,12.11,13.42,0.78,12.322,13.73,0.005385022,0.047362345,0.009478653,0.023303721,0.006644518,0.04302926,0.014206556,0.021525745,0.000390573,0.000223049,0.000477403,0.001918973,0.000344841,1.22e-16,-1.0,1.063465947,0.82,1.58,2.4,2.94,0.03,1.28,2.44,2.76,0.13,-0.78,-0.61,-0.69,0.5,1.0,1.5,1.5,0.27,1.71,1.98,1.55,0.025817213,0.030216839,0.009509456,0.009572353,0.023366677,0.023316239,0.045936396,0.049445267,0.017582772,0.017626829,-0.010109664,-0.002032233,0.000448791,0.000480422,-8.98e-05,9.83e-06,0.000380741,3.7e-05,-4.92e-05,0.000272251,0.000315982,-9.29e-05,0.005414178,0.005473446,0.000564079,0.000565995,0.032109745,0.03431333,0.005051795,0.188288749,0.125725424,0.129021131,1.060912325,1.04894709,1.063543523,-7.76e-05,1.053015326,0.010450621,0.000539822,0.000250711,0.000319028,0.000314095,0.002510622,0.001308568,0.001634568,0.001767915,0.000474314,0.000234271,0.000271215,0.000359502,,,,,Historical
1984-07-01,0.429949867,65.2,67.7,0.284874816,0.099187406,12.73,13.24,0.4,13.322,14.16,0.005356179,0.046076182,0.009485048,0.023284503,0.00330033,0.04109589,0.017308335,0.027921406,0.000348005,0.000274885,0.000455395,0.001897529,0.000471971,-0.5,-0.866025404,1.063440644,0.62,2.14,3.0,3.49,-0.18,0.72,2.22,2.29,-0.38,-1.2,-1.07,-0.98,1.0,2.0,2.5,2.5,0.43,1.45,2.41,1.88,0.031038829,0.032911958,0.009488952,0.009534949,0.023400936,0.023323827,0.054867257,0.048357289,0.017609504,0.017670726,-0.010288066,0.001062994,0.000481027,0.000214125,0.00013388,-3.88e-05,0.000386835,2.7e-05,0.000177131,9.78e-05,0.000395484,-0.000120599,0.005385022,0.005443651,0.000563761,0.000565675,0.031110786,0.033174986,0.005026403,0.219098709,0.157165917,0.118612546,1.061655784,1.051180187,1.063517382,-7.67e-05,1.054519131,0.008921513,0.000268928,0.000196592,0.000361441,0.000329634,0.002340786,0.001279268,0.001691016,0.001730977,0.000433308,0.000224992,0.000302062,0.000362724,,,,,Historical
1984-08-01,0.806853908,65.2,67.2,0.287800273,0.0994812,12.13,12.68,0.41,12.822,13.65,0.005327643,0.049987449,0.009514902,0.023265358,0.0,0.035775128,0.015151395,0.034328101,0.000583342,-6.28e-05,0.000445202,0.001837962,0.000500251,-0.866025404,-0.5,1.06341561,-0.6,0.84,2.31,2.84,-0.56,-0.71,1.15,1.24,0.01,-0.24,-1.08,-0.86,-0.5,1.0,2.0,2.0,-0.51,0.19,1.93,0.88,0.037348695,0.035887934,0.009481233,0.009510704,0.023381342,0.023326912,0.054577465,0.046692267,0.0191659,0.017003337,-0.003947143,0.004706877,0.000503539,0.000301623,0.000281719,0.000313197,0.000270144,1.38e-05,0.000157696,-0.000220466,9.52e-05,-0.000157933,0.005356179,0.005414178,0.00550357,0.000565355,0.030172108,0.032109745,0.005001264,0.249600491,0.188288749,0.108494905,1.062271624,1.05316525,1.063491525,-7.59e-05,1.05602553,0.00739008,0.000260716,0.000186142,0.000404249,0.000345008,0.002126048,0.001256693,0.001753353,0.001706969,0.000470335,0.000210709,0.000338729,0.000365217,,,,,Historical
1984-09-01,1.183757948,65.7,65.2,0.290725729,0.099774995,12.02,12.4,0.47,12.822,13.19,0.00529941,0.053887345,0.009544702,0.023246288,0.001644737,0.037478705,0.023432728,0.040745856,0.000817947,-0.000399374,0.000310148,0.001708066,0.000436549,-1.0,-1.84e-16,1.063390843,-0.11,-0.09,1.49,2.78,-0.28,-1.02,0.26,1.6,0.06,-0.31,-1.09,-1.09,0.0,0.5,1.5,2.0,-0.46,-0.54,1.17,0.11,0.043654188,0.039143902,0.009473525,0.00949959,0.023361823,0.023325509,0.045296167,0.045641372,0.016171075,0.017114227,0.002404672,0.008900358,0.000516341,0.000388934,0.000429013,0.000664329,0.000153619,-2.45e-06,0.000138303,-0.000537677,-0.000204393,-0.000194981,0.005327643,0.005385022,0.005473446,0.000565035,0.029288415,0.031110786,0.004976376,0.279798696,0.219098709,0.098656178,1.06275965,1.054901952,1.063465947,-7.51e-05,1.05753453,0.005856312,0.000265438,0.000207482,0.00042228,0.000348734,0.00176467,0.001204967,0.001797901,0.001702252,0.000620584,0.000254951,0.000374587,0.000349881,,,,,Historical
1984-10-01,1.560661989,65.3,65.2,0.293651186,0.100068789,11.42,11.81,0.77,12.322,12.92,0.005271474,0.05777592,0.00957445,0.02322729,0.003284072,0.033840948,0.0207272,0.047174702,0.001051824,-0.000734934,0.000416841,0.001662871,0.000458196,-0.866025404,0.5,1.063366337,-0.6,-1.31,0.83,2.18,-0.59,-1.43,-0.71,1.05,0.3,0.37,-0.83,-0.89,-0.5,-1.0,1.0,1.5,-0.27,-1.24,0.21,0.62,0.049955311,0.042679002,0.009465829,0.009501582,0.023342381,0.023319635,0.048780488,0.044316986,0.013470764,0.017541985,0.008767406,0.013644383,0.000519446,0.000476058,0.000575766,0.001014568,3.73e-05,-2.18e-05,0.000118951,-0.000853885,-0.000503188,-0.000231746,0.00529941,0.005356179,0.005443651,0.000564716,0.028455012,0.030172108,0.004951735,0.309697835,0.249600491,0.089084989,1.063119667,1.056389966,1.063440644,-7.43e-05,1.059046138,0.004320199,0.00042775,0.000390963,0.000419055,0.000347825,0.001774166,0.001366175,0.001802539,0.001692978,0.000412725,0.000226859,0.000410638,0.00035367,,,,,Historical
1984-11-01,1.552573697,65.3,64.6,0.295956652,0.100225565,10.5,11.28,1.11,11.822,12.45,0.005243831,0.0570903,0.009506768,0.023208365,0.004909984,0.03891709,0.021903497,0.053614666,0.000752029,-0.000436151,0.000365204,0.001658225,0.000366401,-0.5,0.866025404,1.063342088,-0.92,-1.63,-0.79,1.02,-0.53,-1.4,-2.11,0.47,0.34,0.7,0.46,-0.42,-0.5,-1.0,0.0,1.0,-0.47,-1.2,-1.01,0.41,0.04865537,0.045720762,0.009472247,0.009499647,0.023323013,0.023309308,0.046956522,0.043879276,0.018426733,0.017929705,0.015141087,0.018939897,0.000519845,0.000433257,0.000318772,0.000747236,4.79e-06,-3.51e-05,0.000171071,-0.000607222,-0.000275975,-0.000160176,0.005271474,0.005327643,0.005414178,0.000564398,0.027667727,0.029288415,0.004927336,0.339302328,0.279798696,0.079770571,1.063351477,1.057628963,1.06341561,-7.35e-05,1.06056036,0.002781728,0.000396634,0.000468212,0.000411699,0.000345206,0.001753328,0.001604134,0.001780605,0.001685053,0.000413772,0.000227372,0.000429702,0.000349722,,,,,Historical
1984-12-01,1.544485406,65.2,64.2,0.298262117,0.100382341,9.84,10.9,1.34,11.072,11.94,0.005216477,0.056412505,0.009439172,0.023189513,0.0,0.037162162,0.01899893,0.060065778,0.000452665,-0.000137798,0.000285999,0.001658374,0.000282715,-2.45e-16,1.0,1.063318093,-0.66,-2.18,-2.27,0.13,-0.38,-1.5,-2.52,-0.08,0.23,0.87,0.56,-0.05,-0.75,-1.75,-1.25,0.25,-0.51,-1.25,-1.79,0.19,0.047362345,0.04827037,0.009478653,0.00949379,0.023303721,0.023294544,0.04302926,0.04314809,0.014206556,0.018047718,0.021525745,0.024787851,0.000517532,0.000390573,6.21e-05,0.000480422,-2.78e-05,-4.25e-05,0.000223049,-0.000360847,-4.92e-05,-8.86e-05,0.005243831,0.00529941,0.005385022,0.000564079,0.026922833,0.028455012,0.004903176,0.368616508,0.309697835,0.070702728,1.063454885,1.058618613,1.063390843,-7.27e-05,1.062077203,0.00124089,0.00023551,0.000455767,0.000379798,0.000349413,0.001648568,0.001754611,0.001737171,0.00168587,0.000336006,0.000298531,0.000419347,0.000345281,,,,,Historical
1985-01-01,1.536397114,65.1,63.1,0.300567583,0.100539117,9.5,10.62,0.96,10.822,11.64,0.005189406,0.055742403,0.00937166,0.023170732,0.004885993,0.035234899,0.020211406,0.066528067,0.000153733,0.000160125,0.000209476,0.001499106,0.000393027,0.5,0.866025404,1.063294347,-0.34,-1.92,-3.23,-0.23,-0.28,-1.19,-2.62,-0.4,-0.38,0.19,0.56,-0.51,-0.25,-1.5,-2.5,0.0,-0.3,-1.28,-2.52,-0.11,0.046076182,0.050329001,0.009485048,0.009484016,0.023284503,0.023275361,0.04109589,0.04151206,0.017308335,0.018264543,0.027921406,0.031189195,0.000512499,0.000348005,-0.000194272,0.000214125,-6.04e-05,-4.39e-05,0.000274885,-0.00011476,0.000177131,-1.7e-05,0.005216477,0.005271474,0.005356179,0.000563761,0.026216998,0.027667727,0.004879252,0.397644626,0.339302328,0.061871797,1.063429691,1.059358587,1.063366337,-7.2e-05,1.063596674,-0.000302327,0.000200915,0.000324181,0.000338812,0.000350127,0.001558841,0.001791888,0.001670768,0.001680892,0.00028689,0.000273011,0.00040619,0.000354126,,,,,Historical
1985-02-01,1.131487542,65.3,63.5,0.303629872,0.101164458,11.27,11.66,0.48,11.322,11.77,0.02253118,0.050081557,0.009312907,0.023176793,0.006482982,0.03672788,0.02082459,0.066161268,0.000186061,0.000203812,0.00014632,0.001370706,0.000271524,0.866025404,0.5,1.081899644,1.77,0.77,-0.86,1.45,1.04,0.38,-1.02,0.13,-0.48,-0.63,0.07,-1.01,0.5,-0.5,-1.5,0.5,0.13,-0.68,-1.88,0.05,0.049987449,0.051390073,0.009514902,0.009469988,0.023265358,0.023258315,0.035775128,0.040024595,0.015151395,0.018402767,0.034328101,0.037031563,0.000502869,0.000583342,-0.000397281,0.000301623,-0.000115562,-4.01e-05,-6.28e-05,0.000266581,0.000157696,4.61e-05,0.005189406,0.005243831,0.005327643,0.00550357,0.025547226,0.026922833,0.035532571,0.426390848,0.368616508,0.09396238,1.064957165,1.060811659,1.063342088,0.018557556,1.063569952,0.018329693,0.000188356,0.000241028,0.000288998,0.000346624,0.001463942,0.00180397,0.001592891,0.001673122,0.000280252,0.000225146,0.000368069,0.000353399,,,,,Historical
1985-03-01,0.726577971,65.5,63.9,0.30669216,0.1017898,10.4,11.58,0.74,11.572,12.63,0.022034692,0.044493014,0.009254242,0.023182831,0.001610306,0.036666667,0.025517394,0.065798492,0.000218328,0.000247417,0.000263877,0.001390027,0.000241615,1.0,6.12e-17,1.100313505,-0.87,0.56,-1.62,-0.13,-0.08,0.68,-0.82,-0.56,0.26,-0.6,0.27,-0.82,0.25,0.5,-1.25,0.25,0.86,0.69,-0.56,0.61,0.053887345,0.051459975,0.009544702,0.009451715,0.023246288,0.023243399,0.037478705,0.03930547,0.023432728,0.019181627,0.040745856,0.042314381,0.000488652,0.000817947,-0.000599619,0.000388934,-0.000170606,-3.1e-05,-0.000399374,0.000646791,0.000138303,0.000109114,0.02253118,0.005216477,0.00529941,0.005473446,0.013568745,0.026216998,0.03431333,0.39613685,0.397644626,0.125725424,1.06802133,1.062969746,1.063318093,0.036995412,1.063543523,0.036769982,0.000201964,0.00035711,0.000281286,0.000351783,0.001440777,0.001803574,0.001539885,0.001668893,0.000221401,0.00035338,0.00033558,0.000355083,,,,,Historical
1985-04-01,0.321668399,65.6,64.4,0.309754449,0.102415141,9.77,10.99,0.68,10.572,11.97,0.021559613,0.038975398,0.009195665,0.023188845,0.004823151,0.03820598,0.02539808,0.065439673,0.000250535,0.000290941,0.000475189,0.001634128,0.000228114,0.866025404,-0.5,1.118538868,-0.63,0.27,-1.65,-0.82,-0.59,0.37,-0.82,-1.53,-0.06,-0.28,-0.09,-0.92,-1.0,-0.25,-1.75,-0.75,-0.66,0.33,-0.95,-0.74,0.05777592,0.050544982,0.00957445,0.009429201,0.02322729,0.023230604,0.033840948,0.038424261,0.0207272,0.02017557,0.047174702,0.04703707,0.000469858,0.001051824,-0.000801289,0.000476058,-0.000225523,-1.66e-05,-0.000734934,0.001025875,0.000118951,0.00017199,0.022034692,0.005189406,0.005271474,0.005443651,0.013387099,0.025547226,0.033174986,0.367890204,0.426390848,0.157165917,1.072606454,1.065824888,1.063294347,0.055244521,1.063517382,0.055021485,0.000436193,0.000524855,0.000291011,0.000355033,0.001635041,0.002044824,0.001535094,0.001668817,0.000241891,0.000278868,0.000297233,0.000353935,,,,,Historical
1985-05-01,0.637603518,65.6,66.5,0.311742548,0.103059423,9.51,10.45,0.47,10.322,11.58,0.021104589,0.041878719,0.009190307,0.023194837,0.0032,0.041528239,0.01931002,0.065084746,0.00023747,0.000324235,0.000551449,0.001925784,0.00025547,0.5,-0.866025404,1.136578612,-0.26,-1.76,-0.99,-1.78,-0.54,-1.21,-0.83,-2.94,-0.21,-0.01,-0.64,-0.18,-0.25,-1.0,-1.5,-1.5,-0.39,-0.19,-0.87,-1.88,0.0570903,0.049980261,0.009506768,0.009405706,0.023208365,0.023219923,0.03891709,0.037971904,0.021903497,0.020249178,0.053614666,0.051199042,0.000453543,0.000752029,-0.000514559,0.000433257,-0.000195787,-3.88e-06,-0.000436151,0.000760386,0.000171071,0.000153163,0.021559613,0.02253118,0.005243831,0.005414178,0.013210252,0.013568745,0.032109745,0.341457543,0.39613685,0.188288749,1.078697045,1.069369242,1.081899644,0.054678968,1.063491525,0.073087087,0.000409338,0.00083808,0.000322051,0.000366875,0.001789835,0.002450155,0.001579687,0.001680146,0.000252017,0.000428793,0.000278744,0.000354223,,,,,Historical
1985-06-01,0.953538637,65.7,67.6,0.313730646,0.103703705,9.33,10.41,0.73,10.322,11.09,0.020668376,0.044773742,0.009184958,0.023200805,0.004784689,0.03960396,0.020450876,0.064733648,0.000224441,0.000357437,0.000641582,0.002218681,0.0003444,1.22e-16,-1.0,1.15443556,-0.18,-1.07,-0.51,-2.78,-0.04,-1.17,-0.49,-3.01,0.26,-0.01,-0.61,-0.05,0.0,-1.25,-0.75,-2.0,-0.49,-1.54,-0.85,-2.64,0.056412505,0.049764545,0.009439172,0.009381232,0.023189513,0.023211347,0.037162162,0.037686462,0.01899893,0.020769538,0.060065778,0.0547997,0.000439698,0.000452665,-0.000228224,0.000390573,-0.000166132,7.32e-06,-0.000137798,0.000495235,0.000223049,0.000134388,0.021104589,0.022034692,0.005216477,0.005385022,0.013038016,0.013387099,0.031110786,0.316669563,0.367890204,0.219098709,1.086277846,1.073595085,1.100313505,0.054122056,1.063465947,0.090969613,0.000477403,0.000539822,0.000381315,0.000380557,0.001918973,0.002510622,0.001673072,0.001705122,0.000344841,0.000474314,0.000289025,0.000354186,,,,,Historical
1985-07-01,1.269473756,65.7,68.9,0.315718745,0.104347987,9.06,10.44,0.78,10.322,10.95,0.02024983,0.047660503,0.009179619,0.023206751,0.004761905,0.041118421,0.020009856,0.064386318,0.000211448,0.000390547,0.000462445,0.002227688,0.000444477,-0.5,-0.866025404,1.172112476,-0.27,-0.71,-0.44,-3.67,0.03,-0.55,-0.18,-2.8,0.05,0.1,-0.18,0.38,0.0,-0.25,-0.5,-3.0,-0.14,-1.02,-0.69,-3.21,0.055742403,0.049896571,0.00937166,0.009355779,0.023170732,0.023204867,0.035234899,0.03768834,0.020211406,0.020994664,0.066528067,0.057838443,0.000428319,0.000153733,5.77e-05,0.000348005,-0.000136558,1.7e-05,0.000160125,0.000230422,0.000274885,0.000115662,0.020668376,0.021559613,0.005189406,0.005356179,0.012870214,0.013210252,0.030172108,0.293377395,0.341457543,0.249600491,1.095333832,1.078494808,1.118538868,0.053573609,1.063440644,0.108671833,0.000455395,0.000268928,0.000423477,0.000381144,0.001897529,0.002340786,0.001794502,0.001732635,0.000471971,0.000433308,0.0002976,0.000351895,,,,,Historical
1985-08-01,1.327977861,65.7,68.7,0.318214979,0.105142208,8.95,10.21,0.72,10.072,10.97,0.0198479,0.04725863,0.009198058,0.023212674,0.0,0.041118421,0.021093945,0.064042695,0.000417052,0.000103983,0.000589152,0.002366897,0.00044157,-0.866025404,-0.5,1.189612069,-0.11,-0.56,-2.32,-3.18,-0.23,-0.24,-1.45,-2.47,-0.06,0.25,0.24,0.31,-0.25,-0.25,-1.25,-2.75,0.02,-0.61,-0.8,-2.68,0.050081557,0.04966917,0.009312907,0.009329376,0.023176793,0.023200477,0.03672788,0.038133614,0.02082459,0.021489877,0.066161268,0.060314659,0.000414461,0.000186061,0.000230992,0.000583342,-0.000166289,3.09e-05,0.000203812,-9.98e-05,-6.28e-05,0.000166752,0.02024983,0.021104589,0.02253118,0.005327643,0.012706676,0.013038016,0.029288415,0.271449609,0.316669563,0.279798696,1.105850204,1.084060914,1.136578612,0.053033457,1.06341561,0.126196459,0.000445202,0.000260716,0.000497282,0.00039314,0.001837962,0.002126048,0.001960534,0.001776713,0.000500251,0.000470335,0.000325941,0.000347005,,,,,Historical
1985-09-01,1.386481967,65.6,66.6,0.320711214,0.10593643,8.75,10.39,0.8,10.072,11.05,0.019461615,0.046860895,0.009216463,0.023218575,0.001579779,0.041050903,0.011889906,0.063702721,0.000622013,-0.000181685,0.000470951,0.002449237,0.000383803,-1.0,-1.84e-16,1.206936993,-0.2,-0.58,-1.65,-3.27,0.18,-0.02,-1.19,-2.01,0.08,0.07,0.06,0.33,0.0,-0.25,-1.5,-2.75,0.08,-0.04,-1.58,-2.14,0.044493014,0.049083632,0.009254242,0.009302022,0.023182831,0.023198168,0.036666667,0.038431298,0.025517394,0.020527975,0.065798492,0.062227731,0.000398133,0.000218328,0.000403685,0.000817947,-0.000195934,4.9e-05,0.000247417,-0.000429102,-0.000399374,0.000217689,0.0198479,0.020668376,0.022034692,0.00529941,0.012547243,0.012870214,0.028455012,0.250769733,0.293377395,0.309697835,1.117812383,1.090286016,1.15443556,0.052501433,1.063390843,0.14354615,0.000310148,0.000265438,0.000531794,0.00040654,0.001708066,0.00176467,0.002137069,0.001838477,0.000436549,0.000620584,0.000349639,0.000342609,,,,,Historical
1985-10-01,1.444986072,65.8,66.6,0.323207448,0.106730651,8.53,9.95,1.07,9.822,11.16,0.01909008,0.046467235,0.009234834,0.023224453,0.003154574,0.04091653,0.020718974,0.063366337,0.000826334,-0.000466459,0.000654854,0.00261971,0.000479719,-0.866025404,0.5,1.224089851,-0.22,-0.53,-1.24,-2.89,-0.44,-0.49,-1.04,-1.86,0.27,0.29,0.39,0.3,-0.25,-0.5,-0.75,-2.5,0.11,0.21,-0.81,-1.76,0.038975398,0.048141242,0.009195665,0.009273721,0.023188845,0.023197931,0.03820598,0.039020929,0.02539808,0.02052729,0.065439673,0.063577034,0.000379342,0.000250535,0.000575799,0.001051824,-0.00022549,7.14e-05,0.000290941,-0.0007574,-0.000734934,0.000268475,0.019461615,0.02024983,0.021559613,0.005271474,0.01239176,0.012706676,0.027667727,0.231234187,0.271449609,0.339302328,1.131206009,1.097162838,1.172112476,0.051977375,1.063366337,0.160723514,0.000416841,0.00042775,0.000561739,0.000426375,0.001662871,0.001774166,0.002301333,0.001918214,0.000458196,0.000412725,0.000391573,0.000344403,,,,,Historical
1985-11-01,0.972579683,66.0,66.3,0.326267254,0.107751736,8.85,9.52,0.62,9.822,10.95,0.018732465,0.041231608,0.00928301,0.023230309,0.003144654,0.039087948,0.024569375,0.063033487,0.000538419,-0.000171904,0.00068518,0.002869336,0.000429407,-0.5,0.866025404,1.241073193,0.32,-0.1,-0.66,-1.65,-0.43,-0.69,-0.93,-1.76,-0.45,-0.1,0.15,-0.49,0.0,-0.25,-0.5,-2.0,-0.21,-0.02,-0.63,-1.5,0.041878719,0.046819684,0.009190307,0.009255075,0.023194837,0.02319976,0.041528239,0.039035168,0.01931002,0.020749446,0.065084746,0.064361936,0.000361542,0.00023747,0.000300948,0.000752029,-0.00021361,9.34e-05,0.000324235,-0.000496139,-0.000436151,0.000264247,0.01909008,0.0198479,0.021104589,0.005243831,0.012240084,0.012547243,0.026922833,0.212750546,0.250769733,0.368616508,1.146016934,1.104684206,1.189612069,0.051461124,1.063342088,0.177731105,0.000365204,0.000396634,0.000584027,0.000453039,0.001658225,0.001753328,0.002458592,0.00201914,0.000366401,0.000413772,0.000420563,0.000349653,,,,,Historical
1985-12-01,0.500173294,66.1,66.0,0.32932706,0.108772821,9.24,9.2,0.65,9.822,10.81,0.018388003,0.036049064,0.009331132,0.023236143,0.004702194,0.043973941,0.025699662,0.062704115,0.000250987,0.000122156,0.000376659,0.002813129,0.000424799,-2.45e-16,1.0,1.257889521,0.39,0.49,-0.09,-0.6,-0.32,-1.19,-1.21,-1.7,0.03,-0.15,-0.08,-0.69,0.0,-0.25,-0.5,-1.25,-0.14,-0.24,-0.28,-1.13,0.044773742,0.045122731,0.009184958,0.009246071,0.023200805,0.023203646,0.03960396,0.039602816,0.020450876,0.02130784,0.064733648,0.064581797,0.000344735,0.000224441,2.65e-05,0.000452665,-0.000201678,0.00011505,0.000357437,-0.000235281,-0.000137798,0.000259954,0.018732465,0.019461615,0.020668376,0.005216477,0.012092076,0.01239176,0.026216998,0.195236076,0.231234187,0.397644626,1.16223122,1.112843052,1.206936993,0.050952527,1.063318093,0.194571428,0.000285999,0.00023551,0.000539873,0.000460594,0.001658374,0.001648568,0.002557666,0.002115369,0.000282715,0.000336006,0.000433962,0.000361494,,,,,Historical
1986-01-01,0.027766905,66.1,64.9,0.332386866,0.109793906,10.55,9.8,0.4,10.822,10.87,0.01805598,0.0309188,0.0093792,0.023241955,0.004680187,0.04376013,0.02781324,0.062378168,-3.6e-05,0.000415722,0.000345661,0.002671229,0.000476412,0.5,0.866025404,1.274541284,1.31,2.02,1.49,1.05,0.6,-0.15,-0.64,-0.82,-0.25,-0.67,-0.38,-0.56,1.0,1.0,0.5,0.0,0.06,-0.29,-0.08,-0.77,0.047660503,0.043054097,0.009179619,0.0092467,0.023206751,0.023209581,0.041118421,0.040313252,0.020009856,0.021941327,0.064386318,0.064235972,0.000328927,0.000211448,-0.000247408,0.000153733,-0.000189694,0.00013635,0.000390547,2.52e-05,0.000160125,0.000255597,0.018388003,0.01909008,0.02024983,0.005189406,0.011947605,0.012240084,0.025547226,0.178616499,0.212750546,0.426390848,1.179835131,1.121632411,1.224089851,0.050451433,1.063294347,0.211246937,0.000209476,0.000200915,0.00052041,0.000471943,0.001499106,0.001558841,0.00263159,0.002213046,0.000393027,0.00028689,0.000439285,0.000368443,,,,,Historical
1986-02-01,0.035410966,66.1,65.2,0.335819424,0.110940153,11.55,9.49,-0.02,12.822,11.14,0.029656054,0.029988639,0.009420017,0.023494424,0.004658385,0.041867955,0.025550135,0.059954751,-8.36e-05,0.000534752,0.00041726,0.002720907,0.000359146,0.866025404,0.5,1.309101997,1.0,2.7,2.6,0.28,-0.31,-0.03,-0.72,-2.17,-0.42,-0.64,-0.74,-0.5,2.0,3.0,2.75,1.5,0.27,0.19,0.17,-0.63,0.04725863,0.041379687,0.009198058,0.009255626,0.023212674,0.02323605,0.041118421,0.040741591,0.021093945,0.022335122,0.064042695,0.063718762,0.000306459,0.000417052,-0.000500611,0.000186061,-0.00026962,0.000163928,0.000103983,0.000430769,0.000203812,0.00033094,0.01805598,0.018732465,0.0198479,0.02253118,0.011806545,0.012092076,0.013568745,0.162824936,0.195236076,0.39613685,1.198768661,1.131862913,1.241073193,0.068028804,1.081899644,0.227202353,0.00014632,0.000188356,0.000491761,0.000494521,0.001370706,0.001463942,0.002690591,0.002325563,0.000271524,0.000280252,0.000425548,0.000375744,,,,,Historical
1986-03-01,0.043055027,66.1,65.6,0.339251981,0.1120864,10.19,8.97,-0.02,11.822,10.86,0.028801844,0.029060469,0.009460778,0.023745919,0.00309119,0.04340836,0.020999158,0.05755627,-0.000131057,0.00065353,0.000453175,0.002823717,0.000342708,1.0,6.12e-17,1.343463059,-1.36,0.95,1.44,-0.21,-0.52,-0.23,-1.42,-2.61,0.0,-0.67,-0.82,-0.76,-1.0,2.0,1.75,0.25,-0.28,0.05,-0.19,-1.77,0.046860895,0.040093642,0.009216463,0.009272837,0.023218575,0.023282974,0.041050903,0.041303399,0.011889906,0.021958602,0.063702721,0.063031911,0.000277344,0.000622013,-0.00075307,0.000218328,-0.000349385,0.000197771,-0.000181685,0.000835215,0.000247417,0.000406113,0.029656054,0.018388003,0.019461615,0.022034692,-0.014871785,0.011947605,0.013387099,0.130196308,0.178616499,0.367890204,1.219031124,1.143526227,1.257889521,0.085573538,1.100313505,0.243149554,0.000263877,0.000201964,0.000488798,0.000510296,0.001390027,0.001440777,0.002753005,0.002445037,0.000241615,0.000221401,0.000418698,0.000384169,,,,,Historical
1986-04-01,0.050699088,66.3,66.3,0.342684539,0.113232647,8.72,8.56,0.09,11.072,10.32,0.027995469,0.028134283,0.009501482,0.023996445,0.0,0.0384,0.024383665,0.055182342,-0.000178454,0.000772058,0.000844785,0.003233039,0.000425575,0.866025404,-0.5,1.377626194,-1.47,-1.83,0.19,-1.05,-0.41,-1.24,-1.39,-2.43,0.11,-0.31,-0.98,-0.59,-0.75,0.25,1.25,0.5,-0.54,-0.55,-0.84,-1.65,0.046467235,0.039190216,0.009234834,0.009298322,0.023224453,0.023350274,0.04091653,0.041319567,0.020718974,0.021874068,0.063366337,0.062177133,0.000241595,0.000826334,-0.001004788,0.000250535,-0.000428989,0.000237864,-0.000466459,0.001238517,0.000290941,0.000481117,0.028801844,0.01805598,0.01909008,0.021559613,-0.015096294,0.011806545,0.013210252,0.098429745,0.162824936,0.341457543,1.240621734,1.156614094,1.274541284,0.103084909,1.118538868,0.259087326,0.000475189,0.000436193,0.000520453,0.000541096,0.001634128,0.001635041,0.002855226,0.002578279,0.000228114,0.000241891,0.000409675,0.000400624,,,,,Historical
1986-05-01,0.208401037,66.0,67.9,0.344521739,0.113852289,8.33,8.95,0.13,10.072,9.8,0.027233019,0.025589559,0.009664595,0.024246008,0.006163328,0.041467305,0.019344654,0.052832591,-0.000273757,0.000932535,0.000741051,0.003524538,0.000441975,0.5,-0.866025404,1.411593108,-0.39,-3.22,-0.52,-1.18,0.39,-0.54,-0.57,-1.5,0.04,0.15,-0.49,-0.34,-1.0,-2.75,0.25,-0.25,-0.52,-1.34,-1.15,-1.78,0.041231608,0.037832786,0.00928301,0.009337846,0.023230309,0.023437872,0.039087948,0.04131449,0.024569375,0.021876954,0.063033487,0.06115612,0.000198992,0.000538419,-0.000812175,0.00023747,-0.000511227,0.000288556,-0.000171904,0.001104439,0.000324235,0.0006083,0.027995469,0.029656054,0.018732465,0.021104589,-0.015327685,-0.014871785,0.013038016,0.067491528,0.130196308,0.316669563,1.263539609,1.171118327,1.309101997,0.10249111,1.136578612,0.275014495,0.000551449,0.000409338,0.000529765,0.000556896,0.001925784,0.001789835,0.002964426,0.002711509,0.00025547,0.000252017,0.000411769,0.000416166,,,,,Historical
1986-06-01,0.366102987,66.2,69.5,0.34635894,0.114471932,8.59,8.8,0.22,10.072,10.07,0.026511001,0.023066191,0.009827425,0.024494614,0.001531394,0.038095238,0.020855258,0.05050665,-0.000368752,0.001092495,0.00062509,0.003700706,0.00044102,1.22e-16,-1.0,1.445365486,0.26,-1.6,-0.65,-0.74,-0.15,-0.17,-0.4,-1.61,0.09,0.24,-0.43,-0.51,0.0,-1.75,0.25,-0.25,0.27,-0.79,-0.74,-1.02,0.036049064,0.036023823,0.009331132,0.009391384,0.023236143,0.023545689,0.043973941,0.041188763,0.025699662,0.021910652,0.062704115,0.059970537,0.00014956,0.000250987,-0.000619739,0.000224441,-0.000593193,0.000349811,0.000122156,0.000970339,0.000357437,0.000735058,0.027233019,0.028801844,0.018388003,0.020668376,-0.01556628,-0.015096294,0.012870214,0.037349674,0.098429745,0.293377395,1.287783769,1.187030808,1.343463059,0.101902427,1.15443556,0.290929926,0.000641582,0.000477403,0.00057117,0.000555522,0.002218681,0.001918973,0.003112356,0.002835011,0.0003444,0.000344841,0.000414473,0.000424218,,,,,Historical
1986-07-01,0.523804936,66.1,70.1,0.34819614,0.115091574,8.26,8.88,-0.02,9.572,10.26,0.025826281,0.02056391,0.009989971,0.024742268,0.00764526,0.04107425,0.019088155,0.048204159,-0.000463442,0.001251939,0.000672895,0.003817476,0.000548433,-0.5,-0.866025404,1.478944995,-0.33,-0.46,-2.29,-0.8,0.08,0.32,-0.92,-1.56,-0.24,-0.11,-0.42,-0.8,-0.5,-1.5,-1.25,-0.75,0.19,-0.06,-0.61,-0.69,0.0309188,0.033765774,0.0093792,0.009458914,0.023241955,0.023673649,0.04376013,0.041185082,0.02781324,0.021833844,0.062378168,0.058622024,9.33e-05,-3.6e-05,-0.000427481,0.000211448,-0.000674889,0.000421593,0.000415722,0.000836218,0.000390547,0.000861392,0.026511001,0.027995469,0.01805598,0.02024983,-0.015812421,-0.015327685,0.012706676,0.007973825,0.067491528,0.271449609,1.313353146,1.204343489,1.377626194,0.101318802,1.172112476,0.306832519,0.000462445,0.000455395,0.000625709,0.000573059,0.002227688,0.001897529,0.003303397,0.002967493,0.000444477,0.000471971,0.000426476,0.000432881,,,,,Historical
1986-08-01,0.391115248,66.1,69.9,0.351297757,0.116090203,8.33,8.8,-0.15,9.572,10.2,0.025176043,0.016097493,0.010169792,0.024988975,0.001517451,0.042654028,0.018529578,0.045924765,-0.000138207,0.000894599,0.000508533,0.003857163,0.000449161,-0.866025404,-0.5,1.512333283,0.07,0.0,-3.22,-0.62,-0.08,-0.15,-0.69,-1.41,-0.13,-0.28,-0.13,-0.87,0.0,-0.5,-3.25,-0.5,-0.06,0.4,-0.94,-0.77,0.029988639,0.031169012,0.009420017,0.009539892,0.023494424,0.023821674,0.041867955,0.041313049,0.025550135,0.021620147,0.059954751,0.057112196,4.7e-05,-8.36e-05,-5.46e-05,0.000417052,-0.00055526,0.000487478,0.000534752,0.000359848,0.000103983,0.000790617,0.025826281,0.027233019,0.029656054,0.0198479,-0.016066471,-0.01556628,0.012547243,-0.020664851,0.037349674,0.250769733,1.34024658,1.223048392,1.411593108,0.100740176,1.189612069,0.322721214,0.000589152,0.000445202,0.000640921,0.000566341,0.002366897,0.001837962,0.003492773,0.003091682,0.00044157,0.000500251,0.000441479,0.000433513,,,,,Historical
1986-09-01,0.258425559,66.0,67.8,0.354399374,0.117088831,8.35,9.04,-0.01,9.572,10.3,0.024557744,0.011673691,0.010349276,0.025234742,0.0,0.041009464,0.018797252,0.043668122,0.000185747,0.000538666,0.000694619,0.003924728,0.000617344,-1.0,-1.84e-16,1.545531978,0.02,-0.24,-1.84,-0.4,0.24,0.24,0.07,-1.35,0.14,-0.23,0.01,-0.81,0.0,-0.5,-2.25,-0.5,0.1,0.23,-0.56,-0.75,0.029060469,0.028236745,0.009460778,0.009634293,0.023745919,0.023989688,0.04340836,0.041309596,0.020999158,0.022195759,0.05755627,0.055442646,1.07e-05,-0.000131057,0.000316804,0.000622013,-0.000436266,0.000547507,0.00065353,-0.000114864,-0.000181685,0.00072035,0.025176043,0.026511001,0.028801844,0.019461615,-0.016328817,-0.015812421,0.01239176,-0.048593761,0.007973825,0.231234187,1.368462829,1.243137606,1.445365486,0.100166492,1.206936993,0.338594985,0.000470951,0.000310148,0.000681162,0.00058498,0.002449237,0.001708066,0.003676275,0.00321464,0.000383803,0.000436549,0.000487251,0.000452975,,,,,Historical
1986-10-01,0.125735871,66.0,67.8,0.357500991,0.11808746,8.3,9.01,0.26,9.572,10.45,0.023969088,0.007291898,0.010528425,0.025479572,0.006060606,0.044025157,0.015538469,0.041433892,0.000508429,0.00018413,0.000556047,0.003931172,0.000540911,-0.866025404,0.5,1.578542691,-0.05,0.04,-0.42,-0.23,-0.03,0.13,0.45,-0.94,0.27,0.28,0.17,-0.81,0.0,0.0,-1.5,-0.25,0.15,0.19,0.13,-0.71,0.028134283,0.024972134,0.009501482,0.009742092,0.023996445,0.024177615,0.0384,0.041568648,0.024383665,0.02176405,0.055182342,0.053614943,-1.58e-05,-0.000178454,0.000686883,0.000826334,-0.000317905,0.000601723,0.000772058,-0.000587928,-0.000466459,0.000650589,0.024557744,0.025826281,0.027995469,0.01909008,-0.016599873,-0.016066471,0.012240084,-0.075838966,-0.020664851,0.212750546,1.398000566,1.264603287,1.478944995,0.099597696,1.224089851,0.35445284,0.000654854,0.000416841,0.000633039,0.000576746,0.00261971,0.001662871,0.003792631,0.003323928,0.000479719,0.000458196,0.000506474,0.000458074,,,,,Historical
1986-11-01,0.607410048,66.1,67.2,0.358627661,0.118475238,8.24,8.72,0.18,9.572,10.45,0.023407994,0.012472228,0.01079044,0.025723473,0.004518072,0.045454545,0.012422926,0.039221742,0.000208289,0.000483097,0.000593616,0.003891707,0.000624394,-0.5,0.866025404,1.611367013,-0.06,-0.09,-0.09,-0.61,-0.29,-0.08,-0.23,-0.8,-0.08,0.33,0.05,-0.44,0.0,0.0,-0.5,-0.25,0.0,0.25,0.65,-0.5,0.025589559,0.022575519,0.009664595,0.009867711,0.024246008,0.024385378,0.041467305,0.042099198,0.019344654,0.020751846,0.052832591,0.05163063,-4.33e-05,-0.000273757,0.000482046,0.000538419,-0.000330129,0.000656307,0.000932535,-0.000449437,-0.000171904,0.000655001,0.023969088,0.025176043,0.027233019,0.018732465,-0.016880081,-0.016328817,0.012092076,-0.102425269,-0.048593761,0.195236076,1.428858384,1.287437659,1.512333283,0.09903373,1.241073193,0.37029382,0.00068518,0.000365204,0.000608467,0.000569116,0.002869336,0.001658225,0.003853825,0.003409126,0.000429407,0.000366401,0.000536877,0.000474323,,,,,Historical
1986-12-01,1.089084226,66.1,66.7,0.359754332,0.118863015,8.24,8.63,0.19,9.572,10.37,0.022872569,0.017651599,0.011052134,0.025966448,0.00149925,0.042121685,0.012133529,0.037031346,-9.1e-05,0.000781265,0.000554813,0.003895919,0.000542016,-2.45e-16,1.0,1.644006519,0.0,-0.11,-0.35,-1.0,-0.09,-0.41,-0.17,-0.57,0.01,0.2,-0.03,-0.46,0.0,0.0,-0.5,-0.25,-0.08,0.07,0.3,-0.44,0.023066191,0.021042397,0.009827425,0.010011128,0.024494614,0.024612904,0.038095238,0.041944843,0.020855258,0.019621335,0.05050665,0.049491233,-7.18e-05,-0.000368752,0.000277704,0.000250987,-0.000342036,0.000711232,0.001092495,-0.000311229,0.000122156,0.000659109,0.023407994,0.024557744,0.026511001,0.018388003,-0.01716991,-0.016599873,0.011947605,-0.128376287,-0.075838966,0.178616499,1.461034801,1.31163301,1.545531978,0.098474541,1.257889521,0.386116999,0.000376659,0.000285999,0.000596754,0.000583962,0.002813129,0.001658374,0.003886361,0.003499358,0.000424799,0.000282715,0.00055371,0.000484091,,,,,Historical
1987-01-01,1.570758403,66.1,65.4,0.360881002,0.119250793,7.24,8.06,0.58,9.072,10.05,0.022361092,0.022830012,0.011313509,0.026208503,0.002994012,0.040372671,0.01306452,0.034862385,-0.000389586,0.001078636,0.000589103,0.003987798,0.000648127,0.5,0.866025404,1.676462766,-1.0,-1.06,-1.02,-3.31,-0.57,-0.95,-0.82,-1.74,0.39,0.32,0.6,0.18,-0.5,-0.5,-0.5,-1.75,-0.32,-0.4,-0.21,-0.82,0.02056391,0.020368331,0.009989971,0.01017232,0.024742268,0.024860116,0.04107425,0.041662555,0.019088155,0.018392275,0.048204159,0.047198251,-0.000101283,-0.000463442,7.39e-05,-3.6e-05,-0.000353625,0.000766475,0.001251939,-0.000173303,0.000415722,0.000662915,0.022872569,0.023969088,0.025826281,0.01805598,-0.017469866,-0.016880081,0.011806545,-0.153714521,-0.102425269,0.162824936,1.494528258,1.337181695,1.578542691,0.097920075,1.274541284,0.401921482,0.000345661,0.000209476,0.000582789,0.000604249,0.002671229,0.001499106,0.003914748,0.003609073,0.000476412,0.000393027,0.000570326,0.000498401,,,,,Historical
1987-02-01,1.474181196,66.2,65.8,0.361664038,0.119339583,7.28,8.08,0.58,9.072,9.66,0.017702824,0.027024023,0.011728957,0.026199816,0.004477612,0.040185471,0.013992149,0.033999085,-0.000205103,0.001014074,0.000457857,0.003814913,0.00062067,0.866025404,0.5,1.70288263,0.04,-0.96,-1.05,-4.27,0.02,-0.64,-0.72,-1.41,0.0,0.4,0.73,0.6,0.0,-0.5,-0.5,-3.75,-0.39,-0.79,-0.54,-1.48,0.016097493,0.02012128,0.010169792,0.010364732,0.024988975,0.025085565,0.042654028,0.041522348,0.018529578,0.017429109,0.045924765,0.045035279,-0.000111412,-0.000138207,-6.69e-05,-8.36e-05,-0.000121544,0.000806419,0.000894599,0.000119475,0.000534752,0.000479323,0.022361092,0.023407994,0.025176043,0.029656054,-0.017780489,-0.01716991,-0.014871785,-0.178461422,-0.128376287,0.130196308,1.52734331,1.363055986,1.611367013,0.091515617,1.309101997,0.393780633,0.00041726,0.00014632,0.000574343,0.000607632,0.002720907,0.001370706,0.003907706,0.00370024,0.000359146,0.000271524,0.00059891,0.000520195,,,,,Historical
1987-03-01,1.377603989,66.3,66.3,0.362447075,0.119428374,6.8,7.73,0.7,8.572,9.4,0.017394878,0.031216618,0.012143795,0.026191167,0.002971768,0.040061633,0.016363073,0.033140772,-2.12e-05,0.000949721,0.000589094,0.003908081,0.00048625,1.0,6.12e-17,1.729193643,-0.48,-1.44,-1.55,-3.39,-0.35,-0.9,-1.31,-1.24,0.12,0.51,0.71,0.72,-0.5,-1.0,-1.0,-3.25,-0.26,-0.97,-0.9,-1.46,0.011673691,0.020300959,0.010349276,0.010588317,0.025234742,0.025289336,0.041009464,0.041243454,0.018797252,0.017042769,0.043668122,0.043000654,-0.000102258,0.000185747,-0.000206964,-0.000131057,0.000109839,0.000831101,0.000538666,0.000411055,0.00065353,0.000296191,0.017702824,0.022872569,0.024557744,0.028801844,0.011320682,-0.017469866,-0.015096294,-0.156618456,-0.153714521,0.098429745,1.559487526,1.389259325,1.644006519,0.085187124,1.343463059,0.385730585,0.000453175,0.000263877,0.000556755,0.000618959,0.002823717,0.001390027,0.003904932,0.003790603,0.000342708,0.000241615,0.000577061,0.000532156,,,,,Historical
1987-04-01,1.281026782,66.4,67.0,0.363230111,0.119517164,8.08,9.18,0.39,9.072,9.59,0.017097462,0.035407796,0.012558026,0.026182555,0.005925926,0.046224961,0.013112855,0.032287403,0.000162074,0.000885576,0.000764872,0.004146885,0.000516493,0.866025404,-0.5,1.755396476,1.28,0.84,-0.22,-0.64,1.45,1.12,0.17,0.62,-0.31,-0.19,0.13,0.3,0.5,0.0,-0.5,-2.0,0.19,-0.46,-0.86,-0.73,0.007291898,0.020907085,0.010528425,0.010843029,0.025479572,0.025471512,0.044025157,0.041895534,0.015538469,0.016103535,0.041433892,0.041092743,-7.39e-05,0.000508429,-0.000346356,-0.000178454,0.000340528,0.000840561,0.00018413,0.000701446,0.000772058,0.000113518,0.017394878,0.022361092,0.023969088,0.027995469,0.011193959,-0.017780489,-0.015327685,-0.134105885,-0.178461422,0.067491528,1.590968383,1.415795058,1.676462766,0.07893371,1.377626194,0.377770282,0.000844785,0.000475189,0.000591559,0.000612299,0.003233039,0.001634128,0.003940884,0.003866757,0.000425575,0.000228114,0.000572992,0.000539733,,,,,Historical
1987-05-01,1.36330942,66.4,69.0,0.36336819,0.119013956,8.19,9.26,0.14,9.322,10.24,0.016810046,0.038867161,0.012795486,0.02617398,0.005891016,0.045941807,0.018894437,0.031438936,0.000189068,0.000915369,0.000944674,0.004547824,0.000533946,0.5,-0.866025404,1.781491794,0.11,0.91,-0.05,-0.14,0.08,1.18,0.54,0.31,-0.25,-0.44,-0.04,0.01,0.25,0.25,-0.25,-0.75,0.65,0.58,-0.21,0.44,0.012472228,0.022013551,0.01079044,0.011103936,0.025723473,0.025632176,0.045454545,0.042268409,0.012422926,0.016066017,0.039221742,0.039309938,-3.53e-05,0.000208289,-1.92e-05,-0.000273757,0.000462825,0.000839131,0.000483097,0.000432272,0.000932535,-1.72e-05,0.017097462,0.017702824,0.023407994,0.027233019,0.011070042,0.011320682,-0.01556628,-0.11089244,-0.156618456,0.037349674,1.621793273,1.442666441,1.70288263,0.078609163,1.411593108,0.369898686,0.000741051,0.000551449,0.000650069,0.000629268,0.003524538,0.001925784,0.004050237,0.003952031,0.000441975,0.00025547,0.000557917,0.000547397,,,,,Historical
1987-06-01,1.445592059,66.5,70.5,0.363506269,0.118510747,8.29,9.04,0.27,9.322,10.46,0.016532134,0.042314488,0.013032457,0.026165442,0.002928258,0.047400612,0.017562341,0.030595328,0.00021595,0.000945039,0.00080874,0.004698606,0.000647048,1.22e-16,-1.0,1.807480257,0.1,1.49,0.05,-0.3,-0.22,1.31,0.41,0.24,0.13,-0.43,0.08,0.05,0.0,0.75,-0.25,-0.75,0.22,1.06,0.09,0.39,0.017651599,0.023617576,0.011052134,0.011371022,0.025966448,0.025771412,0.042121685,0.043043857,0.012133529,0.015791607,0.037031346,0.037650661,1.34e-05,-9.1e-05,0.000306999,-0.000368752,0.000584703,0.000826843,0.000781265,0.000163774,0.001092495,-0.000147456,0.016810046,0.017394878,0.022872569,0.026511001,0.010948837,0.011193959,-0.015812421,-0.086944874,-0.134105885,0.007973825,1.651969504,1.469876637,1.729193643,0.078286614,1.445365486,0.362114771,0.00062509,0.000641582,0.00069239,0.000644572,0.003700706,0.002218681,0.004184018,0.004035189,0.00044102,0.0003444,0.000575422,0.000564566,,,,,Historical
1987-07-01,1.527874697,66.4,71.2,0.363644348,0.118007539,8.97,9.7,0.13,9.322,10.46,0.016263261,0.04574984,0.013268939,0.026156942,0.005839416,0.04552352,0.017782427,0.029756537,0.000242721,0.000974585,0.000826331,0.004745658,0.000767227,-0.5,-0.866025404,1.833362522,0.68,0.89,1.73,0.71,0.66,0.52,1.64,0.82,-0.14,-0.26,-0.45,0.15,0.0,0.25,0.25,-0.25,0.0,0.87,0.41,0.2,0.022830012,0.025716404,0.011313509,0.01164427,0.026208503,0.025889301,0.040372671,0.04341463,0.01306452,0.015682796,0.034862385,0.03611336,7.23e-05,-0.000389586,0.000632307,-0.000463442,0.000706163,0.00080373,0.001078636,-0.000104051,0.001251939,-0.000277354,0.016532134,0.017097462,0.022361092,0.025826281,0.010830259,0.011070042,-0.016066471,-0.062227802,-0.11089244,-0.020664851,1.681504298,1.497428722,1.755396476,0.077966046,1.478944995,0.354417526,0.000672895,0.000462445,0.000731928,0.000657358,0.003817476,0.002227688,0.004310328,0.004112538,0.000548433,0.000444477,0.000595272,0.000582799,,,,,Historical
1987-08-01,1.449205749,66.4,71.2,0.365207695,0.117963281,8.99,9.91,0.21,9.822,10.69,0.016002995,0.049813078,0.013361412,0.026148477,0.001451379,0.045454545,0.018117304,0.028922524,0.000617834,0.000441117,0.000593963,0.004684897,0.000643436,-0.866025404,-0.5,1.859139237,0.02,0.8,1.71,0.66,0.21,0.65,1.83,1.11,0.08,0.07,-0.37,0.36,0.5,0.5,0.75,0.25,0.23,0.45,1.03,0.49,0.027024023,0.028526036,0.011728957,0.011910238,0.026199816,0.025985926,0.040185471,0.043648006,0.013992149,0.01564844,0.033999085,0.034696506,0.000135263,-0.000205103,0.000822936,-0.000138207,0.000756041,0.00076594,0.001014074,-0.000572957,0.000894599,-0.000453482,0.016263261,0.016810046,0.017702824,0.025176043,0.010714221,0.010948837,-0.016328817,-0.036703529,-0.086944874,-0.048593761,1.710404794,1.525325687,1.781491794,0.077647443,1.512333283,0.346805953,0.000508533,0.000589152,0.000754612,0.000664477,0.003857163,0.002366897,0.004455325,0.004181516,0.000449161,0.00044157,0.000599067,0.000598989,,,,,Historical
1987-09-01,1.370536801,66.5,69.2,0.366771041,0.117919023,9.35,10.75,0.32,9.822,10.92,0.015750928,0.053872913,0.01345368,0.02614005,0.0,0.045454545,0.020112026,0.028093246,0.000991271,-9e-05,0.000594645,0.00442804,0.000840926,-1.0,-1.84e-16,1.884811047,0.36,1.06,2.55,1.0,0.84,1.71,3.02,1.71,0.11,0.05,-0.38,0.33,0.0,0.5,1.25,0.25,0.23,0.46,1.52,0.62,0.031216618,0.032042638,0.012143795,0.012168938,0.026191167,0.026061369,0.040061633,0.04401843,0.016363073,0.015758005,0.033140772,0.0333986,0.00020239,-2.12e-05,0.001012488,0.000185747,0.000805524,0.000713554,0.000949721,-0.001039689,0.000538666,-0.000628634,0.016002995,0.016532134,0.017394878,0.024557744,0.010600643,0.010830259,-0.016599873,-0.010331857,-0.062227802,-0.075838966,1.73867805,1.553570439,1.807480257,0.077330789,1.545531978,0.339279068,0.000694619,0.000470951,0.000755537,0.000656146,0.003924728,0.002449237,0.004541985,0.004223458,0.000617344,0.000383803,0.000658179,0.00061762,,,,,Historical
1987-10-01,1.291867853,66.7,69.5,0.368334388,0.117874765,7.84,9.62,0.42,9.572,11.17,0.015506678,0.057929349,0.013545742,0.026131658,0.002898551,0.042168675,0.02282714,0.027268663,0.001363045,-0.000618688,0.000581408,0.004395491,0.000603952,-0.866025404,0.5,1.91037859,-1.51,-1.13,-0.24,-0.46,-1.13,-0.08,0.44,0.61,0.1,0.29,0.03,0.16,-0.25,0.25,0.5,0.0,0.25,0.71,1.58,0.72,0.035407796,0.036262425,0.012558026,0.012420381,0.026182555,0.026115709,0.046224961,0.043863723,0.013112855,0.016365394,0.032287403,0.032218164,0.000273608,0.000162074,0.001200971,0.000508429,0.000854615,0.000646652,0.000885576,-0.001504264,0.00018413,-0.000802818,0.015750928,0.016263261,0.017097462,0.023969088,0.010489448,0.010714221,-0.016880081,0.016930127,-0.036703529,-0.102425269,1.766331041,1.582165804,1.833362522,0.077016068,1.578542691,0.331835899,0.000556047,0.000654854,0.00072496,0.00065826,0.003931172,0.00261971,0.004583419,0.004262152,0.000540911,0.000479719,0.000672756,0.000622874,,,,,Historical
1987-11-01,1.346908752,66.7,69.0,0.369253449,0.117719724,8.31,9.88,0.53,9.572,10.69,0.015269888,0.057530245,0.013425295,0.026123302,0.00433526,0.04197901,0.022485899,0.026448737,0.000901327,-0.000198176,0.000661822,0.00447195,0.000576004,-0.5,0.866025404,1.935842501,0.47,-0.68,0.12,0.07,0.26,-0.03,0.62,1.16,0.11,0.32,0.39,0.35,0.0,-0.25,0.25,0.0,-0.48,0.0,0.45,0.24,0.038867161,0.04001726,0.012795486,0.012639953,0.02617398,0.026149028,0.045941807,0.043574095,0.018894437,0.017203975,0.031438936,0.031153747,0.000331361,0.000189068,0.000712258,0.000208289,0.000693038,0.000589879,0.000915369,-0.001113546,0.000483097,-0.000681274,0.015506678,0.016002995,0.016810046,0.023407994,0.010380562,0.010600643,-0.01716991,0.045128283,-0.010331857,-0.128376287,1.793370665,1.611114525,1.859139237,0.076703265,1.611367013,0.324475488,0.000593616,0.00068518,0.000677818,0.000663943,0.003891707,0.002869336,0.004570774,0.004310505,0.000624394,0.000429407,0.000679766,0.000618841,,,,,Historical
1987-12-01,1.401949652,66.8,68.8,0.370172509,0.117564684,8.41,9.78,0.4,9.572,10.76,0.015040221,0.057135276,0.013305058,0.026114982,0.001438849,0.041916168,0.025010115,0.025633427,0.000440634,0.000221402,0.000392425,0.004278707,0.000573949,-2.45e-16,1.0,1.961203409,0.1,-0.94,0.12,0.17,-0.1,-0.97,0.74,1.15,-0.13,0.08,0.13,0.21,0.0,-0.25,0.25,0.0,0.07,-0.16,0.3,0.39,0.042314488,0.043307567,0.013032457,0.012827696,0.026165442,0.026161406,0.047400612,0.043556968,0.017562341,0.018277024,0.030595328,0.03020392,0.000375668,0.00021595,0.000224683,-9.1e-05,0.000531682,0.000543224,0.000945039,-0.000723637,0.000781265,-0.000559863,0.015269888,0.015750928,0.016532134,0.022872569,0.010273913,0.010489448,-0.017469866,0.074311675,0.016930127,-0.153714521,1.819803739,1.64041927,1.884811047,0.076392363,1.644006519,0.31719689,0.000554813,0.000376659,0.000608432,0.000650411,0.003895919,0.002813129,0.004500791,0.004342404,0.000542016,0.000424799,0.000667582,0.000621502,,,,,Historical
1988-01-01,1.456990551,66.9,67.4,0.37109157,0.117409643,8.37,9.02,0.33,9.572,10.93,0.014817361,0.056744379,0.01318503,0.026106697,0.001436782,0.040298507,0.024835155,0.024822695,-1.9e-05,0.00064005,0.00026521,0.00383656,0.000697456,0.5,0.866025404,1.986461938,-0.04,0.53,-0.6,1.13,-0.76,-0.6,-0.68,0.96,-0.07,-0.09,0.2,-0.25,0.0,0.0,0.25,0.5,0.17,-0.24,0.47,0.88,0.04574984,0.046133764,0.013268939,0.012983656,0.026156942,0.026152922,0.04552352,0.043550788,0.017782427,0.01925791,0.029756537,0.029367279,0.000406547,0.000242721,-0.000261759,-0.000389586,0.000370549,0.000506675,0.000974585,-0.000334535,0.001078636,-0.000438586,0.015040221,0.015506678,0.016263261,0.022361092,0.010169433,0.010380562,-0.017780489,0.104532857,0.045128283,-0.178461422,1.845637004,1.670082631,1.91037859,0.076083348,1.676462766,0.309999172,0.000589103,0.000345661,0.000514912,0.00062342,0.003987798,0.002671229,0.004349274,0.004329801,0.000648127,0.000476412,0.000655954,0.000625613,,,,,Historical
1988-02-01,1.229933271,66.8,68.0,0.371965762,0.117185533,8.32,8.77,0.36,9.572,10.69,0.015863734,0.05497236,0.013000108,0.026097216,0.004304161,0.040118871,0.022697606,0.026983191,-0.000221677,0.000948118,0.00019151,0.003489951,0.000523479,0.866025404,0.5,2.009822685,-0.05,0.01,-0.67,1.04,-0.25,-1.11,-1.14,0.69,0.03,-0.17,0.15,-0.22,0.0,0.0,-0.25,0.5,-0.24,0.0,0.0,1.03,0.049813078,0.048462792,0.013361412,0.013089586,0.026148477,0.026144372,0.045454545,0.043545238,0.018117304,0.019983365,0.028922524,0.028782622,0.000405166,0.000617834,-0.00083951,-0.000205103,-1.66e-05,0.000501179,0.000441117,0.000507001,0.001014074,-6.6e-05,0.014817361,0.015269888,0.016002995,0.017702824,0.010067057,0.010273913,0.011320682,0.135848188,0.074311675,-0.156618456,1.871215342,1.699279326,1.935842501,0.073980183,1.70288263,0.306940054,0.000457857,0.00041726,0.000447837,0.000601224,0.003814913,0.002720907,0.004150116,0.004302721,0.00062067,0.000359146,0.000635961,0.000617514,,,,,Historical
1988-03-01,1.002875992,66.9,68.3,0.372839954,0.116961422,8.53,9.14,0.66,9.572,10.28,0.015616001,0.053215346,0.012815609,0.026087775,0.005714286,0.042962963,0.021508336,0.029134785,-0.000423765,0.001255348,0.000385773,0.003286095,0.000573841,1.0,6.12e-17,2.032989705,0.21,0.12,-0.82,1.73,0.37,-0.64,-1.61,1.41,0.3,0.26,0.34,-0.04,0.0,0.0,-0.25,1.0,-0.41,-0.48,-0.64,0.88,0.053872913,0.050296019,0.01345368,0.01314557,0.02614005,0.026135756,0.045454545,0.043787015,0.020112026,0.020412137,0.028093246,0.028448789,0.00037162,0.000991271,-0.001415036,-2.12e-05,-0.000402548,0.000526648,-9e-05,0.001345317,0.000949721,0.000305627,0.015863734,0.015040221,0.015750928,0.017394878,-0.017535422,0.010169433,0.011193959,0.10343893,0.104532857,-0.134105885,1.89653168,1.728009603,1.961203409,0.071786296,1.729193643,0.303796062,0.000589094,0.000453175,0.000413025,0.000584281,0.003908081,0.002823717,0.003959792,0.004250889,0.00048625,0.000342708,0.000591447,0.000624813,,,,,Historical
1988-04-01,0.775818712,66.8,68.7,0.373714146,0.116737312,8.87,9.41,0.61,10.072,10.24,0.015375886,0.051473147,0.012631531,0.026078376,0.002840909,0.039764359,0.019730296,0.031277533,-0.000625305,0.001561745,0.000413518,0.003163621,0.000528095,0.866025404,-0.5,2.055965399,0.34,0.5,1.03,0.79,0.27,0.39,-0.21,0.23,-0.05,0.28,0.19,0.22,0.5,0.5,0.5,1.0,-0.04,-0.69,-0.93,0.65,0.057929349,0.051634798,0.013545742,0.013151696,0.026131658,0.026127075,0.042168675,0.043248632,0.02282714,0.02096359,0.027268663,0.028364634,0.000306005,0.001363045,-0.001988349,0.000162074,-0.000787379,0.000582995,-0.000618688,0.002180433,0.000885576,0.000676169,0.015616001,0.014817361,0.015506678,0.017097462,-0.017848401,0.010067057,0.011070042,0.071747215,0.135848188,-0.11089244,1.92157909,1.756273736,1.986461938,0.069503462,1.755396476,0.300568924,0.000764872,0.000844785,0.000385043,0.000555002,0.004146885,0.003233039,0.00375448,0.00416895,0.000516493,0.000425575,0.000578804,0.00062578,,,,,Historical
1988-05-01,0.554117894,66.8,70.7,0.375007028,0.116484332,8.92,9.49,0.42,10.072,10.49,0.015143044,0.046531302,0.0127716,0.026069017,0.005665722,0.039531479,0.019300353,0.033411489,-0.001216143,0.002124025,0.000553007,0.003185615,0.000524219,0.5,-0.866025404,2.078752127,0.05,0.6,0.61,0.73,0.08,0.72,-0.39,0.23,-0.19,0.06,-0.11,0.28,0.0,0.5,0.5,0.75,0.25,-0.2,-0.2,0.25,0.057530245,0.052273477,0.013425295,0.013149705,0.026123302,0.026118328,0.04197901,0.042714438,0.022485899,0.020997417,0.026448737,0.028529013,0.000188905,0.000901327,-0.002117469,0.000189068,-0.001405211,0.000683716,-0.000198176,0.002322201,0.000915369,0.001208655,0.015375886,0.015863734,0.015269888,0.016810046,-0.018172756,-0.017535422,0.010948837,0.040749474,0.10343893,-0.086944874,1.946350785,1.784072029,2.009822685,0.068929442,1.781491794,0.297260333,0.000944674,0.000741051,0.000366907,0.000522363,0.004547824,0.003524538,0.003540091,0.004055433,0.000533946,0.000441975,0.000570173,0.000624969,,,,,Historical
1988-06-01,0.332417076,66.7,71.8,0.37629991,0.116231353,9.19,9.5,0.27,10.572,10.61,0.014917148,0.041639286,0.012911314,0.026059699,0.002816901,0.039416058,0.016179602,0.035536707,-0.001804426,0.002683874,0.000536227,0.003196845,0.000515708,1.22e-16,-1.0,2.10135221,0.27,0.66,0.78,0.9,0.01,0.36,-0.28,0.46,-0.15,-0.39,-0.13,0.0,0.5,1.0,1.0,1.25,0.12,0.33,-0.15,0.15,0.057135276,0.05221721,0.013305058,0.01313961,0.026114982,0.026109516,0.041916168,0.042049058,0.025010115,0.020882188,0.025633427,0.028940794,2.05e-05,0.000440634,-0.00224506,0.00021595,-0.002020377,0.000828619,0.000221402,0.002462471,0.000945039,0.001738835,0.015143044,0.015616001,0.015040221,0.016532134,-0.018509117,-0.017848401,0.010830259,0.010423161,0.071747215,-0.062227802,1.970840114,1.811404809,2.032989705,0.068362505,1.807480257,0.293871953,0.00080874,0.00062509,0.000390874,0.000499653,0.004698606,0.003700706,0.003359781,0.003930286,0.000647048,0.00044102,0.000560466,0.000614024,,,,,Historical
1988-07-01,0.110716258,66.8,72.5,0.377592792,0.115978373,9.29,9.75,0.39,10.572,10.6,0.014697894,0.03679635,0.013050675,0.02605042,0.005617978,0.039187228,0.018987482,0.03765324,-0.002390173,0.003241308,0.00054682,0.003284193,0.000452634,-0.5,-0.866025404,2.123767932,0.1,0.42,0.92,0.32,0.25,0.34,0.73,0.05,0.12,-0.22,0.06,0.26,0.0,0.5,1.0,1.25,-0.01,0.36,-0.33,0.14,0.056744379,0.051471086,0.01318503,0.013121421,0.026106697,0.026100639,0.040298507,0.041521034,0.024835155,0.02098261,0.024822695,0.029598853,-0.000198868,-1.9e-05,-0.002371135,0.000242721,-0.002632894,0.001017513,0.00064005,0.002601258,0.000974585,0.002266723,0.014917148,0.015375886,0.014817361,0.016263261,-0.018858165,-0.018172756,0.010714221,-0.019253306,0.040749474,-0.036703529,1.995040565,1.838272431,2.055965399,0.067802533,1.833362522,0.290405411,0.000826331,0.000672895,0.000437809,0.000476361,0.004745658,0.003817476,0.00326772,0.003808497,0.000767227,0.000548433,0.000519663,0.000587808,,,,,Historical
1988-08-01,0.07876069,66.8,72.3,0.379670048,0.115963178,9.98,10.23,0.04,11.072,11.12,0.014484991,0.032401913,0.013603188,0.026041181,0.001396648,0.039130435,0.018791718,0.039761142,-0.001944182,0.002715408,0.000579977,0.003446901,0.000409989,-0.866025404,-0.5,2.146001541,0.69,1.06,1.66,0.99,0.48,0.74,1.46,0.32,-0.35,-0.38,-0.32,-0.17,0.5,1.0,1.5,1.25,0.52,0.63,0.43,0.43,0.05497236,0.050020155,0.013000108,0.013141569,0.026097216,0.026091698,0.040118871,0.040994025,0.022697606,0.021038811,0.026983191,0.030502071,-0.000412369,-0.000221677,-0.001722506,0.000617834,-0.002562016,0.001207037,0.000948118,0.00176729,0.000441117,0.00227429,0.014697894,0.015143044,0.015863734,0.016002995,-0.019220631,-0.018509117,0.010600643,-0.048300594,0.010423161,-0.010331857,2.018945757,1.864675276,2.078752127,0.067249414,1.859139237,0.286862304,0.000593963,0.000508533,0.000502554,0.000475195,0.004684897,0.003857163,0.003260545,0.003705331,0.000643436,0.000449161,0.000500748,0.000568354,,,,,Historical
1988-09-01,0.046805121,66.8,70.3,0.381747304,0.115947984,10.33,9.97,0.1,11.572,11.36,0.014278168,0.028045001,0.01415437,0.026031982,0.0013947,0.04057971,0.018337264,0.041860465,-0.001500554,0.002192293,0.000629304,0.003604023,0.000464027,-1.0,-1.84e-16,2.168055246,0.35,1.14,1.8,0.98,-0.26,0.47,0.83,-0.78,0.06,-0.17,-0.56,-0.22,0.5,1.0,2.0,1.75,0.24,0.75,1.08,0.44,0.053215346,0.047867829,0.012815609,0.01319996,0.026087775,0.026082692,0.042962963,0.040587789,0.021508336,0.020890914,0.029134785,0.03164934,-0.000620021,-0.000423765,-0.001076789,0.000991271,-0.002491825,0.001397226,0.001255348,0.000936945,-9e-05,0.002282261,0.014484991,0.014917148,0.015616001,0.015750928,-0.019597304,-0.018858165,0.010489448,-0.076738503,-0.019253306,0.016930127,2.04254944,1.890613745,2.10135221,0.066703035,1.884811047,0.283244199,0.000594645,0.000694619,0.000543142,0.000478083,0.00442804,0.003924728,0.003313533,0.003636663,0.000840926,0.000617344,0.000482445,0.000536946,,,,,Historical
1988-10-01,0.014849553,66.9,70.5,0.38382456,0.115932789,10.29,9.61,0.11,11.572,10.99,0.014077169,0.023725133,0.014704226,0.026022822,0.005571031,0.043352601,0.016589557,0.043951262,-0.00105927,0.001671942,0.000395497,0.00348542,0.000505629,-0.866025404,0.5,2.189931221,-0.04,1.0,1.42,2.45,-0.36,-0.14,0.2,-0.01,0.01,-0.28,-0.5,-0.31,0.0,1.0,1.5,2.0,-0.37,0.39,0.75,-0.18,0.051473147,0.045017478,0.012631531,0.0132965,0.026078376,0.026073622,0.039764359,0.040686449,0.019730296,0.020371115,0.031277533,0.033039556,-0.000821881,-0.000625305,-0.000433965,0.001363045,-0.002422314,0.001588111,0.001561745,0.000110197,-0.000618688,0.00229063,0.014278168,0.014697894,0.015375886,0.015506678,-0.019989035,-0.019220631,0.010380562,-0.104586008,-0.048300594,0.045128283,2.065845493,1.916088267,2.123767932,0.066163289,1.91037859,0.279552631,0.000581408,0.000556047,0.000540139,0.000462591,0.004395491,0.003931172,0.003367166,0.003560823,0.000603952,0.000540911,0.000478701,0.000528752,,,,,Historical
1988-11-01,0.127877201,67.0,69.8,0.385605646,0.115883216,10.76,9.98,-0.26,11.572,10.98,0.01388175,0.019979232,0.0151919,0.026013701,0.001385042,0.04028777,0.017604859,0.046033584,-0.00135199,0.00197425,0.000356492,0.003267437,0.000566002,-0.5,0.866025404,2.211631608,0.47,0.78,1.84,2.45,0.37,-0.25,0.49,0.1,-0.37,-0.3,-0.68,-0.79,0.0,0.5,1.5,2.0,-0.01,-0.14,0.49,0.29,0.046531302,0.041888227,0.0127716,0.013443718,0.026069017,0.026064489,0.039531479,0.040545512,0.019300353,0.019964362,0.033411489,0.034671627,-0.001009657,-0.001216143,-0.000135847,0.000901327,-0.002253316,0.001769147,0.002124025,-0.000149775,-0.000198176,0.002172426,0.014077169,0.014484991,0.015143044,0.015269888,-0.020396746,-0.019597304,0.010273913,-0.131861307,-0.076738503,0.074311675,2.088827919,1.941099292,2.146001541,0.065630067,1.935842501,0.275789107,0.000661822,0.000593616,0.000507386,0.000437147,0.00447195,0.003891707,0.003380803,0.003460447,0.000576004,0.000624394,0.000485665,0.000527919,,,,,Historical
1988-12-01,0.240904849,67.0,69.5,0.387386732,0.115833642,10.94,10.27,-0.39,12.072,11.33,0.013691682,0.016269365,0.015678842,0.026004619,0.0,0.038793103,0.014919154,0.048107483,-0.001643688,0.002275502,0.000376536,0.003164093,0.000471886,-2.45e-16,1.0,2.233158511,0.18,0.61,1.75,2.53,0.29,0.3,0.77,0.49,-0.13,-0.49,-0.66,-0.79,0.5,0.5,1.5,2.5,0.35,-0.03,0.72,0.57,0.041639286,0.038482734,0.012911314,0.013641533,0.026059699,0.026055292,0.039416058,0.040285257,0.016179602,0.019123449,0.035536707,0.036544465,-0.001183351,-0.001804426,0.000160738,0.000440634,-0.002084322,0.001940322,0.002683874,-0.000408372,0.000221402,0.0020541,0.01388175,0.014278168,0.014917148,0.015040221,-0.020821436,-0.019989035,0.010169433,-0.158581858,-0.104586008,0.104532857,2.111490844,1.965647292,2.168055246,0.065103266,1.961203409,0.271955102,0.000392425,0.000554813,0.000480771,0.000435823,0.004278707,0.003895919,0.003375345,0.003367563,0.000573949,0.000542016,0.000478361,0.000519414,,,,,Historical
1989-01-01,0.353932497,67.3,68.7,0.389167818,0.115784069,11.18,10.1,-0.53,12.072,11.44,0.013506749,0.012595015,0.016165051,0.025995575,0.005532503,0.043041607,0.019199907,0.05017301,-0.00193437,0.002575705,0.00037655,0.003043127,0.000489488,0.5,0.866025404,2.254514003,0.24,0.89,1.89,2.81,-0.17,0.49,0.35,1.08,-0.14,-0.64,-0.92,-0.86,0.0,0.5,1.5,2.5,0.11,0.45,0.84,0.51,0.03679635,0.034803621,0.013050675,0.013889868,0.02605042,0.026046032,0.039187228,0.040513849,0.018987482,0.018653845,0.03765324,0.038656991,-0.001342962,-0.002390173,0.000455802,-1.9e-05,-0.001915333,0.002101627,0.003241308,-0.000665603,0.00064005,0.001935655,0.013691682,0.014077169,0.014697894,0.014817361,-0.021264187,-0.020396746,0.010067057,-0.184764414,-0.131861307,0.135848188,2.133828516,1.98973276,2.189931221,0.064582782,1.986461938,0.268052066,0.00026521,0.000589103,0.000452393,0.000445101,0.00383656,0.003987798,0.003335167,0.003301443,0.000697456,0.000648127,0.000484503,0.000502083,,,,,Historical
1989-02-01,0.280163819,67.4,68.8,0.39018653,0.11534272,11.61,10.7,-0.94,12.572,11.43,-0.005703157,0.010429638,0.016632492,0.026008371,0.006877579,0.045714286,0.020910218,0.037257717,-0.001687479,0.00242348,0.000279983,0.002948024,0.000367125,0.866025404,0.5,2.260155028,0.43,0.85,1.63,3.29,0.6,0.72,0.47,1.93,-0.41,-0.68,-0.98,-1.3,0.5,1.0,1.5,3.0,-0.01,0.45,0.31,0.74,0.032401913,0.031091727,0.013603188,0.014192567,0.026041181,0.026038628,0.039130435,0.040980133,0.018791718,0.018504896,0.039761142,0.039513201,-0.001465112,-0.001944182,0.000256703,-0.000221677,-0.001465803,0.002224573,0.002715408,-0.000291928,0.000948118,0.001475362,0.013506749,0.01388175,0.014484991,0.015863734,-0.021726176,-0.020821436,-0.017535422,-0.210425062,-0.158581858,0.10343893,2.154689544,2.012952443,2.211631608,0.04852342,2.009822685,0.250332343,0.00019151,0.000457857,0.000402394,0.000452474,0.003489951,0.003814913,0.003252021,0.003256283,0.000523479,0.00062067,0.000477359,0.000489053,,,,,Historical
1989-03-01,0.20639514,67.5,69.2,0.391205243,0.114901371,12.14,10.82,-1.04,13.322,11.61,-0.00573587,0.008275402,0.017099034,0.026021111,0.005464481,0.045454545,0.022657752,0.024449528,-0.001441618,0.002271889,0.000510444,0.00302724,0.000427517,1.0,6.12e-17,2.265889742,0.53,1.2,1.81,3.61,0.12,0.55,0.85,1.68,-0.1,-0.65,-1.14,-1.7,0.75,1.25,1.75,3.75,0.18,0.28,0.25,1.33,0.028045001,0.027346732,0.01415437,0.014549519,0.026031982,0.026033073,0.04057971,0.041187765,0.018337264,0.01860068,0.041860465,0.039122763,-0.001549933,-0.001500554,5.89e-05,-0.000423765,-0.001017853,0.002309285,0.002192293,7.96e-05,0.001255348,0.001016541,-0.005703157,0.013691682,0.014278168,0.015616001,-0.026098572,-0.021264187,-0.017848401,-0.217306989,-0.184764414,0.071747215,2.174097881,2.03531478,2.233158511,0.03273123,2.032989705,0.232900036,0.000385773,0.000589094,0.000382584,0.000462863,0.003286095,0.003908081,0.00315589,0.003234712,0.000573841,0.00048625,0.000471274,0.00047686,,,,,Historical
1989-04-01,0.132626462,67.5,69.4,0.392223955,0.114460022,12.37,10.24,-0.59,13.322,11.92,-0.00576896,0.006132222,0.01756468,0.026033796,0.002717391,0.045325779,0.02311339,0.011747117,-0.00119678,0.00212093,0.000447479,0.003068086,0.000399009,0.866025404,-0.5,2.271720498,0.23,1.19,2.08,3.5,-0.58,0.14,0.63,0.83,0.45,-0.06,-0.7,-1.2,0.0,1.25,1.75,3.25,0.31,0.48,0.93,1.68,0.023725133,0.023568322,0.014704226,0.014960614,0.026022822,0.026029358,0.043352601,0.041651217,0.016589557,0.018882605,0.043951262,0.037495229,-0.001597556,-0.00105927,-0.00013751,-0.000625305,-0.000571475,0.002355884,0.001671942,0.000448988,0.001561745,0.000559185,-0.00573587,0.013506749,0.014077169,0.015375886,-0.026797961,-0.021726176,-0.018172756,-0.224439042,-0.210425062,0.040749474,2.192077472,2.056828281,2.254514003,0.017206495,2.055965399,0.215755099,0.000413518,0.000764872,0.000391247,0.000465693,0.003163621,0.004146885,0.003086334,0.00322675,0.000528095,0.000516493,0.000453504,0.000466103,,,,,Historical
1989-05-01,0.1469915,67.3,71.3,0.392398075,0.11347121,12.17,9.78,-0.66,13.322,11.49,-0.005802434,0.006350155,0.017744911,0.026046427,0.010840108,0.050704225,0.021277215,-0.000850822,-0.001086093,0.001965681,0.000571569,0.003283246,0.000348713,0.5,-0.866025404,2.27764973,-0.2,0.56,1.41,3.25,-0.46,-0.92,-0.2,0.29,-0.07,0.28,-0.4,-1.08,0.0,0.75,1.75,3.25,-0.43,0.06,0.51,1.0,0.019979232,0.020219893,0.0151919,0.015375057,0.026013701,0.026027475,0.04028777,0.042582279,0.017604859,0.019047343,0.046033584,0.034640036,-0.001586719,-0.00135199,0.000265897,-0.001216143,0.00013005,0.002342689,0.00197425,-8.57e-06,0.002124025,-0.000158343,-0.00576896,-0.005703157,0.01388175,0.015143044,-0.027535866,-0.026098572,-0.018509117,-0.231835112,-0.217306989,0.010423161,2.208652273,2.077501529,2.260155028,0.017494702,2.078752127,0.198897603,0.000553007,0.000944674,0.000427094,0.00046724,0.003185615,0.004547824,0.003088969,0.003234886,0.000524219,0.000533946,0.00041729,0.000451477,,,,,Historical
1989-06-01,0.161356537,67.2,72.5,0.392572196,0.112482399,12.08,9.42,-0.61,13.322,11.13,-0.005836299,0.006567927,0.017924637,0.026059003,0.004021448,0.051966292,0.021008587,-0.013345573,-0.000975929,0.001811166,0.000365826,0.00324044,0.000401555,1.22e-16,-1.0,2.283679954,-0.09,-0.06,1.14,2.89,-0.36,-1.4,-0.85,-0.08,0.05,0.43,-0.22,-0.88,0.0,0.0,1.25,2.75,-0.36,-0.48,-0.2,0.52,0.016269365,0.017297279,0.015678842,0.015792834,0.026004619,0.026027417,0.038793103,0.043628132,0.014919154,0.019449759,0.048107483,0.030566513,-0.001517677,-0.001643688,0.000667759,-0.001804426,0.000828497,0.002269963,0.002275502,-0.000464336,0.002683874,-0.000872708,-0.005802434,-0.00573587,0.013691682,0.014917148,-0.028315559,-0.026797961,-0.018858165,-0.239510134,-0.224439042,-0.019253306,2.223846251,2.097343183,2.265889742,0.017790212,2.10135221,0.182327744,0.000536227,0.00080874,0.000425308,0.00045304,0.003196845,0.004698606,0.003101694,0.003238519,0.000515708,0.000647048,0.000405568,0.000441964,,,,,Historical
1989-07-01,0.175721575,67.1,73.1,0.392746316,0.111493587,12.11,9.35,-0.55,13.322,11.05,-0.005870561,0.006785539,0.018103859,0.026071526,0.006675567,0.053072626,0.017733919,-0.025738397,-0.000866284,0.001657378,0.000354929,0.003182653,0.000405215,-0.5,-0.866025404,2.289813772,0.03,-0.26,0.93,2.82,-0.07,-0.89,-0.75,-0.4,0.06,0.04,-0.02,-0.94,0.0,0.0,1.25,2.75,-0.08,-0.87,-0.39,0.45,0.012595015,0.014796378,0.016165051,0.016213932,0.025995575,0.026029176,0.043041607,0.044785248,0.019199907,0.019345295,0.05017301,0.025283876,-0.001390686,-0.00193437,0.001068086,-0.002390173,0.001523888,0.002137969,0.002575705,-0.000918327,0.003241308,-0.00158393,-0.005836299,-0.00576896,0.013506749,0.014697894,-0.029140694,-0.027535866,-0.019220631,-0.247480194,-0.231835112,-0.048300594,2.237683405,2.116361985,2.271720498,0.018093274,2.123767932,0.16604584,0.00054682,0.000826331,0.000421705,0.000437049,0.003284193,0.004745658,0.003124948,0.003230057,0.000452634,0.000767227,0.000391522,0.000438013,,,,,Historical
1989-08-01,0.124639511,67.1,73.2,0.395006005,0.111150242,12.16,9.59,-0.88,13.322,10.96,-0.005905228,0.006811129,0.017885952,0.026083995,0.00132626,0.052998605,0.018923444,-0.038030536,0.000172723,0.000573183,0.000340627,0.003154318,0.000360273,-0.866025404,-0.5,2.296053877,0.05,-0.01,0.55,2.18,0.24,-0.19,-1.11,-0.64,-0.33,-0.22,0.06,-0.92,0.0,0.0,0.75,2.25,-0.09,-0.53,-0.47,-0.16,0.010429638,0.012663813,0.016632492,0.016570829,0.026008371,0.026032744,0.045714286,0.045940929,0.020910218,0.019356272,0.037257717,0.018801237,-0.001214278,-0.001687479,0.001860202,-0.001944182,0.002116905,0.00195945,0.00242348,-0.001850297,0.002715408,-0.002142225,-0.005870561,-0.005802434,-0.005703157,0.014484991,-0.030015363,-0.028315559,-0.019597304,-0.255762637,-0.239510134,-0.076738503,2.250187766,2.134566762,2.27764973,0.018404147,2.146001541,0.150052336,0.000579977,0.000593963,0.000431812,0.000417103,0.003446901,0.004684897,0.00315933,0.003205675,0.000409989,0.000643436,0.00039038,0.00043387,,,,,Historical
1989-09-01,0.073557446,67.1,71.3,0.397265694,0.110806897,12.23,9.92,-0.72,13.322,10.95,-0.005940307,0.006836717,0.017668807,0.026096412,0.001324503,0.052924791,0.017753749,-0.050223214,0.001207338,-0.00050643,0.00038414,0.003060933,0.000462292,-1.0,-1.84e-16,2.302403055,0.07,0.15,0.09,1.9,0.33,0.5,-0.9,-0.05,0.16,-0.11,0.32,-0.82,0.0,0.0,0.0,1.75,-0.01,-0.18,-0.66,-0.41,0.008275402,0.010896456,0.017099034,0.016863699,0.026021111,0.026038113,0.045454545,0.046969686,0.022657752,0.019307646,0.024449528,0.011127597,-0.00098862,-0.001441618,0.002648956,-0.001500554,0.002707892,0.001734556,0.002271889,-0.002778319,0.002192293,-0.002698723,-0.005905228,-0.005836299,-0.00573587,0.014278168,-0.030944163,-0.029140694,-0.019989035,-0.264376196,-0.247480194,-0.104586008,2.261383417,2.151966429,2.283679954,0.018723101,2.168055246,0.13434781,0.000629304,0.000594645,0.000410762,0.000396673,0.003604023,0.00442804,0.003164946,0.003160418,0.000464027,0.000840926,0.000396176,0.000433725,,,,,Historical
1989-10-01,0.022475382,66.9,71.2,0.399525383,0.110463552,12.17,9.56,-0.79,13.322,10.95,-0.005975806,0.006862303,0.01745242,0.026108775,0.003968254,0.051246537,0.014852379,-0.062317632,0.002237589,-0.001581488,0.000319344,0.00298936,0.000379882,-0.866025404,0.5,2.308864192,-0.06,0.06,-0.2,1.88,-0.36,0.21,-0.68,-0.05,-0.07,-0.24,-0.2,-0.9,0.0,0.0,0.0,1.75,0.0,-0.1,-0.97,-0.04,0.006132222,0.00949122,0.01756468,0.017092715,0.026033796,0.026045276,0.045325779,0.047627514,0.02311339,0.019162881,0.011747117,0.002271855,-0.000713882,-0.00119678,0.003434368,-0.00105927,0.003296858,0.001463437,0.00212093,-0.003702417,0.001671942,-0.00325343,-0.005940307,-0.005870561,-0.00576896,0.014077169,-0.031932281,-0.030015363,-0.020396746,-0.273341133,-0.255762637,-0.131861307,2.271294498,2.168569995,2.289813772,0.01905042,2.189931221,0.118932971,0.000395497,0.000581408,0.000389406,0.000390327,0.00348542,0.004395491,0.003151825,0.00311908,0.000505629,0.000603952,0.000392989,0.000423247,,,,,Historical
1989-11-01,0.031017106,67.2,70.5,0.401189938,0.110037136,12.21,10.07,-1.3,13.322,10.95,-0.006011731,0.005837077,0.016950724,0.026121086,0.002635046,0.052558783,0.017466084,-0.074314974,0.001301807,-0.000671935,0.000235041,0.002861376,0.000356122,-0.5,0.866025404,2.315440275,0.04,0.05,0.04,1.45,0.51,0.48,0.29,0.09,-0.51,-0.42,-0.64,-1.04,0.0,0.0,0.0,1.75,0.0,-0.01,-0.54,-0.03,0.006350155,0.008312707,0.017744911,0.017239284,0.026046427,0.026054225,0.050704225,0.048650098,0.021277215,0.019151316,-0.000850822,-0.007757191,-0.000492732,-0.001086093,0.0023879,-0.00135199,0.002653796,0.001242922,0.001965681,-0.002637616,0.00197425,-0.002646185,-0.005975806,-0.005905228,-0.005802434,0.01388175,-0.032985586,-0.030944163,-0.020821436,-0.282679395,-0.264376196,-0.158581858,2.27994522,2.184386569,2.296053877,0.019386398,2.211631608,0.103808667,0.000356492,0.000661822,0.000333318,0.000380206,0.003267437,0.00447195,0.003081513,0.003085241,0.000566002,0.000576004,0.000394223,0.000405757,,,,,Historical
1989-12-01,0.039558831,67.3,70.0,0.402854494,0.109610721,12.22,9.77,-1.36,13.322,11.15,-0.00604809,0.004814264,0.016450263,0.026133345,0.0,0.052558783,0.019122043,-0.086216402,0.000367394,0.000236287,0.000221379,0.002721039,0.000359313,-2.45e-16,1.0,2.322134399,0.01,-0.01,0.14,1.28,-0.3,-0.15,0.35,-0.5,-0.06,-0.64,-0.75,-0.97,0.0,0.0,0.0,1.25,0.2,0.2,0.02,-0.18,0.006567927,0.007358116,0.017924637,0.017303569,0.026059003,0.026064952,0.051966292,0.049797238,0.021008587,0.019501557,-0.013345573,-0.018950848,-0.000325142,-0.000975929,0.001343323,-0.001643688,0.002011082,0.001072987,0.001811166,-0.001574879,0.002275502,-0.002039215,-0.006011731,-0.005940307,-0.005836299,0.013691682,-0.034110749,-0.031932281,-0.021264187,-0.292414798,-0.273341133,-0.184764414,2.287359877,2.19942536,2.302403055,0.019731344,2.233158511,0.088975888,0.000376536,0.000392425,0.000309243,0.000367276,0.003164093,0.004278707,0.002994946,0.00304832,0.000471886,0.000573949,0.000387183,0.000396375,,,,,Historical
1990-01-01,0.048100555,67.5,68.7,0.404519049,0.109184305,12.34,10.02,-1.03,13.322,11.21,-0.006084892,0.003793857,0.015951033,0.026145553,0.007884363,0.055020633,0.01781471,-0.098023064,-0.000565653,0.001143181,0.000204098,0.002636196,0.000282637,0.5,0.866025404,2.328949772,0.12,0.17,0.23,1.16,0.25,0.46,0.67,-0.08,0.33,-0.24,-0.48,-0.5,0.0,0.0,0.0,1.25,0.06,0.26,0.16,-0.23,0.006785539,0.006624686,0.018103859,0.017285734,0.026071526,0.02607745,0.053072626,0.05079549,0.017733919,0.019386124,-0.025738397,-0.031300521,-0.000211082,-0.000866284,0.000300631,-0.00193437,0.001368717,0.00095361,0.001657378,-0.000514197,0.002575705,-0.001432524,-0.00604809,-0.005975806,-0.005870561,0.013506749,-0.035315383,-0.032985586,-0.021726176,-0.302573227,-0.282679395,-0.210425062,2.293562858,2.213695687,2.308864192,0.02008558,2.254514003,0.074435768,0.00037655,0.00026521,0.000284105,0.000352905,0.003043127,0.00383656,0.00290387,0.003014409,0.000489488,0.000697456,0.000366753,0.000379138,,,,,Historical
1990-02-01,0.070061073,67.5,69.0,0.406251364,0.108967319,13.16,11.09,-1.28,14.072,11.62,-0.006789459,0.003731501,0.015782954,0.026088711,0.006518905,0.054644809,0.016488423,-0.094054952,-0.000360965,0.00101235,0.00011507,0.002464953,0.000279941,0.866025404,0.5,2.322026738,0.82,0.95,1.0,1.55,1.07,1.02,1.5,0.39,-0.25,0.02,-0.4,-0.34,0.75,0.75,0.75,1.5,0.41,0.67,0.66,0.19,0.006811129,0.006066508,0.017885952,0.01721494,0.026083995,0.026084145,0.052998605,0.051539701,0.018923444,0.019017641,-0.038030536,-0.042243244,-0.000100539,0.000172723,-0.000533688,-0.001687479,0.001326514,0.000836016,0.000573183,0.000439167,0.00242348,-0.00141113,-0.006084892,-0.006011731,-0.005905228,-0.005703157,-0.036608216,-0.034110749,-0.026098572,-0.313182868,-0.292414798,-0.217306989,2.298718834,2.226704189,2.315440275,0.006586463,2.260155028,0.06187171,0.000279983,0.00019151,0.000246512,0.000339162,0.002948024,0.003489951,0.002788976,0.002974153,0.000367125,0.000523479,0.000353365,0.000371873,,,,,Historical
1990-03-01,0.092021592,67.1,69.1,0.407983679,0.108750333,13.26,11.29,-1.34,14.072,12.12,-0.006835871,0.0036692,0.015615353,0.026032115,0.00388601,0.05298913,0.008432148,-0.090020935,-0.000156929,0.000881936,0.000131305,0.00230568,0.000285104,1.0,6.12e-17,2.315050613,0.1,1.04,1.03,1.12,0.2,1.52,1.37,0.47,-0.06,0.02,-0.62,-0.3,0.0,0.75,0.75,0.75,0.5,0.97,1.17,0.51,0.006836717,0.005682658,0.017668807,0.017091299,0.026096412,0.026085062,0.052924791,0.052167583,0.017753749,0.017832174,-0.050223214,-0.051782449,6.52e-06,0.001207338,-0.001364267,-0.001441618,0.001284689,0.000720187,-0.00050643,0.001388366,0.002271889,-0.001389953,-0.006789459,-0.00604809,-0.005940307,-0.00573587,0.035366643,-0.035315383,-0.026797961,-0.269836219,-0.302573227,-0.224439042,2.302815573,2.238456727,2.322134399,-0.007083786,2.265889742,0.049160872,0.000510444,0.000385773,0.000204373,0.000307567,0.00302724,0.003286095,0.002663101,0.002914023,0.000427517,0.000573841,0.000323833,0.000360005,,,,,Historical
1990-04-01,0.11398211,67.2,69.6,0.409715994,0.108533347,13.55,12.23,-1.23,14.572,12.87,-0.006882922,0.003606954,0.015448227,0.025975765,0.0,0.050135501,0.011986021,-0.085919358,4.65e-05,0.000751937,0.000186884,0.002200065,0.000287374,0.866025404,-0.5,2.308020785,0.29,1.21,1.38,1.18,0.94,2.21,2.67,1.99,0.11,-0.2,-0.44,-0.64,0.5,1.25,1.25,1.25,0.75,1.66,1.92,0.95,0.006862303,0.005472218,0.01745242,0.016914928,0.026108775,0.026080226,0.051246537,0.052568393,0.014852379,0.016904893,-0.062317632,-0.059921322,0.000110121,0.002237589,-0.002191132,-0.00119678,0.001243237,0.000606104,-0.001581488,0.002333425,0.00212093,-0.001368992,-0.006835871,-0.006084892,-0.005975806,-0.00576896,0.034158569,-0.036608216,-0.027535866,-0.224102395,-0.313182868,-0.231835112,2.305840597,2.248959035,2.328949772,-0.020928986,2.271720498,0.036300287,0.000447479,0.000413518,0.000182296,0.000285851,0.003068086,0.003163621,0.002531552,0.002841688,0.000399009,0.000528095,0.000308415,0.000350702,,,,,Historical
1990-05-01,0.235596339,67.1,71.1,0.410935245,0.108611676,13.67,11.39,-1.17,14.572,13.41,-0.006930625,0.004620348,0.015362157,0.025919658,0.00516129,0.044235925,0.011930539,-0.08174851,0.000183285,0.00058196,0.000185188,0.002147508,0.000229206,0.5,-0.866025404,2.300936631,0.12,0.51,1.46,1.5,-0.84,0.3,1.32,1.61,0.06,0.11,0.13,-0.51,0.0,0.5,1.25,1.25,0.54,1.79,2.46,1.92,0.005837077,0.005328068,0.016950724,0.016716366,0.026121086,0.026069662,0.052558783,0.052029368,0.017466084,0.016126004,-0.074314974,-0.066662796,0.000215903,0.001301807,-0.001118522,-0.001086093,0.001269378,0.000490794,-0.000671935,0.001253895,0.001965681,-0.001383721,-0.006882922,-0.006789459,-0.006011731,-0.005802434,0.033030301,0.035366643,-0.028315559,-0.175778614,-0.269836219,-0.239510134,2.307781172,2.258216722,2.322026738,-0.021090107,2.27764973,0.0232869,0.000571569,0.000553007,0.000173987,0.000253653,0.003283246,0.003185615,0.002412574,0.002747043,0.000348713,0.000524219,0.000287263,0.000340743,,,,,Historical
1990-06-01,0.357210568,67.1,72.4,0.412154496,0.108690006,13.58,11.09,-0.89,14.572,13.23,-0.006978994,0.005632557,0.015276359,0.025863793,0.003851091,0.044058745,0.013149736,-0.07750662,0.000319607,0.00041261,0.000144253,0.002033052,0.000254197,1.22e-16,-1.0,2.293797517,-0.09,0.32,1.36,1.5,-0.3,-0.2,1.32,1.67,0.28,0.45,0.47,-0.28,0.0,0.5,1.25,1.25,-0.18,1.11,2.08,2.1,0.004814264,0.00525012,0.016450263,0.016495676,0.026133345,0.026053395,0.052558783,0.051370406,0.019122043,0.0154711,-0.086216402,-0.07200955,0.000323864,0.000367394,-4.78e-05,-0.000975929,0.001295536,0.000374248,0.000236287,0.000176323,0.001811166,-0.001398556,-0.006930625,-0.006835871,-0.00604809,-0.005836299,0.031974184,0.034158569,-0.029140694,-0.124638456,-0.224102395,-0.247480194,2.308624302,2.266235277,2.315050613,-0.021253096,2.283679954,0.010117563,0.000365826,0.000536227,0.000161133,0.000235188,0.00324044,0.003196845,0.002297909,0.002646428,0.000401555,0.000515708,0.000269743,0.000328463,,,,,Historical
1990-07-01,0.478824797,67.1,73.0,0.413373747,0.108768335,13.23,11.04,-0.91,14.572,13.17,-0.007028043,0.006643583,0.015190832,0.025808168,0.003836317,0.041114058,0.015414341,-0.073191858,0.000455427,0.000243885,0.000167553,0.001995331,0.000200233,-0.5,-0.866025404,2.286602804,-0.35,-0.32,0.89,1.12,-0.05,-1.19,1.02,1.69,-0.02,0.32,0.12,-0.36,0.0,0.0,1.25,1.25,-0.06,0.3,1.96,2.12,0.003793857,0.005238291,0.015951033,0.016252924,0.026145553,0.026031448,0.055020633,0.050373858,0.01781471,0.015277801,-0.098023064,-0.075964005,0.000434007,-0.000565653,0.00102108,-0.000866284,0.001321711,0.000256456,0.001143181,-0.000899296,0.001657378,-0.001413493,-0.006978994,-0.006882922,-0.006084892,-0.005870561,0.030983512,0.033030301,-0.030015363,-0.070428317,-0.175778614,-0.255762637,2.308356722,2.273020063,2.308020785,-0.021417981,2.289813772,-0.003210968,0.000354929,0.00054682,0.000155042,0.000219573,0.003182653,0.003284193,0.002191098,0.002547484,0.000405215,0.000452634,0.000256009,0.000311381,,,,,Historical
1990-08-01,0.340055112,67.1,72.6,0.41510955,0.109007512,12.67,10.63,-0.07,14.072,12.76,-0.007077786,0.006777927,0.015052054,0.025752782,0.001273885,0.041059603,0.014453581,-0.06880233,0.001412373,-0.000737967,6.06e-05,0.001807648,0.000241744,-0.866025404,-0.5,2.279351837,-0.56,-1.0,-0.49,0.51,-0.41,-0.76,-0.46,1.04,0.84,1.1,1.21,0.81,-0.5,-0.5,0.0,0.75,-0.41,-0.65,1.14,1.8,0.003731501,0.005235524,0.015782954,0.016016765,0.026088711,0.026003847,0.054644809,0.049378942,0.016488423,0.014905313,-0.094054952,-0.078528321,0.000537311,-0.000360965,0.001773338,0.000172723,0.00123965,0.000147194,0.00101235,-0.001750317,0.000573183,-0.00131115,-0.007028043,-0.006930625,-0.006789459,-0.005905228,0.030052383,0.031974184,-0.030944163,-0.012863203,-0.124638456,-0.264376196,2.306964885,2.278576325,2.300936631,-0.021584793,2.296053877,-0.01670204,0.000340627,0.000579977,0.000145958,0.000196235,0.003154318,0.003446901,0.002081548,0.002435262,0.000360273,0.000409989,0.000249643,0.000301504,,,,,Historical
1990-09-01,0.201285427,67.2,70.7,0.416845353,0.109246689,12.4,11.25,0.28,13.572,12.6,-0.007128239,0.006912251,0.014913702,0.025697633,0.002544529,0.042328042,0.017458274,-0.064336075,0.002366303,-0.001716723,0.000234008,0.001749376,0.000288248,-1.0,-1.84e-16,2.272043956,-0.27,-1.18,-0.86,0.17,0.62,0.16,-0.04,1.33,0.35,1.17,1.62,1.0,-0.5,-1.0,-0.5,0.25,-0.16,-0.63,0.48,1.65,0.0036692,0.005241818,0.015615353,0.015787173,0.026032115,0.025970615,0.05298913,0.048495879,0.008432148,0.01488069,-0.090020935,-0.079704393,0.000633891,-0.000156929,0.002523232,0.001207338,0.001158965,4.63e-05,0.000881936,-0.00259866,-0.00050643,-0.001210294,-0.007077786,-0.006978994,-0.006835871,-0.005940307,0.029175588,0.030983512,-0.031932281,0.048378282,-0.070428317,-0.273341133,2.30443496,2.282909188,2.293797517,-0.021753561,2.302403055,-0.030359099,0.00038414,0.000629304,0.000163075,0.000183724,0.003060933,0.003604023,0.00198883,0.002325965,0.000462292,0.000464027,0.000250167,0.000287,,,,,Historical
1990-10-01,0.062515742,67.1,70.4,0.418581156,0.109485866,12.36,10.88,0.03,13.572,12.41,-0.007179415,0.007046556,0.014775773,0.02564272,0.008883249,0.04743083,0.017859558,-0.059791065,0.003317229,-0.002692399,0.000161866,0.00170011,0.000206457,-0.866025404,0.5,2.264678487,-0.04,-0.87,-1.19,0.19,-0.37,-0.16,-1.35,1.32,-0.25,0.94,1.26,0.82,0.0,-1.0,-1.0,0.25,-0.19,-0.76,-0.46,1.46,0.003606954,0.005257173,0.015448227,0.015564119,0.025975765,0.025931777,0.050135501,0.048177904,0.011986021,0.015131288,-0.085919358,-0.079493845,0.000723861,4.65e-05,0.003270772,0.002237589,0.00107964,-4.62e-05,0.000751937,-0.003444336,-0.001581488,-0.001110911,-0.007128239,-0.007028043,-0.006882922,-0.005975806,0.028348503,0.030052383,-0.032985586,0.113659939,-0.012863203,-0.282679395,2.300752818,2.286023658,2.286602804,-0.021924317,2.308864192,-0.044185705,0.000319344,0.000395497,0.000158906,0.000170601,0.00298936,0.00348542,0.001905504,0.002218528,0.000379882,0.000505629,0.000236681,0.000272548,,,,,Historical
1990-11-01,0.190896028,67.0,69.2,0.417154742,0.108951508,12.01,10.43,0.12,13.072,12.24,-0.007231332,0.008387579,0.014599714,0.025588041,0.006289308,0.051248357,0.012518686,-0.055165197,0.002821137,-0.002157648,0.000129121,0.00160938,0.000217087,-0.5,0.866025404,2.257254747,-0.35,-0.66,-1.66,-0.2,-0.45,-0.2,-0.96,0.36,0.09,0.19,1.29,1.42,-0.5,-1.0,-1.5,-0.25,-0.17,-0.52,-1.17,1.29,0.004620348,0.005469715,0.015362157,0.015368202,0.025919658,0.025887357,0.044235925,0.048068701,0.011930539,0.014719005,-0.08174851,-0.07789803,0.000850472,0.000183285,0.002637852,0.001301807,0.00151933,-0.000170049,0.00058196,-0.002739608,-0.000671935,-0.001485713,-0.007179415,-0.007077786,-0.006930625,-0.006011731,0.02756702,0.029175588,-0.034110749,0.183395208,0.048378282,-0.292414798,2.295904024,2.287924622,2.279351837,-0.022097091,2.315440275,-0.058185528,0.000235041,0.000356492,0.000149561,0.000161774,0.002861376,0.003267437,0.001815816,0.002114195,0.000356122,0.000566002,0.000234661,0.000260962,,,,,Historical
1990-12-01,0.319276315,66.9,68.4,0.415728329,0.108417151,11.47,10.27,-0.12,12.572,11.69,-0.007284006,0.009728173,0.014423915,0.025533595,-0.00125,0.049934297,0.009879859,-0.050456294,0.002325378,-0.001623255,0.000115762,0.001514663,0.000208167,-2.45e-16,1.0,2.249772041,-0.54,-0.93,-2.11,-0.75,-0.16,-0.98,-0.82,0.5,-0.24,-0.4,0.77,1.24,-0.5,-1.0,-2.0,-0.75,-0.55,-0.91,-1.54,0.54,0.005632557,0.005879207,0.015276359,0.015199339,0.025863793,0.025837378,0.044058745,0.047849994,0.013149736,0.013948823,-0.07750662,-0.074918021,0.001013637,0.000319607,0.002005771,0.000367394,0.001957984,-0.000325011,0.00041261,-0.002035866,0.000236287,-0.001859542,-0.007231332,-0.007128239,-0.006978994,-0.00604809,0.026827466,0.028348503,-0.035315383,0.258055933,0.113659939,-0.302573227,2.289873827,2.288616852,2.272043956,-0.022271915,2.322134399,-0.072362358,0.000221379,0.000376536,0.000144813,0.000152973,0.002721039,0.003164093,0.001729418,0.002013664,0.000359313,0.000471886,0.000226989,0.000248366,,,,,Historical
1991-01-01,0.447656601,66.8,66.7,0.414301915,0.107882793,10.48,9.93,0.11,12.072,11.33,-0.007337452,0.011068337,0.014248376,0.02547938,0.026282854,0.069100391,0.005013888,-0.0456621,0.001829952,-0.001089222,6.05e-05,0.001252305,0.00031916,0.5,0.866025404,2.242229665,-0.99,-1.88,-2.75,-1.86,-0.34,-0.95,-1.11,-0.09,0.23,0.08,1.02,1.14,-0.5,-1.5,-2.5,-1.25,-0.36,-1.08,-1.84,0.12,0.006643583,0.006485414,0.015190832,0.015057451,0.025808168,0.025781863,0.041114058,0.049023307,0.015414341,0.012882088,-0.073191858,-0.070554608,0.001213271,0.000455427,0.001374525,-0.000565653,0.002395605,-0.000511045,0.000243885,-0.001333107,0.001143181,-0.002232403,-0.007284006,-0.007179415,-0.007028043,-0.006084892,0.026126557,0.02756702,-0.036608216,0.33818305,0.183395208,-0.313182868,2.282647152,2.288105005,2.264678487,-0.022448822,2.328949772,-0.086720107,0.000204098,0.00037655,0.000126962,0.000141002,0.002636196,0.003043127,0.00160558,0.001898339,0.000282637,0.000489488,0.000246811,0.00025141,,,,,Historical
1991-02-01,0.338966095,66.8,66.7,0.417135645,0.10903425,9.72,9.46,0.24,11.072,10.78,-0.006902744,0.011093951,0.013871244,0.024879317,0.0,0.062176166,0.004814281,-0.042475172,0.001415202,-0.000696517,4.68e-05,0.001143223,0.000152941,0.866025404,0.5,2.22787139,-0.76,-2.29,-2.95,-3.44,-0.47,-0.97,-1.17,-1.63,0.13,0.12,0.31,1.52,-1.0,-2.0,-3.0,-3.0,-0.55,-1.46,-1.98,-0.84,0.006777927,0.007098951,0.015052054,0.014898142,0.025752782,0.025681081,0.041059603,0.049650921,0.014453581,0.011909243,-0.06880233,-0.066256293,0.001361285,0.001412373,2.83e-06,-0.000360965,0.001776167,-0.00065345,-0.000737967,4.14e-05,0.00101235,-0.001708867,-0.007337452,-0.007231332,-0.007077786,-0.006789459,0.02546134,0.026827466,0.035366643,0.424399717,0.258055933,-0.269836219,2.274800873,2.286759853,2.257254747,-0.029383357,2.322026738,-0.094155348,0.00011507,0.000279983,0.000124668,0.000135313,0.002464953,0.002948024,0.001494843,0.001788195,0.000279941,0.000367125,0.00023201,0.000240827,,,,,Historical
1991-03-01,0.23027559,66.7,66.6,0.419969374,0.110185708,9.67,9.4,0.26,11.072,10.65,-0.006950724,0.011119545,0.013495057,0.024281791,0.003658537,0.061935484,0.010515611,-0.039263804,0.001001275,-0.000304591,0.000106742,0.001116956,0.000131767,1.0,6.12e-17,2.213499361,-0.05,-1.8,-2.73,-3.59,-0.06,-0.87,-1.85,-1.89,0.02,0.38,-0.02,1.6,0.0,-1.5,-2.5,-3.0,-0.13,-1.04,-1.95,-1.47,0.006912251,0.007719813,0.014913702,0.014721451,0.025697633,0.02553522,0.042328042,0.05039645,0.017458274,0.012082865,-0.064336075,-0.062026532,0.001457802,0.002366303,-0.001365028,-0.000156929,0.001158204,-0.000752327,-0.001716723,0.001412132,0.000881936,-0.001186527,-0.006902744,-0.007284006,-0.007128239,-0.006835871,0.00777536,0.026126557,0.034158569,0.386441167,0.33818305,-0.224102395,2.266338268,2.284576921,2.249772041,-0.03627268,2.315050613,-0.101551252,0.000131305,0.000510444,0.000103457,0.000133266,0.00230568,0.00302724,0.001389439,0.001689135,0.000285104,0.000427517,0.00020593,0.000228048,,,,,Historical
1991-04-01,0.121585084,66.7,67.2,0.422803104,0.111337165,9.241,9.42,0.29,10.572,10.47,-0.006999375,0.01114512,0.013119813,0.023686786,0.0,0.061935484,0.007595952,-0.036027714,0.000588167,8.66e-05,0.000163182,0.001135645,0.000142274,0.866025404,-0.5,2.19911356,-0.429,-1.239,-3.119,-4.309,0.02,-0.51,-1.46,-2.81,0.03,0.18,0.26,1.52,-0.5,-1.5,-3.0,-4.0,-0.18,-0.86,-1.94,-2.4,0.007046556,0.008347994,0.014775773,0.014527416,0.02564272,0.025344472,0.04743083,0.051379782,0.017859558,0.011717025,-0.059791065,-0.057868895,0.001502945,0.003317229,-0.002729062,4.65e-05,0.00054171,-0.000807776,-0.002692399,0.002778958,0.000751937,-0.000665378,-0.006950724,-0.007337452,-0.007179415,-0.006882922,0.00771537,0.02546134,0.033030301,0.350990183,0.424399717,-0.175778614,2.257262666,2.281551632,2.242229665,-0.043116105,2.308020785,-0.108907225,0.000186884,0.000447479,0.000103677,0.000131291,0.002200065,0.003068086,0.001295362,0.001600433,0.000287374,0.000399009,0.000195233,0.000215957,,,,,Historical
1991-05-01,0.169075462,66.7,68.9,0.424547657,0.113381207,8.812,9.36,0.48,9.572,10.43,-0.007048711,0.0104224,0.012914314,0.023094287,0.004860267,0.061617458,0.009854228,-0.032766615,0.000418761,0.000167932,0.000208503,0.001210031,0.000132383,0.5,-0.866025404,2.184713966,-0.429,-0.908,-3.198,-4.858,-0.06,-0.1,-1.07,-2.03,0.19,0.24,0.36,1.65,-1.0,-1.5,-3.5,-5.0,-0.04,-0.35,-1.81,-2.98,0.008387579,0.008831498,0.014599714,0.014323429,0.025588041,0.025109025,0.051248357,0.052828243,0.012518686,0.011544,-0.055165197,-0.05378707,0.001522568,0.002821137,-0.002402376,0.000183285,0.000235476,-0.000842278,-0.002157648,0.002325579,0.00058196,-0.000414028,-0.006999375,-0.006902744,-0.007231332,-0.006930625,0.007656299,0.00777536,0.031974184,0.317806231,0.386441167,-0.124638456,2.247577444,2.277679308,2.22787139,-0.043157424,2.300936631,-0.116222664,0.000185188,0.000571569,0.000116907,0.000133234,0.002147508,0.003283246,0.001228804,0.00152231,0.000229206,0.000348713,0.000181115,0.000207888,,,,,Historical
1991-06-01,0.21656584,66.9,70.0,0.426292211,0.115425248,8.65,9.73,0.69,9.572,10.44,-0.007098749,0.009701979,0.012709429,0.022504278,0.004836759,0.062659847,0.012768023,-0.029480217,0.000249846,0.000249067,0.000347483,0.001413828,0.000141586,1.22e-16,-1.0,2.17030056,-0.162,-1.02,-2.82,-4.93,0.37,0.33,-0.54,-1.36,0.21,0.43,0.81,1.58,0.0,-1.5,-3.0,-5.0,0.01,-0.21,-1.25,-2.79,0.009728173,0.009170617,0.014423915,0.014109519,0.025533595,0.024829065,0.049934297,0.054378335,0.009879859,0.01151219,-0.050456294,-0.04978487,0.001516754,0.002325378,-0.002075532,0.000319607,-6.98e-05,-0.000855907,-0.001623255,0.001872323,0.00041261,-0.000163543,-0.007048711,-0.006950724,-0.007284006,-0.006978994,0.007598126,0.00771537,0.030983512,0.286678589,0.350990183,-0.070428317,2.237286031,2.272955167,2.213499361,-0.043198802,2.293797517,-0.123496958,0.000144253,0.000365826,0.000155527,0.00015017,0.002033052,0.00324044,0.001211998,0.001470708,0.000254197,0.000401555,0.000170019,0.000198504,,,,,Historical
1991-07-01,0.264056218,66.7,70.7,0.428036764,0.11746929,8.656,9.66,0.57,9.572,10.51,-0.007149501,0.008983847,0.012505156,0.021916742,0.001203369,0.059872611,0.009893204,-0.026168224,8.14e-05,0.000329968,0.000385025,0.001635533,0.000161675,-0.5,-0.866025404,2.155873321,0.006,-0.585,-1.824,-4.574,-0.07,0.24,-0.27,-1.38,-0.12,0.28,0.46,1.48,0.0,-1.0,-2.5,-5.0,0.07,0.04,-0.82,-2.66,0.011068337,0.009365639,0.014248376,0.013885712,0.02547938,0.024504779,0.069100391,0.055941548,0.005013888,0.011052095,-0.0456621,-0.045866234,0.001485587,0.001829952,-0.00174853,0.000455427,-0.000374006,-0.000848733,-0.001089222,0.00141919,0.000243885,8.61e-05,-0.007098749,-0.006999375,-0.007337452,-0.007028043,0.007540829,0.007656299,0.030052383,0.257421868,0.317806231,-0.012863203,2.226391908,2.267374315,2.19911356,-0.04324024,2.286602804,-0.130729483,0.000167553,0.000354929,0.000209623,0.000168293,0.001995331,0.003182653,0.001275869,0.001440725,0.000200233,0.000405215,0.000143771,0.000195291,,,,,Historical
1991-08-01,0.17705169,66.7,70.5,0.432021103,0.120125088,8.534,9.41,0.67,9.572,10.67,-0.007200985,0.008783864,0.012168549,0.021331665,0.001201923,0.059796438,0.008834666,-0.022830336,0.001128706,-0.000510786,0.000296249,0.001752661,0.000176635,-0.866025404,-0.5,2.141432229,-0.122,-0.278,-1.186,-4.136,-0.25,0.05,-0.05,-1.22,0.1,0.19,0.43,0.74,0.0,0.0,-1.5,-4.5,0.16,0.24,-0.11,-2.09,0.011093951,0.0095328,0.013871244,0.01364542,0.024879317,0.024136353,0.062176166,0.05750295,0.004814281,0.010583852,-0.042475172,-0.042035234,0.001461948,0.001415202,-0.000286496,0.001412373,-0.000283667,-0.000829801,-0.000696517,0.000185731,-0.000737967,0.000227181,-0.007149501,-0.007048711,-0.006902744,-0.007077786,0.007484391,0.007598126,0.029175588,0.22987231,0.286678589,0.048378282,2.214898607,2.260931746,2.184713966,-0.043281737,2.279351837,-0.137919608,6.06e-05,0.000340627,0.000251197,0.000187933,0.001807648,0.003154318,0.001377442,0.001436142,0.000241744,0.000360273,0.00014772,0.000189865,,,,,Historical
1991-09-01,0.090047163,66.4,68.7,0.436005441,0.122780886,8.339,8.97,0.78,9.322,10.58,-0.007253216,0.008583964,0.011832884,0.020749031,-0.00240096,0.054568528,0.001796248,-0.019466248,0.002173704,-0.001349704,0.000231528,0.001731528,0.000250253,-1.0,-1.84e-16,2.126977265,-0.195,-0.311,-1.331,-4.061,-0.44,-0.76,-0.43,-2.28,0.11,0.09,0.52,0.5,-0.25,-0.25,-1.75,-4.25,-0.09,0.14,-0.07,-2.02,0.011119545,0.00967211,0.013495057,0.013388685,0.024281791,0.02372397,0.061935484,0.058522991,0.010515611,0.009278684,-0.039263804,-0.038296082,0.001445898,0.001001275,0.001172429,0.002366303,-0.000192599,-0.000799216,-0.000304591,-0.001045113,-0.001716723,0.00036702,-0.007200985,-0.007098749,-0.006950724,-0.007128239,0.007428791,0.007540829,0.028348503,0.20388473,0.257421868,0.113659939,2.202809716,2.253622338,2.17030056,-0.043323294,2.272043956,-0.145066691,0.000234008,0.00038414,0.000271995,0.000187726,0.001749376,0.003060933,0.001479871,0.001434655,0.000288248,0.000462292,0.000167468,0.000186699,,,,,Historical
1991-10-01,0.003042635,66.3,68.6,0.43998978,0.125436684,7.79,8.19,1.31,8.572,10.04,-0.007306209,0.008384148,0.011498155,0.020168825,-0.001203369,0.044025157,0.00288124,-0.01607565,0.003216422,-0.002186791,0.000223598,0.001641233,0.000311268,-0.866025404,0.5,2.112508409,-0.549,-0.866,-1.451,-4.57,-0.78,-1.47,-1.23,-2.69,0.53,0.74,1.02,1.28,-0.75,-1.0,-2.0,-5.0,-0.54,-0.47,-0.43,-2.37,0.01114512,0.009783576,0.013119813,0.013115551,0.023686786,0.023267812,0.061935484,0.058239185,0.007595952,0.00803049,-0.036027714,-0.034653131,0.001437498,0.000588167,0.002628255,0.003317229,-0.000100807,-0.000757082,8.66e-05,-0.002273351,-0.002692399,0.000505608,-0.007253216,-0.007149501,-0.006999375,-0.007179415,0.007374011,0.007484391,0.02756702,0.17932995,0.22987231,0.183395208,2.190128876,2.245440847,2.155873321,-0.043364911,2.264678487,-0.152170078,0.000161866,0.000319344,0.000282065,0.000192871,0.00170011,0.00298936,0.001564136,0.001429749,0.000206457,0.000379882,0.000195633,0.000195433,,,,,Historical
1991-11-01,0.05579153,66.1,67.6,0.442852171,0.127761549,7.406,8.16,1.04,8.322,9.34,-0.007359983,0.007423021,0.011574069,0.019591032,0.003614458,0.04125,0.00087464,-0.012658228,0.002403174,-0.001441732,0.00019778,0.001517911,0.000318113,-0.5,0.866025404,2.098025641,-0.384,-1.128,-1.406,-4.604,-0.03,-1.25,-1.2,-2.27,-0.27,0.37,0.56,0.92,-0.25,-1.25,-1.25,-4.75,-0.7,-1.33,-1.09,-2.9,0.0104224,0.009703196,0.012914314,0.012863414,0.023094287,0.022768061,0.061617458,0.057405988,0.009854228,0.007060153,-0.032766615,-0.031110884,0.001402667,0.000418761,0.001984413,0.002821137,-0.000417963,-0.000697423,0.000167932,-0.001609664,-0.002157648,0.000715915,-0.007306209,-0.007200985,-0.007048711,-0.007231332,0.007320033,0.007428791,0.026827466,0.156092656,0.20388473,0.258055933,2.176859784,2.236381904,2.141432229,-0.043406588,2.257254747,-0.159229106,0.000129121,0.000235041,0.000280277,0.000198592,0.00160938,0.002861376,0.001615449,0.001422126,0.000217087,0.000356122,0.000226588,0.000203852,,,,,Historical
1991-12-01,0.108540424,65.9,66.9,0.445714562,0.130086415,7.422,7.87,1.01,7.822,9.04,-0.007414554,0.006464755,0.011649896,0.019015636,-0.004801921,0.037546934,-0.000258926,-0.009213662,0.001591087,-0.000697738,0.000132494,0.001399244,0.000248866,-2.45e-16,1.0,2.08352894,0.016,-0.917,-1.228,-4.048,-0.29,-1.1,-1.86,-2.4,-0.03,0.23,0.32,1.13,-0.5,-1.5,-1.75,-4.75,-0.3,-1.54,-1.4,-2.65,0.009701979,0.009431244,0.012709429,0.012632245,0.022504278,0.022224898,0.062659847,0.056373708,0.012768023,0.006215255,-0.029480217,-0.027673998,0.001341477,0.000249846,0.001341241,0.002325378,-0.000734291,-0.000620296,0.000249067,-0.000946805,-0.001623255,0.000925517,-0.007359983,-0.007253216,-0.007098749,-0.007284006,0.007266839,0.007374011,0.026126557,0.134069582,0.17932995,0.33818305,2.163006192,2.22644001,2.126977265,-0.043448325,2.249772041,-0.166243101,0.000115762,0.000221379,0.000244446,0.000199987,0.001514663,0.002721039,0.001613018,0.001412508,0.000208167,0.000359313,0.000244468,0.000207244,,,,,Historical
1992-01-01,0.161289319,65.8,65.3,0.448576953,0.13241128,7.04,7.93,1.03,7.322,8.91,-0.007469941,0.005509335,0.011725637,0.018442623,0.00482509,0.015853659,-0.000818651,-0.005741627,0.00078016,4.52e-05,0.000108149,0.001254276,0.000252515,0.5,0.866025404,2.069018287,-0.382,-0.75,-1.616,-3.44,0.06,-0.26,-1.73,-2.0,0.02,-0.28,0.46,0.92,-0.5,-1.25,-2.25,-4.75,-0.13,-1.13,-1.6,-2.42,0.008983847,0.008967994,0.012505156,0.012422017,0.021916742,0.021638501,0.059872611,0.05193648,0.009893204,0.00572921,-0.026168224,-0.024347291,0.001253994,8.14e-05,0.000698738,0.001829952,-0.001049792,-0.000525762,0.000329968,-0.000284774,-0.001089222,0.001134416,-0.007414554,-0.007306209,-0.007149501,-0.007337452,0.007214413,0.007320033,0.02546134,0.113167982,0.156092656,0.424399717,2.148571911,2.215609531,2.112508409,-0.043490123,2.242229665,-0.173211378,6.05e-05,0.000204098,0.0001983,0.000203961,0.001252305,0.002636196,0.001549476,0.001412672,0.00031916,0.000282637,0.000259608,0.00020169,,,,,Historical
1992-02-01,0.173997665,65.7,65.5,0.451333279,0.134721223,7.25,7.97,0.99,7.322,8.88,-0.003293069,0.005770089,0.011885595,0.018414322,0.0,0.015853659,-0.002028398,-0.011089836,0.000902879,-5.68e-05,8.84e-05,0.001140633,0.000200151,0.866025404,0.5,2.074361436,0.21,-0.156,-1.284,-2.47,0.04,-0.19,-1.44,-1.49,-0.04,-0.05,0.32,0.75,0.0,-1.0,-2.25,-3.75,-0.03,-0.46,-1.79,-1.9,0.008783864,0.008524339,0.012168549,0.012256546,0.021331665,0.021099752,0.059796438,0.048076271,0.008834666,0.005158986,-0.022830336,-0.021731847,0.0012113,0.001128706,-0.000225827,0.001415202,-0.000512323,-0.000472451,-0.000510786,0.000454,-0.000696517,0.000639732,-0.007469941,-0.007359983,-0.007200985,-0.006902744,0.007162738,0.007266839,0.00777536,0.09330432,0.134069582,0.386441167,2.135779415,2.205290144,2.098025641,-0.023664205,2.22787139,-0.153509954,4.68e-05,0.00011507,0.000163658,0.000207428,0.001143223,0.002464953,0.001447471,0.001412457,0.000152941,0.000279941,0.000263528,0.000205624,,,,,Historical
1992-03-01,0.18670601,65.8,65.4,0.454089606,0.137031165,7.239,8.52,0.71,8.072,9.26,-0.003303949,0.006030633,0.012045269,0.018386108,0.003601441,0.015795869,-0.000670916,-0.016443167,0.001025285,-0.000158505,0.000101555,0.001078485,0.000161484,1.0,6.12e-17,2.079767895,-0.011,-0.183,-1.1,-2.431,0.55,0.65,-0.45,-0.88,-0.28,-0.3,-0.07,0.45,0.75,0.25,-1.25,-3.0,0.38,0.22,-1.32,-1.39,0.008583964,0.008100263,0.011832884,0.012135731,0.020749031,0.020608445,0.054568528,0.044231304,0.001796248,0.004226776,-0.019466248,-0.019830127,0.001213301,0.002173704,-0.001148419,0.001001275,2.4e-05,-0.000460277,-0.001349704,0.001191198,-0.000304591,0.000146086,-0.003293069,-0.007414554,-0.007253216,-0.006950724,-0.00548122,0.007214413,0.00771537,0.078922666,0.113167982,0.350990183,2.124635126,2.195486697,2.08352894,-0.003761045,2.213499361,-0.133731467,0.000106742,0.000131305,0.000141995,0.000206995,0.001116956,0.00230568,0.00133863,0.001409251,0.000131767,0.000285104,0.000248733,0.0002081,,,,,Historical
1992-04-01,0.199414356,65.5,65.6,0.456845932,0.139341108,6.719,8.49,1.14,7.572,9.57,-0.003314901,0.006290965,0.012204661,0.018357981,0.001196172,0.017010936,-0.004551134,-0.021801629,0.001147379,-0.000259965,0.000249124,0.001181022,0.000144967,0.866025404,-0.5,2.085238795,-0.52,-0.321,-1.071,-2.522,-0.03,0.56,0.3,-0.93,0.43,0.11,-0.17,0.85,-0.5,0.25,-1.0,-3.0,0.31,0.66,-0.47,-0.9,0.008384148,0.00769575,0.011498155,0.012059468,0.020168825,0.020164378,0.044025157,0.040487591,0.00288124,0.003214519,-0.01607565,-0.01864462,0.001259902,0.003216422,-0.002069044,0.000588167,0.000559212,-0.000489154,-0.002186791,0.001926826,8.66e-05,-0.000346524,-0.003303949,-0.007469941,-0.007306209,-0.006999375,-0.00551143,0.007162738,0.007656299,0.064761233,0.09330432,0.317806231,2.115145562,2.186204114,2.069018287,0.016220508,2.19911356,-0.113874765,0.000163182,0.000186884,0.00014625,0.000214157,0.001135645,0.002200065,0.001261929,0.001413032,0.000142274,0.000287374,0.000221016,0.000208325,,,,,Historical
1992-05-01,0.134872102,65.7,67.3,0.460007046,0.141872528,6.081,7.91,1.48,7.322,9.34,-0.003325927,0.005425416,0.012105213,0.018329939,0.001194743,0.013301088,-0.003185313,-0.027165229,0.001063627,-0.00023058,0.00025625,0.0012775,0.00015775,0.5,-0.866025404,2.090775296,-0.638,-1.169,-1.325,-2.731,-0.58,-0.06,-0.25,-1.45,0.34,0.49,0.44,1.0,-0.25,0.0,-1.0,-2.25,-0.23,0.46,0.0,-1.09,0.007423021,0.007279335,0.011574069,0.011992043,0.019591032,0.019767349,0.04125,0.036461227,0.00087464,0.00212789,-0.012658228,-0.018177838,0.001313641,0.002403174,-0.001339547,0.000418761,0.000644866,-0.000522363,-0.001441732,0.001211152,0.000167932,-0.000398512,-0.003314901,-0.003293069,-0.007359983,-0.007048711,-0.005541974,-0.00548122,0.007598126,0.050815,0.078922666,0.286678589,2.107317339,2.177447392,2.074361436,0.01641386,2.184713966,-0.09393867,0.000208503,0.000185188,0.000155995,0.000218136,0.001210031,0.002147508,0.00122186,0.001418655,0.000132383,0.000229206,0.000194289,0.000210439,,,,,Historical
1992-06-01,0.070329849,65.8,68.6,0.463168161,0.144403948,5.596,7.45,1.73,6.822,8.92,-0.003337025,0.004561387,0.012006022,0.018301983,0.002386635,0.010830325,-0.003209069,-0.032533973,0.000980106,-0.000201277,0.000236395,0.001258113,0.000241388,1.22e-16,-1.0,2.096378584,-0.485,-1.643,-1.826,-3.054,-0.46,-1.07,-0.42,-2.28,0.25,1.02,0.72,1.04,-0.5,-1.25,-1.0,-2.75,-0.42,-0.34,-0.12,-1.52,0.006464755,0.006850952,0.011649896,0.011933426,0.019015636,0.019417157,0.037546934,0.0321421,-0.000258926,0.000796466,-0.009213662,-0.018432317,0.001374496,0.001591087,-0.000610981,0.000249846,0.00073026,-0.000559892,-0.000697738,0.000496461,0.000249067,-0.000450344,-0.003325927,-0.003303949,-0.007414554,-0.007098749,-0.005572859,-0.00551143,0.007540829,0.037079099,0.064761233,0.257421868,2.101157175,2.169221603,2.079767895,0.016610689,2.17030056,-0.073921976,0.000347483,0.000144253,0.000173312,0.000208879,0.001413828,0.002033052,0.001198338,0.001405678,0.000141586,0.000254197,0.000193043,0.000218756,,,,,Historical
1992-07-01,0.005787595,65.7,69.0,0.466329275,0.146935368,5.17,6.53,1.93,6.572,8.46,-0.003348198,0.003698876,0.011907087,0.018274112,0.002380952,0.012019231,-0.002009317,-0.037907869,0.000896817,-0.000172055,0.000241276,0.001345962,0.000147807,-0.5,-0.866025404,2.102049875,-0.426,-1.549,-1.87,-3.486,-0.92,-1.96,-1.4,-3.13,0.2,0.79,0.9,1.36,-0.25,-1.0,-0.75,-3.0,-0.46,-1.11,-0.45,-2.05,0.005509335,0.006410538,0.011725637,0.011883586,0.018442623,0.019113605,0.015853659,0.028154318,-0.000818651,-0.000195411,-0.005741627,-0.019410621,0.001442446,0.00078016,0.000116657,8.14e-05,0.000815396,-0.000601727,4.52e-05,-0.000217249,0.000329968,-0.000502023,-0.003337025,-0.003314901,-0.007469941,-0.007149501,-0.005604089,-0.005541974,0.007484391,0.023548808,0.050815,0.22987231,2.096671888,2.161531898,2.085238795,0.01681108,2.155873321,-0.053823445,0.000385025,0.000167553,0.0001955,0.0001969,0.001635533,0.001995331,0.001213619,0.001381547,0.000161675,0.000200233,0.000175591,0.0002176,,,,,Historical
1992-08-01,0.120751869,65.8,68.7,0.469657432,0.149528765,4.821,6.53,1.97,6.322,7.92,-0.003359446,0.004861943,0.012048835,0.018246325,0.0,0.010804322,-0.001146789,-0.043286926,0.001636568,-0.000841346,0.000212295,0.001303385,0.000250871,-0.866025404,-0.5,2.107790416,-0.349,-1.26,-2.429,-3.713,0.0,-1.38,-1.44,-2.88,0.04,0.49,0.98,1.3,-0.25,-1.0,-1.0,-3.25,-0.54,-1.42,-0.96,-2.75,0.005770089,0.006083711,0.011885595,0.01187361,0.018414322,0.018856493,0.015853659,0.024071642,-0.002028398,-0.001027199,-0.011089836,-0.021115337,0.001484767,0.000902879,0.000733688,0.001128706,0.000507861,-0.000629274,-5.68e-05,-0.00078456,-0.000510786,-0.00033056,-0.003348198,-0.003325927,-0.003293069,-0.007200985,-0.005635672,-0.005572859,0.007428791,0.010219545,0.037079099,0.20388473,2.093868403,2.154383505,2.090775296,0.01701512,2.141432229,-0.033641814,0.000296249,6.06e-05,0.000216149,0.000189903,0.001752661,0.001807648,0.001240744,0.001344108,0.000176635,0.000241744,0.000184045,0.000223786,,,,,Historical
1992-09-01,0.235716142,65.7,67.1,0.472985588,0.152122163,7.371,7.35,0.86,6.072,7.74,-0.00337077,0.006024986,0.01219028,0.018218623,0.0,0.013237064,0.002434889,-0.04867115,0.002374529,-0.001509017,0.000190109,0.001185139,0.000304423,-1.0,-1.84e-16,2.113601481,2.55,1.775,0.132,-0.968,0.82,-0.1,-1.17,-1.62,-1.11,-0.87,0.15,0.08,-0.25,-0.75,-2.0,-3.25,-0.18,-1.18,-1.52,-2.84,0.006030633,0.005870463,0.012045269,0.011903393,0.018386108,0.018645626,0.015795869,0.020627353,-0.000670916,-0.000973979,-0.016443167,-0.023549079,0.001501503,0.001025285,0.001349244,0.002173704,0.000200825,-0.00064255,-0.000158505,-0.001350512,-0.001349704,-0.000159314,-0.003359446,-0.003337025,-0.003303949,-0.007253216,-0.005667613,-0.005604089,0.007374011,-0.002913138,0.023548808,0.17932995,2.092753755,2.147781735,2.096378584,0.017222897,2.126977265,-0.013375784,0.000231528,0.000234008,0.000230908,0.000186452,0.001731528,0.001749376,0.00125852,0.001298575,0.000250253,0.000288248,0.000207868,0.0002283,,,,,Historical
1992-10-01,0.350680416,65.5,67.1,0.476313745,0.15471556,6.055,6.76,1.67,7.572,8.43,-0.003382171,0.007188006,0.012331424,0.018191006,0.001187648,0.015662651,0.000460232,-0.054060548,0.003110707,-0.002175076,0.000177171,0.001118114,0.000242184,-0.866025404,0.5,2.119484379,-1.316,0.885,-0.664,-1.735,-0.59,0.23,-1.73,-1.43,0.81,-0.26,0.53,0.36,1.5,1.0,0.0,-1.0,0.69,-0.03,-1.14,-1.61,0.006290965,0.005770784,0.012204661,0.011972832,0.018357981,0.018480807,0.017010936,0.018263811,-0.004551134,-0.001175729,-0.021801629,-0.026714487,0.001492693,0.001147379,0.001963328,0.003216422,-0.000105716,-0.000641574,-0.000259965,-0.001915111,-0.002186791,1.17e-05,-0.00337077,-0.003348198,-0.003314901,-0.007306209,-0.005699918,-0.005635672,0.007320033,-0.015853558,0.010219545,0.156092656,2.093335085,2.141731981,2.102049875,0.017434504,2.112508409,0.00697597,0.000223598,0.000161866,0.000218916,0.000182583,0.001641233,0.00170011,0.001248036,0.001254982,0.000311268,0.000206457,0.00022407,0.000222543,,,,,Historical
1992-11-01,0.368065064,65.9,66.3,0.478380022,0.156888349,8.566,7.37,0.78,9.572,8.53,-0.003393649,0.007998508,0.012385989,0.018163471,0.004744958,0.016806723,0.010451549,-0.059455128,0.00281869,-0.001893391,0.000197225,0.001115213,0.000197721,-0.5,0.866025404,2.12544045,2.511,3.745,2.485,1.16,0.61,0.84,-0.54,-0.79,-0.89,-1.19,-0.7,-0.26,2.0,3.25,2.25,1.25,0.1,0.61,-0.81,-0.81,0.005425416,0.005818742,0.012105213,0.012040492,0.018329939,0.018361844,0.013301088,0.016226871,-0.003185313,-0.000377653,-0.027165229,-0.030614229,0.001527319,0.001063627,0.001755063,0.002403174,0.000415516,-0.000679212,-0.00023058,-0.00166281,-0.001441732,-0.000451658,-0.003382171,-0.003359446,-0.003325927,-0.007359983,-0.005732593,-0.005667613,0.007266839,-0.028605906,-0.002913138,0.134069582,2.095619653,2.136239718,2.107790416,0.017650034,2.098025641,0.027414809,0.00019778,0.000129121,0.000209079,0.000182537,0.001517911,0.00160938,0.001220988,0.001221424,0.000318113,0.000217087,0.000230732,0.000212511,,,,,Historical
1992-12-01,0.385449713,65.6,65.8,0.480446299,0.159061138,7.111,7.34,0.93,7.072,8.68,-0.003405205,0.008808139,0.012440484,0.01813602,0.0,0.021712907,0.008301776,-0.064854898,0.002527027,-0.001612047,0.000192232,0.001117516,0.000188768,-2.45e-16,1.0,2.131471067,-1.455,-0.26,1.515,-0.311,-0.03,-0.01,-0.11,-0.53,0.15,0.07,-0.8,-0.08,-2.5,1.0,0.25,-0.75,0.15,0.94,-0.24,-0.36,0.004561387,0.006014024,0.012006022,0.012106375,0.018301983,0.018288543,0.010830325,0.014907369,-0.003209069,0.000335738,-0.032533973,-0.035250998,0.001605314,0.000980106,0.001546921,0.001591087,0.00093594,-0.000755404,-0.000201277,-0.00141077,-0.000697738,-0.000914309,-0.003393649,-0.00337077,-0.003337025,-0.007414554,-0.005765645,-0.005699918,0.007214413,-0.041174253,-0.015853558,0.113167982,2.09961483,2.131310511,2.113601481,0.017869586,2.08352894,0.047942127,0.000132494,0.000115762,0.000201718,0.000187515,0.001399244,0.001514663,0.001197555,0.001197946,0.000248866,0.000208167,0.000221962,0.000207502,,,,,Historical
1993-01-01,0.402834361,65.4,64.4,0.482512576,0.161233927,6.562,7.39,1.07,6.572,8.67,-0.00341684,0.009616901,0.012494909,0.018108652,0.003541913,0.020408163,0.005532174,-0.070259865,0.002235718,-0.001331045,0.000123765,0.001021492,0.00022085,0.5,0.866025404,2.13757764,-0.549,0.507,1.392,-0.478,0.05,0.63,0.86,-0.54,0.14,-0.6,-0.86,0.04,-0.5,-1.0,0.0,-0.75,-0.01,0.24,0.21,-0.24,0.003698876,0.006356321,0.011907087,0.012170481,0.018274112,0.018260712,0.012019231,0.015286911,-0.002009317,0.000864974,-0.037907869,-0.040627518,0.001726611,0.000896817,0.001338901,0.00078016,0.001455558,-0.000870091,-0.000172055,-0.00115899,4.52e-05,-0.001376239,-0.003405205,-0.003382171,-0.003348198,-0.007469941,-0.005799081,-0.005732593,0.007162738,-0.053562552,-0.028605906,0.09330432,2.105328109,2.12695001,2.119484379,0.018093261,2.069018287,0.068559353,0.000108149,6.05e-05,0.000182133,0.000188816,0.001254276,0.001252305,0.001143477,0.001178548,0.000252515,0.00031916,0.000234136,0.000204864,,,,,Historical
1993-02-01,0.320148753,65.2,64.9,0.486021959,0.164271896,5.843,6.92,0.89,6.322,8.64,0.0009806,0.009466781,0.012234226,0.018123221,0.003529412,0.024009604,0.004569666,-0.062283179,0.002300546,-0.001368773,0.000133936,0.000984913,0.000159836,0.866025404,0.5,2.133967994,-0.719,-2.723,1.022,-1.407,-0.47,-0.45,0.39,-1.05,-0.18,0.11,-1.08,-0.1,-0.25,-3.25,0.0,-1.0,-0.03,0.11,0.72,-0.24,0.004861943,0.006664379,0.012048835,0.012199533,0.018246325,0.018236453,0.010804322,0.015966573,-0.001146789,0.001414812,-0.043286926,-0.04489363,0.001843083,0.001636568,0.000663978,0.000902879,0.001397667,-0.000979423,-0.000841346,-0.000527427,-5.68e-05,-0.001311987,-0.00341684,-0.003393649,-0.003359446,-0.003293069,-0.005832906,-0.005765645,-0.00548122,-0.065774644,-0.041174253,0.078922666,2.110295323,2.123037369,2.12544045,0.008527545,2.074361436,0.059606558,8.84e-05,4.68e-05,0.000169073,0.000192611,0.001140633,0.001143223,0.001090398,0.001165571,0.000200151,0.000152941,0.000218963,0.000201504,,,,,Historical
1993-03-01,0.237463146,65.4,65.0,0.489531342,0.167309865,5.113,6.88,1.11,5.822,8.17,0.000979639,0.00931686,0.011974085,0.018137747,-0.001172333,0.019138756,0.006370986,-0.054211979,0.002365265,-0.001406437,0.000108119,0.000934899,0.000145308,1.0,6.12e-17,2.130377553,-0.73,-1.998,-2.258,-2.126,-0.04,-0.46,-0.47,-1.64,0.22,0.18,0.25,0.4,-0.5,-1.25,-0.25,-2.25,-0.47,-0.51,0.43,-1.09,0.006024986,0.006938231,0.01219028,0.012193601,0.018218623,0.018215757,0.013237064,0.016245147,0.002434889,0.002001638,-0.04867115,-0.048041031,0.001954748,0.002374529,-9.26e-06,0.001025285,0.00133998,-0.001083417,-0.001509017,0.000102581,-0.000158505,-0.001247932,0.0009806,-0.003405205,-0.00337077,-0.003303949,0.011287218,-0.005799081,-0.00551143,-0.050022805,-0.053562552,0.064761233,2.114512794,2.11957396,2.131471067,-0.001093515,2.079767895,0.050609658,0.000101555,0.000106742,0.000155408,0.000193158,0.001078485,0.001116956,0.001048691,0.001153606,0.000161484,0.000131767,0.000192444,0.000200156,,,,,Historical
1993-04-01,0.154777538,65.4,65.1,0.493040725,0.170347834,5.345,6.97,1.04,5.822,8.09,0.00097868,0.009167137,0.011714486,0.018152228,0.0,0.017921147,0.010946013,-0.046044575,0.002429876,-0.001444038,0.000215419,0.001002828,0.000144842,0.866025404,-0.5,2.126806162,0.232,-1.217,-0.71,-1.374,0.09,-0.42,0.21,-1.52,-0.07,-0.03,-0.63,-0.1,0.0,-0.75,-1.75,-1.75,-0.08,-0.58,-0.34,-1.48,0.007188006,0.007177912,0.012331424,0.012152753,0.018191006,0.018198611,0.015662651,0.016320998,0.000460232,0.003293067,-0.054060548,-0.050061277,0.002061623,0.003110707,-0.000680831,0.001147379,0.001282497,-0.00118209,-0.002175076,0.000731038,-0.000259965,-0.001184073,0.000979639,-0.00341684,-0.003382171,-0.003314901,0.011161238,-0.005832906,-0.005541974,-0.034096373,-0.065774644,0.050815,2.117976741,2.116561152,2.13757764,-0.010771478,2.085238795,0.041567367,0.000249124,0.000163182,0.000161783,0.000190349,0.001181022,0.001135645,0.001029477,0.001138756,0.000144967,0.000142274,0.000176221,0.000200146,,,,,Historical
1993-05-01,0.421968017,65.4,66.7,0.495084855,0.173688932,4.848,6.86,1.21,5.822,8.08,0.000977723,0.01236466,0.011492432,0.018166667,0.002347418,0.019093079,0.009104004,-0.037779238,0.001760536,-0.000895298,0.00025487,0.001094123,0.000163284,0.5,-0.866025404,2.12325367,-0.497,-0.995,-3.718,-1.233,-0.11,-0.06,-0.51,-1.05,0.17,0.32,0.43,-0.27,0.0,-0.5,-3.75,-1.5,-0.01,-0.56,-0.45,-1.26,0.007998508,0.007756182,0.012385989,0.012101688,0.018163471,0.018185005,0.016806723,0.016803664,0.010451549,0.004317176,-0.059455128,-0.050945777,0.002119699,0.00281869,-0.001058154,0.001063627,0.00069691,-0.001237483,-0.001893391,0.000998093,-0.00023058,-0.000664717,0.00097868,0.0009806,-0.003393649,-0.003325927,0.01103804,0.011287218,-0.005572859,-0.01799243,-0.050022805,0.037079099,2.120683273,2.114000306,2.133967994,-0.010714324,2.090775296,0.032478375,0.00025625,0.000208503,0.00017139,0.000190234,0.0012775,0.001210031,0.001025962,0.001123475,0.00015775,0.000132383,0.000170481,0.000200607,,,,,Historical
1993-06-01,0.689158497,65.5,68.3,0.497128984,0.17703003,4.539,6.68,1.45,5.822,8.06,0.000976768,0.015562059,0.011270908,0.018181062,0.0,0.016666667,0.008306331,-0.029414195,0.00109258,-0.000347692,0.000173334,0.001087566,0.00016794,1.22e-16,-1.0,2.119719928,-0.309,-0.574,-2.572,-1.057,-0.18,-0.2,-0.66,-0.77,0.24,0.34,0.52,-0.28,0.0,0.0,-1.25,-1.0,-0.02,-0.11,-0.62,-0.86,0.008808139,0.008672905,0.012440484,0.012040429,0.01813602,0.018174928,0.021712907,0.017290026,0.008301776,0.005276793,-0.064854898,-0.050685796,0.002129072,0.002527027,-0.001434447,0.000980106,0.000112474,-0.001249684,-0.001612047,0.001264356,-0.000201277,-0.000146415,0.000977723,0.000979639,-0.003405205,-0.003337025,0.010917532,0.011161238,-0.005604089,-0.001707991,-0.034096373,0.023548808,2.122628385,2.11189278,2.130377553,-0.010657624,2.096378584,0.023341345,0.000236395,0.000347483,0.00016824,0.000184979,0.001258113,0.001413828,0.00102097,0.001109263,0.000241388,0.000141586,0.00016701,0.000194486,,,,,Historical
1993-07-01,0.956348976,65.5,68.6,0.499173114,0.180371128,4.156,6.45,1.79,5.572,7.88,0.000975815,0.018759335,0.011049913,0.018195414,0.00234192,0.016627078,0.008130081,-0.020947631,0.000426004,0.000198783,0.000190942,0.001093758,0.000180906,-0.5,-0.866025404,2.116204789,-0.383,-1.189,-2.406,-1.014,-0.23,-0.52,-0.94,-0.08,0.34,0.75,0.72,-0.14,-0.25,-0.25,-1.0,-1.0,-0.18,-0.21,-0.79,-0.58,0.009616901,0.009927943,0.012494909,0.011968998,0.018108652,0.01816837,0.020408163,0.017674013,0.005532174,0.006121743,-0.070259865,-0.049272443,0.002089837,0.002235718,-0.001809714,0.000896817,-0.000470813,-0.001218781,-0.001331045,0.001529828,-0.000172055,0.000370838,0.000976768,0.00097868,-0.00341684,-0.003348198,0.010799627,0.01103804,-0.005635672,0.014759996,-0.01799243,0.010219545,2.123807961,2.110239924,2.126806162,-0.010601373,2.102049875,0.014154913,0.000241276,0.000385025,0.000179437,0.000180785,0.001345962,0.001635533,0.001033014,0.001088245,0.000147807,0.000161675,0.000160353,0.000197244,,,,,Historical
1993-08-01,0.780146901,65.2,68.4,0.502213712,0.184020963,4.74,6.18,1.51,5.572,7.78,0.000974864,0.019020723,0.011024153,0.018209723,0.001168224,0.017814727,0.00413318,-0.012377687,0.000957556,-0.000341152,0.000155457,0.000999959,0.000249806,-0.866025404,-0.5,2.112708104,0.584,-0.108,-1.103,-0.081,-0.27,-0.68,-0.74,-0.35,-0.28,0.3,0.62,-0.46,0.0,-0.25,-0.75,-0.75,-0.1,-0.3,-0.86,-0.14,0.009466781,0.011107841,0.012234226,0.011883608,0.018123221,0.018165319,0.024009604,0.018258214,0.004569666,0.00656174,-0.062283179,-0.046696673,0.002033253,0.002300546,-0.00134299,0.001636568,-0.000679011,-0.001177099,-0.001368773,0.00102762,-0.000841346,0.000500193,0.000975815,0.000977723,0.0009806,-0.003359446,0.010684241,0.010917532,-0.005667613,0.031414651,-0.001707991,-0.002913138,2.124217768,2.109043086,2.12325367,-0.010545566,2.107790416,0.004917688,0.000212295,0.000296249,0.000183023,0.000176048,0.001303385,0.001752661,0.001035522,0.00106296,0.000250871,0.000176635,0.000175348,0.000197156,,,,,Historical
1993-09-01,0.603944827,65.5,67.1,0.50525431,0.187670798,4.648,6.36,1.34,5.572,7.77,0.000973915,0.019281501,0.010998455,0.018223989,0.0,0.017814727,0.009521026,-0.003702457,0.001487829,-0.000879788,0.000147901,0.000937195,0.000211845,-1.0,-1.84e-16,2.10922973,-0.092,0.109,-0.465,-2.723,0.18,-0.32,-0.52,-0.99,-0.17,-0.11,0.23,0.48,0.0,-0.25,-0.25,-0.5,-0.01,-0.29,-0.4,0.03,0.00931686,0.012212551,0.011974085,0.011784289,0.018137747,0.018165767,0.019138756,0.018639686,0.006370986,0.007152251,-0.054211979,-0.042949282,0.001959361,0.002365265,-0.000877436,0.002374529,-0.0008867,-0.001124663,-0.001406437,0.000526649,-0.001509017,0.000629229,0.000974864,0.000976768,0.000979639,-0.00337077,0.010571295,0.010799627,-0.005699918,0.048259167,0.014759996,-0.015853558,2.123853455,2.108303605,2.119719928,-0.010490199,2.113601481,-0.004371751,0.000190109,0.000231528,0.000189654,0.000172531,0.001185139,0.001731528,0.001035905,0.001042298,0.000304423,0.000250253,0.000186437,0.000189441,,,,,Historical
1993-10-01,0.427742752,65.2,66.9,0.508294908,0.191320633,4.383,5.97,1.73,5.572,7.75,0.000972967,0.019541672,0.010972819,0.018238213,0.002333722,0.018979834,0.007409111,0.00508001,0.002016826,-0.001417129,0.000152553,0.00088851,0.000202266,-0.866025404,0.5,2.105769522,-0.265,0.227,-0.962,-1.672,-0.39,-0.48,-1.0,-0.79,0.39,-0.06,0.69,0.06,0.0,0.0,-0.25,-2.0,-0.02,-0.13,-0.34,-0.68,0.009167137,0.013242023,0.011714486,0.011671072,0.018152228,0.018169701,0.017921147,0.018916118,0.010946013,0.007731325,-0.046044575,-0.038020902,0.001868205,0.002429876,-0.000413049,0.003110707,-0.00109388,-0.0010615,-0.001444038,2.69e-05,-0.002175076,0.000757947,0.000973915,0.000975815,0.00097868,-0.003382171,0.010460711,0.010684241,-0.005732593,0.065296807,0.031414651,-0.028605906,2.122710551,2.108022818,2.116204789,-0.010435266,2.119484379,-0.013714857,0.000177171,0.000223598,0.000179176,0.000170479,0.001118114,0.001641233,0.001016852,0.001023164,0.000242184,0.000311268,0.000196008,0.000186114,,,,,Historical
1993-11-01,0.776659971,65.4,66.4,0.509700231,0.194312059,4.09,6.01,1.9,5.322,7.04,0.000972021,0.023178795,0.010845026,0.018252395,0.004656577,0.018890201,0.003576964,0.013971716,0.001557997,-0.000940897,0.000145267,0.000864304,0.00016887,-0.5,0.866025404,2.10232734,-0.293,-0.65,-0.758,-4.476,0.04,-0.17,-0.85,-1.36,0.17,0.39,0.69,1.12,-0.25,-0.25,-0.5,-4.25,-0.71,-0.74,-1.04,-1.49,0.01236466,0.014507047,0.011492432,0.011542658,0.018166667,0.018177111,0.019093079,0.019089741,0.009104004,0.007158443,-0.037779238,-0.031901998,0.001763147,0.001760536,-0.000202539,0.00281869,-0.001260692,-0.000982126,-0.000895298,-4.56e-05,-0.001893391,0.000952493,0.000972967,0.000974864,0.000977723,-0.003393649,0.010352418,0.010571295,-0.005765645,0.082530914,0.048259167,-0.041174253,2.120784458,2.108202056,2.112708104,-0.010380764,2.12544045,-0.02311311,0.000197225,0.00019778,0.000160909,0.00016615,0.001115213,0.001517911,0.000978549,0.001002255,0.000197721,0.000318113,0.000196939,0.00018371,,,,,Historical
1993-12-01,1.125577189,65.3,65.7,0.511105553,0.197303485,3.856,5.73,1.96,5.322,6.91,0.000971077,0.026806176,0.010717409,0.018266535,-0.002317497,0.016528926,0.006345151,0.022974711,0.001099625,-0.00046514,0.000167159,0.000895566,0.000135088,-2.45e-16,1.0,2.098903042,-0.234,-0.792,-0.683,-3.255,-0.28,-0.63,-0.95,-1.61,0.06,0.62,0.51,1.03,0.0,-0.25,-0.5,-1.75,-0.13,-0.86,-1.15,-1.77,0.015562059,0.016006883,0.011270908,0.011399069,0.018181062,0.018187987,0.016666667,0.018657742,0.008306331,0.006995391,-0.029414195,-0.024582864,0.001644197,0.00109258,7.04e-06,0.002527027,-0.001427402,-0.00088655,-0.000347692,-0.000117448,-0.001612047,0.001146907,0.000972021,0.000973915,0.000976768,-0.003405205,0.010246343,0.010460711,-0.005799081,0.099964905,0.065296807,-0.053562552,2.118070456,2.108842643,2.10922973,-0.010326688,2.131471067,-0.032568025,0.000192232,0.000132494,0.00015988,0.00016406,0.001117516,0.001399244,0.000946549,0.000983759,0.000188768,0.000248866,0.000191464,0.000179237,,,,,Historical
1994-01-01,1.474494408,65.3,64.1,0.512510876,0.200294911,3.632,5.4,2.21,5.322,6.53,0.000970135,0.030423855,0.01058997,0.018280632,0.0,0.012941176,0.01073187,0.032091097,0.000641708,1.01e-05,0.000105289,0.0008246,0.0001754,0.5,0.866025404,2.095496489,-0.224,-0.751,-0.524,-2.93,-0.33,-0.57,-1.05,-1.99,0.25,0.48,0.42,1.14,0.0,-0.25,-0.25,-1.25,-0.38,-1.22,-1.35,-2.14,0.018759335,0.017740796,0.011049913,0.011240324,0.018195414,0.018202319,0.016627078,0.018035493,0.008130081,0.007428699,-0.020947631,-0.016053617,0.001511363,0.000426004,0.000215704,0.002235718,-0.00159401,-0.000774785,0.000198783,-0.000188639,-0.001331045,0.001341189,0.000971077,0.000972967,0.000975815,-0.00341684,0.010142421,0.010352418,-0.005832906,0.117602278,0.082530914,-0.065774644,2.114563694,2.109945902,2.105769522,-0.010273033,2.13757764,-0.04208115,0.000123765,0.000108149,0.000145604,0.000162521,0.001021492,0.001254276,0.000901689,0.000967352,0.00022085,0.000252515,0.000190546,0.000175449,,,,,Historical
1994-02-01,1.469608868,65.1,64.7,0.515395113,0.203243274,3.85,6.12,1.92,5.322,6.4,-0.003661185,0.034904094,0.01063318,0.018293936,-0.008130081,0.001172333,0.01108615,0.028564054,0.000651246,3.69e-05,7.1e-05,0.000785063,0.000109487,0.866025404,0.5,2.089410289,0.218,-0.24,-0.89,-1.993,0.72,0.11,-0.06,-0.8,-0.29,0.02,0.41,1.03,0.0,0.0,-0.25,-1.0,-0.13,-0.64,-1.38,-2.24,0.019020723,0.019860572,0.011024153,0.011106903,0.018209723,0.018216545,0.017814727,0.016132388,0.00413318,0.007971739,-0.012377687,-0.008483014,0.001373921,0.000957556,-0.00030631,0.002300546,-0.0016493,-0.000657644,-0.000341152,0.000378064,-0.001368773,0.001405684,0.000970135,0.000972021,0.000974864,0.0009806,0.010040585,0.010246343,0.011287218,0.135446612,0.099964905,-0.050022805,2.110850551,2.110572937,2.10232734,-0.012917051,2.133967994,-0.044557706,0.000133936,8.84e-05,0.000131524,0.000157274,0.000984913,0.001140633,0.000865873,0.000950697,0.000159836,0.000200151,0.00016716,0.000171254,,,,,Historical
1994-03-01,1.464723328,64.9,64.9,0.518279351,0.206191638,5.388,7.47,1.24,6.072,7.09,-0.003674639,0.039379716,0.010676322,0.0183072,0.0,0.002347418,0.004732354,0.025055775,0.000660765,6.36e-05,0.000117785,0.000781441,0.000120445,1.0,6.12e-17,2.083314917,1.538,1.532,0.74,0.275,1.35,1.74,1.11,0.59,-0.68,-0.72,-0.1,0.13,0.75,0.75,0.5,0.25,0.69,0.18,-0.68,-1.08,0.019281501,0.02236581,0.010998455,0.010998756,0.018223989,0.018230666,0.017814727,0.014733109,0.009521026,0.007835186,-0.003702457,-0.001877368,0.001231879,0.001487829,-0.000827064,0.002365265,-0.0017045,-0.000535139,-0.000879788,0.000943414,-0.001406437,0.001470062,-0.003661185,0.000971077,0.000973915,0.000979639,-0.042846863,0.010142421,0.011161238,0.074666294,0.117602278,-0.034096373,2.106928665,2.11072073,2.098903042,-0.015588125,2.130377553,-0.047062636,0.000108119,0.000101555,0.000126504,0.000158079,0.000934899,0.001078485,0.000839914,0.000937909,0.000145308,0.000161484,0.000151926,0.000169182,,,,,Historical
1994-04-01,1.459837788,65.1,65.2,0.521163588,0.209140001,5.818,7.44,1.11,6.572,8.63,-0.003688192,0.043850726,0.010719396,0.018320423,0.0,0.002347418,0.007678435,0.02156611,0.000670266,9.03e-05,0.00023545,0.000889882,0.000126057,0.866025404,-0.5,2.077210354,0.43,2.186,1.435,0.473,-0.03,2.04,1.47,0.47,-0.13,-1.1,-0.62,0.07,0.5,1.25,1.0,0.75,1.54,2.1,0.88,0.54,0.019541672,0.025256109,0.010972819,0.010915832,0.018238213,0.018244682,0.018979834,0.013435299,0.007409111,0.007562888,0.00508001,0.003756855,0.001085245,0.002016826,-0.001346561,0.002429876,-0.00175961,-0.000407279,-0.001417129,0.001507415,-0.001444038,0.001534324,-0.003674639,0.000970135,0.000972967,0.00097868,-0.044764898,0.010040585,0.01103804,0.015227768,0.135446612,-0.01799243,2.102795681,2.110386211,2.095496489,-0.018286135,2.126806162,-0.049595807,0.000215419,0.000249124,0.000140321,0.000159748,0.001002828,0.001181022,0.000840143,0.000928497,0.000144842,0.000144967,0.000139225,0.000167616,,,,,Historical
1994-05-01,1.400576877,65.2,67.5,0.521739365,0.210093623,6.335,8.01,0.99,6.572,8.68,-0.003701845,0.044980419,0.010817382,0.018333606,-0.00234192,-0.00234192,0.009299038,0.018094913,0.000621788,0.000113429,0.000249558,0.000972914,0.000161308,0.5,-0.866025404,2.071096579,0.517,2.485,2.245,1.487,0.57,1.89,2.0,1.15,-0.12,-0.93,-0.91,-0.22,0.0,1.25,1.25,0.75,0.05,2.28,1.64,0.6,0.023178795,0.027974089,0.010845026,0.010859578,0.018252395,0.018258594,0.018890201,0.011649049,0.003576964,0.007579141,0.013971716,0.008413035,0.000990349,0.001557997,-0.00093621,0.001760536,-0.001138748,-0.000323218,-0.000940897,0.001054326,-0.000895298,0.001008726,-0.003688192,-0.003661185,0.000972021,0.000977723,-0.046862702,-0.042846863,0.010917532,-0.042912914,0.074666294,-0.001707991,2.098449257,2.109566265,2.089410289,-0.018313709,2.12325367,-0.052157091,0.00025487,0.00025625,0.000157702,0.000159306,0.001094123,0.0012775,0.000858244,0.000918396,0.000163284,0.00015775,0.000137964,0.000167452,,,,,Historical
1994-06-01,1.341315966,65.1,68.7,0.522315142,0.211047245,6.672,8.82,0.75,7.822,9.0,-0.003715599,0.046102956,0.010915176,0.018346749,0.002347418,0.0,0.005100313,0.014642036,0.000573436,0.00013651,0.00024364,0.00108964,0.000125672,1.22e-16,-1.0,2.064973572,0.337,1.284,2.816,2.133,0.81,1.35,3.09,2.14,-0.24,-0.49,-1.21,-0.7,1.25,1.75,2.5,2.0,0.32,1.91,2.09,0.94,0.026806176,0.030519164,0.010717409,0.010829934,0.018266535,0.018272401,0.016528926,0.01026016,0.006345151,0.007311973,0.022974711,0.012084387,0.000947087,0.001099625,-0.000526189,0.00109258,-0.000519144,-0.000282868,-0.00046514,0.00060165,-0.000347692,0.000484202,-0.003701845,-0.003674639,0.000971077,0.000976768,-0.049166791,-0.044764898,0.010799627,-0.099797801,0.015227768,0.014759996,2.093887061,2.108257723,2.083314917,-0.018341346,2.119719928,-0.054746357,0.000173334,0.000236395,0.000170449,0.000165165,0.001087566,0.001258113,0.00089059,0.000918569,0.00016794,0.000241388,0.000136395,0.000163929,,,,,Historical
1994-07-01,1.282055055,65.1,69.4,0.522890919,0.212000867,5.794,8.96,1.09,7.322,9.89,-0.003729457,0.047218404,0.01101278,0.018359853,0.003512881,0.001168224,0.006488929,0.011207336,0.000525211,0.000159532,0.000296154,0.001183173,0.00019976,-0.5,-0.866025404,2.05884131,-0.878,-0.024,2.162,1.638,0.14,1.52,3.56,2.51,0.34,-0.02,-1.12,-0.7,-0.5,0.75,2.0,1.75,0.89,1.26,3.36,2.01,0.030423855,0.032890753,0.01058997,0.010826839,0.018280632,0.018286105,0.012941176,0.008971922,0.01073187,0.00717521,0.032091097,0.014763968,0.000955355,0.000641708,-0.000116497,0.000426004,9.92e-05,-0.000286139,1.01e-05,0.000149388,0.000198783,-3.93e-05,-0.003715599,-0.003688192,0.000970135,0.000975815,-0.051709165,-0.046862702,0.010684241,-0.155467145,-0.042912914,0.031414651,2.089106771,2.106457366,2.077210354,-0.018369045,2.116204789,-0.057363479,0.000190942,0.000241276,0.00020226,0.000173932,0.001093758,0.001345962,0.000950352,0.000926021,0.000180906,0.000147807,0.000140455,0.0001655,,,,,Historical
1994-08-01,1.096838733,65.2,69.2,0.524984819,0.213564005,5.354,8.32,1.14,7.072,9.53,-0.003743418,0.048259472,0.010928425,0.018372917,0.001166861,0.001166861,0.011807995,0.007790668,0.000999999,-0.000355707,0.000271222,0.001270182,0.000182415,-0.866025404,-0.5,2.052699773,-0.44,-0.981,1.504,0.614,-0.64,0.31,2.2,2.14,0.05,0.15,-0.78,-0.37,-0.25,0.5,1.75,1.5,-0.36,0.85,3.13,1.75,0.034904094,0.035327316,0.01063318,0.010818862,0.018293936,0.018299704,0.001172333,0.0075846,0.01108615,0.007814778,0.028564054,0.016444664,0.000958891,0.000651246,0.000348753,0.000957556,4.24e-05,-0.000287352,3.69e-05,-0.000392618,-0.000341152,-1.46e-05,-0.003729457,-0.003701845,-0.003661185,0.000974864,-0.054528804,-0.049166791,0.010571295,-0.209959494,-0.099797801,0.048259167,2.084106076,2.104161922,2.071096579,-0.018396806,2.112708104,-0.060008331,0.000155457,0.000212295,0.000235635,0.000183579,0.000999959,0.001303385,0.001031205,0.000948539,0.000249806,0.000250871,0.000152609,0.000159884,,,,,Historical
1994-09-01,0.911622412,65.4,68.1,0.527078718,0.215127144,5.291,8.36,1.42,6.822,9.21,-0.003757483,0.04929758,0.010844269,0.018385942,0.001165501,0.002333722,0.011016891,0.004391892,0.001473583,-0.000869638,0.000282553,0.001317143,0.000233664,-1.0,-1.84e-16,2.04654894,-0.063,-1.381,-0.097,0.643,0.04,-0.46,0.89,2.0,0.28,0.67,0.18,0.08,-0.25,-1.0,0.75,1.25,-0.32,0.21,2.12,1.44,0.039379716,0.037828655,0.010676322,0.010806013,0.0183072,0.0183132,0.002347418,0.006294516,0.004732354,0.007939434,0.025055775,0.017119193,0.000957704,0.000660765,0.000812818,0.001487829,-1.42e-05,-0.000286506,6.36e-05,-0.000933264,-0.000879788,1.01e-05,-0.003743418,-0.003715599,-0.003674639,0.000973915,-0.05767368,-0.051709165,0.010460711,-0.263311786,-0.155467145,0.065296807,2.078882677,2.101368066,2.064973572,-0.018424631,2.10922973,-0.062680789,0.000147901,0.000190109,0.000263096,0.0001948,0.000937195,0.001185139,0.001120489,0.000980201,0.000211845,0.000304423,0.000171479,0.000161703,,,,,Historical
1994-10-01,0.72640609,65.1,67.9,0.529172618,0.216690282,5.374,8.55,1.5,6.822,9.04,-0.003771655,0.05033274,0.010760312,0.018398928,-0.002328289,-0.002328289,0.011948663,0.001010867,0.001945968,-0.001382269,0.000321369,0.001390285,0.000246949,-0.866025404,0.5,2.040388791,0.083,-0.42,-0.444,0.991,0.19,-0.41,1.11,2.58,0.08,0.41,0.39,-0.23,0.0,-0.5,0.25,1.25,-0.17,-0.85,0.41,1.29,0.043850726,0.040394578,0.010719396,0.010788304,0.018320423,0.018326593,0.002347418,0.004518839,0.007678435,0.00831773,0.02156611,0.016780098,0.000951799,0.000670266,0.001275702,0.002016826,-7.09e-05,-0.000283601,9.03e-05,-0.001472555,-0.001417129,3.49e-05,-0.003757483,-0.003729457,-0.003688192,0.000972967,-0.061203512,-0.054528804,0.010352418,-0.315559427,-0.209959494,0.082530914,2.073434283,2.098072417,2.05884131,-0.018452519,2.105769522,-0.065380732,0.000152553,0.000177171,0.000277416,0.000208868,0.00088851,0.001118114,0.001203889,0.001022016,0.000202266,0.000242184,0.000191628,0.000165426,,,,,Historical
1994-11-01,0.790545988,65.3,67.6,0.529036035,0.217370589,5.789,8.81,1.15,6.822,9.05,-0.003785935,0.048396799,0.010712263,0.018411874,0.005834306,-0.001158749,0.011809477,-0.002352546,0.001699967,-0.001068563,0.00023439,0.001355209,0.00026784,-0.5,0.866025404,2.034219303,0.415,0.435,-0.546,1.699,0.26,0.49,0.8,2.8,-0.35,0.01,0.16,-0.75,0.0,-0.25,0.25,1.5,0.01,-0.48,0.37,2.01,0.044980419,0.042496078,0.010817382,0.010777241,0.018333606,0.018339883,-0.00234192,0.002848093,0.009299038,0.009003772,0.018094913,0.015419743,0.00096363,0.000621788,0.001078179,0.001557997,0.00014197,-0.00029424,0.000113429,-0.001181991,-0.000940897,-0.000127665,-0.003771655,-0.003743418,-0.003701845,0.000972021,-0.065193589,-0.05767368,0.010246343,-0.366736374,-0.263311786,0.099964905,2.067758613,2.094271536,2.052699773,-0.01848047,2.10232734,-0.068108037,0.000145267,0.000197225,0.000274888,0.000216295,0.000864304,0.001115213,0.001267605,0.001062925,0.00016887,0.000197721,0.000209383,0.000173674,,,,,Historical
1994-12-01,0.854685885,65.1,67.0,0.528899452,0.218050895,7.181,8.99,0.23,7.822,9.45,-0.003800322,0.046479702,0.010664268,0.018424782,0.001160093,0.00232288,0.010837398,-0.005698483,0.001454191,-0.000755143,0.000169384,0.001251769,0.00027006,-2.45e-16,1.0,2.028040455,1.392,1.89,0.509,3.325,0.18,0.63,0.17,3.26,-0.92,-1.19,-0.52,-1.73,1.0,1.0,0.0,2.5,0.4,0.24,0.45,2.54,0.046102956,0.044135539,0.010915176,0.010772812,0.018346749,0.01835307,0.0,0.001664256,0.005100313,0.009378126,0.014642036,0.01303031,0.000993177,0.000573436,0.000880755,0.001099625,0.000354567,-0.000318407,0.00013651,-0.000891654,-0.00046514,-0.000290004,-0.003785935,-0.003757483,-0.003715599,0.000971077,-0.069740203,-0.061203512,0.010142421,-0.416875204,-0.315559427,0.117602278,2.061853398,2.089961927,2.04654894,-0.018508485,2.098903042,-0.070862587,0.000167159,0.000192232,0.000262512,0.00021648,0.000895566,0.001117516,0.001294627,0.001092608,0.000135088,0.000188768,0.000233448,0.000184921,,,,,Historical
1995-01-01,0.918825783,65.1,65.8,0.528762869,0.218731202,7.979,9.18,0.44,9.072,9.8,-0.00381482,0.044581177,0.010616328,0.018437652,0.003476246,0.005807201,0.010941763,-0.009027081,0.00120864,-0.00044201,0.000106241,0.001172939,0.000183897,0.5,0.866025404,2.021852227,0.798,2.605,2.185,4.347,0.19,0.63,0.22,3.78,0.21,-1.06,-0.65,-1.77,1.25,2.25,1.75,3.75,0.35,0.76,-0.09,3.27,0.047218404,0.045315316,0.01101278,0.010775008,0.018359853,0.018366155,0.001168224,0.001069758,0.006488929,0.009395617,0.011207336,0.009603795,0.001040422,0.000525211,0.000683429,0.000641708,0.000566932,-0.000356086,0.000159532,-0.000601542,1.01e-05,-0.000452155,-0.003800322,-0.003771655,-0.003729457,0.000970135,-0.074968523,-0.065193589,0.010040585,-0.466007188,-0.366736374,0.135446612,2.055716376,2.085140035,2.040388791,-0.018536564,2.095496489,-0.073644263,0.000105289,0.000123765,0.00023086,0.00021656,0.0008246,0.001021492,0.001292921,0.001121637,0.0001754,0.00022085,0.000230804,0.000185629,,,,,Historical
1995-02-01,0.626706813,65.0,65.9,0.52999052,0.220032245,7.768,8.46,0.7,9.322,9.68,0.041507586,0.039669886,0.010584011,0.018409366,0.004618938,0.018735363,0.011771931,-0.005687997,0.001027962,-0.000256909,0.00010846,0.001135733,0.000142948,0.866025404,0.5,2.10204425,-0.211,1.979,2.414,3.918,-0.72,-0.35,0.14,2.34,0.26,-0.45,-0.44,-1.22,0.25,2.5,2.25,4.0,-0.12,0.63,0.15,3.28,0.048259472,0.045712465,0.010928425,0.010770911,0.018372917,0.018375774,0.001166861,0.002533344,0.011807995,0.009452766,0.007790668,0.006749458,0.001071815,0.000999999,2.8e-05,0.000651246,0.000376715,-0.000380571,-0.000355707,9.88e-05,3.69e-05,-0.00029382,-0.00381482,-0.003785935,-0.003743418,-0.003661185,-0.081044294,-0.069740203,-0.042846863,-0.514162353,-0.416875204,0.074666294,2.056769206,2.083809879,2.034219303,0.067824947,2.089410289,0.012633961,7.1e-05,0.000133936,0.000203733,0.000219684,0.000785063,0.000984913,0.001270513,0.001150859,0.000109487,0.000159836,0.000224226,0.000188418,,,,,Historical
1995-03-01,0.334587844,65.2,66.2,0.531218171,0.221333289,8.217,8.23,0.6,9.572,9.13,-0.003218043,0.034805933,0.010551748,0.018381167,0.002298851,0.021077283,0.018065623,-0.002343881,0.000847632,-7.22e-05,8.91e-05,0.00104829,0.000175744,1.0,6.12e-17,2.089840577,0.449,1.036,2.926,2.829,-0.23,-0.76,-0.13,0.76,-0.1,0.37,-0.82,-0.64,0.25,1.75,2.75,3.5,-0.55,-0.32,-0.08,2.04,0.04929758,0.045331316,0.010844269,0.01076053,0.018385942,0.018381938,0.002333722,0.004094166,0.011016891,0.010563871,0.004391892,0.004466153,0.001087387,0.001473583,-0.000625951,0.000660765,0.000186867,-0.000391887,-0.000869638,0.000797474,6.36e-05,-0.00013579,0.041507586,-0.003800322,-0.003757483,-0.003674639,0.370742602,-0.074968523,-0.044764898,-0.304230081,-0.466007188,0.015227768,2.057313011,2.082120838,2.028040455,0.061800122,2.083314917,0.00652566,0.000117785,0.000108119,0.000171484,0.00021729,0.000781441,0.000934899,0.001225704,0.001173097,0.000120445,0.000145308,0.000214573,0.000193026,,,,,Historical
1995-04-01,0.042468874,64.9,66.2,0.532445822,0.222634332,7.917,7.93,0.66,9.572,8.86,0.023733728,0.029988636,0.010519538,0.018353055,0.003440367,0.024590164,0.008865822,0.001005278,0.000667651,0.000112223,0.000158644,0.001054067,0.00015153,0.866025404,-0.5,2.134481547,-0.3,-0.062,2.543,2.099,-0.3,-1.25,-0.62,0.49,0.06,0.22,-0.84,-0.45,0.0,0.5,2.75,3.0,-0.27,-0.94,-0.18,0.23,0.05033274,0.044176142,0.010760312,0.010743875,0.018398928,0.018384658,-0.002328289,0.005947728,0.011948663,0.01066282,0.001010867,0.00275275,0.001087169,0.001945968,-0.001278317,0.000670266,-2.61e-06,-0.000390059,-0.001382269,0.001494491,9.03e-05,2.19e-05,-0.003218043,-0.00381482,-0.003771655,-0.003688192,0.310794297,-0.081044294,-0.046862702,-0.045249447,-0.514162353,-0.042912914,2.06208561,2.082440646,2.021852227,0.11262932,2.077210354,0.057271192,0.00023545,0.000215419,0.000144363,0.000210889,0.000889882,0.001002828,0.001169668,0.001186779,0.000126057,0.000144842,0.00019867,0.000195149,,,,,Historical
1995-05-01,0.072372137,64.8,68.0,0.534230735,0.224388663,7.394,7.41,0.84,9.072,8.18,0.000399843,0.02605757,0.01048008,0.018325028,0.002285714,0.029342723,0.006508396,0.00435949,0.000487925,0.000245484,0.000162668,0.001071429,0.000144199,0.5,-0.866025404,2.129809683,-0.523,-0.374,1.605,1.059,-0.52,-1.05,-1.4,-0.6,0.18,0.14,-0.31,-0.15,-0.5,-0.25,2.25,2.5,-0.68,-1.5,-0.87,-0.5,0.048396799,0.042599238,0.010712263,0.010715766,0.018411874,0.018383943,-0.001158749,0.008588115,0.011809477,0.010430267,-0.002352546,0.001608132,0.001076014,0.001699967,-0.001212042,0.000621788,-0.000133863,-0.000379055,-0.001068563,0.001314046,0.000113429,0.000132055,0.023733728,0.041507586,-0.003785935,-0.003701845,-0.004350528,0.370742602,-0.049166791,-0.002665318,-0.304230081,-0.099797801,2.066978369,2.082713813,2.10204425,0.027765433,2.071096579,0.058713103,0.000249558,0.00025487,0.000132409,0.000203649,0.000972914,0.001094123,0.001122371,0.001194988,0.000161308,0.000163284,0.000178063,0.000193723,,,,,Historical
1995-06-01,0.102275399,64.8,69.2,0.536015648,0.226142995,6.721,7.33,1.07,8.572,7.87,-0.049797839,0.022159818,0.010440706,0.018297087,0.0,0.026932084,0.008897446,0.007718768,0.000308673,0.000378393,0.000206872,0.001108834,0.000167626,1.22e-16,-1.0,2.021117309,-0.673,-1.496,-0.46,0.049,-0.08,-0.9,-1.66,-1.49,0.23,0.47,0.84,0.32,-0.5,-1.0,0.75,0.75,-0.31,-1.26,-1.58,-1.13,0.046479702,0.040603977,0.010664268,0.010676227,0.018424782,0.018379804,0.00232288,0.010832456,0.010837398,0.010746694,-0.005698483,0.001031193,0.00105395,0.001454191,-0.001145519,0.000573436,-0.000264764,-0.000358898,-0.000755143,0.001133537,0.00013651,0.000241883,0.000399843,-0.003218043,-0.003800322,-0.003715599,0.18133583,0.310794297,-0.051709165,0.23911027,-0.045249447,-0.155467145,2.06332368,2.07860537,2.089840577,-0.068723268,2.064973572,-0.043856262,0.00024364,0.000173334,0.000138657,0.000200585,0.00108964,0.001087566,0.001098549,0.001196588,0.000125672,0.00016794,0.00016099,0.000197219,,,,,Historical
1995-07-01,0.132178662,64.8,69.5,0.537800561,0.227897326,6.623,7.79,1.06,8.072,7.74,0.001921069,0.018294959,0.010401417,0.018269231,0.002280502,0.025670945,0.009214059,0.011083123,0.000129892,0.000510953,9.23e-05,0.001011095,0.000188385,-0.5,-0.866025404,2.019790732,-0.098,-1.294,-1.356,0.829,0.46,-0.14,-1.39,-1.17,-0.01,0.4,0.62,-0.03,-0.5,-1.5,-1.0,0.75,-0.13,-1.12,-2.06,-2.15,0.044581177,0.038193689,0.010616328,0.01062528,0.018437652,0.018372252,0.005807201,0.012874349,0.010941763,0.010973789,-0.009027081,0.001020842,0.001021007,0.00120864,-0.001078748,0.000525211,-0.000395319,-0.000329613,-0.00044201,0.000952964,0.000159532,0.000351421,-0.049797839,0.023733728,-0.00381482,-0.003729457,0.102245707,-0.004350528,-0.054528804,0.440279632,-0.002665318,-0.209959494,2.060069466,2.074588118,2.134481547,-0.114690814,2.05884131,-0.039050577,0.000296154,0.000190942,0.000136334,0.000183597,0.001183173,0.001093758,0.001071575,0.001182248,0.00019976,0.000180906,0.000161739,0.000196271,,,,,Historical
1995-08-01,0.222638862,64.8,69.4,0.540308041,0.229954908,6.338,7.58,0.95,7.822,8.14,-0.020395444,0.017201762,0.010369941,0.018241459,-0.002275313,0.022144522,0.006869251,0.014452567,0.000637499,-3.2e-05,0.000128231,0.000936041,0.00020154,-0.866025404,-0.5,1.973931914,-0.285,-1.056,-1.43,0.984,-0.21,0.17,-0.88,-0.74,-0.11,0.11,0.25,-0.19,-0.25,-1.25,-1.5,0.75,0.4,-0.04,-1.54,-1.39,0.039669886,0.035605547,0.010584011,0.01057874,0.018409366,0.018361298,0.018735363,0.014622488,0.011771931,0.010562227,-0.005687997,0.001576,0.000990799,0.001027962,-0.000390463,0.000999999,-0.0003625,-0.000302638,-0.000256909,0.000224896,-0.000355707,0.000323694,0.001921069,0.000399843,0.041507586,-0.003743418,-0.10810163,0.18133583,-0.05767368,0.358669689,0.23911027,-0.263311786,2.053505477,2.068805777,2.129809683,-0.155877769,2.052699773,-0.078767859,0.000271222,0.000155457,0.00013963,0.000171681,0.001270182,0.000999959,0.001038293,0.001154403,0.000182415,0.000249806,0.000171504,0.000197865,,,,,Historical
1995-09-01,0.313099061,64.6,68.1,0.54281552,0.232012491,6.456,7.54,0.84,7.822,8.15,-0.017755418,0.016113833,0.010338534,0.018213772,0.001140251,0.022118743,0.001588839,0.017827111,0.001143771,-0.00057355,0.000146164,0.000900282,0.000180527,-1.0,-1.84e-16,1.934226702,0.118,-0.265,-1.761,1.165,-0.04,0.21,-0.69,-0.82,-0.11,-0.23,0.24,-0.58,0.0,-0.75,-1.75,1.0,0.01,0.28,-0.98,-1.06,0.034805933,0.032840235,0.010551748,0.010536595,0.018381167,0.01834695,0.021077283,0.016271239,0.018065623,0.009776556,-0.002343881,0.002695601,0.000963314,0.000847632,0.000296139,0.001473583,-0.000329812,-0.000277964,-7.22e-05,-0.000501386,-0.000869638,0.000296088,-0.020395444,-0.049797839,-0.003218043,-0.003757483,0.123085192,0.102245707,-0.061203512,0.619292359,0.440279632,-0.315559427,2.044145291,2.061513984,2.021117309,-0.086890607,2.04654894,-0.112322239,0.000282553,0.000147901,0.000149147,0.000160315,0.001317143,0.000937195,0.001013625,0.001119665,0.000233664,0.000211845,0.000172301,0.000193437,,,,,Historical
1995-10-01,0.403559261,64.7,68.0,0.545323,0.234070073,5.929,7.54,0.88,7.822,7.95,0.032411283,0.015031135,0.010307196,0.018186169,-0.001138952,0.023337223,0.006180689,0.021206766,0.001648714,-0.001113667,0.000141246,0.0008651,0.000174853,-0.866025404,0.5,1.992840544,-0.527,-0.694,-1.988,0.555,0.0,-0.25,-0.39,-1.01,0.04,-0.18,0.22,-0.62,0.0,-0.25,-1.75,1.0,-0.2,0.21,-0.91,-1.09,0.029988636,0.029898434,0.010519538,0.010498836,0.018353055,0.01832922,0.024590164,0.018410032,0.008865822,0.009295891,0.001005278,0.004378593,0.000938543,0.000667651,0.000981063,0.001945968,-0.000297254,-0.000255581,0.000112223,-0.001225889,-0.001382269,0.000268602,-0.017755418,0.001921069,0.023733728,-0.003771655,-0.080880593,-0.10810163,-0.065193589,0.585352151,0.358669689,-0.366736374,2.040182937,2.05680861,2.019790732,-0.026950189,2.040388791,-0.047548247,0.000321369,0.000152553,0.000146247,0.000145305,0.001390285,0.00088851,0.00098213,0.001075899,0.000246949,0.000202266,0.000176188,0.000187429,,,,,Historical
1995-11-01,0.317411773,64.4,67.2,0.547247965,0.235949282,5.816,6.74,1.12,7.572,7.86,-0.017656425,0.012421332,0.01035968,0.018158649,0.003420753,0.020881671,-0.000313424,0.024591545,0.001521037,-0.00092335,0.000138454,0.0009023,9.97e-05,-0.5,0.866025404,1.952973862,-0.113,-0.522,-1.578,0.027,-0.8,-0.84,-0.67,-2.07,0.24,0.17,0.28,-0.03,-0.25,-0.25,-1.5,0.75,-0.09,-0.28,-0.32,-1.19,0.02605757,0.026900479,0.01048008,0.010469454,0.018325028,0.018308118,0.029342723,0.020246734,0.006508396,0.008285649,0.00435949,0.006623934,0.000923632,0.000487925,0.001033111,0.001699967,-0.000178931,-0.00024348,0.000245484,-0.001168834,-0.001068563,0.000145212,0.032411283,-0.020395444,0.000399843,-0.003785935,-0.129393387,0.123085192,-0.069740203,0.476474755,0.619292359,-0.416875204,2.033412483,2.050585548,1.973931914,-0.020958053,2.034219303,-0.081245441,0.00023439,0.000145267,0.000142212,0.000137311,0.001355209,0.000864304,0.000953942,0.001038157,0.00026784,0.00016887,0.000168778,0.00017342,,,,,Historical
1995-12-01,0.231264284,64.7,66.8,0.549172929,0.23782849,5.541,6.64,1.22,7.322,7.66,-0.004454373,0.009827419,0.01041211,0.018131213,-0.002272727,0.017381228,0.005684765,0.027981458,0.001393482,-0.000733218,0.000146216,0.000905413,0.000141529,-2.45e-16,1.0,1.9393523,-0.275,-0.915,-1.18,-1.64,-0.1,-0.9,-0.69,-2.35,0.1,0.38,0.15,0.99,-0.25,-0.5,-1.25,-0.5,-0.2,-0.49,-0.21,-1.79,0.022159818,0.023846122,0.010440706,0.010448441,0.018297087,0.018283654,0.026932084,0.021501596,0.008897446,0.007856263,0.007718768,0.009430596,0.000918573,0.000308673,0.001084809,0.001454191,-6.07e-05,-0.000241652,0.000378393,-0.001111611,-0.000755143,2.19e-05,-0.017656425,-0.017755418,-0.049797839,-0.003800322,-0.01465311,-0.080880593,-0.074968523,0.563906999,0.585352151,-0.466007188,2.026021804,2.043937601,1.934226702,0.005125598,2.028040455,-0.088688155,0.000169384,0.000167159,0.000132102,0.00013538,0.001251769,0.000895566,0.000920039,0.001009294,0.00027006,0.000135088,0.000164428,0.000162709,,,,,Historical
1996-01-01,0.145116796,64.7,65.5,0.551097894,0.239707699,5.119,6.33,1.6,7.072,7.22,-0.009941757,0.007249249,0.010464485,0.018103859,0.002277904,0.016166282,0.006652126,0.031376518,0.00126605,-0.000543268,0.000122134,0.00088278,0.000139916,0.5,0.866025404,1.915299313,-0.422,-0.81,-1.504,-2.86,-0.31,-1.21,-1.46,-2.85,0.38,0.72,0.54,1.16,-0.25,-0.75,-1.0,-2.0,-0.44,-0.73,-0.52,-2.58,0.018294959,0.020735128,0.010401417,0.010435787,0.018269231,0.018255838,0.025670945,0.022364853,0.009214059,0.007498794,0.011083123,0.012797562,0.000923357,0.000129892,0.001136158,0.00120864,5.74e-05,-0.00025009,0.000510953,-0.001054221,-0.00044201,-0.000101257,-0.004454373,0.032411283,0.001921069,-0.00381482,-0.31168437,-0.129393387,-0.081044294,0.163702703,0.476474755,-0.514162353,2.017142394,2.036429385,1.992840544,-0.077541231,2.021852227,-0.106552914,0.000106241,0.000105289,0.000137074,0.000136704,0.001172939,0.0008246,0.000898653,0.000985114,0.000183897,0.0001754,0.00015635,0.000159044,,,,,Historical
1996-02-01,0.334050626,64.8,65.8,0.550090854,0.240417074,5.18,6.87,1.73,6.822,6.99,-0.014258127,0.009496606,0.010430109,0.018175692,0.001136364,0.012643678,0.010059539,0.026583663,0.001021015,-0.000273748,8.15e-05,0.000844478,0.00011797,0.866025404,0.5,1.892052774,0.061,-0.636,-1.158,-2.588,0.54,0.13,-0.71,-1.59,0.13,0.61,0.78,1.03,-0.25,-0.75,-1.0,-2.5,-0.23,-0.87,-1.15,-2.69,0.017201762,0.018220688,0.010369941,0.010422962,0.018241459,0.018236365,0.022144522,0.021857212,0.006869251,0.007356094,0.014452567,0.015486867,0.000922778,0.000637499,0.000383516,0.001027962,-6.95e-06,-0.000251494,-3.2e-05,-0.000241735,-0.000256909,-1.68e-05,-0.009941757,-0.017656425,-0.020395444,0.041507586,-0.020282187,-0.01465311,0.370742602,0.240647683,0.563906999,-0.304230081,1.999643105,2.028206155,1.952973862,-0.060921088,2.10204425,-0.209991476,0.00010846,7.1e-05,0.00012929,0.00013446,0.001135733,0.000785063,0.000883392,0.000960842,0.000142948,0.000109487,0.000142422,0.000156963,,,,,Historical
1996-03-01,0.522984455,64.7,65.8,0.549083814,0.241126449,5.025,7.02,1.5,6.572,7.36,0.02624731,0.011743326,0.010395788,0.018247308,0.004540295,0.014908257,0.00480312,0.021815741,0.000776395,-4.69e-06,0.000124781,0.000842216,0.000126414,1.0,6.12e-17,1.946359008,-0.155,-0.516,-1.431,-3.192,0.15,0.38,-0.52,-1.21,-0.23,0.28,0.66,0.9,-0.25,-0.75,-1.25,-3.0,0.37,-0.3,-0.79,-1.77,0.016113833,0.016298804,0.010338534,0.010409965,0.018213772,0.01822521,0.022118743,0.021343127,0.001588839,0.006250886,0.017827111,0.017500169,0.000916842,0.001143771,-0.000367376,0.000847632,-7.12e-05,-0.00024587,-0.00057355,0.000568865,-7.22e-05,6.75e-05,-0.014258127,-0.004454373,-0.017755418,-0.003218043,0.893339334,-0.31168437,0.310794297,0.713645621,0.163702703,-0.045249447,1.987686307,2.022499659,1.9393523,0.007006708,2.089840577,-0.143481569,8.91e-05,0.000117785,0.000125726,0.000137437,0.00104829,0.000781441,0.000873714,0.00094367,0.000175744,0.000120445,0.000133403,0.000152852,,,,,Historical
1996-04-01,0.711918285,64.6,66.3,0.548076774,0.241835824,4.726,7.09,1.66,6.322,7.68,0.00465695,0.013989411,0.010361521,0.01831871,0.002259887,0.013714286,0.008480879,0.017072558,0.000532191,0.000263921,0.000166036,0.000911684,9.55e-05,0.866025404,-0.5,1.959466798,-0.299,-0.393,-1.203,-3.191,0.07,0.76,-0.45,-0.84,0.16,0.06,0.78,1.0,-0.25,-0.75,-1.5,-3.25,0.32,0.46,-0.27,-1.18,0.015031135,0.014965535,0.010307196,0.010396797,0.018186169,0.018222348,0.023337223,0.020436803,0.006180689,0.006218807,0.021206766,0.018839109,0.000905554,0.001648714,-0.001116523,0.000667651,-0.00013546,-0.000233229,-0.001113667,0.001377588,0.000112223,0.000151698,0.02624731,-0.009941757,0.032411283,0.023733728,0.27169004,-0.020282187,-0.004350528,0.662523306,0.240647683,-0.002665318,1.973101745,2.017593678,1.915299313,0.044167485,2.134481547,-0.175014748,0.000158644,0.00023545,0.000129858,0.000138053,0.001054067,0.000889882,0.000881478,0.000931804,0.00015153,0.000126057,0.000120173,0.000148181,,,,,Historical
1996-05-01,0.754579687,64.5,67.9,0.545610069,0.242165829,4.645,7.01,1.66,6.322,7.67,0.016998001,0.016380439,0.010410429,0.018389897,0.003382187,0.014823261,0.009071934,0.012353923,0.000417369,0.000352769,0.000239712,0.001041851,0.000108347,0.5,-0.866025404,1.997166887,-0.081,-0.535,-1.171,-2.749,-0.08,0.14,0.27,-0.4,0.0,-0.07,0.54,0.82,0.0,-0.5,-1.25,-2.75,-0.01,0.68,-0.19,-0.51,0.012421332,0.014159107,0.01035968,0.010390993,0.018158649,0.018227754,0.020881671,0.019226848,-0.000313424,0.006432435,0.024591545,0.019505312,0.000899674,0.001521037,-0.001103667,0.000487925,-7.06e-05,-0.000224288,-0.00092335,0.001276119,0.000245484,0.000107285,0.00465695,-0.014258127,-0.017656425,0.000399843,-0.052336449,0.893339334,0.18133583,0.582397004,0.713645621,0.23911027,1.962048179,2.014513274,1.892052774,0.105114113,2.129809683,-0.132642796,0.000162668,0.000249558,0.000146734,0.000144473,0.001071429,0.000972914,0.000904737,0.00092934,0.000144199,0.000161308,0.000121609,0.000145193,,,,,Historical
1996-06-01,0.79724109,64.8,68.9,0.543143364,0.242495833,4.695,7.05,1.48,6.322,7.68,0.012529734,0.018769362,0.010459236,0.018460872,0.0,0.014823261,0.013173947,0.007659645,0.000302862,0.000441373,0.000261157,0.001169056,0.000131391,1.22e-16,-1.0,2.026525655,0.05,-0.33,-0.846,-2.026,0.04,0.03,0.41,-0.28,-0.18,-0.02,0.26,0.41,0.0,-0.25,-1.0,-2.25,0.01,0.32,0.02,-0.19,0.009827419,0.013876569,0.01041211,0.010392537,0.018131213,0.018241403,0.017381228,0.01821778,0.005684765,0.00678881,0.027981458,0.019500385,0.00089919,0.001393482,-0.00109062,0.000308673,-5.81e-06,-0.00021904,-0.000733218,0.001174591,0.000378393,6.3e-05,0.016998001,0.02624731,-0.004454373,-0.049797839,0.087573964,0.27169004,0.102245707,0.45680317,0.662523306,0.440279632,1.962498874,2.012911277,1.946359008,0.080166647,2.021117309,0.005408346,0.000206872,0.00024364,0.000165891,0.000148997,0.001108834,0.00108964,0.000948677,0.000934358,0.000167626,0.000125672,0.000119919,0.000142174,,,,,Historical
1996-07-01,0.839902492,64.8,69.5,0.540676659,0.242825838,4.425,6.96,1.61,6.072,7.68,-0.022442611,0.021156183,0.010507943,0.018531634,0.0,0.012514221,0.013109825,0.002989537,0.000188669,0.000529735,0.000265848,0.00127593,0.000157145,-0.5,-0.866025404,1.985653254,-0.27,-0.301,-0.694,-2.198,-0.09,-0.13,0.63,-0.83,0.13,-0.05,0.01,0.55,-0.25,-0.25,-1.0,-2.0,0.0,0.0,0.46,-0.06,0.007249249,0.014115005,0.010464485,0.010401414,0.018103859,0.01826327,0.016166282,0.017121386,0.006652126,0.007113457,0.031376518,0.018825919,0.000904088,0.00126605,-0.001077381,0.000129892,5.88e-05,-0.000217475,-0.000543268,0.001073002,0.000510953,1.88e-05,0.012529734,0.00465695,-0.009941757,0.001921069,-0.097025753,-0.052336449,-0.10810163,0.193432407,0.582397004,0.358669689,1.959654084,2.009861775,1.959466798,0.026186456,2.019790732,-0.034137479,9.23e-05,0.000296154,0.000189844,0.000163459,0.001011095,0.001183173,0.001014202,0.000956428,0.000188385,0.00019976,0.00012279,0.00013957,,,,,Historical
1996-08-01,0.824031966,64.6,69.4,0.538328653,0.243164402,4.033,6.6,1.86,5.572,7.21,-0.011240992,0.022477591,0.010542461,0.018602184,0.0,0.014823261,0.010740328,-0.001656589,0.000786242,-9.89e-05,0.000196008,0.00128597,0.000183975,-0.866025404,-0.5,1.967530075,-0.392,-0.612,-1.147,-2.305,-0.36,-0.41,-0.27,-0.98,0.25,0.2,0.13,0.91,-0.5,-0.75,-1.25,-2.25,-0.47,-0.46,0.22,-0.93,0.009496606,0.014554657,0.010430109,0.010415791,0.018175692,0.01829333,0.012643678,0.016511281,0.010059539,0.007436047,0.026583663,0.01748349,0.000916483,0.001021015,-0.000234773,0.000637499,0.000148743,-0.000223051,-0.000273748,0.000174818,-3.2e-05,-6.69e-05,-0.022442611,0.016998001,-0.014258127,-0.020395444,-0.088371159,0.087573964,0.123085192,0.219833378,0.45680317,0.619292359,1.959120598,2.006313037,1.997166887,-0.029636811,1.973931914,-0.006401839,0.000128231,0.000271222,0.000208924,0.000169107,0.000936041,0.001270182,0.001087784,0.000985588,0.00020154,0.000182415,0.000133791,0.000138106,,,,,Historical
1996-09-01,0.808161441,64.7,67.8,0.535980646,0.243502966,3.962,6.28,2.21,5.572,7.14,-0.01086735,0.023795454,0.010576906,0.018672525,0.001123596,0.014806378,0.013718589,-0.006278916,0.001382106,-0.000725797,0.000238909,0.001229667,0.000292514,-1.0,-1.84e-16,1.950309278,-0.071,-0.733,-1.063,-2.494,-0.32,-0.77,-0.74,-1.26,0.35,0.73,0.71,1.37,0.0,-0.75,-1.0,-2.25,-0.07,-0.54,-0.22,-1.01,0.011743326,0.015194792,0.010395788,0.010435655,0.018247308,0.018331559,0.014908257,0.015901917,0.00480312,0.00844686,0.021815741,0.015474654,0.000936344,0.000776395,0.00060571,0.001143771,0.000238334,-0.000235739,-4.69e-06,-0.000721112,-0.00057355,-0.000152246,-0.011240992,0.012529734,0.02624731,-0.017755418,-0.036792245,-0.097025753,-0.080880593,0.046183297,0.193432407,0.585352151,1.960460812,2.002303052,2.026525655,-0.076216376,1.934226702,0.016082576,0.000146164,0.000282553,0.000227945,0.000176836,0.000900282,0.001317143,0.00115236,0.001013037,0.000180527,0.000233664,0.000161475,0.000147439,,,,,Historical
1996-10-01,0.792290915,64.6,67.5,0.53363264,0.24384153,3.193,5.59,2.19,4.822,6.7,0.022238427,0.025109785,0.010611277,0.018742656,0.002244669,0.018244014,0.011932104,-0.010877627,0.001976268,-0.001350874,0.000242921,0.001252437,0.000218236,-0.866025404,0.5,1.99832042,-0.769,-1.232,-1.533,-2.736,-0.69,-1.37,-1.5,-1.95,-0.02,0.58,0.53,1.31,-0.75,-1.25,-1.5,-3.0,-0.44,-0.98,-0.98,-1.25,0.013989411,0.01603468,0.010361521,0.010460995,0.01831871,0.018377933,0.013714286,0.015477483,0.008480879,0.008926144,0.017072558,0.012800955,0.00096364,0.000532191,0.001444077,0.001648714,0.000327554,-0.000255506,0.000263921,-0.001614795,-0.001113667,-0.000237207,-0.01086735,-0.022442611,0.00465695,0.032411283,-0.056953339,-0.088371159,-0.129393387,0.073418381,0.219833378,0.476474755,1.960917469,2.000550203,1.985653254,0.012667166,1.992840544,0.005479876,0.000141246,0.000321369,0.000240759,0.000185309,0.0008651,0.001390285,0.001209152,0.001045315,0.000174853,0.000246949,0.000181935,0.000151054,,,,,Historical
1996-11-01,0.974826021,64.6,67.0,0.529785235,0.243532907,2.69,5.1,2.37,4.572,6.21,-0.020628355,0.029190411,0.010522997,0.018812578,0.004479283,0.019318182,0.016412214,-0.015452902,0.001549905,-0.000889653,0.000209835,0.001240124,0.0002202,-0.5,0.866025404,1.961606278,-0.503,-1.343,-1.955,-3.126,-0.49,-1.5,-1.91,-1.64,0.18,0.51,0.71,1.25,-0.25,-1.0,-1.75,-3.0,-0.49,-1.0,-1.46,-1.65,0.016380439,0.017432103,0.010410429,0.010474605,0.018389897,0.018432427,0.014823261,0.015347192,0.009071934,0.010319947,0.012353923,0.009463918,0.000966046,0.000417369,0.001132536,0.001521037,2.89e-05,-0.000252698,0.000352769,-0.001242422,-0.00092335,3.37e-05,0.022238427,-0.011240992,0.016998001,-0.017656425,0.309240844,-0.036792245,-0.01465311,0.61423445,0.046183297,0.563906999,1.961636837,1.99752466,1.967530075,-0.005923797,1.952973862,0.008632417,0.000138454,0.00023439,0.00023578,0.000191257,0.0009023,0.001355209,0.001242197,0.001073467,9.97e-05,0.00026784,0.000200577,0.000161093,,,,,Historical
1996-12-01,1.157361127,64.6,66.8,0.525937831,0.243224284,2.799,5.44,2.34,4.572,6.14,0.001097451,0.033267094,0.010434818,0.018882293,0.0,0.021640091,0.012370644,-0.020004919,0.001123943,-0.000428865,0.00020353,0.001255218,0.000186512,-2.45e-16,1.0,1.967867481,0.109,-1.163,-1.896,-2.742,0.34,-0.84,-1.61,-1.2,-0.03,0.13,0.86,1.12,0.0,-1.0,-1.75,-2.75,-0.07,-1.0,-1.54,-1.52,0.018769362,0.019385409,0.010459236,0.010476498,0.018460872,0.018495017,0.014823261,0.015702098,0.013173947,0.010877104,0.007659645,0.005465053,0.000943585,0.000302862,0.00082108,0.001393482,-0.000269539,-0.000227335,0.000441373,-0.000870238,-0.000733218,0.000304353,-0.020628355,-0.01086735,0.012529734,-0.004454373,0.088921823,-0.056953339,-0.31168437,0.783915023,0.073418381,0.163702703,1.964013102,1.995017453,1.950309278,0.017558203,1.9393523,0.028515181,0.000146216,0.000169384,0.000226175,0.000196033,0.000905413,0.001251769,0.001256558,0.001102618,0.000141529,0.00027006,0.000209764,0.000164841,,,,,Historical
1997-01-01,1.339896233,64.7,65.6,0.522090426,0.242915661,2.841,5.67,2.21,4.572,6.34,0.014092945,0.037339838,0.010346741,0.018951802,0.002229654,0.021590909,0.012342921,-0.024533857,0.00069838,3.15e-05,0.000124455,0.001164638,0.000212859,0.5,0.866025404,1.999979879,0.042,-0.352,-1.584,-2.278,0.23,0.08,-1.29,-0.66,-0.13,0.02,0.6,0.61,0.0,-0.25,-1.5,-2.5,0.2,-0.36,-1.34,-0.88,0.021156183,0.021892958,0.010507943,0.010466685,0.018531634,0.018565679,0.012514221,0.01615415,0.013109825,0.011351337,0.002989537,0.000805855,0.000896279,0.000188669,0.000509711,0.00126605,-0.00056767,-0.000179438,0.000529735,-0.000498244,-0.000543268,0.000574758,0.001097451,0.022238427,-0.022442611,-0.009941757,-0.297890439,0.309240844,-0.020282187,0.819664903,0.61423445,0.240647683,1.971069816,1.994106105,1.99832042,0.001659459,1.915299313,0.084680566,0.000122134,0.000106241,0.00020261,0.000196227,0.00088278,0.001172939,0.001238009,0.001126106,0.000139916,0.000183897,0.000219049,0.00017092,,,,,Historical
1997-02-01,1.268386581,64.7,65.8,0.518965627,0.242778164,2.858,5.44,2.09,4.572,6.32,0.041496623,0.038766077,0.010328858,0.018941385,0.002224694,0.022701476,0.010236189,-0.017372777,0.000568596,0.000190007,0.00019258,0.001182072,0.000173322,0.866025404,0.5,2.073765324,0.017,0.168,-1.175,-2.322,-0.23,0.34,-1.16,-1.43,-0.12,-0.28,0.23,0.36,0.0,0.0,-1.0,-2.25,-0.02,0.11,-0.89,-0.67,0.022477591,0.024332081,0.010542461,0.010458248,0.018602184,0.018629487,0.014823261,0.0169923,0.010740328,0.011366058,-0.001656589,-0.002857182,0.000858577,0.000786242,-0.000217645,0.001021015,-0.000452419,-0.000140792,-9.89e-05,0.000288936,-0.000273748,0.000463754,0.014092945,-0.020628355,-0.011240992,-0.014258127,-0.011388418,0.088921823,0.893339334,0.836183618,0.783915023,0.713645621,1.986212528,1.992927816,1.961606278,0.112159046,1.892052774,0.18171255,8.15e-05,0.00010846,0.000202038,0.000205481,0.000844478,0.001135733,0.001220693,0.001154239,0.00011797,0.000142948,0.000217274,0.000175533,,,,,Historical
1997-03-01,1.196876929,64.6,66.1,0.515840829,0.242640668,3.186,5.75,1.95,4.572,6.26,0.014306903,0.040185579,0.010311003,0.018931001,0.001109878,0.01920904,0.012021392,-0.010182296,0.000439073,0.000348204,0.000180146,0.00121204,0.000148787,1.0,6.12e-17,2.092653061,0.328,0.387,-0.776,-1.839,0.31,0.31,-0.53,-1.27,-0.14,-0.39,-0.26,0.45,0.0,0.0,-1.0,-2.0,-0.06,0.12,-0.88,-1.1,0.023795454,0.026702269,0.010576906,0.010451183,0.018672525,0.018686461,0.014806378,0.017350698,0.013718589,0.01196758,-0.006278916,-0.005523685,0.000830467,0.001382106,-0.000943032,0.000776395,-0.000337322,-0.000111385,-0.000725797,0.001074001,-4.69e-06,0.000352889,0.041496623,0.001097451,-0.01086735,0.02624731,0.274509804,-0.297890439,0.27169004,0.236035179,0.819664903,0.662523306,1.998403699,1.993045003,1.967867481,0.12478558,1.946359008,0.146294053,0.000124781,8.91e-05,0.000192244,0.000210095,0.000842216,0.00104829,0.001217755,0.001185057,0.000126414,0.000175744,0.000193319,0.000177397,,,,,Historical
1997-04-01,1.125367277,64.6,66.4,0.51271603,0.242503171,3.138,5.92,1.88,4.572,6.76,0.013701627,0.041598392,0.010293175,0.01892065,0.0,0.016910936,0.013916703,-0.002962232,0.00030981,0.000506084,0.00029071,0.001298594,0.000202034,0.866025404,-0.5,2.110492696,-0.048,0.297,-0.055,-1.588,0.17,0.25,0.33,-1.17,-0.07,-0.33,-0.31,0.22,0.0,0.0,-0.25,-1.75,0.5,0.42,0.06,-0.92,0.025109785,0.029003017,0.010611277,0.010445487,0.018742656,0.018736623,0.018244014,0.017617086,0.011932104,0.012420566,-0.010877627,-0.007193251,0.000811935,0.001976268,-0.001666458,0.000532191,-0.000222381,-9.12e-05,-0.001350874,0.001856958,0.000263921,0.000242163,0.014306903,0.014092945,0.022238427,0.00465695,0.067307692,-0.011388418,-0.052336449,0.037383178,0.836183618,0.582397004,2.010989191,1.992045468,1.999979879,0.110512817,1.959466798,0.151025898,0.000166036,0.000158644,0.000200209,0.000220484,0.000911684,0.001054067,0.001225448,0.0012173,9.55e-05,0.00015153,0.000190619,0.000186277,,,,,Historical
1997-05-01,1.145412889,64.8,68.2,0.508963736,0.241897356,3.005,5.86,1.99,4.572,6.66,0.017660472,0.042794969,0.010191039,0.018910331,0.001108647,0.014606742,0.017007355,0.004287599,0.000261118,0.000568425,0.00034776,0.001468852,0.000175705,0.5,-0.866025404,2.136985222,-0.133,0.147,0.315,-1.64,-0.06,0.42,0.76,-1.15,0.11,-0.1,-0.38,0.33,0.0,0.0,0.0,-1.75,-0.1,0.34,0.45,-1.01,0.029190411,0.031204228,0.010522997,0.010427205,0.018812578,0.018779992,0.019318182,0.017599042,0.016412214,0.013081851,-0.015452902,-0.007865444,0.000798914,0.001549905,-0.001288787,0.000417369,-0.000156251,-7.32e-05,-0.000889653,0.001458077,0.000352769,0.000215656,0.013701627,0.041496623,-0.020628355,0.016998001,0.157297297,0.274509804,0.087573964,0.266863905,0.236035179,0.45680317,2.022640719,1.992344449,2.073765324,0.063219898,1.997166887,0.139818335,0.000239712,0.000162668,0.000223197,0.000229488,0.001041851,0.001071429,0.001263569,0.001252883,0.000108347,0.000144199,0.000183203,0.00019189,,,,,Historical
1997-06-01,1.1654585,64.8,69.6,0.505211443,0.241291542,2.861,5.32,1.87,4.572,6.42,-0.005853784,0.043984883,0.010089125,0.018900044,0.002214839,0.016853933,0.013453337,0.01156738,0.000212565,0.000630588,0.000242643,0.001519195,0.000188874,1.22e-16,-1.0,2.113580005,-0.144,-0.325,0.062,-1.834,-0.54,-0.43,-0.12,-1.73,-0.12,-0.08,-0.47,0.39,0.0,0.0,0.0,-1.75,-0.24,0.16,0.28,-1.26,0.033267094,0.033305521,0.010434818,0.010396362,0.018882293,0.01881659,0.021640091,0.017768265,0.012370644,0.013105133,-0.020004919,-0.0075398,0.00079139,0.001123943,-0.000911378,0.000302862,-9.03e-05,-5.75e-05,-0.000428865,0.001059453,0.000441373,0.000189215,0.017660472,0.014306903,0.001097451,0.012529734,-0.097462245,0.067307692,-0.097025753,0.051323903,0.037383178,0.193432407,2.029895248,1.996197061,2.092653061,0.020926944,2.026525655,0.08705435,0.000261157,0.000206872,0.000229716,0.000227945,0.001169056,0.001108834,0.001307565,0.001282062,0.000131391,0.000167626,0.000183597,0.00019668,,,,,Historical
1997-07-01,1.185504112,64.8,70.0,0.501459149,0.240685727,3.321,5.18,1.31,4.572,6.18,-0.009336805,0.04516819,0.009987431,0.01888979,0.0,0.016853933,0.012376105,0.018877298,0.000164148,0.000692576,0.000334167,0.001571429,0.000275933,-0.5,-0.866025404,2.083217942,0.46,0.183,0.48,-1.104,-0.14,-0.74,-0.49,-1.78,-0.56,-0.57,-0.9,-0.3,0.0,0.0,0.0,-1.5,-0.24,-0.58,-0.16,-1.5,0.037339838,0.035306522,0.010346741,0.010352986,0.018951802,0.018846437,0.021590909,0.018129908,0.012342921,0.01304399,-0.024533857,-0.00621582,0.000789346,0.00069838,-0.000534232,0.000188669,-2.45e-05,-4.39e-05,3.15e-05,0.000661086,0.000529735,0.000162841,-0.005853784,0.013701627,0.014092945,-0.022442611,-0.129549767,0.157297297,-0.088371159,0.013456517,0.266863905,0.219833378,2.038025639,1.998839861,2.110492696,-0.027274754,1.985653254,0.097564689,0.000265848,9.23e-05,0.000264668,0.000233639,0.00127593,0.001011095,0.001375364,0.001306686,0.000157145,0.000188385,0.000194109,0.000206579,,,,,Historical
1997-08-01,1.112461997,65.0,70.2,0.498499199,0.240406029,3.13,5.36,1.8,4.572,6.2,-0.008692661,0.045773092,0.009873579,0.018879568,0.001104972,0.017977528,0.019125812,0.026217539,0.000768439,-8.09e-06,0.000339554,0.001612825,0.000295719,-0.866025404,-0.5,2.05466893,-0.191,0.125,0.272,-0.903,0.18,-0.5,-0.08,-1.24,0.49,-0.19,-0.29,-0.06,0.0,0.0,0.0,-1.0,0.02,-0.46,-0.12,-1.01,0.038766077,0.037247814,0.010328858,0.010297246,0.018941385,0.018869552,0.022701476,0.018392763,0.010236189,0.01374278,-0.017372777,-0.003892976,0.000787863,0.000568596,0.000199843,0.000786242,-1.78e-05,-3.63e-05,0.000190007,-0.000198099,-9.89e-05,9.08e-05,-0.009336805,0.017660472,0.041496623,-0.011240992,-0.004359889,-0.097462245,-0.036792245,0.106851729,0.051323903,0.046183297,2.04528721,2.002203904,2.136985222,-0.082316291,1.967530075,0.087138855,0.000196008,0.000128231,0.000289163,0.000245601,0.00128597,0.000936041,0.001447156,0.001333924,0.000183975,0.00020154,0.000214509,0.000215891,,,,,Historical
1997-09-01,1.039419881,65.0,68.9,0.49553925,0.240126331,3.099,5.17,1.23,4.572,6.16,0.008378992,0.046374817,0.009759979,0.018869378,0.0,0.016835017,0.017837954,0.033588294,0.001370896,-0.000706636,0.000353995,0.001650465,0.000314536,-1.0,-1.84e-16,2.061457529,-0.031,0.238,-0.087,-0.863,-0.19,-0.15,-0.58,-1.11,-0.57,-0.64,-0.72,-0.98,0.0,0.0,0.0,-1.0,-0.04,-0.26,-0.1,-0.98,0.040185579,0.039129427,0.010311003,0.010229169,0.018931001,0.018885956,0.01920904,0.018561817,0.012021392,0.014086061,-0.010182296,-0.000570708,0.000786929,0.000439073,0.000931823,0.001382106,-1.12e-05,-3.47e-05,0.000348204,-0.00105484,-0.000725797,1.92e-05,-0.008692661,-0.005853784,0.014306903,-0.01086735,-0.140724522,-0.129549767,-0.056953339,-0.012580055,0.013456517,0.073418381,2.054549564,2.007505188,2.113580005,-0.052122476,1.950309278,0.111148251,0.000238909,0.000146164,0.000318138,0.000255191,0.001229667,0.000900282,0.001520227,0.001368991,0.000292514,0.000180527,0.000242134,0.000217726,,,,,Historical
1997-10-01,0.966377766,65.1,68.7,0.4925793,0.239846633,3.628,4.99,1.11,5.072,5.93,-0.008350661,0.046973388,0.009646628,0.018859219,0.0,0.014557671,0.019359128,0.040989753,0.001971529,-0.001403063,0.000331711,0.001707234,0.000272161,-0.866025404,0.5,2.034007203,0.529,0.307,0.49,0.435,-0.18,-0.19,-0.93,-0.6,-0.12,-0.2,-0.77,-1.08,0.5,0.5,0.5,0.25,-0.23,-0.25,-0.83,-0.77,0.041598392,0.040951394,0.010293175,0.010148781,0.01892065,0.01889567,0.016910936,0.018254621,0.013916703,0.014704979,-0.002962232,0.003751573,0.000786534,0.00030981,0.001661719,0.001976268,-4.74e-06,-3.91e-05,0.000506084,-0.001909147,-0.001350874,-5.22e-05,0.008378992,-0.009336805,0.013701627,0.022238427,-0.004401205,-0.004359889,0.309240844,0.042444822,0.106851729,0.61423445,2.057523463,2.009220466,2.083217942,-0.04921074,1.99832042,0.035686783,0.000242921,0.000141246,0.000324972,0.00026259,0.001252437,0.0008651,0.001588333,0.001406891,0.000218236,0.000174853,0.000253821,0.00022222,,,,,Historical
1997-11-01,1.114915201,65.1,68.3,0.488601716,0.239159597,3.574,5.17,0.93,5.322,5.89,0.001585213,0.04722387,0.009534121,0.018849092,-0.001103753,0.008918618,0.019647551,0.048422107,0.00151979,-0.000929812,0.000273323,0.001696684,0.000281914,-0.5,0.866025404,2.027013856,-0.054,0.444,0.569,0.884,0.18,-0.19,-0.69,0.07,-0.18,-0.87,-1.06,-1.44,0.25,0.75,0.75,0.75,-0.04,-0.31,-0.77,-0.32,0.042794969,0.042454182,0.010191039,0.010066375,0.018910331,0.018898713,0.014606742,0.017387991,0.017007355,0.014974591,0.004287599,0.009074491,0.000784024,0.000261118,0.001258672,0.001549905,-3.01e-05,-4.24e-05,0.000568425,-0.001498237,-0.000889653,-4.02e-05,-0.008350661,-0.008692661,0.017660472,-0.020628355,0.181247092,-0.140724522,0.088921823,-0.059466469,-0.012580055,0.783915023,2.062974094,2.012305465,2.05466893,-0.027655075,1.961606278,0.065407578,0.000209835,0.000138454,0.000312566,0.000267881,0.001240124,0.0009023,0.001626305,0.001444937,0.0002202,9.97e-05,0.000271523,0.000227363,,,,,Historical
1997-12-01,1.263452637,64.8,68.0,0.484624132,0.23847256,4.46,5.34,0.57,5.822,6.1,-0.030717742,0.047472135,0.009421724,0.018838997,-0.001104972,0.00780379,0.016033461,0.055885552,0.001068403,-0.000456929,0.000219856,0.001659983,0.000253941,-2.45e-16,1.0,1.955883052,0.886,1.361,1.599,1.661,0.17,0.17,0.02,-0.1,-0.36,-0.66,-1.3,-1.77,0.5,1.25,1.25,1.25,0.21,-0.06,-0.32,-0.04,0.043984883,0.043637936,0.010089125,0.00998195,0.018900044,0.018895105,0.016853933,0.016234966,0.013453337,0.015279826,0.01156738,0.015398697,0.000779396,0.000212565,0.000855838,0.001123943,-5.55e-05,-4.48e-05,0.000630588,-0.001087517,-0.000428865,-2.81e-05,0.001585213,0.008378992,-0.005853784,0.001097451,-0.175694308,-0.004401205,-0.297890439,-0.288023137,0.042444822,0.819664903,2.061975392,2.012994247,2.061457529,-0.105574477,1.967867481,-0.011984429,0.00020353,0.000146216,0.000308768,0.000269242,0.001255218,0.000905413,0.00164977,0.001478668,0.000186512,0.000141529,0.000282367,0.000232982,,,,,Historical
1998-01-01,1.411990072,65.0,66.4,0.480646548,0.237785524,4.183,5.09,0.68,5.822,6.1,0.002422808,0.047718211,0.009309435,0.018828932,0.005530973,0.011123471,0.016780476,0.063380282,0.000617366,1.56e-05,0.000200361,0.001599053,0.00025941,0.5,0.866025404,1.950889309,-0.277,0.555,0.862,1.342,-0.25,0.1,-0.09,-0.58,0.11,-0.43,-0.63,-1.53,0.0,0.75,1.25,1.25,0.0,0.17,-0.08,-0.24,0.04516819,0.0445028,0.009987431,0.009895508,0.01888979,0.018884866,0.016853933,0.015362679,0.012376105,0.015649622,0.018877298,0.022724875,0.000772645,0.000164148,0.000453218,0.00069838,-8.1e-05,-4.61e-05,0.000692576,-0.00067699,3.15e-05,-1.59e-05,-0.030717742,-0.008350661,-0.009336805,0.014092945,-0.279091995,0.181247092,-0.011388418,-0.268960504,-0.059466469,0.836183618,2.057884511,2.014477163,2.034007203,-0.083117894,1.999979879,-0.04909057,0.000124455,0.000122134,0.000286467,0.000275567,0.001164638,0.00088278,0.001654374,0.001514869,0.000212859,0.000139916,0.000279613,0.000236861,,,,,Historical
1998-02-01,0.958978086,65.0,67.0,0.479155384,0.238159252,4.571,5.26,0.42,6.322,6.04,0.039778431,0.043986919,0.00913679,0.018837645,0.00110011,0.009988901,0.017063455,0.063297473,0.000482715,0.000166047,0.000183843,0.001519352,0.000261476,0.866025404,0.5,2.019548235,0.388,0.997,1.441,1.713,0.17,0.09,-0.1,-0.18,-0.26,-0.51,-1.38,-1.67,0.5,1.0,1.75,1.75,-0.06,0.15,-0.16,-0.28,0.045773092,0.04493787,0.009873579,0.009796169,0.018879568,0.018876221,0.017977528,0.014303298,0.019125812,0.016218561,0.026217539,0.029447396,0.000765488,0.000768439,-0.000285724,0.000568596,-8.59e-05,-4.81e-05,-8.09e-06,0.000174139,0.000190007,-2.4e-05,0.002422808,0.001585213,-0.008692661,0.041496623,-0.003646006,-0.175694308,0.274509804,-0.263235294,-0.288023137,0.236035179,2.05336642,2.019789474,2.027013856,-0.00746562,2.073765324,-0.054217089,0.00019258,8.15e-05,0.000260515,0.000274839,0.001182072,0.000844478,0.001638795,0.001542976,0.000173322,0.00011797,0.000273906,0.000244207,,,,,Historical
1998-03-01,0.5059661,64.9,67.2,0.477664219,0.23853298,4.565,5.11,0.47,6.322,6.04,0.032042838,0.040283412,0.008964402,0.01884633,0.001098901,0.009977827,0.017022869,0.06321553,0.000348301,0.000316241,0.000140643,0.001452932,0.000213435,1.0,6.12e-17,2.074569288,-0.006,0.105,1.466,1.379,-0.15,-0.23,-0.06,-0.64,0.05,-0.1,-0.76,-1.48,0.0,0.5,1.75,1.75,0.0,-0.06,-0.12,-0.22,0.046374817,0.044946023,0.009759979,0.009683952,0.018869378,0.018869165,0.016835017,0.01353403,0.017837954,0.01663535,0.033588294,0.035563881,0.000757923,0.001370896,-0.001022595,0.000439073,-9.08e-05,-5.07e-05,-0.000706636,0.001022877,0.000348204,-3.2e-05,0.039778431,-0.030717742,0.008378992,0.014306903,0.444111776,-0.279091995,0.067307692,-0.165192308,-0.268960504,0.037383178,2.051859439,2.025131569,1.955883052,0.118686236,2.092653061,-0.018083773,0.000180146,0.000124781,0.000224956,0.000271547,0.00121204,0.000842216,0.001605873,0.00156305,0.000148787,0.000126414,0.000257056,0.000249595,,,,,Historical
1998-04-01,0.052954114,65.0,67.7,0.476173055,0.238906708,4.825,5.32,0.37,6.322,5.99,0.002839387,0.036607381,0.00879227,0.018854988,-0.001097695,0.00886918,0.016815134,0.063134439,0.000214125,0.00046617,0.000329071,0.001509421,0.000269852,0.866025404,-0.5,2.069809036,0.26,0.642,1.197,1.687,0.21,0.23,0.33,-0.6,-0.1,-0.31,-0.74,-1.51,0.0,0.5,1.25,1.75,-0.05,-0.11,0.06,-0.77,0.046973388,0.044530106,0.009646628,0.009558877,0.018859219,0.018863693,0.014557671,0.012863884,0.019359128,0.016876886,0.040989753,0.041071937,0.00074995,0.001971529,-0.001757404,0.00030981,-9.57e-05,-5.41e-05,-0.001403063,0.001869234,0.000506084,-3.99e-05,0.032042838,0.002422808,-0.008350661,0.013701627,0.152960147,-0.003646006,0.157297297,-0.098198198,-0.263235294,0.266863905,2.048469134,2.029729162,1.950889309,0.118919726,2.110492696,-0.04068366,0.00029071,0.000166036,0.000224516,0.000274744,0.001298594,0.000911684,0.001572904,0.001580619,0.000202034,9.55e-05,0.000256671,0.000255246,,,,,Historical
1998-05-01,0.339035651,65.0,69.2,0.472688935,0.238081755,4.75,5.21,0.25,6.322,6.12,-0.000207048,0.035663288,0.008639088,0.018863619,0.003296703,0.011074197,0.014117459,0.063054187,0.000104812,0.000546016,0.000294737,0.001596865,0.000205599,0.5,-0.866025404,2.058832252,-0.075,0.179,1.176,1.745,-0.11,-0.05,0.04,-0.65,-0.12,-0.17,-0.68,-1.74,0.0,0.0,1.0,1.75,0.13,0.08,0.23,-0.54,0.04722387,0.043935799,0.009534121,0.009429548,0.018849092,0.0188598,0.008918618,0.012569505,0.019647551,0.016636062,0.048422107,0.045969153,0.000736924,0.00151979,-0.001414978,0.000261118,-0.000156306,-5.59e-05,-0.000929812,0.001475828,0.000568425,-2.24e-05,0.002839387,0.039778431,0.001585213,0.017660472,0.163836164,0.444111776,-0.097462245,-0.093102911,-0.165192308,0.051323903,2.041956387,2.032298553,2.019548235,0.039284017,2.136985222,-0.07815297,0.00034776,0.000239712,0.000228085,0.000270325,0.001468852,0.001041851,0.001556268,0.001591286,0.000175705,0.000108347,0.000243952,0.000257737,,,,,Historical
1998-06-01,0.625117188,65.0,70.4,0.469204814,0.237256803,4.882,5.28,0.15,6.322,6.1,0.014191102,0.034726599,0.008486208,0.018872223,0.00109529,0.009944751,0.014462837,0.062974761,-4.22e-06,0.000625656,0.000220707,0.001605322,0.00020975,1.22e-16,-1.0,2.077667128,0.132,0.317,0.422,2.021,0.07,0.17,-0.06,-0.04,-0.1,-0.32,-0.42,-1.72,0.0,0.0,0.5,1.75,-0.02,0.06,0.0,-0.32,0.047472135,0.043164275,0.009421724,0.009295971,0.018838997,0.018857482,0.00780379,0.01199374,0.016033461,0.016720187,0.055885552,0.050253101,0.000718859,0.001068403,-0.001072622,0.000212565,-0.000216783,-5.64e-05,-0.000456929,0.001082586,0.000630588,-4.93e-06,-0.000207048,0.032042838,-0.030717742,-0.005853784,0.014935622,0.152960147,-0.129549767,0.019837847,-0.098198198,0.013456517,2.038963647,2.034429447,2.074569288,0.003097839,2.113580005,-0.035912877,0.000242643,0.000261157,0.000228227,0.000268497,0.001519195,0.001169056,0.001547158,0.001598464,0.000188874,0.000131391,0.000236587,0.000259477,,,,,Historical
1998-07-01,0.911198725,65.2,70.9,0.465720694,0.23643185,4.926,5.42,0.23,6.322,6.1,-0.068244069,0.033797226,0.008333626,0.018880801,0.0,0.009944751,0.017080241,0.062896148,-0.000112969,0.000705091,0.000133289,0.001575352,0.000160304,-0.5,-0.866025404,1.930816514,0.044,0.101,0.743,1.605,0.14,0.1,0.33,0.24,0.08,-0.14,-0.45,-1.08,0.0,0.0,0.5,1.75,0.0,0.11,0.0,-0.08,0.047718211,0.042216695,0.009309435,0.009158154,0.018828932,0.018856733,0.011123471,0.011417975,0.016780476,0.017112198,0.063380282,0.053921339,0.000695766,0.000617366,-0.000730335,0.000164148,-0.000277118,-5.53e-05,1.56e-05,0.000689505,0.000692576,1.25e-05,0.014191102,0.002839387,0.002422808,-0.009336805,-0.084912043,0.163836164,-0.004359889,0.072136346,-0.093102911,0.106851729,2.026263528,2.032144583,2.069809036,-0.138992522,2.083217942,-0.152401429,0.000334167,0.000265848,0.000217048,0.000251757,0.001571429,0.00127593,0.001543207,0.001598791,0.000275933,0.000157145,0.000220069,0.000249841,,,,,Historical
1998-08-01,1.059123682,65.2,71.0,0.461969557,0.235454494,4.876,5.62,0.26,6.322,6.28,-0.008790825,0.035132023,0.008187575,0.018889352,0.0,0.008830022,0.013054934,0.062818336,0.000524537,3.73e-05,0.000234284,0.001617254,0.000189924,-0.866025404,-0.5,1.904308535,-0.05,0.126,0.305,1.746,0.2,0.41,0.36,0.26,0.03,0.01,-0.16,-1.54,0.0,0.0,0.0,1.75,0.18,0.16,0.24,0.08,0.043986919,0.041329939,0.00913679,0.009017654,0.018837645,0.018857548,0.009988901,0.010655683,0.017063455,0.016606292,0.063297473,0.056971405,0.000675441,0.000482715,4.18e-05,0.000768439,-0.000243902,-5.15e-05,0.000166047,-0.00012873,-8.09e-06,4.54e-05,-0.068244069,-0.000207048,0.039778431,-0.008692661,-0.070979667,0.014935622,-0.140724522,0.000398089,0.019837847,-0.012580055,2.013733495,2.029510352,2.058832252,-0.154523717,2.05466893,-0.150360395,0.000339554,0.000196008,0.000225455,0.000242985,0.001612825,0.00128597,0.001559524,0.00159916,0.000295719,0.000183975,0.000208144,0.000241025,,,,,Historical
1998-09-01,1.207048639,65.4,69.7,0.458218421,0.234477138,4.936,4.78,0.25,7.072,6.52,0.025088054,0.036458277,0.008041813,0.018897876,-0.002188184,0.006622517,0.016509185,0.062741313,0.001160443,-0.000628783,0.000253505,0.001672379,0.00019586,-1.0,-1.84e-16,1.942933697,0.06,0.054,0.371,1.837,-0.84,-0.5,-0.33,-0.39,-0.01,0.1,-0.22,-0.98,0.75,0.75,0.75,2.5,0.24,0.42,0.48,0.36,0.040283412,0.040503561,0.008964402,0.008874473,0.01884633,0.018859923,0.009977827,0.009804641,0.017022869,0.016495561,0.06321553,0.059400823,0.000657903,0.000348301,0.000812141,0.001370896,-0.000210454,-4.5e-05,0.000316241,-0.000945024,-0.000706636,7.79e-05,-0.008790825,0.014191102,0.032042838,0.008378992,-0.112216474,-0.084912043,-0.004401205,0.03358814,0.072136346,0.042444822,2.003856509,2.029203036,2.077667128,-0.134733431,2.061457529,-0.118523832,0.000353995,0.000238909,0.000244266,0.000234611,0.001650465,0.001229667,0.001596099,0.001600986,0.000314536,0.000292514,0.000205215,0.000231135,,,,,Historical
1998-10-01,1.354973596,65.2,69.6,0.454467284,0.233499782,4.744,4.69,0.49,6.822,5.93,0.018484866,0.037776068,0.007896338,0.018906374,0.004385965,0.011037528,0.013965284,0.062665066,0.001794754,-0.001293212,0.000302444,0.001750222,0.000221333,-0.866025404,0.5,1.969344781,-0.192,-0.182,-0.081,1.116,-0.09,-0.73,-0.63,-0.3,0.24,0.26,0.12,-0.62,-0.25,0.5,0.5,1.75,-0.59,-0.17,-0.06,0.0,0.036607381,0.039737117,0.00879227,0.008728616,0.018854988,0.018863852,0.00886918,0.009511296,0.016815134,0.016046074,0.063134439,0.0612071,0.000643171,0.000214125,0.001580629,0.001971529,-0.000176775,-3.59e-05,0.00046617,-0.001759382,-0.001403063,0.000109851,0.025088054,-0.068244069,0.002839387,-0.008350661,0.006723442,-0.070979667,0.181247092,0.045137273,0.000398089,-0.059466469,1.998467974,2.027995718,1.930816514,0.038528267,2.034007203,-0.064662422,0.000331711,0.000242921,0.000239828,0.000232172,0.001707234,0.001252437,0.001636232,0.001604568,0.000272161,0.000218236,0.000197128,0.0002269,,,,,Historical
1998-11-01,1.505159588,65.4,69.3,0.450624213,0.232538779,4.815,5.03,0.24,6.572,6.14,-0.0159264,0.03913105,0.007835192,0.018914846,0.0,0.012154696,0.01534283,0.062589584,0.001312792,-0.000761978,0.000264921,0.001782117,0.000229643,-0.5,0.866025404,1.928642086,0.071,-0.061,0.065,1.241,0.34,-0.59,-0.18,-0.14,-0.25,-0.02,-0.01,-0.69,-0.25,0.25,0.25,1.25,0.21,-0.14,0.02,0.25,0.035663288,0.039062716,0.008639088,0.008587038,0.018863619,0.018869332,0.011074197,0.009780969,0.014117459,0.015687347,0.063054187,0.062387723,0.000625922,0.000104812,0.00120798,0.00151979,-0.000206998,-2.19e-05,0.000546016,-0.001307995,-0.000929812,0.000167834,0.018484866,-0.008790825,-0.000207048,0.001585213,0.043633126,-0.112216474,-0.175694308,-0.076620051,0.03358814,-0.288023137,1.990270326,2.02662221,1.904308535,0.024333551,2.027013856,-0.098371769,0.000273323,0.000209835,0.000234858,0.000231472,0.001696684,0.001240124,0.001667108,0.001611688,0.000281914,0.0002202,0.000201136,0.000222544,,,,,Historical
1998-12-01,1.65534558,65.4,69.0,0.446781141,0.231577775,4.697,4.76,0.17,6.572,5.89,0.00310059,0.040473397,0.007774092,0.018923291,-0.003275109,0.009955752,0.019857501,0.062514856,0.000831134,-0.000231079,0.000277359,0.001802171,0.000254541,-2.45e-16,1.0,1.92510962,-0.118,-0.239,-0.185,0.237,-0.27,-0.02,-0.52,-0.58,-0.07,-0.08,0.02,-0.4,0.0,-0.5,0.25,0.75,-0.25,-0.63,-0.21,-0.21,0.034726599,0.038479488,0.008486208,0.008449736,0.018872223,0.018876356,0.009944751,0.009960299,0.014462837,0.016006017,0.062974761,0.062940165,0.000606149,-4.22e-06,0.000835353,0.001068403,-0.000237269,-3.08e-06,0.000625656,-0.000856736,-0.000456929,0.00022585,-0.0159264,0.025088054,0.014191102,-0.030717742,-0.167022184,0.006723442,-0.279091995,-0.066905615,0.045137273,-0.268960504,1.987705873,2.024840633,1.942933697,-0.017824077,1.955883052,-0.030773432,0.000219856,0.00020353,0.000244301,0.000236264,0.001659983,0.001255218,0.001699916,0.001623537,0.000253941,0.000186512,0.000208601,0.000222594,,,,,Historical
1999-01-01,1.805531572,65.5,67.8,0.44293807,0.230616772,4.658,4.76,0.16,6.572,5.92,-0.015968328,0.041803283,0.007713038,0.018931711,0.002190581,0.00660066,0.019509564,0.06244087,0.000349779,0.000299485,0.000147313,0.001739438,0.000206813,0.5,0.866025404,1.885333927,-0.039,-0.086,-0.268,0.475,0.0,0.07,-0.66,-0.33,-0.01,-0.33,-0.07,-0.52,0.0,-0.25,0.25,0.75,0.03,-0.01,-0.18,-0.18,0.033797226,0.037986577,0.008333626,0.008316703,0.018880801,0.018884921,0.009944751,0.009583399,0.017080241,0.016233441,0.062896148,0.06286188,0.00058385,-0.000112969,0.000462749,0.000617366,-0.000267587,2.06e-05,0.000705091,-0.000405606,1.56e-05,0.000283899,0.00310059,0.018484866,-0.068244069,0.002422808,-0.162099872,0.043633126,-0.003646006,0.084521047,-0.076620051,-0.263235294,1.982242925,2.020063718,1.969344781,-0.084010854,1.950889309,-0.065555382,0.000200361,0.000124455,0.000246638,0.000231843,0.001599053,0.001164638,0.001727264,0.001635235,0.00025941,0.000212859,0.000216352,0.000218211,,,,,Historical
1999-02-01,1.478611471,65.4,68.0,0.439018827,0.230381215,4.835,5.22,0.09,6.572,5.99,0.044484413,0.044483083,0.007740845,0.018939394,0.001092896,0.006593407,0.017710339,0.059137255,0.000222442,0.00048259,0.000201406,0.001633774,0.000304538,0.866025404,0.5,1.967008294,0.177,0.02,-0.041,0.264,0.46,0.19,-0.4,-0.04,-0.07,-0.15,-0.17,-0.33,0.0,0.0,0.25,0.25,0.07,-0.15,-0.29,-0.05,0.035132023,0.038027924,0.008187575,0.008200374,0.018889352,0.0188934,0.008830022,0.009300441,0.013054934,0.016287348,0.062818336,0.062515196,0.000562161,0.000524537,-0.000302094,0.000482715,-0.000260272,4.7e-05,3.73e-05,0.000445274,0.000166047,0.000316544,-0.015968328,-0.0159264,-0.008790825,0.039778431,-0.251528117,-0.167022184,0.444111776,-0.185296075,-0.066905615,-0.165192308,1.977864596,2.015615508,1.928642086,0.038366208,2.019548235,-0.052539941,0.000183843,0.00019258,0.000241158,0.000233307,0.001519352,0.001182072,0.001730017,0.001644771,0.000261476,0.000173322,0.000235455,0.000221799,,,,,Historical
1999-03-01,1.151691369,65.4,68.2,0.435099584,0.230145658,4.749,4.95,0.23,6.572,6.23,0.025953014,0.047161936,0.00776862,0.018947053,0.004366812,0.009879254,0.018051751,0.055867665,9.54e-05,0.00066534,0.000192709,0.001502205,0.00031883,1.0,6.12e-17,2.014549217,-0.086,0.052,-0.187,0.184,-0.27,0.19,0.17,-0.16,0.14,0.06,-0.02,-0.24,0.0,0.0,-0.5,0.25,0.24,0.34,-0.29,0.19,0.036458277,0.038601134,0.008041813,0.008100725,0.018897876,0.018901794,0.006622517,0.009292226,0.016509185,0.016373088,0.062741313,0.061902873,0.000541082,0.001160443,-0.00106509,0.000348301,-0.000252949,7.61e-05,-0.000628783,0.001294123,0.000316241,0.000349099,0.044484413,0.00310059,0.025088054,0.032042838,0.793793385,-0.162099872,0.152960147,0.011978807,0.084521047,-0.098198198,1.972862924,2.012361181,1.92510962,0.089439597,2.074569288,-0.060020072,0.000140643,0.000180146,0.000231025,0.000237646,0.001452932,0.00121204,0.001701654,0.001648877,0.000213435,0.000148787,0.00025595,0.000230582,,,,,Historical
1999-04-01,0.824771268,65.7,68.7,0.431180341,0.229910101,4.601,4.98,0.36,6.322,5.91,0.025549652,0.049839844,0.007796363,0.018954688,0.005434783,0.016483516,0.023230633,0.052631579,-3.15e-05,0.000847736,0.000344304,0.00156984,0.000290369,0.866025404,-0.5,2.062415929,-0.148,-0.057,-0.143,-0.224,0.03,0.22,0.29,-0.34,0.13,0.2,-0.13,-0.01,-0.25,-0.25,-0.5,0.0,-0.32,-0.01,-0.02,-0.08,0.037776068,0.03970384,0.007896338,0.008017733,0.018906374,0.018910102,0.011037528,0.009926754,0.013965284,0.016907713,0.062665066,0.061027635,0.000520614,0.001794754,-0.001826246,0.000214125,-0.000245617,0.000107848,-0.001293212,0.002140948,0.00046617,0.000381566,0.025953014,-0.015968328,0.018484866,0.002839387,0.319144093,-0.251528117,0.163836164,0.157842158,-0.185296075,-0.093102911,1.972246832,2.010357983,1.885333927,0.177082002,2.069809036,-0.007393107,0.000329071,0.00029071,0.000238002,0.000238915,0.001509421,0.001298594,0.001671591,0.001653912,0.000269852,0.000202034,0.000267456,0.000232292,,,,,Historical
1999-05-01,1.072324607,65.7,70.3,0.42727129,0.231284346,4.42,5.34,0.28,6.072,6.19,-0.004925154,0.052129354,0.007918295,0.018962299,0.002162162,0.015334064,0.021884176,0.049428483,-0.000120458,0.000930676,0.000344201,0.001661001,0.000246831,0.5,-0.866025404,2.048054165,-0.181,-0.415,-0.395,-0.33,0.36,0.12,0.31,0.13,-0.08,0.19,0.04,0.03,-0.25,-0.5,-0.5,-0.25,0.28,0.2,0.05,0.07,0.03913105,0.041076012,0.007835192,0.007957667,0.018914846,0.018918326,0.012154696,0.010281743,0.01534283,0.01755494,0.062589584,0.05989216,0.000501841,0.001312792,-0.00143325,0.000104812,-0.00022527,0.000139903,-0.000761978,0.001692654,0.000546016,0.00038466,0.025549652,0.044484413,-0.0159264,-0.000207048,0.137877481,0.793793385,0.014935622,0.132017167,0.011978807,0.019837847,1.971348658,2.006652522,1.967008294,0.081045872,2.058832252,-0.010778087,0.000294737,0.00034776,0.000251215,0.000243037,0.001596865,0.001468852,0.001651405,0.001659256,0.000205599,0.000175705,0.00027032,0.000235728,,,,,Historical
1999-06-01,1.319877946,65.4,71.5,0.42336224,0.23265859,4.622,5.35,0.36,6.072,6.55,-0.005257254,0.054405039,0.008040024,0.018969887,0.002157497,0.016411379,0.017613075,0.046257876,-0.000209156,0.001013366,0.000325006,0.001709301,0.000274094,1.22e-16,-1.0,2.033125734,0.202,-0.127,-0.075,-0.26,0.01,0.4,0.59,0.07,0.08,0.13,0.19,0.21,0.0,-0.5,-0.5,-0.25,0.36,0.32,0.66,0.45,0.040473397,0.042715882,0.007774092,0.007920485,0.018923291,0.018926464,0.009955752,0.010820629,0.019857501,0.017817459,0.062514856,0.058499086,0.000484763,0.000831134,-0.00104029,-4.22e-06,-0.000204937,0.000172212,-0.000231079,0.001244445,0.000625656,0.00038771,-0.004925154,0.025953014,0.00310059,0.014191102,-0.045192599,0.319144093,-0.084912043,0.064952639,0.157842158,0.072136346,1.967636875,2.003300261,2.014549217,0.018576518,2.077667128,-0.044541393,0.000220707,0.000242643,0.000259156,0.000251729,0.001605322,0.001519195,0.001635927,0.001667921,0.00020975,0.000188874,0.000273579,0.00024109,,,,,Historical
1999-07-01,1.567431285,65.6,71.9,0.419453189,0.234032835,4.636,5.53,0.28,6.072,6.62,-0.037946752,0.056667026,0.008161552,0.01897745,0.002152853,0.018599562,0.018052095,0.043119266,-0.000297587,0.001095807,0.000331727,0.001771253,0.000266871,-0.5,-0.866025404,1.953403694,0.014,0.035,-0.022,-0.29,0.18,0.55,0.77,0.11,-0.08,-0.08,0.12,0.05,0.0,-0.25,-0.5,-0.25,0.07,0.71,0.7,0.52,0.041803283,0.044621698,0.007713038,0.007906145,0.018931711,0.018934518,0.00660066,0.011541863,0.019509564,0.017898447,0.06244087,0.056851013,0.000469379,0.000349779,-0.000647366,-0.000112969,-0.000184618,0.000204772,0.000299485,0.000796322,0.000705091,0.000390716,-0.005257254,0.025549652,-0.015968328,-0.068244069,0.001270648,0.137877481,-0.070979667,0.165249538,0.132017167,0.000398089,1.96951914,1.997891334,2.062415929,-0.109012235,1.930816514,0.02258718,0.000133289,0.000334167,0.000289892,0.000268265,0.001575352,0.001571429,0.001641229,0.001684246,0.000160304,0.000275933,0.000283589,0.000249971,,,,,Historical
1999-08-01,1.511935713,65.5,71.7,0.415875203,0.235426938,4.834,5.51,0.18,6.072,7.0,0.017292063,0.056828218,0.008313193,0.01898499,0.002148228,0.020787746,0.01754729,0.040012171,0.000463122,0.00029998,0.00030408,0.00169366,0.000376709,-0.866025404,-0.5,1.9834055,0.198,0.414,-0.001,-0.042,-0.02,0.17,0.29,-0.11,-0.1,-0.1,0.09,-0.08,0.0,0.0,-0.5,-0.25,0.38,0.81,1.01,0.72,0.044483083,0.046429715,0.007740845,0.007916614,0.018939394,0.018942488,0.006593407,0.01253834,0.017710339,0.01827281,0.059137255,0.054950499,0.000464261,0.000222442,0.00024068,0.000524537,-6.14e-05,0.000226661,0.00048259,-0.00018261,3.73e-05,0.000262664,-0.037946752,-0.004925154,0.044484413,-0.008790825,-0.131979695,-0.045192599,-0.112216474,0.088738559,0.064952639,0.03358814,1.976110554,1.994922024,2.048054165,-0.064648665,1.904308535,0.079096965,0.000234284,0.000339554,0.000307004,0.000274081,0.001617254,0.001612825,0.00165121,0.001690613,0.000189924,0.000295719,0.000295617,0.000265536,,,,,Historical
1999-09-01,1.456440142,65.6,70.6,0.412297218,0.236821041,4.687,5.67,0.34,6.072,6.87,0.010805396,0.056987967,0.008464579,0.018992507,0.003215434,0.026315789,0.015611409,0.036936119,0.001221428,-0.000493333,0.000294212,0.001729887,0.000257299,-1.0,-1.84e-16,2.000855474,-0.147,0.065,-0.062,-0.249,0.16,0.32,0.72,0.89,0.16,-0.02,0.11,0.09,0.0,0.0,-0.5,-1.0,-0.13,0.32,0.64,0.35,0.047161936,0.048140522,0.00776862,0.007951844,0.018947053,0.018950374,0.009879254,0.014179446,0.018051751,0.018197996,0.055867665,0.052800066,0.000469343,9.54e-05,0.001126075,0.001160443,6.1e-05,0.000237948,0.00066534,-0.001158673,-0.000628783,0.00013545,0.017292063,-0.005257254,0.025953014,0.025088054,-0.144919591,0.001270648,0.006723442,0.0486329,0.165249538,0.045137273,1.980937369,1.992396939,2.033125734,-0.03227026,1.942933697,0.057921778,0.000253505,0.000353995,0.000323922,0.000277474,0.001672379,0.001650465,0.001689157,0.001695406,0.00019586,0.000314536,0.000285362,0.000270656,,,,,Historical
1999-10-01,1.40094457,65.5,70.6,0.408719232,0.238215144,4.85,6.2,0.27,6.072,7.1,0.010594597,0.057146292,0.008615709,0.019,0.001068376,0.022925764,0.016098749,0.033890646,0.001977341,-0.001284143,0.000272598,0.00172304,0.000280449,-0.866025404,0.5,2.018041958,0.163,0.214,0.249,0.106,0.53,0.67,1.22,1.51,-0.07,-0.01,-0.09,-0.22,0.0,0.0,-0.25,-0.75,0.23,0.48,1.19,1.17,0.049839844,0.049754707,0.007796363,0.008011792,0.018954688,0.018958176,0.016483516,0.015170132,0.023230633,0.018375784,0.052631579,0.050402198,0.000484558,-3.15e-05,0.002008832,0.001794754,0.000182587,0.000238704,0.000847736,-0.002131879,-0.001293212,9.07e-06,0.010805396,-0.037946752,0.025549652,0.018484866,0.029707202,-0.131979695,0.043633126,0.072573464,0.088738559,-0.076620051,1.984995467,1.99173172,1.953403694,0.064638264,1.969344781,0.048697177,0.000302444,0.000331711,0.000311971,0.000274986,0.001750222,0.001707234,0.00171469,0.001693141,0.000221333,0.000272161,0.000283709,0.000275582,,,,,Historical
1999-11-01,1.455869949,65.4,70.3,0.406152734,0.240182784,4.815,5.98,0.26,6.322,7.33,0.022909381,0.056306297,0.008671291,0.01900747,-0.001067236,0.021834061,0.012591408,0.0308753,0.001371881,-0.000637452,0.000315721,0.001729279,0.000306358,-0.5,0.866025404,2.060604827,-0.035,-0.019,0.395,0.0,-0.22,0.47,0.64,0.95,-0.01,0.08,-0.02,0.02,0.25,0.25,0.25,-0.25,0.23,0.33,1.14,1.19,0.052129354,0.051185978,0.007918295,0.008081467,0.018962299,0.018965895,0.015334064,0.015976746,0.021884176,0.018146499,0.049428483,0.047759341,0.000489482,-0.000120458,0.001492338,0.001312792,5.91e-05,0.000249081,0.000930676,-0.001568128,-0.000761978,0.000124526,0.010594597,0.017292063,-0.004925154,-0.0159264,-0.010585305,-0.144919591,-0.167022184,0.016851536,0.0486329,-0.066905615,1.995992362,1.993131344,1.9834055,0.077199327,1.928642086,0.131962741,0.000264921,0.000273323,0.000307224,0.00027922,0.001782117,0.001696684,0.00172607,0.001688737,0.000229643,0.000281914,0.00029363,0.000281975,,,,,Historical
1999-12-01,1.510795329,65.5,70.2,0.403586236,0.242150425,4.93,6.11,0.33,6.322,7.33,-0.018035285,0.055476293,0.008726839,0.019014917,0.001068376,0.026286966,0.013720163,0.027889635,0.000767032,8.58e-06,0.000330664,0.001823544,0.000233922,-2.45e-16,1.0,2.019663378,0.115,0.243,0.308,0.233,0.13,0.44,0.76,1.35,0.07,-0.01,-0.03,0.16,0.0,0.25,0.25,-0.25,0.0,0.46,0.78,1.44,0.054405039,0.052436219,0.008040024,0.008160862,0.018969887,0.01897353,0.016411379,0.017337681,0.017613075,0.017635054,0.046257876,0.044873905,0.000484141,-0.000209156,0.000976188,0.000831134,-6.41e-05,0.000269053,0.001013366,-0.001004781,-0.000231079,0.000239664,0.022909381,0.010805396,-0.005257254,0.00310059,-0.13593455,0.029707202,-0.162099872,0.054801536,0.072573464,0.084521047,2.003871842,1.995788857,2.000855474,0.018807903,1.92510962,0.094553758,0.000277359,0.000219856,0.000308167,0.000283662,0.001802171,0.001659983,0.00174511,0.001690519,0.000254541,0.000253941,0.000286935,0.000280257,,,,,Historical
2000-01-01,1.565720708,65.7,68.9,0.401019738,0.244118065,5.076,6.38,0.37,6.322,7.54,-0.009676307,0.054656102,0.008782352,0.01902234,-0.002134472,0.021857923,0.014284424,0.024933215,0.000162794,0.000653969,0.000229651,0.001801389,0.000249186,0.5,0.866025404,1.996159861,0.146,0.226,0.44,0.418,0.27,0.18,0.85,1.62,0.04,0.1,0.09,0.21,0.0,0.25,0.25,-0.25,0.21,0.44,0.92,1.62,0.056667026,0.053507288,0.008161552,0.008249972,0.01897745,0.018981083,0.018599562,0.018609119,0.018052095,0.017199626,0.043119266,0.041748267,0.000468558,-0.000297587,0.000460381,0.000349779,-0.000186985,0.000298593,0.001095807,-0.000441838,0.000299485,0.000354484,-0.018035285,0.010594597,-0.037946752,-0.015968328,-0.205875212,-0.010585305,-0.251528117,-0.000305623,0.016851536,-0.185296075,2.013107336,1.99767513,2.018041958,-0.021882097,1.885333927,0.110825934,0.000147313,0.000200361,0.000291154,0.000290523,0.001739438,0.001599053,0.001750133,0.001695681,0.000206813,0.00025941,0.000283987,0.000283788,,,,,Historical
2000-02-01,1.436135332,65.7,69.3,0.397270754,0.244087896,5.051,6.29,0.11,6.572,7.63,0.064778419,0.05589085,0.008926566,0.019010637,0.006417112,0.027292576,0.01722134,0.023104265,0.000173572,0.000736501,0.000173809,0.001709053,0.000261364,0.866025404,0.5,2.129131442,-0.025,0.236,0.217,0.216,-0.09,0.31,0.78,1.07,-0.26,-0.15,-0.07,0.02,0.25,0.25,0.5,0.0,0.09,0.3,0.63,1.64,0.056828218,0.054457935,0.008313193,0.008348782,0.01898499,0.01898702,0.020787746,0.02033405,0.01754729,0.017158876,0.040012171,0.038745518,0.000464486,0.000463122,-0.000289551,0.000222442,-4.89e-05,0.000319753,0.00029998,0.000436521,0.00048259,0.000253911,-0.009676307,0.022909381,0.017292063,0.044484413,-0.176398655,-0.13593455,0.793793385,0.100040833,0.054801536,0.011978807,2.026617598,2.002241097,2.060604827,0.068526615,1.967008294,0.162123148,0.000201406,0.000183843,0.000269443,0.000288223,0.001633774,0.001519352,0.001752699,0.001701954,0.000304538,0.000261476,0.000264763,0.00028019,,,,,Historical
2000-03-01,1.306549955,65.8,69.5,0.39352177,0.244057726,5.277,6.13,0.02,6.822,7.44,0.00170781,0.057118846,0.009070607,0.018998971,0.007438895,0.030434783,0.018202701,0.021282885,0.000184322,0.000818823,0.000255328,0.001665693,0.00029406,1.0,6.12e-17,2.132153401,0.226,0.347,0.59,0.528,-0.16,0.02,0.46,1.18,-0.09,-0.31,-0.32,-0.21,0.25,0.5,0.75,0.25,-0.19,0.11,0.57,1.21,0.056987967,0.055287677,0.008464579,0.008457281,0.018992507,0.018991346,0.026315789,0.022047011,0.015611409,0.017171455,0.036936119,0.035863453,0.0004719,0.001221428,-0.001037106,9.54e-05,8.9e-05,0.000332543,-0.000493333,0.001312155,0.00066534,0.000153483,0.064778419,-0.018035285,0.010805396,0.025953014,0.756124722,-0.205875212,0.319144093,0.076940587,-0.000305623,0.157842158,2.036417947,2.004640435,2.019663378,0.112490023,2.014549217,0.117604184,0.000192709,0.000140643,0.000262962,0.000293442,0.001502205,0.001452932,0.001742,0.001715578,0.00031883,0.000213435,0.00027089,0.000278126,,,,,Historical
2000-04-01,1.176964579,65.7,69.8,0.389772786,0.244027557,5.449,6.17,0.07,6.822,7.43,0.007101496,0.058340145,0.009214475,0.018987342,-0.003164557,0.021621622,0.012486772,0.019469027,0.000195045,0.000900935,0.000403997,0.001846935,0.000218417,0.866025404,-0.5,2.146727431,0.172,0.373,0.599,0.848,0.04,-0.21,-0.03,1.19,0.05,-0.3,-0.2,-0.29,0.0,0.5,0.75,0.5,-0.01,-0.11,0.33,1.52,0.057146292,0.055996036,0.008615709,0.008575457,0.019,0.018994068,0.022925764,0.022475186,0.016098749,0.016276134,0.033890646,0.033099907,0.000490778,0.001977341,-0.001782296,-3.15e-05,0.000226536,0.000336976,-0.001284143,0.002185078,0.000847736,5.32e-05,0.00170781,-0.009676307,0.010594597,0.025549652,0.296343268,-0.176398655,0.137877481,0.058326143,0.100040833,0.132017167,2.043443905,2.007845369,1.996159861,0.15056757,2.062415929,0.084311501,0.000344304,0.000329071,0.000284862,0.000298416,0.00156984,0.001509421,0.001762649,0.00173867,0.000290369,0.000269852,0.000260551,0.00027213,,,,,Historical
2000-05-01,1.126323688,65.6,71.5,0.385815999,0.241644303,5.751,6.17,-0.19,7.322,7.7,-0.00116929,0.056436649,0.009261845,0.018975749,0.004232804,0.02373247,0.012333643,0.017662644,7.39e-05,0.001018216,0.000320751,0.001924504,0.000241156,0.5,-0.866025404,2.143598496,0.302,0.7,0.936,1.331,0.0,-0.12,0.19,0.83,-0.26,-0.3,-0.45,-0.47,0.5,0.75,1.0,1.25,0.27,0.07,0.37,1.51,0.056306297,0.056354977,0.008671291,0.008687419,0.01900747,0.018995188,0.021834061,0.023175054,0.012591408,0.015480256,0.0308753,0.030452754,0.000506974,0.001371881,-0.001297981,-0.000120458,0.000194357,0.000344271,-0.000637452,0.001655668,0.000930676,8.75e-05,0.007101496,0.064778419,0.022909381,-0.004925154,-0.022338171,0.756124722,-0.045192599,-0.090688505,0.076940587,0.064952639,2.051405933,2.011377295,2.129131442,0.014467054,2.048054165,0.09554433,0.000344201,0.000294737,0.0002857,0.000296462,0.001661001,0.001596865,0.001795186,0.001760628,0.000246831,0.000205599,0.000249684,0.000271657,,,,,Historical
2000-06-01,1.075682796,65.7,72.3,0.381859212,0.239261049,5.551,6.04,-0.08,7.322,7.54,0.0036974,0.054552838,0.009309125,0.018964193,0.006322445,0.027987083,0.016363087,0.01586369,-4.68e-05,0.00113508,0.000329726,0.001988693,0.000262962,1.22e-16,-1.0,2.150916715,-0.2,0.274,0.621,0.929,-0.13,-0.09,-0.07,0.69,0.11,-0.1,-0.41,-0.44,0.0,0.5,1.0,1.25,-0.16,0.1,0.21,0.99,0.055476293,0.056367293,0.008726839,0.008793178,0.019014917,0.018994714,0.026286966,0.024139696,0.013720163,0.01537609,0.027889635,0.027919905,0.000520503,0.000767032,-0.000813848,-0.000209156,0.000162339,0.000354414,8.58e-06,0.001126496,0.001013366,0.000121714,-0.00116929,0.00170781,-0.018035285,-0.005257254,-0.017344897,0.296343268,0.001270648,-0.064167726,0.058326143,0.165249538,2.061221848,2.014429361,2.132153401,0.018763314,2.033125734,0.11779098,0.000325006,0.000220707,0.000285544,0.000296855,0.001709301,0.001605322,0.001822711,0.001783911,0.000274094,0.00020975,0.000254524,0.00027073,,,,,Historical
2000-07-01,1.025041905,65.6,72.6,0.377902425,0.236877795,5.625,6.0,-0.09,7.322,7.38,-0.047084276,0.052688407,0.009356315,0.018952673,0.003141361,0.029001074,0.013343839,0.01407212,-0.000167105,0.001251531,0.000340824,0.002007096,0.000318675,-0.5,-0.866025404,2.051396357,0.074,0.176,0.549,0.989,-0.04,-0.17,-0.38,0.47,-0.01,-0.16,-0.46,-0.37,0.0,0.5,1.0,1.25,-0.16,-0.05,-0.16,0.76,0.054656102,0.056035742,0.008782352,0.008892741,0.01902234,0.018992649,0.021857923,0.025006488,0.014284424,0.014983735,0.024933215,0.02549931,0.000531376,0.000162794,-0.000329899,-0.000297587,0.000130482,0.000367391,0.000653969,0.000597562,0.001095807,0.000155724,0.0036974,0.007101496,-0.009676307,-0.037946752,-0.023421589,-0.022338171,-0.131979695,-0.087246193,-0.090688505,0.088738559,2.069387903,2.019453522,2.146727431,-0.095331073,1.953403694,0.097992663,0.000331727,0.000133289,0.000304072,0.000297613,0.001771253,0.001575352,0.001856996,0.001803564,0.000266871,0.000160304,0.000266106,0.000275047,,,,,Historical
2000-08-01,0.749286781,65.8,72.5,0.376114083,0.235850533,5.622,5.92,-0.11,7.322,7.28,-0.027574563,0.048486161,0.009428271,0.018941189,-0.001043841,0.025723473,0.017481711,0.012287888,0.000602915,0.000419451,0.000319897,0.002006763,0.000317106,-0.866025404,-0.5,1.995026012,-0.003,-0.129,0.571,0.788,-0.08,-0.25,-0.37,0.41,-0.02,0.08,-0.22,-0.29,0.0,0.0,0.75,1.25,-0.1,-0.42,-0.35,0.28,0.05589085,0.05534057,0.008926566,0.008985664,0.019010637,0.018988999,0.027292576,0.025417799,0.01722134,0.014978271,0.023104265,0.023188953,0.000543026,0.000173572,0.000429344,0.000463122,0.000139793,0.000377347,0.000736501,-0.00031705,0.00029998,0.000119471,-0.047084276,-0.00116929,0.064778419,0.017292063,-0.178136948,-0.017344897,-0.144919591,-0.135782164,-0.064167726,0.0486329,2.070356279,2.023233416,2.143598496,-0.148572484,1.9834055,0.011620511,0.00030408,0.000234284,0.00032842,0.000298931,0.00169366,0.001617254,0.001906614,0.001829656,0.000376709,0.000189924,0.000275396,0.00027008,,,,,Historical
2000-09-01,0.473531656,65.9,71.3,0.374325741,0.234823272,5.564,5.76,0.06,7.322,7.28,0.077377694,0.044322799,0.009500085,0.018929742,0.004179728,0.026709402,0.017282483,0.010510949,0.001370088,-0.000409551,0.000296249,0.001939121,0.000359914,-1.0,-1.84e-16,2.154903207,-0.058,0.013,0.287,0.877,-0.16,-0.28,-0.37,0.09,0.17,0.14,0.04,-0.28,0.0,0.0,0.5,1.25,0.0,-0.26,-0.16,0.41,0.057118846,0.05428514,0.009070607,0.009071957,0.018998971,0.018983769,0.030434783,0.0254506,0.018202701,0.015117527,0.021282885,0.020986855,0.000555414,0.000184322,0.001185766,0.001221428,0.00014866,0.000384329,0.000818823,-0.001228374,-0.000493333,8.38e-05,-0.027574563,0.0036974,0.00170781,0.010805396,0.049058998,-0.023421589,0.029707202,0.060269288,-0.087246193,0.072573464,2.08319359,2.032065479,2.150916715,0.003986492,2.000855474,0.154047733,0.000294212,0.000253505,0.00033524,0.000299101,0.001729887,0.001672379,0.001952185,0.001847093,0.000257299,0.00019586,0.000286372,0.000278631,,,,,Historical
2000-10-01,0.197776532,66.0,71.3,0.372537399,0.23379601,5.619,5.75,0.03,7.322,7.28,-0.013293712,0.040197784,0.009571756,0.01891833,0.002081165,0.027748132,0.020165854,0.008741259,0.002134428,-0.001235493,0.000304136,0.001960726,0.000280807,-0.866025404,0.5,2.125831889,0.055,-0.006,0.17,0.769,-0.01,-0.25,-0.42,-0.45,-0.03,0.12,-0.04,-0.24,0.0,0.0,0.5,1.25,0.0,-0.1,-0.15,0.18,0.058340145,0.052872764,0.009214475,0.009151627,0.018987342,0.018976963,0.021621622,0.025852464,0.012486772,0.015456452,0.019469027,0.018891073,0.000568505,0.000195045,0.001939383,0.001977341,0.000157087,0.000388383,0.000900935,-0.002136428,-0.001284143,4.86e-05,0.077377694,-0.047084276,0.007101496,0.010594597,-0.020963515,-0.178136948,-0.010585305,0.008094645,-0.135782164,0.016851536,2.092176085,2.038585776,2.051396357,0.074435532,2.018041958,0.107789931,0.000272598,0.000302444,0.000318597,0.000301729,0.00172304,0.001750222,0.00197115,0.0018669,0.000280449,0.000221333,0.00029677,0.000278661,,,,,Historical
2000-11-01,0.319481747,66.0,71.0,0.370960327,0.233030158,5.736,5.59,-0.1,7.322,7.24,0.003389799,0.036738704,0.009641506,0.018906953,0.003115265,0.032051282,0.02229827,0.006978773,0.00145008,-0.000513743,0.000388076,0.002031841,0.000313922,-0.5,0.866025404,2.132434306,0.117,0.114,-0.015,0.921,-0.16,-0.33,-0.58,-0.39,-0.13,0.01,0.09,-0.36,0.0,0.0,0.0,1.0,-0.04,-0.04,-0.46,-0.09,0.056436649,0.051242131,0.009261845,0.009232478,0.018975749,0.018968586,0.02373247,0.026703899,0.012333643,0.016265357,0.017662644,0.016899696,0.000575021,7.39e-05,0.00137618,0.001371881,7.82e-05,0.000398692,0.001018216,-0.001531958,-0.000637452,0.00012371,-0.013293712,-0.027574563,-0.00116929,0.022909381,-0.033148034,0.049058998,-0.13593455,-0.014894063,0.060269288,0.054801536,2.098161874,2.047077118,1.995026012,0.137408294,2.060604827,0.071829479,0.000315721,0.000264921,0.000329818,0.000307759,0.001729279,0.001782117,0.00198904,0.001892113,0.000306358,0.000229643,0.000308898,0.000279291,,,,,Historical
2000-12-01,0.441186963,66.0,70.8,0.369383256,0.232264306,5.557,5.3,0.08,7.322,7.01,-0.029677922,0.033315357,0.009711204,0.018895612,0.001035197,0.032017076,0.021191875,0.005223447,0.000766646,0.000207043,0.000319411,0.002131968,0.000215074,-2.45e-16,1.0,2.06948037,-0.179,-0.007,0.006,0.627,-0.29,-0.46,-0.74,-0.81,0.18,0.02,0.16,-0.25,0.0,0.0,0.0,1.0,-0.23,-0.27,-0.53,-0.32,0.054552838,0.049395387,0.009309125,0.009314509,0.018964193,0.018958644,0.027987083,0.027181408,0.016363087,0.016888,0.01586369,0.015010847,0.000574989,-4.68e-05,0.000813463,0.000767032,-3.86e-07,0.00041523,0.00113508,-0.000928038,8.58e-06,0.000198458,0.003389799,0.077377694,0.0036974,-0.018035285,0.039182283,-0.020963515,-0.205875212,0.184753581,0.008094645,-0.000305623,2.10231329,2.053092566,2.154903207,-0.085422838,2.019663378,0.049816992,0.000330664,0.000277359,0.000328099,0.000306821,0.001823544,0.001802171,0.002012919,0.001917815,0.000233922,0.000254541,0.000300917,0.00027772,,,,,Historical
2001-01-01,0.562892178,65.9,69.4,0.367806184,0.231498454,5.142,5.14,0.51,7.072,6.78,-0.014419912,0.029927192,0.009780851,0.018884306,-0.004136505,0.029946524,0.017410055,0.003475239,8.41e-05,0.000926865,0.000241585,0.0019853,0.000385173,0.5,0.866025404,2.039264069,-0.415,-0.477,-0.483,0.066,-0.16,-0.61,-0.86,-1.24,0.43,0.48,0.6,0.14,-0.25,-0.25,-0.25,0.75,-0.23,-0.5,-0.6,-0.76,0.052688407,0.047334644,0.009356315,0.009397717,0.018952673,0.018947141,0.029001074,0.027855458,0.013343839,0.017148469,0.01407212,0.013222682,0.000568433,-0.000167105,0.000251231,0.000162794,-7.87e-05,0.000437972,0.001251531,-0.000324666,0.000653969,0.000272895,-0.029677922,-0.013293712,-0.047084276,-0.009676307,-0.379918033,-0.033148034,-0.176398655,-0.074900642,-0.014894063,0.100040833,2.105905308,2.059506322,2.125831889,-0.08656782,1.996159861,0.043104208,0.000229651,0.000147313,0.000311559,0.000307816,0.001801389,0.001739438,0.002009286,0.001933141,0.000249186,0.000206813,0.000311999,0.000289053,,,,,Historical
2001-02-01,0.456585926,65.9,69.5,0.364812919,0.229815915,4.804,5.09,0.55,7.072,6.72,0.067855239,0.026736666,0.009974317,0.018782395,0.005192108,0.02869288,0.015939517,0.001737116,9.54e-05,0.00098843,0.000186347,0.001881548,0.000288029,0.866025404,0.5,2.185595376,-0.338,-0.932,-0.818,-0.247,-0.05,-0.5,-0.83,-1.2,0.04,0.65,0.66,0.44,0.0,-0.25,-0.25,0.5,-0.06,-0.52,-0.56,-0.91,0.048486161,0.044905129,0.009428271,0.00948503,0.018941189,0.018928121,0.025723473,0.02797215,0.017481711,0.017041651,0.012287888,0.011442086,0.000561917,0.000602915,-0.000507537,0.000173572,-7.82e-05,0.000458966,0.000419451,0.000568979,0.000736501,0.000251929,-0.014419912,0.003389799,-0.027574563,0.064778419,0.025446134,0.039182283,0.756124722,0.151818857,0.184753581,0.076940587,2.110610636,2.068614117,2.132434306,0.05316107,2.129131442,0.056463934,0.000173809,0.000201406,0.000289301,0.00030886,0.001709053,0.001633774,0.001988417,0.001947516,0.000261364,0.000304538,0.000307153,0.000291275,,,,,Historical
2001-03-01,0.350279673,66.0,69.7,0.361819655,0.228133377,4.604,5.03,0.72,6.572,6.39,-0.013865559,0.02357098,0.010167496,0.018680803,0.003099174,0.024261603,0.016058505,0.0,0.000106596,0.001049803,0.000224519,0.001852445,0.000251921,1.0,6.12e-17,2.158619392,-0.2,-0.953,-0.96,-0.673,-0.06,-0.27,-0.73,-1.1,0.17,0.64,0.66,0.7,-0.5,-0.75,-0.75,-0.25,-0.33,-0.62,-0.89,-1.05,0.044322799,0.042109473,0.009500085,0.009576437,0.018929742,0.018901607,0.026709402,0.027457718,0.017282483,0.016862968,0.010510949,0.009668513,0.00055544,0.001370088,-0.001263492,0.000184322,-7.77e-05,0.000478214,-0.000409551,0.001459354,0.000818823,0.000230981,0.067855239,-0.029677922,0.077377694,0.00170781,0.534321624,-0.379918033,0.296343268,0.006341154,-0.074900642,0.058326143,2.112816135,2.074617041,2.06948037,0.089139023,2.132153401,0.026465991,0.000255328,0.000192709,0.000277346,0.000306293,0.001665693,0.001502205,0.001973971,0.001963078,0.00029406,0.00031883,0.000289154,0.000287763,,,,,Historical
2001-04-01,0.243973421,66.0,70.1,0.35882639,0.226450838,4.41,5.23,0.9,6.322,6.42,0.004378957,0.020429843,0.010360387,0.01857953,0.007209063,0.034920635,0.017716885,-0.001736111,0.000117778,0.001110985,0.000319423,0.001899995,0.000266822,0.866025404,-0.5,2.171234783,-0.194,-0.732,-1.209,-1.039,0.2,0.09,-0.52,-0.94,0.18,0.39,0.87,0.83,-0.25,-0.75,-1.0,-0.5,0.03,-0.36,-0.86,-1.01,0.040197784,0.038950282,0.009571756,0.00967193,0.01891833,0.018867623,0.027748132,0.02856597,0.020165854,0.01729881,0.008741259,0.007901418,0.000549001,0.002134428,-0.00201665,0.000195045,-7.73e-05,0.000495718,-0.001235493,0.002346478,0.000900935,0.000210049,-0.013865559,-0.014419912,-0.013293712,0.007101496,0.329132535,0.025446134,-0.022338171,0.031795206,0.151818857,-0.090688505,2.114858414,2.07915116,2.039264069,0.131970713,2.146727431,0.024507352,0.000403997,0.000344304,0.000279893,0.000299245,0.001846935,0.00156984,0.001963849,0.0019675,0.000218417,0.000290369,0.000286824,0.000291797,,,,,Historical
2001-05-01,0.186095926,66.0,71.7,0.35729375,0.225789032,4.401,5.61,0.97,6.072,6.58,0.022837683,0.01719355,0.010547698,0.018478573,0.008179959,0.038988409,0.018569673,-0.003471218,-6.62e-05,0.00120409,0.00031006,0.001939993,0.000264737,0.5,-0.866025404,2.224615385,-0.009,-0.403,-1.335,-1.35,0.38,0.52,0.02,-0.56,0.07,0.42,1.07,1.16,-0.25,-1.0,-1.25,-1.25,0.16,-0.14,-0.66,-1.12,0.036738704,0.035680023,0.009641506,0.009779084,0.018906953,0.018826192,0.032051282,0.029837298,0.02229827,0.01781848,0.006978773,0.006140263,0.000537325,0.00145008,-0.001516292,7.39e-05,-0.000140112,0.000511208,-0.000513743,0.001717832,0.001018216,0.000185874,0.004378957,0.067855239,0.003389799,-0.00116929,-0.026074589,0.534321624,-0.017344897,0.027851901,0.006341154,-0.064167726,2.121609822,2.086507877,2.185595376,0.039020009,2.143598496,0.081016889,0.000320751,0.000344201,0.000266891,0.000298354,0.001924504,0.001661001,0.001948541,0.001968791,0.000241156,0.000246831,0.000278626,0.000293762,,,,,Historical
2001-06-01,0.128218431,65.9,72.3,0.355761109,0.225127226,4.242,5.39,0.86,6.072,6.67,0.012978129,0.013979222,0.010734635,0.018377932,0.001014199,0.033507853,0.017541973,-0.005205321,-0.000249479,0.001296828,0.000324622,0.001990448,0.000270483,1.22e-16,-1.0,2.256950581,-0.159,-0.362,-1.315,-1.309,-0.22,0.36,0.09,-0.65,-0.11,0.14,0.78,0.94,0.0,-0.5,-1.25,-1.25,0.09,0.28,-0.34,-0.87,0.033315357,0.032298889,0.009711204,0.009897877,0.018895612,0.018777337,0.032017076,0.030297362,0.021191875,0.01791672,0.005223447,0.004384512,0.000520437,0.000766646,-0.001016125,-4.68e-05,-0.000202662,0.000524687,0.000207043,0.001089786,0.00113508,0.000161748,0.022837683,-0.013865559,-0.029677922,0.0036974,0.214505922,0.329132535,-0.023421589,0.270366599,0.031795206,-0.087246193,2.130445977,2.095833913,2.158619392,0.098331189,2.150916715,0.106033867,0.000329726,0.000325006,0.000267759,0.000297929,0.001988693,0.001709301,0.001924955,0.001968937,0.000262962,0.000274094,0.000287861,0.000294389,,,,,Historical
2001-07-01,0.070340936,65.8,72.5,0.354228469,0.22446542,4.029,5.36,1.03,5.822,6.66,-0.034203125,0.010786636,0.0109212,0.018277605,-0.003039514,0.027139875,0.016777823,-0.006938422,-0.000432025,0.001389203,0.000234822,0.001954598,0.000267554,-0.5,-0.866025404,2.184235808,-0.213,-0.381,-1.113,-1.596,-0.03,0.13,0.22,-0.64,0.17,0.13,0.52,1.12,-0.25,-0.5,-1.25,-1.5,-0.01,0.24,-0.12,-0.72,0.029927192,0.028807074,0.009780851,0.010028284,0.018884306,0.018721081,0.029946524,0.030142262,0.017410055,0.018202885,0.003475239,0.002633633,0.00049836,8.41e-05,-0.000516151,-0.000167105,-0.00026492,0.000536159,0.000926865,0.000462338,0.001251531,0.000137672,0.012978129,0.004378957,-0.014419912,-0.047084276,-0.041282565,-0.026074589,-0.178136948,0.24713243,0.027851901,-0.135782164,2.141515931,2.105451917,2.171234783,0.013001025,2.051396357,0.132839451,0.000340824,0.000331727,0.000266632,0.000289096,0.002007096,0.001771253,0.001919838,0.001964562,0.000318675,0.000266871,0.000268258,0.000290128,,,,,Historical
2001-08-01,0.223244662,65.8,72.2,0.353248103,0.224186037,3.805,4.93,1.1,5.572,6.59,-0.010543401,0.011902064,0.011015672,0.018177589,0.0,0.028213166,0.014411181,-0.00867052,0.000348533,0.000515934,0.000352352,0.001778207,0.000526947,-0.866025404,-0.5,2.164478134,-0.224,-0.596,-0.999,-1.817,-0.43,-0.68,-0.16,-0.99,0.07,0.13,0.55,1.21,-0.25,-0.5,-1.5,-1.75,-0.07,0.01,-0.13,-0.69,0.026736666,0.0257584,0.009974317,0.010160567,0.018782395,0.018657448,0.02869288,0.030349736,0.015939517,0.017947008,0.001737116,0.000887099,0.000477162,9.54e-05,0.000253155,0.000602915,-0.000254382,0.0005442,0.00098843,-0.000472496,0.000419451,9.65e-05,-0.034203125,0.022837683,0.067855239,-0.027574563,-0.190774805,0.214505922,0.049058998,0.22795517,0.270366599,0.060269288,2.155636942,2.11299661,2.224615385,-0.060137251,1.995026012,0.169452123,0.000319897,0.00030408,0.0002943,0.0002918,0.002006763,0.00169366,0.001902614,0.001945516,0.000317106,0.000376709,0.000308077,0.000307615,,,,,Historical
2001-09-01,0.376148387,65.8,71.0,0.352267738,0.223906655,3.039,4.62,1.94,5.072,6.23,-0.007878305,0.013016023,0.011109943,0.018077885,0.00203252,0.026014568,0.01352073,-0.010401618,0.001126299,-0.00035421,0.000277092,0.001652232,0.000400267,-1.0,-1.84e-16,2.150627737,-0.766,-1.203,-1.565,-2.525,-0.31,-0.77,-0.41,-1.14,0.84,1.08,1.22,1.88,-0.5,-1.0,-1.5,-2.25,-0.36,-0.44,-0.16,-1.05,0.02357098,0.023149502,0.010167496,0.010294722,0.018680803,0.01858646,0.024261603,0.030291834,0.016058505,0.017633529,0.0,-0.000855615,0.000456846,0.000106596,0.001019703,0.001370088,-0.000243789,0.000548811,0.001049803,-0.001404013,-0.000409551,5.53e-05,-0.010543401,0.012978129,-0.013865559,0.077377694,0.006543826,-0.041282565,-0.020963515,0.178189881,0.24713243,0.008094645,2.155280652,2.119237121,2.256950581,-0.106322844,2.154903207,-0.00427547,0.000296249,0.000294212,0.000303062,0.000290204,0.001939121,0.001729887,0.001869246,0.001921608,0.000359914,0.000257299,0.000332801,0.000310978,,,,,Historical
2001-10-01,0.529052113,65.9,70.8,0.351287372,0.223627272,2.54,4.08,1.94,4.322,5.94,0.023940348,0.014128516,0.011204013,0.01797849,-0.005070994,0.018691589,0.012791667,-0.012131716,0.001901287,-0.001221247,0.000426176,0.001559422,0.000516373,-0.866025404,0.5,2.20595614,-0.499,-1.489,-1.87,-3.079,-0.54,-1.28,-1.15,-1.67,0.0,0.91,1.04,1.91,-0.75,-1.5,-2.0,-3.0,-0.29,-0.72,-0.48,-1.34,0.020429843,0.020977063,0.010360387,0.010430744,0.01857953,0.01850814,0.034920635,0.029537122,0.017716885,0.017019013,-0.001736111,-0.002595029,0.000437417,0.000117778,0.001783509,0.002134428,-0.000233141,0.000549998,0.001110985,-0.002332232,-0.001235493,1.42e-05,-0.007878305,-0.034203125,0.004378957,-0.013293712,-0.140975192,-0.190774805,-0.033148034,0.033765699,0.22795517,-0.014894063,2.161957673,2.127066879,2.184235808,0.021720332,2.125831889,0.080124251,0.000304136,0.000272598,0.000320854,0.000300374,0.001960726,0.00172304,0.001812483,0.001888166,0.000280807,0.000280449,0.000374393,0.000330608,,,,,Historical
2001-11-01,0.840092897,66.0,70.4,0.349479698,0.222938873,2.207,4.68,1.99,3.822,5.71,0.02539465,0.017162782,0.011194246,0.017879403,-0.009174312,0.00621118,0.013615232,-0.013860814,0.001450139,-0.000657661,0.000382729,0.00165982,0.000280066,-0.5,0.866025404,2.266005857,-0.333,-1.598,-2.194,-3.529,0.6,-0.25,-0.93,-0.91,0.05,0.89,1.02,2.09,-0.5,-1.75,-2.25,-3.5,-0.23,-0.88,-0.87,-1.53,0.01719355,0.019345736,0.010547698,0.010560139,0.018478573,0.01842251,0.038988409,0.02738378,0.018569673,0.016295426,-0.003471218,-0.004331661,0.000437422,-6.62e-05,0.001516351,0.00145008,5.94e-08,0.000538005,0.00120409,-0.001861751,-0.000513743,-0.000143918,0.023940348,-0.010543401,0.022837683,0.003389799,0.075881299,0.006543826,0.039182283,0.150340716,0.178189881,0.184753581,2.173088636,2.135625255,2.164478134,0.101527722,2.132434306,0.133571551,0.000388076,0.000315721,0.000332965,0.000299928,0.002031841,0.001729279,0.001765788,0.001857165,0.000313922,0.000306358,0.000376948,0.000327787,,,,,Historical
2001-12-01,1.15113368,66.2,69.9,0.347672023,0.222250475,1.996,4.69,2.23,3.822,5.84,-0.009203015,0.020185705,0.011184487,0.017780623,0.002057613,0.007238883,0.017052839,-0.015588915,0.000999452,-9.47e-05,0.000277354,0.00165364,0.000281127,-2.45e-16,1.0,2.248539589,-0.211,-1.043,-2.246,-3.561,0.01,0.07,-0.7,-0.61,0.24,0.29,1.37,2.15,0.0,-1.25,-2.25,-3.5,0.13,-0.39,-0.83,-1.17,0.013979222,0.018251598,0.010734635,0.010682912,0.018377932,0.018329595,0.033507853,0.02531893,0.017541973,0.015950507,-0.005205321,-0.006066025,0.000456823,-0.000249479,0.00124893,0.000766646,0.000232805,0.000512864,0.001296828,-0.00139148,0.000207043,-0.000301694,0.02539465,-0.007878305,0.012978129,-0.029677922,0.066086635,-0.140975192,-0.379918033,0.180122951,0.033765699,-0.074900642,2.188010238,2.145161764,2.150627737,0.097911852,2.06948037,0.17905922,0.000319411,0.000330664,0.000325087,0.000296423,0.002131968,0.001823544,0.001709653,0.001817304,0.000215074,0.000233922,0.000378722,0.000333291,,,,,Historical
2002-01-01,1.462174464,66.3,68.9,0.345864349,0.221562076,1.966,4.71,2.17,3.572,5.82,0.028294877,0.023197347,0.011174736,0.017682147,0.002053388,0.013499481,0.020813405,-0.017316017,0.000549225,0.000467783,0.000234457,0.001637011,0.000248064,0.5,0.866025404,2.31646696,-0.03,-0.574,-2.063,-3.176,0.02,0.63,-0.65,-0.43,-0.06,0.23,1.14,1.66,-0.25,-0.75,-2.25,-3.5,-0.02,-0.12,-0.84,-0.96,0.010786636,0.017690778,0.0109212,0.010799069,0.018277605,0.018229415,0.027139875,0.023948344,0.016777823,0.016234119,-0.006938422,-0.00779863,0.000495581,-0.000432025,0.00098125,8.41e-05,0.000465099,0.000474607,0.001389203,-0.000921419,0.000926865,-0.000459081,-0.009203015,0.023940348,-0.034203125,-0.014419912,-0.173120333,0.075881299,0.025446134,0.573694646,0.150340716,0.151818857,2.211110479,2.158507893,2.20595614,0.11051082,2.039264069,0.277202891,0.000241585,0.000229651,0.000325026,0.000295829,0.0019853,0.001801389,0.001656722,0.00178828,0.000385173,0.000249186,0.000375474,0.000321866,,,,,Historical
2002-02-01,1.171734809,66.3,69.2,0.342264803,0.219638148,2.07,4.58,2.08,3.572,5.79,0.029840993,0.024379481,0.011134371,0.017673858,0.006147541,0.01446281,0.020875509,-0.019147399,0.000508378,0.000558327,0.000220527,0.00157546,0.000278637,0.866025404,0.5,2.394545856,0.104,-0.137,-1.735,-2.734,-0.13,-0.1,-0.35,-0.51,-0.09,0.09,0.98,1.53,0.0,-0.25,-2.0,-3.5,-0.03,0.08,-0.8,-0.93,0.011902064,0.017494346,0.011015672,0.01089574,0.018177589,0.018137037,0.028213166,0.022762504,0.014411181,0.016645452,-0.00867052,-0.009539006,0.000529998,0.000348533,0.000159844,9.54e-05,0.000412999,0.000438765,0.000515934,4.24e-05,0.00098843,-0.000430103,0.028294877,0.02539465,-0.010543401,0.067855239,0.022469551,0.066086635,0.534321624,0.569126652,0.180122951,0.006341154,2.228523019,2.169566827,2.266005857,0.12854,2.185595376,0.208950481,0.000186347,0.000173809,0.000303056,0.000298678,0.001881548,0.001709053,0.001622931,0.001762773,0.000288029,0.000261364,0.000334089,0.000321083,,,,,Historical
2002-03-01,0.881295153,66.5,69.6,0.338665257,0.21771422,2.343,5.28,1.29,3.572,6.0,0.014625818,0.025559696,0.011094081,0.017665593,0.00712831,0.01853759,0.02363845,-0.020984081,0.000467644,0.000648621,0.000300772,0.001571071,0.000301398,1.0,6.12e-17,2.437906874,0.273,0.347,-0.696,-2.261,0.7,0.59,0.66,0.25,-0.79,-0.94,-0.65,0.57,0.0,-0.25,-1.5,-3.0,0.21,0.16,-0.23,-0.39,0.013016023,0.017660072,0.011109943,0.010972956,0.018077885,0.018052436,0.026014568,0.022285503,0.01352073,0.017277114,-0.010401618,-0.011287679,0.000560085,0.001126299,-0.000658655,0.000106596,0.000361048,0.000405334,-0.00035421,0.001002831,0.001049803,-0.000401182,0.029840993,-0.009203015,-0.007878305,-0.013865559,0.41014582,-0.173120333,0.329132535,0.442134005,0.573694646,0.031795206,2.251796975,2.182306555,2.248539589,0.189367284,2.158619392,0.279287481,0.000224519,0.000255328,0.000307002,0.000305032,0.001852445,0.001665693,0.001609404,0.001739325,0.000251921,0.00029406,0.000317611,0.000325206,,,,,Historical
2002-04-01,0.590855498,66.5,70.1,0.335065711,0.215790292,2.41,5.05,1.43,3.822,6.2,0.010098939,0.026737997,0.011053866,0.017657352,0.006066734,0.017382413,0.022754856,-0.022826087,0.000427022,0.000738665,0.000409337,0.001725511,0.000254064,0.866025404,-0.5,2.470869855,0.067,0.444,-0.13,-2.0,-0.23,0.34,0.97,-0.18,0.14,-0.74,-0.51,0.53,0.25,0.25,-0.5,-2.5,0.2,0.38,0.26,-0.22,0.014128516,0.018185752,0.011204013,0.011030746,0.01797849,0.017975588,0.018691589,0.020823985,0.012791667,0.017696945,-0.012131716,-0.013045177,0.000585855,0.001901287,-0.001474265,0.000117778,0.000309244,0.000374307,-0.001221247,0.001959911,0.001110985,-0.00037232,0.014625818,0.028294877,0.023940348,0.004378957,0.107194873,0.022469551,-0.026074589,0.201327434,0.569126652,0.027851901,2.276766565,2.195812489,2.31646696,0.154402895,2.171234783,0.299635073,0.000319423,0.000403997,0.000304196,0.000312525,0.001899995,0.001846935,0.001637085,0.001724784,0.000266822,0.000218417,0.000273893,0.000324143,,,,,Historical
2002-05-01,0.682140297,66.7,71.8,0.332207688,0.214332146,2.622,4.9,1.34,3.822,6.2,0.00237056,0.029456055,0.01100479,0.017649135,0.00201005,0.011156187,0.026541186,-0.02467344,7.44e-05,0.000910297,0.000469095,0.00183871,0.000351717,0.5,-0.866025404,2.485026786,0.212,0.552,0.415,-1.779,-0.15,0.32,0.22,-0.71,-0.09,-0.74,-0.65,0.37,0.0,0.25,0.0,-2.25,0.0,0.41,0.49,-0.38,0.017162782,0.019207627,0.011194246,0.011068837,0.017879403,0.017906468,0.00621118,0.018504633,0.013615232,0.018361238,-0.013860814,-0.014812029,0.000597575,0.001450139,-0.001375715,-6.62e-05,0.000140637,0.000349824,-0.000657661,0.001567958,0.00120409,-0.000293793,0.010098939,0.029840993,0.02539465,0.022837683,0.076164167,0.41014582,0.214505922,0.327437936,0.442134005,0.270366599,2.298467515,2.210038668,2.394545856,0.090480929,2.224615385,0.260411401,0.00031006,0.000320751,0.00031859,0.000325778,0.001939993,0.001924504,0.0016669,0.001716344,0.000264737,0.000241156,0.000285835,0.000331391,,,,,Historical
2002-06-01,0.773425097,66.8,72.9,0.329349666,0.212874001,2.738,4.67,1.53,4.072,6.18,0.001346449,0.03217284,0.01095583,0.017640942,0.002006018,0.012158055,0.02848599,-0.026526163,-0.000276935,0.001081326,0.000468828,0.002012261,0.000289692,1.22e-16,-1.0,2.496734602,0.116,0.395,0.742,-1.504,-0.23,-0.61,-0.02,-0.72,0.19,0.24,-0.7,0.67,0.25,0.5,0.25,-2.0,-0.02,0.18,0.34,-0.49,0.020185705,0.020723762,0.011184487,0.01108727,0.017780623,0.017845052,0.007238883,0.016725483,0.017052839,0.019273239,-0.015588915,-0.016588766,0.000595287,0.000999452,-0.001276387,-0.000249479,-2.75e-05,0.000331866,-9.47e-05,0.001175977,0.001296828,-0.000215502,0.00237056,0.014625818,-0.009203015,0.012978129,-0.016990588,0.107194873,-0.041282565,0.074415498,0.201327434,0.24713243,2.318449517,2.224447747,2.437906874,0.058827729,2.256950581,0.239784021,0.000324622,0.000329726,0.000350503,0.000337795,0.001990448,0.001988693,0.00172667,0.001718162,0.000270483,0.000262962,0.000287262,0.000332992,,,,,Historical
2002-07-01,0.864709896,66.9,73.3,0.326491643,0.211415855,2.849,4.3,1.91,4.322,6.1,-0.015731385,0.034888352,0.010906985,0.017632774,0.006006006,0.021341463,0.031640336,-0.028384279,-0.000627063,0.001251756,0.000446151,0.002078024,0.000377049,-0.5,-0.866025404,2.466049438,0.111,0.439,0.883,-1.18,-0.37,-0.75,-0.41,-1.06,0.38,0.48,-0.26,0.88,0.25,0.5,0.75,-1.5,-0.08,-0.1,0.28,-0.56,0.023197347,0.022732238,0.011174736,0.011086085,0.017682147,0.017791316,0.013499481,0.016242282,0.020813405,0.020511782,-0.017316017,-0.018375921,0.000579034,0.000549225,-0.001176288,-0.000432025,-0.000195039,0.000320412,0.000467783,0.000783973,0.001389203,-0.000137447,0.001346449,0.010098939,0.028294877,-0.034203125,-0.175951256,0.076164167,-0.190774805,-0.076505017,0.327437936,0.22795517,2.341933986,2.241724959,2.470869855,-0.004820417,2.184235808,0.28181363,0.000234822,0.000340824,0.000385785,0.000355406,0.001954598,0.002007096,0.001800173,0.001728447,0.000267554,0.000318675,0.00030876,0.000342117,,,,,Historical
2002-08-01,0.759549305,67.1,73.4,0.32435965,0.21045208,2.996,4.49,1.61,4.322,5.81,-0.030322285,0.034957829,0.010716816,0.017624629,0.0039801,0.025406504,0.032856682,-0.030247813,9.71e-05,0.00046722,0.000442395,0.002054911,0.000462495,-0.866025404,-0.5,2.400487035,0.147,0.374,0.926,-0.809,0.19,-0.41,-0.09,-0.44,-0.3,0.27,-0.47,0.51,0.0,0.5,0.75,-1.25,-0.29,-0.39,0.02,-0.78,0.024379481,0.024653552,0.011134371,0.01106118,0.017673858,0.017745236,0.01446281,0.016008394,0.020875509,0.022048907,-0.019147399,-0.020174029,0.000558082,0.000508378,-0.000411264,0.000348533,-0.00025142,0.000316352,0.000558327,-9.11e-05,0.000515934,-4.87e-05,-0.015731385,0.00237056,0.029840993,-0.010543401,-0.135808058,-0.016990588,0.006543826,-0.013776477,0.074415498,0.178189881,2.361601394,2.258619168,2.485026786,-0.084539751,2.164478134,0.236008901,0.000352352,0.000319897,0.000422763,0.000362909,0.001778207,0.002006763,0.001880081,0.001751506,0.000526947,0.000317106,0.000339403,0.000336746,,,,,Historical
2002-09-01,0.654388715,67.1,72.2,0.322227657,0.209488306,2.826,4.2,1.44,4.322,5.69,0.060541075,0.035027062,0.010527088,0.017616508,0.0,0.023326572,0.033078139,-0.032116788,0.000819233,-0.000315087,0.000374715,0.001981585,0.000444651,-1.0,-1.84e-16,2.558959276,-0.17,0.088,0.483,-0.213,-0.29,-0.47,-1.08,-0.42,-0.17,-0.09,0.15,-0.5,0.0,0.25,0.75,-0.75,-0.12,-0.49,-0.31,-0.54,0.025559696,0.026487805,0.011094081,0.011012609,0.017665593,0.017706788,0.01853759,0.015784394,0.02363845,0.023678691,-0.020984081,-0.021983626,0.000532493,0.000467644,0.00035159,0.001126299,-0.000307066,0.000319612,0.000648621,-0.000963708,-0.00035421,3.91e-05,-0.030322285,0.001346449,0.014625818,-0.007878305,-0.05395495,-0.175951256,-0.140975192,-0.073053892,-0.076505017,0.033765699,2.395629022,2.275454837,2.496734602,0.062224674,2.150627737,0.408331539,0.000277092,0.000296249,0.000435087,0.000371045,0.001652232,0.001939121,0.0019485,0.001778952,0.000400267,0.000359914,0.000363278,0.000340445,,,,,Historical
2002-10-01,0.549228124,67.1,72.1,0.320095664,0.208524531,2.805,4.34,1.77,4.322,5.7,-0.010644753,0.035096052,0.010337798,0.01760841,0.002973241,0.031600408,0.032593225,-0.033991228,0.001539304,-0.001095174,0.000521488,0.002083264,0.000416116,-0.866025404,0.5,2.540485812,-0.021,-0.044,0.395,0.265,0.14,0.04,-0.71,0.26,0.33,-0.14,0.34,-0.17,0.0,0.0,0.5,0.0,0.01,-0.4,-0.5,-0.24,0.026737997,0.0282351,0.011053866,0.010940424,0.017657352,0.017675948,0.017382413,0.016860129,0.022754856,0.025328821,-0.022826087,-0.023805252,0.000502328,0.000427022,0.001112282,0.001901287,-0.000361983,0.000330118,0.000738665,-0.001833839,-0.001221247,0.000126073,0.060541075,-0.015731385,0.010098939,0.023940348,0.078995939,-0.135808058,0.075881299,0.164309898,-0.013776477,0.150340716,2.423506495,2.292732084,2.466049438,0.074436373,2.20595614,0.334529671,0.000426176,0.000304136,0.000453779,0.000378987,0.001559422,0.001960726,0.002008126,0.001822606,0.000516373,0.000280807,0.000390287,0.00033209,,,,,Historical
2002-11-01,0.50299773,67.2,71.8,0.318046514,0.20770027,2.734,4.39,1.71,4.322,5.67,0.01965046,0.031485165,0.010212579,0.017600336,0.002964427,0.044238683,0.032327759,-0.035871157,0.00092871,-0.000443178,0.000345987,0.002056323,0.000371157,-0.5,0.866025404,2.599753986,-0.071,-0.262,0.112,0.527,0.05,-0.1,-0.51,-0.29,-0.06,0.1,0.37,-0.28,0.0,0.0,0.5,0.5,-0.03,-0.14,-0.53,-0.04,0.029456055,0.029428632,0.01100479,0.010858619,0.017649135,0.017652692,0.011156187,0.020029087,0.026541186,0.026888198,-0.02467344,-0.025639447,0.000458876,7.44e-05,0.000854286,0.001450139,-0.000521429,0.000347992,0.000910297,-0.001353474,-0.000657661,0.000214483,-0.010644753,-0.030322285,0.00237056,0.02539465,0.104173794,-0.05395495,0.066086635,0.194927805,-0.073053892,0.180122951,2.451318839,2.312203738,2.400487035,0.199266951,2.266005857,0.33374813,0.000382729,0.000388076,0.000433261,0.000375925,0.00165982,0.002031841,0.002044395,0.001855648,0.000280066,0.000313922,0.000393527,0.000339681,,,,,Historical
2002-12-01,0.456767337,67.4,71.7,0.315997364,0.206876009,2.669,4.06,1.7,4.322,5.59,-0.036843501,0.027909136,0.010087468,0.017592285,-0.003940887,0.03798768,0.03173979,-0.037756598,0.000318471,0.00020844,0.000355995,0.002011537,0.000397404,-2.45e-16,1.0,2.514304,-0.065,-0.157,-0.069,0.673,-0.33,-0.14,-0.61,-0.63,-0.01,0.26,0.17,-0.53,0.0,0.0,0.25,0.5,-0.08,-0.1,-0.59,-0.25,0.03217284,0.030072251,0.01095583,0.010767201,0.017640942,0.017636997,0.012158055,0.022591487,0.02848599,0.028112111,-0.026526163,-0.027486754,0.000402127,-0.000276935,0.000595406,0.000999452,-0.000680981,0.00037325,0.001081326,-0.000872886,-9.47e-05,0.000303092,0.01965046,0.060541075,0.001346449,-0.009203015,-0.142215337,0.078995939,-0.173120333,-0.038548359,0.164309898,0.573694646,2.473465873,2.330738056,2.558959276,-0.044655276,2.248539589,0.265764411,0.000277354,0.000319411,0.000414455,0.000382479,0.00165364,0.002131968,0.002044274,0.001885472,0.000281127,0.000215074,0.000411479,0.00034937,,,,,Historical
2003-01-01,0.410536943,67.4,70.4,0.313948214,0.206051748,2.813,4.27,1.51,4.322,5.46,0.022614905,0.024367464,0.009962464,0.017584258,0.008902077,0.045081967,0.028761468,-0.039647577,-0.000291414,0.00085968,0.000190496,0.001907221,0.000290887,0.5,0.866025404,2.58066055,0.144,0.008,-0.036,0.847,0.21,-0.07,-0.03,-0.44,-0.19,-0.26,-0.4,-0.66,0.0,0.0,0.0,0.75,-0.13,-0.24,-0.64,-0.36,0.034888352,0.030169761,0.010906985,0.010666178,0.017632774,0.01762884,0.021341463,0.025223361,0.031640336,0.028774449,-0.028384279,-0.029347718,0.000332074,-0.000627063,0.00033565,0.000549225,-0.000840639,0.000405908,0.001251756,-0.000392076,0.000467783,0.000391896,-0.036843501,-0.010644753,-0.015731385,0.028294877,-0.351815062,0.104173794,0.022469551,-0.246325073,0.194927805,0.569126652,2.495482006,2.353296242,2.540485812,0.040174739,2.31646696,0.26419359,0.000234457,0.000241585,0.000371846,0.000378816,0.001637011,0.0019853,0.002015807,0.00190799,0.000248064,0.000385173,0.000397118,0.000352939,,,,,Historical
2003-02-01,0.322104556,67.6,70.8,0.312694053,0.205949581,2.861,4.18,1.48,4.322,5.49,0.030329014,0.022848874,0.009805485,0.017610786,0.007843137,0.046843177,0.03185727,-0.036464088,-0.000213629,0.000838446,0.000205823,0.001831459,0.000278334,0.866025404,0.5,2.66012844,0.048,0.127,-0.135,0.791,-0.09,-0.21,-0.31,-0.4,-0.03,-0.23,-0.13,-0.6,0.0,0.0,0.0,0.75,0.03,-0.18,-0.32,-0.3,0.034957829,0.03004221,0.010716816,0.010555437,0.017624629,0.017623584,0.025406504,0.027921725,0.032856682,0.029689596,-0.030247813,-0.030790775,0.000271907,9.71e-05,-0.000310743,0.000508378,-0.000722007,0.000429251,0.00046722,0.000371226,0.000558327,0.000280118,0.022614905,0.01965046,-0.030322285,0.029840993,0.226804124,-0.142215337,0.41014582,-0.095707537,-0.038548359,0.442134005,2.517613888,2.373068453,2.599753986,0.060374454,2.394545856,0.265582584,0.000220527,0.000186347,0.000332417,0.00037759,0.00157546,0.001881548,0.001978565,0.001929323,0.000278637,0.000288029,0.000366425,0.000352914,,,,,Historical
2003-03-01,0.23367217,67.5,70.9,0.311439893,0.205847413,3.142,4.47,1.29,4.572,5.53,0.000796361,0.021336243,0.009648787,0.017637236,0.002918288,0.042467139,0.026821511,-0.033259424,-0.000136009,0.000817256,0.000211465,0.001792226,0.000246129,1.0,6.12e-17,2.662247706,0.281,0.473,0.316,0.799,0.29,0.41,0.27,-0.81,-0.19,-0.41,-0.15,0.0,0.25,0.25,0.25,1.0,0.04,-0.06,-0.16,-0.47,0.035027062,0.029690256,0.010527088,0.010434996,0.017616508,0.017621221,0.023326572,0.029915854,0.033078139,0.029954851,-0.032116788,-0.03181372,0.000221602,0.000819233,-0.000955242,0.000467644,-0.000603652,0.000443304,-0.000315087,0.001132343,0.000648621,0.000168635,0.030329014,-0.036843501,0.060541075,0.014625818,0.354758119,-0.351815062,0.107194873,-0.131226333,-0.246325073,0.201327434,2.536308957,2.394052966,2.514304,0.147943706,2.437906874,0.224340833,0.000300772,0.000224519,0.000305209,0.000370148,0.001571071,0.001852445,0.001947005,0.001947753,0.000301398,0.000251921,0.000333338,0.000348308,,,,,Historical
2003-04-01,0.145239783,67.5,71.1,0.310185732,0.205745246,3.241,4.18,1.25,4.822,5.64,0.00891307,0.019829534,0.009492369,0.01766361,-0.006789525,0.029145729,0.027037882,-0.03003337,-5.86e-05,0.000796112,0.000374379,0.001859813,0.000303722,0.866025404,-0.5,2.686082569,0.099,0.428,0.436,0.831,-0.29,-0.09,-0.16,-0.87,-0.04,-0.26,-0.52,-0.18,0.25,0.5,0.5,1.0,0.11,0.18,-0.06,-0.56,0.035096052,0.02911455,0.010337798,0.010304872,0.01760841,0.017621742,0.031600408,0.03089613,0.032593225,0.03031177,-0.033991228,-0.032414327,0.000181138,0.001539304,-0.001597856,0.000427022,-0.000485574,0.000448091,-0.001095174,0.001891286,0.000738665,5.74e-05,0.000796361,0.022614905,-0.010644753,0.010098939,0.17116513,0.226804124,0.076164167,-0.081031308,-0.095707537,0.327437936,2.55424335,2.415504957,2.58066055,0.105422018,2.470869855,0.215212713,0.000409337,0.000319423,0.000280691,0.000367235,0.001725511,0.001899995,0.001909763,0.001958945,0.000254064,0.000266822,0.000314606,0.000352446,,,,,Historical
2003-05-01,0.172919798,67.5,72.5,0.309219615,0.206365852,3.197,3.72,1.33,4.822,5.3,0.019174045,0.017672252,0.009338839,0.017689906,0.000976563,0.028084253,0.023988705,-0.026785714,-6.66e-05,0.000761489,0.000409816,0.002011452,0.000255215,0.5,-0.866025404,2.738082569,-0.044,0.336,0.463,0.575,-0.46,-0.46,-0.67,-1.18,0.08,-0.15,-0.38,-0.01,0.0,0.5,0.5,1.0,-0.34,-0.19,-0.37,-0.9,0.031485165,0.028132567,0.010212579,0.010166042,0.017600336,0.01762514,0.044238683,0.032306802,0.032327759,0.030099063,-0.035871157,-0.03259035,0.000169387,0.00092871,-0.0009953,7.44e-05,-0.000141014,0.00043569,-0.000443178,0.001204666,0.000910297,-0.000148808,0.00891307,0.030329014,0.01965046,0.00237056,0.045949041,0.354758119,-0.016990588,-0.106832906,-0.131226333,0.074415498,2.575331332,2.436899423,2.66012844,0.077954128,2.485026786,0.253055783,0.000469095,0.00031006,0.000291329,0.000362295,0.00183871,0.001939993,0.001902285,0.00197334,0.000351717,0.000264737,0.000295282,0.000344404,,,,,Historical
2003-06-01,0.200599813,67.5,73.7,0.308253497,0.206986458,3.127,3.55,1.32,4.822,4.82,-0.011450764,0.015527334,0.009185656,0.017716126,0.0,0.026026026,0.022323237,-0.023516237,-7.46e-05,0.000726959,0.000441064,0.002141202,0.000308132,1.22e-16,-1.0,2.706908257,-0.07,-0.015,0.458,0.389,-0.17,-0.92,-0.51,-1.12,-0.01,0.03,-0.38,-0.21,0.0,0.25,0.5,0.75,-0.48,-0.71,-0.77,-1.36,0.027909136,0.026745441,0.010087468,0.010018528,0.017592285,0.017631405,0.03798768,0.033462467,0.03173979,0.0295855,-0.037756598,-0.032339523,0.000186247,0.000318471,-0.000393077,-0.000276935,0.000202329,0.00040616,0.00020844,0.000518519,0.001081326,-0.000354367,0.019174045,0.000796361,-0.036843501,0.001346449,0.098261941,0.17116513,-0.175951256,-0.002113902,-0.081031308,-0.076505017,2.592845803,2.45564766,2.662247706,0.04466055,2.496734602,0.210173654,0.000468828,0.000324622,0.000305507,0.000359981,0.002012261,0.001990448,0.001923895,0.001984085,0.000289692,0.000270483,0.000280403,0.000345941,,,,,Historical
2003-07-01,0.228279828,67.6,73.8,0.30728738,0.207607064,2.808,3.76,1.93,4.572,4.91,-0.017687957,0.013394675,0.00903282,0.01774227,0.00097561,0.020895522,0.021792585,-0.020224719,-8.26e-05,0.000692523,0.000405342,0.00223978,0.000303395,-0.5,-0.866025404,2.659449541,-0.319,-0.433,-0.005,-0.041,0.21,-0.42,-0.51,-0.54,0.61,0.68,0.42,0.02,-0.25,-0.25,0.25,0.25,0.09,-0.73,-0.55,-1.19,0.024367464,0.024954302,0.009962464,0.009862347,0.017584258,0.01764053,0.045081967,0.033425305,0.028761468,0.028764854,-0.039647577,-0.03165956,0.000231619,-0.000291414,0.000208813,-0.000627063,0.000544462,0.000359557,0.00085968,-0.000167157,0.001251756,-0.000559233,-0.011450764,0.00891307,0.022614905,-0.015731385,0.000996885,0.045949041,-0.135808058,0.212162366,-0.106832906,-0.013776477,2.608962478,2.475448232,2.686082569,-0.026633028,2.466049438,0.193400103,0.000446151,0.000234822,0.000341315,0.000356581,0.002078024,0.001954598,0.001979322,0.001997564,0.000377049,0.000267554,0.000282488,0.000339803,,,,,Historical
2003-08-01,0.381327552,67.5,73.6,0.305865253,0.207919191,2.7,3.97,1.78,4.572,5.07,-0.015694477,0.013860642,0.009047429,0.017768338,0.002923977,0.019821606,0.019559182,-0.016910936,0.000557734,3.89e-05,0.000357714,0.002258665,0.000332875,-0.866025404,-0.5,2.618036697,-0.108,-0.497,-0.161,-0.296,0.21,0.25,-0.21,-0.52,-0.15,0.45,0.3,0.17,0.0,-0.25,0.25,0.25,0.16,-0.23,-0.42,-0.74,0.022848874,0.023196203,0.009805485,0.009723232,0.017610786,0.017652506,0.046843177,0.032959897,0.03185727,0.027656729,-0.036464088,-0.030548153,0.000270004,-0.000213629,0.000771363,9.71e-05,0.00046062,0.00032386,0.000838446,-0.00079959,0.00046722,-0.000428365,-0.017687957,0.019174045,0.030329014,-0.030322285,0.006348811,0.098261941,-0.05395495,0.411559281,-0.002113902,-0.073053892,2.627091617,2.494346506,2.738082569,-0.120045872,2.400487035,0.217549662,0.000442395,0.000352352,0.00036663,0.000349524,0.002054911,0.001778207,0.002050523,0.002014544,0.000462495,0.000526947,0.000291578,0.000329001,,,,,Historical
2003-09-01,0.534375275,67.6,72.4,0.304443127,0.208231318,2.597,3.86,1.62,4.322,5.17,0.041298742,0.014324909,0.009062009,0.017794331,0.001943635,0.021803766,0.020701946,-0.013574661,0.001196452,-0.000613162,0.000345802,0.002304127,0.000296808,-1.0,-1.84e-16,2.728422018,-0.103,-0.53,-0.545,-0.229,-0.11,0.31,-0.61,-0.34,-0.16,0.3,0.33,0.18,-0.25,-0.5,-0.25,0.0,0.1,0.35,-0.36,-0.52,0.021336243,0.021471023,0.009648787,0.009601142,0.017637236,0.017667324,0.042467139,0.032832996,0.026821511,0.02662538,-0.033259424,-0.029002976,0.000301439,-0.000136009,0.001332461,0.000819233,0.000377219,0.000299021,0.000817256,-0.001430418,-0.000315087,-0.000298075,-0.015694477,-0.011450764,0.000796361,0.060541075,-0.189881247,0.000996885,0.078995939,0.208748616,0.212162366,0.164309898,2.641213512,2.518421267,2.706908257,0.021513761,2.558959276,0.169462742,0.000374715,0.000277092,0.000389019,0.000347114,0.001981585,0.001652232,0.00213584,0.002041422,0.000444651,0.000400267,0.000300025,0.000316681,,,,,Historical
2003-10-01,0.687422999,67.6,72.5,0.303021,0.208543445,2.651,4.07,1.71,4.322,5.03,0.024728861,0.014787485,0.009076561,0.017820248,-0.002909796,0.015810277,0.019932281,-0.010215664,0.00183356,-0.001263536,0.000404567,0.002331997,0.0003729,-0.866025404,0.5,2.796733945,0.054,-0.157,-0.59,-0.154,0.21,0.31,-0.11,-0.27,0.09,-0.22,0.46,-0.06,0.0,-0.25,-0.5,0.0,-0.14,0.12,-0.61,-0.67,0.019829534,0.019778643,0.009492369,0.009496039,0.01766361,0.017684978,0.029145729,0.031517152,0.027037882,0.025570301,-0.03003337,-0.027021679,0.000325961,-5.86e-05,0.001892112,0.001539304,0.000294256,0.00028499,0.000796112,-0.002059647,-0.001095174,-0.000168361,0.041298742,-0.017687957,0.00891307,-0.010644753,0.030844404,0.006348811,0.104173794,0.154806705,0.411559281,0.194927805,2.662567523,2.543037009,2.659449541,0.137284404,2.540485812,0.256248133,0.000521488,0.000426176,0.000394051,0.000337371,0.002083264,0.001559422,0.002214537,0.00206215,0.000416116,0.000516373,0.000311554,0.00031308,,,,,Historical
2003-11-01,0.700664578,67.6,72.3,0.301287877,0.208682156,2.714,4.07,1.61,4.322,5.22,-0.010658747,0.015856997,0.009188694,0.01784609,0.002918288,0.015763547,0.019260437,-0.006833713,0.001272159,-0.00068968,0.000356339,0.002334245,0.000350664,-0.5,0.866025404,2.767082569,0.063,0.014,-0.483,-0.02,0.0,0.1,0.35,-0.32,-0.1,-0.17,0.28,-0.1,0.0,-0.25,-0.5,0.0,0.19,0.15,-0.08,-0.45,0.017672252,0.018476296,0.009338839,0.009410715,0.017689906,0.017705457,0.028084253,0.029144224,0.023988705,0.024481358,-0.026785714,-0.024601892,0.000354581,-6.66e-05,0.001338749,0.00092871,0.000343449,0.000264448,0.000761489,-0.001451169,-0.000443178,-0.000246503,0.024728861,-0.015694477,0.019174045,0.01965046,0.070508073,-0.189881247,-0.142215337,0.119597211,0.208748616,-0.038548359,2.676511572,2.563915206,2.618036697,0.149045872,2.599753986,0.167328582,0.000345987,0.000382729,0.000385138,0.000338234,0.002056323,0.00165982,0.002268336,0.00208531,0.000371157,0.000280066,0.000327462,0.000311372,,,,,Historical
2003-12-01,0.713906157,67.7,72.2,0.299554754,0.208820868,2.59,3.91,1.7,4.322,5.2,-0.05681015,0.01692359,0.009300758,0.017871858,0.000969932,0.020771513,0.016775146,-0.003428571,0.000711166,-0.000116242,0.000299145,0.00226585,0.00036371,-2.45e-16,1.0,2.614266055,-0.124,-0.007,-0.537,-0.079,-0.16,0.05,0.36,-0.15,0.09,0.08,0.38,0.0,0.0,0.0,-0.5,0.0,-0.02,0.03,0.38,-0.39,0.015527334,0.017560833,0.009185656,0.009345156,0.017716126,0.017728755,0.026026026,0.027709543,0.022323237,0.023234304,-0.023516237,-0.021741223,0.000387306,-7.46e-05,0.000785772,0.000318471,0.000392695,0.000237392,0.000726959,-0.000843201,0.00020844,-0.000324682,-0.010658747,0.041298742,-0.011450764,-0.036843501,-0.190950602,0.030844404,-0.351815062,0.055986997,0.154806705,-0.246325073,2.684841743,2.579153808,2.728422018,-0.114155963,2.514304,0.099962055,0.000355995,0.000277354,0.000361485,0.000333496,0.002011537,0.00165364,0.002289111,0.002106503,0.000397404,0.000281127,0.000336725,0.000308564,,,,,Historical
2004-01-01,0.727147736,67.6,70.8,0.297821631,0.208959579,2.26,3.71,1.97,4.072,4.98,0.037991018,0.017987276,0.009412754,0.017897552,0.000968992,0.012745098,0.016246949,0.0,0.00015058,0.00045678,0.000166532,0.002068715,0.000364794,0.5,0.866025404,2.715495413,-0.33,-0.391,-0.548,-0.553,-0.2,-0.36,-0.05,-0.56,0.27,0.26,0.04,0.46,-0.25,-0.25,-0.5,-0.25,-0.22,-0.05,0.07,-0.48,0.013394675,0.017029151,0.00903282,0.009299347,0.01774227,0.017754863,0.020895522,0.025014804,0.021792585,0.022191428,-0.020224719,-0.018437258,0.000424139,-8.26e-05,0.000233181,-0.000291414,0.000441994,0.000203817,0.000692523,-0.000235743,0.00085968,-0.0004029,-0.05681015,0.024728861,-0.017687957,0.022614905,-0.282709082,0.070508073,0.226804124,0.168570632,0.119597211,-0.095707537,2.696077982,2.595779994,2.796733945,-0.081238532,2.58066055,0.134834862,0.000190496,0.000234457,0.000321683,0.000331499,0.001907221,0.001637011,0.0022606,0.002119961,0.000290887,0.000248064,0.000346959,0.000314723,,,,,Historical
2004-02-01,0.879718597,67.6,70.9,0.295319029,0.2082934,2.133,3.47,2.02,4.072,4.71,0.046882064,0.021513303,0.009395759,0.017870898,0.001936108,0.006809339,0.012835874,-0.000764526,0.000193169,0.000477361,0.000227839,0.002017254,0.000275062,0.866025404,0.5,2.848012242,-0.127,-0.581,-0.567,-0.728,-0.24,-0.6,-0.5,-0.71,0.05,0.41,0.24,0.54,0.0,-0.25,-0.5,-0.25,-0.27,-0.51,-0.36,-0.78,0.013860642,0.016917853,0.009047429,0.009265203,0.017768338,0.017776539,0.019821606,0.021678651,0.019559182,0.020606311,-0.016910936,-0.015462295,0.000458039,0.000557734,-0.000364564,-0.000213629,0.000406798,0.000173726,3.89e-05,0.000438506,0.000838446,-0.000361084,0.037991018,-0.010658747,-0.015694477,0.030329014,0.014783023,-0.190950602,0.354758119,-0.033386328,0.055986997,-0.131226333,2.711734965,2.614674427,2.767082569,0.080929673,2.66012844,0.187883801,0.000205823,0.000220527,0.000300037,0.000333334,0.001831459,0.00157546,0.002220365,0.002135444,0.000278334,0.000278637,0.000337323,0.00031445,,,,,Historical
2004-03-01,1.032289457,67.5,71.0,0.292816426,0.207627222,1.99,3.35,1.9,3.822,4.51,-0.00985185,0.02503592,0.009378788,0.017844324,0.003864734,0.007759457,0.013932734,-0.001529052,0.000235675,0.000497903,0.000293804,0.002034861,0.000273048,1.0,6.12e-17,2.822251149,-0.143,-0.6,-0.607,-1.152,-0.12,-0.56,-0.51,-1.12,-0.12,0.2,0.28,0.61,-0.25,-0.5,-0.5,-0.75,-0.2,-0.69,-0.66,-1.02,0.014324909,0.01722616,0.009062009,0.009242703,0.017794331,0.017793796,0.021803766,0.018786344,0.020701946,0.019532247,-0.013574661,-0.012818097,0.000489012,0.001196452,-0.000960777,-0.000136009,0.000371684,0.000147114,-0.000613162,0.001111065,0.000817256,-0.000319354,0.046882064,-0.05681015,0.041298742,0.000796361,0.42387218,-0.282709082,0.17116513,0.015926236,0.168570632,-0.081031308,2.725068585,2.630688771,2.614266055,0.207985093,2.662247706,0.160003442,0.000211465,0.000300772,0.000291371,0.000340195,0.001792226,0.001571071,0.002175487,0.002155663,0.000246129,0.000301398,0.000333363,0.000316694,,,,,Historical
2004-04-01,1.184860318,67.6,71.5,0.290313824,0.206961043,1.944,3.81,1.87,3.572,4.76,0.044496633,0.028555132,0.009361843,0.017817828,0.001924928,0.016601562,0.014031096,-0.002293578,0.000278097,0.000518403,0.000325972,0.002074551,0.000282912,0.866025404,-0.5,2.952928736,-0.046,-0.316,-0.707,-1.297,0.46,0.1,-0.26,-0.37,-0.03,-0.1,0.16,0.62,-0.25,-0.5,-0.75,-1.25,0.25,-0.22,-0.27,-0.88,0.014787485,0.017953293,0.009076561,0.009231826,0.017820248,0.017806648,0.015810277,0.017740997,0.019932281,0.018448348,-0.010215664,-0.010506448,0.000517066,0.00183356,-0.001555463,-5.86e-05,0.000336649,0.000123971,-0.001263536,0.001781939,0.000796112,-0.000277708,-0.00985185,0.037991018,0.024728861,0.00891307,0.497689769,0.014783023,0.045949041,0.299169768,-0.033386328,-0.106832906,2.747305766,2.650774558,2.715495413,0.237433323,2.686082569,0.266846167,0.000374379,0.000409337,0.000278272,0.000336161,0.001859813,0.001725511,0.00213258,0.002173558,0.000303722,0.000254064,0.000318365,0.00031496,,,,,Historical
2004-05-01,1.18401961,67.5,73.1,0.287636731,0.20579774,2.018,3.96,1.69,3.572,5.02,0.013516394,0.03182365,0.009363049,0.017791411,0.008645533,0.024390244,0.012373147,-0.003058104,0.000132032,0.000593187,0.000455696,0.00226522,0.000261402,0.5,-0.866025404,2.995407975,0.074,-0.115,-0.696,-1.179,0.15,0.49,-0.11,0.24,-0.18,-0.33,0.08,0.36,0.0,-0.5,-0.75,-1.25,0.26,0.31,-0.2,-0.28,0.015856997,0.019132576,0.009188694,0.009233843,0.01784609,0.017815106,0.015763547,0.017433163,0.019260437,0.017480384,-0.006833713,-0.008529147,0.000533618,0.001272159,-0.001140127,-6.66e-05,0.000198622,0.000109946,-0.00068968,0.001282867,0.000761489,-0.000168302,0.044496633,0.046882064,-0.010658747,0.019174045,0.010136624,0.42387218,0.098261941,0.254687286,0.015926236,-0.002113902,2.76874955,2.672040441,2.848012242,0.147395734,2.738082569,0.257325407,0.000409816,0.000469095,0.000294831,0.000339985,0.002011452,0.00183871,0.002121075,0.002194706,0.000255215,0.000351717,0.000303488,0.000315475,,,,,Historical
2004-06-01,1.183178903,67.6,74.2,0.284959637,0.204634437,2.042,4.07,1.61,3.572,5.26,-0.028010697,0.035087202,0.009364252,0.017765072,0.000952381,0.025365854,0.014864657,-0.00382263,-1.36e-05,0.00066777,0.00036816,0.002357225,0.000271856,1.22e-16,-1.0,2.914904068,0.024,0.052,-0.548,-1.085,0.11,0.72,0.16,0.52,-0.08,-0.29,-0.09,0.29,0.0,-0.25,-0.75,-1.25,0.24,0.75,0.06,0.44,0.01692359,0.020762565,0.009300758,0.009248726,0.017871858,0.017819185,0.020771513,0.017378149,0.016775146,0.016858836,-0.003428571,-0.006888013,0.000538699,0.000711166,-0.000724807,-7.46e-05,6.1e-05,0.000105013,-0.000116242,0.000784012,0.000726959,-5.92e-05,0.013516394,-0.00985185,-0.05681015,-0.011450764,0.002726876,0.497689769,0.000996885,0.145545171,0.299169768,0.212162366,2.786082534,2.689464169,2.822251149,0.092652919,2.706908257,0.207995811,0.000441064,0.000468828,0.000306334,0.000333909,0.002141202,0.002012261,0.002136304,0.002212708,0.000308132,0.000289692,0.000288179,0.000312452,,,,,Historical
2004-07-01,1.182338195,67.4,74.1,0.282282544,0.203471134,2.084,4.07,1.57,3.572,5.3,-0.013012802,0.038345798,0.009365454,0.017738811,-0.000951475,0.023391813,0.011436559,-0.004587156,-0.000158923,0.000742152,0.000410698,0.002367625,0.000394871,-0.5,-0.866025404,2.879428571,0.042,0.14,-0.176,-0.724,0.0,0.26,0.36,0.31,-0.04,-0.3,-0.4,-0.36,0.0,0.0,-0.5,-1.0,0.04,0.54,0.32,0.39,0.017987276,0.022841825,0.009412754,0.009276446,0.017897552,0.017818897,0.012745098,0.017586173,0.016246949,0.015995834,0.0,-0.005584883,0.000532338,0.00015058,-0.000309503,-8.26e-05,-7.63e-05,0.000109149,0.00045678,0.000285372,0.000692523,4.96e-05,-0.028010697,0.044496633,0.037991018,-0.017687957,0.00891983,0.010136624,0.006348811,0.154612225,0.254687286,0.411559281,2.80441412,2.706688299,2.952928736,-0.073500164,2.659449541,0.21997903,0.000405342,0.000446151,0.000347028,0.000334356,0.00223978,0.002078024,0.002186123,0.002223361,0.000303395,0.000377049,0.000293192,0.000320075,,,,,Historical
2004-08-01,1.02879323,67.3,73.8,0.280710777,0.203112594,2.14,3.83,1.65,3.572,5.17,-0.025641391,0.038464176,0.009416417,0.017712628,-0.001904762,0.018464529,0.010579173,-0.005351682,0.000460923,6.67e-05,0.000389097,0.002401,0.000352088,-0.866025404,-0.5,2.808691776,0.056,0.122,0.007,-0.56,-0.24,-0.13,0.36,-0.14,0.08,-0.04,-0.37,-0.13,0.0,0.0,-0.5,-1.0,-0.13,0.15,0.46,0.1,0.021513303,0.02489212,0.009395759,0.009307195,0.017870898,0.017814254,0.006809339,0.017473083,0.012835874,0.0152475,-0.000764526,-0.004621611,0.000524271,0.000193169,0.000267753,0.000557734,-9.68e-05,0.000111469,0.000477361,-0.000410668,3.89e-05,2.78e-05,-0.013012802,0.013516394,0.046882064,-0.015694477,-0.209811321,0.002726876,-0.189881247,-0.093394359,0.145545171,0.208748616,2.820302043,2.72369683,2.995407975,-0.1867162,2.618036697,0.190655078,0.000357714,0.000442395,0.000373905,0.000336971,0.002258665,0.002054911,0.00225008,0.002235223,0.000332875,0.000462495,0.00030603,0.000321676,,,,,Historical
2004-09-01,0.875248266,67.4,72.7,0.279139011,0.202754055,2.412,4.0,1.3,3.822,5.14,0.052463183,0.038582014,0.009467281,0.017686522,0.001908397,0.01842871,0.009441449,-0.006116208,0.001079228,-0.000607088,0.000321814,0.002385937,0.00032481,-1.0,-1.84e-16,2.962255385,0.272,0.37,0.422,-0.185,0.17,-0.07,0.65,0.14,-0.35,-0.31,-0.6,-0.32,0.25,0.25,0.0,-0.5,-0.03,-0.12,0.63,-0.03,0.02503592,0.026913545,0.009378788,0.009340968,0.017844324,0.01780527,0.007759457,0.017191828,0.013932734,0.014309125,-0.001529052,-0.004000074,0.000514502,0.000235675,0.000843553,0.001196452,-0.000117224,0.000111975,0.000497903,-0.00110499,-0.000613162,6.07e-06,-0.025641391,-0.028010697,-0.00985185,0.041298742,-0.079956338,0.00891983,0.030844404,0.029622843,0.154612225,0.154806705,2.839788157,2.740500835,2.914904068,0.047351317,2.728422018,0.233833366,0.000345802,0.000374715,0.000378573,0.000334972,0.002304127,0.001981585,0.002308593,0.00224204,0.000296808,0.000444651,0.000314657,0.00032401,,,,,Historical
2004-10-01,0.721703301,67.4,72.8,0.277567244,0.202395515,2.583,3.94,1.29,4.072,5.15,0.01024305,0.038699316,0.009518044,0.017660492,0.001904762,0.023346304,0.01082901,-0.006880734,0.001696,-0.001279197,0.000364035,0.002409814,0.000335511,-0.866025404,0.5,2.995057737,0.171,0.499,0.639,-0.068,-0.06,-0.13,0.13,-0.13,-0.01,-0.28,-0.58,-0.42,0.25,0.5,0.5,-0.25,0.01,-0.15,0.39,0.12,0.028555132,0.028906198,0.009361843,0.009377758,0.017817828,0.017791957,0.016601562,0.017819831,0.014031096,0.013550519,-0.002293578,-0.003722163,0.000503039,0.000278097,0.001417902,0.00183356,-0.000137561,0.00011067,0.000518403,-0.0017976,-0.001263536,-1.57e-05,0.052463183,-0.013012802,0.044496633,0.024728861,-0.022986801,-0.209811321,0.070508073,-0.024144571,-0.093394359,0.119597211,2.856315139,2.759441331,2.879428571,0.115629165,2.796733945,0.198323792,0.000404567,0.000521488,0.000384917,0.000331594,0.002331997,0.002083264,0.00236447,0.002248525,0.0003729,0.000416116,0.000323423,0.000320894,,,,,Historical
2004-11-01,0.597873686,67.5,72.4,0.276440036,0.202421749,2.556,3.85,1.27,4.072,5.07,-0.016726876,0.037397404,0.009484923,0.017634539,0.003802281,0.024248303,0.011944501,-0.00764526,0.001257402,-0.00078453,0.000275869,0.002315307,0.000367095,-0.5,0.866025404,2.947645609,-0.027,0.416,0.538,-0.158,-0.09,0.02,-0.11,-0.22,-0.02,-0.38,-0.42,-0.34,0.0,0.5,0.5,-0.25,-0.08,-0.1,0.05,-0.15,0.03182365,0.030701232,0.009363049,0.009402444,0.017791411,0.017774328,0.024390244,0.018526894,0.012373147,0.012940858,-0.003058104,-0.003789792,0.000501809,0.000132032,0.00112537,0.001272159,-1.48e-05,0.000102766,0.000593187,-0.001377717,-0.00068968,-9.48e-05,0.01024305,-0.025641391,0.013516394,-0.010658747,0.011839709,-0.079956338,-0.190950602,-0.077625571,0.029622843,0.055986997,2.871362059,2.773936816,2.808691776,0.138953833,2.767082569,0.18056304,0.000356339,0.000345987,0.000354946,0.000324888,0.002334245,0.002056323,0.002372818,0.002246947,0.000350664,0.000371157,0.000341039,0.000322263,,,,,Historical
2004-12-01,0.474044071,67.5,72.1,0.275312828,0.202447983,2.477,3.74,1.34,4.072,4.89,-0.009694402,0.036101772,0.009451829,0.017608663,-0.001893939,0.021317829,0.010401537,-0.008409786,0.000819012,-0.000290097,0.000223957,0.002195415,0.00034051,-2.45e-16,1.0,2.921458751,-0.079,0.065,0.435,-0.113,-0.11,-0.26,-0.33,-0.17,0.07,0.04,-0.27,-0.36,0.0,0.25,0.5,-0.25,-0.18,-0.25,-0.37,-0.31,0.035087202,0.032299413,0.009364252,0.009415033,0.017765072,0.017752395,0.025365854,0.01857242,0.014864657,0.012409724,-0.00382263,-0.004204893,0.000510796,-1.36e-05,0.000832653,0.000711166,0.000107846,8.83e-05,0.00066777,-0.000957867,-0.000116242,-0.000173855,-0.016726876,0.052463183,-0.028010697,-0.05681015,-0.054755476,-0.022986801,-0.282709082,0.077646656,-0.024144571,0.168570632,2.896961451,2.790901597,2.962255385,-0.040796634,2.614266055,0.307192696,0.000299145,0.000355995,0.000330912,0.000318623,0.00226585,0.002011537,0.00234585,0.002241077,0.00036371,0.000397404,0.000352481,0.00032033,,,,,Historical
2005-01-01,0.350214456,67.3,70.9,0.27418562,0.202474217,2.437,3.52,1.4,4.072,4.8,0.023103162,0.034812376,0.009418763,0.017582862,-0.000948767,0.019361084,0.00915061,-0.009174312,0.00038083,0.000204102,0.000175968,0.002052234,0.000315392,0.5,0.866025404,2.992046296,-0.04,-0.146,0.353,0.177,-0.22,-0.42,-0.55,-0.19,0.06,0.11,-0.17,-0.57,0.0,0.0,0.5,0.0,-0.09,-0.35,-0.5,-0.18,0.038345798,0.033701505,0.009365454,0.009415534,0.017738811,0.017726171,0.023391813,0.019123752,0.011436559,0.011818362,-0.004587156,-0.004969419,0.000529984,-0.000158923,0.000539753,0.00015058,0.00023025,6.72e-05,0.000742152,-0.00053805,0.00045678,-0.000252678,-0.009694402,0.01024305,-0.013012802,0.037991018,-0.328360578,0.011839709,0.014783023,0.009060563,-0.077625571,-0.033386328,2.920007358,2.80804267,2.995057737,-0.00301144,2.715495413,0.276550883,0.000166532,0.000190496,0.00029179,0.000319409,0.002068715,0.001907221,0.002293285,0.002239704,0.000364794,0.000290887,0.000339234,0.000316213,,,,,Historical
2005-02-01,0.474389629,67.4,71.1,0.271751842,0.2018048,2.464,3.63,1.34,4.072,4.79,0.033866272,0.033224621,0.00937607,0.017624405,0.00379867,0.021256039,0.010482917,-0.009869931,0.00042147,0.00026045,0.000152105,0.001905373,0.000295285,0.866025404,0.5,3.099655359,0.027,-0.092,0.324,0.331,0.11,-0.22,-0.2,0.16,-0.06,0.07,-0.31,-0.68,0.0,0.0,0.5,0.0,-0.01,-0.28,-0.38,0.08,0.038464176,0.034677448,0.009416417,0.009413893,0.017712628,0.01770563,0.018464529,0.020327644,0.010579173,0.011622283,-0.005351682,-0.005728203,0.000549009,0.000460923,-3.95e-05,0.000193169,0.0002283,4.91e-05,6.67e-05,0.000193757,0.000477361,-0.000216911,0.023103162,-0.016726876,-0.025641391,0.046882064,-0.018667297,-0.054755476,0.42387218,-0.024201128,0.077646656,0.015926236,2.940977618,2.826356291,2.947645609,0.15200975,2.848012242,0.251643117,0.000227839,0.000205823,0.000252291,0.000313098,0.002017254,0.001831459,0.00221068,0.00223038,0.000275062,0.000278334,0.000329767,0.000317898,,,,,Historical
2005-03-01,0.598564802,67.2,71.1,0.269318065,0.201135382,2.546,3.83,1.03,4.072,4.8,-0.011212225,0.031649309,0.009333439,0.017665827,0.005676443,0.023099134,0.008403951,-0.010566616,0.000462041,0.000316702,0.000178212,0.001779347,0.000300584,1.0,6.12e-17,3.069602229,0.082,0.069,0.134,0.556,0.2,0.09,-0.17,0.48,-0.31,-0.31,-0.27,-0.87,0.0,0.0,0.25,0.25,0.01,-0.09,-0.34,0.29,0.038582014,0.035228564,0.009467281,0.009410114,0.017686522,0.017690755,0.01842871,0.02160595,0.009441449,0.011161551,-0.006116208,-0.006481333,0.000567873,0.001079228,-0.000617188,0.000235675,0.000226366,3.4e-05,-0.000607088,0.00092379,0.000497903,-0.0001812,0.033866272,-0.009694402,0.052463183,-0.00985185,0.485913797,-0.328360578,0.497689769,0.018316832,0.009060563,0.299169768,2.961590208,2.843329396,2.921458751,0.148143478,2.822251149,0.24735108,0.000293804,0.000211465,0.000228358,0.000303465,0.002034861,0.001792226,0.002109582,0.002209087,0.000273048,0.000246129,0.00032573,0.000320193,,,,,Historical
2005-04-01,0.722739975,67.1,71.4,0.266884287,0.200465965,2.461,3.54,1.07,4.072,4.87,0.034161493,0.030086295,0.00929087,0.017707128,0.002822201,0.02401537,0.006994437,-0.011264368,0.000502542,0.000372859,0.000366764,0.001876526,0.000266324,0.866025404,-0.5,3.180953267,-0.085,0.024,-0.122,0.517,-0.29,0.02,-0.4,-0.27,0.04,-0.33,-0.22,-0.8,0.0,0.0,0.0,0.5,0.07,0.07,-0.28,0.11,0.038699316,0.035356161,0.009518044,0.009404199,0.017660492,0.01768153,0.023346304,0.022223768,0.01082901,0.010575162,-0.006880734,-0.007228899,0.000586576,0.001696,-0.001193457,0.000278097,0.000224445,2.19e-05,-0.001279197,0.001652056,0.000518403,-0.000145544,-0.011212225,0.023103162,0.01024305,0.044496633,0.280829687,-0.018667297,0.010136624,-0.129131776,-0.024201128,0.254687286,2.980592252,2.863949009,2.992046296,0.18890697,2.952928736,0.228024531,0.000325972,0.000374379,0.000228812,0.000306865,0.002074551,0.001859813,0.0020207,0.002192585,0.000282912,0.000303722,0.000314198,0.000318811,,,,,Historical
2005-05-01,0.885793694,67.2,73.1,0.264810508,0.200689408,2.451,3.44,1.02,4.072,4.75,0.01290348,0.030187404,0.009366012,0.017748309,0.000938086,0.016190476,0.010316449,-0.01196319,0.000377092,0.000437025,0.000345091,0.001956831,0.000261385,0.5,-0.866025404,3.227016455,-0.01,-0.013,-0.105,0.433,-0.1,-0.19,-0.41,-0.52,-0.05,-0.32,-0.25,-0.67,0.0,0.0,0.0,0.5,-0.12,-0.04,-0.32,-0.27,0.037397404,0.035219807,0.009484923,0.009404446,0.017634539,0.017677938,0.024248303,0.021540454,0.011944501,0.010403771,-0.00764526,-0.007970989,0.000606998,0.001257402,-0.00088031,0.000132032,0.00024506,8.9e-06,-0.00078453,0.001221555,0.000593187,-0.000156162,0.034161493,0.033866272,-0.016726876,0.013516394,0.117661943,0.485913797,0.002726876,-0.036431065,0.018316832,0.145545171,2.999892958,2.884321254,3.099655359,0.127361096,2.995407975,0.231608479,0.000455696,0.000409816,0.000240349,0.000297647,0.00226522,0.002011452,0.001960954,0.002166886,0.000261402,0.000255215,0.00029658,0.000318809,,,,,Historical
2005-06-01,1.048847412,67.1,73.9,0.26273673,0.200912851,2.473,3.2,0.95,4.072,4.51,-0.004074975,0.030287723,0.009441006,0.01778937,0.001874414,0.017126546,0.00662433,-0.012663085,0.000251982,0.000501016,0.000334719,0.002056805,0.000230834,1.22e-16,-1.0,3.21863972,0.022,-0.073,-0.004,0.431,-0.24,-0.63,-0.54,-0.87,-0.07,-0.08,-0.39,-0.66,0.0,0.0,0.0,0.5,-0.24,-0.29,-0.38,-0.75,0.036101772,0.034819851,0.009451829,0.009410842,0.017608663,0.017679963,0.021317829,0.020853845,0.010401537,0.009717077,-0.008409786,-0.008707694,0.000629133,0.000819012,-0.00056703,-1.36e-05,0.000265623,-4.99e-06,-0.000290097,0.000791113,0.00066777,-0.000166753,0.01290348,-0.011212225,-0.009694402,-0.028010697,0.042449626,0.280829687,0.00891983,0.001740455,-0.129131776,0.154612225,3.025204263,2.905643398,3.069602229,0.149037491,2.914904068,0.303735653,0.00036816,0.000441064,0.00025881,0.000294861,0.002357225,0.002141202,0.001937853,0.002141851,0.000271856,0.000308132,0.000278301,0.000315391,,,,,Historical
2005-07-01,1.211901131,67.1,73.9,0.260662951,0.201136294,2.581,3.37,0.87,4.072,4.46,-0.056731135,0.03038726,0.009515853,0.017830312,0.001870907,0.02,0.008887178,-0.013364055,0.000127213,0.000564834,0.000277138,0.002063576,0.000266903,-0.5,-0.866025404,3.04562354,0.108,0.12,0.144,0.497,0.17,-0.17,-0.15,-0.7,-0.08,-0.2,-0.53,-0.7,0.0,0.0,0.0,0.5,-0.05,-0.41,-0.34,-0.84,0.034812376,0.034156639,0.009418763,0.009423376,0.017582862,0.017687588,0.019361084,0.020571194,0.00915061,0.009504629,-0.009174312,-0.009439102,0.000652978,0.00038083,-0.000253617,-0.000158923,0.000286136,-1.98e-05,0.000204102,0.000360732,0.000742152,-0.000177319,-0.004074975,0.034161493,0.023103162,-0.013012802,-0.006081008,0.117661943,-0.209811321,-0.013153639,-0.036431065,-0.093394359,3.039053844,2.921733982,3.180953267,-0.135329726,2.879428571,0.166194969,0.000410698,0.000405342,0.000275671,0.000283731,0.002367625,0.00223978,0.001939743,0.002116514,0.000394871,0.000303395,0.000270219,0.000304727,,,,,Historical
2005-08-01,1.13898197,67.2,73.8,0.258582702,0.201311127,2.758,3.35,0.81,4.072,4.52,-0.008560185,0.031317319,0.009622542,0.017871134,0.003734827,0.025763359,0.011792288,-0.014066103,0.00076565,-0.00013953,0.000249603,0.002027089,0.000282228,-0.866025404,-0.5,3.024136587,0.177,0.307,0.294,0.618,-0.02,-0.09,-0.28,-0.48,-0.06,-0.21,-0.53,-0.84,0.0,0.0,0.0,0.5,0.06,-0.23,-0.27,-0.65,0.033224621,0.033561068,0.00937607,0.009440553,0.017624405,0.017700797,0.021256039,0.021179429,0.010482917,0.009605722,-0.009869931,-0.010165304,0.000678372,0.00042147,0.00034418,0.000460923,0.000304727,-3.7e-05,0.00026045,-0.00039998,6.67e-05,-0.000206223,-0.056731135,0.01290348,0.033866272,-0.025641391,-0.192942205,0.042449626,-0.079956338,0.007913767,0.001740455,0.029622843,3.057007578,2.93865481,3.227016455,-0.202879868,2.808691776,0.215444811,0.000389097,0.000357714,0.000291921,0.000272106,0.002401,0.002258665,0.001960029,0.002085355,0.000352088,0.000332875,0.000268043,0.000298905,,,,,Historical
2005-09-01,1.066062809,67.1,72.6,0.256502452,0.201485959,2.813,3.58,0.64,4.322,4.5,0.045394039,0.032242923,0.00972901,0.017911839,0.008372093,0.032380952,0.009388086,-0.014769231,0.00140237,-0.000842001,0.00027337,0.001963629,0.000333813,-1.0,-1.84e-16,3.16927233,0.055,0.34,0.267,0.401,0.23,0.38,-0.25,-0.42,-0.17,-0.31,-0.39,-0.66,0.25,0.25,0.25,0.5,-0.02,-0.01,-0.3,-0.64,0.031649309,0.03303281,0.009333439,0.009462363,0.017665827,0.017719573,0.023099134,0.022342116,0.008403951,0.009601275,-0.010566616,-0.010886389,0.0007053,0.000462041,0.00094033,0.001079228,0.000323142,-5.65e-05,0.000316702,-0.001158703,-0.000607088,-0.000234913,-0.008560185,-0.004074975,-0.011212225,0.052463183,0.015026398,-0.006081008,-0.022986801,0.111967967,-0.013153639,-0.024144571,3.07425899,2.957023573,3.21863972,-0.04936739,2.962255385,0.207016945,0.000321814,0.000345802,0.000307781,0.000268069,0.002385937,0.002304127,0.001990743,0.002050162,0.00032481,0.000296808,0.000273581,0.000299655,,,,,Historical
2005-10-01,0.993143648,67.2,72.8,0.254422203,0.201660792,3.025,3.86,0.56,4.572,4.59,0.012290137,0.033164107,0.009835257,0.017952426,-0.004612546,0.025665399,0.009829452,-0.015473441,0.002037381,-0.001542585,0.000265909,0.00197482,0.0002518,-0.866025404,0.5,3.21323012,0.212,0.444,0.564,0.442,0.28,0.49,0.32,-0.08,-0.08,-0.31,-0.51,-0.73,0.25,0.5,0.5,0.5,0.09,0.13,-0.28,-0.56,0.030086295,0.032571543,0.00929087,0.009488798,0.017707128,0.017743901,0.02401537,0.022535374,0.006994437,0.009517978,-0.011264368,-0.011602448,0.000733749,0.000502542,0.001534839,0.001696,0.000341381,-7.85e-05,0.000372859,-0.001915444,-0.001279197,-0.000263388,0.045394039,-0.056731135,0.034161493,0.01024305,-0.022939451,-0.192942205,0.011839709,0.112021858,0.007913767,-0.077625571,3.092440022,2.974377581,3.04562354,0.167606579,2.995057737,0.218172383,0.000364035,0.000404567,0.000290971,0.000259892,0.002409814,0.002331997,0.002007125,0.002013913,0.000335511,0.0003729,0.00027116,0.000292679,,,,,Historical
2005-11-01,0.783244456,67.0,72.5,0.253296612,0.202628922,3.304,3.89,0.29,4.572,4.76,-0.003724257,0.033209621,0.009881351,0.017992896,-0.001853568,0.019886364,0.005159689,-0.016178737,0.001366906,-0.000889607,0.000225404,0.001917104,0.000279602,-0.5,0.866025404,3.206048551,0.279,0.546,0.853,0.748,0.03,0.54,0.45,0.04,-0.27,-0.52,-0.73,-0.98,0.0,0.5,0.5,0.5,0.17,0.24,0.01,-0.31,0.030187404,0.032222561,0.009366012,0.009521834,0.017748309,0.017773764,0.016190476,0.022171879,0.010316449,0.008952577,-0.01196319,-0.012313571,0.000742874,0.000377092,0.000989814,0.001257402,0.000109504,-8.72e-05,0.000437025,-0.001326632,-0.00078453,-0.000105077,0.012290137,-0.008560185,0.01290348,-0.016726876,-0.020748021,0.015026398,-0.054755476,0.076207621,0.111967967,0.077646656,3.1139736,2.99266783,3.024136587,0.181911964,2.947645609,0.258402943,0.000275869,0.000356339,0.000271024,0.000255687,0.002315307,0.002334245,0.002000504,0.001980729,0.000367095,0.000350664,0.000274197,0.000285388,,,,,Historical
2005-12-01,0.573345264,67.0,72.2,0.252171021,0.203597052,3.395,3.87,0.13,4.822,4.8,-0.041780901,0.03325503,0.00992741,0.018033249,-0.000928505,0.020872865,0.007048458,-0.01688512,0.000696748,-0.000236938,0.000266293,0.001931457,0.00024871,-2.45e-16,1.0,3.079438475,0.091,0.582,0.922,0.918,-0.02,0.29,0.67,0.13,-0.16,-0.51,-0.82,-1.21,0.25,0.5,0.75,0.75,0.04,0.3,0.29,-0.09,0.030287723,0.031985332,0.009441006,0.009561465,0.01778937,0.017809146,0.017126546,0.022134799,0.00662433,0.008673154,-0.012663085,-0.013019849,0.000732685,0.000251982,0.000444765,0.000819012,-0.000122265,-8.28e-05,0.000501016,-0.000737954,-0.000290097,5.32e-05,-0.003724257,0.045394039,-0.004074975,-0.009694402,-0.073599108,-0.022939451,-0.328360578,0.054753214,0.112021858,0.009060563,3.127138577,3.012050014,3.16927233,-0.089833854,2.921458751,0.157979724,0.000223957,0.000299145,0.000259619,0.000259215,0.002195415,0.00226585,0.001979613,0.001958733,0.00034051,0.00036371,0.000277176,0.000277738,,,,,Historical
2006-01-01,0.363446072,67.2,71.0,0.25104543,0.204565182,3.49,3.98,0.28,5.072,4.85,0.016581605,0.033300334,0.009973434,0.018073486,0.005576208,0.027540361,0.012219829,-0.017592593,2.69e-05,0.000415424,0.0001865,0.001890948,0.000224151,0.5,0.866025404,3.135598492,0.095,0.465,0.909,1.053,0.11,0.12,0.61,0.46,0.15,-0.28,-0.59,-1.12,0.25,0.5,1.0,1.0,0.05,0.26,0.39,0.05,0.03038726,0.031859329,0.009515853,0.009607688,0.017830312,0.017850032,0.02,0.022816405,0.008887178,0.008928922,-0.013364055,-0.013721372,0.000703192,0.000127213,-0.000100307,0.00038083,-0.000353924,-6.52e-05,0.000564834,-0.00014941,0.000204102,0.000211322,-0.041780901,0.012290137,-0.056731135,0.023103162,-0.359765272,-0.020748021,-0.018667297,0.005434783,0.076207621,-0.024201128,3.13910126,3.029554309,3.21323012,-0.077631628,2.992046296,0.143552196,0.000175968,0.000166532,0.000244513,0.000260092,0.002052234,0.002068715,0.001950841,0.001945292,0.000315392,0.000364794,0.000270051,0.000270135,,,,,Historical
2006-02-01,0.391242688,67.1,71.2,0.249328366,0.20457807,3.712,4.02,0.19,5.072,4.95,0.061891395,0.032352312,0.010067422,0.018046306,-0.001848429,0.021759697,0.010704516,-0.014759292,3.89e-05,0.000470515,0.000163823,0.001831859,0.000220119,0.866025404,0.5,3.331087059,0.222,0.408,0.954,1.248,0.04,0.13,0.67,0.39,-0.09,-0.1,-0.62,-1.15,0.0,0.5,1.0,1.0,0.1,0.19,0.43,0.16,0.031317319,0.031786636,0.009622542,0.0096653,0.017871134,0.01788519,0.025763359,0.022858377,0.011792288,0.008947389,-0.014066103,-0.014128819,0.000671308,0.00076565,-0.000726788,0.00042147,-0.000382609,-4.77e-05,-0.00013953,0.000610045,0.00026045,0.000210065,0.016581605,-0.003724257,-0.008560185,0.033866272,0.078025852,-0.073599108,0.485913797,0.104502769,0.054753214,0.018316832,3.158387235,3.049682426,3.206048551,0.125038508,3.099655359,0.2314317,0.000152105,0.000227839,0.000230216,0.000261069,0.001905373,0.002017254,0.001918303,0.001939166,0.000295285,0.000275062,0.000259699,0.000263871,,,,,Historical
2006-03-01,0.419039304,67.2,71.5,0.247611303,0.204590957,3.788,4.13,0.25,5.322,4.98,-0.002245914,0.031408836,0.010161282,0.018019207,0.005555556,0.021636877,0.014450867,-0.01191766,5.08e-05,0.000525516,0.000161053,0.001765358,0.000224463,1.0,6.12e-17,3.318928571,0.076,0.393,0.975,1.242,0.11,0.26,0.55,0.3,0.06,0.12,-0.39,-0.78,0.25,0.5,1.0,1.25,0.03,0.18,0.48,0.18,0.032242923,0.031766597,0.00972901,0.009734287,0.017911839,0.017914638,0.032380952,0.022736522,0.009388086,0.009451298,-0.014769231,-0.014241406,0.000637037,0.00140237,-0.001351573,0.000462041,-0.000411244,-3.03e-05,-0.000842001,0.001367516,0.000316702,0.000208813,0.061891395,-0.041780901,0.045394039,-0.011212225,0.472858077,-0.359765272,0.280829687,0.09479825,0.005434783,-0.129131776,3.179164431,3.070377319,3.079438475,0.239490096,3.069602229,0.249326343,0.000178212,0.000293804,0.000211497,0.000259639,0.001779347,0.002034861,0.001885258,0.001938,0.000300584,0.000273048,0.000241474,0.000257528,,,,,Historical
2006-04-01,0.44683592,67.3,71.9,0.245894239,0.204603845,3.974,4.38,0.33,5.572,5.08,0.037650126,0.030469873,0.010255014,0.01799219,0.005524862,0.024390244,0.016456512,-0.009067659,6.27e-05,0.000580426,0.000206069,0.001735373,0.000233455,0.866025404,-0.5,3.441417175,0.186,0.484,0.949,1.513,0.25,0.4,0.52,0.84,0.08,0.05,-0.23,-0.74,0.25,0.5,1.0,1.5,0.1,0.23,0.49,0.21,0.033164107,0.031798562,0.009835257,0.009814633,0.017952426,0.017938394,0.025665399,0.022767762,0.009829452,0.010239805,-0.015473441,-0.014058347,0.000600385,0.002037381,-0.001974668,0.000502542,-0.000439829,-1.3e-05,-0.001542585,0.002123011,0.000372859,0.000207567,-0.002245914,0.016581605,0.012290137,0.034161493,0.288780343,0.078025852,0.117661943,0.10159413,0.104502769,-0.036431065,3.200869756,3.090731004,3.135598492,0.305818683,3.180953267,0.260463908,0.000366764,0.000325972,0.000201524,0.000246248,0.001876526,0.002074551,0.00184535,0.001926237,0.000266324,0.000282912,0.000238417,0.000254789,,,,,Historical
2006-05-01,0.29802486,67.3,73.9,0.245003598,0.204495295,4.175,4.31,0.27,5.822,5.25,-0.003130209,0.026325241,0.010232339,0.017965254,0.004578755,0.028116214,0.015030286,-0.006209252,-2.68e-05,0.000587383,0.000255996,0.001750663,0.000237378,0.5,-0.866025404,3.4258388,0.201,0.463,0.871,1.724,-0.07,0.29,0.42,0.87,-0.06,0.08,-0.02,-0.75,0.25,0.75,1.25,1.75,0.17,0.3,0.49,0.5,0.033209621,0.031476715,0.009881351,0.009886827,0.017992896,0.017956472,0.019886364,0.023761573,0.005159689,0.010632624,-0.016178737,-0.013578852,0.00056673,0.001366906,-0.001393671,0.000377092,-0.000403856,-4.62e-07,-0.000889607,0.00147699,0.000437025,0.000150358,0.037650126,0.061891395,-0.003724257,0.01290348,-0.039738142,0.472858077,0.042449626,-0.053543129,0.09479825,0.001740455,3.217438285,3.108665622,3.331087059,0.094751742,3.227016455,0.198822346,0.000345091,0.000455696,0.000206622,0.000238823,0.001956831,0.00226522,0.001817609,0.001909057,0.000261385,0.000261402,0.000231379,0.000252788,,,,,Historical
2006-06-01,0.1492138,67.2,74.5,0.244112957,0.204386746,4.3,4.53,0.18,5.822,5.32,-0.020736758,0.022213826,0.010209712,0.017938398,-0.001823154,0.024321796,0.015106177,-0.003342402,-0.000116036,0.000594325,0.00028796,0.001759324,0.000276728,1.22e-16,-1.0,3.350818905,0.125,0.512,0.905,1.827,0.22,0.4,0.66,1.33,-0.09,-0.07,0.05,-0.77,0.0,0.5,1.0,1.75,0.07,0.34,0.52,0.81,0.03325503,0.03080389,0.00992741,0.009950886,0.018033249,0.017968891,0.020872865,0.024361177,0.007048458,0.011339445,-0.01688512,-0.012802129,0.000536062,0.000696748,-0.000812784,0.000251982,-0.000368018,7.31e-06,-0.000236938,0.000831262,0.000501016,9.33e-05,-0.003130209,-0.002245914,-0.041780901,-0.004074975,0.128333931,0.288780343,-0.006081008,0.02443262,0.10159413,-0.013153639,3.228453217,3.12682874,3.318928571,0.031890334,3.21863972,0.132179185,0.000334719,0.00036816,0.000210234,0.000234926,0.002056805,0.002357225,0.001788921,0.001884267,0.000230834,0.000271856,0.000236049,0.000256613,,,,,Historical
2006-07-01,0.00040274,67.3,74.5,0.243222316,0.204278196,4.157,4.25,0.23,5.822,5.46,-0.0457206,0.018135231,0.010187133,0.017911623,0.000913242,0.02334267,0.016600484,-0.000467071,-0.000205103,0.00060125,0.000268007,0.001753456,0.000270714,-0.5,-0.866025404,3.196579439,-0.143,0.183,0.667,1.576,-0.28,-0.13,0.27,0.88,0.05,-0.1,-0.05,-0.64,0.0,0.25,0.75,1.75,0.14,0.38,0.61,1.0,0.033300334,0.029782888,0.009973434,0.010006826,0.018073486,0.017975667,0.027540361,0.024639733,0.012219829,0.01198222,-0.017592593,-0.01172738,0.000508369,2.69e-05,-0.000232008,0.000127213,-0.000332315,1.03e-05,0.000415424,0.000185826,0.000564834,3.64e-05,-0.020736758,0.037650126,0.016581605,-0.056731135,-0.074623702,-0.039738142,-0.192942205,-0.046214356,-0.053543129,0.007913767,3.241032875,3.140043359,3.441417175,-0.244837736,3.04562354,0.150955899,0.000277138,0.000410698,0.000223818,0.000234166,0.002063576,0.002367625,0.001766005,0.001858423,0.000266903,0.000394871,0.000243809,0.00025693,,,,,Historical
2006-08-01,0.016803122,67.2,74.1,0.243034048,0.204801572,4.129,4.03,0.1,5.822,5.44,-0.011296366,0.014943626,0.010165866,0.017884927,0.001824818,0.021395349,0.013585797,0.002416777,0.000550512,-0.000144036,0.000237687,0.001682344,0.000305846,-0.866025404,-0.5,3.15624825,-0.028,-0.046,0.417,1.371,-0.22,-0.28,0.01,0.68,-0.13,-0.17,-0.09,-0.71,0.0,0.0,0.75,1.75,-0.02,0.19,0.49,0.92,0.032352312,0.028418413,0.010067422,0.010052103,0.018046306,0.017976817,0.021759697,0.024275732,0.010704516,0.01213168,-0.014759292,-0.010353807,0.000490441,3.89e-05,0.00051165,0.00076565,-0.000215138,9.97e-06,0.000470515,-0.000614551,-0.00013953,-4.51e-06,-0.0457206,-0.003130209,0.061891395,-0.008560185,-0.188774341,0.128333931,0.015026398,-0.041288751,0.02443262,0.111967967,3.252042181,3.154524879,3.4258388,-0.26959055,3.024136587,0.132111663,0.000249603,0.000389097,0.000236129,0.000233173,0.002027089,0.002401,0.001741086,0.001829695,0.000282228,0.000352088,0.000258097,0.000258898,,,,,Historical
2006-09-01,0.033203503,67.2,73.0,0.242845779,0.205324947,4.165,3.88,0.09,5.822,5.33,0.031864935,0.011773014,0.010144647,0.017858311,-0.005464481,0.007380074,0.016218649,0.005309182,0.001304563,-0.00088778,0.000249871,0.001708997,0.000220566,-1.0,-1.84e-16,3.2538863,0.036,-0.135,0.377,1.352,-0.15,-0.65,-0.25,0.3,-0.01,-0.09,-0.16,-0.55,0.0,0.0,0.5,1.5,-0.11,0.01,0.35,0.83,0.031408836,0.026712588,0.010161282,0.010086739,0.018019207,0.017972356,0.021636877,0.022192326,0.014450867,0.012700893,-0.01191766,-0.008680606,0.00048229,5.08e-05,0.001253766,0.00140237,-9.78e-05,6.16e-06,0.000525516,-0.001413296,-0.000842001,-4.58e-05,-0.011296366,-0.020736758,-0.002245914,0.045394039,-0.014967523,-0.074623702,-0.022939451,-0.069618565,-0.046214356,0.112021858,3.259093345,3.166676167,3.350818905,-0.096932605,3.16927233,0.08461397,0.00027337,0.000321814,0.000250932,0.000231214,0.001963629,0.002385937,0.001731693,0.001808475,0.000333813,0.00032481,0.000257448,0.000249461,,,,,Historical
2006-10-01,0.049603885,67.1,73.1,0.242657511,0.205848323,4.169,4.08,0.09,5.822,5.21,0.020639512,0.008623188,0.010123477,0.017831774,-0.001831502,0.010194625,0.013406246,0.008210181,0.002057056,-0.001629988,0.000267026,0.00180488,0.000168456,-0.866025404,0.5,3.317105631,0.004,0.012,0.195,1.144,0.2,-0.17,-0.3,0.22,0.0,-0.14,-0.24,-0.47,0.0,0.0,0.25,1.25,-0.12,-0.25,0.13,0.62,0.030469873,0.024667511,0.010255014,0.010110757,0.01799219,0.017962302,0.024390244,0.020903095,0.016456512,0.012998959,-0.009067659,-0.00670697,0.00048393,6.27e-05,0.001994343,0.002037381,1.97e-05,-1.13e-06,0.000580426,-0.002210413,-0.001542585,-8.74e-05,0.031864935,-0.0457206,0.037650126,0.012290137,-0.050745413,-0.188774341,-0.020748021,-0.096096096,-0.041288751,0.076207621,3.267749637,3.18009483,3.196579439,0.120526191,3.21323012,0.103875511,0.000265909,0.000364035,0.000261091,0.000231307,0.00197482,0.002409814,0.001743277,0.001794314,0.0002518,0.000335511,0.000246615,0.000242516,,,,,Historical
2006-11-01,0.12690539,67.2,72.7,0.24154524,0.205636032,4.177,3.85,0.04,5.822,5.19,-0.001954645,0.008348041,0.01007188,0.017805316,0.001834862,0.013927577,0.017487499,0.011119812,0.001325995,-0.000924396,0.000240684,0.001762456,0.000280286,-0.5,0.866025404,3.306013011,0.008,0.048,0.002,0.873,-0.23,-0.18,-0.46,-0.04,-0.05,-0.06,-0.23,-0.25,0.0,0.0,0.0,1.25,-0.02,-0.25,-0.06,0.43,0.026325241,0.022595713,0.010232339,0.010126635,0.017965254,0.01794667,0.028116214,0.020406529,0.015030286,0.014026277,-0.006209252,-0.004432091,0.000480521,-2.68e-05,0.001352759,0.001366906,-4.09e-05,-4.02e-06,0.000587383,-0.001511779,-0.000889607,-3.48e-05,0.020639512,-0.011296366,-0.003130209,-0.003724257,0.038356992,-0.014967523,-0.073599108,-0.04153889,-0.069618565,0.054753214,3.276080009,3.195026805,3.15624825,0.149764761,3.206048551,0.09996446,0.000225404,0.000275869,0.000258539,0.000232581,0.001917104,0.002315307,0.001745243,0.001781426,0.000279602,0.000367095,0.000253766,0.000242573,,,,,Historical
2006-12-01,0.204206895,67.2,72.7,0.24043297,0.205423742,4.161,3.95,0.07,5.822,5.09,-0.056406798,0.008073558,0.010020328,0.017778936,0.001831502,0.016728625,0.017140949,0.014038115,0.000595011,-0.000218878,0.000206357,0.001768528,0.000197719,-2.45e-16,1.0,3.120343387,-0.016,-0.004,-0.139,0.766,0.1,0.07,-0.58,0.08,0.03,-0.02,-0.11,-0.06,0.0,0.0,0.0,1.0,-0.1,-0.24,-0.23,0.29,0.022213826,0.020497257,0.010209712,0.010134378,0.017938398,0.017925477,0.024321796,0.020061176,0.015106177,0.014867318,-0.003342402,-0.001855155,0.000472043,-0.000116036,0.000711047,0.000696748,-0.000101737,-2.52e-06,0.000594325,-0.000813203,-0.000236938,1.81e-05,-0.001954645,0.031864935,-0.020736758,-0.041780901,-0.086532868,-0.050745413,-0.359765272,-0.054920253,-0.096096096,0.005434783,3.279488752,3.203313665,3.2538863,-0.133542913,3.079438475,0.040904912,0.000266293,0.000223957,0.000244939,0.000227586,0.001931457,0.002195415,0.001746777,0.001767849,0.00024871,0.00034051,0.000240598,0.000238323,,,,,Historical
2007-01-01,0.2815084,67.4,71.7,0.239320699,0.205211451,4.156,4.08,0.07,5.822,5.11,0.050760163,0.007799739,0.009968819,0.017752634,0.0,0.011090573,0.017600908,0.016965127,-0.000135896,0.000486565,0.000224075,0.001696569,0.000293655,0.5,0.866025404,3.278257646,-0.005,-0.013,-0.001,0.666,0.13,0.0,-0.17,0.1,0.0,-0.02,-0.16,-0.21,0.0,0.0,0.0,0.75,0.02,-0.1,-0.35,0.26,0.018135231,0.018372207,0.010187133,0.010133993,0.017911623,0.01789874,0.02334267,0.01869036,0.016600484,0.015315741,-0.000467071,0.001024655,0.000458476,-0.000205103,6.92e-05,2.69e-05,-0.000162802,3.41e-06,0.00060125,-0.000114685,0.000415424,7.11e-05,-0.056406798,0.020639512,-0.0457206,0.016581605,-0.291991721,0.038356992,0.078025852,0.045123384,-0.04153889,0.104502769,3.291377015,3.215239137,3.317105631,-0.038847985,3.135598492,0.142659154,0.0001865,0.000175968,0.000237617,0.000230717,0.001890948,0.002052234,0.001737296,0.001751651,0.000224151,0.000315392,0.000244421,0.000244115,,,,,Historical
2007-02-01,0.290365872,67.4,71.9,0.236989141,0.203899077,4.184,3.95,0.06,5.822,5.2,0.041431098,0.007334307,0.009887632,0.017742642,0.007312614,0.02037037,0.017758944,0.019215686,-0.000165549,0.000559662,0.000114648,0.001633406,0.000174939,0.866025404,0.5,3.404574067,0.028,0.007,0.055,0.472,-0.13,0.1,-0.08,-0.07,-0.01,0.02,-0.04,-0.13,0.0,0.0,0.0,0.75,0.09,0.01,-0.24,0.25,0.014943626,0.016287373,0.010165866,0.010119011,0.017884927,0.017873434,0.021395349,0.018574583,0.013585797,0.01590361,0.002416777,0.003855903,0.000441442,0.000550512,-0.000716061,3.89e-05,-0.00020441,1.08e-05,-0.000144036,0.000703698,0.000470515,8.91e-05,0.050760163,-0.001954645,-0.011296366,0.061891395,0.163256128,-0.086532868,0.472858077,0.127752344,-0.054920253,0.09479825,3.297500932,3.227944084,3.306013011,0.098561056,3.331087059,0.073487008,0.000163823,0.000152105,0.00021711,0.00022662,0.001831859,0.001905373,0.001729139,0.001735113,0.000220119,0.000295285,0.000222603,0.00024035,,,,,Historical
2007-03-01,0.299223344,67.5,72.1,0.234657582,0.202586703,4.173,3.99,0.14,5.822,5.11,-0.009270175,0.006870259,0.00980657,0.017732681,0.008166969,0.023020258,0.017385782,0.0214599,-0.000195165,0.000632667,0.00013665,0.001577881,0.000189399,1.0,6.12e-17,3.361002914,-0.011,0.012,0.008,0.385,0.04,0.04,0.11,-0.14,0.08,0.07,0.05,-0.11,0.0,0.0,0.0,0.5,-0.09,0.02,-0.22,0.13,0.011773014,0.014242492,0.010144647,0.010089452,0.017858311,0.017849557,0.007380074,0.018689864,0.016218649,0.016148186,0.005309182,0.006637366,0.000420945,0.001304563,-0.001499728,5.08e-05,-0.000245962,1.98e-05,-0.00088778,0.001520447,0.000525516,0.000107151,0.041431098,-0.056406798,0.031864935,-0.002245914,0.309104968,-0.291991721,0.288780343,0.002368265,0.045123384,0.10159413,3.301007127,3.240085779,3.120343387,0.240659526,3.318928571,0.042074342,0.000161053,0.000178212,0.00019824,0.000224586,0.001765358,0.001779347,0.001707287,0.00171949,0.000224463,0.000300584,0.000217409,0.000237428,,,,,Historical
2007-04-01,0.308080816,67.4,72.4,0.232326024,0.201274329,4.168,4.11,0.02,5.822,5.12,0.036924295,0.006407586,0.009725634,0.017722748,0.00450045,0.021978022,0.014757177,0.023697794,-0.000224744,0.000705582,0.000212405,0.001576145,0.000211832,0.866025404,-0.5,3.47490259,-0.005,0.012,-0.001,0.194,0.12,0.03,0.03,-0.27,-0.12,-0.05,-0.07,-0.31,0.0,0.0,0.0,0.25,0.01,0.01,-0.09,0.04,0.008623188,0.012237301,0.010123477,0.010045337,0.017831774,0.017827104,0.010194625,0.018488846,0.013406246,0.016006575,0.008210181,0.009367821,0.00039699,0.002057056,-0.0022818,6.27e-05,-0.000287457,3.02e-05,-0.001629988,0.002335569,0.000580426,0.000125156,-0.009270175,0.050760163,0.020639512,0.037650126,0.257826344,0.163256128,-0.039738142,-0.021706673,0.127752344,-0.053543129,3.303797578,3.252333667,3.278257646,0.196644944,3.441417175,0.033485415,0.000206069,0.000366764,0.000189137,0.000225114,0.001735373,0.001876526,0.001669164,0.001706221,0.000233455,0.000266324,0.000224638,0.000235626,,,,,Historical
2007-05-01,0.235341078,67.3,74.1,0.231579391,0.201346626,4.286,4.53,-0.08,5.822,5.21,0.009876533,0.006707692,0.009735043,0.017712845,0.004480287,0.021877849,0.01314912,0.025929397,-0.000232448,0.000711185,0.000257257,0.001635394,0.000208092,0.5,-0.866025404,3.496836175,0.118,0.102,0.109,0.111,0.42,0.58,0.68,0.22,-0.1,-0.14,-0.12,-0.35,0.0,0.0,0.0,0.0,0.09,0.01,0.02,-0.04,0.008348041,0.010602506,0.01007188,0.010003895,0.017805316,0.01780607,0.013927577,0.017968982,0.017487499,0.015849811,0.011119812,0.012046041,0.00037985,0.001325995,-0.001558443,-2.68e-05,-0.000205684,4.05e-05,-0.000924396,0.001635581,0.000587383,0.000123802,0.036924295,0.041431098,-0.001954645,-0.003130209,0.109650153,0.309104968,0.128333931,0.130486784,0.002368265,0.02443262,3.309714026,3.263576156,3.404574067,0.092262108,3.4258388,0.070997375,0.000255996,0.000345091,0.000191899,0.000225219,0.001750663,0.001956831,0.001647987,0.001696615,0.000237378,0.000261385,0.000212606,0.000233186,,,,,Historical
2007-06-01,0.16260134,67.4,74.9,0.230832758,0.201418923,4.418,4.62,-0.02,5.822,5.71,-0.002154953,0.007007798,0.009744433,0.017702971,-0.001784121,0.021917808,0.016169956,0.028154734,-0.000240137,0.000716777,0.000294177,0.001722631,0.000204174,1.22e-16,-1.0,3.476868695,0.132,0.245,0.257,0.118,0.09,0.63,0.67,0.09,0.06,-0.16,-0.09,-0.2,0.0,0.0,0.0,0.0,0.5,0.6,0.62,0.39,0.008073558,0.009335337,0.010020328,0.009965122,0.017778936,0.017786451,0.016728625,0.01776865,0.017140949,0.015938459,0.014038115,0.014670803,0.000369508,0.000595011,-0.000835148,-0.000116036,-0.000124101,5.07e-05,-0.000218878,0.000935655,0.000594325,0.000122453,0.009876533,-0.009270175,-0.056406798,-0.020736758,0.179221329,0.257826344,-0.074623702,0.181471274,-0.021706673,-0.046214356,3.320218175,3.274335696,3.361002914,0.115865781,3.350818905,0.12604979,0.00028796,0.000334719,0.000206536,0.000225737,0.001759324,0.002056805,0.001640338,0.001693557,0.000276728,0.000230834,0.000213682,0.00022714,,,,,Historical
2007-07-01,0.089861602,67.5,75.2,0.230086125,0.20149122,4.562,4.63,-0.11,6.072,5.8,-0.042657626,0.007307903,0.009753803,0.017693126,0.000893655,0.02189781,0.016170208,0.030373832,-0.00024781,0.000722358,0.000314459,0.001803724,0.000230857,-0.5,-0.866025404,3.319836735,0.144,0.394,0.406,0.405,0.01,0.52,0.55,0.38,-0.09,-0.13,-0.18,-0.34,0.25,0.25,0.25,0.25,0.09,0.68,0.69,0.34,0.007799739,0.008433059,0.009968819,0.009929011,0.017752634,0.017768242,0.011090573,0.017648245,0.017600908,0.015902603,0.016965127,0.017240878,0.000365949,-0.000135896,-0.000111914,-0.000205103,-4.27e-05,6.08e-05,0.000486565,0.000235793,0.00060125,0.000121108,-0.002154953,0.036924295,0.050760163,-0.0457206,-0.062354208,0.109650153,-0.188774341,0.197136312,0.130486784,-0.041288751,3.330489617,3.285761246,3.47490259,-0.155065855,3.196579439,0.123257295,0.000268007,0.000277138,0.0002216,0.000229608,0.001753456,0.002063576,0.001658197,0.001697746,0.000270714,0.000266903,0.000203216,0.000223818,,,,,Historical
2007-08-01,0.202568037,67.5,74.9,0.229632507,0.201814326,4.009,4.3,0.15,6.072,5.82,-0.011325822,0.008578167,0.009777484,0.017683309,-0.002678571,0.017304189,0.017145587,0.032586716,0.000380478,7.13e-05,0.000250253,0.001844928,0.000205477,-0.866025404,-0.5,3.270829254,-0.553,-0.277,-0.175,-0.12,-0.33,-0.23,0.35,0.27,0.26,0.23,0.09,0.05,0.0,0.25,0.25,0.25,0.02,0.61,0.62,0.38,0.007334307,0.007902604,0.009887632,0.009896646,0.017742642,0.017751441,0.02037037,0.017307315,0.017758944,0.016199252,0.019215686,0.01975504,0.000351779,-0.000165549,0.000546027,0.000550512,-0.000170034,7.88e-05,0.000559662,-0.0004884,-0.000144036,0.000215297,-0.042657626,0.009876533,0.041431098,-0.011296366,-0.147258636,0.179221329,-0.014967523,0.258401581,0.181471274,-0.069618565,3.340038034,3.296040107,3.496836175,-0.226006922,3.15624825,0.114581003,0.000237687,0.000249603,0.0002442,0.000230655,0.001682344,0.002027089,0.00169345,0.001711295,0.000305846,0.000282228,0.000208305,0.000215454,,,,,Historical
2007-09-01,0.315274472,67.5,73.6,0.22917889,0.202137432,4.105,4.29,0.25,6.072,5.81,0.049178263,0.009848011,0.009801112,0.017673522,0.00179051,0.024725275,0.017157781,0.034793414,0.001007379,-0.000578398,0.00023587,0.001842059,0.00023568,-1.0,-1.84e-16,3.423584509,0.096,-0.313,-0.068,-0.06,-0.01,-0.33,0.3,0.41,0.1,0.27,0.11,0.16,0.0,0.25,0.25,0.25,-0.01,0.1,0.7,0.48,0.006870259,0.007742187,0.00980657,0.009868018,0.017732681,0.017736042,0.023020258,0.018752748,0.017385782,0.016277513,0.0214599,0.022212059,0.000327014,-0.000195165,0.001202544,0.001304563,-0.000297184,0.000104533,0.000632667,-0.001211065,-0.00088778,0.000309382,-0.011325822,-0.002154953,-0.009270175,0.031864935,-0.095713645,-0.062354208,-0.050745413,0.15524656,0.197136312,-0.096096096,3.354179551,3.306636448,3.476868695,-0.053284185,3.2538863,0.169698209,0.000249871,0.00027337,0.000260737,0.000229489,0.001708997,0.001963629,0.00173748,0.001722383,0.000220566,0.000333813,0.000216019,0.000216714,,,,,Historical
2007-10-01,0.427980907,67.6,73.9,0.228725272,0.202460538,3.968,4.23,0.14,6.072,5.89,0.0374706,0.011117435,0.009824687,0.017663763,-0.002680965,0.023853211,0.020556193,0.036993951,0.001632898,-0.001226625,0.000251797,0.001856224,0.00023496,-0.866025404,0.5,3.541808391,-0.137,-0.594,-0.2,-0.201,-0.06,-0.4,0.12,0.15,-0.11,0.25,0.12,0.05,0.0,0.0,0.25,0.25,0.08,0.09,0.77,0.68,0.006407586,0.007950041,0.009725634,0.009843119,0.017722748,0.017722041,0.021978022,0.019890964,0.014757177,0.016873342,0.023697794,0.024610707,0.000291668,-0.000224744,0.001857641,0.002057056,-0.000424158,0.000138147,0.000705582,-0.001932207,-0.001629988,0.000403362,0.049178263,-0.042657626,0.036924295,0.020639512,-0.148033255,-0.147258636,0.038356992,0.036846874,0.258401581,-0.04153889,3.372904781,3.320327209,3.319836735,0.221971657,3.317105631,0.224702761,0.000267026,0.000265909,0.000267302,0.00022822,0.00180488,0.00197482,0.00178416,0.001726662,0.000168456,0.0002518,0.000219873,0.000222256,,,,,Historical
2007-11-01,0.355100833,67.7,73.6,0.22803095,0.202620441,3.92,3.91,0.31,6.072,5.93,-0.002280589,0.01087443,0.009936549,0.017654032,0.002688172,0.024725275,0.020854472,0.039188352,0.00103499,-0.000651137,0.000340218,0.001935143,0.000258233,-0.5,0.866025404,3.521362349,-0.048,-0.089,-0.366,-0.257,-0.32,-0.39,-0.62,0.06,0.17,0.16,0.39,0.27,0.0,0.0,0.25,0.25,0.04,0.11,0.72,0.74,0.006707692,0.008160574,0.009735043,0.009831841,0.017712845,0.017709434,0.021877849,0.020790772,0.01314912,0.017153923,0.025929397,0.026949752,0.000267417,-0.000232448,0.001267438,0.001325995,-0.000291005,0.000160918,0.000711185,-0.001362322,-0.000924396,0.000273258,0.0374706,-0.011325822,0.009876533,-0.001954645,0.152781823,-0.095713645,-0.086532868,0.151105294,0.15524656,-0.054920253,3.390850559,3.333465284,3.270829254,0.250533095,3.306013011,0.215349338,0.000240684,0.000225404,0.000281129,0.000236514,0.001762456,0.001917104,0.001834118,0.001741053,0.000280286,0.000279602,0.00022823,0.000220418,,,,,Historical
2007-12-01,0.28222076,67.7,73.3,0.227336629,0.202780343,3.862,3.98,0.22,5.822,5.95,0.003002495,0.010631879,0.010048327,0.01764433,0.000893655,0.023765996,0.019557024,0.041376643,0.000437306,-7.59e-05,0.000174673,0.001877075,0.000229942,-2.45e-16,1.0,3.519622726,-0.058,-0.243,-0.556,-0.299,0.07,-0.31,-0.64,0.03,-0.09,-0.03,0.24,0.15,-0.25,-0.25,0.0,0.0,0.02,0.14,0.24,0.86,0.007007798,0.008373767,0.009744433,0.009834174,0.017702971,0.017698217,0.021917808,0.02137722,0.016169956,0.017355263,0.028154734,0.029227962,0.000254275,-0.000240137,0.000677443,0.000595011,-0.000157705,0.000172836,0.000716777,-0.000792642,-0.000218878,0.000143013,-0.002280589,0.049178263,-0.002154953,-0.056406798,-0.076058117,-0.148033255,-0.291991721,0.164305047,0.036846874,0.045123384,3.424123837,3.351806295,3.423584509,0.096038216,3.120343387,0.399279338,0.000206357,0.000266293,0.000261212,0.000233874,0.001768528,0.001931457,0.001859859,0.001750098,0.000197719,0.00024871,0.000232525,0.000223103,,,,,Historical
2008-01-01,0.209340686,67.7,72.1,0.226642307,0.202940246,3.455,3.5,0.71,5.572,6.01,-0.053255454,0.010389783,0.01016002,0.017634656,-0.001785714,0.021937843,0.016676529,0.043558851,-0.000160155,0.000499193,0.000173667,0.001869655,0.000178188,0.5,0.866025404,3.325479574,-0.407,-0.513,-1.107,-0.701,-0.48,-0.73,-1.13,-0.58,0.49,0.57,0.82,0.64,-0.25,-0.5,-0.5,-0.25,0.06,0.12,0.21,0.9,0.007307903,0.008589604,0.009753803,0.009850108,0.017693126,0.017688385,0.02189781,0.022281159,0.016170208,0.017278231,0.030373832,0.031444106,0.000252254,-0.00024781,8.77e-05,-0.000135896,-2.43e-05,0.000173888,0.000722358,-0.000223165,0.000486565,1.26e-05,0.003002495,0.0374706,-0.042657626,0.050760163,-0.364693012,0.152781823,0.163256128,0.044749269,0.151105294,0.127752344,3.428058998,3.359718006,3.541808391,-0.216328818,3.278257646,0.047221928,0.000224075,0.0001865,0.000237746,0.000229673,0.001696569,0.001890948,0.001870847,0.001764522,0.000293655,0.000224151,0.000223747,0.000213481,,,,,Historical
2008-02-01,0.461468075,67.7,72.4,0.224623717,0.201876863,3.239,3.4,0.76,5.572,5.92,0.020090643,0.012602427,0.010244767,0.017640679,0.003577818,0.01814882,0.018294195,0.035321277,-0.00020779,0.000614923,0.000147456,0.001821197,0.00019316,0.866025404,0.5,3.407593281,-0.216,-0.681,-0.77,-0.945,-0.1,-0.51,-0.9,-0.55,0.05,0.45,0.61,0.7,0.0,-0.5,-0.5,-0.25,-0.09,-0.01,0.1,0.72,0.008578167,0.009028614,0.009777484,0.009879869,0.017683309,0.017679888,0.017304189,0.02209603,0.017145587,0.017322835,0.032586716,0.032786238,0.000248733,0.000380478,-0.000588268,-0.000165549,-4.22e-05,0.000178493,7.13e-05,0.000543662,0.000559662,5.53e-05,-0.053255454,-0.002280589,-0.011325822,0.041431098,0.092337495,-0.076058117,0.309104968,-0.01894452,0.164305047,0.002368265,3.428310599,3.362905766,3.521362349,-0.113769068,3.404574067,0.003019214,0.000114648,0.000163823,0.000220614,0.000232407,0.001633406,0.001831859,0.001866892,0.001780171,0.000174939,0.000220119,0.000221694,0.000215,,,,,Historical
2008-03-01,0.713595464,67.7,72.4,0.222605126,0.20081348,2.025,2.93,0.86,5.072,5.8,-0.004485924,0.014810535,0.010329396,0.017646684,0.003565062,0.01350135,0.016981843,0.027143076,-0.000255362,0.000730498,0.000150432,0.001803118,0.000165269,1.0,6.12e-17,3.407028964,-1.214,-1.837,-2.08,-2.148,-0.47,-1.05,-1.36,-1.06,0.1,0.64,0.61,0.72,-0.5,-0.75,-1.0,-0.75,-0.12,-0.15,-0.01,0.69,0.009848011,0.009690304,0.009801112,0.009923438,0.017673522,0.017672722,0.024725275,0.021302787,0.017157781,0.017289174,0.034793414,0.033259837,0.000243717,0.001007379,-0.001262741,-0.000195165,-6.02e-05,0.000186646,-0.000578398,0.001308896,0.000632667,9.78e-05,0.020090643,0.003002495,0.049178263,-0.009270175,0.185221675,-0.364693012,0.257826344,-0.111783816,0.044749269,-0.021706673,3.432146103,3.366576615,3.519622726,-0.112593762,3.361002914,0.04602605,0.00013665,0.000161053,0.000206374,0.000233555,0.001577881,0.001765358,0.001860402,0.001798941,0.000189399,0.000224463,0.000209959,0.000212989,,,,,Historical
2008-04-01,0.965722853,67.6,72.7,0.220586536,0.199750097,2.702,3.04,0.85,4.572,5.6,0.047116317,0.017014123,0.010413908,0.017652672,0.007992895,0.01702509,0.017670488,0.019023608,-0.00030287,0.000845918,0.000206657,0.001819034,0.000188279,0.866025404,-0.5,3.586927575,0.677,-0.753,-1.266,-1.466,0.11,-0.46,-1.19,-1.07,-0.01,0.14,0.71,0.83,-0.5,-1.0,-1.5,-1.25,-0.2,-0.41,-0.29,0.48,0.011117435,0.010574182,0.009824687,0.009980794,0.017663763,0.017666882,0.023853211,0.020890043,0.020556193,0.01753195,0.036993951,0.032870321,0.000237206,0.001632898,-0.001935768,-0.000224744,-7.81e-05,0.000198341,-0.001226625,0.002072544,0.000705582,0.000140337,-0.004485924,-0.053255454,0.0374706,0.036924295,0.10241064,0.092337495,0.109650153,-0.221530876,-0.01894452,0.130486784,3.441481519,3.372639549,3.325479574,0.261448002,3.47490259,0.112024985,0.000212405,0.000206069,0.000198851,0.000233076,0.001576145,0.001735373,0.001854204,0.001819182,0.000211832,0.000233455,0.000202179,0.000211026,,,,,Historical
2008-05-01,0.655160594,67.6,74.2,0.219349279,0.199395242,2.727,3.34,0.59,4.572,5.41,-0.001352852,0.016824928,0.010575497,0.017658642,0.00969163,0.022301517,0.018418506,0.010962241,-0.000338443,0.000854925,0.000245865,0.00184202,0.000219087,0.5,-0.866025404,3.597722892,0.025,-0.512,-1.193,-1.559,0.3,-0.06,-0.57,-1.19,-0.26,-0.17,0.28,0.67,0.0,-1.0,-1.5,-1.25,-0.19,-0.51,-0.52,0.2,0.01087443,0.011417285,0.009936549,0.010050832,0.017654032,0.017662365,0.024725275,0.020925349,0.020854472,0.017971065,0.039188352,0.031623058,0.000228373,0.00103499,-0.001373433,-0.000232448,-0.000105996,0.000210319,-0.000651137,0.001506062,0.000711185,0.00014374,0.047116317,0.020090643,-0.002280589,0.009876533,0.321369326,0.185221675,0.179221329,-0.073000423,-0.111783816,0.181471274,3.449888745,3.379801386,3.407593281,0.190129611,3.496836175,0.100886716,0.000257257,0.000255996,0.000183125,0.000232127,0.001635394,0.001750663,0.001838683,0.001836401,0.000208092,0.000237378,0.000195654,0.000211942,,,,,Historical
2008-06-01,0.344598334,67.5,75.1,0.218112023,0.199040388,2.691,3.42,0.48,4.572,5.4,-0.005748025,0.016635847,0.010736748,0.017664595,0.006980803,0.031277927,0.016120254,0.002958355,-0.000373937,0.000863911,0.000200069,0.001805292,0.000233912,1.22e-16,-1.0,3.592793828,-0.036,0.666,-1.171,-1.727,0.08,0.49,-0.56,-1.2,-0.11,-0.38,0.26,0.5,0.0,-0.5,-1.25,-1.25,-0.01,-0.4,-0.55,-0.31,0.010631879,0.012219622,0.010048327,0.010133525,0.01764433,0.017659167,0.023765996,0.021705359,0.019557024,0.017966923,0.041376643,0.02952336,0.000217224,0.000437306,-0.000811243,-0.000240137,-0.0001338,0.00022258,-7.59e-05,0.000939776,0.000716777,0.000147134,-0.001352852,-0.004485924,0.003002495,-0.002154953,0.074069847,0.10241064,-0.062354208,-0.155661224,-0.221530876,0.197136312,3.459549173,3.389883674,3.407028964,0.185764865,3.476868695,0.115925134,0.000294177,0.00028796,0.000187358,0.000224285,0.001722631,0.001759324,0.001826719,0.001843289,0.000204174,0.000276728,0.000196316,0.00021442,,,,,Historical
2008-07-01,0.034036075,67.4,74.8,0.216874766,0.198685533,2.417,3.37,0.76,4.572,5.57,-0.063723426,0.016446879,0.010897663,0.01767053,0.003466205,0.033928571,0.012438242,-0.004988662,-0.000409351,0.000872877,0.000180732,0.001773152,0.000209858,-0.5,-0.866025404,3.385843209,-0.274,-0.285,-1.038,-2.145,-0.05,0.33,-0.13,-1.26,0.28,-0.09,0.05,0.87,0.0,0.0,-1.0,-1.5,0.17,-0.03,-0.44,-0.23,0.010389783,0.012981204,0.01016002,0.010228846,0.017634656,0.017657284,0.021937843,0.022707922,0.016676529,0.017655926,0.043558851,0.026576485,0.000203762,-0.000160155,-0.000249196,-0.00024781,-0.00016154,0.000235123,0.000499193,0.000373685,0.000722358,0.000150519,-0.005748025,0.047116317,-0.053255454,-0.042657626,-0.086175752,0.321369326,-0.147258636,-0.177112238,-0.073000423,0.258401581,3.465049713,3.397769665,3.586927575,-0.201084367,3.319836735,0.066006474,0.000314459,0.000268007,0.000188535,0.000213141,0.001803724,0.001753456,0.001810635,0.001840741,0.000230857,0.000270714,0.000201594,0.000212671,,,,,Historical
2008-08-01,0.136200393,67.4,74.7,0.217697064,0.200218056,2.518,3.03,0.77,4.572,5.45,-0.017767368,0.016151,0.011013236,0.017676448,-0.001727116,0.034914951,0.013054757,-0.012879416,0.000158142,0.000249023,0.000203586,0.001713327,0.000260821,-0.866025404,-0.5,3.340936975,0.101,-0.209,-0.721,-1.491,-0.34,-0.31,-0.37,-1.27,0.01,0.18,0.01,0.62,0.0,0.0,-1.0,-1.5,-0.12,0.04,-0.47,-0.37,0.012602427,0.013612273,0.010244767,0.010331826,0.017640679,0.017656713,0.01814882,0.024175485,0.018294195,0.017315024,0.035321277,0.022787641,0.000185234,-0.00020779,0.000365932,0.000380478,-0.000222336,0.000249937,0.000614923,-0.0003659,7.13e-05,0.000177762,-0.063723426,-0.001352852,0.020090643,-0.011325822,-0.092325581,0.074069847,-0.095713645,-0.124102334,-0.155661224,0.15524656,3.470892023,3.405465028,3.597722892,-0.256785916,3.270829254,0.070107722,0.000250253,0.000237687,0.00019789,0.000209252,0.001844928,0.001682344,0.001792657,0.001829775,0.000205477,0.000305846,0.000212871,0.000217283,,,,,Historical
2008-09-01,0.238364712,67.5,73.6,0.218519361,0.20175058,1.877,3.13,0.81,4.572,5.36,0.009988698,0.015855964,0.011128544,0.017682349,0.000865052,0.033958892,0.014574216,-0.0207145,0.000724354,-0.000373423,0.000151908,0.001605833,0.000256904,-1.0,-1.84e-16,3.389475782,-0.641,-0.814,-0.148,-2.228,0.1,-0.29,0.2,-1.16,0.04,0.33,-0.05,0.56,0.0,0.0,-0.5,-1.5,-0.09,-0.04,-0.44,-0.45,0.014810535,0.014112936,0.010329396,0.010442445,0.017646684,0.017657448,0.01350135,0.024944954,0.016981843,0.017099727,0.027143076,0.018161981,0.000161648,-0.000255362,0.000979717,0.001007379,-0.000283025,0.000267018,0.000730498,-0.001103922,-0.000578398,0.000204975,-0.017767368,-0.005748025,-0.004485924,0.049178263,-0.190622598,-0.086175752,-0.148033255,-0.216031766,-0.177112238,0.036846874,3.468049629,3.41111459,3.592793828,-0.203318047,3.423584509,-0.034108727,0.00023587,0.000249871,0.000198136,0.000202255,0.001842059,0.001708997,0.001759776,0.001810089,0.00023568,0.000220566,0.000228144,0.000219051,,,,,Historical
2008-10-01,0.34052903,67.7,73.8,0.219341659,0.203283103,2.215,2.8,1.67,3.822,5.66,-0.043179274,0.015561765,0.011243589,0.017688233,-0.010371651,0.025985663,0.015266623,-0.028494503,0.001289291,-0.000994468,0.000181801,0.001523933,0.000260991,-0.866025404,0.5,3.260729792,0.338,-0.202,-0.487,-1.753,-0.33,-0.57,-0.24,-1.43,0.86,0.91,0.82,1.53,-0.75,-0.75,-0.75,-2.25,0.3,0.09,0.06,-0.23,0.017014123,0.014483297,0.010413908,0.010560687,0.017652672,0.017659488,0.01702509,0.025122658,0.017670488,0.016658929,0.019023608,0.01270461,0.000133015,-0.00030287,0.001592161,0.001632898,-0.000343607,0.000286365,0.000845918,-0.001840386,-0.001226625,0.000232158,0.009988698,-0.063723426,0.047116317,0.0374706,0.016777461,-0.092325581,0.152781823,-0.064375182,-0.124102334,0.151105294,3.444626412,3.408765597,3.385843209,-0.125113417,3.541808391,-0.281078599,0.000251797,0.000267026,0.000193993,0.000196422,0.001856224,0.00180488,0.001710593,0.001782398,0.00023496,0.000168456,0.000240262,0.00022122,,,,,Historical
2008-11-01,0.270830307,67.5,73.1,0.220467579,0.205172278,1.835,2.48,1.63,3.822,5.71,0.043268811,0.015298215,0.011303036,0.0176941,-0.00349345,0.019660411,0.010700087,-0.036220003,0.000753657,-0.000463393,0.000134575,0.001447098,0.00020938,-0.5,0.866025404,3.420185586,-0.38,-0.683,-0.892,-2.085,-0.32,-0.55,-0.86,-1.43,-0.04,0.86,1.04,1.32,0.0,-0.75,-0.75,-2.25,0.05,0.26,0.3,-0.22,0.016824928,0.014851945,0.010575497,0.010674561,0.017658642,0.017662826,0.022301517,0.024700586,0.018418506,0.01581273,0.010962241,0.006420581,0.00010957,-0.000338443,0.0010921,0.00103499,-0.000281333,0.00030201,0.000854925,-0.001318318,-0.000651137,0.000187744,-0.043179274,-0.017767368,-0.001352852,-0.002280589,-0.197540473,-0.190622598,-0.076058117,-0.348704991,-0.216031766,0.164305047,3.436195015,3.413522787,3.340936975,0.079248611,3.521362349,-0.101176763,0.000340218,0.000240684,0.000175445,0.000179285,0.001935143,0.001762456,0.001644772,0.001741728,0.000258233,0.000280286,0.000238644,0.000217149,,,,,Historical
2008-12-01,0.201131583,67.6,72.6,0.2215935,0.207061454,0.945,1.69,1.6,3.322,5.37,-0.019636328,0.015035032,0.011362424,0.01769995,-0.007011394,0.011607143,0.012971083,-0.043891571,0.000218166,6.75e-05,0.000136604,0.001364925,0.000216675,-2.45e-16,1.0,3.368789809,-0.89,-0.932,-1.746,-2.917,-0.79,-1.44,-1.73,-2.29,-0.03,0.79,1.12,1.38,-0.5,-1.25,-1.25,-2.5,-0.34,0.01,-0.03,-0.58,0.016635847,0.015218875,0.010736748,0.010784069,0.017664595,0.017667461,0.031277927,0.023687348,0.016120254,0.015263902,0.002958355,-0.000685104,9.13e-05,-0.000373937,0.000592103,0.000437306,-0.000219139,0.00031396,0.000863911,-0.000796373,-7.59e-05,0.000143403,0.043268811,0.009988698,-0.005748025,0.003002495,-0.293889428,0.016777461,-0.364693012,-0.502256256,-0.064375182,0.044749269,3.423625606,3.423874722,3.389475782,-0.020685973,3.519622726,-0.150832917,0.000174673,0.000206357,0.000164868,0.000176113,0.001877075,0.001768528,0.001571378,0.001699049,0.000229942,0.000197719,0.000235771,0.000216044,,,,,Historical
2009-01-01,0.13143286,67.3,70.8,0.22271942,0.208950629,0.927,2.03,1.6,2.822,4.98,-0.050455565,0.014772216,0.011421755,0.017705783,-0.002647838,0.010733453,0.008703172,-0.051509769,-0.000317179,0.000598326,8.35e-05,0.001272626,0.000168795,0.5,0.866025404,3.21752809,-0.018,-1.288,-1.49,-2.528,0.34,-0.77,-1.34,-1.47,0.0,-0.07,0.84,0.89,-0.5,-1.0,-1.75,-2.75,-0.39,-0.68,-0.59,-1.03,0.016446879,0.015584078,0.010897663,0.010889213,0.01767053,0.017673389,0.033928571,0.022753649,0.012438242,0.014599456,-0.004988662,-0.008607489,7.82e-05,-0.000409351,9.22e-05,-0.000160155,-0.000157025,0.000322221,0.000872877,-0.000274551,0.000499193,9.91e-05,-0.019636328,-0.043179274,-0.063723426,-0.053255454,-0.292032967,-0.197540473,0.092337495,-0.445329316,-0.348704991,-0.01894452,3.414629649,3.421344323,3.260729792,-0.043201702,3.325479574,-0.107951484,0.000173667,0.000224075,0.000148658,0.000168596,0.001869655,0.001696569,0.001487957,0.001649296,0.000178188,0.000293655,0.000228928,0.000215261,,,,,Historical
2009-02-01,0.104623039,67.5,70.7,0.222983223,0.209891447,0.801,2.11,1.7,2.822,4.48,0.052382239,0.011688038,0.011487644,0.017711044,0.007079646,0.01426025,0.010396437,-0.040582726,-0.000305167,0.000666651,6.73e-05,0.001203844,0.000134171,0.866025404,0.5,3.366396033,-0.126,-1.034,-1.717,-2.438,0.08,-0.37,-0.92,-1.29,0.1,0.07,0.93,0.94,0.0,-1.0,-1.75,-2.75,-0.5,-1.23,-0.97,-1.44,0.016151,0.015507878,0.011013236,0.010992787,0.017676448,0.017679252,0.034914951,0.022429601,0.013054757,0.013941309,-0.012879416,-0.014932822,7.01e-05,0.000158142,-0.000463309,-0.00020779,-9.74e-05,0.000326532,0.000249023,0.000417628,0.000614923,5.17e-05,-0.050455565,0.043268811,-0.017767368,0.020090643,0.036088475,-0.293889428,0.185221675,-0.473891626,-0.502256256,-0.111783816,3.411196545,3.419753572,3.420185586,-0.053789553,3.407593281,-0.041197247,0.000147456,0.000114648,0.000125938,0.000161914,0.001821197,0.001633406,0.001403043,0.00159785,0.00019316,0.000174939,0.000207819,0.000210345,,,,,Historical
2009-03-01,0.077813218,67.5,70.5,0.223247027,0.210832266,0.416,1.95,1.84,2.322,4.34,-0.000171232,0.008623589,0.011553431,0.017716289,0.001757469,0.012433393,0.010986581,-0.029561063,-0.00029317,0.000734891,5.59e-05,0.001117549,0.000140432,1.0,6.12e-17,3.342,-0.385,-0.529,-1.461,-1.609,-0.16,0.26,-1.18,-0.98,0.14,0.24,1.03,0.98,-0.5,-1.0,-2.25,-2.75,-0.14,-1.03,-1.02,-1.46,0.015855964,0.0149923,0.011128544,0.011094789,0.017682349,0.017685053,0.033958892,0.022340605,0.014574216,0.013441704,-0.0207145,-0.019658167,6.7e-05,0.000724354,-0.001017525,-0.000255362,-3.78e-05,0.000326898,-0.000373423,0.001108314,0.000730498,4.39e-06,0.052382239,-0.019636328,0.009988698,-0.004485924,0.543071161,-0.292032967,0.10241064,-0.315045719,-0.445329316,-0.221530876,3.405777464,3.418961784,3.368789809,-0.026789809,3.407028964,-0.065028964,0.000150432,0.00013665,0.000109939,0.000154038,0.001803118,0.001577881,0.001321663,0.001540719,0.000165269,0.000189399,0.000188407,0.000208275,,,,,Historical
2009-04-01,0.051003397,67.4,70.8,0.22351083,0.211773084,0.247,2.01,2.1,2.072,3.99,0.063124561,0.005578681,0.011619115,0.017721519,-0.000877193,0.003524229,0.009922883,-0.018443545,-0.000281188,0.000803046,8.11e-05,0.001051594,0.000145384,0.866025404,-0.5,3.534747938,-0.169,-0.68,-1.968,-2.455,0.06,-0.02,-0.79,-1.03,0.26,0.5,0.43,1.25,-0.25,-0.75,-1.75,-2.5,-0.35,-0.99,-1.67,-1.61,0.015561765,0.014039346,0.011243589,0.011195223,0.017688233,0.01769079,0.025985663,0.021215533,0.015266623,0.01279607,-0.028494503,-0.02278043,6.88e-05,0.001289291,-0.001570479,-0.00030287,2.17e-05,0.000323325,-0.000994468,0.001797513,0.000845918,-4.29e-05,-0.000171232,-0.050455565,-0.043179274,0.047116317,0.497815534,0.036088475,0.321369326,-0.069371136,-0.473891626,-0.073000423,3.401429161,3.42145534,3.21752809,0.317219848,3.586927575,-0.052179638,0.000206657,0.000212405,9.32e-05,0.000143573,0.001819034,0.001576145,0.00124294,0.001476766,0.000188279,0.000211832,0.00016914,0.000204701,,,,,Historical
2009-05-01,0.042009375,67.5,72.2,0.225120879,0.21373392,0.197,2.57,2.3,2.072,3.82,0.025519465,0.005545116,0.011583606,0.017726734,0.007023705,0.0008726,0.012384688,-0.007228916,-0.000272447,0.000817341,0.000125483,0.001032199,0.00014333,0.5,-0.866025404,3.600810073,-0.05,-0.604,-1.638,-2.53,0.56,0.46,0.09,-0.77,0.2,0.6,0.67,1.71,0.0,-0.75,-1.75,-2.5,-0.17,-0.66,-1.89,-1.59,0.015298215,0.013099362,0.011303036,0.011279233,0.0176941,0.017696464,0.019660411,0.01942979,0.010700087,0.012293252,-0.036220003,-0.02429636,7.43e-05,0.000753657,-0.001026103,-0.000338443,6.6e-05,0.000320193,-0.000463393,0.001280734,0.000854925,-3.76e-05,0.063124561,0.052382239,0.043268811,-0.001352852,0.31372549,0.543071161,0.074069847,-0.074754622,-0.315045719,-0.155661224,3.401686426,3.425787586,3.366396033,0.234414039,3.597722892,0.003087181,0.000245865,0.000257257,9.16e-05,0.000133541,0.00184202,0.001635394,0.00117379,0.001409281,0.000219087,0.000208092,0.000158131,0.000198388,,,,,Historical
2009-06-01,0.033015354,67.4,72.9,0.226730928,0.215694757,0.243,2.57,2.18,2.072,4.1,0.020919219,0.005511559,0.011548183,0.017731933,0.003487358,-0.002599653,0.011916332,0.004084102,-0.000263724,0.000831605,0.000116296,0.000992651,0.000154327,1.22e-16,-1.0,3.651449232,0.046,-0.173,-0.702,-2.448,0.0,0.62,0.88,-0.85,-0.12,0.34,0.58,1.7,0.0,-0.25,-1.25,-2.5,0.28,-0.24,-1.27,-1.3,0.015035032,0.012172338,0.011362424,0.011346852,0.01769995,0.017702076,0.011607143,0.016606658,0.012971083,0.011942925,-0.043891571,-0.024202548,8.34e-05,0.000218166,-0.000481891,-0.000373937,0.000110212,0.000317501,6.75e-05,0.000764067,0.000863911,-3.23e-05,0.025519465,-0.000171232,-0.019636328,-0.005748025,0.182804983,0.497815534,-0.086175752,0.018914037,-0.069371136,-0.177112238,3.406574377,3.433061775,3.342,0.309449232,3.592793828,0.058655403,0.000200069,0.000294177,8.83e-05,0.00012656,0.001805292,0.001722631,0.001111744,0.001341561,0.000233912,0.000204174,0.00014774,0.000191756,,,,,Historical
2009-07-01,0.024021332,67.2,72.5,0.228340977,0.217655593,0.241,2.66,2.08,2.072,4.34,-0.021412251,0.005478009,0.011512845,0.017737117,-0.003475239,-0.009499136,0.011848839,0.015496809,-0.000255021,0.000845838,0.000125848,0.000980737,0.000136305,-0.5,-0.866025404,3.549497307,-0.002,-0.006,-0.686,-2.176,0.09,0.65,0.63,-0.71,-0.1,-0.02,0.48,1.32,0.0,0.0,-0.75,-2.5,0.24,0.35,-0.64,-1.23,0.014772216,0.011258265,0.011421755,0.011398117,0.017705783,0.017707625,0.010733453,0.012987683,0.008703172,0.011893808,-0.051509769,-0.022495425,9.63e-05,-0.000317179,6.22e-05,-0.000409351,0.00015433,0.000315248,0.000598326,0.000247512,0.000872877,-2.7e-05,0.020919219,0.063124561,-0.050455565,-0.063723426,0.142454896,0.31372549,-0.092325581,0.273837209,-0.074754622,-0.124102334,3.420212218,3.442630965,3.534747938,0.014749369,3.385843209,0.163654098,0.000180732,0.000314459,9.53e-05,0.000121986,0.001773152,0.001803724,0.001063096,0.001275526,0.000209858,0.000230857,0.000142325,0.000185626,,,,,Historical
2009-08-01,0.021012936,67.1,72.4,0.230544981,0.220161853,0.238,2.65,2.1,2.072,4.33,-0.019959437,0.004388192,0.011526714,0.017742286,0.0,-0.007785467,0.010110543,0.02701053,0.000310008,0.000229548,0.000102217,0.000961898,0.000119253,-0.866025404,-0.5,3.455572065,-0.003,0.041,-0.563,-2.28,-0.01,0.08,0.54,-0.38,0.02,-0.2,0.4,1.33,0.0,0.0,-0.75,-2.5,-0.01,0.51,-0.15,-1.12,0.011688038,0.010278031,0.011487644,0.011440907,0.017711044,0.017713111,0.01426025,0.009429315,0.010396437,0.011648457,-0.040582726,-0.019171263,0.000108965,-0.000305167,0.000615175,0.000158142,0.000151866,0.000313625,0.000666651,-0.000437103,0.000249023,-1.95e-05,-0.021412251,0.025519465,0.052382239,-0.017767368,-0.090187129,0.182804983,-0.190622598,0.276838329,0.018914037,-0.216031766,3.429765142,3.450328582,3.600810073,-0.145238007,3.340936975,0.11463509,0.000203586,0.000250253,0.000101139,0.000113539,0.001713327,0.001844928,0.001022771,0.001212907,0.000260821,0.000205477,0.000139838,0.000173829,,,,,Historical
2009-09-01,0.018004539,67.0,71.5,0.232748986,0.222668113,0.222,2.57,2.05,2.072,4.17,0.048537048,0.003300844,0.011540549,0.01774744,0.0,-0.008643042,0.006948609,0.038626609,0.000873606,-0.000385182,0.000165722,0.00100439,0.000121639,-1.0,-1.84e-16,3.602806966,-0.016,-0.021,-0.194,-1.655,-0.08,0.0,0.62,-0.56,-0.05,-0.13,0.21,1.24,0.0,0.0,-0.25,-2.5,-0.16,0.07,-0.17,-1.19,0.008623589,0.009231771,0.011553431,0.011475241,0.017716289,0.017718536,0.012433393,0.005879153,0.010986581,0.01101299,-0.029561063,-0.01422617,0.000121403,-0.00029317,0.001166776,0.000724354,0.000149251,0.000312645,0.000734891,-0.001120073,-0.000373423,-1.18e-05,-0.019959437,0.020919219,-0.000171232,0.009988698,-0.193839671,0.142454896,0.016777461,0.271763216,0.273837209,-0.064375182,3.447542741,3.457796185,3.651449232,-0.048642266,3.389475782,0.213331184,0.000151908,0.00023587,0.00011944,0.00011469,0.001605833,0.001842059,0.001003911,0.001162787,0.000256904,0.00023568,0.000136706,0.000162557,,,,,Historical
2009-10-01,0.014996143,67.1,71.5,0.23495299,0.225174373,0.232,2.7,2.02,2.072,4.2,0.040181891,0.002215956,0.011554348,0.017752579,-0.00087184,0.000873362,0.004528112,0.05034642,0.001435778,-0.000998357,0.000184292,0.001069041,0.000117626,-0.866025404,0.5,3.725233069,0.01,-0.009,-0.015,-1.983,0.13,0.04,0.69,-0.1,-0.03,-0.06,-0.08,0.35,0.0,0.0,0.0,-1.75,0.03,-0.14,0.21,-1.46,0.005578681,0.008119621,0.011619115,0.011501138,0.017721519,0.017723898,0.003524229,0.003786462,0.009922883,0.010118114,-0.018443545,-0.007656093,0.00013361,-0.000281188,0.001716966,0.001289291,0.000146487,0.000312321,0.000803046,-0.001801402,-0.000994468,-3.89e-06,0.048537048,-0.021412251,0.063124561,-0.043179274,0.020037337,-0.090187129,-0.197540473,0.275840598,0.276838329,-0.348704991,3.486251347,3.46543888,3.549497307,0.175735762,3.260729792,0.464503277,0.000181801,0.000251797,0.000136643,0.000114897,0.001523933,0.001856224,0.001006819,0.001124879,0.000260991,0.00023496,0.00013208,0.00015061,,,,,Historical
2009-11-01,0.126435525,67.3,71.4,0.236473562,0.227072015,0.228,2.41,2.1,2.072,4.26,-0.012111514,0.002943518,0.011504695,0.017757703,0.005235602,0.009640666,0.011081261,0.062171358,0.000947246,-0.000508066,0.000190407,0.001133504,0.000124384,-0.5,0.866025404,3.65573675,-0.004,-0.01,0.031,-1.607,-0.29,-0.24,-0.16,-0.07,0.08,0.0,-0.2,0.47,0.0,0.0,0.0,-1.75,0.06,-0.07,0.44,-1.45,0.005545116,0.007090063,0.011583606,0.011517943,0.017726734,0.017729198,0.0008726,0.002951483,0.012384688,0.010149878,-0.007228916,0.000543187,0.000149742,-0.000272447,0.001219693,0.000753657,0.00019359,0.000308598,0.000817341,-0.001325407,-0.000463393,-4.47e-05,0.040181891,-0.019959437,0.025519465,0.043268811,0.034163006,-0.193839671,-0.293889428,0.644228904,0.271763216,-0.502256256,3.505880611,3.471037813,3.455572065,0.200164685,3.420185586,0.235551164,0.000134575,0.000340218,0.000147464,0.00011955,0.001447098,0.001935143,0.001023704,0.001098747,0.00020938,0.000258233,0.000128922,0.000143527,,,,,Historical
2009-12-01,0.237874908,67.1,70.9,0.237994135,0.228969657,0.202,2.74,2.17,2.072,4.03,-0.015725446,0.003670443,0.011455097,0.017762812,-0.003472222,0.013239188,0.006788781,0.074102843,0.000458988,-1.81e-05,0.00019195,0.001203424,0.000120197,-2.45e-16,1.0,3.574755568,-0.026,-0.02,-0.041,-0.743,0.33,0.17,0.17,1.05,0.07,0.12,-0.01,0.57,0.0,0.0,0.0,-1.25,-0.23,-0.14,-0.07,-1.34,0.005511559,0.006143013,0.011548183,0.011525665,0.017731933,0.017734437,-0.002599653,0.003087487,0.011916332,0.009634686,0.004084102,0.010376054,0.000169811,-0.000263724,0.000722713,0.000218166,0.000240822,0.000301466,0.000831605,-0.000849655,6.75e-05,-8.56e-05,-0.012111514,0.048537048,0.020919219,-0.019636328,-0.121519585,0.020037337,-0.292032967,1.045604396,0.275840598,-0.445329316,3.523044424,3.473335015,3.602806966,-0.028051397,3.368789809,0.205965759,0.000136604,0.000174673,0.000160073,0.000124162,0.001364925,0.001877075,0.001058832,0.001085288,0.000216675,0.000229942,0.000123234,0.000135487,,,,,Historical
2010-01-01,0.34931429,67.0,69.8,0.239514707,0.230867299,0.179,2.46,2.13,2.072,4.0,-0.006998904,0.004396732,0.011405552,0.017767907,0.00261324,0.018584071,0.009067728,0.086142322,-2.9e-05,0.00047169,0.000172213,0.001260047,0.000113293,0.5,0.866025404,3.526362069,-0.023,-0.053,-0.062,-0.748,-0.28,-0.24,-0.2,0.43,-0.04,0.11,0.05,0.53,0.0,0.0,0.0,-0.75,-0.03,-0.2,-0.34,-0.98,0.005478009,0.00527839,0.011512845,0.011524315,0.017737117,0.017739614,-0.009499136,0.003741705,0.011848839,0.009665066,0.015496809,0.021847062,0.000193826,-0.000255021,0.000226025,-0.000317179,0.000288184,0.000290913,0.000845838,-0.000374148,0.000598326,-0.000126636,-0.015725446,0.040181891,-0.021412251,-0.050455565,-0.255842063,0.034163006,0.036088475,1.150174622,0.644228904,-0.473891626,3.548780589,3.481705119,3.725233069,-0.198871001,3.21752809,0.308833979,8.35e-05,0.000173667,0.0001678,0.000131557,0.001272626,0.001869655,0.001105384,0.00108424,0.000168795,0.000178188,0.000119399,0.000130862,,,,,Historical
2010-02-01,0.336327625,66.9,70.0,0.240513814,0.232461514,0.17,2.54,2.11,2.072,3.93,0.05330858,0.005264888,0.011364998,0.017710836,0.004344049,0.015817223,0.005218658,0.07421754,-5.16e-06,0.000534052,0.00012766,0.00126679,0.000119125,0.866025404,0.5,3.733933362,-0.009,-0.058,-0.068,-0.631,0.08,0.13,-0.11,0.43,-0.02,0.01,0.01,0.41,0.0,0.0,0.0,-0.75,-0.07,-0.33,-0.4,-0.55,0.004388192,0.004743127,0.011526714,0.011514094,0.017742286,0.017739596,-0.007785467,0.003871453,0.010110543,0.009233584,0.02701053,0.031413751,0.000218827,0.000310008,-0.000315168,-0.000305167,0.000300007,0.000279863,0.000229548,0.000304504,0.000666651,-0.000132599,-0.006998904,-0.012111514,-0.019959437,0.052382239,-0.100162426,-0.121519585,0.543071161,0.86741573,1.045604396,-0.315045719,3.5794087,3.495302622,3.65573675,0.078196612,3.366396033,0.367537329,6.73e-05,0.000147456,0.000172041,0.00013659,0.001203844,0.001821197,0.001156199,0.001089485,0.000134171,0.00019316,0.000119377,0.000129608,,,,,Historical
2010-03-01,0.323340961,67.0,70.0,0.241512922,0.234055729,0.289,2.9,1.83,2.072,3.91,0.007481401,0.00613275,0.011324512,0.017653934,0.0,0.014035088,0.005961366,0.062461538,1.86e-05,0.000596321,0.000132374,0.001272606,0.000124758,1.0,6.12e-17,3.776681147,0.119,0.087,0.067,-0.127,0.36,0.16,0.33,0.95,-0.28,-0.34,-0.22,-0.01,0.0,0.0,0.0,-0.25,-0.02,-0.12,-0.26,-0.43,0.003300844,0.004535557,0.011540549,0.011495018,0.01774744,0.0177344,-0.008643042,0.004004927,0.006948609,0.008814816,0.038626609,0.039082301,0.000244811,0.000873606,-0.000854967,-0.00029317,0.000311809,0.000268315,-0.000385182,0.000981503,0.000734891,-0.00013857,0.05330858,-0.015725446,0.048537048,-0.000171232,0.462294424,-0.255842063,0.497815534,0.769660194,1.150174622,-0.069371136,3.615632129,3.510704797,3.574755568,0.201925578,3.342,0.434681147,5.59e-05,0.000150432,0.000166483,0.000142962,0.001117549,0.001803118,0.001200902,0.001102407,0.000140432,0.000165269,0.000119897,0.000128302,,,,,Historical
2010-04-01,0.310354296,67.1,70.7,0.242512029,0.235649944,0.401,3.09,1.69,2.072,4.35,0.006658315,0.007000316,0.011284094,0.017597199,0.003460208,0.018437226,0.009442225,0.050870761,4.24e-05,0.000658496,0.000134541,0.00127225,0.000132911,0.866025404,-0.5,3.816833842,0.112,0.222,0.169,0.154,0.19,0.63,0.39,1.08,-0.14,-0.44,-0.33,-0.41,0.0,0.0,0.0,0.0,0.44,0.35,0.15,0.36,0.002215956,0.004654027,0.011554348,0.0114671,0.017752579,0.01772404,0.000873362,0.005247677,0.004528112,0.008774762,0.05034642,0.044858493,0.000271777,0.001435778,-0.001393376,-0.000281188,0.00032359,0.00025627,-0.000998357,0.001656852,0.000803046,-0.00014455,0.007481401,-0.006998904,0.040181891,0.063124561,0.430530791,-0.100162426,0.31372549,0.690163669,0.86741573,-0.074754622,3.639139288,3.520284224,3.526362069,0.290471773,3.534747938,0.282085904,8.11e-05,0.000206657,0.000158191,0.000147417,0.001051594,0.001819034,0.00123477,0.001120795,0.000145384,0.000188279,0.000122445,0.000127262,,,,,Historical
2010-05-01,0.376833582,67.1,72.2,0.24290732,0.237098644,0.427,2.55,1.63,2.072,4.5,0.020342414,0.008630757,0.011247813,0.017540632,0.002586207,0.013949433,0.006924135,0.039441748,-8.29e-05,0.000774298,0.000162196,0.001246218,0.000185703,0.5,-0.866025404,3.910621716,0.026,0.257,0.199,0.23,-0.54,0.01,0.14,-0.02,-0.06,-0.48,-0.47,-0.67,0.0,0.0,0.0,0.0,0.15,0.57,0.24,0.68,0.002943518,0.004911164,0.011504695,0.011439117,0.017757703,0.017708532,0.009640666,0.006337413,0.011081261,0.008319715,0.062171358,0.048747715,0.000287574,0.000947246,-0.001030125,-0.000272447,0.000189568,0.000252683,-0.000508066,0.001282364,0.000817341,-4.3e-05,0.006658315,0.05330858,-0.012111514,0.025519465,0.044870566,0.462294424,0.182804983,0.344270384,0.769660194,0.018914037,3.664956925,3.533321675,3.733933362,0.176688354,3.600810073,0.309811643,0.000125483,0.000245865,0.000153489,0.000150476,0.001032199,0.00184202,0.001253556,0.00113863,0.00014333,0.000219087,0.000132664,0.000130793,,,,,Historical
2010-06-01,0.443312868,67.2,73.3,0.243302612,0.238547344,0.579,2.32,1.69,2.322,4.38,-0.026223476,0.010260936,0.011211617,0.017484231,-0.000859845,0.009556907,0.010122562,0.028171136,-0.000207858,0.00088982,0.000166301,0.00121737,0.000193385,1.22e-16,-1.0,3.824474725,0.152,0.29,0.377,0.336,-0.23,-0.58,-0.42,-0.25,0.06,-0.14,-0.48,-0.49,0.25,0.25,0.25,0.25,-0.12,0.47,0.35,0.28,0.003670443,0.005306945,0.011455097,0.01141107,0.017762812,0.01768789,0.013239188,0.00735046,0.006788781,0.008170235,0.074102843,0.050754968,0.000292229,0.000458988,-0.000666846,-0.000263724,5.59e-05,0.000257534,-1.81e-05,0.000907871,0.000831605,5.82e-05,0.020342414,0.007481401,-0.015725446,0.020919219,-0.131033217,0.430530791,0.142454896,-0.012410053,0.690163669,0.273837209,3.679375716,3.542975046,3.776681147,0.047793578,3.651449232,0.173025494,0.000116296,0.000200069,0.000149214,0.000154643,0.000992651,0.001805292,0.00125588,0.001157356,0.000154327,0.000233912,0.000144863,0.000134048,,,,,Historical
2010-07-01,0.509792154,67.2,73.0,0.243697903,0.239996044,0.641,2.44,1.62,2.572,4.22,-0.038310119,0.011890855,0.011175505,0.017427995,0.005163511,0.018308631,0.013228467,0.017055655,-0.000332535,0.001005064,0.000157591,0.001199423,0.000173819,-0.5,-0.866025404,3.695348632,0.062,0.24,0.462,0.4,0.12,-0.65,-0.02,-0.22,-0.07,-0.07,-0.51,-0.46,0.25,0.5,0.5,0.5,-0.16,-0.13,0.22,-0.12,0.004396732,0.005841349,0.011405552,0.011382958,0.017767907,0.01766213,0.018584071,0.009667774,0.009067728,0.008285204,0.086142322,0.050884872,0.00028577,-2.9e-05,-0.000303539,-0.000255021,-7.75e-05,0.000270803,0.00047169,0.000533374,0.000845838,0.000159226,-0.026223476,0.006658315,-0.006998904,-0.021412251,-0.108553326,0.044870566,-0.090187129,-0.229392971,0.344270384,0.276838329,3.691529993,3.555871105,3.816833842,-0.12148521,3.549497307,0.145851325,0.000125848,0.000180732,0.000146777,0.000157289,0.000980737,0.001773152,0.001245776,0.00117558,0.000136305,0.000209858,0.00015495,0.000137174,,,,,Historical
2010-08-01,0.542829931,67.3,72.8,0.2441347,0.241450389,0.692,2.08,1.6,2.572,4.02,-0.000845866,0.013893993,0.011142648,0.017371924,-0.000856164,0.017436792,0.015713357,0.006092125,0.000234532,0.000341814,0.000150347,0.001183147,0.000164931,-0.866025404,-0.5,3.706947275,0.051,0.265,0.522,0.454,-0.36,-0.47,-0.46,-0.57,-0.02,-0.03,-0.51,-0.5,0.0,0.5,0.5,0.5,-0.2,-0.48,0.09,-0.31,0.005264888,0.006633499,0.011364998,0.011350952,0.017710836,0.017631266,0.015817223,0.011769629,0.005218658,0.008752105,0.07421754,0.049141671,0.00027948,-5.16e-06,0.000239693,0.000310008,-7.55e-05,0.000280158,0.000534052,-0.000192238,0.000229548,0.000112266,-0.038310119,0.020342414,0.05330858,-0.019959437,-0.222459133,-0.131033217,-0.193839671,-0.341426708,-0.012410053,0.271763216,3.712477927,3.571121535,3.910621716,-0.203674441,3.455572065,0.25137521,0.000102217,0.000203586,0.000150558,0.000161299,0.000961898,0.001713327,0.001231836,0.001194017,0.000119253,0.000260821,0.000162585,0.000140981,,,,,Historical
2010-09-01,0.575867707,67.2,71.9,0.244571497,0.242904733,0.893,2.01,1.35,2.822,3.8,0.021286004,0.015896931,0.011109874,0.017316017,0.001713796,0.019180471,0.01510168,-0.00472255,0.000800063,-0.000319639,0.000138628,0.001175007,0.000146898,-1.0,-1.84e-16,3.801859431,0.201,0.314,0.604,0.671,-0.07,-0.31,-0.89,-0.56,-0.25,-0.34,-0.48,-0.7,0.25,0.5,0.75,0.75,-0.22,-0.58,-0.11,-0.37,0.00613275,0.007683173,0.011324512,0.011315063,0.017653934,0.017595314,0.014035088,0.014088255,0.005961366,0.009431527,0.062461538,0.045529241,0.000273352,1.86e-05,0.000781425,0.000873606,-7.35e-05,0.00028562,0.000596321,-0.00091596,-0.000385182,6.55e-05,-0.000845866,-0.026223476,0.007481401,0.048537048,-0.061395491,-0.108553326,0.020037337,-0.23322962,-0.229392971,0.275840598,3.729065632,3.588304187,3.824474725,-0.022615295,3.602806966,0.199052465,0.000165722,0.000151908,0.0001516,0.000159042,0.00100439,0.001605833,0.001215569,0.001208236,0.000121639,0.000256904,0.000166275,0.000143086,,,,,Historical
2010-10-01,0.608905484,67.0,71.8,0.245008294,0.244359078,0.915,2.06,1.44,2.822,3.72,0.037659807,0.017899668,0.011077184,0.017260274,0.00427716,0.02443281,0.01186955,-0.015391381,0.001364065,-0.000979303,0.000126582,0.0011633,0.000136637,-0.866025404,0.5,3.963635552,0.022,0.274,0.514,0.683,0.05,-0.38,-1.03,-0.64,0.09,-0.18,-0.25,-0.58,0.0,0.25,0.75,0.75,-0.08,-0.5,-0.63,-0.48,0.007000316,0.008990149,0.011284094,0.011275299,0.017597199,0.017554289,0.018437226,0.016051542,0.009442225,0.010043314,0.050870761,0.040051091,0.000267376,4.24e-05,0.001321663,0.001435778,-7.17e-05,0.000287208,0.000658496,-0.001637799,-0.000998357,1.91e-05,0.021286004,-0.038310119,0.006658315,0.040181891,0.024184386,-0.222459133,0.034163006,-0.23011225,-0.341426708,0.644228904,3.748932506,3.617591927,3.695348632,0.26828692,3.725233069,0.238402482,0.000184292,0.000181801,0.000150274,0.000154232,0.001069041,0.001523933,0.001197411,0.001216091,0.000117626,0.000260991,0.000166896,0.00014467,,,,,Historical
2010-11-01,0.659802162,66.9,71.7,0.245442208,0.245841076,0.982,2.48,1.45,2.822,3.65,-0.012926615,0.019296911,0.010910478,0.017204693,0.000851789,0.019965278,0.007732183,-0.025917298,0.000858442,-0.000497233,0.000188441,0.001189637,0.000160292,-0.5,0.866025404,3.928520179,0.067,0.29,0.555,0.754,0.42,0.4,-0.07,0.07,0.01,-0.15,-0.18,-0.65,0.0,0.25,0.75,0.75,-0.07,-0.37,-0.85,-0.61,0.008630757,0.010352932,0.011247813,0.011225781,0.017540632,0.017508204,0.013949433,0.016911926,0.006924135,0.009764224,0.039441748,0.03271037,0.000259975,-8.29e-05,0.000941321,0.000947246,-8.88e-05,0.000288111,0.000774298,-0.001271531,-0.000508066,1.08e-05,0.037659807,-0.000845866,0.020342414,-0.012111514,0.058795563,-0.061395491,-0.121519585,-0.211774422,-0.23322962,1.045604396,3.771664458,3.638772535,3.706947275,0.221572904,3.65573675,0.272783429,0.000190407,0.000134575,0.000154648,0.000154069,0.001133504,0.001447098,0.001187981,0.001220768,0.000124384,0.00020938,0.00016266,0.000147662,,,,,Historical
2010-12-01,0.710698841,67.0,71.5,0.245876122,0.247323075,0.998,2.45,1.47,2.822,3.7,-0.017913993,0.020690908,0.010743938,0.017149275,0.0,0.023519164,0.010726764,-0.036303153,0.000353052,-1.54e-05,0.000135896,0.001206947,0.000116917,-2.45e-16,1.0,3.874407924,0.016,0.105,0.419,0.796,-0.03,0.44,0.13,-0.29,0.02,0.12,-0.22,-0.7,0.0,0.0,0.5,0.75,0.05,-0.1,-0.68,-0.33,0.010260936,0.011771304,0.011211617,0.011166518,0.017484231,0.017457076,0.009556907,0.017768591,0.010122562,0.010092389,0.028171136,0.02350987,0.000251147,-0.000207858,0.000560909,0.000458988,-0.000105937,0.000288333,0.00088982,-0.000905204,-1.81e-05,2.67e-06,-0.012926615,0.021286004,-0.026223476,-0.015725446,-0.025594971,0.024184386,-0.255842063,-0.125705077,-0.23011225,1.150174622,3.796635488,3.659839956,3.801859431,0.072548494,3.574755568,0.299652356,0.00019195,0.000136604,0.000149581,0.000149397,0.001203424,0.001364925,0.001186243,0.001221062,0.000120197,0.000216675,0.000149916,0.000147389,,,,,Historical
2011-01-01,0.761595519,67.2,70.5,0.246310036,0.248805073,0.986,2.56,1.64,2.822,3.75,-0.010492903,0.022081669,0.010577563,0.017094017,0.002553191,0.023457863,0.015527138,-0.046551724,-0.000152107,0.000466245,0.00014089,0.0012226,0.000123368,0.5,0.866025404,3.849566004,-0.012,0.071,0.345,0.807,0.11,0.5,0.12,0.1,0.17,0.2,0.02,-0.49,0.0,0.0,0.25,0.75,0.05,0.03,-0.47,-0.25,0.011890855,0.013245049,0.011175505,0.011097519,0.017427995,0.017400919,0.018308631,0.01817474,0.013228467,0.010630674,0.017055655,0.012452033,0.000240888,-0.000332535,0.000180428,-2.9e-05,-0.000123111,0.000287879,0.001005064,-0.000538819,0.00047169,-5.45e-06,-0.017913993,0.037659807,-0.038310119,-0.006998904,-0.327956989,0.058795563,-0.100162426,-0.21043133,-0.211774422,0.86741573,3.823569149,3.686174869,3.963635552,-0.114069548,3.526362069,0.323203935,0.000172213,8.35e-05,0.000146797,0.000146787,0.001260047,0.001272626,0.001190106,0.001217941,0.000113293,0.000168795,0.000141507,0.000148229,,,,,Historical
2011-02-01,0.568239846,67.1,70.7,0.24606807,0.249583478,0.967,2.61,1.53,2.822,3.88,0.062794978,0.021643221,0.01039645,0.016661118,0.002546689,0.021626298,0.015078963,-0.039881725,-0.000183021,0.000545124,0.00010842,0.001223167,0.000106634,0.866025404,0.5,4.086426801,-0.019,-0.015,0.275,0.797,0.05,0.13,0.53,0.07,-0.11,0.08,-0.07,-0.58,0.0,0.0,0.25,0.75,0.13,0.23,-0.14,-0.05,0.013893993,0.01460991,0.011142648,0.011016806,0.017371924,0.017313442,0.017436792,0.01865883,0.015713357,0.011452366,0.006092125,0.002943761,0.000226066,0.000234532,-0.000417553,-5.16e-06,-0.00017786,0.000288802,0.000341814,0.00020331,0.000534052,1.11e-05,-0.010492903,-0.012926615,-0.000845866,0.05330858,-0.040228571,-0.025594971,0.462294424,-0.157841957,-0.125705077,0.769660194,3.852943602,3.716176151,3.928520179,0.157906621,3.733933362,0.352493439,0.00012766,6.73e-05,0.00013981,0.000145184,0.00126679,0.001203844,0.001196776,0.001214306,0.000119125,0.000134171,0.000131791,0.000147188,,,,,Historical
2011-03-01,0.374884173,67.0,70.5,0.245826105,0.250361882,0.918,2.71,1.52,2.822,3.9,0.006374189,0.021205678,0.010215628,0.016229449,0.011007621,0.032871972,0.013075342,-0.033159571,-0.000213899,0.000623913,9.21e-05,0.001197502,0.000116342,1.0,6.12e-17,4.099931107,-0.049,-0.08,0.025,0.629,0.1,0.26,0.7,-0.19,-0.01,0.05,0.17,-0.31,0.0,0.0,0.0,0.75,0.02,0.2,0.1,-0.01,0.015896931,0.015865987,0.011109874,0.010924399,0.017316017,0.017194735,0.019180471,0.02022857,0.01510168,0.012045197,-0.00472255,-0.005024665,0.000206688,0.000800063,-0.001013962,1.86e-05,-0.000232537,0.000291101,-0.000319639,0.000943552,0.000596321,2.76e-05,0.062794978,-0.017913993,0.021286004,0.007481401,0.442486306,-0.327956989,0.430530791,-0.16924976,-0.21043133,0.690163669,3.879881099,3.747756614,3.874407924,0.225523182,3.776681147,0.32324996,0.000132374,5.59e-05,0.000132051,0.000141826,0.001272606,0.001117549,0.001200525,0.001208047,0.000124758,0.000140432,0.000126698,0.000146486,,,,,Historical
2011-04-01,0.1815285,67.1,71.2,0.245584139,0.251140287,0.979,2.65,1.49,2.822,4.07,0.044051638,0.020769038,0.010035095,0.015799004,0.003350084,0.032758621,0.012694195,-0.026384649,-0.000244741,0.000702609,0.000137796,0.001234814,9.93e-05,0.866025404,-0.5,4.271462486,0.061,-0.007,0.064,0.578,-0.06,0.09,0.59,-0.44,-0.03,-0.15,0.05,-0.2,0.0,0.0,0.0,0.75,0.17,0.32,0.35,-0.28,0.017899668,0.01701338,0.011077184,0.010820316,0.017260274,0.017044886,0.02443281,0.02142202,0.01186955,0.012316195,-0.015391381,-0.011462616,0.00018276,0.001364065,-0.001608806,4.24e-05,-0.000287143,0.000294777,-0.000979303,0.001681913,0.000658496,4.41e-05,0.006374189,-0.010492903,0.037659807,0.006658315,0.483407628,-0.040228571,0.044870566,-0.138542665,-0.157841957,0.344270384,3.917766819,3.778453053,3.849566004,0.421896482,3.816833842,0.454628644,0.000134541,8.11e-05,0.00013392,0.000142097,0.00127225,0.001051594,0.001212444,0.001204928,0.000132911,0.000145384,0.000120474,0.000143685,,,,,Historical
2011-05-01,0.577098547,66.8,72.6,0.245547122,0.252143911,0.959,2.4,1.49,2.822,4.03,0.017793694,0.023685002,0.009957153,0.015369779,0.006677796,0.036973345,0.009260815,-0.019556334,-0.000378299,0.000833387,0.000139796,0.001210258,0.000163125,0.5,-0.866025404,4.334879428,-0.02,-0.008,-0.023,0.532,-0.25,-0.21,-0.08,-0.15,0.0,-0.04,0.04,-0.14,0.0,0.0,0.0,0.75,-0.04,0.15,0.38,-0.47,0.019296911,0.018267901,0.010910478,0.010712761,0.017204693,0.016863981,0.019965278,0.023340679,0.007732183,0.012510918,-0.025917298,-0.016379122,0.000158141,0.000858442,-0.001236742,-8.29e-05,-0.00029542,0.000299701,-0.000497233,0.00133062,0.000774298,5.91e-05,0.044051638,0.062794978,-0.012926615,0.020342414,-0.023038397,0.442486306,-0.131033217,-0.194531107,-0.16924976,-0.012410053,3.953121629,3.809039277,4.086426801,0.248452628,3.910621716,0.424257712,0.000162196,0.000125483,0.000125812,0.00014023,0.001246218,0.001032199,0.001215881,0.001201931,0.000185703,0.00014333,0.000120946,0.000141803,,,,,Historical
2011-06-01,0.972668595,66.9,73.4,0.245510104,0.253147534,0.915,2.3,1.53,2.822,3.8,-0.023217329,0.026591089,0.009879388,0.014941768,-0.006633499,0.030981067,0.007773798,-0.012673993,-0.000511588,0.000963901,0.000239641,0.001316155,0.000132007,1.22e-16,-1.0,4.222509461,-0.044,-0.003,-0.083,0.336,-0.1,-0.41,-0.15,-0.02,0.04,0.01,0.06,-0.16,0.0,0.0,0.0,0.5,-0.23,-0.1,0.1,-0.58,0.020690908,0.019628747,0.010743938,0.010601742,0.017149275,0.016652109,0.023519164,0.025126026,0.010726764,0.012315188,-0.036303153,-0.019782883,0.00013283,0.000353052,-0.00086464,-0.000207858,-0.00030373,0.000305875,-1.54e-05,0.000979284,0.00088982,7.41e-05,0.017793694,0.006374189,-0.017913993,-0.026223476,0.112554113,0.483407628,-0.108553326,0.0312566,-0.138542665,-0.229392971,3.98629119,3.832833453,4.099931107,0.122578354,3.824474725,0.398034735,0.000166301,0.000116296,0.000143103,0.000146342,0.00121737,0.000992651,0.001234083,0.001210163,0.000193385,0.000154327,0.000123461,0.000136688,,,,,Historical
2011-07-01,1.368238642,66.8,73.2,0.245473087,0.254151158,0.934,2.15,1.41,2.822,3.77,-0.033399005,0.029487349,0.009801799,0.014514966,0.001669449,0.02739726,0.004943076,-0.005736981,-0.000644607,0.00109415,0.000186439,0.001351995,0.00014876,-0.5,-0.866025404,4.071424767,0.019,-0.045,-0.052,0.293,-0.15,-0.5,-0.41,-0.29,-0.12,-0.08,-0.23,-0.21,0.0,0.0,0.0,0.25,-0.03,-0.3,0.02,-0.45,0.022081669,0.021095121,0.010577563,0.010487266,0.017094017,0.016409357,0.023457863,0.025883412,0.015527138,0.011624738,-0.046551724,-0.02168227,0.000106824,-0.000152107,-0.0004925,-0.000332535,-0.000312072,0.000313299,0.000466245,0.000627906,0.001005064,8.91e-05,-0.023217329,0.044051638,-0.010492903,-0.038310119,0.019762441,-0.023038397,-0.222459133,0.179696754,-0.194531107,-0.341426708,4.017630868,3.85458043,4.271462486,-0.200037719,3.695348632,0.376076135,0.000157591,0.000125848,0.000150694,0.000148746,0.001199423,0.000980737,0.001255648,0.001222877,0.000173819,0.000136305,0.000127693,0.0001346,,,,,Historical
2011-08-01,1.177069935,66.7,73.1,0.245475454,0.255138001,0.932,1.68,1.41,2.822,3.72,-0.018313568,0.030123746,0.009709985,0.014089368,0.0025,0.030848329,0.003426481,0.001255354,-8.12e-05,0.000507615,0.000182881,0.001394156,0.000138847,-0.866025404,-0.5,3.985453205,-0.002,-0.027,-0.035,0.24,-0.47,-0.72,-0.93,-0.4,0.0,-0.08,-0.12,-0.19,0.0,0.0,0.0,0.25,-0.05,-0.31,-0.16,-0.3,0.021643221,0.022447601,0.01039645,0.010367878,0.016661118,0.016135811,0.021626298,0.02700104,0.015078963,0.010600832,-0.039881725,-0.022085334,8.05e-05,-0.000183021,0.000101778,0.000234532,-0.000315775,0.000327115,0.000545124,-3.75e-05,0.000341814,0.000165801,-0.033399005,0.017793694,0.062794978,-0.000845866,-0.228537002,0.112554113,-0.061395491,0.17047532,0.0312566,-0.23322962,4.040839695,3.876658811,4.334879428,-0.349426224,3.706947275,0.278505929,0.000150347,0.000102217,0.000163104,0.000151457,0.001183147,0.000961898,0.001284147,0.001240461,0.000164931,0.000119253,0.000133062,0.000132427,,,,,Historical
2011-09-01,0.985901228,66.7,72.2,0.245477821,0.256124844,0.868,1.44,1.27,2.822,3.62,0.029867724,0.03075757,0.0096184,0.013664969,0.002493766,0.031650984,0.004655794,0.008303677,0.000480758,-7.75e-05,0.000159641,0.001412109,0.000140306,-1.0,-1.84e-16,4.093905882,-0.064,-0.047,-0.05,-0.025,-0.24,-0.86,-1.27,-0.57,-0.14,-0.26,-0.25,-0.08,0.0,0.0,0.0,0.0,-0.1,-0.18,-0.28,-0.18,0.021205678,0.023685987,0.010215628,0.010243588,0.016229449,0.015831557,0.032871972,0.028040249,0.013075342,0.009730342,-0.033159571,-0.020999815,5.39e-05,-0.000213899,0.000694657,0.000800063,-0.000319305,0.000347294,0.000623913,-0.000701413,-0.000319639,0.000242138,-0.018313568,-0.023217329,0.006374189,0.021286004,-0.045945594,0.019762441,0.024184386,0.189741925,0.179696754,-0.23011225,4.0651769,3.897121266,4.222509461,-0.128603578,3.801859431,0.292046452,0.000138628,0.000165722,0.000174365,0.000153208,0.001175007,0.00100439,0.001319915,0.00126022,0.000146898,0.000121639,0.000137056,0.000131877,,,,,Historical
2011-10-01,0.794732521,66.7,72.0,0.245480188,0.257111687,0.865,1.6,1.3,2.822,3.55,0.021882805,0.031388836,0.00952704,0.013241763,0.001658375,0.028960818,0.006649876,0.015408665,0.0010414,-0.000661202,0.000200062,0.001479998,0.000130776,-0.866025404,0.5,4.171902353,-0.003,-0.069,-0.114,-0.05,0.16,-0.55,-1.05,-0.46,0.03,-0.11,-0.19,-0.14,0.0,0.0,0.0,0.0,-0.07,-0.22,-0.52,-0.17,0.020769038,0.024810085,0.010035095,0.01011441,0.015799004,0.015496681,0.032758621,0.028417583,0.012694195,0.009295369,-0.026384649,-0.018433144,2.7e-05,-0.000244741,0.001286141,0.001364065,-0.000322665,0.000373802,0.000702609,-0.001363811,-0.000979303,0.000318101,0.029867724,-0.033399005,0.044051638,0.037659807,0.012414734,-0.228537002,0.058795563,0.176069731,0.17047532,-0.211774422,4.082532466,3.915732486,4.071424767,0.100477586,3.963635552,0.208266802,0.000126582,0.000184292,0.000184743,0.000159331,0.0011633,0.001069041,0.001360778,0.001286611,0.000136637,0.000117626,0.000142304,0.000131389,,,,,Historical
2011-11-01,0.550865112,66.6,71.7,0.246681682,0.259407542,0.886,1.46,1.14,2.822,3.58,0.007020242,0.02899362,0.00976029,0.012819747,0.000827815,0.02893617,0.006642978,0.022571001,0.000617826,-0.000274667,0.000221108,0.001523323,0.000177205,-0.5,0.866025404,4.188703406,0.021,-0.046,-0.073,-0.096,-0.14,-0.22,-0.94,-1.02,-0.16,-0.27,-0.35,-0.31,0.0,0.0,0.0,0.0,0.03,-0.14,-0.45,-0.07,0.023685002,0.025618144,0.009957153,0.010018561,0.015369779,0.015131268,0.036973345,0.029165158,0.009260815,0.009204602,-0.019556334,-0.014392453,6.96e-06,-0.000378299,0.000996125,0.000858442,-0.000240617,0.000392349,0.000833387,-0.001108054,-0.000497233,0.000222566,0.021882805,-0.018313568,0.017793694,-0.012926615,0.000539011,-0.045945594,-0.025594971,0.111360575,0.189741925,-0.125705077,4.104214402,3.93793943,3.985453205,0.203250201,3.928520179,0.260183227,0.000188441,0.000190407,0.000198295,0.000162054,0.001189637,0.001133504,0.001412956,0.001314419,0.000160292,0.000124384,0.00014465,0.000132798,,,,,Historical
2011-12-01,0.306997703,66.5,71.4,0.247883177,0.261703396,0.826,1.28,1.03,2.822,3.56,-0.0604532,0.026610503,0.009993383,0.012398914,-0.005789909,0.022978723,0.004776084,0.029791385,0.000194563,0.000111583,0.00018994,0.00156957,0.000142013,-2.45e-16,1.0,3.931204547,-0.06,-0.042,-0.089,-0.172,-0.18,-0.16,-1.02,-1.17,-0.11,-0.24,-0.5,-0.44,0.0,0.0,0.0,0.0,-0.02,-0.06,-0.24,-0.14,0.026591089,0.026111443,0.009879388,0.009956015,0.014941768,0.014735405,0.030981067,0.029120121,0.007773798,0.008708712,-0.012673993,-0.008884575,-6.25e-06,-0.000511588,0.000706151,0.000353052,-0.000158488,0.00040293,0.000963901,-0.000852318,-1.54e-05,0.000126966,0.007020242,0.029867724,-0.023217329,-0.017913993,-0.06962963,0.012414734,-0.327956989,0.061136713,0.176069731,-0.21043133,4.108947454,3.952791471,4.093905882,-0.162701335,3.874407924,0.056796623,0.000135896,0.00019195,0.000190012,0.000166557,0.001206947,0.001203424,0.001455192,0.001344637,0.000116917,0.000120197,0.000146318,0.00013489,,,,,Historical
2012-01-01,0.063130294,66.6,70.2,0.249084671,0.263999251,0.877,1.36,1.02,2.822,3.51,0.028698963,0.024239394,0.010226322,0.01197926,0.004159734,0.024617997,0.00334111,0.037070524,-0.000228387,0.000497548,0.000126855,0.001510424,0.000183746,0.5,0.866025404,4.033609416,0.051,0.012,-0.057,-0.109,0.08,-0.24,-0.79,-1.2,-0.01,-0.28,-0.39,-0.62,0.0,0.0,0.0,0.0,-0.05,-0.04,-0.26,-0.24,0.029487349,0.026291254,0.009801799,0.009926744,0.014514966,0.014309175,0.02739726,0.029216799,0.004943076,0.007693209,-0.005736981,-0.001916054,-1.26e-05,-0.000644607,0.00041622,-0.000152107,-7.63e-05,0.000405538,0.00109415,-0.000596602,0.000466245,3.13e-05,-0.0604532,0.021882805,-0.033399005,-0.010492903,-0.336276781,0.000539011,-0.040228571,0.048,0.111360575,-0.157841957,4.124284405,3.973926777,4.171902353,-0.138292937,3.849566004,0.184043412,0.00014089,0.000172213,0.000180081,0.000165388,0.0012226,0.001260047,0.001481597,0.001368623,0.000123368,0.000113293,0.000152149,0.000139921,,,,,Historical
2012-02-01,0.150443874,66.4,70.4,0.248759411,0.26467739,0.941,1.44,0.88,2.822,3.43,0.078124339,0.024729171,0.01033927,0.011982198,0.004142502,0.026248942,0.001717337,0.028843987,-0.000328043,0.000649912,9.9e-05,0.001466376,0.00013873,0.866025404,0.5,4.382702782,0.064,0.055,0.009,-0.026,0.08,-0.02,-0.24,-1.17,-0.14,-0.26,-0.53,-0.65,0.0,0.0,0.0,0.0,-0.08,-0.15,-0.29,-0.45,0.030123746,0.026548416,0.009709985,0.009921979,0.014089368,0.013919265,0.030848329,0.029602019,0.003426481,0.006579741,0.001255354,0.003811089,-2.47e-05,-8.12e-05,-0.000246801,-0.000183021,-0.000145023,0.000414271,0.000507615,0.000142297,0.000545124,0.000104788,0.028698963,0.007020242,-0.018313568,0.062794978,-0.033369684,-0.06962963,0.442486306,0.055489402,0.061136713,-0.16924976,4.14897407,4.000958836,4.188703406,0.193999376,4.086426801,0.296275981,0.00010842,0.00012766,0.000166104,0.000164604,0.001223167,0.00126679,0.001493633,0.00138889,0.000106634,0.000119125,0.000152129,0.000142596,,,,,Historical
2012-03-01,0.237757454,66.5,70.7,0.248434151,0.26535553,0.926,1.57,0.93,2.822,3.41,0.001288527,0.025218355,0.010452076,0.01198513,0.004125413,0.019262982,0.004379115,0.020667965,-0.000427577,0.000802087,0.000106677,0.001432115,0.000139297,1.0,6.12e-17,4.409925165,-0.015,0.1,0.058,0.008,0.13,0.29,0.13,-1.14,0.05,-0.1,-0.34,-0.59,0.0,0.0,0.0,0.0,-0.02,-0.15,-0.21,-0.49,0.03075757,0.026882806,0.0096184,0.009941683,0.013664969,0.013565572,0.031650984,0.028467936,0.004655794,0.005855055,0.008303677,0.008296717,-4.25e-05,0.000480758,-0.000908334,-0.000213899,-0.000213678,0.000429119,-7.75e-05,0.000879588,0.000623913,0.000178174,0.078124339,-0.0604532,0.029867724,0.006374189,0.536326715,-0.336276781,0.483407628,0.124153872,0.048,-0.138542665,4.174806908,4.027344004,3.931204547,0.478720618,4.099931107,0.309994058,9.21e-05,0.000132374,0.000157277,0.000165821,0.001197502,0.001272606,0.001496968,0.001408441,0.000116342,0.000124758,0.000151961,0.000144509,,,,,Historical
2012-04-01,0.325071034,66.8,71.5,0.248108891,0.266033669,1.042,1.69,0.67,2.822,3.56,0.029458355,0.025706949,0.010564743,0.011988057,0.004108463,0.020033389,0.007442867,0.012541993,-0.000526986,0.000954074,0.000169632,0.00144601,0.000153955,0.866025404,-0.5,4.56420261,0.116,0.165,0.177,0.063,0.12,0.33,0.09,-0.96,-0.26,-0.35,-0.63,-0.82,0.0,0.0,0.0,0.0,0.15,0.05,0.01,-0.51,0.031388836,0.027294298,0.00952704,0.009985821,0.013241763,0.013247993,0.028960818,0.0274075,0.006649876,0.005417444,0.015408665,0.011540604,-6.6e-05,0.0010414,-0.001568387,-0.000244741,-0.000282245,0.000450074,-0.000661202,0.001615276,0.000702609,0.000251465,0.001288527,0.028698963,0.021882805,0.044051638,0.378469672,-0.033369684,-0.023038397,0.044629939,0.055489402,-0.194531107,4.199201918,4.058484369,4.033609416,0.530593194,4.271462486,0.292740124,0.000137796,0.000134541,0.000152205,0.000168474,0.001234814,0.00127225,0.001491303,0.001426041,9.93e-05,0.000132911,0.000155824,0.000149064,,,,,Historical
2012-05-01,0.262328739,66.8,72.9,0.249018934,0.26810008,1.006,1.31,0.68,2.822,3.55,-0.002567899,0.021515897,0.01067553,0.011990977,-0.000818331,0.012437811,0.011269799,0.004465615,-0.000618792,0.001011259,0.000154681,0.00140691,0.000191283,0.5,-0.866025404,4.575097807,-0.036,0.065,0.12,0.047,-0.38,-0.13,-0.15,-1.09,0.01,-0.2,-0.46,-0.81,0.0,0.0,0.0,0.0,-0.01,0.12,-0.03,-0.48,0.02899362,0.02711354,0.00976029,0.010045685,0.012819747,0.012966426,0.02893617,0.025362873,0.006642978,0.00558486,0.022571001,0.013542433,-8.61e-05,0.000617826,-0.001236618,-0.000378299,-0.000240493,0.000464897,-0.000274667,0.001285926,0.000833387,0.000177872,0.029458355,0.078124339,0.007020242,0.017793694,0.067760494,0.536326715,0.112554113,0.141717931,0.124153872,0.0312566,4.219220117,4.086170873,4.382702782,0.192395025,4.334879428,0.240218378,0.000139796,0.000162196,0.000141134,0.000169714,0.001210258,0.001246218,0.001471901,0.001442428,0.000163125,0.000185703,0.000158171,0.00015141,,,,,Historical
2012-06-01,0.199586443,66.6,73.5,0.249928978,0.270166491,0.902,1.21,0.73,2.822,3.45,-0.014052322,0.017362729,0.010786083,0.011993892,-0.004095004,0.015025042,0.007729914,-0.003561624,-0.000710405,0.001068323,0.000168766,0.001392675,0.000180369,1.22e-16,-1.0,4.533764242,-0.104,-0.024,0.076,-0.013,-0.1,-0.36,-0.07,-1.09,0.05,-0.2,-0.3,-0.8,0.0,0.0,0.0,0.0,-0.1,0.04,-0.11,-0.35,0.026610503,0.02634451,0.009993383,0.010121243,0.012398914,0.01272077,0.022978723,0.024033204,0.004776084,0.005581203,0.029791385,0.014301797,-0.000102624,0.000194563,-0.000904968,-0.000511588,-0.000198817,0.000473598,0.000111583,0.00095674,0.000963901,0.000104423,-0.002567899,0.001288527,-0.0604532,-0.023217329,0.052284973,0.378469672,0.019762441,0.079868933,0.044629939,0.179696754,4.245158015,4.115724603,4.409925165,0.123839076,4.222509461,0.311254781,0.000239641,0.000166301,0.000137605,0.000163808,0.001316155,0.00121737,0.001442418,0.001448805,0.000132007,0.000193385,0.000164563,0.000155441,,,,,Historical
2012-07-01,0.136844148,66.6,73.4,0.250839021,0.272232902,0.972,1.16,0.64,2.822,3.43,-0.064851033,0.013246933,0.010896403,0.011996801,-0.000822368,0.0125,0.009440591,-0.011540169,-0.000801825,0.001125268,0.000181419,0.001383737,0.00018862,-0.5,-0.866025404,4.270381679,0.07,-0.07,0.095,0.038,-0.05,-0.53,-0.2,-0.99,-0.09,-0.03,-0.38,-0.77,0.0,0.0,0.0,0.0,-0.02,-0.13,-0.08,-0.34,0.024239394,0.024991142,0.010226322,0.01021246,0.01197926,0.012510923,0.024617997,0.022791765,0.00334111,0.005955995,0.037070524,0.013818198,-0.000115726,-0.000228387,-0.000573438,-0.000644607,-0.000157218,0.000476192,0.000497548,0.00062772,0.00109415,3.11e-05,-0.014052322,0.029458355,0.028698963,-0.033399005,-0.133984449,0.067760494,-0.228537002,-0.082940054,0.141717931,0.17047532,4.261737758,4.139684313,4.56420261,-0.293820931,4.071424767,0.198956912,0.000186439,0.000157591,0.000146699,0.00016339,0.001351995,0.001199423,0.001421304,0.00145145,0.00014876,0.000173819,0.000165376,0.000158762,,,,,Historical
2012-08-01,0.159829106,66.8,73.4,0.250732306,0.273180261,1.034,1.38,0.65,2.822,3.43,0.004251664,0.011263071,0.010913806,0.011999704,0.002469136,0.012468828,0.012324302,-0.019470462,-2.79e-05,0.000384671,0.000176852,0.001404468,0.000154395,-0.866025404,-0.5,4.310188793,0.062,0.028,0.093,0.102,0.22,0.07,-0.06,-0.3,0.01,-0.03,-0.23,-0.76,0.0,0.0,0.0,0.0,0.0,-0.12,0.0,-0.29,0.024729171,0.023419419,0.01033927,0.010312779,0.011982198,0.012336784,0.026248942,0.02126014,0.001717337,0.006697481,0.028843987,0.012091047,-0.000111278,-0.000328043,0.000300173,-8.12e-05,5.34e-05,0.000465946,0.000649912,-0.000265241,0.000507615,-0.000122944,-0.064851033,-0.002567899,0.078124339,-0.018313568,-0.196430527,0.052284973,-0.045945594,-0.044774177,0.079868933,0.189741925,4.288799057,4.164819376,4.575097807,-0.264909014,3.985453205,0.324735588,0.000182881,0.000150347,0.000159671,0.000162888,0.001394156,0.001183147,0.001410986,0.00145231,0.000138847,0.000164931,0.000167986,0.000160058,,,,,Historical
2012-09-01,0.182814065,66.9,72.6,0.25062559,0.274127621,1.0,1.31,0.66,2.822,3.4,0.049377037,0.009289666,0.010931169,0.012002602,0.001642036,0.011608624,0.014116954,-0.027352941,0.000744382,-0.000354297,0.000171944,0.001444964,0.000129528,-1.0,-1.84e-16,4.5512912,-0.034,0.098,0.074,0.132,-0.07,0.1,-0.26,-0.13,0.01,-0.07,-0.27,-0.61,0.0,0.0,0.0,0.0,-0.03,-0.05,-0.01,-0.22,0.025218355,0.021630427,0.010452076,0.010422176,0.01198513,0.012198254,0.019262982,0.019589944,0.004379115,0.007485911,0.020667965,0.009119662,-8.93e-05,-0.000427577,0.001171959,0.000480758,0.000263624,0.00044288,0.000802087,-0.001156384,-7.75e-05,-0.000276797,0.004251664,-0.014052322,0.001288527,0.029867724,-0.148112822,-0.133984449,0.012414734,-0.147066849,-0.082940054,0.176069731,4.3269145,4.1960457,4.533764242,0.017526959,4.093905882,0.457385318,0.000159641,0.000138628,0.000170549,0.000163913,0.001412109,0.001175007,0.001413127,0.001455048,0.000140306,0.000146898,0.000166358,0.00015916,,,,,Historical
2012-10-01,0.205799023,66.9,72.6,0.250518875,0.27507498,1.0,1.34,0.71,2.822,3.37,0.001135483,0.007326633,0.010948492,0.012005493,0.001639344,0.011589404,0.014883472,-0.035188036,0.001514939,-0.001091643,0.000185257,0.001441254,0.000187358,-0.866025404,0.5,4.579658081,0.0,0.028,-0.042,0.135,0.03,0.18,-0.35,-0.26,0.05,0.07,0.04,-0.59,0.0,0.0,0.0,0.0,-0.03,-0.06,-0.19,-0.18,0.025706949,0.019625243,0.010564743,0.010540631,0.011988057,0.012095231,0.020033389,0.018142326,0.007442867,0.008172044,0.012541993,0.00490327,-4.98e-05,-0.000526986,0.002041925,0.0010414,0.000473539,0.00040701,0.000954074,-0.002045717,-0.000661202,-0.000430441,0.049377037,-0.064851033,0.029458355,0.021882805,-0.088931542,-0.196430527,0.000539011,-0.232448457,-0.044774177,0.111360575,4.360894144,4.221713305,4.270381679,0.309276401,4.171902353,0.407755727,0.000200062,0.000126582,0.000173153,0.000162679,0.001479998,0.0011633,0.001412335,0.001451819,0.000130776,0.000136637,0.000171925,0.000163875,,,,,Historical
2012-11-01,0.43557555,66.9,72.4,0.250934266,0.276626335,0.988,1.31,0.63,2.822,3.35,-0.033875876,0.010119692,0.010831154,0.012008379,-0.002454992,0.008271299,0.015956848,-0.042976173,0.001011892,-0.000616649,0.000167405,0.001463965,0.00014309,-0.5,0.866025404,4.44976936,-0.012,-0.046,-0.018,0.102,-0.03,-0.07,0.0,-0.15,-0.08,-0.02,-0.05,-0.51,0.0,0.0,0.0,0.0,-0.02,-0.08,-0.2,-0.23,0.021515897,0.018052416,0.01067553,0.010629869,0.011990977,0.012027617,0.012437811,0.016420253,0.011269799,0.008948199,0.004465615,-0.000558995,-1.7e-05,-0.000618792,0.001630684,0.000617826,0.000394066,0.000378511,0.001011259,-0.001627908,-0.000274667,-0.000341982,0.001135483,0.004251664,-0.002567899,0.007020242,0.182408708,-0.148112822,-0.06962963,-0.092929293,-0.147066849,0.061136713,4.38264964,4.243432021,4.310188793,0.139580567,4.188703406,0.261065954,0.000221108,0.000188441,0.000175274,0.000158204,0.001523323,0.001189637,0.001421844,0.001446872,0.000177205,0.000160292,0.000163893,0.000161032,,,,,Historical
2012-12-01,0.665352077,66.9,72.4,0.251349656,0.278177689,0.98,1.37,0.7,2.822,3.35,-0.014114348,0.012911576,0.010713947,0.01201126,-0.005742412,0.008319468,0.017641637,-0.050717773,0.000509086,-0.000141882,0.00017056,0.001483835,0.00014889,-2.45e-16,1.0,4.409970062,-0.008,-0.02,0.078,0.154,0.06,0.06,0.16,0.09,0.07,0.04,-0.03,-0.33,0.0,0.0,0.0,0.0,0.0,-0.05,-0.1,-0.21,0.017362729,0.016910839,0.010786083,0.010689916,0.011993892,0.011995313,0.015025042,0.015198649,0.007729914,0.010020329,-0.003561624,-0.007268091,9.2e-06,-0.000710405,0.001219491,0.000194563,0.000314522,0.000357389,0.001068323,-0.001210206,0.000111583,-0.000253465,-0.033875876,0.049377037,-0.014052322,-0.0604532,-0.155011136,-0.088931542,-0.336276781,-0.176172554,-0.232448457,0.048,4.422546766,4.26574711,4.5512912,-0.141321138,3.931204547,0.478765515,0.00018994,0.000135896,0.000175573,0.000156589,0.00156957,0.001206947,0.001437037,0.001439728,0.000142013,0.000116917,0.000158647,0.000161605,,,,,Historical
2013-01-01,0.895128604,66.7,71.2,0.251765047,0.279729044,0.934,1.5,0.83,3.57,3.34,0.00684664,0.015702286,0.010596873,0.012014134,0.000825083,0.004971002,0.013196998,-0.058413252,6.52e-06,0.000332657,8.9e-05,0.001436627,0.000134253,0.5,0.866025404,4.463222222,-0.046,-0.066,-0.038,0.057,0.13,0.16,0.34,0.14,0.13,0.12,0.19,-0.19,0.748,0.748,0.748,0.748,-0.01,-0.03,-0.09,-0.17,0.013246933,0.016199413,0.010896403,0.010720795,0.011996801,0.011998219,0.0125,0.013561399,0.009440591,0.010841653,-0.011540169,-0.015225073,2.88e-05,-0.000801825,0.000808345,-0.000228387,0.000234907,0.000343648,0.001125268,-0.000792611,0.000497548,-0.000164891,-0.014114348,0.001135483,-0.064851033,0.028698963,-0.351607802,0.182408708,-0.033369684,-0.195201745,-0.092929293,0.055489402,4.458347834,4.291316119,4.579658081,-0.116435858,4.033609416,0.429612806,0.000126855,0.00014089,0.000160176,0.000153437,0.001510424,0.0012226,0.001445852,0.001433578,0.000183746,0.000123368,0.000149586,0.000157481,,,,,Historical
2013-02-01,0.665160492,66.9,71.6,0.251052793,0.280078182,0.96,1.32,0.86,3.52,3.31,0.05532362,0.015296963,0.0105757,0.012016826,0.011541632,0.012376238,0.018976186,-0.049426882,-0.00011743,0.000508403,0.000104992,0.001420885,0.000118945,0.866025404,0.5,4.695364055,0.026,-0.028,-0.074,0.019,-0.18,0.01,-0.06,-0.12,0.03,0.23,0.21,-0.02,-0.05,0.698,0.698,0.698,-0.03,-0.04,-0.12,-0.12,0.011263071,0.015413396,0.010913806,0.010740498,0.011999704,0.012001105,0.012468828,0.01240534,0.012324302,0.01227989,-0.019470462,-0.021747645,4.63e-05,-2.79e-05,-8.96e-05,-0.000328043,0.000210614,0.000331856,0.000384671,0.000123731,0.000649912,-0.000141509,0.00684664,-0.033875876,0.004251664,0.078124339,0.146341463,-0.155011136,0.536326715,-0.045577617,-0.176172554,0.124153872,4.48440294,4.316688505,4.44976936,0.245594695,4.382702782,0.312661274,9.9e-05,0.00010842,0.000148199,0.000153935,0.001466376,0.001223167,0.001448588,0.001429787,0.00013873,0.000106634,0.000143677,0.000155832,,,,,Historical
2013-03-01,0.43519238,66.8,71.3,0.250340539,0.280427319,0.978,1.29,0.76,3.51,3.22,0.015194693,0.014892516,0.010554557,0.012019513,0.001629992,0.009860312,0.014752478,-0.040352164,-0.000241239,0.000683949,0.00010088,0.00136214,0.000157853,1.0,6.12e-17,4.745385321,0.018,-0.002,-0.022,0.052,-0.03,-0.08,-0.02,-0.28,-0.1,0.06,0.1,-0.17,-0.01,0.688,0.688,0.688,-0.09,-0.13,-0.18,-0.19,0.009289666,0.014552909,0.010931169,0.010749038,0.012002602,0.01200397,0.011608624,0.011621785,0.014116954,0.013144337,-0.027352941,-0.026832656,6.19e-05,0.000744382,-0.000985621,-0.000427577,0.000186338,0.000322011,-0.000354297,0.001038247,0.000802087,-0.000118138,0.05532362,-0.014114348,0.049377037,0.001288527,0.327423168,-0.351607802,0.378469672,-0.175356146,-0.195201745,0.044629939,4.512357953,4.34358243,4.409970062,0.335415259,4.409925165,0.335460156,0.000106677,9.21e-05,0.000136355,0.000153452,0.001432115,0.001197502,0.001434784,0.001423956,0.000139297,0.000116342,0.000148398,0.000157378,,,,,Historical
2013-04-01,0.205224268,66.8,71.9,0.249628285,0.280776457,0.993,1.19,0.78,3.52,3.22,0.014540546,0.014488944,0.010533446,0.012022195,-0.001627339,0.004091653,0.010449332,-0.03118779,-0.000364908,0.000859297,0.000173361,0.001390018,0.000143597,0.866025404,-0.5,4.79290411,0.015,0.059,-0.007,-0.049,-0.1,-0.31,-0.15,-0.5,0.02,-0.05,0.07,0.11,0.01,-0.05,0.698,0.698,0.0,-0.12,-0.15,-0.34,0.007326633,0.013618075,0.010948492,0.01074643,0.012005493,0.012006815,0.011589404,0.010293307,0.014883472,0.013394876,-0.035188036,-0.030476804,7.54e-05,0.001514939,-0.001879847,-0.000526986,0.000162078,0.000314113,-0.001091643,0.00195094,0.000954074,-9.48e-05,0.015194693,0.00684664,0.001135483,0.029458355,0.342119323,0.146341463,0.067760494,-0.197102067,-0.045577617,0.141717931,4.531416411,4.365309165,4.463222222,0.329681887,4.56420261,0.2287015,0.000169632,0.000137796,0.000134372,0.000153763,0.00144601,0.001234814,0.001426245,0.00141929,0.000153955,9.93e-05,0.000141105,0.000156515,,,,,Historical
2013-05-01,0.260114518,66.8,73.5,0.249227021,0.281614518,0.999,1.47,1.0,3.5,3.22,0.029583424,0.015276676,0.01055217,0.012024871,0.002444988,0.007371007,0.010676988,-0.021932424,-0.000556478,0.001003728,0.000159798,0.001418884,0.000129717,0.5,-0.866025404,4.914372727,0.006,0.039,0.011,-0.007,0.28,0.15,0.16,0.16,0.22,0.14,0.37,0.32,-0.02,-0.02,0.678,0.678,0.0,-0.09,-0.13,-0.33,0.010119692,0.01309814,0.010831154,0.01073615,0.012008379,0.012009639,0.008271299,0.009871073,0.015956848,0.013345475,-0.042976173,-0.032676641,8.06e-05,0.001011892,-0.00156837,-0.000618792,6.23e-05,0.000313485,-0.000616649,0.001620377,0.001011259,-7.53e-06,0.014540546,0.05532362,-0.033875876,-0.002567899,0.265525478,0.327423168,0.052284973,-0.048393534,-0.175356146,0.079868933,4.559689321,4.389454719,4.695364055,0.219008672,4.575097807,0.339274921,0.000154681,0.000139796,0.000133105,0.000154189,0.00140691,0.001210258,0.001418731,0.001420288,0.000191283,0.000163125,0.000138876,0.000151385,,,,,Historical
2013-06-01,0.315004767,66.8,74.1,0.248825758,0.282452579,1.024,1.84,1.27,3.49,3.2,-0.020496048,0.016063691,0.010570849,0.012027542,0.0,0.011513158,0.013080483,-0.012584705,-0.000747644,0.001147854,0.000165892,0.001439701,0.00014331,1.22e-16,-1.0,4.792886878,0.025,0.046,0.044,0.122,0.37,0.55,0.47,0.63,0.27,0.51,0.57,0.54,-0.01,-0.02,0.668,0.668,-0.02,-0.02,-0.15,-0.25,0.012911576,0.012989887,0.010713947,0.010718214,0.01201126,0.012012443,0.008319468,0.009578416,0.017641637,0.013791356,-0.050717773,-0.033428564,7.75e-05,0.000509086,-0.00125673,-0.000710405,-3.72e-05,0.000320113,-0.000141882,0.001289736,0.001068323,7.95e-05,0.029583424,0.015194693,-0.014114348,-0.014052322,0.042780749,0.342119323,-0.133984449,-0.056988432,-0.197102067,-0.082940054,4.581282874,4.413220445,4.745385321,0.047501557,4.533764242,0.259122636,0.000168766,0.000239641,0.000132327,0.00015395,0.001392675,0.001316155,0.001411376,0.001424206,0.000180369,0.000132007,0.000137946,0.000148296,,,,,Historical
2013-07-01,0.369895017,66.7,73.7,0.248424494,0.28329064,1.013,1.74,1.3,3.31,3.28,-0.033265376,0.016849988,0.010589486,0.012030207,0.000813008,0.013168724,0.011982634,-0.003143242,-0.000938407,0.001291676,0.000146117,0.001446594,0.000136573,-0.5,-0.866025404,4.615189189,-0.011,0.02,0.079,0.041,-0.1,0.55,0.24,0.58,0.03,0.52,0.47,0.66,-0.18,-0.21,-0.26,0.488,0.08,0.06,-0.06,-0.15,0.015702286,0.013290142,0.010596873,0.010692637,0.012014134,0.012015227,0.004971002,0.009634143,0.013196998,0.014003193,-0.058413252,-0.03272882,6.61e-05,6.52e-06,-0.000944927,-0.000801825,-0.000136582,0.00033398,0.000332657,0.000959019,0.001125268,0.000166408,-0.020496048,0.014540546,0.00684664,-0.064851033,-0.113021619,0.265525478,-0.196430527,-0.034161831,-0.048393534,-0.044774177,4.610016833,4.435877296,4.79290411,-0.17771492,4.270381679,0.34480751,0.000181419,0.000186439,0.00014184,0.000151008,0.001383737,0.001351995,0.001413037,0.001429445,0.00018862,0.00014876,0.000138332,0.000143959,,,,,Historical
2013-08-01,0.520700668,66.7,73.7,0.24798937,0.28404981,0.995,1.9,1.43,3.13,3.34,-0.020797019,0.018938226,0.010644535,0.012032867,0.0,0.010673235,0.009325305,0.006393381,-6.57e-05,0.000424017,0.000131409,0.001395917,0.000180124,-0.866025404,-0.5,4.499928251,-0.018,-0.004,0.035,-0.039,0.16,0.43,0.58,0.52,0.13,0.43,0.57,0.78,-0.18,-0.37,-0.39,0.308,0.06,0.12,0.03,-0.09,0.015296963,0.013929738,0.0105757,0.010670198,0.012016826,0.012017991,0.012376238,0.00948451,0.018976186,0.013753276,-0.049426882,-0.0305735,6.29e-05,-0.00011743,5.18e-05,-2.79e-05,-3.78e-05,0.000337259,0.000508403,-8.44e-05,0.000384671,3.93e-05,-0.033265376,0.029583424,0.05532362,0.004251664,-0.051468088,0.042780749,-0.148112822,0.14007358,-0.056988432,-0.147066849,4.625828455,4.457313756,4.914372727,-0.414444476,4.310188793,0.189739458,0.000176852,0.000182881,0.000146243,0.000147221,0.001404468,0.001394156,0.001408876,0.001428732,0.000154395,0.000138847,0.000148529,0.000146103,,,,,Historical
2013-09-01,0.671506319,66.5,72.8,0.247554245,0.284808979,0.986,1.89,1.36,3.03,3.53,0.059602013,0.021023603,0.010699456,0.012035522,0.001624695,0.010655738,0.004712346,0.01602661,0.000805028,-0.00044161,0.00013682,0.001396086,0.000135088,-1.0,-1.84e-16,4.754964286,-0.009,-0.038,0.008,-0.014,-0.01,0.05,0.6,0.58,-0.07,0.09,0.6,0.7,-0.1,-0.46,-0.48,0.208,0.19,0.33,0.31,0.13,0.014892516,0.014907566,0.010554557,0.010650889,0.012019513,0.012020734,0.009860312,0.009405103,0.014752478,0.012969559,-0.040352164,-0.026958538,6.8e-05,-0.000241239,0.001046267,0.000744382,6.06e-05,0.000329983,0.000683949,-0.001125559,-0.000354297,-8.73e-05,-0.020797019,-0.020496048,0.015194693,0.049377037,-0.116768256,-0.113021619,-0.088931542,0.182021753,-0.034161831,-0.232448457,4.642801212,4.484857856,4.792886878,-0.037922592,4.5512912,0.203673085,0.000171944,0.000159641,0.000152233,0.000144294,0.001444964,0.001412109,0.001414533,0.001424659,0.000129528,0.000140306,0.000144735,0.000146566,,,,,Historical
2013-10-01,0.82231197,66.5,72.7,0.247119121,0.285568149,0.915,1.71,1.32,2.95,3.6,0.012684071,0.023106125,0.01075425,0.012038172,-0.00243309,0.006546645,0.005553561,0.025757921,0.001673685,-0.00130521,0.000143951,0.001395389,0.000143086,-0.866025404,0.5,4.794257778,-0.071,-0.098,-0.078,-0.085,-0.18,-0.03,0.52,0.37,-0.04,0.02,0.54,0.61,-0.08,-0.36,-0.57,0.128,0.07,0.32,0.38,0.23,0.014488944,0.016222524,0.010533446,0.010634702,0.012022195,0.012023457,0.004091653,0.008984873,0.010449332,0.012192066,-0.03118779,-0.021879708,8.12e-05,-0.000364908,0.002038593,0.001514939,0.000158746,0.000312186,0.000859297,-0.002164507,-0.001091643,-0.000213567,0.059602013,-0.033265376,0.014540546,0.001135483,-0.018132612,-0.051468088,0.182408708,0.273876404,0.14007358,-0.092929293,4.66068452,4.510789332,4.615189189,0.179068589,4.579658081,0.214599697,0.000185257,0.000200062,0.000147331,0.000140852,0.001441254,0.001479998,0.001415429,0.001420837,0.000187358,0.000130776,0.00014465,0.000142877,,,,,Historical
2013-11-01,0.897064456,66.5,72.5,0.246371288,0.286004142,0.939,1.73,1.44,2.88,3.59,-0.001868793,0.023621055,0.010659574,0.012040816,0.0,0.00902379,0.004365477,0.035588819,0.001207478,-0.000845159,0.000144499,0.001366174,0.000172155,-0.5,0.866025404,4.764132743,0.024,-0.056,-0.06,-0.049,0.02,-0.17,0.26,0.42,0.12,0.01,0.44,0.81,-0.07,-0.25,-0.62,0.058,-0.01,0.25,0.37,0.24,0.015276676,0.017347637,0.01055217,0.010620404,0.012024871,0.012026161,0.007371007,0.009047581,0.010676988,0.011226119,-0.021932424,-0.015332625,9.75e-05,-0.000556478,0.001763957,0.001011892,0.000195586,0.000293143,0.001003728,-0.001848886,-0.000616649,-0.000228509,0.012684071,-0.020797019,0.029583424,-0.033875876,0.094266814,-0.116768256,-0.155011136,0.17891611,0.182021753,-0.176172554,4.686881469,4.534765554,4.499928251,0.264204492,4.44976936,0.314363383,0.000167405,0.000221108,0.000144781,0.000138943,0.001463965,0.001523323,0.001406644,0.001412688,0.00014309,0.000177205,0.000151723,0.000145299,,,,,Historical
2013-12-01,0.971816941,66.5,71.9,0.245623456,0.286440135,0.888,1.9,1.59,2.86,3.59,-0.034311127,0.024132931,0.010564983,0.012043455,-0.002439024,0.012376238,0.004586721,0.045520841,0.000741358,-0.000385193,0.000138485,0.001369134,0.000133995,-2.45e-16,1.0,4.583162996,-0.051,-0.098,-0.136,-0.092,0.17,0.01,0.06,0.53,0.15,0.23,0.32,0.89,-0.02,-0.17,-0.63,0.038,0.0,0.06,0.39,0.24,0.016063691,0.01828275,0.010570849,0.01060799,0.012027542,0.012028844,0.011513158,0.009385645,0.013080483,0.010138209,-0.012584705,-0.007312741,0.000116858,-0.000747644,0.001489003,0.000509086,0.000232273,0.000272867,0.001147854,-0.001533047,-0.000141882,-0.00024331,-0.001868793,0.059602013,-0.020496048,-0.014114348,-0.199748111,-0.018132612,-0.351607802,0.116499736,0.273876404,-0.195201745,4.701314213,4.56193049,4.754964286,-0.17180129,4.409970062,0.173192933,0.00017056,0.00018994,0.000140214,0.00013627,0.001483835,0.00156957,0.001394883,0.001403129,0.00014889,0.000142013,0.00015017,0.000144058,,,,,Historical
2014-01-01,1.046569427,66.4,70.8,0.244875623,0.286876128,0.891,1.57,1.4,2.83,3.58,0.012941926,0.024641779,0.010470476,0.012046089,0.003259984,0.014839242,0.005027512,0.055555556,0.000275326,7.47e-05,0.000107469,0.001365879,0.000109194,0.5,0.866025404,4.6225,0.003,-0.024,-0.122,-0.043,-0.33,-0.14,-0.17,0.07,-0.19,0.08,0.1,0.57,-0.03,-0.12,-0.48,-0.74,-0.01,-0.02,0.3,0.24,0.016849988,0.019027708,0.010589486,0.010597457,0.012030207,0.012031506,0.013168724,0.010207998,0.011982634,0.009457419,-0.003143242,0.00218466,0.000139258,-0.000938407,0.001213733,6.52e-06,0.000268806,0.00025137,0.001291676,-0.001216989,0.000332657,-0.00025797,-0.034311127,0.012684071,-0.033265376,0.00684664,-0.361347183,0.094266814,0.146341463,0.099728997,0.17891611,-0.045577617,4.714587361,4.586467597,4.794257778,-0.171757778,4.463222222,0.159277778,8.9e-05,0.000126855,0.000133772,0.000137806,0.001436627,0.001510424,0.00138143,0.001397233,0.000134253,0.000183746,0.000145607,0.00014197,,,,,Historical
2014-02-01,0.754047695,66.3,71.0,0.243536191,0.286631023,0.866,1.63,1.44,2.83,3.52,0.047965246,0.024518155,0.010451006,0.012048543,0.008123477,0.011409943,0.001461642,0.051843318,5.93e-05,0.000293541,5.91e-05,0.001294885,0.000128213,0.866025404,0.5,4.844311062,-0.025,-0.073,-0.129,-0.094,0.06,-0.1,-0.27,0.31,0.04,0.0,0.01,0.58,0.0,-0.05,-0.3,-0.69,-0.06,-0.07,0.18,0.21,0.018938226,0.019796141,0.010644535,0.010587066,0.012032867,0.012034149,0.010673235,0.010127474,0.009325305,0.007997873,0.006393381,0.010623843,0.000153988,-6.57e-05,0.00012499,-0.00011743,0.000176752,0.000233465,0.000424017,-0.000130476,0.000508403,-0.000214862,0.012941926,-0.001868793,-0.020797019,0.05532362,0.011089207,-0.199748111,0.327423168,-0.030023641,0.116499736,-0.175356146,4.726999612,4.605701276,4.764132743,0.080178319,4.695364055,0.148947007,0.000104992,9.9e-05,0.000121722,0.000133983,0.001420885,0.001466376,0.001364591,0.001386733,0.000118945,0.00013873,0.000136955,0.000142742,,,,,Historical
2014-03-01,0.461525963,66.3,71.1,0.24219676,0.286385917,0.88,1.69,1.39,2.84,3.36,0.009227325,0.0243947,0.010431564,0.012050992,0.005640612,0.015459723,0.00313823,0.048165138,-0.00015647,0.000512181,6.37e-05,0.001226615,0.000130839,1.0,6.12e-17,4.883868709,0.014,-0.008,-0.106,-0.098,0.06,-0.21,-0.2,0.4,-0.05,-0.2,0.03,0.63,0.01,-0.02,-0.19,-0.67,-0.16,-0.23,-0.17,0.14,0.021023603,0.020587989,0.010699456,0.010576816,0.012035522,0.012036773,0.010655738,0.010594091,0.004712346,0.007030019,0.01602661,0.018000285,0.000161052,0.000805028,-0.000961498,-0.000241239,8.48e-05,0.000219151,-0.00044161,0.000953791,0.000683949,-0.000171768,0.047965246,-0.034311127,0.059602013,0.015194693,0.388252498,-0.361347183,0.342119323,0.014425646,0.099728997,-0.197102067,4.738539894,4.625448923,4.583162996,0.300705713,4.745385321,0.138483388,0.00010088,0.000106677,0.000109535,0.000130884,0.00136214,0.001432115,0.001336346,0.00137544,0.000157853,0.000139297,0.000136247,0.000140491,,,,,Historical
2014-04-01,0.169004231,66.2,71.4,0.240857328,0.286140812,0.939,1.67,1.34,2.88,3.22,0.035876724,0.024271414,0.010412149,0.012053435,0.003205128,0.020374898,0.002056682,0.044520548,-0.000372052,0.000730607,0.00010577,0.001209906,0.000120389,0.866025404,-0.5,5.056734426,0.059,0.048,0.024,-0.054,-0.02,0.1,-0.04,0.48,-0.05,-0.06,0.02,0.56,0.04,0.05,-0.07,-0.64,-0.14,-0.36,-0.38,0.0,0.023106125,0.021403195,0.01075425,0.010566708,0.012038172,0.012039376,0.006546645,0.011951028,0.005553561,0.006330632,0.025757921,0.024309313,0.000160456,0.001673685,-0.002045737,-0.000364908,-7.14e-06,0.000208427,-0.00130521,0.002035818,0.000859297,-0.00012869,0.009227325,0.012941926,0.012684071,0.014540546,0.413623596,0.011089207,0.265525478,0.068471338,-0.030023641,-0.048393534,4.760525754,4.645971082,4.6225,0.434234426,4.79290411,0.263830317,0.000173361,0.000169632,0.000103172,0.000125252,0.001390018,0.00144601,0.001305432,0.00136043,0.000143597,0.000153955,0.000132464,0.000138557,,,,,Historical
2014-05-01,0.416521262,66.3,72.9,0.239972048,0.28652657,0.915,1.5,1.18,2.87,3.22,0.011240884,0.026118493,0.010296005,0.012055874,0.004792332,0.022764228,0.002300904,0.040909091,-0.000558836,0.000893115,0.000170609,0.001233606,0.000145524,0.5,-0.866025404,5.10831441,-0.024,0.049,-0.024,-0.084,-0.17,-0.13,-0.23,0.03,-0.16,-0.26,-0.26,0.18,-0.01,0.04,-0.01,-0.63,0.0,-0.3,-0.37,0.0,0.023621055,0.02230668,0.010659574,0.010545361,0.012040816,0.01204196,0.00902379,0.013233797,0.004365477,0.005632625,0.035588819,0.029546106,0.00016026,0.001207478,-0.001766314,-0.000556478,-2.36e-06,0.000199209,-0.000845159,0.001738274,0.001003728,-0.000110613,0.035876724,0.047965246,-0.001868793,0.029583424,0.19982613,0.388252498,0.042780749,0.013001992,0.014425646,-0.056988432,4.776687561,4.668188441,4.844311062,0.264003348,4.914372727,0.193941683,0.000159798,0.000154681,0.000107523,0.000126152,0.001418884,0.00140691,0.001283338,0.001344991,0.000129717,0.000191283,0.000128026,0.000139874,,,,,Historical
2014-06-01,0.664038292,66.2,73.8,0.239086769,0.286912328,0.928,1.57,1.15,2.88,3.2,-0.027235285,0.027961029,0.010180135,0.012058308,0.000794913,0.023577236,0.002819653,0.037330317,-0.000745303,0.001055348,0.000161856,0.001232886,0.000161341,1.22e-16,-1.0,4.965644493,0.013,0.048,0.04,-0.096,0.07,-0.12,-0.33,-0.27,-0.03,-0.24,-0.44,-0.12,0.01,0.04,0.02,-0.61,-0.02,-0.16,-0.39,0.0,0.024132931,0.023298125,0.010564983,0.010512802,0.012043455,0.012044524,0.012376238,0.014239137,0.004586721,0.004777556,0.045520841,0.033705691,0.000160455,0.000741358,-0.001486661,-0.000747644,2.34e-06,0.0001915,-0.000385193,0.001440541,0.001147854,-9.25e-05,0.011240884,0.009227325,-0.034311127,-0.020496048,0.140358141,0.413623596,-0.113021619,0.107792861,0.068471338,-0.034161831,4.791084029,4.686183451,4.883868709,0.081775784,4.792886878,0.172757615,0.000165892,0.000168766,0.000111419,0.000125816,0.001439701,0.001392675,0.00126063,0.001327756,0.00014331,0.000180369,0.000132583,0.000141377,,,,,Historical
2014-07-01,0.911555323,66.3,73.6,0.238201489,0.287298086,0.946,1.52,1.06,2.87,3.21,-0.033060597,0.029799039,0.010064539,0.012060738,-0.001588562,0.02112104,0.004526265,0.033783784,-0.000931455,0.001217307,0.000164609,0.001261831,0.000134602,-0.5,-0.866025404,4.798928105,0.018,0.007,0.055,-0.067,-0.05,-0.15,-0.05,-0.22,-0.09,-0.28,-0.34,-0.24,-0.01,-0.01,0.04,-0.44,0.01,-0.01,-0.37,-0.07,0.024641779,0.024377212,0.010470476,0.010469056,0.012046089,0.012047068,0.014839242,0.01490183,0.005027512,0.004156191,0.055555556,0.036782944,0.000161035,0.000275326,-0.001206781,-0.000938407,6.95e-06,0.000185303,7.47e-05,0.00114262,0.001291676,-7.44e-05,-0.027235285,0.035876724,0.012941926,-0.033265376,-0.079967323,0.19982613,-0.051468088,0.149076068,0.013001992,0.14007358,4.806395605,4.708206219,5.056734426,-0.257806322,4.615189189,0.183738915,0.000146117,0.000181419,0.000120942,0.000127357,0.001446594,0.001383737,0.001243288,0.001312359,0.000136573,0.00018862,0.000136818,0.000141213,,,,,Historical
2014-08-01,0.879165223,66.0,73.3,0.237589891,0.28794051,0.936,1.52,0.9,2.85,3.21,-0.007279321,0.029771903,0.00998235,0.012063162,0.0,0.02112104,-2.1e-05,0.030269058,-2.34e-05,0.000304596,0.000142861,0.0012777,0.000125218,-0.866025404,-0.5,4.758937976,-0.01,0.021,0.07,-0.059,0.0,0.02,-0.11,-0.38,-0.16,-0.28,-0.54,-0.53,-0.02,-0.02,0.02,-0.28,0.0,-0.01,-0.31,-0.13,0.024518155,0.025280019,0.010451006,0.010413874,0.012048543,0.012049592,0.011409943,0.01577248,0.001461642,0.003377334,0.051843318,0.038772583,0.000164556,5.93e-05,-8.27e-05,-6.57e-05,4.23e-05,0.000175351,0.000293541,1.11e-05,0.000424017,-0.000119421,-0.033060597,0.011240884,0.047965246,-0.020797019,-0.096586425,0.140358141,-0.116768256,0.094418549,0.107792861,0.182021753,4.827979749,4.726904102,5.10831441,-0.349376434,4.499928251,0.259009725,0.000131409,0.000176852,0.000134901,0.000128311,0.001395917,0.001404468,0.001240424,0.001302508,0.000180124,0.000154395,0.000136319,0.000136637,,,,,Historical
2014-09-01,0.846775124,66.1,72.8,0.236978294,0.288582933,0.918,1.66,1.06,2.88,3.22,0.049493467,0.029744914,0.009900362,0.012065581,0.000795545,0.02027575,0.004159174,0.026785714,0.000882707,-0.000606175,0.000119274,0.001232445,0.000162911,-1.0,-1.84e-16,4.994965217,-0.018,-0.01,0.038,-0.068,0.14,0.09,-0.03,-0.23,0.16,-0.09,-0.33,-0.3,0.03,0.0,0.04,-0.15,0.01,0.02,-0.14,-0.31,0.0243947,0.026006795,0.010431564,0.010347283,0.012050992,0.012052097,0.015459723,0.016574148,0.00313823,0.003331236,0.048165138,0.039669175,0.000171029,-0.00015647,0.001039178,0.000805028,7.77e-05,0.000161637,0.000512181,-0.001118356,-0.00044161,-0.000164565,-0.007279321,-0.027235285,0.009227325,0.059602013,-0.17320083,-0.079967323,-0.018132612,0.024492558,0.149076068,0.273876404,4.847979826,4.745390519,4.965644493,0.029320724,4.754964286,0.240000932,0.00013682,0.000171944,0.000144163,0.000126849,0.001396086,0.001444964,0.001241396,0.001288871,0.000135088,0.000129528,0.000141664,0.000138956,,,,,Historical
2014-10-01,0.814385024,66.0,72.8,0.236366696,0.289225357,0.878,1.56,1.01,2.84,3.2,0.023394983,0.029718073,0.009818573,0.012067996,0.000794913,0.023577236,0.001863713,0.023333333,0.001786899,-0.001515012,0.000154885,0.001242328,0.000143773,-0.866025404,0.5,5.107648208,-0.04,-0.068,-0.061,-0.037,-0.1,0.04,-0.11,-0.15,-0.05,-0.05,-0.33,-0.31,-0.04,-0.03,-0.04,-0.11,-0.02,-0.01,-0.02,-0.4,0.024271414,0.02655779,0.010412149,0.01026931,0.012053435,0.012054583,0.020374898,0.017993364,0.002056682,0.003023749,0.044520548,0.039467126,0.000180464,-0.000372052,0.002158951,0.001673685,0.000113214,0.000144154,0.000730607,-0.002245619,-0.00130521,-0.000209801,0.049493467,-0.033060597,0.035876724,0.012684071,0.057323999,-0.096586425,0.094266814,0.103224917,0.094418549,0.17891611,4.874095696,4.767390108,4.798928105,0.308720104,4.794257778,0.313390431,0.000143951,0.000185257,0.000152349,0.00012776,0.001395389,0.001441254,0.0012468,0.001276116,0.000143086,0.000187358,0.000145562,0.000139013,,,,,Historical
2014-11-01,0.59059817,66.0,72.6,0.237423587,0.291961973,0.895,1.46,0.93,2.8,3.2,-0.016573151,0.026627533,0.009609845,0.012070406,-0.003971406,0.019512195,0.00183204,0.019911504,0.001283919,-0.001023988,0.000146192,0.00123443,0.00015234,-0.5,0.866025404,5.018247289,0.017,-0.041,-0.02,-0.044,-0.1,-0.06,-0.04,-0.27,-0.08,0.03,-0.25,-0.51,-0.04,-0.05,-0.07,-0.08,0.0,-0.01,-0.02,-0.39,0.026118493,0.02680833,0.010296005,0.010181832,0.012055874,0.012057048,0.022764228,0.018867397,0.002300904,0.002812629,0.040909091,0.038160684,0.000186834,-0.000558836,0.001842755,0.001207478,7.64e-05,0.000129251,0.000893115,-0.001917103,-0.000845159,-0.000178829,0.023394983,-0.007279321,0.011240884,-0.001868793,0.0649594,-0.17320083,-0.199748111,0.073677582,0.024492558,0.116499736,4.895271908,4.791076688,4.758937976,0.259309312,4.764132743,0.254114545,0.000144499,0.000167405,0.00014828,0.000127901,0.001366174,0.001463965,0.001246937,0.001265137,0.000172155,0.00014309,0.000146698,0.000137362,,,,,Historical
2014-12-01,0.366811315,66.0,72.3,0.238480477,0.29469859,0.912,1.34,0.78,2.76,3.18,-0.038333967,0.023558406,0.009401265,0.012072811,-0.007177033,0.014669927,0.000917349,0.016519824,0.000780845,-0.000532871,0.000117724,0.001225865,0.00012489,-2.45e-16,1.0,4.824286024,0.017,-0.006,-0.016,0.024,-0.12,-0.32,-0.23,-0.56,-0.15,-0.28,-0.37,-0.81,-0.04,-0.12,-0.12,-0.1,-0.02,-0.04,-0.02,-0.41,0.027961029,0.026760453,0.010180135,0.010084856,0.012058308,0.012059495,0.023577236,0.019058538,0.002819653,0.002506848,0.037330317,0.035743932,0.000190125,-0.000745303,0.001526148,0.000741358,3.95e-05,0.000116945,0.001055348,-0.00158822,-0.000385193,-0.000147678,-0.016573151,0.049493467,-0.027235285,-0.034311127,-0.237771261,0.057323999,-0.361347183,0.02266289,0.103224917,0.099728997,4.915365493,4.808339853,4.994965217,-0.170679194,4.583162996,0.241123028,0.000138485,0.00017056,0.000140924,0.000126171,0.001369134,0.001483835,0.001245767,0.001253198,0.000133995,0.00014889,0.000140622,0.000136603,,,,,Historical
2015-01-01,0.143024461,66.0,71.1,0.239537368,0.297435206,0.592,0.69,0.91,2.66,3.16,-0.006628074,0.020510471,0.009192833,0.012075211,-0.001606426,0.009748172,0.002902735,0.013157895,0.000277676,-4.17e-05,7.5e-05,0.001143174,0.000156639,0.5,0.866025404,4.787229437,-0.32,-0.286,-0.354,-0.299,-0.65,-0.87,-0.83,-0.88,0.13,-0.1,-0.15,-0.49,-0.1,-0.18,-0.21,-0.17,-0.02,-0.04,-0.05,-0.42,0.029799039,0.026416177,0.010064539,0.009978386,0.012060738,0.012061921,0.02112104,0.018634282,0.004526265,0.002329783,0.033783784,0.032210794,0.00019032,-0.000931455,0.001209131,0.000275326,2.35e-06,0.000107249,0.001217307,-0.001258969,7.47e-05,-0.000116349,-0.038333967,0.023394983,-0.033060597,0.012941926,-0.315789474,0.0649594,0.011089207,0.095613603,0.073677582,-0.030023641,4.929092946,4.821840154,5.107648208,-0.320418771,4.6225,0.164729437,0.000107469,8.9e-05,0.000125989,0.000123465,0.001365879,0.001436627,0.00122599,0.001234639,0.000109194,0.000134253,0.000144295,0.000140557,,,,,Historical
2015-02-01,0.138859843,66.1,71.4,0.238380438,0.297183342,0.467,0.74,0.85,2.55,3.11,0.075555067,0.020379669,0.008828972,0.012077433,0.008849558,0.010475423,0.005281533,0.012121212,9.98e-05,0.000213351,6.1e-05,0.001071359,0.000131451,0.866025404,0.5,5.162571243,-0.125,-0.428,-0.469,-0.399,0.05,-0.72,-0.78,-0.89,-0.06,-0.08,-0.05,-0.59,-0.11,-0.25,-0.3,-0.28,-0.05,-0.09,-0.1,-0.41,0.029771903,0.026071304,0.00998235,0.009843216,0.012063162,0.012064329,0.02112104,0.018556406,-2.1e-05,0.002648108,0.030269058,0.028900618,0.000193696,-2.34e-05,0.000123244,5.93e-05,4.05e-05,0.000100567,0.000304596,-9.12e-05,0.000293541,-8.02e-05,-0.006628074,-0.016573151,-0.007279321,0.047965246,-0.028789924,-0.237771261,0.388252498,0.052400682,0.02266289,0.014425646,4.955614628,4.84130712,5.018247289,0.144323955,4.844311062,0.318260181,5.91e-05,0.000104992,0.000112338,0.000123619,0.001294885,0.001420885,0.0011916,0.001216012,0.000128213,0.000118945,0.000145334,0.000140826,,,,,Historical
2015-03-01,0.134695224,66.2,71.5,0.237223509,0.296931477,0.528,0.75,0.84,2.53,3.04,0.028921032,0.020249014,0.008465616,0.012079651,0.007177033,0.012019231,0.00696544,0.011086798,-7.79e-05,0.000468216,6.29e-05,0.001025714,0.000107504,1.0,6.12e-17,5.313674794,0.061,-0.384,-0.39,-0.352,0.01,-0.59,-0.91,-0.94,-0.01,0.06,-0.22,-0.55,-0.02,-0.23,-0.35,-0.31,-0.07,-0.14,-0.18,-0.32,0.029744914,0.02572583,0.009900362,0.009679387,0.012065581,0.012066717,0.02027575,0.018269698,0.004159174,0.002967042,0.026785714,0.025810757,0.000200244,0.000882707,-0.000960609,-0.00015647,7.86e-05,9.69e-05,-0.000606175,0.001074391,0.000512181,-4.4e-05,0.075555067,-0.038333967,0.049493467,0.009227325,0.457619268,-0.315789474,0.413623596,0.104985955,0.095613603,0.068471338,4.991431802,4.864985848,4.824286024,0.489388771,4.883868709,0.429806085,6.37e-05,0.00010088,0.000102949,0.000123556,0.001226615,0.00136214,0.001157145,0.00119927,0.000130839,0.000157853,0.000136099,0.000138882,,,,,Historical
2015-04-01,0.130530606,66.1,71.7,0.236066579,0.296679613,0.647,0.98,0.91,2.56,2.96,0.035647884,0.020118506,0.008102764,0.012081864,-0.000791766,0.00798722,0.005579965,0.010054645,-0.000255536,0.000722934,0.000151748,0.001065806,0.000110795,0.866025404,-0.5,5.506115559,0.119,0.055,-0.231,-0.292,0.23,0.29,-0.58,-0.69,0.07,0.0,-0.1,-0.43,0.03,-0.1,-0.28,-0.32,-0.08,-0.2,-0.24,-0.26,0.029718073,0.025379754,0.009818573,0.009486938,0.012067996,0.012069086,0.023577236,0.017237391,0.001863713,0.003260649,0.023333333,0.022938598,0.000209953,0.001786899,-0.002042435,-0.000372052,0.000116516,9.63e-05,-0.001515012,0.002237946,0.000730607,-7.67e-06,0.028921032,-0.006628074,0.023394983,0.035876724,0.411820782,-0.028789924,0.19982613,0.103576751,0.052400682,0.013001992,5.02888023,4.894702992,4.787229437,0.718886122,5.056734426,0.449381133,0.00010577,0.000173361,0.000102426,0.000127387,0.001209906,0.001390018,0.001127725,0.001187262,0.000120389,0.000143597,0.000130603,0.000138082,,,,,Historical
2015-05-01,0.115062229,66.1,73.3,0.235454642,0.296702463,0.665,0.96,1.04,2.57,2.94,0.021084327,0.017313441,0.007945499,0.012084073,0.005546751,0.008744038,0.004643655,0.009024745,-0.000355292,0.00083483,0.000179946,0.001146729,9.78e-05,0.5,-0.866025404,5.623035199,0.018,0.198,-0.23,-0.25,-0.02,0.22,-0.5,-0.54,0.13,0.19,0.11,-0.14,0.01,0.02,-0.23,-0.3,-0.02,-0.17,-0.26,-0.28,0.026627533,0.024646,0.009609845,0.009291063,0.012070406,0.012071436,0.019512195,0.016069042,0.00183204,0.003455878,0.019911504,0.020281569,0.000226915,0.001283919,-0.001639212,-0.000558836,0.000203543,9.14e-05,-0.001023988,0.001858818,0.000893115,-5.83e-05,0.035647884,0.075555067,-0.016573151,0.011240884,0.266486608,0.457619268,0.140358141,0.164889763,0.104985955,0.107792861,5.071773629,4.924230595,5.162571243,0.460463956,5.10831441,0.514720789,0.000170609,0.000159798,0.000108052,0.000128166,0.001233606,0.001418884,0.001113108,0.001180022,0.000145524,0.000129717,0.00012151,0.000134104,,,,,Historical
2015-06-01,0.099593851,66.0,74.1,0.234842706,0.296725313,0.576,0.95,1.17,2.56,2.92,-0.016042772,0.014525319,0.007788571,0.012086277,0.002364066,0.010325655,0.003387683,0.007997092,-0.000454854,0.000946508,0.000172982,0.001244449,7.33e-05,1.22e-16,-1.0,5.533146772,-0.089,0.048,-0.336,-0.352,-0.01,0.2,-0.39,-0.62,0.13,0.33,0.39,0.02,-0.01,0.03,-0.2,-0.32,-0.02,-0.12,-0.26,-0.28,0.023558406,0.023526357,0.009401265,0.009091766,0.012072811,0.012073767,0.014669927,0.014964744,0.000917349,0.003503214,0.016519824,0.017837134,0.000251119,0.000780845,-0.001235699,-0.000745303,0.000290449,8.23e-05,-0.000532871,0.001479379,0.001055348,-0.000108841,0.021084327,0.028921032,-0.038333967,-0.027235285,0.034298916,0.411820782,-0.079967323,0.05654897,0.103576751,0.149076068,5.119065485,4.955074757,5.313674794,0.219471978,4.965644493,0.56750228,0.000161856,0.000165892,0.000117261,0.000129093,0.001232886,0.001439701,0.001116205,0.001180986,0.000161341,0.00014331,0.000112906,0.000126764,,,,,Historical
2015-07-01,0.084125474,66.0,73.9,0.234230769,0.296748163,0.427,0.83,1.06,2.38,2.91,-0.048774913,0.011753988,0.007631978,0.012088477,0.000786164,0.012728719,0.003585878,0.006971678,-0.000554223,0.001057968,0.000155019,0.001286743,0.000111139,-0.5,-0.866025404,5.269363912,-0.149,-0.22,-0.165,-0.519,-0.12,-0.15,0.14,-0.69,-0.11,0.15,0.15,0.0,-0.18,-0.18,-0.28,-0.49,-0.01,-0.05,-0.25,-0.3,0.020510471,0.022022603,0.009192833,0.008889052,0.012075211,0.012076079,0.009748172,0.014265384,0.002902735,0.003424848,0.013157895,0.015602792,0.000282555,0.000277676,-0.000831898,-0.000931455,0.000377232,6.91e-05,-4.17e-05,0.001099631,0.001217307,-0.000159339,-0.016042772,0.035647884,-0.006628074,-0.033060597,0.022766323,0.266486608,-0.096586425,0.17452644,0.164889763,0.094418549,5.158268469,4.982332037,5.506115559,-0.236751648,4.798928105,0.470435807,0.000164609,0.000146117,0.000130598,0.000128293,0.001261831,0.001446594,0.001140133,0.001183062,0.000134602,0.000136573,0.000105322,0.000124809,,,,,Historical
2015-08-01,0.078174342,66.1,73.8,0.234374002,0.297703514,0.376,0.72,1.06,2.28,2.91,-0.008810615,0.009237798,0.007603118,0.012090673,0.0,0.012728719,0.009837459,0.005948495,9.56e-05,0.000409536,0.000183467,0.001368725,0.000100535,-0.866025404,-0.5,5.222764837,-0.051,-0.289,-0.091,-0.56,-0.11,-0.24,-0.02,-0.8,0.0,0.02,0.21,0.16,-0.1,-0.29,-0.27,-0.57,0.0,-0.03,-0.2,-0.3,0.020379669,0.020311428,0.008828972,0.008690783,0.012077433,0.012078371,0.010475423,0.013566024,0.005281533,0.004246385,0.012121212,0.013576078,0.000292474,9.98e-05,-4.23e-06,-2.34e-05,0.000119017,7.78e-05,0.000213351,0.000196185,0.000304596,0.00010494,-0.048774913,0.021084327,0.075555067,-0.007279321,-0.175724486,0.034298916,-0.17320083,0.071639183,0.05654897,0.024492558,5.196920708,5.012450228,5.623035199,-0.400270362,4.758937976,0.463826861,0.000142861,0.000131409,0.000151017,0.000131677,0.0012777,0.001395917,0.001189694,0.001190647,0.000125218,0.000180124,0.00010017,0.000122752,,,,,Historical
2015-09-01,0.072223211,66.1,72.9,0.234517234,0.298658865,0.413,0.81,0.92,2.26,2.91,0.039525984,0.006735195,0.007574325,0.012092864,-0.001571092,0.010333863,0.00844622,0.004927536,0.000743849,-0.00023731,0.000172801,0.001447839,9.21e-05,-1.0,-1.84e-16,5.432942025,0.037,-0.163,-0.115,-0.505,0.09,-0.14,0.06,-0.85,-0.14,-0.25,0.08,-0.14,-0.02,-0.3,-0.27,-0.62,0.0,-0.01,-0.13,-0.31,0.020249014,0.018393951,0.008465616,0.008496947,0.012079651,0.012080645,0.012019231,0.012737533,0.00696544,0.004603639,0.011086798,0.011754563,0.000280902,-7.79e-05,0.000821751,0.000882707,-0.000138859,0.000108542,0.000468216,-0.000705526,-0.000606175,0.000368865,-0.008810615,-0.016042772,0.028921032,0.049493467,-0.190563538,0.022766323,0.057323999,0.049134857,0.17452644,0.103224917,5.233418775,5.040699301,5.533146772,-0.100204748,4.994965217,0.437976807,0.000119274,0.00013682,0.000169327,0.000136138,0.001232445,0.001396086,0.001260049,0.001208597,0.000162911,0.000135088,9.76e-05,0.000116855,,,,,Historical
2015-10-01,0.066272079,66.0,72.9,0.234660467,0.299614216,0.393,0.82,0.93,2.28,2.92,0.003794552,0.004246069,0.007545597,0.012095051,0.000786782,0.010325655,0.008756255,0.003908795,0.001390504,-0.000882573,0.000176175,0.001507707,0.000114691,-0.866025404,0.5,5.453203547,-0.02,-0.034,-0.254,-0.485,0.01,-0.01,-0.16,-0.74,0.01,-0.13,0.02,-0.08,0.02,-0.1,-0.28,-0.56,0.01,0.01,-0.04,-0.28,0.020118506,0.016271284,0.008102764,0.008307532,0.012081864,0.012082899,0.00798722,0.011633235,0.005579965,0.005178018,0.010054645,0.010135852,0.000247869,-0.000255536,0.00164604,0.001786899,-0.000396395,0.000161245,0.000722934,-0.001605508,-0.001515012,0.000632438,0.039525984,-0.048774913,0.035647884,0.023394983,0.025682991,-0.175724486,0.0649594,0.017738913,0.071639183,0.073677582,5.262215053,5.068155374,5.269363912,0.183839636,5.107648208,0.345555339,0.000154885,0.000143951,0.000173398,0.000137912,0.001242328,0.001395389,0.001333699,0.001230712,0.000143773,0.000143086,9.83e-05,0.000114431,,,,,Historical
2015-11-01,0.074382217,66.0,72.4,0.234970091,0.300845849,0.442,0.92,0.96,2.37,2.92,0.003990416,0.004070671,0.007845895,0.012097233,-0.000786164,0.013556619,0.008493715,0.002892263,0.000858682,-0.000307697,0.000170599,0.001553112,0.000123351,-0.5,0.866025404,5.474612833,0.049,0.066,-0.223,-0.453,0.1,0.2,-0.04,-0.54,0.03,-0.1,-0.08,0.03,0.09,0.09,-0.2,-0.43,0.0,0.01,-0.02,-0.28,0.017313441,0.014391546,0.007945499,0.008160536,0.012084073,0.012085135,0.008744038,0.011136937,0.004643655,0.005733157,0.009024745,0.008717581,0.000212433,-0.000355292,0.001213975,0.001283919,-0.000425237,0.000220936,0.00083483,-0.001142527,-0.001023988,0.000716291,0.003794552,-0.008810615,0.021084327,-0.016573151,0.075119676,-0.190563538,-0.237771261,0.02744868,0.049134857,0.02266289,5.300245515,5.097758711,5.222764837,0.251847996,5.018247289,0.456365545,0.000146192,0.000144499,0.00017184,0.000139946,0.00123443,0.001366174,0.001401429,0.001257268,0.00015234,0.000172155,0.000102521,0.000112016,,,,,Historical
2015-12-01,0.082492354,66.0,72.1,0.235279714,0.302077482,0.497,0.74,0.92,2.46,2.95,-0.038764793,0.00389544,0.008146104,0.012099411,-0.004720692,0.016064257,0.00893465,0.001877934,0.000327237,0.000266773,0.000169755,0.001606013,0.000115137,-2.45e-16,1.0,5.26607166,0.055,0.084,-0.079,-0.415,-0.18,-0.07,-0.21,-0.6,-0.04,0.0,-0.25,0.14,0.09,0.2,-0.1,-0.3,0.03,0.04,0.03,-0.23,0.014525319,0.012752965,0.007788571,0.008055939,0.012086277,0.012087352,0.010325655,0.011253131,0.003387683,0.006401266,0.007997092,0.007497424,0.000174632,-0.000454854,0.000782091,0.000780845,-0.000453608,0.000287573,0.000946508,-0.000679735,-0.000532871,0.000799644,0.003990416,0.039525984,-0.016042772,-0.038333967,-0.1623473,0.025682991,-0.315789474,0.129116651,0.017738913,0.095613603,5.337060985,5.126213239,5.432942025,-0.166870365,4.824286024,0.441785636,0.000117724,0.000138485,0.000171303,0.000144282,0.001225865,0.001369134,0.00146169,0.001288947,0.00012489,0.000133995,0.0001095,0.000111203,,,,,Historical
2016-01-01,0.090602492,65.9,71.0,0.235589338,0.303309115,0.481,0.68,0.82,2.69,2.96,0.034677587,0.003720375,0.008446224,0.012101585,0.002371542,0.020112631,0.008447475,0.000865801,-0.000203833,0.000840837,0.000108286,0.001548838,0.00016386,0.5,0.866025404,5.45149654,-0.016,0.088,0.054,-0.111,-0.06,-0.14,-0.15,-0.01,-0.1,-0.11,-0.24,-0.09,0.23,0.41,0.31,0.03,0.01,0.04,0.05,-0.2,0.011753988,0.011353791,0.007631978,0.007993722,0.012088477,0.01208955,0.012728719,0.012116836,0.003585878,0.006863327,0.006971678,0.006473083,0.000134506,-0.000554223,0.00035039,0.000277676,-0.000481508,0.000361115,0.001057968,-0.000217131,-4.17e-05,0.0008825,-0.038764793,0.003794552,-0.048774913,-0.006628074,-0.329835082,0.075119676,-0.028789924,0.105937922,0.02744868,0.052400682,5.392416577,5.160754762,5.453203547,-0.001707008,4.787229437,0.664267103,7.5e-05,0.000107469,0.000163514,0.000147056,0.001143174,0.001365879,0.001505372,0.001322753,0.000156639,0.000109194,0.000118287,0.000111805,,,,,Historical
2016-02-01,0.166380799,66.0,71.1,0.234674377,0.302632081,0.462,0.64,0.66,2.8,2.95,0.084469509,0.004347116,0.009035744,0.012103583,0.002365931,0.013556619,0.007781451,0.003462954,-0.000276012,0.000946008,0.000122981,0.001556191,0.000114065,0.866025404,0.5,5.916209648,-0.019,0.02,0.086,-0.005,-0.04,-0.28,-0.08,-0.1,-0.16,-0.3,-0.4,-0.19,0.11,0.43,0.52,0.25,-0.01,0.03,0.04,-0.16,0.009237798,0.010017744,0.007603118,0.008010953,0.012090673,0.012091729,0.012728719,0.012373602,0.009837459,0.007071654,0.005948495,0.005751561,0.000103186,9.56e-05,-0.00037162,9.98e-05,-0.000375847,0.000422169,0.000409536,0.000536473,0.000213351,0.000732658,0.034677587,0.003990416,-0.008810615,0.075555067,-0.056335164,-0.1623473,0.457619268,0.074571561,0.129116651,0.104985955,5.455219777,5.205417203,5.474612833,0.441596815,5.162571243,0.753638405,6.1e-05,5.91e-05,0.000153433,0.000152225,0.001071359,0.001294885,0.001536616,0.001363155,0.000131451,0.000128213,0.000120542,0.000110356,,,,,Historical
2016-03-01,0.242159107,65.9,71.2,0.233759417,0.301955048,0.462,0.66,0.69,2.98,2.93,0.003309196,0.004973312,0.00962487,0.012105577,0.006294256,0.01266825,0.005530679,0.006059732,-0.000348043,0.001050965,9.26e-05,0.001508235,0.000138655,1.0,6.12e-17,5.920071705,0.0,-0.035,0.049,-0.066,0.02,-0.08,-0.15,-0.09,0.03,-0.23,-0.23,-0.15,0.18,0.52,0.72,0.45,-0.02,-0.02,0.02,-0.11,0.006735195,0.008744769,0.007574325,0.008107557,0.012092864,0.012093889,0.010333863,0.012427687,0.00844622,0.00695209,0.004927536,0.005332639,8.07e-05,0.000743849,-0.001091892,-7.79e-05,-0.000270142,0.000470732,-0.00023731,0.001288275,0.000468216,0.000582748,0.084469509,-0.038764793,0.039525984,0.028921032,0.634267241,-0.329835082,0.411820782,0.204798221,0.105937922,0.103576751,5.505752853,5.248592328,5.26607166,0.654000045,5.313674794,0.606396911,6.29e-05,6.37e-05,0.000140067,0.000154697,0.001025714,0.001226615,0.001546683,0.001403366,0.000107504,0.000130839,0.000128293,0.000112952,,,,,Historical
2016-04-01,0.317937414,66.0,71.6,0.232844456,0.301278014,0.541,0.89,0.82,3.01,2.9,0.072530446,0.005598964,0.010213602,0.012107566,0.003127443,0.016640254,0.009234415,0.008656135,-0.000419928,0.001155707,0.00012458,0.001486736,0.000144392,0.866025404,-0.5,6.348568977,0.079,0.06,0.148,-0.106,0.23,0.21,0.07,-0.09,0.13,0.0,-0.11,-0.09,0.03,0.32,0.73,0.45,-0.03,-0.06,-0.02,-0.06,0.004246069,0.007534807,0.007545597,0.00828346,0.012095051,0.012096031,0.010325655,0.013148773,0.008756255,0.007256628,0.003908795,0.005216097,6.7e-05,0.001390504,-0.001810432,-0.000255536,-0.000164392,0.000506796,-0.000882573,0.00203828,0.000722934,0.000432772,0.003309196,0.034677587,0.003794552,0.035647884,0.353026507,-0.056335164,0.266486608,0.154625253,0.074571561,0.164889763,5.575957305,5.302418767,5.45149654,0.897072437,5.506115559,0.842453417,0.000151748,0.00010577,0.000131468,0.000152433,0.001065806,0.001209906,0.001543187,0.001438443,0.000110795,0.000120389,0.000133243,0.000115752,,,,,Historical
2016-05-01,0.272662046,65.8,73.4,0.232823311,0.301209619,0.551,0.79,0.75,3.01,2.87,0.01683181,0.00592732,0.010602998,0.012109552,0.003897116,0.014972419,0.007361073,0.011252164,-0.000875054,0.001472712,0.000156659,0.0015052,0.000136531,0.5,-0.866025404,6.439292439,0.01,0.089,0.109,-0.114,-0.1,0.15,-0.13,-0.17,-0.07,0.09,-0.21,-0.29,0.0,0.21,0.64,0.44,-0.03,-0.08,-0.05,-0.07,0.004070671,0.006585964,0.007845895,0.008504919,0.012097233,0.012098154,0.013556619,0.013667805,0.008493715,0.00748308,0.002892263,0.005401715,2.37e-05,0.000858682,-0.001733737,-0.000355292,-0.000519762,0.000559953,-0.000307697,0.001780409,0.00083483,0.000637882,0.072530446,0.084469509,0.003990416,0.021084327,0.171247563,0.634267241,0.034298916,0.067798116,0.204798221,0.05654897,5.643978741,5.357876185,5.916209648,0.523082791,5.623035199,0.81625724,0.000179946,0.000170609,0.000129144,0.000150492,0.001146729,0.001233606,0.001535202,0.001468316,9.78e-05,0.000145524,0.00013544,0.000118981,,,,,Historical
2016-06-01,0.227386679,65.7,73.9,0.232802167,0.301141225,0.494,0.62,0.58,2.92,2.86,-0.007154107,0.006255492,0.010991683,0.012111534,0.002329193,0.014937107,0.007112554,0.013847818,-0.00132887,0.001788805,0.000181971,0.001547922,0.000137567,1.22e-16,-1.0,6.376561144,-0.057,0.032,-0.003,-0.082,-0.17,-0.04,-0.12,-0.33,-0.17,-0.11,-0.34,-0.59,-0.09,-0.06,0.46,0.36,-0.01,-0.07,-0.09,-0.06,0.00389544,0.005896812,0.008146104,0.008771845,0.012099411,0.012100259,0.016064257,0.014052093,0.00893465,0.007793485,0.001877934,0.005889275,-4.92e-05,0.000327237,-0.001656107,-0.000454854,-0.000874016,0.000630144,0.000266773,0.001522032,0.000946508,0.000842297,0.01683181,0.003309196,-0.038764793,-0.016042772,0.064575185,0.353026507,0.022766323,0.099054983,0.154625253,0.17452644,5.714263272,5.416664379,5.920071705,0.456489439,5.533146772,0.843414371,0.000172982,0.000161856,0.00013118,0.000151241,0.001244449,0.001232886,0.00152552,0.001493605,7.33e-05,0.000161341,0.000139178,0.000124339,,,,,Historical
2016-07-01,0.182111311,65.6,73.5,0.232781022,0.30107283,0.504,0.65,0.49,2.8,2.87,-0.049990545,0.00658348,0.011379659,0.012113511,-0.001549187,0.012568735,0.004729364,0.016443098,-0.001781381,0.002103989,0.000190827,0.001622531,0.000114664,-0.5,-0.866025404,6.049706258,0.01,-0.037,0.023,0.077,0.03,-0.24,-0.03,-0.18,-0.09,-0.33,-0.33,-0.57,-0.12,-0.21,0.11,0.42,0.01,-0.03,-0.09,-0.04,0.003720375,0.005465936,0.008446224,0.009084151,0.012101585,0.012102345,0.020112631,0.014038761,0.008447475,0.007888776,0.000865801,0.00667856,-0.000151437,-0.000203833,-0.001577548,-0.000554223,-0.001227158,0.000717313,0.000840837,0.001263151,0.001057968,0.00104602,-0.007154107,0.072530446,0.034677587,-0.048774913,-0.004924568,0.171247563,-0.175724486,0.069298614,0.067798116,0.071639183,5.779291801,5.468780135,6.348568977,-0.298862719,5.269363912,0.780342346,0.000155019,0.000164609,0.000144937,0.000154225,0.001286743,0.001261831,0.001537803,0.001521587,0.000111139,0.000134602,0.000130979,0.000124633,,,,,Historical
2016-08-01,0.299570868,65.7,73.5,0.232726199,0.300893416,0.512,0.66,0.44,2.75,2.88,0.000614838,0.008154134,0.011623705,0.012115485,-0.00155159,0.010997643,0.004249947,0.019038004,-0.001088938,0.001399361,0.000197826,0.001707692,0.000110535,-0.866025404,-0.5,6.037576958,0.008,-0.039,0.05,0.136,0.01,-0.13,0.02,-0.06,-0.05,-0.31,-0.22,-0.62,-0.05,-0.26,-0.05,0.47,0.01,0.01,-0.07,-0.03,0.004347116,0.005375631,0.009035744,0.0094192,0.012103583,0.012104413,0.013556619,0.013894504,0.007781451,0.00742315,0.003462954,0.007769353,-0.000250149,-0.000276012,-0.000812926,9.56e-05,-0.001184547,0.000799798,0.000946008,0.000453352,0.000409536,0.000989825,-0.049990545,0.01683181,0.084469509,-0.008810615,-0.219638649,0.064575185,-0.190563538,0.012330582,0.099054983,0.049134857,5.847192811,5.52205676,6.439292439,-0.401715481,5.222764837,0.814812121,0.000183467,0.000142861,0.000157411,0.000155422,0.001368725,0.0012777,0.001563053,0.001549835,0.000100535,0.000125218,0.000130391,0.000125466,,,,,Historical
2016-09-01,0.417030425,65.8,72.8,0.232671375,0.300714001,0.533,0.59,0.47,2.71,2.87,0.061626306,0.009724095,0.011867211,0.012117455,0.000777001,0.013375295,0.006578879,0.021632535,-0.000398871,0.000697151,0.000167224,0.001760775,0.000112429,-1.0,-1.84e-16,6.40458498,0.021,0.039,0.071,0.12,-0.07,-0.03,-0.07,-0.22,0.03,-0.11,-0.22,-0.45,-0.04,-0.21,-0.27,0.45,-0.01,0.01,-0.06,-0.04,0.004973312,0.005624706,0.00962487,0.009776941,0.012105577,0.012106462,0.01266825,0.014147957,0.005530679,0.007267538,0.006059732,0.009161436,-0.000345376,-0.000348043,-5.08e-05,0.000743849,-0.00114272,0.00087767,0.001050965,-0.000353814,-0.00023731,0.000934461,0.000614838,-0.007154107,0.003309196,0.039525984,-0.018421582,-0.004924568,0.025682991,0.227621805,0.069298614,0.017738913,5.928163058,5.580790916,6.376561144,0.028023836,5.432942025,0.971642955,0.000172801,0.000119274,0.000169848,0.000154957,0.001447839,0.001232445,0.001605143,0.001575913,9.21e-05,0.000162911,0.00012602,0.000127156,,,,,Historical
2016-10-01,0.534489982,65.8,73.0,0.232616552,0.300534587,0.504,0.68,0.59,2.67,2.88,0.008662817,0.011293363,0.012110176,0.012119421,0.002329193,0.014937107,0.007355615,0.024226693,0.000288831,-2.65e-06,0.00020277,0.001826769,0.00013468,-0.866025404,0.5,6.443480465,-0.029,0.0,-0.037,0.111,0.09,0.03,-0.21,-0.14,0.12,0.1,-0.23,-0.34,-0.04,-0.13,-0.34,0.39,0.01,0.01,-0.02,-0.04,0.005598964,0.00621198,0.010213602,0.010157322,0.012107566,0.012108493,0.016640254,0.014532245,0.009234415,0.007150818,0.008656135,0.010854594,-0.000437182,-0.000419928,0.000708759,0.001390504,-0.001101673,0.000950997,0.001155707,-0.00115836,-0.000882573,0.000879921,0.061626306,-0.049990545,0.072530446,0.003794552,0.008717055,-0.219638649,0.075119676,0.207315576,0.012330582,0.02744868,6.010686134,5.636450594,6.049706258,0.393774207,5.453203547,0.990276917,0.000176175,0.000154885,0.000182879,0.000157174,0.001507707,0.001242328,0.001661815,0.001602501,0.000114691,0.000143773,0.000124401,0.000128822,,,,,Historical
2016-11-01,0.543330861,65.7,72.8,0.232418952,0.30023897,0.509,1.0,0.88,2.68,2.9,0.01874688,0.012878626,0.0121769,0.012121383,-0.003872967,0.011801731,0.008089656,0.026820476,6.07e-05,0.000236006,0.000218073,0.001913304,0.000129543,-0.5,0.866025404,6.548358377,0.005,-0.003,-0.042,0.067,0.32,0.34,0.21,0.08,0.29,0.44,0.13,-0.08,0.01,-0.07,-0.33,0.31,0.02,0.02,0.03,-0.02,0.00592732,0.006945976,0.010602998,0.01051824,0.012109552,0.012110505,0.014972419,0.014386004,0.007361073,0.007117147,0.011252164,0.012848612,-0.000503681,-0.000875054,0.000935739,0.000858682,-0.000797997,0.000996305,0.001472712,-0.001236707,-0.000307697,0.000543703,0.008662817,0.000614838,0.01683181,0.003990416,-0.01148841,-0.018421582,-0.1623473,0.110058226,0.227621805,0.129116651,6.100164929,5.700205222,6.037576958,0.510781418,5.474612833,1.073745543,0.000170599,0.000146192,0.000193115,0.00016113,0.001553112,0.00123443,0.001729832,0.001632517,0.000123351,0.00015234,0.000123236,0.000129338,,,,,Historical
2016-12-01,0.55217174,65.8,72.5,0.232221352,0.299943352,0.473,1.16,0.95,2.73,2.94,-0.06198237,0.014462932,0.012243564,0.012123341,-0.00155521,0.015019763,0.009774303,0.029413885,-0.000167163,0.000474353,0.00022485,0.001973018,0.000162725,-2.45e-16,1.0,6.13885006,-0.036,-0.06,-0.021,-0.024,0.16,0.57,0.54,0.42,0.07,0.48,0.37,0.03,0.05,0.02,-0.19,0.27,0.04,0.07,0.08,-0.01,0.006255492,0.007826601,0.010991683,0.010859695,0.012111534,0.012112499,0.014937107,0.014298963,0.007112554,0.007187118,0.013847818,0.015143275,-0.000544881,-0.00132887,0.001161707,0.000327237,-0.0004944,0.001013603,0.001788805,-0.001314452,0.000266773,0.000207579,0.01874688,0.061626306,-0.007154107,-0.038764793,-0.122904453,0.008717055,-0.329835082,0.162327927,0.207315576,0.105937922,6.172896463,5.754978724,6.40458498,-0.265734921,5.26607166,0.872778399,0.000169755,0.000117724,0.000200262,0.000165721,0.001606013,0.001225865,0.001800682,0.001663101,0.000115137,0.00012489,0.000127429,0.000133304,,,,,Historical
2017-01-01,0.561012619,66.0,71.9,0.232023752,0.299647735,0.456,1.17,1.0,2.71,2.93,0.050654668,0.016046283,0.012310168,0.012125295,0.008566978,0.021293375,0.012653301,0.03200692,-0.000394714,0.000712389,0.000144925,0.001938436,0.000177371,0.5,0.866025404,6.441131601,-0.017,-0.048,-0.048,-0.025,0.01,0.49,0.52,0.49,0.05,0.41,0.51,0.18,-0.02,0.04,-0.09,0.02,-0.01,0.05,0.06,-0.03,0.00658348,0.00885376,0.011379659,0.01118169,0.012113511,0.012114475,0.012568735,0.014397358,0.004729364,0.007537603,0.016443098,0.017738368,-0.000560788,-0.001781381,0.001386667,-0.000203833,-0.000190881,0.001002899,0.002103989,-0.0013916,0.000840837,-0.000128449,-0.06198237,0.008662817,-0.049990545,0.034677587,-0.374061914,-0.01148841,-0.056335164,0.085621314,0.110058226,0.074571561,6.255366051,5.823891314,6.443480465,-0.002348864,5.45149654,0.989635061,0.000108286,7.5e-05,0.000192611,0.000168774,0.001548838,0.001143174,0.001853332,0.001695568,0.00016386,0.000156639,0.00013788,0.00013443,,,,,Historical
2017-02-01,0.793413614,65.9,72.0,0.231241741,0.298330411,0.48,1.16,0.93,2.67,2.95,0.13143482,0.019227465,0.012160997,0.012113055,0.001544402,0.020456334,0.011157117,0.033000216,-0.000685679,0.001060666,0.000131316,0.001899934,0.000168218,0.866025404,0.5,7.319290089,0.024,-0.029,-0.032,0.018,-0.01,0.16,0.5,0.52,-0.07,0.05,0.49,0.27,-0.04,-0.01,-0.08,-0.13,0.02,0.05,0.07,0.0,0.008154134,0.010093789,0.011623705,0.011442128,0.012115485,0.012115264,0.010997643,0.014972334,0.004249947,0.007818909,0.019038004,0.020199806,-0.000594927,-0.001088938,0.000403259,-0.000276012,-0.000409668,0.001012454,0.001399361,-0.000338694,0.000946008,0.000114658,0.050654668,0.01874688,0.000614838,0.084469509,-0.034469839,-0.122904453,0.634267241,0.110775862,0.162327927,0.204798221,6.372289421,5.913754599,6.548358377,0.770931712,5.916209648,1.403080441,0.000122981,6.1e-05,0.000181526,0.000169469,0.001556191,0.001071359,0.001885373,0.001724213,0.000114065,0.000131451,0.000147494,0.000138943,,,,,Historical
2017-03-01,1.025814609,66.0,72.1,0.23045973,0.297013088,0.513,1.07,0.87,2.66,2.86,0.04324094,0.022401919,0.012012099,0.01210084,0.00154202,0.015637217,0.01343183,0.03398824,-0.000976136,0.001408336,0.000108602,0.001831617,0.000169711,1.0,6.12e-17,7.615165049,0.033,0.04,-0.02,0.051,-0.09,-0.09,0.48,0.41,-0.06,-0.08,0.4,0.18,-0.01,-0.07,-0.05,-0.32,-0.09,-0.08,-0.01,-0.07,0.009724095,0.011546173,0.011867211,0.011641063,0.012117455,0.01211487,0.013375295,0.015219748,0.006578879,0.008477338,0.021632535,0.022527182,-0.000647268,-0.000398871,-0.000577265,-0.000348043,-0.000628093,0.001042235,0.000697151,0.000711184,0.001050965,0.000357371,0.13143482,-0.06198237,0.061626306,0.003309196,0.543461389,-0.374061914,0.353026507,0.049057101,0.085621314,0.154625253,6.5135472,6.009650026,6.13885006,1.476314989,5.920071705,1.695093343,9.26e-05,6.29e-05,0.000171756,0.000170802,0.001508235,0.001025714,0.00189718,0.001751161,0.000138655,0.000107504,0.000157041,0.000141531,,,,,Historical
2017-04-01,1.258215604,65.9,72.4,0.229677719,0.295695764,0.548,1.03,0.74,2.6,2.82,0.003317664,0.025569666,0.011863474,0.01208865,0.003849115,0.016367888,0.010924044,0.034971036,-0.001266086,0.001755398,0.000151792,0.001818182,0.000163238,0.866025404,-0.5,7.613018242,0.035,0.092,0.044,0.007,-0.04,-0.14,0.35,0.14,-0.13,-0.26,0.15,-0.08,-0.06,-0.11,-0.07,-0.41,-0.04,-0.11,-0.06,-0.08,0.011293363,0.013210398,0.012110176,0.011778553,0.012119421,0.012113293,0.014937107,0.015197051,0.007355615,0.00861814,0.024226693,0.02472009,-0.000717782,0.000288831,-0.001554917,-0.000419928,-0.000846158,0.001092209,-2.65e-06,0.00175805,0.001155707,0.000599691,0.04324094,0.050654668,0.008662817,0.072530446,0.502576996,-0.034469839,0.171247563,0.165009747,0.110775862,0.067798116,6.618917972,6.097437638,6.441131601,1.171886641,6.348568977,1.264449266,0.00012458,0.000151748,0.00016326,0.00017307,0.001486736,0.001065806,0.001895749,0.001778782,0.000144392,0.000110795,0.000161801,0.000143101,,,,,Historical
2017-05-01,1.189658279,66.0,74.2,0.230058123,0.295300439,0.529,0.94,0.72,2.55,2.79,-0.062910883,0.028543491,0.011917823,0.012076484,0.000766871,0.013198758,0.015857479,0.035948645,-0.001565925,0.002044656,0.000107889,0.001782565,0.000141366,0.5,-0.866025404,7.123236023,-0.019,0.049,0.02,-0.022,-0.09,-0.22,-0.06,0.15,-0.02,-0.21,-0.16,-0.03,-0.05,-0.12,-0.13,-0.46,-0.03,-0.16,-0.11,-0.08,0.012878626,0.015095079,0.0121769,0.011888122,0.012121383,0.012110538,0.011801731,0.015049246,0.008089656,0.009326174,0.026820476,0.026778131,-0.000775354,6.07e-05,-0.00162661,-0.000875054,-0.00069087,0.001139871,0.000236006,0.001808651,0.001472712,0.000571944,0.003317664,0.13143482,0.01874688,0.01683181,-0.040993893,0.543461389,0.064575185,-0.046101356,0.049057101,0.099054983,6.67591327,6.159946006,7.319290089,-0.196054066,6.439292439,0.683943584,0.000156659,0.000179946,0.000144896,0.000169005,0.0015052,0.001146729,0.001873959,0.001801896,0.000136531,9.78e-05,0.000163771,0.000143504,,,,,Historical
2017-06-01,1.121100955,66.1,74.9,0.230438526,0.294905113,0.683,1.28,0.57,2.49,2.8,-0.084956368,0.031513709,0.01197203,0.012064343,-0.000766284,0.010069713,0.018015917,0.036921107,-0.00186482,0.002333006,0.000175331,0.001756788,0.000198841,1.22e-16,-1.0,6.519722832,0.154,0.17,0.21,0.189,0.34,0.21,0.12,0.66,-0.15,-0.3,-0.38,-0.01,-0.06,-0.17,-0.24,-0.43,0.01,-0.06,-0.14,-0.06,0.014462932,0.01719993,0.012243564,0.011969817,0.012123341,0.012106605,0.015019763,0.01464363,0.009774303,0.010234788,0.029413885,0.028700905,-0.000820017,-0.000167163,-0.001697657,-0.00132887,-0.00053595,0.001185221,0.000474353,0.001858653,0.001788805,0.000544201,-0.062910883,0.04324094,-0.06198237,-0.007154107,-0.121870366,0.502576996,-0.004924568,-0.213163449,0.165009747,0.069298614,6.687843411,6.201053342,7.615165049,-1.095442216,6.376561144,0.143161688,0.000181971,0.000172982,0.000136642,0.000168452,0.001547922,0.001244449,0.00183792,0.001819301,0.000137567,7.33e-05,0.000169791,0.00014861,,,,,Historical
2017-07-01,1.05254363,66.0,74.7,0.23081893,0.294509788,0.74,1.58,0.68,2.75,2.92,-0.05999282,0.034480329,0.012026096,0.012052226,0.0,0.011636928,0.018854329,0.037888463,-0.002162778,0.00262045,0.00015349,0.001731227,0.000176646,-0.5,-0.866025404,6.11826087,0.057,0.192,0.284,0.236,0.3,0.55,0.41,0.93,0.11,-0.06,-0.32,0.19,0.26,0.15,0.04,-0.05,0.12,0.1,-0.01,0.05,0.016046283,0.019524668,0.012310168,0.012023687,0.012125295,0.012101498,0.021293375,0.014565979,0.012653301,0.011411868,0.03200692,0.030488018,-0.0008518,-0.000394714,-0.001768064,-0.001781381,-0.000381397,0.00122826,0.000712389,0.001908061,0.002103989,0.000516461,-0.084956368,0.003317664,0.050654668,-0.049990545,-0.215875224,-0.040993893,-0.219638649,-0.379968578,-0.046101356,0.012330582,6.693556295,6.236424048,7.613018242,-1.494757373,6.049706258,0.068554612,0.000190827,0.000155019,0.00013807,0.000165341,0.001622531,0.001286743,0.001803386,0.001828359,0.000114664,0.000111139,0.00016967,0.000153775,,,,,Historical
2017-08-01,0.712166244,65.9,74.5,0.231673937,0.294697124,0.742,1.51,0.6,2.67,3.02,-0.02010787,0.032748664,0.012289915,0.012040134,0.000766871,0.013986014,0.017207216,0.038850754,-0.001211058,0.001714893,0.000146563,0.001715466,0.000160608,-0.866025404,-0.5,5.975223433,0.002,0.213,0.262,0.23,-0.07,0.57,0.35,0.85,-0.08,-0.12,-0.33,0.16,-0.08,0.12,0.0,-0.08,0.1,0.23,0.07,0.14,0.019227465,0.021574212,0.012160997,0.012079204,0.012113055,0.012095219,0.020456334,0.01481501,0.011157117,0.012491641,0.033000216,0.032139081,-0.000861976,-0.000685679,-0.000525379,-0.001088938,-0.00012212,0.001254554,0.001060666,0.000654227,0.001399361,0.000315533,-0.05999282,-0.062910883,0.13143482,0.000614838,-0.256556442,-0.121870366,-0.018421582,-0.409301389,-0.213163449,0.227621805,6.688360168,6.26777649,7.123236023,-1.14801259,6.037576958,-0.062353525,0.000197826,0.000183467,0.000140611,0.000161069,0.001707692,0.001368725,0.001772641,0.001829007,0.000110535,0.000100535,0.000168402,0.000157948,,,,,Historical
2017-09-01,0.371788859,65.9,73.6,0.232528944,0.29488446,1.009,1.8,0.55,2.99,3.09,0.057829824,0.031023149,0.012553021,0.012028065,0.002298851,0.01552795,0.014583215,0.039808018,-0.000263046,0.000812865,0.000178277,0.001692803,0.000198085,-1.0,-1.84e-16,6.308609829,0.267,0.326,0.496,0.476,0.29,0.52,0.73,1.21,-0.05,-0.02,-0.32,0.08,0.32,0.5,0.33,0.28,0.07,0.29,0.23,0.22,0.022401919,0.023349133,0.012012099,0.012136355,0.01210084,0.01208777,0.015637217,0.014994398,0.01343183,0.013158669,0.03398824,0.033653704,-0.000850658,-0.000976136,0.00071309,-0.000398871,0.000135825,0.001264197,0.001408336,-0.000595471,0.000697151,0.000115713,-0.02010787,-0.084956368,0.04324094,0.061626306,0.074642127,-0.215875224,0.008717055,-0.353297098,-0.379968578,0.207315576,6.680362239,6.304262648,6.519722832,-0.211113003,6.40458498,-0.095975151,0.000167224,0.000172801,0.000152224,0.00016199,0.001760775,0.001447839,0.001749505,0.001823342,0.000112429,9.21e-05,0.000173131,0.000165086,,,,,Historical
2017-10-01,0.031411473,66.0,73.8,0.233383951,0.295071796,0.895,1.7,0.58,3.05,3.18,0.007605734,0.029303749,0.012815418,0.012016021,0.000764526,0.01394268,0.017001681,0.040760296,0.00068128,-8.57e-05,0.000112797,0.001644459,0.000159466,-0.866025404,0.5,6.334415584,-0.114,0.155,0.347,0.391,-0.1,0.12,0.67,1.02,0.03,-0.1,-0.16,-0.01,0.06,0.3,0.45,0.38,0.09,0.26,0.36,0.3,0.025569666,0.024849999,0.011863474,0.012195125,0.01208865,0.012079153,0.016367888,0.014911529,0.010924044,0.013962507,0.034971036,0.035031505,-0.000817953,-0.001266086,0.001947367,0.000288831,0.000392449,0.00125728,0.001755398,-0.001841055,-2.65e-06,-8.3e-05,0.057829824,-0.05999282,0.003317664,0.008662817,0.004440216,-0.256556442,-0.01148841,-0.35603904,-0.409301389,0.110058226,6.671273499,6.340979817,6.11826087,0.216154715,6.443480465,-0.10906488,0.00020277,0.000176175,0.000145724,0.000154492,0.001826769,0.001507707,0.001720551,0.00180815,0.00013468,0.000114691,0.000172502,0.000167151,,,,,Historical
2017-11-01,0.068550274,66.1,73.9,0.233965289,0.294966288,0.872,1.62,0.45,2.97,3.24,-0.024634631,0.02787163,0.013028083,0.012004001,0.003055768,0.020995334,0.018745007,0.041707625,0.000326733,0.000272165,0.000145964,0.00162883,0.000159802,-0.5,0.866025404,6.158614182,-0.023,0.13,0.343,0.363,-0.08,0.11,0.68,0.62,-0.13,-0.15,-0.27,-0.43,-0.08,0.3,0.42,0.29,0.06,0.22,0.45,0.34,0.028543491,0.026099415,0.011917823,0.012266057,0.012076484,0.012069371,0.013198758,0.015677663,0.015857479,0.014850453,0.035948645,0.0362721,-0.000795783,-0.001565925,0.001892658,6.07e-05,0.000266048,0.001260293,0.002044656,-0.001772491,0.000236006,3.62e-05,0.007605734,-0.02010787,-0.062910883,0.01874688,0.116040417,0.074642127,-0.122904453,-0.27296102,-0.353297098,0.162327927,6.638794816,6.369479873,5.975223433,0.183390748,6.548358377,-0.389744195,0.000218073,0.000170599,0.00015207,0.000148483,0.001913304,0.001553112,0.001694929,0.001784444,0.000129543,0.000123351,0.000175575,0.000169673,,,,,Historical
2017-12-01,0.105689075,66.2,73.8,0.234546626,0.294860779,1.05,1.82,0.32,2.93,3.24,-0.035509663,0.026444847,0.01324053,0.011992005,-0.003808073,0.018691589,0.018757936,0.042650046,-2.72e-05,0.000629336,0.000126234,0.001591837,0.000160961,-2.45e-16,1.0,5.923001075,0.178,0.041,0.367,0.577,0.2,0.02,0.54,0.66,-0.13,-0.23,-0.25,-0.63,-0.04,-0.06,0.44,0.2,0.0,0.15,0.44,0.3,0.031513709,0.027097908,0.01197203,0.012349138,0.012064343,0.012058427,0.010069713,0.015983648,0.018015917,0.015599089,0.036921107,0.037375114,-0.000784117,-0.00186482,0.001837651,-0.000167163,0.000139994,0.001273209,0.002333006,-0.001703669,0.000474353,0.000154984,-0.024634631,0.057829824,-0.084956368,-0.06198237,0.03635592,0.004440216,-0.374061914,-0.140947467,-0.35603904,0.085621314,6.620807401,6.396851932,6.308609829,-0.385608754,6.13885006,-0.215848985,0.00022485,0.000169755,0.000143887,0.000140265,0.001973018,0.001606013,0.001667437,0.001752679,0.000162725,0.000115137,0.000169261,0.000169526,,,,,Historical
2018-01-01,0.142827876,65.8,72.4,0.235127964,0.294755271,1.196,2.08,0.45,3.13,5.29,0.001396594,0.025023371,0.01345276,0.011980033,0.006880734,0.016988417,0.012003178,0.043587594,-0.000380428,0.000985858,8.93e-05,0.001561986,0.000117396,0.5,0.866025404,5.910634538,0.146,0.301,0.456,0.74,0.26,0.38,0.5,0.91,0.13,-0.13,-0.23,-0.55,0.2,0.08,0.38,0.42,2.05,2.11,2.37,2.36,0.034480329,0.027845999,0.012026096,0.012444354,0.012052226,0.012046322,0.011636928,0.015624902,0.018854329,0.015544912,0.037888463,0.03834017,-0.000782926,-0.002162778,0.00178235,-0.000394714,1.43e-05,0.001295998,0.00262045,-0.001634592,0.000712389,0.000273469,-0.035509663,0.007605734,-0.05999282,0.050654668,-0.334425334,0.116040417,-0.034469839,-0.086549269,-0.27296102,0.110775862,6.576599312,6.415982682,6.334415584,-0.423781046,6.441131601,-0.530497063,0.000144925,0.000108286,0.000133186,0.000135628,0.001938436,0.001548838,0.00163923,0.001721308,0.000177371,0.00016386,0.000159386,0.000164528,,,,,Historical
2018-02-01,0.216553154,65.8,72.5,0.234835729,0.293957621,1.171,2.04,0.45,3.23,5.35,0.042469072,0.021980838,0.013607663,0.011760306,0.006074412,0.021588281,0.012612493,0.038905902,-0.00065694,0.001286495,6.47e-05,0.001502608,0.000122233,0.866025404,0.5,6.172431165,-0.025,0.299,0.429,0.691,-0.04,0.42,0.53,0.88,0.0,0.0,-0.15,-0.48,0.1,0.26,0.56,0.56,0.06,2.11,2.33,2.4,0.032748664,0.028075447,0.012289915,0.012564909,0.012040134,0.012016926,0.013986014,0.015719231,0.017207216,0.015666194,0.038850754,0.038832311,-0.000780531,-0.001211058,0.000554118,-0.000685679,2.87e-05,0.001314817,0.001714893,-0.000428398,0.001060666,0.000225829,0.001396594,-0.024634631,-0.02010787,0.13143482,-0.182321575,0.03635592,0.543461389,-0.226426077,-0.140947467,0.049057101,6.481027735,6.426658578,6.158614182,0.013816983,7.319290089,-1.146858924,0.000131316,0.000122981,0.000119547,0.000130079,0.001899934,0.001556191,0.001603754,0.001688197,0.000168218,0.000114065,0.00015299,0.000160696,,,,,Historical
2018-03-01,0.290278431,65.8,72.8,0.234543494,0.293159972,1.086,2.0,0.31,3.28,5.37,0.021536438,0.018963613,0.013762327,0.011541016,0.003018868,0.023094688,0.012072167,0.034257975,-0.000932788,0.00158641,8.22e-05,0.001454157,0.000128868,1.0,6.12e-17,6.312302535,-0.085,0.036,0.077,0.573,-0.04,0.18,0.2,0.93,-0.14,-0.01,-0.24,-0.56,0.05,0.35,0.29,0.62,0.02,2.13,2.28,2.51,0.031023149,0.027788921,0.012553021,0.012710762,0.012028065,0.011970274,0.01552795,0.016340687,0.014583215,0.015552888,0.039808018,0.038854788,-0.000776919,-0.000263046,-0.000669742,-0.000976136,4.33e-05,0.001329656,0.000812865,0.000773545,0.001408336,0.000178074,0.042469072,-0.035509663,0.057829824,0.04324094,0.291447203,-0.334425334,0.502576996,-0.352734129,-0.086549269,0.165009747,6.372455859,6.443001529,5.923001075,0.38930146,7.615165049,-1.302862514,0.000108602,9.26e-05,0.000103542,0.000127883,0.001831617,0.001508235,0.00156398,0.001656742,0.000169711,0.000138655,0.000141454,0.000157292,,,,,Historical
2018-04-01,0.364003709,65.6,73.0,0.234251259,0.292362322,1.2,2.18,0.44,3.21,5.395,0.02568593,0.015971383,0.013916752,0.011322163,0.003009782,0.022239264,0.010867396,0.029643449,-0.001207974,0.001885604,8.53e-05,0.001386098,0.000152061,0.866025404,-0.5,6.482190457,0.114,0.004,0.305,0.652,0.18,0.1,0.48,1.15,0.13,-0.01,-0.14,-0.3,-0.07,0.08,0.16,0.61,0.025,0.105,2.215,2.575,0.029303749,0.026989064,0.012815418,0.012881868,0.012016021,0.0119064,0.01394268,0.016829968,0.017001681,0.015548168,0.040760296,0.038410823,-0.000772076,0.00068128,-0.001889254,-0.001266086,5.81e-05,0.001340507,-8.57e-05,0.001971261,0.001755398,0.000130206,0.021536438,0.001396594,0.007605734,0.003317664,0.395999223,-0.182321575,-0.040993893,-0.398644692,-0.226426077,-0.046101356,6.27822021,6.448569091,5.910634538,0.571555919,7.613018242,-1.130827785,0.000151792,0.00012458,9.9e-05,0.000122342,0.001818182,0.001486736,0.001520919,0.001620735,0.000163238,0.000144392,0.00014022,0.000156361,,,,,Historical
2018-05-01,0.630178831,65.6,74.5,0.233265989,0.291528128,1.3,2.11,0.33,2.97,5.42,-0.001683559,0.016342555,0.014090123,0.011103745,0.000750188,0.022222222,0.008472805,0.025061966,-0.001439102,0.002082793,0.000136535,0.001375184,0.000145058,0.5,-0.866025404,6.476937131,0.1,0.129,0.428,0.771,-0.07,0.07,0.49,1.17,-0.11,-0.12,-0.12,-0.39,-0.24,-0.26,0.0,0.42,0.025,0.07,2.18,2.63,0.02787163,0.02597232,0.013028083,0.013062893,0.012004001,0.011825338,0.020995334,0.017581923,0.018745007,0.014932778,0.041707625,0.0375036,-0.000761508,0.000326733,-0.001765835,-0.001565925,0.000126823,0.001343685,0.000272165,0.001810628,0.002044656,3.81e-05,0.02568593,0.042469072,-0.024634631,-0.062910883,0.077351141,0.291447203,-0.121870366,-0.324435139,-0.352734129,-0.213163449,6.224361969,6.45013762,6.172431165,0.304505966,7.123236023,-0.646298893,0.000107889,0.000156659,9.74e-05,0.000124729,0.001782565,0.0015052,0.001478645,0.001586787,0.000141366,0.000136531,0.000137763,0.000156669,,,,,Historical
2018-06-01,0.896353954,65.8,75.3,0.232280718,0.290693933,1.247,1.93,0.29,2.7,5.455,0.005628924,0.01671114,0.014263025,0.010885762,0.00149925,0.024539877,0.010886992,0.020513172,-0.001669416,0.002279288,9.83e-05,0.001340867,0.000131352,1.22e-16,-1.0,6.519190588,-0.053,0.161,0.197,0.564,-0.18,-0.07,0.11,0.65,-0.04,-0.02,-0.03,-0.28,-0.27,-0.58,-0.23,0.21,0.035,0.085,2.215,2.655,0.026444847,0.024738772,0.01324053,0.013253809,0.011992005,0.011727123,0.018691589,0.01878777,0.018757936,0.014338701,0.042650046,0.036136272,-0.000745224,-2.72e-05,-0.001642247,-0.00186482,0.000195405,0.001339208,0.000629336,0.001649952,0.002333006,-5.37e-05,-0.001683559,0.021536438,-0.035509663,-0.084956368,-0.00348657,0.395999223,-0.215875224,-0.233359825,-0.398644692,-0.379968578,6.224317616,6.456080513,6.312302535,0.206888054,6.519722832,-0.000532244,0.000175331,0.000181971,9.27e-05,0.000118307,0.001756788,0.001547922,0.001436817,0.001552127,0.000198841,0.000137567,0.000132828,0.000151045,,,,,Historical
2018-07-01,1.162529076,65.9,75.3,0.231295448,0.289859739,1.442,2.19,0.23,2.99,5.47,-0.032918981,0.017077165,0.014435461,0.01066821,0.005239521,0.029907975,0.01438406,0.015996719,-0.001898919,0.002475091,8.04e-05,0.001314131,0.000106047,-0.5,-0.866025404,6.313597093,0.195,0.242,0.246,0.702,0.26,0.01,0.11,0.61,-0.06,-0.21,-0.22,-0.45,0.29,-0.22,-0.14,0.24,0.015,0.075,0.18,2.55,0.025023371,0.023288509,0.01345276,0.01345459,0.011980033,0.011611789,0.016988417,0.020310358,0.012003178,0.013966179,0.043587594,0.03431196,-0.000723236,-0.000380428,-0.001518492,-0.002162778,0.000263859,0.001327095,0.000985858,0.001489233,0.00262045,-0.000145359,0.005628924,0.02568593,0.001396594,-0.05999282,0.040041467,0.077351141,-0.256556442,0.016850374,-0.324435139,-0.409301389,6.240595634,6.467075965,6.482190457,-0.168593364,6.11826087,0.195336224,0.00015349,0.000190827,9.12e-05,0.000112212,0.001731227,0.001622531,0.001395508,0.001517369,0.000176646,0.000114664,0.000130936,0.000145161,,,,,Historical
2018-08-01,0.889141767,65.7,75.0,0.231632822,0.290648185,1.509,2.25,0.18,3.04,5.52,-0.021482685,0.018131275,0.014502028,0.010451091,-0.000744602,0.02835249,0.012165784,0.011512262,-0.001041056,0.001610902,8.55e-05,0.001263072,0.000135563,-0.866025404,-0.5,6.184820527,0.067,0.209,0.338,0.767,0.06,0.14,0.21,0.74,-0.05,-0.15,-0.27,-0.42,0.05,0.07,-0.19,0.37,0.05,0.1,0.17,2.5,0.021980838,0.022070393,0.013607663,0.013638933,0.011760306,0.011479368,0.021588281,0.021507564,0.012612493,0.013546059,0.038905902,0.032033752,-0.000709069,-0.00065694,-0.000384115,-0.001211058,0.000170003,0.001318429,0.001286495,0.000324407,0.001714893,-0.000103991,-0.032918981,-0.001683559,0.042469072,-0.02010787,-0.138175928,-0.00348657,0.074642127,0.17876619,-0.233359825,-0.353297098,6.258062059,6.473211113,6.476937131,-0.292116604,5.975223433,0.209597093,0.000146563,0.000197826,9.47e-05,0.000107126,0.001715466,0.001707692,0.001355585,0.001479669,0.000160608,0.000110535,0.000133158,0.000143074,,,,,Historical
2018-09-01,0.615754459,65.8,74.3,0.231970195,0.29143663,1.546,2.32,0.23,3.12,5.56,0.040225569,0.019185163,0.014568382,0.010234401,-0.003725782,0.022171254,0.014241407,0.007059462,-0.000186623,0.000750171,8.32e-05,0.00124085,0.000104412,-1.0,-1.84e-16,6.44432192,0.037,0.299,0.46,0.537,0.07,0.39,0.32,0.52,0.05,-0.06,-0.08,-0.32,0.08,0.42,-0.16,0.13,0.04,0.105,0.19,2.47,0.018963613,0.021083894,0.013762327,0.013806879,0.011541016,0.011329896,0.023094688,0.022061173,0.012072167,0.013517576,0.034257975,0.029304706,-0.0007027,-0.000932788,0.000746165,-0.000263046,7.64e-05,0.001313205,0.00158641,-0.000836239,0.000812865,-6.27e-05,-0.021482685,0.005628924,0.021536438,0.057829824,-0.016914847,0.040041467,0.004440216,0.078338091,0.016850374,-0.35603904,6.269371399,6.474866819,6.519190588,-0.074868669,6.308609829,0.135712091,0.000178277,0.000167224,9.49e-05,9.92e-05,0.001692803,0.001760775,0.001320034,0.001442007,0.000198085,0.000112429,0.000129082,0.000135268,,,,,Historical
2018-10-01,0.34236715,65.7,74.5,0.232307569,0.292225076,1.734,2.42,0.16,3.24,5.575,0.014080808,0.020238831,0.014634522,0.01001814,0.002991773,0.024446142,0.010724119,0.002637987,0.000664398,-0.000107125,6.58e-05,0.001200212,0.00010531,-0.866025404,0.5,6.541436956,0.188,0.292,0.534,0.839,0.1,0.23,0.24,0.72,-0.07,-0.07,-0.28,-0.42,0.12,0.25,0.03,0.19,0.015,0.105,0.18,2.395,0.015971383,0.020328484,0.013916752,0.013958471,0.011322163,0.011163406,0.022239264,0.022936461,0.010867396,0.012994445,0.029643449,0.026127847,-0.000704107,-0.001207974,0.001872372,0.00068128,-1.69e-05,0.001311416,0.001885604,-0.001992729,-8.57e-05,-2.15e-05,0.040225569,-0.032918981,0.02568593,0.007605734,-0.056176471,-0.138175928,0.116040417,0.013261762,0.17876619,-0.27296102,6.28662318,6.47894834,6.313597093,0.227839863,6.334415584,0.207021372,0.000112797,0.00020277,9.16e-05,9.53e-05,0.001644459,0.001826769,0.001289053,0.001404986,0.000159466,0.00013468,0.00012129,0.000130755,,,,,Historical
2018-11-01,0.373634273,65.9,74.5,0.23274537,0.293186044,1.713,2.27,0.12,3.31,5.67,-0.024352615,0.021235948,0.014605527,0.009802306,-0.004474273,0.016755522,0.012131821,-0.001752494,0.000367678,0.000167344,8.94e-05,0.001171711,0.000116975,-0.5,0.866025404,6.389663741,-0.021,0.204,0.413,0.841,-0.15,0.02,0.16,0.65,-0.04,-0.06,-0.21,-0.33,0.07,0.27,0.34,0.34,0.095,0.15,0.25,2.43,0.016342555,0.019775511,0.014090123,0.014089925,0.011103745,0.010979932,0.022222222,0.022583143,0.008472805,0.012443346,0.025061966,0.02250617,-0.000700695,-0.001439102,0.00180678,0.000326733,4.09e-05,0.001302681,0.002082793,-0.001915449,0.000272165,-0.000104821,0.014080808,-0.021482685,-0.001683559,-0.024634631,0.162823309,-0.016914847,0.03635592,0.055736313,0.078338091,-0.140947467,6.30587731,6.472336063,6.184820527,0.204843214,6.158614182,0.231049559,0.000145964,0.000218073,8.38e-05,9.06e-05,0.00162883,0.001913304,0.00125514,0.001366893,0.000159802,0.000129543,0.00011661,0.000127186,,,,,Historical
2018-12-01,0.404901397,65.9,74.2,0.233183172,0.294147012,1.665,1.93,0.07,3.4,5.705,-0.049934631,0.022232117,0.014576575,0.009586899,-0.000749064,0.019877676,0.010323948,-0.006112305,7.15e-05,0.000441345,8.8e-05,0.001128581,0.000130252,-2.45e-16,1.0,6.083773738,-0.048,0.119,0.418,0.615,-0.34,-0.39,0.0,0.11,-0.05,-0.16,-0.22,-0.25,0.09,0.28,0.7,0.47,0.035,0.145,0.25,2.465,0.01671114,0.01942445,0.014263025,0.014201262,0.010885762,0.010779506,0.024539877,0.022681984,0.010886992,0.011740514,0.020513172,0.018442641,-0.000692476,-0.001669416,0.00174088,-2.72e-05,9.86e-05,0.001287015,0.002279288,-0.001837943,0.000629336,-0.000187991,-0.024352615,0.040225569,0.005628924,-0.035509663,-0.164411095,-0.056176471,-0.334425334,-0.148785149,0.013261762,-0.086549269,6.319275032,6.470041217,6.44432192,-0.360548182,5.923001075,0.160772663,0.000126234,0.00022485,8.2e-05,8.74e-05,0.001591837,0.001973018,0.00121976,0.001328288,0.000160961,0.000162725,0.000116427,0.000124627,,,,,Historical
2019-01-01,0.43616852,66.0,73.0,0.233620973,0.29510798,1.627,1.83,0.1,3.52,5.725,-0.00401375,0.023227338,0.014547664,0.009371917,0.00149925,0.014426727,0.016337734,-0.010441767,-0.000224245,0.00071488,3.96e-05,0.001040723,0.000126405,0.5,0.866025404,6.064732143,-0.038,-0.107,0.185,0.431,-0.1,-0.59,-0.36,-0.25,0.03,-0.06,-0.13,-0.35,0.12,0.28,0.53,0.39,0.02,0.15,0.255,0.435,0.017077165,0.019274781,0.014435461,0.014292504,0.01066821,0.010562163,0.029907975,0.02246851,0.01438406,0.012101727,0.015996719,0.013940194,-0.00067946,-0.001898919,0.001674674,-0.000380428,0.000156183,0.001264433,0.002475091,-0.001760211,0.000985858,-0.000270979,-0.049934631,0.014080808,-0.032918981,0.001396594,-0.393681847,0.162823309,-0.182321575,-0.224569319,0.055736313,-0.226426077,6.332116499,6.454357906,6.541436956,-0.476704813,5.910634538,0.154097605,8.93e-05,0.000144925,7.53e-05,8.32e-05,0.001561986,0.001938436,0.001174191,0.00128485,0.000117396,0.000177371,0.00011982,0.000125378,,,,,Historical
2019-02-01,0.458923002,66.1,73.3,0.232483561,0.29390346,1.682,1.8,0.14,3.66,5.68,0.042726507,0.023705724,0.01451789,0.009378294,0.006736527,0.01509434,0.018837462,-0.004823474,-0.000508908,0.001098549,2.98e-05,0.000955592,0.000113773,0.866025404,0.5,6.299220464,0.055,-0.031,0.173,0.511,-0.03,-0.47,-0.45,-0.24,0.04,0.02,-0.04,-0.31,0.14,0.35,0.62,0.43,-0.045,0.01,0.16,0.33,0.018131275,0.019418521,0.014502028,0.014368356,0.010451091,0.010363662,0.02835249,0.021927348,0.012165784,0.012620475,0.011512262,0.010296079,-0.000667124,-0.001041056,0.000532148,-0.00065694,0.000148032,0.001248771,0.001610902,-0.000512353,0.001286495,-0.000187946,-0.00401375,-0.024352615,-0.021482685,0.042469072,0.049457815,-0.164411095,0.291447203,-0.004765488,-0.148785149,-0.352734129,6.342682274,6.411855005,6.389663741,-0.090443276,6.172431165,0.126789299,6.47e-05,0.000131316,6.6e-05,8.03e-05,0.001502608,0.001899934,0.001122945,0.001239265,0.000122233,0.000168218,0.000116188,0.000124673,,,,,Historical
2019-03-01,0.481677484,66.0,73.2,0.231346149,0.292698941,1.652,1.43,0.08,3.74,5.59,0.010640922,0.024182953,0.014488171,0.009384662,0.00669145,0.018811136,0.01637596,0.000804613,-0.000792999,0.001481449,1.59e-05,0.000906375,6.44e-05,1.0,6.12e-17,6.336323194,-0.03,-0.013,0.106,0.566,-0.37,-0.5,-0.89,-0.57,-0.06,0.01,-0.15,-0.23,0.08,0.34,0.62,0.46,-0.09,-0.115,0.03,0.22,0.019185163,0.019853466,0.014568382,0.014428843,0.010234401,0.010183966,0.022171254,0.021570385,0.014241407,0.012979124,0.007059462,0.007508299,-0.000655475,-0.000186623,-0.000606376,-0.000932788,0.000139789,0.001240024,0.000750171,0.000731278,0.00158641,-0.000104961,0.042726507,-0.049934631,0.040225569,0.021536438,0.255544355,-0.393681847,0.395999223,-0.032433482,-0.224569319,-0.398644692,6.344683996,6.358569927,6.083773738,0.252549457,6.312302535,0.02402066,8.22e-05,0.000108602,5.48e-05,7.48e-05,0.001454157,0.001831617,0.001067199,0.001193616,0.000128868,0.000169711,0.00010952,0.000119301,,,,,Historical
2019-04-01,0.504431966,66.2,74.0,0.230208737,0.291494421,1.666,1.49,0.16,3.81,5.38,0.040092258,0.024659027,0.014458507,0.009391019,0.004431315,0.020255064,0.022832298,0.006442521,-0.00107652,0.00186358,3.8e-05,0.000869911,7.36e-05,0.866025404,-0.5,6.564296859,0.014,0.039,-0.068,0.466,0.06,-0.34,-0.93,-0.69,0.08,0.06,0.0,-0.28,0.07,0.29,0.57,0.6,-0.21,-0.345,-0.195,-0.015,0.020238831,0.020577436,0.014634522,0.01447399,0.01001814,0.010023037,0.024446142,0.021405035,0.010724119,0.013976199,0.002637987,0.005574888,-0.000644521,0.000664398,-0.001740918,-0.001207974,0.000131454,0.001238189,-0.000107125,0.001970705,0.001885604,-2.2e-05,0.010640922,-0.00401375,0.014080808,0.02568593,0.431553593,0.049457815,0.077351141,-0.007790762,-0.004765488,-0.324435139,6.351526196,6.314873203,6.064732143,0.499564717,6.482190457,0.082106402,8.53e-05,0.000151792,5.01e-05,7.09e-05,0.001386098,0.001818182,0.001012149,0.001150601,0.000152061,0.000163238,0.000104238,0.000112764,,,,,Historical
2019-05-01,0.389534368,66.0,75.5,0.230432094,0.291614707,1.687,1.46,0.04,3.9,5.235,0.021554885,0.021247189,0.014547435,0.009397367,0.004411765,0.023988006,0.019639165,0.012090274,-0.001177443,0.0019785,6.02e-05,0.000771637,0.000157185,0.5,-0.866025404,6.675720733,0.021,0.005,-0.026,0.387,-0.03,-0.34,-0.81,-0.65,-0.12,-0.1,-0.08,-0.29,0.09,0.24,0.59,0.93,-0.145,-0.445,-0.435,-0.185,0.021235948,0.020986156,0.014605527,0.014512099,0.009802306,0.009880839,0.016755522,0.021552184,0.012131821,0.014906729,-0.001752494,0.004493914,-0.000622716,0.000367678,-0.001545121,-0.001439102,0.000261659,0.001229498,0.000167344,0.001811155,0.002082793,-0.000104294,0.040092258,0.042726507,-0.024352615,-0.001683559,0.262619181,0.255544355,-0.00348657,0.162835744,-0.032433482,-0.233359825,6.368091496,6.296226733,6.299220464,0.376500268,6.476937131,0.198783602,0.000136535,0.000107889,4.53e-05,6.45e-05,0.001375184,0.001782565,0.00094547,0.001100305,0.000145058,0.000141366,0.000110939,0.000113775,,,,,Historical
2019-06-01,0.274636769,66.0,76.1,0.230655451,0.291734993,1.661,1.4,0.04,3.99,5.1,-0.007623396,0.01786159,0.014636091,0.009403704,-0.002196193,0.020209581,0.01705335,0.017747899,-0.001277995,0.002092998,9.01e-05,0.000774926,8.58e-05,1.22e-16,-1.0,6.593952044,-0.026,0.009,-0.004,0.414,-0.06,-0.03,-0.53,-0.53,0.0,-0.04,-0.03,-0.25,0.09,0.25,0.59,1.29,-0.135,-0.49,-0.605,-0.355,0.022232117,0.021082027,0.014576575,0.014543188,0.009586899,0.009757334,0.019877676,0.021191326,0.010323948,0.015420592,-0.006112305,0.004263475,-0.000590097,7.15e-05,-0.00134946,-0.001669416,0.00039142,0.001213974,0.000441345,0.001651653,0.002279288,-0.00018629,0.021554885,0.010640922,-0.049934631,0.005628924,0.104941699,0.431553593,0.040041467,0.289361151,-0.007790762,0.016850374,6.374321618,6.299319617,6.336323194,0.25762885,6.519190588,0.074761456,9.83e-05,0.000175331,4.56e-05,6.38e-05,0.001340867,0.001756788,0.000886528,0.001053144,0.000131352,0.000198841,0.000103536,0.000109981,,,,,Historical
2019-07-01,0.159739171,66.0,75.7,0.230878808,0.291855279,1.645,1.46,-0.06,4.08,4.95,-0.030402872,0.014501929,0.014724479,0.009410032,0.00513573,0.020104244,0.014952549,0.023415422,-0.00137818,0.002207078,7.39e-05,0.000781615,6.57e-05,-0.5,-0.866025404,6.366635108,-0.016,-0.021,0.018,0.203,0.06,-0.03,-0.37,-0.73,-0.1,-0.22,-0.16,-0.29,0.09,0.27,0.56,1.09,-0.15,-0.43,-0.775,-0.52,0.023227338,0.020867424,0.014547664,0.014567273,0.009371917,0.009652486,0.014426727,0.020374348,0.016337734,0.015467967,-0.010441767,0.0048817,-0.000546702,-0.000224245,-0.001153936,-0.001898919,0.000520739,0.001191639,0.00071488,0.001492199,0.002475091,-0.000268013,-0.007623396,0.040092258,-0.00401375,-0.032918981,-0.112964824,0.262619181,-0.138175928,0.099676053,0.162835744,0.17876619,6.378741452,6.309668543,6.564296859,-0.197661751,6.313597093,0.053038015,8.04e-05,0.00015349,5.13e-05,6.33e-05,0.001314131,0.001731227,0.000843343,0.001008767,0.000106047,0.000176646,9.34e-05,0.000106616,,,,,Historical
2019-08-01,0.131725939,66.1,75.6,0.231952709,0.293036132,1.638,1.17,-0.2,4.15,4.88,-0.0185559,0.013601174,0.014904458,0.00941635,-0.001459854,0.019374069,0.020064419,0.029092868,-0.001032132,0.001774964,9.02e-05,0.000802225,6.85e-05,-0.866025404,-0.5,6.220548393,-0.007,-0.049,-0.044,0.129,-0.29,-0.29,-0.63,-1.08,-0.14,-0.24,-0.34,-0.38,0.07,0.25,0.49,1.11,-0.07,-0.355,-0.8,-0.64,0.023705724,0.020489915,0.01451789,0.014600808,0.009378294,0.009566258,0.01509434,0.019626147,0.018837462,0.016126186,-0.004823474,0.00634675,-0.000545959,-0.000508908,-0.000523224,-0.001041056,8.92e-06,0.001205311,0.001098549,0.000676414,0.001610902,0.000164061,-0.030402872,0.021554885,0.042726507,-0.021482685,-0.030704736,0.104941699,-0.016914847,0.236807865,0.289361151,0.078338091,6.381718775,6.319890417,6.675720733,-0.455172339,6.184820527,0.035727867,8.55e-05,0.000146563,6.14e-05,6.37e-05,0.001263072,0.001715466,0.000817782,0.000970363,0.000135563,0.000160608,8.59e-05,0.000101029,,,,,Historical
2019-09-01,0.103712706,66.0,75.0,0.233026609,0.294216984,1.624,1.42,-0.19,4.16,4.825,0.061613343,0.01270247,0.015083834,0.009422658,-0.004385965,0.018698579,0.016748462,0.034780264,-0.000687551,0.001344682,5.34e-05,0.000781201,7.37e-05,-1.0,-1.84e-16,6.58527358,-0.014,-0.037,-0.028,0.078,0.25,0.02,-0.01,-0.9,0.01,-0.23,-0.27,-0.42,0.01,0.17,0.42,1.04,-0.055,-0.275,-0.765,-0.735,0.024182953,0.019949691,0.014488171,0.014643763,0.009384662,0.009498612,0.018811136,0.019336757,0.01637596,0.016335107,0.000804613,0.008656817,-0.000587703,-0.000792999,0.000105448,-0.000186623,-0.000500928,0.001254854,0.001481449,-0.000136766,0.000750171,0.000594512,-0.0185559,-0.007623396,0.010640922,0.040225569,-0.102162478,-0.112964824,-0.056176471,0.129558824,0.099676053,0.013261762,6.393464746,6.331418073,6.593952044,-0.008678464,6.44432192,0.14095166,8.32e-05,0.000178277,6.77e-05,6.12e-05,0.00124085,0.001692803,0.000796919,0.000932059,0.000104412,0.000198085,8.74e-05,9.85e-05,,,,,Historical
2019-10-01,0.075699474,65.8,74.9,0.23410051,0.295397837,1.662,1.46,-0.11,4.17,4.825,0.010938489,0.011805811,0.01526261,0.009428956,0.002936858,0.018642804,0.017111983,0.040477636,-0.00034443,0.000916224,6.53e-05,0.000793045,5.26e-05,-0.866025404,0.5,6.627053103,0.038,0.017,-0.004,-0.072,0.04,0.0,-0.03,-0.96,0.08,-0.05,-0.27,-0.27,0.01,0.09,0.36,0.93,0.0,-0.125,-0.555,-0.75,0.024659027,0.019246939,0.014458507,0.014696103,0.009391019,0.009449514,0.020255064,0.018853146,0.022832298,0.016867429,0.006442521,0.011810121,-0.000671772,-0.00107652,0.00073209,0.000664398,-0.001008828,0.001340133,0.00186358,-0.000947356,-0.000107125,0.001023349,0.061613343,-0.030402872,0.040092258,0.014080808,0.014190861,-0.030704736,0.162823309,0.213773761,0.236807865,0.055736313,6.400599425,6.343611303,6.366635108,0.260417994,6.541436956,0.085616146,6.58e-05,0.000112797,7.22e-05,6.12e-05,0.001200212,0.001644459,0.000784108,0.000898129,0.00010531,0.000159466,8.39e-05,9.41e-05,,,,,Historical
2019-11-01,0.130687429,65.8,74.5,0.234702781,0.295978062,1.652,1.51,-0.13,4.0,4.855,-0.009952597,0.011147391,0.015453862,0.009435245,-0.001464129,0.021722846,0.014380686,0.04618501,-0.000108327,0.0006469,6e-05,0.000790324,6.21e-05,-0.5,0.866025404,6.531356654,-0.01,0.014,-0.035,-0.061,0.05,0.34,0.05,-0.76,-0.02,0.07,-0.17,-0.25,-0.17,-0.15,0.1,0.69,0.03,-0.025,-0.38,-0.815,0.021247189,0.018406226,0.014547435,0.014766798,0.009397367,0.009418925,0.023988006,0.019267089,0.019639165,0.017054835,0.012090274,0.015804913,-0.000711439,-0.001177443,0.001069115,0.000367678,-0.000476005,0.001380096,0.0019785,-0.001331599,0.000167344,0.000479556,0.010938489,-0.0185559,0.021554885,-0.024352615,0.083953787,-0.102162478,-0.164411095,0.131448479,0.129558824,-0.148785149,6.412407168,6.359142239,6.220548393,0.310808261,6.389663741,0.141692913,8.94e-05,0.000145964,7.22e-05,5.87e-05,0.001171711,0.00162883,0.000787223,0.000866346,0.000116975,0.000159802,6.81e-05,8.95e-05,,,,,Historical
2019-12-01,0.185675383,65.8,74.3,0.235305051,0.296558287,1.671,1.64,-0.06,3.95,4.91,-0.005523303,0.010490879,0.015644848,0.009441524,0.0,0.022488756,0.015162866,0.051902413,0.000127225,0.000378205,6.57e-05,0.000799882,5.54e-05,-2.45e-16,1.0,6.46575265,0.019,0.047,0.01,0.006,0.13,0.22,0.24,-0.29,0.07,0.13,-0.1,-0.13,-0.05,-0.21,-0.04,0.55,0.055,0.085,-0.19,-0.795,0.01786159,0.01742779,0.014636091,0.014855821,0.009403704,0.009406811,0.020209581,0.019484679,0.01705335,0.017458078,0.017747899,0.020639473,-0.000706792,-0.001277995,0.00140522,7.15e-05,5.58e-05,0.001374834,0.002092998,-0.001714793,0.000441345,-6.31e-05,-0.009952597,0.061613343,-0.007623396,-0.049934631,-0.164613927,0.014190861,-0.393681847,0.131173829,0.213773761,-0.224569319,6.444238744,6.381756888,6.58527358,-0.11952093,6.083773738,0.381978912,8.8e-05,0.000126234,6.81e-05,5.69e-05,0.001128581,0.001591837,0.000791382,0.000838955,0.000130252,0.000160961,6.3e-05,8.33e-05,,,,,Historical
2020-01-01,0.240663338,65.8,73.2,0.235907322,0.297138512,1.642,1.34,-0.16,3.9,4.94,-0.000685851,0.009836269,0.015835571,0.009447793,0.002932551,0.023952096,0.012851113,0.05762987,0.000362228,0.000110136,6.55e-05,0.000813619,5.1e-05,0.5,0.866025404,6.431980046,-0.029,-0.02,-0.003,0.015,-0.3,-0.12,-0.12,-0.49,-0.1,-0.05,-0.1,-0.26,-0.05,-0.27,-0.18,0.38,0.03,0.115,-0.01,-0.785,0.014501929,0.016311867,0.014724479,0.014963146,0.009410032,0.009413134,0.020104244,0.02027846,0.014952549,0.017167526,0.023415422,0.02631211,-0.000657919,-0.00137818,0.001740409,-0.000224245,0.000586473,0.001324439,0.002207078,-0.002096942,0.00071488,-0.000604743,-0.005523303,0.010938489,-0.030402872,-0.00401375,-0.381343918,0.083953787,0.049457815,0.154192013,0.131448479,-0.004765488,6.474842736,6.403479618,6.627053103,-0.195073056,6.064732143,0.367247903,3.96e-05,8.93e-05,6.67e-05,5.9e-05,0.001040723,0.001561986,0.000796716,0.000820029,0.000126405,0.000117396,6.05e-05,7.7e-05,,,,,Historical
2020-02-01,0.213123406,65.9,73.4,0.240041221,0.298937383,1.638,1.21,-0.11,3.91,4.93,0.082478718,0.00867224,0.015629149,0.00944036,0.004385965,0.021561338,0.012622512,0.053450017,0.000595733,-0.000191497,3.71e-05,0.000801215,4.47e-05,0.866025404,0.5,6.979170554,-0.004,-0.014,0.0,-0.044,-0.13,-0.3,0.04,-0.59,0.05,0.02,0.09,-0.25,0.01,-0.09,-0.24,0.25,-0.01,0.075,0.05,-0.75,0.013601174,0.015059077,0.014904458,0.015055751,0.00941635,0.009418306,0.019374069,0.020817377,0.020064419,0.016649614,0.029092868,0.031168234,-0.000565866,-0.001032132,0.001627865,-0.000508908,0.001104641,0.001216935,0.001774964,-0.001966461,0.001098549,-0.001290046,-0.000685851,-0.009952597,-0.0185559,0.042726507,0.041704858,-0.164613927,0.255544355,0.145665323,0.131173829,-0.032433482,6.531505243,6.437093759,6.531356654,0.4478139,6.299220464,0.67995009,2.98e-05,6.47e-05,5.78e-05,5.96e-05,0.000955592,0.001502608,0.000796548,0.000807165,0.000113773,0.000122233,5.66e-05,7.12e-05,,,,,Historical
2020-03-01,0.185583474,63.7,69.0,0.244175119,0.300736253,0.233,0.78,0.26,2.64,4.79,-0.008113986,0.007512114,0.015423097,0.009432939,-0.005822416,0.008862629,-0.019090859,0.049309929,0.000828877,-0.000492663,6.22e-05,0.000812513,4.98e-05,1.0,6.12e-17,6.917024646,-1.405,-1.438,-1.391,-1.419,-0.43,-0.86,-0.64,-0.65,0.37,0.32,0.45,0.18,-1.27,-1.31,-1.52,-1.1,-0.14,-0.12,-0.035,-0.8,0.01270247,0.01366984,0.015083834,0.015133662,0.009422658,0.009422329,0.018698579,0.019988334,0.016748462,0.013694045,0.034780264,0.035210344,-0.00043071,-0.000687551,0.001516428,-0.000792999,0.001621876,0.001052426,0.001344682,-0.001837346,0.001481449,-0.001974112,0.082478718,-0.005523303,0.061613343,0.010640922,0.582270128,-0.381343918,0.431553593,0.443797672,0.154192013,-0.007790762,6.579897031,6.462290513,6.46575265,0.451271995,6.336323194,0.580701451,1.59e-05,8.22e-05,5.93e-05,6.35e-05,0.000906375,0.001454157,0.000801766,0.000799343,6.44e-05,0.000128868,5.26e-05,7e-05,,,,,Historical
2020-04-01,0.158043542,60.1,61.7,0.248309018,0.302535124,0.272,0.41,0.24,2.31,4.79,-0.09591161,0.006355869,0.015217413,0.00942553,-0.00658858,-0.002205882,-0.078017834,0.045209042,0.00106166,-0.000793364,2.93e-05,0.000792401,4.88e-05,0.866025404,-0.5,6.279211483,0.039,-1.37,-1.39,-1.394,-0.37,-0.93,-1.05,-1.08,-0.02,0.4,0.35,0.08,-0.33,-1.59,-1.86,-1.5,0.0,-0.15,-0.035,-0.59,0.011805811,0.012144577,0.01526261,0.015196904,0.009428956,0.009425205,0.018642804,0.018116589,0.017111983,0.005289868,0.040477636,0.038440887,-0.000252528,-0.00034443,0.00140609,-0.00107652,0.00213818,0.000831014,0.000916224,-0.001709587,0.00186358,-0.002656943,-0.008113986,-0.000685851,0.010938489,0.040092258,0.104546086,0.041704858,0.262619181,0.11399327,0.145665323,0.162835744,6.556139916,6.453833056,6.431980046,-0.152768563,6.564296859,-0.285085376,3.8e-05,8.53e-05,5.33e-05,6.28e-05,0.000869911,0.001386098,0.000801659,0.000792884,7.36e-05,0.000152061,5.19e-05,6.79e-05,,,,,Historical
2020-05-01,0.14447635,61.6,64.2,0.256244918,0.302749484,0.255,0.4,0.24,2.47,4.79,0.051445498,0.006213722,0.013763588,0.009418133,0.002947679,-0.003660322,-0.051521041,0.041146801,0.001535173,-0.001284749,8.53e-05,0.000812537,6.43e-05,0.5,-0.866025404,6.605224375,-0.017,-1.383,-1.397,-1.432,-0.01,-0.81,-1.11,-1.06,0.0,0.35,0.37,0.2,0.16,-1.44,-1.53,-1.43,0.0,-0.14,-0.065,-0.445,0.011147391,0.010891788,0.015453862,0.015131583,0.009435245,0.009426935,0.021722846,0.015812561,0.014380686,-0.000640149,0.04618501,0.040862264,-2.65e-05,-0.000108327,0.0016435,-0.001177443,0.002712616,0.000559076,0.0006469,-0.00193165,0.0019785,-0.003263249,-0.09591161,0.082478718,-0.009952597,0.021554885,-0.627690371,0.582270128,0.104941699,-0.671515825,0.443797672,0.289361151,6.55026522,6.459178358,6.979170554,-0.373946179,6.675720733,-0.070496357,6.02e-05,0.000136535,5.75e-05,6.48e-05,0.000771637,0.001375184,0.000805361,0.000796292,0.000157185,0.000145058,5.23e-05,6.02e-05,,,,,Historical
2020-06-01,0.130909157,64.3,69.1,0.264180818,0.302963844,0.209,0.38,0.24,2.43,4.79,0.07533004,0.006071727,0.012314439,0.009410747,0.008082292,0.006603081,-0.011000054,0.037122663,0.002008575,-0.001776019,0.000104803,0.000840196,7.51e-05,1.22e-16,-1.0,7.116119992,-0.046,-0.024,-1.462,-1.452,-0.02,-0.4,-1.26,-1.02,0.0,-0.02,0.3,0.2,-0.04,-0.21,-1.52,-1.56,0.0,0.0,-0.12,-0.31,0.010490879,0.0099093,0.015644848,0.014938112,0.009441524,0.009427522,0.022488756,0.014678686,0.015162866,-0.002977933,0.051902413,0.042476828,0.000247404,0.000127225,0.00188135,-0.001277995,0.00328657,0.000236658,0.000378205,-0.002154225,0.002092998,-0.003869018,0.051445498,-0.008113986,-0.005523303,-0.007623396,0.553076403,0.104546086,-0.112964824,-0.538291457,0.11399327,0.099676053,6.593779215,6.484050417,6.917024646,0.199095347,6.593952044,0.522167948,9.01e-05,9.83e-05,6.4e-05,6.61e-05,0.000774926,0.001340867,0.00081208,0.000801731,8.58e-05,0.000131352,5.56e-05,5.93e-05,,,,,Historical
2020-07-01,0.117341965,64.6,70.4,0.272116718,0.303178204,0.165,0.32,0.22,2.34,4.79,0.013425956,0.005929883,0.010869946,0.009403372,0.0,0.001459854,-0.006943586,0.033136095,0.002481865,-0.002267174,0.000104722,0.000890138,5.4e-05,-0.5,-0.866025404,7.206338297,-0.044,-0.107,-1.477,-1.48,-0.06,-0.09,-1.02,-1.14,-0.02,-0.02,0.38,0.28,-0.09,0.03,-1.56,-1.74,0.0,0.0,-0.15,-0.16,0.009836269,0.009194962,0.015835571,0.014616901,0.009447793,0.009426967,0.023952096,0.013124987,0.012851113,-0.004802611,0.05762987,0.043286884,0.000569075,0.000362228,0.002119637,-0.00137818,0.003860046,-0.000136196,0.000110136,-0.00237731,0.002207078,-0.004474252,0.07533004,-0.09591161,-0.000685851,-0.030402872,0.882673052,-0.627690371,-0.030704736,-0.020054385,-0.671515825,0.236807865,6.663754481,6.521247967,6.279211483,0.927126814,6.366635108,0.839703189,7.39e-05,8.04e-05,7.06e-05,6.86e-05,0.000781615,0.001314131,0.000824833,0.000810775,6.57e-05,0.000106047,5.61e-05,5.83e-05,,,,,Historical
2020-08-01,0.350542178,64.8,71.2,0.280030419,0.303515895,0.149,0.41,0.32,2.22,4.79,0.008228475,0.008414718,0.009006294,0.009396009,-0.001457726,0.001461988,-0.006704367,0.029186572,0.001814419,-0.001590375,7.88e-05,0.00090646,6.07e-05,-0.866025404,-0.5,7.259874102,-0.016,-0.106,-1.489,-1.489,0.09,0.01,-0.8,-0.76,0.1,0.08,0.43,0.52,-0.12,-0.25,-1.69,-1.93,0.0,0.0,-0.14,-0.09,0.00867224,0.008762758,0.015629149,0.014125388,0.00944036,0.009425272,0.021561338,0.011632314,0.012622512,-0.007033343,0.053450017,0.043294693,0.000806287,0.000595733,0.001218686,-0.001032132,0.002846551,-0.000416641,-0.000191497,-0.001398878,0.001774964,-0.003365339,0.013425956,0.051445498,0.082478718,-0.0185559,0.275870043,0.553076403,-0.102162478,0.289888954,-0.538291457,0.129558824,6.750364957,6.566041866,6.605224375,0.654649727,6.220548393,1.039325708,9.02e-05,8.55e-05,7.75e-05,6.77e-05,0.000802225,0.001263072,0.000842374,0.000819461,6.85e-05,0.000135563,5.88e-05,5.77e-05,,,,,Historical
2020-09-01,0.583742391,65.5,72.2,0.287944119,0.303853587,0.136,0.36,0.32,2.15,4.79,0.009636363,0.010898299,0.007149541,0.009388658,-0.000729927,0.005139501,0.006710317,0.02527358,0.001147101,-0.000913706,0.000104881,0.00094633,6.33e-05,-1.0,-1.84e-16,7.3241169,-0.013,-0.073,-0.097,-1.488,-0.05,-0.02,-0.42,-1.06,0.0,0.08,0.06,0.51,-0.07,-0.28,-0.49,-2.01,0.0,0.0,0.0,-0.035,0.007512114,0.00861241,0.015423097,0.013464197,0.009432939,0.009422439,0.008862629,0.010502391,-0.019090859,-0.007869855,0.049309929,0.042502469,0.000959175,0.000828877,0.000318224,-0.000687551,0.001834652,-0.00060484,-0.000492663,-0.000421043,0.001344682,-0.002258388,0.008228475,0.07533004,-0.008113986,0.061613343,-0.026642501,0.882673052,0.014190861,0.398385627,-0.020054385,0.213773761,6.811935234,6.60269999,7.116119992,0.207996907,6.58527358,0.73884332,5.34e-05,8.32e-05,8.46e-05,7.2e-05,0.000781201,0.00124085,0.000864677,0.000833222,7.37e-05,0.000104412,6.1e-05,5.68e-05,,,,,Historical
2020-10-01,0.816942604,65.6,72.6,0.29585782,0.304191278,0.086,0.36,0.35,2.1,4.79,0.008170098,0.013380629,0.00529965,0.009381318,0.004382761,0.00658858,0.008730178,0.021396615,0.000479909,-0.000237166,0.000114414,0.000989664,7.02e-05,-0.866025404,0.5,7.378107027,-0.05,-0.079,-0.186,-1.576,0.0,0.04,-0.05,-1.1,0.03,0.13,0.11,0.46,-0.05,-0.24,-0.21,-2.07,0.0,0.0,0.0,-0.035,0.006355869,0.008743645,0.015217413,0.01263395,0.00942553,0.009418469,-0.002205882,0.009497872,-0.078017834,-0.008568339,0.045209042,0.040912384,0.00102787,0.00106166,-0.00058175,-0.00034443,0.00082434,-0.000700956,-0.000793364,0.000556198,0.000916224,-0.00115339,0.009636363,0.013425956,-0.09591161,0.010938489,0.02793036,0.275870043,0.083953787,0.41732991,0.289888954,0.131448479,6.874523061,6.637561243,7.206338297,0.17176873,6.627053103,0.751053925,6.53e-05,6.58e-05,9.88e-05,7.61e-05,0.000793045,0.001200212,0.000897554,0.000849607,5.26e-05,0.00010531,6.46e-05,5.83e-05,,,,,Historical
2020-11-01,0.63783906,65.4,72.4,0.30386036,0.304790224,0.109,0.45,0.43,2.07,4.79,-0.013083887,0.013512157,0.00467524,0.00937399,0.001454545,0.009530792,0.005573158,0.017555183,0.000302305,1.58e-05,8.36e-05,0.000980892,9.01e-05,-0.5,0.866025404,7.276196879,0.023,-0.04,-0.146,-1.543,0.09,0.04,0.05,-1.06,0.08,0.11,0.19,0.56,-0.03,-0.15,-0.4,-1.93,0.0,0.0,0.0,-0.065,0.006213722,0.008940709,0.013763588,0.011735731,0.009418133,0.009413364,-0.003660322,0.008481868,-0.051521041,-0.0093023,0.041146801,0.038526565,0.001062089,0.001535173,-0.001232868,-0.000108327,0.000410632,-0.000753544,-0.001284749,0.001300597,0.0006469,-0.000631053,0.008170098,0.008228475,0.051445498,-0.009952597,-0.047278326,-0.026642501,-0.164613927,0.245736618,0.398385627,0.131173829,6.936593079,6.674500124,7.259874102,0.016322777,6.531356654,0.744840225,6e-05,8.94e-05,9.85e-05,7.8e-05,0.000790324,0.001171711,0.000925613,0.000865487,6.21e-05,0.000116975,6.89e-05,6.06e-05,,,,,Historical
2020-12-01,0.458735517,65.4,71.9,0.311862899,0.305389171,0.115,0.41,0.5,1.98,4.79,-0.025156594,0.013643474,0.00405193,0.009366673,-0.002178649,0.007331378,0.003847251,0.013748795,0.000124788,0.000268737,6.86e-05,0.000975494,7.31e-05,-2.45e-16,1.0,7.089589961,0.006,-0.021,-0.094,-1.556,-0.04,0.05,0.03,-1.23,0.07,0.18,0.26,0.56,-0.09,-0.17,-0.45,-1.97,0.0,0.0,0.0,-0.12,0.006071727,0.009203425,0.012314439,0.010769655,0.009410747,0.009407127,0.006603081,0.007218753,-0.011000054,-0.010245268,0.037122663,0.035347097,0.001061886,0.002008575,-0.001883787,0.000127225,-2.44e-06,-0.000762666,-0.001776019,0.002044756,0.000378205,-0.000109468,-0.013083887,0.009636363,0.07533004,-0.005523303,-0.168171879,0.02793036,-0.381343918,0.240430961,0.41732991,0.154192013,6.988579522,6.716409133,7.3241169,-0.234526938,6.46575265,0.623837311,6.57e-05,8.8e-05,9.25e-05,7.83e-05,0.000799882,0.001128581,0.000948163,0.000880122,5.54e-05,0.000130252,6.86e-05,6.21e-05,,,,,Historical
2021-01-01,0.279631973,64.9,69.8,0.319865439,0.305988117,0.056,0.41,0.64,1.85,4.79,0.035593886,0.013774581,0.003429716,0.009359367,0.005822416,0.010233918,-0.00347335,0.009976976,-5.26e-05,0.000521502,5.4e-05,0.000935572,9.18e-05,0.5,0.866025404,7.340433131,-0.059,-0.03,-0.109,-1.586,0.0,0.05,0.09,-0.93,0.14,0.29,0.42,0.8,-0.13,-0.25,-0.49,-2.05,0.0,0.0,0.0,-0.15,0.005929883,0.009531618,0.010869946,0.009735834,0.009403372,0.009399758,0.001459854,0.006075571,-0.006943586,-0.01160564,0.033136095,0.031376022,0.001027314,0.002481865,-0.002534508,0.000362228,-0.00041487,-0.000728386,-0.002267174,0.002788675,0.000110136,0.000411365,-0.025156594,0.008170098,0.013425956,-0.000685851,-0.179428571,-0.047278326,0.041704858,0.64527956,0.245736618,0.145665323,7.064283946,6.769563341,7.378107027,-0.037673897,6.431980046,0.908453085,6.55e-05,3.96e-05,8.41e-05,7.73e-05,0.000813619,0.001040723,0.000955735,0.000890284,5.1e-05,0.000126405,7.49e-05,6.55e-05,,,,,Historical
2021-02-01,0.281589401,65.2,71.2,0.324518242,0.305296789,0.073,0.73,1.08,1.77,4.79,0.078521167,0.014205076,0.003461544,0.009352073,0.005065123,0.010917031,-0.001167537,0.009074062,3.51e-05,0.000419087,7.28e-05,0.000916798,8.87e-05,0.866025404,0.5,7.940548414,0.017,-0.036,-0.076,-1.565,0.32,0.28,0.32,-0.48,0.44,0.65,0.76,1.19,-0.08,-0.3,-0.45,-2.14,0.0,0.0,0.0,-0.14,0.008414718,0.009992687,0.009006294,0.008721867,0.009396009,0.009392401,0.001461988,0.005188546,-0.006704367,-0.01275481,0.029186572,0.027678026,0.000980591,0.001814419,-0.001779353,0.000595733,-0.000560666,-0.000677504,-0.001590375,0.002009462,-0.000191497,0.000610584,0.035593886,-0.013083887,0.008228475,0.082478718,-0.040807799,-0.168171879,0.582270128,0.514958205,0.240430961,0.443797672,7.144398767,6.837952005,7.276196879,0.664351534,6.979170554,0.96137786,3.71e-05,2.98e-05,8.31e-05,8.03e-05,0.000801215,0.000955592,0.000957458,0.000899916,4.47e-05,0.000113773,7.95e-05,6.92e-05,,,,,Historical
2021-03-01,0.283546828,65.5,72.2,0.329171044,0.304605461,0.096,0.99,1.33,1.64,4.79,0.048939175,0.014635117,0.003493327,0.009344791,0.005039597,0.021961933,0.036739805,0.008172647,0.000122636,0.000316836,8.06e-05,0.000927743,6.75e-05,1.0,6.12e-17,8.339346422,0.023,-0.019,-0.04,-0.137,0.26,0.58,0.63,0.21,0.25,0.83,1.01,1.07,-0.13,-0.34,-0.51,-1.0,0.0,0.0,0.0,0.0,0.010898299,0.010586271,0.007149541,0.007727719,0.009388658,0.009385055,0.005139501,0.006280154,0.006710317,-0.008102255,0.02527358,0.024249919,0.000921738,0.001147101,-0.001024465,0.000828877,-0.000706241,-0.000610045,-0.000913706,0.001230542,-0.000492663,0.000809499,0.078521167,-0.025156594,0.009636363,-0.008113986,0.586322056,-0.179428571,0.104546086,0.518837759,0.64527956,0.11399327,7.262925582,6.921411306,7.089589961,1.24975646,6.917024646,1.422321776,6.22e-05,1.59e-05,7.9e-05,8.18e-05,0.000812513,0.000906375,0.00095436,0.000909519,4.98e-05,6.44e-05,8.02e-05,7.06e-05,,,,,Historical
2021-04-01,0.285504256,65.1,71.7,0.333823847,0.303914133,0.101,0.93,1.22,1.57,4.79,-0.006312491,0.015064706,0.003525067,0.009337519,0.005014327,0.033898305,0.092278709,0.007272727,0.000210065,0.000214747,9.78e-05,0.000943137,8.15e-05,0.866025404,-0.5,8.287395022,0.005,0.045,0.015,-0.171,-0.06,0.52,0.57,0.52,-0.11,0.58,0.87,0.98,-0.07,-0.28,-0.53,-0.74,0.0,0.0,0.0,0.0,0.013380629,0.011312007,0.00529965,0.006753357,0.009381318,0.009377721,0.00658858,0.009288837,0.008730178,0.006089124,0.021396615,0.02108856,0.000850772,0.000479909,-0.000269844,0.00106166,-0.000851594,-0.000526036,-0.000237166,0.000451913,-0.000793364,0.001008111,0.048939175,0.035593886,0.008170098,-0.09591161,0.430389016,-0.040807799,-0.627690371,0.96689742,0.514958205,-0.671515825,7.43027421,6.993207063,7.340433131,0.946961891,6.279211483,2.008183539,2.93e-05,3.8e-05,7.62e-05,8.75e-05,0.000792401,0.000869911,0.000946606,0.00092208,4.88e-05,7.36e-05,8.21e-05,7.34e-05,,,,,Historical
2021-05-01,0.357168813,65.0,72.9,0.334071775,0.302708096,0.109,0.87,1.14,1.59,4.79,0.016122786,0.016360626,0.004212615,0.009330259,0.004989309,0.036002939,0.061344819,0.006374299,-0.000489938,0.001100123,9.55e-05,0.000958827,7.87e-05,0.5,-0.866025404,8.422627312,0.008,0.036,0.0,-0.146,-0.06,0.14,0.42,0.47,-0.08,0.06,0.71,0.9,0.02,-0.18,-0.48,-0.88,0.0,0.0,0.0,0.0,0.013512157,0.012157583,0.00467524,0.005957442,0.00937399,0.009370398,0.009530792,0.012594108,0.005573158,0.015494612,0.017555183,0.018190851,0.000682013,0.000302305,-0.000792243,0.001535173,-0.002025111,-0.000327297,1.58e-05,0.001084275,-0.001284749,0.002384872,-0.006312491,0.078521167,-0.013083887,0.051445498,-0.128879503,0.586322056,0.553076403,3.602096011,0.518837759,-0.538291457,7.581724455,7.065994837,7.940548414,0.482078898,6.605224375,1.817402937,8.53e-05,6.02e-05,7.82e-05,8.84e-05,0.000812537,0.000771637,0.000942928,0.000934271,6.43e-05,0.000157185,8.02e-05,7.46e-05,,,,,Historical
2021-06-01,0.428833369,65.6,74.7,0.334319704,0.301502059,0.142,0.97,0.94,1.57,5.25,-0.017409364,0.017655534,0.004899916,0.00932301,0.002836879,0.030612245,0.026864954,0.005477358,-0.001188859,0.001984129,9.4e-05,0.000982614,6.78e-05,1.22e-16,-1.0,8.277788053,0.033,0.046,0.027,-0.067,0.1,-0.02,0.56,0.59,-0.2,-0.39,0.44,0.7,-0.02,-0.07,-0.41,-0.86,0.46,0.46,0.46,0.46,0.013643474,0.0131229,0.00405193,0.005339566,0.009366673,0.009363087,0.007331378,0.014594872,0.003847251,0.018650029,0.013748795,0.015553742,0.00041556,0.000124788,-0.001313647,0.002008575,-0.003197434,-1.4e-05,0.000268737,0.001715392,-0.001776019,0.003760149,0.016122786,0.048939175,-0.025156594,0.07533004,-0.12568868,0.430389016,0.882673052,1.59077057,0.96689742,-0.020054385,7.678530127,7.136154671,8.339346422,-0.061558368,7.116119992,1.161668061,0.000104803,9.01e-05,8.24e-05,8.75e-05,0.000840196,0.000774926,0.000944115,0.000946139,7.51e-05,8.58e-05,7.93e-05,7.4e-05,,,,,Historical
2021-07-01,0.500497926,65.6,74.7,0.334567632,0.300296022,0.18,0.78,0.72,1.53,5.25,-0.025443736,0.018949429,0.005586971,0.009315773,0.006364922,0.037172012,0.022220563,0.004581901,-0.001886701,0.00286677,0.000137015,0.001067314,5.06e-05,-0.5,-0.866025404,8.070338274,0.038,0.079,0.124,0.015,-0.19,-0.15,0.37,0.46,-0.22,-0.5,0.08,0.5,-0.04,-0.04,-0.32,-0.81,0.0,0.46,0.46,0.46,0.013774581,0.014207862,0.003429716,0.004899318,0.009359367,0.009355787,0.010233918,0.017570885,-0.00347335,0.021080375,0.009976976,0.013174226,5.15e-05,-5.26e-05,-0.001834059,0.002481865,-0.004368566,0.000413878,0.000521502,0.002345268,-0.002267174,0.005133944,-0.017409364,-0.006312491,0.035593886,0.013425956,-0.071416569,-0.128879503,0.275870043,0.277835588,3.602096011,0.289888954,7.750530125,7.207142303,8.287395022,-0.217056747,7.206338297,0.863999977,0.000104722,7.39e-05,9.63e-05,9.02e-05,0.000890138,0.000781615,0.000966072,0.000960904,5.4e-05,6.57e-05,7.25e-05,7.37e-05,,,,,Historical
2021-08-01,0.930465896,65.5,74.7,0.333678859,0.297983638,0.178,0.87,0.8,1.54,5.25,0.007995993,0.022246802,0.007507969,0.009308546,0.002108222,0.040875912,0.019078461,0.003687925,-0.000610364,0.001656465,0.000123393,0.001108791,8.01e-05,-0.866025404,-0.5,8.135642699,-0.002,0.069,0.105,0.029,0.09,0.0,0.14,0.46,0.08,-0.34,-0.28,0.48,0.01,-0.05,-0.23,-0.68,0.0,0.46,0.46,0.46,0.014205076,0.015360536,0.003461544,0.004774457,0.009352073,0.009348498,0.010917031,0.020855379,-0.001167537,0.023228944,0.009074062,0.011049339,-0.000150553,3.51e-05,-0.000645431,0.001814419,-0.002424783,0.000684448,0.000419087,0.001237378,-0.001590375,0.00324684,-0.025443736,0.016122786,0.078521167,0.008228475,-0.155085052,-0.12568868,-0.026642501,-0.153783416,1.59077057,0.398385627,7.823510841,7.286937899,8.422627312,-0.286984613,7.259874102,0.875768597,7.88e-05,9.02e-05,0.000104704,9.39e-05,0.00090646,0.000802225,0.000998071,0.000977765,6.07e-05,6.85e-05,7.11e-05,7.53e-05,,,,,Historical
2021-09-01,1.360433867,66.0,74.8,0.332790086,0.295671254,0.146,1.11,0.98,1.48,5.25,0.058833318,0.025526314,0.009428926,0.009301331,0.002103787,0.043827611,0.014070711,0.002795426,0.000659986,0.000451838,7.85e-05,0.001117631,6.88e-05,-1.0,-1.84e-16,8.629196655,-0.032,0.004,0.05,0.01,0.24,0.14,0.12,0.75,0.18,0.04,-0.35,0.66,-0.06,-0.09,-0.16,-0.67,0.0,0.0,0.46,0.46,0.014635117,0.016579537,0.003493327,0.004964406,0.009344791,0.009341221,0.021961933,0.024079388,0.036739805,0.02384231,0.008172647,0.00917616,-0.000191146,0.000122636,0.00053735,0.001147101,-0.000487115,0.000798243,0.000316836,0.000135002,-0.000913706,0.001365543,0.007995993,-0.017409364,0.048939175,0.009636363,-0.084386378,-0.071416569,0.02793036,-0.203984731,0.277835588,0.41732991,7.932267487,7.37210136,8.277788053,0.351408601,7.3241169,1.305079755,0.000104881,5.34e-05,0.000104351,9.17e-05,0.00094633,0.000781201,0.001029719,0.00099204,6.33e-05,7.37e-05,7.13e-05,7.58e-05,,,,,Historical
2021-10-01,1.790401837,65.6,75.0,0.331901313,0.29335887,0.146,1.42,0.53,1.45,5.25,0.017984019,0.02878811,0.011349841,0.009294127,0.006997901,0.046545455,0.008454148,0.001904399,0.00192439,-0.000747153,8.56e-05,0.001118838,8.34e-05,-0.866025404,0.5,8.786344801,0.0,-0.034,0.045,0.06,0.31,0.64,0.49,1.06,-0.45,-0.19,-0.69,0.18,-0.03,-0.08,-0.12,-0.65,0.0,0.0,0.46,0.46,0.015064706,0.017863494,0.003525067,0.005468589,0.009337519,0.009333955,0.033898305,0.027409128,0.092278709,0.023819308,0.007272727,0.007551808,-7.08e-05,0.000210065,0.001714325,0.000479909,0.001444481,0.000755744,0.000214747,-0.0009619,-0.000237166,-0.000509986,0.058833318,-0.025443736,-0.006312491,0.008170098,0.05380117,-0.155085052,-0.047278326,-0.183950729,-0.153783416,0.245736618,8.049620635,7.462071848,8.070338274,0.716006527,7.378107027,1.408237774,0.000114414,6.53e-05,0.000102318,8.93e-05,0.000989664,0.000793045,0.001059003,0.001002804,7.02e-05,5.26e-05,7.16e-05,7.68e-05,,,,,Historical
2021-11-01,1.588650282,65.8,75.3,0.331794251,0.291874099,0.129,1.56,0.72,1.46,5.25,0.005987453,0.031890496,0.012008239,0.009286934,0.002084781,0.047204067,0.014338358,0.001014842,0.001021472,-1.64e-05,0.000109149,0.001149709,7.65e-05,-0.5,0.866025404,8.839670511,-0.017,-0.049,0.02,0.02,0.14,0.69,0.69,1.11,0.19,-0.08,-0.42,0.29,0.01,-0.08,-0.13,-0.61,0.0,0.0,0.46,0.46,0.016360626,0.019395022,0.004212615,0.006079672,0.009330259,0.0093267,0.036002939,0.030548567,0.061344819,0.024549741,0.006374299,0.006173447,-1.08e-05,-0.000489938,0.00151141,0.000302305,0.000719167,0.000753055,0.001100123,-0.00111654,1.58e-05,-3.23e-05,0.017984019,0.007995993,0.016122786,-0.013083887,0.081354051,-0.084386378,-0.168171879,-0.073771271,-0.203984731,0.240430961,8.179910105,7.558251592,8.135642699,0.704027812,7.276196879,1.563473631,8.36e-05,6e-05,0.000104598,9.14e-05,0.000980892,0.000790324,0.001090816,0.001016872,9.01e-05,6.21e-05,7.12e-05,7.57e-05,,,,,Historical
2021-12-01,1.386898728,65.8,75.1,0.331687188,0.290389328,0.174,1.3,0.48,1.46,5.25,-0.004074301,0.034987109,0.012666295,0.009279753,-0.001386963,0.048034934,0.016506244,0.000126751,0.000120582,0.000712677,7.31e-05,0.001160718,6.12e-05,-2.45e-16,1.0,8.804286167,0.045,0.028,0.032,0.059,-0.26,0.19,0.33,0.89,-0.24,-0.5,-0.46,-0.02,0.0,-0.02,-0.11,-0.52,0.0,0.0,0.0,0.46,0.017655534,0.021173658,0.004899916,0.006797535,0.00932301,0.009319457,0.030612245,0.03394053,0.026864954,0.025604657,0.005477358,0.005038276,-1.12e-05,-0.001188859,0.001309441,0.000124788,-4.21e-06,0.00079005,0.001984129,-0.001271452,0.000268737,0.00044394,0.005987453,0.058833318,-0.017409364,-0.025156594,-0.078415273,0.05380117,-0.179428571,0.026171429,-0.183950729,0.64527956,8.322801455,7.655690488,8.629196655,0.175089512,7.089589961,1.714696206,6.86e-05,6.57e-05,0.000101117,9.18e-05,0.000975494,0.000799882,0.0011205,0.001032308,7.31e-05,5.54e-05,7.01e-05,7.47e-05,,,,,Historical
2022-01-01,1.185147173,65.4,73.0,0.331580126,0.288904557,0.517,1.67,0.58,1.47,5.25,0.070294165,0.038077965,0.013324009,0.009272582,0.009027778,0.051374819,0.018518336,-0.000759878,-0.000778287,0.001440135,7.57e-05,0.001168541,6.7e-05,0.5,0.866025404,9.446045627,0.343,0.371,0.337,0.461,0.37,0.25,0.89,1.26,0.1,0.05,-0.14,-0.06,0.01,0.02,-0.06,-0.38,0.0,0.0,0.0,0.46,0.018949429,0.02319894,0.005586971,0.00762206,0.009315773,0.009312225,0.037172012,0.037368939,0.022220563,0.027437298,0.004581901,0.004143538,-7.17e-05,-0.001886701,0.001108414,-5.26e-05,-0.000725645,0.000866603,0.00286677,-0.001426635,0.000521502,0.000918633,-0.004074301,0.017984019,-0.025443736,0.035593886,-0.330326317,0.081354051,-0.040807799,-0.162534819,-0.073771271,0.514958205,8.498269163,7.781276554,8.786344801,0.659700826,7.340433131,2.105612497,5.4e-05,6.55e-05,9.09e-05,9.36e-05,0.000935572,0.000813619,0.001137371,0.001051722,9.18e-05,5.1e-05,7.28e-05,7.27e-05,,,,,Historical
2022-02-01,1.132819624,65.7,74.6,0.328863855,0.28579482,0.618,1.79,0.4,1.49,5.25,0.071380649,0.040645319,0.013708238,0.009278735,0.010323469,0.05687545,0.01982712,-0.00044329,-0.001847942,0.002467336,6.62e-05,0.001144998,8.85e-05,0.866025404,0.5,10.14238723,0.101,0.489,0.44,0.545,0.12,0.23,0.92,1.06,-0.18,-0.32,-0.4,-0.68,0.02,0.03,-0.05,-0.28,0.0,0.0,0.0,0.46,0.022246802,0.025402294,0.007507969,0.008475951,0.009308546,0.009306113,0.040875912,0.041198807,0.019078461,0.029186852,0.003687925,0.003350426,-0.00022858,-0.000610364,-0.001237578,3.51e-05,-0.001883008,0.00103729,0.001656465,0.000810871,0.000419087,0.002048249,0.070294165,0.005987453,0.007995993,0.078521167,-0.069848661,-0.078415273,0.586322056,-0.187890228,0.026171429,0.518837759,8.681755731,7.913077249,8.839670511,1.302716717,7.940548414,2.201838814,7.28e-05,3.71e-05,8.14e-05,9.3e-05,0.000916798,0.000801215,0.001143406,0.001070738,8.87e-05,4.47e-05,7.42e-05,7.26e-05,,,,,Historical
2022-03-01,1.080492075,65.6,74.7,0.326147584,0.282685082,0.773,2.42,0.12,1.77,5.25,-0.026886989,0.043207796,0.014091912,0.009284878,0.014305177,0.066618911,0.015295918,-0.000126662,-0.002915032,0.003492074,8.64e-05,0.001155811,7.48e-05,1.0,6.12e-17,9.870820877,0.155,0.599,0.627,0.677,0.63,1.12,1.31,1.43,-0.28,-0.36,-0.86,-1.21,0.28,0.31,0.29,0.13,0.0,0.0,0.0,0.46,0.025526314,0.027783351,0.009428926,0.009359166,0.009301331,0.009301121,0.043827611,0.044920222,0.014070711,0.027399862,0.002795426,0.002658816,-0.000481719,0.000659986,-0.003575018,0.000122636,-0.003037667,0.001301894,0.000451838,0.003040236,0.000316836,0.003175238,0.071380649,-0.004074301,0.058833318,0.048939175,0.614160558,-0.330326317,0.430389016,-0.173638444,-0.162534819,0.96689742,8.809378602,8.036152092,8.804286167,1.06653471,8.339346422,1.531474455,8.06e-05,6.22e-05,8.27e-05,9.35e-05,0.000927743,0.000812513,0.001149769,0.001089744,6.75e-05,4.98e-05,7.52e-05,7.32e-05,,,,,Historical
2022-04-01,1.028164526,65.7,75.1,0.323431313,0.279575345,1.376,2.64,0.3,2.31,5.25,-0.037606857,0.04576541,0.014475032,0.009291012,0.006044325,0.067712046,0.023355232,0.000190006,-0.003979566,0.004514358,8.23e-05,0.001142586,9.47e-05,0.866025404,-0.5,9.504095745,0.603,0.859,1.23,1.275,0.22,0.97,1.22,1.71,0.18,-0.28,-0.23,-0.92,0.54,0.84,0.86,0.74,0.0,0.0,0.0,0.46,0.02878811,0.030341743,0.011349841,0.010271663,0.009294127,0.009297245,0.046545455,0.047738033,0.008454148,0.021656239,0.001904399,0.00206859,-0.000830855,0.00192439,-0.005903957,0.000210065,-0.004189632,0.001660195,-0.000747153,0.00526151,0.000214747,0.00429961,-0.026886989,0.070294165,0.017984019,-0.006312491,0.203367302,-0.069848661,-0.128879503,-0.304792986,-0.187890228,3.602096011,8.910770329,8.17052227,9.446045627,0.058050117,8.287395022,1.216700723,9.78e-05,2.93e-05,8.21e-05,9.22e-05,0.000943137,0.000792401,0.001153727,0.001106365,8.15e-05,4.88e-05,7.71e-05,7.43e-05,,,,,Historical
2022-05-01,0.811253649,65.7,76.8,0.321470489,0.27820312,1.477,2.6,0.23,2.51,5.36,-0.032535872,0.04533713,0.015843722,0.009297136,0.014018692,0.077304965,0.02672767,0.000506714,-0.004804405,0.005365249,6.82e-05,0.001123697,8.56e-05,0.5,-0.866025404,9.197518359,0.101,0.859,1.348,1.368,-0.04,0.81,1.04,1.73,-0.07,-0.17,-0.49,-0.91,0.2,1.02,1.05,0.92,0.11,0.11,0.11,0.57,0.031890496,0.032756451,0.012008239,0.011240922,0.009286934,0.009294485,0.047204067,0.051179869,0.014338358,0.018771476,0.001014842,0.001579624,-0.001190394,0.001021472,-0.005825877,-0.000489938,-0.004314467,0.002015622,-1.64e-05,0.005381665,0.001100123,0.004265126,-0.037606857,0.071380649,0.005987453,0.016122786,-0.269053756,0.614160558,-0.12568868,-0.416660545,-0.173638444,1.59077057,8.975344583,8.278534519,10.14238723,-0.944868868,8.422627312,0.774891047,9.55e-05,8.53e-05,7.53e-05,9e-05,0.000958827,0.000812537,0.001149392,0.001120104,7.87e-05,6.43e-05,7.86e-05,7.49e-05,,,,,Historical
2022-06-01,0.594342773,65.4,77.1,0.319509666,0.276830894,2.105,3.17,0.15,3.1,5.63,-0.05510784,0.044910275,0.01721005,0.009303251,0.006583278,0.081329562,0.01285926,0.000823462,-0.005625466,0.006212243,7.35e-05,0.001134344,6.2e-05,1.22e-16,-1.0,8.702172152,0.628,1.332,1.931,1.963,0.57,0.75,1.87,2.2,-0.08,0.03,-0.33,-0.79,0.59,1.33,1.64,1.53,0.27,0.38,0.38,0.38,0.034987109,0.03502768,0.012666295,0.012266767,0.009279753,0.009292838,0.048034934,0.055406312,0.016506244,0.017604335,0.000126751,0.0011918,-0.001560111,0.000120582,-0.005746048,-0.001188859,-0.004436607,0.002367964,0.000712677,0.005499566,0.001984129,0.004228114,-0.032535872,-0.026886989,-0.004074301,-0.017409364,-0.089661252,0.203367302,-0.071416569,-0.392623089,-0.304792986,0.277835588,9.010709925,8.344620026,9.870820877,-1.168648725,8.277788053,0.424384098,9.4e-05,0.000104803,7.54e-05,8.83e-05,0.000982614,0.000840196,0.001144996,0.001132748,6.78e-05,7.51e-05,7.88e-05,7.44e-05,,,,,Historical
2022-07-01,0.377431896,65.3,76.7,0.317548842,0.275458669,2.696,2.83,-0.31,4.0,6.01,-0.065336079,0.044484837,0.01857402,0.009309357,0.001308044,0.075895994,0.012365814,0.001140251,-0.006442777,0.007055368,8.4e-05,0.001137249,8.03e-05,-0.5,-0.866025404,8.149719058,0.591,1.32,2.179,2.516,-0.34,0.19,1.16,2.05,-0.46,-0.61,-0.89,-1.03,0.9,1.69,2.53,2.47,0.38,0.76,0.76,0.76,0.038077965,0.03715563,0.013324009,0.013349021,0.009272582,0.009292304,0.051374819,0.05863331,0.018518336,0.016783106,-0.000759878,0.000904995,-0.001939784,-0.000778287,-0.00566449,-0.001886701,-0.004556076,0.002717014,0.001440135,0.005615233,0.00286677,0.004188598,-0.05510784,-0.037606857,0.070294165,-0.025443736,-0.111357034,-0.269053756,-0.155085052,-0.418747738,-0.416660545,-0.153783416,9.01732499,8.383927557,9.504095745,-1.354376686,8.070338274,0.079380784,0.000137015,0.000104722,7.68e-05,8.38e-05,0.001067314,0.000890138,0.001139781,0.001138576,5.06e-05,5.4e-05,8.1e-05,7.69e-05,,,,,Historical
2022-08-01,0.297352158,65.4,76.2,0.317677762,0.275794807,3.318,3.34,-0.53,4.19,6.39,0.00596456,0.038763144,0.019529931,0.009315453,-0.003265839,0.070126227,0.015392626,0.00145708,-0.005908106,0.006448555,0.000108548,0.001194817,5.04e-05,-0.866025404,-0.5,8.196399291,0.622,1.841,2.7,3.14,0.51,0.74,1.55,2.47,-0.22,-0.76,-0.93,-1.33,0.19,1.68,2.7,2.65,0.38,1.03,1.14,1.14,0.040645319,0.038531992,0.013708238,0.014350851,0.009278735,0.009292879,0.05687545,0.061070837,0.01982712,0.016475953,-0.00044329,0.000719092,-0.002381263,-0.001847942,-0.004060165,-0.000610364,-0.005297743,0.003116355,0.002467336,0.003981219,0.001656465,0.00479209,-0.065336079,-0.032535872,0.071380649,0.007995993,-0.241749689,-0.089661252,-0.084386378,-0.478367959,-0.392623089,-0.203984731,9.022388039,8.42294944,9.197518359,-1.001119068,8.135642699,0.060756593,0.000123393,7.88e-05,8.38e-05,8.26e-05,0.001108791,0.00090646,0.001148084,0.001145745,8.01e-05,6.07e-05,7.46e-05,7.44e-05,,,,,Historical
2022-09-01,0.217272421,65.3,75.6,0.317806682,0.276130946,3.652,3.24,-0.67,4.92,6.7,0.006246777,0.033108941,0.020482184,0.00932154,0.000655308,0.068579426,0.007587319,0.001773948,-0.00537693,0.005845707,7.86e-05,0.00120381,6.86e-05,-1.0,-1.84e-16,8.245674172,0.334,1.547,2.879,3.506,-0.1,0.07,0.82,2.13,-0.14,-0.82,-0.79,-1.65,0.73,1.82,3.15,3.44,0.31,1.07,1.45,1.45,0.043207796,0.039163878,0.014091912,0.015271956,0.009284878,0.009294563,0.066618911,0.063133488,0.015295918,0.01593567,-0.000126662,0.000633968,-0.002884339,-0.002915032,-0.002461898,0.000659986,-0.006036916,0.003565844,0.003492074,0.002353634,0.000451838,0.00539387,0.00596456,-0.05510784,-0.026886989,0.058833318,0.147813591,-0.111357034,0.05380117,-0.346081871,-0.418747738,-0.183950729,8.990427832,8.46134766,8.702172152,-0.45649798,8.629196655,-0.383522483,7.85e-05,0.000104881,8.25e-05,8.26e-05,0.001117631,0.00094633,0.001156084,0.001152926,6.88e-05,6.33e-05,7.36e-05,7.44e-05,,,,,Historical
2022-10-01,0.137192683,65.5,75.9,0.317935602,0.276467084,4.172,3.41,-0.59,5.43,6.93,0.003279461,0.027521038,0.021430798,0.009327618,0.007203667,0.068797776,0.016044103,0.002090857,-0.004849213,0.005246786,7.8e-05,0.0012389,4.2e-05,-0.866025404,0.5,8.270667678,0.52,1.476,2.796,4.026,0.17,0.58,0.77,1.99,0.08,-0.28,-0.89,-1.12,0.51,1.43,3.12,3.98,0.23,0.92,1.68,1.68,0.04576541,0.039058288,0.014475032,0.016112036,0.009291012,0.009297354,0.067712046,0.064987848,0.023355232,0.016568167,0.000190006,0.000649507,-0.003448806,-0.003979566,-0.000869647,0.00192439,-0.006773604,0.004065339,0.004514358,0.000732429,-0.000747153,0.005993939,0.006246777,-0.065336079,-0.037606857,0.017984019,-0.104274727,-0.241749689,0.081354051,-0.444173141,-0.478367959,-0.073771271,8.947454739,8.498537687,8.149719058,0.12094862,8.786344801,-0.515677123,8.56e-05,0.000114414,8.18e-05,8.2e-05,0.001118838,0.000989664,0.001172136,0.001162932,8.34e-05,7.02e-05,6.48e-05,7.1e-05,,,,,Historical
2022-11-01,0.45569413,65.5,75.8,0.31746846,0.276287211,4.133,3.18,-0.93,5.56,7.07,-0.010097836,0.027205636,0.022378638,0.009333686,0.00130039,0.067961165,0.013676725,0.002407806,-0.003924882,0.004458621,0.000107825,0.001257905,8.74e-05,-0.5,0.866025404,8.185501896,-0.039,0.815,2.656,4.004,-0.23,-0.16,0.58,1.62,-0.34,-0.4,-1.16,-1.65,0.13,1.37,3.05,4.1,0.14,0.68,1.71,1.82,0.04533713,0.038667883,0.015843722,0.016976236,0.009297136,0.00930125,0.077304965,0.066717606,0.02672767,0.016513031,0.000506714,0.000765587,-0.003861002,-0.004804405,0.000879523,0.001021472,-0.004946354,0.004438259,0.005365249,-0.000906627,-1.64e-05,0.004475038,0.003279461,0.00596456,-0.032535872,0.005987453,-0.013578275,0.147813591,-0.078415273,-0.492969311,-0.346081871,0.026171429,8.892940688,8.536425396,8.196399291,-0.010897395,8.839670511,-0.654168614,0.000109149,8.36e-05,8.84e-05,8.19e-05,0.001149709,0.000980892,0.001194504,0.001171948,7.65e-05,9.01e-05,6.51e-05,7.19e-05,,,,,Historical
2022-12-01,0.774195577,65.6,75.7,0.317001318,0.276107338,4.303,3.37,-0.73,6.03,7.14,-0.026200158,0.026892706,0.023324754,0.009339745,-0.005844156,0.063194444,0.014868956,0.002724796,-0.003004663,0.003673963,8.87e-05,0.001285832,5.98e-05,-2.45e-16,1.0,7.971809909,0.17,0.651,2.198,4.129,0.19,0.13,0.2,2.07,0.2,-0.06,-0.88,-1.21,0.47,1.11,2.93,4.57,0.07,0.44,1.51,1.89,0.044910275,0.03799335,0.01721005,0.017864441,0.009303251,0.009306249,0.081329562,0.067980899,0.01285926,0.01637659,0.000823462,0.000982091,-0.004121439,-0.005625466,0.002620803,0.000120582,-0.003125245,0.004685033,0.006212243,-0.00253828,0.000712677,0.002961286,-0.010097836,0.006246777,-0.05510784,-0.004074301,-0.082186235,-0.104274727,-0.330326317,-0.495043992,-0.444173141,-0.162534819,8.823567666,8.573184561,8.245674172,-0.273864263,8.804286167,-0.832476258,7.31e-05,6.86e-05,9.1e-05,8.32e-05,0.001160718,0.000975494,0.001219752,0.001182374,6.12e-05,7.31e-05,6.48e-05,7.18e-05,,,,,Historical
2023-01-01,1.092697024,65.8,75.0,0.316534176,0.275927465,4.458,2.88,-0.77,6.31,7.11,-0.013589624,0.02658222,0.02426915,0.009345794,0.005225343,0.059187887,0.027274886,0.003041825,-0.00208853,0.002892789,6.12e-05,0.001227087,0.000118801,0.5,0.866025404,7.86222138,0.155,0.286,1.762,3.941,-0.49,-0.53,0.05,1.21,-0.04,-0.18,-0.46,-1.35,0.28,0.88,2.31,4.84,-0.03,0.18,1.1,1.86,0.044484837,0.037035371,0.01857402,0.018776536,0.009309357,0.009312351,0.075895994,0.068631988,0.012365814,0.017106303,0.001140251,0.001298899,-0.004230626,-0.006442777,0.004354247,-0.000778287,-0.001310243,0.004806087,0.007055368,-0.004162579,0.001440135,0.001452654,-0.026200158,0.003279461,-0.065336079,0.070294165,-0.312527569,-0.013578275,-0.069848661,-0.48162315,-0.492969311,-0.187890228,8.691582312,8.594925738,8.270667678,-0.408446298,9.446045627,-1.583824248,7.57e-05,5.4e-05,8.71e-05,8.2e-05,0.001168541,0.000935572,0.001234725,0.001187253,6.7e-05,9.18e-05,7.12e-05,7.61e-05,,,,,Historical
2023-02-01,0.741232632,65.8,75.3,0.315764987,0.27526229,4.564,3.54,-0.83,6.35,6.98,0.055452461,0.023206545,0.025091447,0.009338521,0.003898635,0.052452316,0.022918703,0.006130258,-0.003158379,0.003930514,7.34e-05,0.001226768,7.24e-05,0.866025404,0.5,8.282905856,0.106,0.431,1.246,3.946,0.66,0.36,0.2,1.75,-0.06,0.1,-0.3,-1.23,0.04,0.79,2.16,4.86,-0.13,-0.09,0.59,1.73,0.038763144,0.03558214,0.019529931,0.019725136,0.009315453,0.009317333,0.070126227,0.068263393,0.015392626,0.017363935,0.00145708,0.001846695,-0.004339829,-0.005908106,0.002749727,-0.001847942,-0.001310438,0.004928019,0.006448555,-0.002518041,0.002467336,0.001463178,-0.013589624,-0.010097836,0.00596456,0.071380649,-0.011228746,-0.082186235,0.614160558,-0.44895405,-0.495043992,-0.173638444,8.536625531,8.609190631,8.185501896,0.09740396,10.14238723,-1.859481372,6.62e-05,7.28e-05,8.13e-05,8.26e-05,0.001144998,0.000916798,0.00124005,0.001194067,8.85e-05,8.87e-05,7.49e-05,7.47e-05,,,,,Historical
2023-03-01,0.389768241,65.8,75.4,0.314995799,0.274597114,4.407,3.05,-0.82,6.59,6.975,0.0098902,0.01985385,0.025911934,0.00933126,0.005177994,0.042981867,0.025117157,0.009217127,-0.004224213,0.004964344,6.3e-05,0.001184456,0.000104359,1.0,6.12e-17,8.337532447,-0.157,0.104,0.755,3.634,-0.49,-0.32,-0.19,0.63,0.01,-0.09,-0.15,-0.94,0.24,0.56,1.67,4.82,-0.005,-0.165,0.275,1.725,0.033108941,0.033635978,0.020482184,0.020710138,0.00932154,0.009321198,0.068579426,0.06629364,0.007587319,0.018182371,0.001773948,0.002625344,-0.004448928,-0.00537693,0.001152717,-0.002915032,-0.001309181,0.005050708,0.005845707,-0.000881363,0.003492074,0.001472271,0.055452461,-0.026200158,0.006246777,-0.026886989,0.542504867,-0.312527569,0.203367302,-0.473416039,-0.48162315,-0.304792986,8.408851495,8.609115049,7.971809909,0.365722538,9.870820877,-1.533288429,8.64e-05,8.06e-05,7.87e-05,8.06e-05,0.001155811,0.000927743,0.001236825,0.001196454,7.48e-05,6.75e-05,8.08e-05,7.72e-05,,,,,Historical
2023-04-01,0.038303849,65.8,75.5,0.31422661,0.273931939,4.45,2.98,-0.77,6.65,6.98,0.040249355,0.016523902,0.026730617,0.009324009,0.007083065,0.044058745,0.024560409,0.012302432,-0.005286054,0.005994301,4.95e-05,0.00115677,7.67e-05,0.866025404,-0.5,8.651310999,0.043,-0.008,0.278,3.074,-0.07,0.1,-0.43,0.34,0.05,0.0,-0.18,-1.07,0.06,0.34,1.22,4.34,0.005,-0.13,0.05,1.73,0.027521038,0.031199185,0.021430798,0.021731437,0.009327618,0.009323948,0.068797776,0.064322531,0.016044103,0.018282803,0.002090857,0.003634713,-0.004557802,-0.004849213,-0.00043684,-0.003979566,-0.001306487,0.005174037,0.005246786,0.000747515,0.004514358,0.001479944,0.0098902,-0.013589624,0.003279461,-0.037606857,0.444467817,-0.011228746,-0.269053756,-0.367912371,-0.44895405,-0.416660545,8.3377861,8.624278214,7.86222138,0.789089619,9.504095745,-0.852784745,8.23e-05,9.78e-05,7.39e-05,7.79e-05,0.001142586,0.000943137,0.001223136,0.001197636,9.47e-05,8.15e-05,8.66e-05,7.57e-05,,,,,Historical
2023-05-01,0.053303203,65.7,76.8,0.314401065,0.273366154,4.563,3.44,-1.04,6.81,6.905,0.036425466,0.015528521,0.02722741,0.00931677,0.003836317,0.03357472,0.024511332,0.015386174,-0.006704391,0.007313516,5.08e-05,0.001120991,8.59e-05,0.5,-0.866025404,8.942734727,0.113,-0.001,0.43,3.086,0.46,-0.1,0.26,0.84,-0.27,-0.21,-0.11,-1.27,0.16,0.46,1.25,4.3,-0.075,-0.075,-0.165,1.545,0.027205636,0.028715135,0.022378638,0.022680078,0.009333686,0.009325584,0.067961165,0.060678344,0.013676725,0.018098108,0.002407806,0.004874668,-0.004716134,-0.003924882,-0.002779509,-0.004804405,-0.001899986,0.005336392,0.004458621,0.002854895,0.005365249,0.001948268,0.040249355,0.055452461,-0.010097836,-0.032535872,0.090286879,0.542504867,-0.089661252,-0.057171641,-0.473416039,-0.392623089,8.316554131,8.645949357,8.282905856,0.659828871,9.197518359,-0.254783632,6.82e-05,9.55e-05,6.44e-05,7.64e-05,0.001123697,0.000958827,0.001200317,0.001197411,8.56e-05,7.87e-05,8.63e-05,7.57e-05,,,,,Historical
2023-06-01,0.068302558,65.9,77.3,0.314575521,0.272800368,4.932,3.61,-1.3,7.33,6.965,-0.012012217,0.014535637,0.027722011,0.009309542,0.001273885,0.028122956,0.034078987,0.018468354,-0.008114391,0.008624976,5.78e-05,0.001092927,8.47e-05,1.22e-16,-1.0,8.806984924,0.369,0.525,0.629,2.827,0.17,0.56,0.24,0.44,-0.26,-0.48,-0.57,-1.45,0.52,0.74,1.3,4.23,0.06,-0.01,-0.175,1.335,0.026892706,0.026183915,0.023324754,0.023556074,0.009339745,0.009326108,0.063194444,0.05624446,0.014868956,0.019866418,0.002724796,0.006345076,-0.004923544,-0.003004663,-0.005109727,-0.005625466,-0.002488924,0.005537454,0.003673963,0.004951013,0.006212243,0.002412733,0.036425466,0.0098902,-0.026200158,-0.05510784,0.196607453,0.444467817,-0.111357034,0.239313875,-0.367912371,-0.418747738,8.325288528,8.667999226,8.337532447,0.469452477,8.702172152,0.104812772,7.35e-05,9.4e-05,5.93e-05,7.51e-05,0.001134344,0.000982614,0.001168167,0.001193959,6.2e-05,6.78e-05,9.05e-05,7.76e-05,,,,,Historical
2023-07-01,0.083301912,65.8,76.8,0.314749976,0.272234583,5.034,3.85,-1.2,7.7,7.16,-0.055736406,0.013545243,0.028214436,0.009302326,0.005725191,0.032658393,0.035244896,0.021548975,-0.009516126,0.00992875,7.37e-05,0.001082715,8.34e-05,-0.5,-0.866025404,8.302323507,0.102,0.584,0.576,2.338,0.24,0.87,0.97,1.02,0.1,-0.43,-0.43,-0.89,0.37,1.05,1.39,3.7,0.195,0.18,0.05,1.15,0.02658222,0.023605615,0.02426915,0.024359442,0.009345794,0.009325522,0.059187887,0.052641327,0.027274886,0.021773009,0.003041825,0.008045803,-0.005179657,-0.00208853,-0.007427597,-0.006442777,-0.00307335,0.005776902,0.002892789,0.007035962,0.007055368,0.002873382,-0.012012217,0.040249355,-0.013589624,-0.065336079,-0.170777989,0.090286879,-0.241749689,0.156444583,-0.057171641,-0.478367959,8.338005566,8.677665278,8.651310999,-0.348987492,8.149719058,0.152604449,8.4e-05,0.000137015,6.14e-05,7.43e-05,0.001137249,0.001067314,0.001144105,0.001189415,8.03e-05,5.06e-05,8.46e-05,7.79e-05,,,,,Historical
2023-08-01,0.07388256,65.8,76.4,0.315743505,0.272295592,5.157,3.9,-1.08,7.56,7.325,-0.031001742,0.013267831,0.028853096,0.00929512,0.003795066,0.039973788,0.034718262,0.024628036,-0.007988596,0.008455811,6.09e-05,0.00105488,8.77e-05,-0.866025404,-0.5,8.022667948,0.123,0.594,0.593,1.839,0.05,0.46,0.36,0.56,0.12,-0.04,-0.25,-0.55,-0.14,0.75,1.21,3.37,0.165,0.42,0.345,0.935,0.023206545,0.021481006,0.025091447,0.025136373,0.009338521,0.009323828,0.052452316,0.050128624,0.022918703,0.023383478,0.006130258,0.009976716,-0.005353031,-0.003158379,-0.004830217,-0.005908106,-0.002080489,0.005944173,0.003930514,0.004525297,0.006448555,0.002007256,-0.055736406,0.036425466,0.055452461,0.00596456,-0.297482838,0.196607453,0.147813591,0.071443235,0.239313875,-0.346081871,8.323527954,8.672957996,8.942734727,-0.92006678,8.196399291,-0.173731344,0.000108548,0.000123393,5.93e-05,7.03e-05,0.001194817,0.001108791,0.001115456,0.001177753,5.04e-05,8.01e-05,8.71e-05,8.1e-05,,,,,Historical
2023-09-01,0.064463208,65.8,75.8,0.316737035,0.2723566,5.145,4.33,-0.87,7.29,7.52,0.032095168,0.012990673,0.029488122,0.009287926,-0.001260239,0.037982973,0.038082319,0.02770554,-0.006473437,0.006994802,6.33e-05,0.001046272,7.13e-05,-1.0,-1.84e-16,8.257436271,-0.012,0.213,0.738,1.493,0.43,0.72,1.28,1.09,0.21,0.43,-0.05,-0.2,-0.27,-0.04,0.7,2.37,0.195,0.555,0.545,0.82,0.01985385,0.019804484,0.025911934,0.025886868,0.00933126,0.009321026,0.042981867,0.047578919,0.025117157,0.025924728,0.009217127,0.012137682,-0.005444406,-0.004224213,-0.002249224,-0.00537693,-0.001096507,0.006039931,0.004964344,0.002030458,0.005845707,0.001149095,-0.031001742,-0.012012217,0.0098902,0.006246777,0.006131443,-0.170777989,-0.104274727,-0.060812019,0.156444583,-0.444173141,8.324508129,8.65746798,8.806984924,-0.549548653,8.245674172,0.0117621,7.86e-05,7.85e-05,5.94e-05,6.9e-05,0.00120381,0.001117631,0.001092426,0.001164625,6.86e-05,6.88e-05,8.16e-05,8.12e-05,,,,,Historical
2023-10-01,0.055043856,65.9,75.7,0.317730564,0.272417609,5.161,4.23,-0.62,7.06,7.66,0.00463065,0.012713768,0.030119545,0.009280742,0.000630915,0.031209363,0.037188683,0.030781487,-0.004970502,0.005545579,6.76e-05,0.001021625,9.13e-05,-0.866025404,0.5,8.268915109,0.016,0.127,0.711,0.989,-0.1,0.38,1.25,0.82,0.25,0.58,0.15,-0.03,-0.23,-0.64,0.41,1.63,0.14,0.5,0.68,0.73,0.016523902,0.018570544,0.026730617,0.02661093,0.009324009,0.00931712,0.044058745,0.044446551,0.024560409,0.027686776,0.012302432,0.014528568,-0.005454514,-0.005286054,0.000315552,-0.004849213,-0.000121288,0.006064831,0.005994301,-0.000448722,0.005246786,0.000298793,0.032095168,-0.055736406,0.040249355,0.003279461,-0.123024186,-0.297482838,-0.013578275,-0.080471246,0.071443235,-0.492969311,8.324362081,8.63590841,8.302323507,-0.033408398,8.270667678,-0.001752569,7.8e-05,8.56e-05,6.24e-05,6.82e-05,0.0012389,0.001118838,0.001069902,0.001146519,4.2e-05,8.34e-05,8.41e-05,8.53e-05,,,,,Historical
2023-11-01,0.065879867,65.8,75.5,0.319221602,0.272943029,5.042,3.6,-0.66,6.88,7.82,-0.041344545,0.009333001,0.030402723,0.00927357,0.001261034,0.031168831,0.03722626,0.033855879,-0.004526601,0.005091896,6.53e-05,0.001005113,7.82e-05,-0.5,0.866025404,7.908417912,-0.119,-0.115,0.479,0.909,-0.63,-0.3,0.16,0.42,-0.04,0.42,0.38,0.27,-0.18,-0.68,0.07,1.32,0.16,0.495,0.915,0.75,0.015528521,0.017081158,0.02722741,0.027279604,0.00931677,0.009312111,0.03357472,0.041380524,0.024511332,0.029649238,0.015386174,0.01714924,-0.005504657,-0.006704391,0.002177789,-0.003924882,-0.000601719,0.006117604,0.007313516,-0.00222162,0.004458621,0.000633275,0.00463065,-0.031001742,0.036425466,-0.010097836,0.001302932,0.006131443,-0.082186235,-0.06659919,-0.060812019,-0.495043992,8.301271749,8.597106218,8.022667948,-0.114250036,8.185501896,-0.277083984,0.000107825,0.000109149,6.48e-05,6.46e-05,0.001257905,0.001149709,0.001050589,0.001125453,8.74e-05,7.65e-05,8.28e-05,8.46e-05,,,,,Historical
2023-12-01,0.076715877,65.7,75.2,0.320712641,0.27346845,5.037,3.18,-0.85,6.83,7.74,0.006349645,0.005976683,0.030684863,0.009266409,-0.003148615,0.033964729,0.035525616,0.036928716,-0.004084975,0.004640537,5.12e-05,0.000987693,6.75e-05,-2.45e-16,1.0,7.933202343,-0.005,-0.108,0.105,0.734,-0.42,-1.15,-0.43,-0.19,-0.19,0.02,0.45,-0.12,-0.05,-0.46,-0.5,0.8,-0.08,0.22,0.775,0.6,0.014535637,0.015338156,0.027722011,0.027892946,0.009309542,0.009305999,0.028122956,0.038944714,0.034078987,0.031370626,0.018468354,0.019999567,-0.005594683,-0.008114391,0.004029416,-0.003004663,-0.001080312,0.006198151,0.008624976,-0.00398444,0.003673963,0.000966573,-0.041344545,0.032095168,-0.012012217,-0.026200158,-0.090435914,-0.123024186,-0.312527569,-0.074988972,-0.080471246,-0.48162315,8.298054452,8.560811059,8.257436271,-0.324233928,7.971809909,-0.038607566,8.87e-05,7.31e-05,6.37e-05,6.15e-05,0.001285832,0.001160718,0.00103305,0.001100608,5.98e-05,6.12e-05,7.99e-05,8.52e-05,,,,,Historical
2024-01-01,0.087551888,65.6,74.1,0.322203679,0.27399387,5.031,3.43,-0.65,6.83,7.47,-0.056442923,0.002644551,0.030965971,0.009259259,0.0,0.028589994,0.029433692,0.04,-0.003645604,0.004191483,4.37e-05,0.000924118,0.00010636,0.5,0.866025404,7.473800082,-0.006,-0.13,-0.003,0.573,0.25,-0.8,-0.42,0.55,0.2,-0.03,0.55,0.12,0.0,-0.23,-0.87,0.52,-0.27,-0.19,0.31,0.36,0.013545243,0.013343351,0.028214436,0.028451015,0.009302326,0.009298788,0.032658393,0.03639489,0.035244896,0.031550526,0.021548975,0.023079415,-0.005724439,-0.009516126,0.005870523,-0.00208853,-0.001557074,0.006306376,0.00992875,-0.005737267,0.002892789,0.001298694,0.006349645,0.00463065,-0.055736406,-0.013589624,-0.184787792,0.001302932,-0.011228746,0.096888033,-0.06659919,-0.44895405,8.26568601,8.478634161,8.268915109,-0.795115028,7.86222138,-0.388421298,6.12e-05,7.57e-05,5.87e-05,6e-05,0.001227087,0.001168541,0.001006617,0.001075361,0.000118801,6.7e-05,8.37e-05,8.42e-05,,,,,Historical
2024-02-01,0.239505332,65.6,74.4,0.321214572,0.272900144,4.981,3.6,-0.67,6.85,7.32,0.078945913,0.004332483,0.031242276,0.009265188,0.00315856,0.027831715,0.030799507,0.039135407,-0.003439258,0.003996427,3.68e-05,0.000887819,7.22e-05,0.866025404,0.5,8.067578623,-0.05,-0.061,-0.176,0.417,0.17,0.0,-0.3,0.06,-0.02,-0.01,0.41,0.16,0.02,-0.03,-0.71,0.5,-0.15,-0.5,-0.005,0.34,0.013267831,0.011770512,0.028853096,0.028963584,0.00929512,0.009292677,0.039973788,0.034343173,0.034718262,0.03220726,0.024628036,0.025829844,-0.005747846,-0.007988596,0.004549338,-0.003158379,-0.000280879,0.006311869,0.008455811,-0.004459385,0.003930514,6.59e-05,-0.056442923,-0.041344545,-0.031001742,0.055452461,0.221702252,-0.090435914,0.542504867,0.355288774,-0.074988972,-0.473416039,8.247742074,8.392183803,7.908417912,0.159160711,8.282905856,-0.215327233,7.34e-05,6.62e-05,5.47e-05,5.7e-05,0.001226768,0.001144998,0.000978773,0.001047115,7.24e-05,8.85e-05,8.12e-05,8.41e-05,,,,,Historical
2024-03-01,0.391458775,65.6,74.3,0.320225466,0.271806418,4.999,3.5,-0.69,6.97,7.245,0.010347882,0.006019984,0.031517531,0.009271108,0.006297229,0.028976175,0.031605604,0.038276539,-0.003233775,0.003802185,5.46e-05,0.000867567,7.37e-05,1.0,6.12e-17,8.131223328,0.018,-0.038,-0.146,0.592,-0.1,0.32,-0.83,0.45,-0.02,0.16,0.18,0.13,0.12,0.14,-0.32,0.38,-0.075,-0.495,-0.275,0.27,0.012990673,0.01061769,0.029488122,0.029430717,0.009287926,0.009287664,0.037982973,0.033176032,0.038082319,0.032747964,0.02770554,0.028251462,-0.005665309,-0.006473437,0.003239663,-0.004224213,0.000990438,0.006215022,0.006994802,-0.003192617,0.004964344,-0.001162159,0.078945913,0.006349645,0.032095168,0.0098902,0.331817094,-0.184787792,0.444467817,0.170172486,0.096888033,-0.367912371,8.230549648,8.319700572,7.933202343,0.198020985,8.337532447,-0.20630912,6.3e-05,8.64e-05,5.32e-05,5.63e-05,0.001184456,0.001155811,0.000948989,0.001020707,0.000104359,7.48e-05,8.16e-05,8.16e-05,,,,,Historical
2024-04-01,0.543412219,65.7,74.7,0.319236359,0.270712692,4.94,3.82,-0.48,6.98,7.11,0.029328811,0.007707054,0.031791743,0.009277019,0.005006258,0.02685422,0.03385557,0.037423341,-0.003029148,0.003608754,4.73e-05,0.000842693,7.12e-05,0.866025404,-0.5,8.352463198,-0.059,-0.091,-0.221,0.49,0.32,0.39,-0.41,0.84,0.21,0.17,0.14,0.29,0.01,0.15,-0.08,0.33,-0.135,-0.36,-0.55,0.13,0.012713768,0.009882952,0.030119545,0.029852477,0.009280742,0.009283748,0.031209363,0.031742321,0.037188683,0.033522561,0.030781487,0.030344871,-0.005477234,-0.004970502,0.001941353,-0.005286054,0.002256905,0.006016226,0.005545579,-0.001936825,0.005994301,-0.002385547,0.010347882,-0.056442923,0.00463065,0.040249355,0.171849721,0.221702252,0.090286879,-0.050677152,0.355288774,-0.057171641,8.205645664,8.271715882,7.473800082,0.878663116,8.651310999,-0.298847802,4.95e-05,8.23e-05,4.98e-05,5.61e-05,0.00115677,0.001142586,0.000919167,0.000994534,7.67e-05,9.47e-05,7.82e-05,8.11e-05,,,,,Historical
2024-05-01,0.56099265,65.6,75.7,0.31826847,0.270327745,4.872,3.81,-0.56,6.98,7.115,0.009251497,0.009429256,0.031289756,0.00928292,0.005603985,0.02866242,0.03386942,0.036575755,-0.002588934,0.003168901,4.5e-05,0.000807937,7.92e-05,0.5,-0.866025404,8.409234389,-0.068,-0.109,-0.17,0.309,-0.01,0.21,0.21,0.37,-0.08,0.11,0.1,0.48,0.0,0.13,0.1,0.17,0.005,-0.205,-0.705,0.21,0.009333001,0.00937468,0.030402723,0.030191006,0.00927357,0.009280928,0.031168831,0.031332963,0.03722626,0.034302401,0.033855879,0.032110669,-0.005134279,-0.004526601,0.001937667,-0.006704391,0.004115456,0.005670842,0.005091896,-0.001922996,0.007313516,-0.004144616,0.029328811,0.078945913,-0.041344545,0.036425466,0.084522166,0.331817094,0.196607453,-0.055696541,0.170172486,0.239313875,8.161187303,8.238870717,8.067578623,0.341655767,8.942734727,-0.533500338,5.08e-05,6.82e-05,4.64e-05,5.56e-05,0.001120991,0.001123697,0.000886304,0.000968447,8.59e-05,8.56e-05,7.84e-05,8.06e-05,,,,,Historical
2024-06-01,0.578573081,65.5,75.8,0.317300582,0.269942799,4.659,3.51,-0.57,6.73,7.035,-0.003381453,0.011150502,0.030790465,0.009288813,-0.000619195,0.026717557,0.030442654,0.035733728,-0.00215051,0.002730835,5.02e-05,0.000803594,5.37e-05,1.22e-16,-1.0,8.360159887,-0.213,-0.34,-0.378,-0.273,-0.3,0.01,0.33,-0.1,-0.01,0.12,0.28,0.73,-0.25,-0.24,-0.1,-0.6,-0.08,-0.21,-0.705,0.07,0.005976683,0.009092586,0.030684863,0.030446711,0.009266409,0.0092792,0.033964729,0.031215847,0.035525616,0.033999373,0.036928716,0.03354945,-0.004637289,-0.004084975,0.001934465,-0.008114391,0.00596388,0.005179663,0.004640537,-0.001909701,0.008624976,-0.005894141,0.009251497,0.010347882,0.006349645,-0.012012217,-0.013154173,0.171849721,-0.170777989,-0.221230048,-0.050677152,0.156444583,8.123951883,8.224620206,8.131223328,0.228936559,8.806984924,-0.446825037,5.78e-05,7.35e-05,4.63e-05,5.5e-05,0.001092927,0.001134344,0.000855621,0.000944335,8.47e-05,6.2e-05,7.61e-05,7.8e-05,,,,,Historical
2024-07-01,0.596153512,65.3,75.2,0.316332693,0.269557852,4.409,3.09,-0.28,6.46,6.98,-0.048036666,0.012870794,0.030293848,0.009294697,0.004337051,0.025300443,0.028373143,0.034897204,-0.001713865,0.002294547,7.77e-05,0.000820771,6.01e-05,-0.5,-0.866025404,7.948438948,-0.25,-0.531,-0.622,-0.625,-0.42,-0.73,-0.34,-0.76,0.29,0.2,0.37,0.92,-0.27,-0.52,-0.37,-1.24,-0.055,-0.13,-0.49,-0.18,0.002644551,0.009036382,0.030965971,0.030619995,0.009259259,0.009278564,0.028589994,0.030602684,0.029433692,0.033426727,0.04,0.034661803,-0.0039871,-0.003645604,0.001931739,-0.009516126,0.007802262,0.00454348,0.004191483,-0.001896936,0.00992875,-0.007634203,-0.003381453,0.029328811,-0.056442923,-0.055736406,-0.114662462,0.084522166,-0.297482838,-0.168528739,-0.055696541,0.071443235,8.094461503,8.216233534,8.352463198,-0.40402425,8.302323507,-0.353884559,7.37e-05,8.4e-05,5.19e-05,5.53e-05,0.001082715,0.001137249,0.000838397,0.000922507,8.34e-05,8.03e-05,6.84e-05,7.61e-05,,,,,Historical
2024-08-01,0.567392218,65.4,74.9,0.316631823,0.270240316,4.205,2.97,-0.19,6.19,6.92,-0.029901786,0.014406111,0.028639044,0.009300571,-0.001850709,0.019533711,0.029245698,0.034066129,-0.000615177,0.001238289,8.41e-05,0.000848129,5.61e-05,-0.866025404,-0.5,7.695336466,-0.204,-0.667,-0.776,-0.952,-0.12,-0.84,-0.63,-0.93,0.09,0.37,0.48,0.89,-0.27,-0.79,-0.66,-1.37,-0.06,-0.195,-0.4,-0.405,0.004332483,0.009131238,0.031242276,0.030602157,0.009265188,0.009279019,0.027831715,0.028899344,0.030799507,0.03297068,0.039135407,0.03544831,-0.003372649,-0.003439258,0.002824081,-0.007988596,0.007373419,0.00394202,0.003996427,-0.002758137,0.008455811,-0.007217522,-0.048036666,0.009251497,0.078945913,-0.031001742,-0.132102963,-0.013154173,0.006131443,0.027208277,-0.221230048,-0.060812019,8.06718388,8.195355917,8.409234389,-0.713897923,8.022667948,-0.327331482,6.09e-05,0.000108548,5.98e-05,5.72e-05,0.00105488,0.001194817,0.000831782,0.000905277,8.77e-05,5.04e-05,6.57e-05,7.34e-05,,,,,Historical
2024-09-01,0.538630925,65.2,74.5,0.316930954,0.27092278,3.979,2.79,0.06,5.89,6.72,0.029772563,0.015940866,0.026995691,0.009306437,-0.004326329,0.016403785,0.026799402,0.033240452,0.000479742,0.000185654,8.56e-05,0.000883326,4.96e-05,-1.0,-1.84e-16,7.908465871,-0.226,-0.68,-1.02,-1.166,-0.18,-0.72,-0.71,-1.54,0.25,0.63,0.75,0.93,-0.3,-0.84,-1.08,-1.4,-0.2,-0.315,-0.525,-0.8,0.006019984,0.009377088,0.031517531,0.030394455,0.009271108,0.009280561,0.028976175,0.027101079,0.031605604,0.032030437,0.038276539,0.035909553,-0.002793217,-0.003233775,0.003713517,-0.006473437,0.00695318,0.003374591,0.003802185,-0.003616531,0.006994802,-0.006809148,-0.029901786,-0.003381453,0.010347882,0.032095168,-0.077410931,-0.114662462,-0.123024186,-0.058084174,-0.168528739,-0.080471246,8.038103013,8.181305571,8.360159887,-0.451694016,8.257436271,-0.3489704,6.33e-05,7.86e-05,6.5e-05,5.91e-05,0.001046272,0.00120381,0.000834408,0.000891699,7.13e-05,6.86e-05,6.17e-05,7.16e-05,,,,,Historical
2024-10-01,0.509869631,65.2,74.4,0.317230084,0.271605244,3.643,3.05,0.16,5.37,6.605,0.025268577,0.017475057,0.025363671,0.009312293,0.004345127,0.020176545,0.024127428,0.032420118,0.001570912,-0.000863376,8.23e-05,0.000909512,5.54e-05,-0.866025404,0.5,8.091022839,-0.336,-0.766,-1.297,-1.518,0.26,-0.04,-0.77,-1.18,0.1,0.44,0.64,0.78,-0.52,-1.09,-1.61,-1.69,-0.115,-0.375,-0.505,-1.055,0.007707054,0.009773862,0.031791743,0.029998132,0.009277019,0.00928319,0.02685422,0.026181677,0.03385557,0.030941999,0.037423341,0.036046106,-0.002248099,-0.003029148,0.004600061,-0.004970502,0.006541414,0.002840511,0.003608754,-0.004472131,0.005545579,-0.006408955,0.029772563,-0.048036666,0.029328811,0.00463065,0.004650222,-0.132102963,0.001302932,0.079044517,0.027208277,-0.06659919,8.023278657,8.173820369,7.948438948,0.142583892,8.268915109,-0.17789227,6.76e-05,7.8e-05,7.08e-05,6.03e-05,0.001021625,0.0012389,0.000845545,0.000882356,9.13e-05,4.2e-05,5.9e-05,6.86e-05,,,,,Historical
2024-11-01,0.523062281,65.4,74.1,0.317616239,0.272342078,3.481,3.09,0.03,5.3,6.475,-0.025624704,0.019041158,0.023860034,0.009318141,0.0,0.018891688,0.027725193,0.031605077,0.001939418,-0.001279422,7.3e-05,0.000929486,5.18e-05,-0.5,0.866025404,7.867097505,-0.162,-0.724,-1.391,-1.561,0.04,0.12,-0.72,-0.51,-0.13,0.22,0.59,0.69,-0.07,-0.89,-1.68,-1.58,-0.13,-0.445,-0.64,-1.345,0.009429256,0.010582875,0.031289756,0.029452908,0.00928292,0.009286905,0.02866242,0.025158582,0.03386942,0.030150244,0.036575755,0.035858539,-0.001709264,-0.002588934,0.004528353,-0.004526601,0.00646602,0.002309568,0.003168901,-0.004448322,0.005091896,-0.006371318,0.025268577,-0.029901786,0.009251497,-0.041344545,0.333266251,-0.077410931,-0.090435914,0.436781609,-0.058084174,-0.074988972,8.01983529,8.160553519,7.695336466,0.171761039,7.908417912,-0.041320407,6.53e-05,0.000107825,7.55e-05,6.1e-05,0.001005113,0.001257905,0.000865803,0.000876054,7.82e-05,8.74e-05,5.45e-05,6.64e-05,,,,,Historical
2024-12-01,0.53625493,65.4,74.0,0.318002395,0.273078913,3.14,3.05,0.26,4.83,6.405,-0.035858432,0.020606345,0.022362731,0.009323979,-0.003708282,0.018319646,0.028691495,0.030795278,0.00230751,-0.001694999,5.06e-05,0.000926303,5.24e-05,-2.45e-16,1.0,7.571532123,-0.341,-0.839,-1.519,-1.897,-0.04,0.26,-0.46,-0.13,0.23,0.2,0.83,1.11,-0.47,-1.06,-1.9,-2.0,-0.07,-0.315,-0.63,-1.335,0.011150502,0.011802013,0.030790465,0.028759397,0.009288813,0.009291702,0.026717557,0.023854825,0.030442654,0.029580734,0.035733728,0.035347419,-0.001176557,-0.00215051,0.004458021,-0.004084975,0.006392485,0.001781607,0.002730835,-0.004425835,0.004640537,-0.006335536,-0.025624704,0.029772563,-0.003381453,0.006349645,-0.114415094,0.004650222,-0.184787792,0.398903195,0.079044517,0.096888033,7.989696105,8.143875278,7.908465871,-0.336933748,7.933202343,-0.361670221,5.12e-05,8.87e-05,7.55e-05,6.09e-05,0.000987693,0.001285832,0.000886254,0.000870938,6.75e-05,5.98e-05,5.42e-05,6.52e-05,,,,,Historical
2025-01-01,0.54944758,65.5,73.4,0.31838855,0.273815747,2.962,2.87,0.39,4.59,6.435,-0.024679236,0.022170619,0.020871722,0.009329809,0.000620347,0.018951358,0.030563042,0.029990669,0.002675189,-0.00211011,3.37e-05,0.000890772,6.76e-05,0.5,0.866025404,7.369035317,-0.178,-0.681,-1.447,-2.069,-0.18,-0.18,-0.22,-0.56,0.13,0.23,0.67,1.04,-0.24,-0.78,-1.87,-2.24,0.03,-0.17,-0.545,-1.035,0.012870794,0.013429186,0.030293848,0.027918209,0.009294697,0.009297581,0.025300443,0.023051605,0.028373143,0.029674846,0.034897204,0.034513308,-0.000649825,-0.001713865,0.004389054,-0.003645604,0.006320793,0.001256474,0.002294547,-0.004404657,0.004191483,-0.006301593,-0.035858432,0.025268577,-0.048036666,-0.056442923,-0.427475712,0.333266251,0.221702252,-0.017548991,0.436781609,0.355288774,7.980965708,8.123325859,8.091022839,-0.721987522,7.473800082,-0.104764764,4.37e-05,6.12e-05,6.82e-05,6.01e-05,0.000924118,0.001227087,0.000897921,0.000868159,0.00010636,0.000118801,5.55e-05,6.19e-05,,,,,Historical
2025-02-01,0.54944758,65.3,73.6,0.31838855,0.273815747,2.838,2.7,0.33,4.57,6.415,0.042840029,0.020322434,0.018655784,0.008545681,0.010539368,0.026448363,0.026143194,0.027422911,0.002675189,-0.00211011,2.57e-05,0.000863349,5.28e-05,0.866025404,0.5,7.691584684,-0.124,-0.643,-1.367,-2.143,-0.17,-0.39,-0.27,-0.9,-0.06,0.3,0.52,1.0,-0.02,-0.73,-1.62,-2.28,-0.02,-0.06,-0.505,-0.905,0.014406111,0.014761682,0.028639044,0.026869335,0.009300571,0.009237622,0.019533711,0.022936326,0.029245698,0.02928682,0.034066129,0.033537267,-0.000140287,-0.000615177,0.003290366,-0.003439258,0.006114447,0.000747596,0.001238289,-0.003348399,0.003996427,-0.006106537,-0.024679236,-0.025624704,-0.029901786,0.078945913,0.137243227,-0.114415094,0.331817094,-0.085468039,0.398903195,0.170172486,7.94963288,8.098687477,7.867097505,-0.175512821,8.067578623,-0.375993939,3.68e-05,7.34e-05,5.85e-05,5.92e-05,0.000887819,0.001226768,0.000900458,0.00086612,7.22e-05,7.24e-05,5.5e-05,6.03e-05,,,,,Historical
2025-03-01,0.54944758,65.2,73.4,0.31838855,0.273815747,2.645,2.76,0.51,4.34,6.32,0.003290664,0.018480919,0.016449444,0.00776277,0.003067485,0.023153942,0.023400389,0.024867923,0.002675189,-0.00211011,2.46e-05,0.000807888,7.87e-05,1.0,6.12e-17,7.716936797,-0.193,-0.495,-1.334,-2.354,0.06,-0.29,-0.03,-0.74,0.18,0.25,0.45,1.2,-0.23,-0.49,-1.55,-2.63,-0.095,-0.085,-0.4,-0.925,0.015940866,0.015800093,0.026995691,0.025613661,0.009306437,0.009111927,0.016403785,0.02245114,0.026799402,0.028603052,0.033240452,0.032419882,0.000352126,0.000479742,0.002195447,-0.003233775,0.005908964,0.000254904,0.000185654,-0.002295764,0.003802185,-0.005912296,0.042840029,-0.035858432,0.029772563,0.010347882,0.080628272,-0.427475712,0.171849721,-0.257954341,-0.017548991,-0.050677152,7.915109002,8.072829325,7.571532123,0.145404674,8.131223328,-0.414286531,5.46e-05,6.3e-05,4.83e-05,5.67e-05,0.000867567,0.001184456,0.000887885,0.000861147,7.37e-05,0.000104359,5.98e-05,6.07e-05,,,,,Historical
2025-04-01,0.5790718519953413,70.429057206581,71.38808706223621,0.32036530018479953,0.27831281583586304,2.141888946852494,2.137971635891744,0.3457482550882244,4.075803874893896,6.879209052754439,0.00635750126093626,0.01622972831439041,0.014538327222227254,0.007033979737300062,0.006439372596211988,0.02082401699466384,0.009556101637788183,0.030930634688108204,0.002638071361642932,-0.0019999270265899332,-0.00020135154291129413,0.0006230180548781335,0.000171671561899366,,,,,,,,,,,,,,,,,,,,,,,,,,,,,,,,,,,,,,,,,,,,,,,,,,,,,,,,,,,,,,,,,,,,,,,,,,1097279.829989755,13.908344793318793,,,Forecast
2025-05-01,0.5044074712257455,66.31518516308796,75.24024545721987,0.32289191446937127,0.2715797359217149,3.0598396240296473,2.6387113628236354,0.6886864227535325,3.708685437658931,5.870687203087149,0.009424788877367973,0.014412622321625705,0.013749618058232584,0.006365823907231113,0.004077101568153394,0.020976830201534694,0.0313705872147579,0.002110057933823257,0.00245487579611482,-0.0018165365531261795,-5.113236400340364e-05,0.0008939197136592774,5.812770393010058e-05,,,,,,,,,,,,,,,,,,,,,,,,,,,,,,,,,,,,,,,,,,,,,,,,,,,,,,,,,,,,,,,,,,,,,,,,,,1107670.3480334557,13.917769582196161,0.9469342058167296,,Forecast
2025-06-01,0.6035101326984478,67.67904872513022,67.52918889768397,0.32383487260907967,0.2715431698247845,2.775880668803188,2.0424396889291034,1.2486311062765958,5.245204548984359,6.880847062246401,-0.004111647605895996,0.012858337560882647,0.013132870535389848,0.005743465352021453,0.0013046098930185436,0.0237730741977939,0.034146901527533344,0.0245208657735052,0.0022402552888364457,-0.0014440335175550324,-0.00011737392729792047,0.0006247847578478494,-7.496160441334776e-05,,,,,,,,,,,,,,,,,,,,,,,,,,,,,,,,,,,,,,,,,,,,,,,,,,,,,,,,,,,,,,,,,,,,,,,,,,1103125.3480210635,13.913657934590265,-0.4103206355989708,,Forecast
2025-07-01,0.5680805335086012,62.835867978537415,66.54699771085309,0.31364076792258383,0.2804564425288782,1.9856464061442876,2.6142004725897996,0.6031049935981456,4.029607734182636,5.8702161197665506,-0.002698016120120883,0.011922005045744633,0.012687768215203503,0.005168056859317158,0.0024157232638934594,0.020883682237412802,0.01562938056230366,0.011907401639516299,0.0020837510319440897,-0.000998849157570454,3.293410191230434e-05,0.0008422735885896841,8.02858799683152e-05,,,,,,,,,,,,,,,,,,,,,,,,,,,,,,,,,,,,,,,,,,,,,,,,,,,,,,,,,,,,,,,,,,,,,,,,,,1100153.1094263915,13.910959918470144,-0.2694379745696085,,Forecast
2025-08-01,0.5706705750327068,67.39688331903245,70.82893495655357,0.303484966182271,0.27222934758415385,1.8466670850844396,1.365174150357722,0.8271760257680999,4.778248437023938,6.157060691761528,2.721139753703028e-05,0.010956460829687242,0.012980158987168079,0.0046326575074756545,-0.0007679539308292262,0.02414459851202653,0.019002447414073365,0.014054677024395331,0.0027470353250234752,-0.001993666268052876,0.00010948900472987773,0.0007813991937061845,3.6346594479581766e-05,,,,,,,,,,,,,,,,,,,,,,,,,,,,,,,,,,,,,,,,,,,,,,,,,,,,,,,,,,,,,,,,,,,,,,,,,,1100183.0465373173,13.910987129867681,0.002721176777065182,,Forecast
2025-09-01,0.5981448185034498,63.88345511099649,77.17193768582291,0.2987649252688597,0.26999332515561525,1.613836814519213,1.0921387239998908,0.6220829432700637,4.29634065689764,5.516786272627261,0.004949626047164202,0.010013060694590275,0.013439611768912185,0.0041377059362344365,-0.001957221064554129,0.02924482889154573,0.035329019810428755,0.010008913828184331,0.0034681213636073007,-0.003068816310751041,0.0002324156251346041,0.0008587598229897635,0.00010849759642390462,,,,,,,,,,,,,,,,,,,,,,,,,,,,,,,,,,,,,,,,,,,,,,,,,,,,,,,,,,,,,,,,,,,,,,,,,,1105642.0400444402,13.915936755914846,0.49618956811816606,,Forecast
2025-10-01,0.571445812911898,63.533853505894264,71.61957992689769,0.32665488837341794,0.27608484381458864,0.9874153420705504,1.5178981870609776,1.347004475996298,3.19464618177847,5.917063989007314,0.005188490729779005,0.009784520992730382,0.013674828769096094,0.0036808853068398145,0.003002097942876276,0.020256271659002085,0.0225710457418601,0.029338916065101327,0.003947234382159695,-0.004008026158409647,5.2070849000367995e-05,0.0009348858759070571,7.773015116914846e-05,,,,,,,,,,,,,,,,,,,,,,,,,,,,,,,,,,,,,,,,,,,,,,,,,,,,,,,,,,,,,,,,,,,,,,,,,,1111393.5614746932,13.921125246644625,0.5201974257438513,,Forecast
2025-11-01,0.6600773742529807,68.27843551121984,78.89099947464804,0.32115756342950413,0.27152229142951123,0.5392248249716305,1.6595186125964985,0.9424744689426261,5.06071236872424,5.194916047779441,2.994122951349709e-06,0.010057333914958978,0.017012973135307113,0.003254870271901202,0.0005052161950840715,0.026318358778000206,0.02755041047327437,0.01679303228196487,0.004859932626432414,-0.004503001560290215,3.697267485884536e-05,0.0005470739325037042,-9.768318569408827e-06,,,,,,,,,,,,,,,,,,,,,,,,,,,,,,,,,,,,,,,,,,,,,,,,,,,,,,,,,,,,,,,,,,,,,,,,,,1111396.8891286454,13.921128240767576,0.0002994127433764149,,Forecast
2025-12-01,0.6699928534296109,68.24313131037452,78.25838882826473,0.3199951159186898,0.2666104666740416,1.6140550744921351,1.4311202879017986,0.7059392501518409,3.2264462310114257,5.663147441008331,0.0018718664068728685,0.009604199463946732,0.014665691866824898,0.002859233218203054,-0.0007217561164589708,0.025325243973254693,0.024229224672854897,0.02306668825721266,0.0043184715803582085,-0.004749714457860335,0.0002707385804628391,0.0007410958696782455,0.00019242033965670955,,,,,,,,,,,,,,,,,,,,,,,,,,,,,,,,,,,,,,,,,,,,,,,,,,,,,,,,,,,,,,,,,,,,,,,,,,1113479.223948385,13.923000107174449,0.18736194424409103,,Forecast
2026-01-01,0.6978216531123282,70.88458538629634,75.64482881043938,0.3211542105915371,0.27694622725432133,1.3919420917124197,0.8399232493947538,1.9489840156431213,3.60265784856581,4.969408053575904,-0.001033447915688157,0.011441293996453324,0.015265989048569075,0.002496317902116572,0.0011821426583567868,0.02609446630925314,0.04088019704547814,0.027002785439488766,0.004516053480502648,-0.005627441850845378,-0.00010981858800859431,0.0009724088107833318,0.00013949553819036045,,,,,,,,,,,,,,,,,,,,,,,,,,,,,,,,,,,,,,,,,,,,,,,,,,,,,,,,,,,,,,,,,,,,,,,,,,1112329.095566486,13.92196665925876,-0.10329140922995528,,Forecast
2026-02-01,0.4038984256579703,70.65818021522502,75.42098845330867,0.30752522504813024,0.26881165398861995,-0.09564944883884219,1.1903956204322126,1.817507603278885,3.832556415162254,4.785039463541505,0.047157831490039825,0.01076815485484156,0.01625781031226837,0.002159250101939757,0.004136047551039258,0.022758972315965787,0.029252016207964082,0.01732830743005371,0.004329666828798314,-0.005089099662927917,-0.00018242203091315505,0.0006698032456487486,-1.0478495526395446e-05,,,,,,,,,,,,,,,,,,,,,,,,,,,,,,,,,,,,,,,,,,,,,,,,,,,,,,,,,,,,,,,,,,,,,,,,,,1166040.6298102252,13.9691244907488,4.828744879354696,,Forecast
2026-03-01,0.6363050019524352,68.0147706524425,76.04148475715068,0.30024032111053517,0.27214518843422375,1.0798538812992229,0.9760968360824254,2.1490768032735597,2.6703819407088947,4.55837691312145,0.002552416641265154,0.01091297082563278,0.017267379623606534,0.001846906448508562,0.0011885582083865,0.021314338313198577,0.03117494290829147,0.005426253766344398,0.0034808280726260697,-0.005148528285370682,-0.00015518345531341055,0.0006786479845495042,0.00019305532781476855,,,,,,,,,,,,,,,,,,,,,,,,,,,,,,,,,,,,,,,,,,,,,,,,,,,,,,,,,,,,,,,,,,,,,,,,,,1169020.6528304562,13.971676907390066,0.2555676829816722,,Forecast
2026-04-01,0.4842881136679418,58.70846965492526,75.61809503312243,0.2946145961422503,0.2713205335927101,0.23929819609745995,0.37396481083722205,1.8257031788785185,2.9409805748827846,5.492009675053012,0.004743093624711037,0.011880419329528264,0.018148384128190947,0.0015563786023720346,0.0030023463173959406,0.02270525568355717,0.03137167480411798,0.013912982426344943,0.0034745204758925763,-0.005148261769987503,6.0346045824458534e-05,0.0015168753225332102,0.0002144867085418678,,,,,,,,,,,,,,,,,,,,,,,,,,,,,,,,,,,,,,,,,,,,,,,,,,,,,,,,,,,,,,,,,,,,,,,,,,1174578.597742868,13.976420001014777,0.4754359898565319,7.04458112146602,Forecast
2026-05-01,0.49655833229723856,71.25083104107112,73.4236382082512,0.2924299064435422,0.27222315093038174,1.3902890043981793,0.7366327008104165,1.2939168414839037,3.0488114107028017,4.907944007685538,0.009621333330869675,0.01239933469487986,0.01844461591092693,0.001288383098597139,0.002047976333382685,0.02422290504676093,0.020631078987955076,0.009510386011192945,0.0037844187002065207,-0.005110707161023938,-0.00043891133521439883,0.0008093721523884927,0.00010909395759970116,,,,,,,,,,,,,,,,,,,,,,,,,,,,,,,,,,,,,,,,,,,,,,,,,,,,,,,,,,,,,,,,,,,,,,,,,,1185934.150133872,13.986041334345646,0.9667767157366391,7.065622207849542,Forecast
2026-06-01,0.4726856019939018,67.9963998555042,74.19269038117748,0.3210025831604274,0.26200421630011045,0.3404838458483158,1.5480125464756533,0.9109134453640175,1.7020818705818699,4.262701167440602,-0.0012288752477616072,0.012597904409040048,0.018706809208205513,0.001040267352522077,-0.0016043529470910816,0.023881768923092163,0.02215095844371497,0.011623915421270887,0.0033925376188249827,-0.005072652900501949,-0.00012544417491603218,0.0008771813549326089,0.00025151902003103533,,,,,,,,,,,,,,,,,,,,,,,,,,,,,,,,,,,,,,,,,,,,,,,,,,,,,,,,,,,,,,,,,,,,,,,,,,1184477.68010457,13.984812459097885,-0.12281204897738318,7.374713329672589,Forecast
2026-07-01,0.434866761476929,62.072139226962946,71.36273844578433,0.2991810638575479,0.269998127774923,0.21484992276227138,0.517979014015334,1.9514950252548329,2.3369818628209007,3.8732428280955293,0.003761444939300418,0.011920675504448232,0.017659995578975716,0.0008095221446114975,0.0038246062148136173,0.024722033997116397,0.033894743114212464,0.015272573499486049,0.0032768533875878287,-0.005073844025993835,8.77631749697338e-05,0.0008897811905224242,0.00012637317827096303,,,,,,,,,,,,,,,,,,,,,,,,,,,,,,,,,,,,,,,,,,,,,,,,,,,,,,,,,,,,,,,,,,,,,,,,,,1188941.4174683532,13.988573904037185,0.3768528051443898,8.070541025717315,Forecast
2026-08-01,0.6055325281059223,67.21923049436546,67.69202013835282,0.3177124143605683,0.27605258063572363,0.0730326729940553,0.1312212442456136,2.505499101384852,2.757908226327727,4.589915098441365,0.003633580170571804,0.011494472255391932,0.019328554941863432,0.000595037025427794,-0.0018855399991658472,0.02367821121236622,0.02835647952981662,0.01482985255442684,0.003544793606580229,-0.0057842610079854966,-0.000447537177388136,0.0008496690634360538,0.00013177876779799338,,,,,,,,,,,,,,,,,,,,,,,,,,,,,,,,,,,,,,,,,,,,,,,,,,,,,,,,,,,,,,,,,,,,,,,,,,1193269.389682029,13.992207484207757,0.36401896259039557,8.460986872838006,Forecast
2026-09-01,0.5205858012431659,60.994772979241745,79.56694488049993,0.30183712050581757,0.2768414714148788,-0.8227805578820344,0.21672863525047456,2.5393653200446686,2.95619733015188,4.392824423334129,0.005247666034847498,0.01345600985306277,0.01895552003308576,0.00039794028482231705,0.0014761319601028834,0.02536299158426959,0.017816422702580458,0.01936030277887994,0.004516953544882477,-0.006790397383133122,0.00010855455906909799,0.0013620279268700601,0.00023554595327052568,,,,,,,,,,,,,,,,,,,,,,,,,,,,,,,,,,,,,,,,,,,,,,,,,,,,,,,,,,,,,,,,,,,,,,,,,,1199547.7278318861,13.997455150242605,0.5261459150921688,8.493317401685596,Forecast
2026-10-01,0.5521713146558324,66.71505621989924,76.75436864627406,0.29539710944155906,0.2677711081033371,-0.012432088938186814,-0.37284093934618656,2.7838320463983806,1.0895037407812467,4.337631006898153,0.0022403469774872065,0.013222209679092937,0.018994915709041327,0.0002061234126115336,0.001466564755688686,0.025262733766665314,0.046658590368298974,0.02043007425096529,0.005030406156704015,-0.007895367626900402,-0.0001840287156326297,0.0009951833688551905,0.00024611341274215275,,,,,,,,,,,,,,,,,,,,,,,,,,,,,,,,,,,,,,,,,,,,,,,,,,,,,,,,,,,,,,,,,,,,,,,,,,1202238.1435653633,13.999695497220092,0.22428584299349907,8.173934530458272,Forecast
2026-11-01,0.5168772838523087,59.92746994357093,75.89672297386547,0.2896856916554597,0.2756974384503361,-1.395028034034439,-0.5903800669854706,2.3440077371138135,2.036386129166074,3.311061818300879,0.0032614627853035927,0.012333078024176894,0.018994357999230806,4.581371773577185e-05,0.0016760179142238595,0.02264675528190823,0.0373614591467228,0.014562544221428856,0.0053697964664870534,-0.00796293602466079,0.00010982607719410114,0.0013193274502244924,0.00013434587493951658,,,,,,,,,,,,,,,,,,,,,,,,,,,,,,,,,,,,,,,,,,,,,,,,,,,,,,,,,,,,,,,,,,,,,,,,,,1206165.5996742367,14.002956960005395,0.32667871418770034,8.526990805228163,Forecast
2026-12-01,0.34230285444543584,61.668060445116765,77.82638300798914,0.29580721053700465,0.2688168359112388,-1.2237091185687115,-1.0125764266900683,2.9687896512164196,1.5381945986748176,3.212466352524446,0.001560016069561243,0.011079071609473471,0.019039491470112132,-0.00011192687044943127,0.00041754505513133945,0.028544929935516047,0.0312922111495871,0.019453563461701885,0.005261122484607388,-0.008314963697354565,-1.0350856693380851e-05,0.001104320282655349,0.0002439090556758349,,,,,,,,,,,,,,,,,,,,,,,,,,,,,,,,,,,,,,,,,,,,,,,,,,,,,,,,,,,,,,,,,,,,,,,,,,1208048.7058483248,14.004516976074957,0.15612335276322664,8.493151903148878,Forecast
2027-01-01,0.4985852808649525,66.93986172398216,73.639973160608,0.32108457433812343,0.270666075986285,-0.9176739140573293,-1.1603814539199042,3.0950933816391557,1.1271777706921353,4.281312593635375,0.0016519029159098864,0.010076955521887553,0.0189748695205551,-0.0002581662252503674,0.002089150426962001,0.024730563892122755,0.02839274554652988,0.011146556149612737,0.005381568279686666,-0.00873011684611526,-0.00035383406415067227,0.0009931924262454597,0.00020507591528942944,,,,,,,,,,,,,,,,,,,,,,,,,,,,,,,,,,,,,,,,,,,,,,,,,,,,,,,,,,,,,,,,,,,,,,,,,,1210045.9341875685,14.006168878990866,0.16532680591228033,8.784885607196792,Forecast
2027-02-01,0.5248618093513784,68.20709764550044,72.98822787098551,0.28861598712821107,0.27078089128735155,-1.6306835769121992,-0.1795339702942964,2.5854816301240424,1.4275772728866674,3.843252720981449,0.03645669296383858,0.011339290252721528,0.01903517853382973,-0.00039180169610727794,0.0048625350219513065,0.023230546047840358,0.03233762852637219,0.027283653361808765,0.005284606262317115,-0.008628980879481435,-0.00032609916591306524,0.0011807362559065142,0.000269788879175463,,,,,,,,,,,,,,,,,,,,,,,,,,,,,,,,,,,,,,,,,,,,,,,,,,,,,,,,,,,,,,,,,,,,,,,,,,1254974.1992306027,14.042625571954705,3.7129388045255673,7.626970034041736,Forecast
2027-03-01,0.49138841933580213,65.6046136140134,75.57552505602735,0.32897198529899224,0.2724846709478002,-0.7228354113747774,-1.0231811596792466,2.970034719211699,1.3578872059810505,3.9597849055091463,0.0011784895323216915,0.012804792837876888,0.01898832868060621,-0.0005452579604691424,0.0028640065867728114,0.025592097192349814,0.03569554972954674,0.011244343686206517,0.005168480261841266,-0.008475860162565739,-0.0002404086122446138,0.001012953915337945,0.00024399570142821453,,,,,,,,,,,,,,,,,,,,,,,,,,,,,,,,,,,,,,,,,,,,,,,,,,,,,,,,,,,,,,,,,,,,,,,,,,1256454.0450078368,14.043804061487027,0.11791842239794459,7.4791999581602875,Forecast
2027-04-01,0.43142790194474717,63.37964225229553,81.80403033476709,0.2908447058790282,0.27634540222258885,-0.6014772190573496,-0.9712373496033184,2.6697749558063646,1.3517830366204606,2.9711765167660125,0.002939739963039756,0.013714142434088306,0.018985646974457565,-0.0005841524453461268,0.0036935821363227924,0.023032084995279235,0.013623213661291076,0.026316434961426757,0.004913622752964204,-0.008599971841431877,0.0001035451500124715,0.0016744939635489385,0.000280107760928215,,,,,,,,,,,,,,,,,,,,,,,,,,,,,,,,,,,,,,,,,,,,,,,,,,,,,,,,,,,,,,,,,,,,,,,,,,1260153.127682274,14.046743801450067,0.2944065235918947,7.285551610071095,Forecast
2027-05-01,0.6265565386275059,56.96454535845872,72.87880229314325,0.3105933310854851,0.27319469360074544,-0.9309246394075019,-0.4824141109395619,3.1127366773902314,1.8608881443820806,2.8934063856858767,0.008152865804731846,0.014306989373348627,0.019026798348631475,-0.0007402996172967744,0.0008201663977047992,0.026549575675020063,0.05126438672821236,0.003447911001117321,0.004761073570709114,-0.008508385809457421,8.512721630614563e-05,0.0012384247480488149,0.00020030647513277517,,,,,,,,,,,,,,,,,,,,,,,,,,,,,,,,,,,,,,,,,,,,,,,,,,,,,,,,,,,,,,,,,,,,,,,,,,1270468.981772207,14.054896667254798,0.8186190918643588,7.128121880021121,Forecast
2027-06-01,0.46652190592602505,63.685966366508104,67.70875510921988,0.29871927357620853,0.27141505189772486,-2.833366040210418,-0.9949596459695099,2.353898923439835,1.4931585917167542,3.9805329604315465,0.001756026642397046,0.01497868277821882,0.01918524648293057,-0.0008383468332145206,-0.00031919377587327595,0.028443489043598245,0.025746818483665532,0.01311023498790024,0.004628630509306935,-0.008343059716232821,-0.00027401515422603435,0.0010896027651071411,0.00020052679957676333,,,,,,,,,,,,,,,,,,,,,,,,,,,,,,,,,,,,,,,,,,,,,,,,,,,,,,,,,,,,,,,,,,,,,,,,,,1272701.9191274852,14.056652693897195,0.17575693600668796,7.448366525161232,Forecast
2027-07-01,0.5086704850673305,66.29210146506357,75.09497510052694,0.29617283076435186,0.2759966941063883,-1.451125336872959,-0.46960224784847204,2.385786424412278,1.1884892153163227,4.011718836464063,0.0034774206578731537,0.014529448035060934,0.01898091971139882,-0.0009322245213806009,0.001495065505543048,0.024917839809846583,0.03188992596193562,0.013626020564831243,0.004428705118581971,-0.008104672558900525,-8.108086056778617e-05,0.0011216581395408387,0.00030214957684441553,,,,,,,,,,,,,,,,,,,,,,,,,,,,,,,,,,,,,,,,,,,,,,,,,,,,,,,,,,,,,,,,,,,,,,,,,,1277135.343044751,14.060130114555069,0.34834738996112335,7.417852913576839,Forecast
2027-08-01,0.47544565237728886,63.24199775599944,81.37845603921289,0.283955949830451,0.26882825678731365,-1.1276969567982458,-2.010732811791195,3.4331762747141257,1.9647363416284018,2.7000075393451186,0.002318181563168764,0.015489927575995693,0.019046648927649998,-0.0010169558180248672,0.0006024849857715029,0.025885706661105776,0.033584464762383824,0.018725742971469915,0.004992121229867004,-0.008998663414956264,-6.074283468928685e-05,0.0014047688970195854,0.00022162637854438434,,,,,,,,,,,,,,,,,,,,,,,,,,,,,,,,,,,,,,,,,,,,,,,,,,,,,,,,,,,,,,,,,,,,,,,,,,1280099.4089447304,14.062448296118237,0.23208706235573473,7.276648509842287,Forecast
2027-09-01,0.38898878689863364,64.19233138890787,71.4594228656394,0.29894966653347704,0.2722302626331826,-3.024301855702332,-1.4378376454549608,3.5812336478625677,1.2286077493320162,2.4207936000860157,-0.000906141591258347,0.016114291917436872,0.018968571999110256,-0.0010958119317957243,0.0004913623682358099,0.022178855210030015,0.05164006132003546,0.023515996388606034,0.0054525539153327625,-0.00982159391128858,-0.00026020944966229277,0.0014146807882247539,0.00024460902510943717,,,,,,,,,,,,,,,,,,,,,,,,,,,,,,,,,,,,,,,,,,,,,,,,,,,,,,,,,,,,,,,,,,,,,,,,,,1278939.9830107037,14.061542154526979,-0.09057311689429914,6.618515740287756,Forecast
2027-10-01,0.46975542259130915,63.5885333804449,73.5273070398542,0.28537049414400817,0.2769572163157107,-1.819034088805665,-1.4511638208920021,3.5721445903827904,0.3212362633360804,2.975079645738718,0.0017072862247005105,0.016090187994730543,0.018975477091366363,-0.0011689302282891895,0.0032722777455566152,0.02343487269807032,0.03374154835487211,0.005173442667373634,0.006168120275314541,-0.010656245442053435,-0.00018697376514555076,0.0012418370895376984,0.00024318172648305267,,,,,,,,,,,,,,,,,,,,,,,,,,,,,,,,,,,,,,,,,,,,,,,,,,,,,,,,,,,,,,,,,,,,,,,,,,1281125.3646310507,14.06324944075168,0.17087444675882857,6.5616967393614,Forecast
2027-11-01,0.4517721226797655,63.09065190068065,78.93316243338786,0.27841622273340866,0.27507499973726385,-2.004246953155893,-1.585110555537769,3.43982216063594,-0.5350351819366744,2.4928596780721075,-0.002880518324673176,0.016965851581897354,0.01901246617090677,-0.0012354630790282926,-0.0011688922041881485,0.02440020872920592,0.0495577324207751,0.006401547117983785,0.00612358162748699,-0.010822131512727734,-5.306380710247988e-05,0.0014650223813778762,0.00026610582533040725,,,,,,,,,,,,,,,,,,,,,,,,,,,,,,,,,,,,,,,,,,,,,,,,,,,,,,,,,,,,,,,,,,,,,,,,,,1277440.3694381022,14.060368922427006,-0.2876373612358929,5.909202665298663,Forecast
2027-12-01,0.46686664028167146,64.40040144820323,87.7271015319001,0.3011035957819332,0.27115055909581387,-3.7471065632534515,-2.982667422778868,2.7632657642736422,-0.7431149099720773,2.1537943997770497,-0.000466548022814095,0.01642446208844276,0.019034067766360806,-0.0012991025990593407,0.0032992119380293346,0.02718409086018139,0.04105161199301336,0.0039332042380042405,0.005757798732064095,-0.01106093796452894,-4.2933600305904084e-05,0.001735355878909525,0.00034919069476107694,,,,,,,,,,,,,,,,,,,,,,,,,,,,,,,,,,,,,,,,,,,,,,,,,,,,,,,,,,,,,,,,,,,,,,,,,,1276844.5211662026,14.059902374404192,-0.046643920620870194,5.694788213821855,Forecast
2028-01-01,0.47792745658643715,63.19413286249769,73.47366767658787,0.2913582012898269,0.2667156712004862,-2.216409119695641,-1.1385301357144506,3.5722778023697064,0.6135538126402847,2.0580487939275685,-0.0017483978299424052,0.017336614018315682,0.01904199717749783,-0.0013548507424438908,0.0031190606364921193,0.024870900932711517,0.027959099582144195,0.02732102696344169,0.006384955097129841,-0.011437106824359049,-0.00021729187864771187,0.0013755224786946333,0.00031962361174996676,,,,,,,,,,,,,,,,,,,,,,,,,,,,,,,,,,,,,,,,,,,,,,,,,,,,,,,,,,,,,,,,,,,,,,,,,,1274614.039429132,14.05815397657425,-0.1746870272845369,5.33600447861633,Forecast
2028-02-01,0.4978059363890102,69.22185976177545,73.71395115861331,0.32075233693121935,0.27454496618376906,-2.8291136201412064,-2.548725706108445,3.899905766953053,-0.5879233060293184,2.2909658003425766,0.04133504629135132,0.01630676613312356,0.01896532878149695,-0.001411497485610878,0.0013621371628340603,0.031006444222161422,0.03962499754026511,0.018692194523732757,0.006243740330326652,-0.011602290299525513,-0.0003412014918096905,0.0012020145275023282,0.00042601160209007404,,,,,,,,,,,,,,,,,,,,,,,,,,,,,,,,,,,,,,,,,,,,,,,,,,,,,,,,,,,,,,,,,,,,,,,,,,1328404.3231265857,14.099489022865601,4.220123271319465,5.85112617781316,Forecast
2028-03-01,0.4762225175979311,56.347010253327554,79.75551000097698,0.31180914319784436,0.2666173883139862,-2.559217645369048,-1.8626362897791966,3.5186027637403705,-0.8156341251170248,1.94552698985785,-3.6418983654584736e-05,0.01559325386640986,0.019031479436618516,-0.0015283315817028239,0.0009649646989347619,0.02439458030029054,0.035822394066958474,0.006844600843862299,0.006138459440101622,-0.011461790200543697,5.8532893111997465e-05,0.001582763669709973,0.00034818409622156156,,,,,,,,,,,,,,,,,,,,,,,,,,,,,,,,,,,,,,,,,,,,,,,,,,,,,,,,,,,,,,,,,,,,,,,,,,1328355.9448722037,14.099452603881947,-0.003641832049150473,5.722604829842259,Forecast
2028-04-01,0.511276243683541,62.206284070085424,82.8424040698486,0.3203363042289617,0.27218041550827843,-3.6167534520239712,-2.033498529520811,3.4356695952662726,-0.619523427127015,1.9867977995197705,-0.0025197577197104692,0.013961698725748938,0.018992724724185558,-0.0012560756616532566,0.0028242323895871554,0.027453888042684428,0.027600008664493428,0.012165547871527396,0.005985558439538557,-0.011299140827899033,-4.61388796397168e-05,0.0015768497956621204,0.0003354874934445924,,,,,,,,,,,,,,,,,,,,,,,,,,,,,,,,,,,,,,,,,,,,,,,,,,,,,,,,,,,,,,,,,,,,,,,,,,1325013.0231707045,14.096932846162236,-0.25165857949474013,5.146985240414681,Forecast
2028-05-01,0.5148802222797135,61.00806322567245,76.46674493901737,0.2899147055961338,0.27829412908776974,-3.0739108037129634,-1.6295774057032892,4.38416052066689,-0.7354079748480077,2.6035530111605927,0.004212194588035345,0.013751029837178113,0.018977608283762437,-0.0015499585112172106,0.0024754254627596508,0.02293369058944863,0.04004262084685433,0.026481215700339858,0.005823831787725442,-0.011358083214011612,-8.349371063724335e-05,0.0017688168709195208,0.00027996063185645973,,,,,,,,,,,,,,,,,,,,,,,,,,,,,,,,,,,,,,,,,,,,,,,,,,,,,,,,,,,,,,,,,,,,,,,,,,1330606.0069544972,14.101145040750271,0.42210783486558157,4.7334508787773455,Forecast
2028-06-01,0.507795201939056,64.83643491641058,73.06232872146155,0.3001209929415278,0.2758866058377016,-4.404918043410635,-0.9753151607374944,3.847121228909752,0.19181520291368603,2.3387235045850887,-0.0025398372672498226,0.012964178294408064,0.018986225884391295,-0.0015896593122595197,-5.9918590281362585e-05,0.024501978032833382,0.03755997257569561,0.014010861649177647,0.005655306510918124,-0.011312708015408969,-0.00023675439536921015,0.0011982664804726735,0.00033027039220283794,,,,,,,,,,,,,,,,,,,,,,,,,,,,,,,,,,,,,,,,,,,,,,,,,,,,,,,,,,,,,,,,,,,,,,,,,,1327230.7723177716,14.098605203483022,-0.25366146094972786,4.284495243604969,Forecast
2028-07-01,0.5519548321811012,64.30795404203933,80.442443027278,0.26472602255757083,0.2648998845083024,-4.894922566770182,-3.1795512934907517,4.106874480091198,-0.5340813842763085,2.5655802126481553,-0.00026061487733386457,0.012568082602991562,0.01898008097362286,-0.0016160130160841964,0.0010999458463872604,0.022422364141015193,0.042102431632958036,0.013502850378483594,0.005474518709251715,-0.011246387775252624,-0.00014868531164734122,0.0015041388901782648,0.0003590522164086197,,,,,,,,,,,,,,,,,,,,,,,,,,,,,,,,,,,,,,,,,,,,,,,,,,,,,,,,,,,,,,,,,,,,,,,,,,1326884.9213017677,14.098344588605688,-0.02605809202267384,3.895403766558614,Forecast
2028-08-01,0.5366564635949004,69.636455919272,81.20455420762619,0.2932035763466737,0.2738655495899932,-3.2359436334908054,-2.8301237581866796,4.2751154551271515,-1.2795432339790844,1.4167126993049963,0.0016927807591855526,0.011206404449070041,0.02183307310278839,-0.0016616204965959696,0.003643100178448918,0.025273405972782888,0.038620042332079114,0.00978188469604121,0.005936794452861987,-0.011890302883190314,-0.00037789777031421295,0.0011449574543723436,0.0004346351655420884,,,,,,,,,,,,,,,,,,,,,,,,,,,,,,,,,,,,,,,,,,,,,,,,,,,,,,,,,,,,,,,,,,,,,,,,,,1329132.9487381848,14.100037369364873,0.16942143213229954,3.8304478113833307,Forecast
2028-09-01,0.5322157093393491,70.86323109449444,85.65936177336832,0.2994612491056702,0.27248319142965144,-2.937884899193614,-2.5307781110362693,3.739495384722349,-0.6729453088448999,2.108899532403329,-0.001817733165808022,0.011807173042857184,0.018993156400367996,-0.0016928523785377752,0.00039366568926380984,0.028947748866637674,0.03373588022995357,0.007523802954938208,0.006396746399980938,-0.012519726163476288,-0.00026020764274193654,0.0015463206695677638,0.00042573890390495853,,,,,,,,,,,,,,,,,,,,,,,,,,,,,,,,,,,,,,,,,,,,,,,,,,,,,,,,,,,,,,,,,,,,,,,,,,1326719.1341955047,14.098219636199065,-0.1816082089434068,3.735839978380051,Forecast
2028-10-01,0.4788504422467511,61.16443043565616,82.11603127830953,0.30027025966419973,0.2688721666836499,-3.930530669359098,-3.6739911879959735,4.458581569117932,-0.8730653711224391,2.979623309203866,0.0037538802716881037,0.012963598972474134,0.01906545472448392,-0.001730440019062274,0.0022724246179207405,0.025915680709862037,0.04746313823096722,0.026245126525964606,0.00687639719463219,-0.013498332660419067,-0.0002158667362413125,0.0019570784727373164,0.00043725231971750524,,,,,,,,,,,,,,,,,,,,,,,,,,,,,,,,,,,,,,,,,,,,,,,,,,,,,,,,,,,,,,,,,,,,,,,,,,1331708.838496285,14.101973516470753,0.3760934904889268,3.948362530453986,Forecast
2028-11-01,0.5307313108339256,63.9139288468717,82.55131837658948,0.2977081423255904,0.27563852488475754,-4.045006926124127,-2.4691221936849606,4.833846824755361,-1.254774689738975,1.729641491310648,-0.0005219896556809545,0.011112074746006183,0.018993272043389645,-0.001748378319915485,-0.00022911090694777668,0.025708589802288406,0.03437690658935803,0.030578356974745022,0.007059240821856466,-0.01352072807907649,-0.00016678604664788495,0.0016927695465298255,0.0003614345273270813,,,,,,,,,,,,,,,,,,,,,,,,,,,,,,,,,,,,,,,,,,,,,,,,,,,,,,,,,,,,,,,,,,,,,,,,,,1331013.8816541322,14.101451526815072,-0.05218534427823274,4.193817065574246,Forecast
2028-12-01,0.5105252815484477,64.5354165453882,78.92504737097396,0.2990346484992058,0.27236445288629507,-4.377597206818131,-2.6549114484673435,5.176440477121771,-0.38607562502118187,2.2198049814453564,-0.0023612407967448235,0.011069156773301407,0.019003855280068822,-0.001773850425085168,-7.542995541873947e-05,0.022590569531366986,0.012580546024819866,0.0075010806306621165,0.007026601507056302,-0.013796937837292154,-0.0004831879801362576,0.0014939177050676089,0.00037389025260927306,,,,,,,,,,,,,,,,,,,,,,,,,,,,,,,,,,,,,,,,,,,,,,,,,,,,,,,,,,,,,,,,,,,,,,,,,,1327874.7449630578,14.099090286018328,-0.23584552605665499,3.996588695877157,Forecast
2029-01-01,0.36925669939830885,61.042614960872136,88.75816379314183,0.26361272667343233,0.2725014158540678,-4.951262720076918,-2.8560963786452795,4.5252865478874265,-1.4680620287180521,2.1512481465111257,-0.0007587518775835633,0.011383240289437591,0.018844217410370026,-0.00180553572162547,-0.000891826375984792,0.027050274004506797,0.04276401476536978,0.028228351304913905,0.007157957184328236,-0.014044167856299776,-8.083547874667042e-05,0.0019328700324109608,0.00043119871463323067,,,,,,,,,,,,,,,,,,,,,,,,,,,,,,,,,,,,,,,,,,,,,,,,,,,,,,,,,,,,,,,,,,,,,,,,,,1326867.599642141,14.098331534140744,-0.07584640981667112,4.099559442826495,Forecast
2029-02-01,0.6021205406801848,66.02253189284698,78.75122209539289,0.3011649157906398,0.27510673904420446,-4.666363521514339,-3.213681774120806,4.5365790704644064,-0.616794921661278,2.0706584324828614,0.04152865707874298,0.011546634543997378,0.018986434484125212,-0.0018180988338311317,0.0032982816479512622,0.02633617097917448,0.03680677364726906,0.011802727457581475,0.007056008221408179,-0.014121832042194974,-0.0004712680906616795,0.0015887562990146327,0.00043867703208669637,,,,,,,,,,,,,,,,,,,,,,,,,,,,,,,,,,,,,,,,,,,,,,,,,,,,,,,,,,,,,,,,,,,,,,,,,,1383130.8111178922,14.139860191219487,4.240303364926956,4.119716191716383,Forecast
2029-03-01,0.5223624764923416,62.900928856207706,78.44433745782395,0.30388911089599174,0.27211582015566,-4.550091775333652,-2.78225950438765,4.911460296467928,-1.1920837293112807,1.4624127519103383,-0.0012213612208142877,0.0119019842928243,0.018938644703502427,-0.0018391253320180494,0.00368375847974963,0.02617356848214334,0.046374767873550736,0.02063381331282406,0.006507978699044941,-0.014031583409657204,-0.0001852096148928267,0.0016940117502895107,0.00046357285136225764,,,,,,,,,,,,,,,,,,,,,,,,,,,,,,,,,,,,,,,,,,,,,,,,,,,,,,,,,,,,,,,,,,,,,,,,,,1381442.5399861939,14.138638829998673,-0.12206156627613263,3.996413410044042,Forecast
2029-04-01,0.5016874087540298,60.024122679298806,86.78046211521944,0.3146686950514025,0.2750172557814371,-4.907026065839185,-4.133559381994325,4.77738418088593,-0.8092122275579081,1.8362022409557877,-0.0020071957260370255,0.012397207533415685,0.01898569240068522,-0.0018480070221993158,0.003922930139196137,0.025443995051574554,0.059944241105524106,0.02819531802251522,0.006810427859291762,-0.014041950865930079,-1.1384119240763776e-05,0.002107664884467972,0.000416232638844966,,,,,,,,,,,,,,,,,,,,,,,,,,,,,,,,,,,,,,,,,,,,,,,,,,,,,,,,,,,,,,,,,,,,,,,,,,1378672.4953650346,14.136631634272636,-0.20051826557961894,4.04973168232905,Forecast
2029-05-01,0.4327384485502443,62.813242784046736,75.1418696049897,0.3021641050175796,0.27209607606189234,-4.082999677927552,-3.37282850223739,5.1996284925569585,-2.105404331865083,1.8912362278170023,0.003671428421512246,0.011052791123552235,0.019040832894881423,-0.0018733582744018583,0.0029159344389969783,0.029046673502308773,0.06074874533639612,0.01500464003001266,0.006674923409637442,-0.013920503125146689,-0.00042129925252547246,0.0015569743854664025,0.0003357404431896776,,,,,,,,,,,,,,,,,,,,,,,,,,,,,,,,,,,,,,,,,,,,,,,,,,,,,,,,,,,,,,,,,,,,,,,,,,1383743.4959601664,14.140303062694148,0.36781763705158177,3.9934803185873724,Forecast
2029-06-01,0.5584712636290732,60.28804254881633,73.93179332869698,0.29561825007499337,0.27235862833461255,-4.558051622710663,-3.914765627669497,4.330295018149782,-1.413071004569802,1.790611782904571,-0.002717656781896949,0.011911693808826583,0.01895077266809616,-0.001910237121200601,0.001273484813581668,0.030085562262168034,0.041712813920533325,0.013430090780209292,0.006543086805385661,-0.013883869588566685,-0.0002322930352749747,0.0017938904307476604,0.0004977274242705277,,,,,,,,,,,,,,,,,,,,,,,,,,,,,,,,,,,,,,,,,,,,,,,,,,,,,,,,,,,,,,,,,,,,,,,,,,1379988.0613664736,14.137585405912251,-0.2713967295714048,3.97498989241869,Forecast
2029-07-01,0.4626780548753005,67.43282226348931,80.79877810032175,0.3111311790954805,0.2786801833296524,-4.360335635321267,-2.861238076634164,4.550231060403199,-1.4187333924651264,0.9303294394180834,-0.0007309610955417156,0.012368830661675665,0.019266269306639973,-0.0019053357207067935,0.000973064126942441,0.025883255872671575,0.0347193257504644,0.023113168048940737,0.006526147362470102,-0.013771550201357686,-0.0002569251130297899,0.0015661035738818853,0.0004264426779735335,,,,,,,,,,,,,,,,,,,,,,,,,,,,,,,,,,,,,,,,,,,,,,,,,,,,,,,,,,,,,,,,,,,,,,,,,,1378979.7123581478,14.13685444481671,-0.07306940085606284,3.9260971482946383,Forecast
2029-08-01,0.5575011543267323,70.43700952446116,80.60629967228121,0.26706641528895053,0.27936827569818745,-4.223331944234318,-4.710179290620477,4.373356247121198,-2.500313494607078,0.47115940906489195,0.0017284359782934189,0.012248731547112443,0.01915928225729063,-0.001918247958824311,2.164958914295024e-05,0.02591526939647981,0.0480579329783561,0.006450735314028195,0.006860296790877279,-0.014354122196960157,-0.0003856189104274574,0.001515689005859386,0.00040608719108328593,,,,,,,,,,,,,,,,,,,,,,,,,,,,,,,,,,,,,,,,,,,,,,,,,,,,,,,,,,,,,,,,,,,,,,,,,,1381365.2515382995,14.138582880795003,0.1729930584745354,3.929802722120579,Forecast
2029-09-01,0.4720765150830015,64.55986850177477,80.13127491615343,0.2907817029563664,0.2678746324072137,-5.427936622929791,-3.8164386780549107,4.563280993684531,-1.064427860500825,0.399516966017485,-0.001813419978134334,0.012643719639894427,0.019005874856868665,-0.001930961595172617,0.00020682218569665007,0.02730320442444551,0.04094645856791959,0.025783640400981696,0.007266804623775416,-0.01506136044752383,-0.0003075876482404745,0.0016977372806913967,0.00044520979286315324,,,,,,,,,,,,,,,,,,,,,,,,,,,,,,,,,,,,,,,,,,,,,,,,,,,,,,,,,,,,,,,,,,,,,,,,,,1378862.52612604,14.136769460816868,-0.18117767255781958,3.930250991831352,Forecast
2029-10-01,0.5104643034100469,64.0458317847594,84.45401663569459,0.28777945221950574,0.27845037973521586,-4.746824245860603,-3.746004470327012,5.1834479918151315,-2.391938154322183,1.0445624462610579,0.0006355480290949345,0.010239349405415562,0.01898490867943503,-0.001942582749434557,0.0020548011328664073,0.024221301107891165,0.047138682311347505,0.017013355181503285,0.007780775721708701,-0.015646669084920982,-0.00017481779934676073,0.001971200430166149,0.0004714604670036746,,,,,,,,,,,,,,,,,,,,,,,,,,,,,,,,,,,,,,,,,,,,,,,,,,,,,,,,,,,,,,,,,,,,,,,,,,1379739.1380218868,14.137405008845963,0.06357500325357979,3.606666723023011,Forecast
2029-11-01,0.41375231846023586,64.17318558452837,78.01240379441819,0.29701346260233885,0.281268885752014,-5.6047804979379885,-4.606267522176055,5.432132723566172,-2.384407371485279,1.3930212797784818,-0.0012321051908656955,0.01232026955062163,0.01898436654648056,-0.0019516206651919523,0.0018332148841009965,0.02788423417964482,0.039476753699381244,0.010746659996042988,0.007746036635480132,-0.01585469745236097,-0.0002567743673988996,0.001932412338530775,0.0005255000642213231,,,,,,,,,,,,,,,,,,,,,,,,,,,,,,,,,,,,,,,,,,,,,,,,,,,,,,,,,,,,,,,,,,,,,,,,,,1378040.2011173062,14.136172903655098,-0.12313464609087221,3.533120135811929,Forecast
2029-12-01,0.34064701141651643,67.75462830799633,81.52025133904486,0.2695150534542651,0.28212486917025886,-5.21157229521541,-4.529909906042794,4.93753952069593,-2.718892738082801,0.4265512001649796,-0.0005388300633057952,0.011201222291309154,0.018994399013629707,-0.00203350316175609,0.0016848362399011906,0.024289737404650683,0.04712576856630579,0.01055235541512236,0.007887757512062329,-0.0161062677718772,-0.00039659221920839414,0.001789376315036332,0.00034610555637933104,,,,,,,,,,,,,,,,,,,,,,,,,,,,,,,,,,,,,,,,,,,,,,,,,,,,,,,,,,,,,,,,,,,,,,,,,,1377297.87164118,14.135634073591792,-0.05386849204576105,3.7219720358110386,Forecast
2030-01-01,0.4104905695415472,67.67674639784593,80.18465194450698,0.31434320297272544,0.2778561087160173,-5.985723231136817,-4.2151686260860535,5.540089453530633,-1.7052559338646418,1.435287004827321,-0.0068532731384038925,0.01093126878286514,0.01899770292069205,-0.0020411461697301576,-0.002522477136558849,0.026355472040044264,0.03838236901824265,0.003819327450042445,0.00796013743729602,-0.016309028524020695,-0.00040449001346013554,0.0015620239780146554,0.00039974562593908124,,,,,,,,,,,,,,,,,,,,,,,,,,,,,,,,,,,,,,,,,,,,,,,,,,,,,,,,,,,,,,,,,,,,,,,,,,1367891.1433903,14.128780800453388,-0.6829843016943782,3.0917586471493452,Forecast
2030-02-01,0.5178631023037201,63.15049057809558,78.37803356460518,0.29406884976594716,0.27117497854794703,-6.2906988745635966,-3.7282184867964583,5.744700852644197,-3.2309293145210023,0.620458833967982,0.039834361523389816,0.013761095243482258,0.019007762031520922,-0.001980717864185643,0.002434716255935355,0.02400736479749036,0.0563172074306051,0.010814592461715629,0.007858292503366225,-0.01633098943340558,-0.00033214532097643597,0.001968673259894343,0.0005663108079592681,,,,,,,,,,,,,,,,,,,,,,,,,,,,,,,,,,,,,,,,,,,,,,,,,,,,,,,,,,,,,,,,,,,,,,,,,,1423480.0373696422,14.168615161976778,4.063839015841997,2.917238624677765,Forecast
2030-03-01,0.3462149885527491,64.42208126405629,81.33380803556932,0.30140097489495477,0.2783678848756096,-5.624519661580601,-4.990870540329298,6.081353181084572,-1.842945806011373,0.5996529818476999,-0.001697999075986445,0.010615344838901955,0.01903738811844511,-0.0019872270964396486,0.00470154148135579,0.023810805923087146,0.040298302799936916,0.013357981847490959,0.00781928305196882,-0.01634610440224823,-0.00046732632921112207,0.001752055854404753,0.0004843073211354551,,,,,,,,,,,,,,,,,,,,,,,,,,,,,,,,,,,,,,,,,,,,,,,,,,,,,,,,,,,,,,,,,,,,,,,,,,1421065.0205099497,14.166917162900791,-0.16965582911545596,2.8681960614989954,Forecast
2030-04-01,0.45818092083269774,65.82864752099286,84.79874503716435,0.2999827212371906,0.27207843686851757,-7.0806633279678906,-4.953264380609811,5.4233212518053655,-1.671321002578107,0.3217992807931087,-0.002038252539932728,0.011419217930941297,0.01907896865831431,-0.001996631120770345,0.0009501224078842215,0.025842011715051814,0.052260197941654325,0.006465934752323092,0.007636835512651584,-0.016320959099749774,-0.0002143010056561451,0.0019247322551536473,0.000545354411736461,,,,,,,,,,,,,,,,,,,,,,,,,,,,,,,,,,,,,,,,,,,,,,,,,,,,,,,,,,,,,,,,,,,,,,,,,,1418171.481006368,14.164878910360859,-0.20361767138165066,2.8650013526871243,Forecast
2030-05-01,0.4406469827073761,59.50945227080199,89.50979635636311,0.3131830570896537,0.27436684238807796,-6.13945715307657,-3.8434895096468513,5.221141916678264,-2.1015551844356057,-0.33438094326844503,0.0054151322692632675,0.012076461862501666,0.018981020358384584,-0.0020030421653284844,0.0012273607833961139,0.026770438147205384,0.03587098511936981,0.015220080364209822,0.0074755088121361375,-0.016334874502063328,0.00010728589205162654,0.0021879736605324696,0.00041984947377581537,,,,,,,,,,,,,,,,,,,,,,,,,,,,,,,,,,,,,,,,,,,,,,,,,,,,,,,,,,,,,,,,,,,,,,,,,,1425871.8977270273,14.170294042630122,0.5429820599124557,3.0445239229564214,Forecast
2030-06-01,0.5310846369088615,67.79284436233407,83.92625424300435,0.2731789714690436,0.27735693311479737,-6.977200735971921,-4.650779455554843,5.051229383969832,-1.9532266100604039,0.838349614765714,-0.002392733935266733,0.012328516412635042,0.018989328674184913,-0.0020093493450819727,-0.00015821435825619907,0.025282002399876522,0.05353881337826541,0.019677390596113776,0.007402542603024476,-0.016182130666938202,-0.0004058566222506085,0.0018996641455996891,0.0005179594358165378,,,,,,,,,,,,,,,,,,,,,,,,,,,,,,,,,,,,,,,,,,,,,,,,,,,,,,,,,,,,,,,,,,,,,,,,,,1422464.2440800376,14.167901308694855,-0.2389873629196182,3.0780108830437136,Forecast
2030-07-01,0.47873800599640637,69.57913107343785,73.15575396572427,0.29826378390816627,0.27245657938534423,-5.565483578638877,-5.1226270979843065,5.133050174244503,-2.063255466893634,1.5035521819305169,0.001669468474574387,0.01243437819565405,0.019041502977664816,-0.002015381074084704,0.004402135510072054,0.025428876060544527,0.03870126044026288,0.013744521551636696,0.0071856954935702955,-0.016233609511594957,-0.0005515379538029691,0.0015066830908705025,0.0005088921271211313,,,,,,,,,,,,,,,,,,,,,,,,,,,,,,,,,,,,,,,,,,,,,,,,,,,,,,,,,,,,,,,,,,,,,,,,,,1424840.9866881433,14.16957077716943,0.16708628128947467,3.3257395971090675,Forecast
2030-08-01,0.5159666081033638,67.58180542696954,81.81613532340705,0.311696353294313,0.2711771419792035,-5.347392688275709,-4.22933755306283,6.027001457368364,-3.143968892610309,0.5790118192229358,0.0016128559364005923,0.00843906085551891,0.01900568489982976,-0.002021666138275806,0.0023762561170680967,0.025794517167360635,0.04904178269727911,0.021408858535833304,0.007717262835617213,-0.016661553214418333,-0.0005018233413225678,0.0018366166785339032,0.000382637362123152,,,,,,,,,,,,,,,,,,,,,,,,,,,,,,,,,,,,,,,,,,,,,,,,,,,,,,,,,,,,,,,,,,,,,,,,,,1427140.9041511517,14.17118363310583,0.1614157288073459,3.31379789392241,Forecast
2030-09-01,0.4726008702714703,59.08135111650207,82.36236937034367,0.29577713596058514,0.278017785127898,-6.763911446627713,-5.016310205598266,5.035003015789849,-1.7004003407513106,-0.44638871399193814,-0.002152425469830632,0.012309437225665252,0.018989108517422502,-0.0020267569407668965,0.005721373174664304,0.02851053652734558,0.05738832254920649,0.008500134192092642,0.007977430118725348,-0.017079986388344577,-0.00017217146100063566,0.0016927032303071497,0.00047118158298384657,,,,,,,,,,,,,,,,,,,,,,,,,,,,,,,,,,,,,,,,,,,,,,,,,,,,,,,,,,,,,,,,,,,,,,,,,,1424072.3932751857,14.169031207636,-0.2150110663243221,3.2787798850523853,Forecast
2030-10-01,0.4844332422437517,56.52672972726479,85.88827793031133,0.2849945858830911,0.2841243725404993,-6.086559031883009,-4.2158570698056685,6.189299172490064,-3.0977059818655466,0.8267729358855314,0.0005049588507972658,0.012850784429864611,0.01901583617172041,-0.002045381965654613,0.000811891204651896,0.034528358604347525,0.04853191548364853,0.024087617574247197,0.008382362958585785,-0.01773249964704441,8.210525193905275e-05,0.002563566084093523,0.0005492423080326322,,,,,,,,,,,,,,,,,,,,,,,,,,,,,,,,,,,,,,,,,,,,,,,,,,,,,,,,,,,,,,,,,,,,,,,,,,1424791.6728223492,14.169536166486797,0.05050863639799452,3.2652936746473404,Forecast
2030-11-01,0.47077430366402195,65.87899976405951,83.24128512026044,0.2895130763631857,0.2816775069153526,-5.92247766837021,-5.421136124330081,5.492519351791072,-2.9526665687576634,-0.531434996150435,-0.0020291537512093782,0.012328512437016787,0.019007513045014454,-0.002034607776392883,0.0011179063703983436,0.025756646311124436,0.0398695997614985,0.016216062503027314,0.008429822146755868,-0.017944121383034452,-0.0004212547478509581,0.001887874342059342,0.00041667651016924186,,,,,,,,,,,,,,,,,,,,,,,,,,,,,,,,,,,,,,,,,,,,,,,,,,,,,,,,,,,,,,,,,,,,,,,,,,1421903.482736625,14.167507012735587,-0.202709641052512,3.1830190137961623,Forecast
2030-12-01,0.4695824181742987,60.69407316555391,87.20009949520687,0.2922392558829544,0.279535316825764,-6.018094963575949,-5.19109047601147,5.617255292296358,-3.2115294796704905,-0.37425379901315925,-0.004380194004625082,0.012492696332371695,0.019007359146370185,-0.0020422447047824567,-0.002778332415447432,0.025599509065490383,0.05386354552090039,0.02843099159099309,0.00854516098318994,-0.01818724927581634,-0.00015538110217690223,0.0023315614791557045,0.00053964781359302,,,,,,,,,,,,,,,,,,,,,,,,,,,,,,,,,,,,,,,,,,,,,,,,,,,,,,,,,,,,,,,,,,,,,,,,,,1415688.890123186,14.163126818730962,-0.43706149460147614,2.787415799623605,Forecast
2031-01-01,0.5421571997981326,64.36638362584445,84.12820658784207,0.28802308358462814,0.2807242480285217,-6.536770134490194,-4.570597915655183,5.8572387478075685,-2.714966123665935,0.13066868564547382,-0.005267865490168333,0.012672835437085922,0.019013860306526985,-0.0020422849689209982,-0.0011159565447309186,0.02467134473188808,0.0418445839516879,0.03584106862021199,0.008683332968204576,-0.018352789122747896,-0.00045154857550878675,0.0021666396053727217,0.0005742249820990126,,,,,,,,,,,,,,,,,,,,,,,,,,,,,,,,,,,,,,,,,,,,,,,,,,,,,,,,,,,,,,,,,,,,,,,,,,1408250.8399986092,14.157858953240794,-0.525401461893904,2.950505002048498,Forecast
2031-02-01,0.4039605642663451,68.73595043666263,88.29503897924461,0.29525882744424964,0.27930170957908096,-6.192980503749403,-5.304295933653977,5.659936313229911,-3.3768792524556916,0.31898691381293465,0.042612191289663315,0.012420879928347476,0.019065454730883932,-0.0020452679306556293,0.0032977202460328443,0.024207060113877608,0.045767781725017845,0.010977929870204677,0.008658115439115446,-0.018368350635102143,-0.00040957013087750187,0.0021871543997823996,0.0005088019459894929,,,,,,,,,,,,,,,,,,,,,,,,,,,,,,,,,,,,,,,,,,,,,,,,,,,,,,,,,,,,,,,,,,,,,,,,,,1469556.400035798,14.200471144530457,4.353312513362284,3.23688154779449,Forecast
2031-03-01,0.5198586795519164,61.00082895778032,81.43041975711249,0.3163808491145597,0.27863492101524917,-7.332452316589269,-4.863705563277941,6.398308907955073,-3.1474945162769035,-0.4354808550251503,-0.0025188238359987736,0.01198004351802692,0.018995247293291877,-0.0020695642495795314,0.0015448913693051054,0.025811917983428002,0.05256193629491738,0.011376591413650671,0.00843324203732601,-0.01838320065163656,-0.0004726844863146843,0.0021420828274208823,0.0005350458501280135,,,,,,,,,,,,,,,,,,,,,,,,,,,,,,,,,,,,,,,,,,,,,,,,,,,,,,,,,,,,,,,,,,,,,,,,,,1465859.5042162694,14.197952320694458,-0.25156542609992005,3.1521769278541,Forecast
2031-04-01,0.32013428676186706,61.9652475790119,83.68943419108392,0.2892703681424888,0.28042941299606544,-6.836121227287945,-5.357318316801073,6.746863086485094,-3.9886563642302217,-0.07709369609877983,-0.000900663435459137,0.011915283910003476,0.019511713474679608,-0.002036817740225683,0.0028617910269006547,0.02988123249379548,0.0633412439455143,0.013054956864618944,0.008342788948361069,-0.018419363386635686,-0.0002515716475891632,0.002090976155246851,0.0005703696448282731,,,,,,,,,,,,,,,,,,,,,,,,,,,,,,,,,,,,,,,,,,,,,,,,,,,,,,,,,,,,,,,,,,,,,,,,,,1464539.8525295202,14.197051657259,-0.0900257959888684,3.2695884908253925,Forecast
2031-05-01,0.5095130123916635,64.29048279932897,85.90921873713746,0.2907683590848396,0.2709237289337368,-7.17630786185243,-4.101119739513926,5.7677803481932255,-2.4102046544391063,0.5022774606886404,0.0034009392838925123,0.011467846253716652,0.019027023020590637,-0.002053071999680132,0.0009656042512441537,0.025406507367496868,0.05018318417568425,0.020271678813886758,0.008241736638707555,-0.018171967964280337,-0.00020867244476965266,0.0019207982174899948,0.0005185589147868355,,,,,,,,,,,,,,,,,,,,,,,,,,,,,,,,,,,,,,,,,,,,,,,,,,,,,,,,,,,,,,,,,,,,,,,,,,1469529.1429747462,14.200452596542892,0.34067290395742855,3.0617929504966446,Forecast
2031-06-01,0.4894969356081441,58.7539800643005,80.96737003229164,0.3028786661987458,0.27756063632314976,-7.364000599157827,-4.356137099982199,5.8571211904456995,-2.7422565305485183,0.5637505500447397,-1.872943903435953e-05,0.011125781834124026,0.018997540398253306,-0.0020561574900056544,-0.0010701532021794166,0.026119552356370934,0.05034414767268243,0.026596168763110654,0.008300812096391655,-0.01824849744801648,-0.00024048826913252244,0.0021924515806883895,0.0004911387030528398,,,,,,,,,,,,,,,,,,,,,,,,,,,,,,,,,,,,,,,,,,,,,,,,,,,,,,,,,,,,,,,,,,,,,,,,,,1469501.6197760014,14.200433867103857,-0.0018729263639549742,3.3067527631518656,Forecast
2031-07-01,0.5051398985347919,60.61788620174429,80.47790148904076,0.2946636196486599,0.2764637025128125,-7.04822581650819,-6.266725880466025,6.073840190529108,-3.5214904744684774,0.6278091397774975,-4.8365738621214405e-05,0.01107932232261847,0.019024566617907974,-0.002057975024177555,-0.0011507608841823736,0.027134445008323793,0.05758344105382428,0.009539212240104752,0.007946513970699476,-0.018176654655368118,-0.0002955664281419303,0.0019334756113995283,0.0005933024177980599,,,,,,,,,,,,,,,,,,,,,,,,,,,,,,,,,,,,,,,,,,,,,,,,,,,,,,,,,,,,,,,,,,,,,,,,,,1469430.54796349,14.200385501365236,-0.0048364569017800285,3.1294412283148443,Forecast
2031-08-01,0.4069295386714863,63.36165735632241,81.06308832143989,0.2801317667791161,0.27725674172755016,-6.869847037790436,-5.179492263317213,6.373563584417907,-3.6532609410668764,0.9753806839210093,0.0016090353019535542,0.010900701970257089,0.018933078689175153,-0.002070549032362632,0.0041697564385347,0.02906554455946965,0.05204501271284483,0.01845221931210339,0.008366031449708516,-0.018612250027052968,-0.0003912209943519089,0.0020627575901481865,0.00046134650003276244,,,,,,,,,,,,,,,,,,,,,,,,,,,,,,,,,,,,,,,,,,,,,,,,,,,,,,,,,,,,,,,,,,,,,,,,,,1471796.8167834436,14.20199453666719,0.16103304938317464,3.129047209171887,Forecast
2031-09-01,0.4640741826285027,62.20456325359649,80.75128195886593,0.2963015300436737,0.2750641549197621,-6.416852686096324,-6.062658269277742,6.163102002631929,-3.0097001997797928,0.3250269413941721,-0.00210259179584682,0.010797823973286207,0.018979986337610638,-0.002064165975036206,0.0033755566991777496,0.03023896071010768,0.05775287873479584,0.013927471898419516,0.008516952554126395,-0.01886688871371146,-0.00031067652240876134,0.0020952437078378436,0.0005557055669433811,,,,,,,,,,,,,,,,,,,,,,,,,,,,,,,,,,,,,,,,,,,,,,,,,,,,,,,,,,,,,,,,,,,,,,,,,,1468705.479919957,14.199891944871343,-0.2100382898124864,3.134186636545966,Forecast
2031-10-01,0.49952511239700287,65.32767757472035,85.5199715873131,0.2960319865798589,0.27951286463601094,-7.294461269032144,-5.700514930380189,6.925149706983184,-4.0989110526955725,-0.3690447926798971,-0.0006540109752677381,0.010824862266259878,0.019048045809536562,-0.002065581806790028,0.0011232667084174577,0.02593704698754868,0.061788658071063235,0.020108615300473046,0.009007412380389221,-0.01965163983890125,-0.00036119467306854644,0.0020882949801767745,0.000651955214861797,,,,,,,,,,,,,,,,,,,,,,,,,,,,,,,,,,,,,,,,,,,,,,,,,,,,,,,,,,,,,,,,,,,,,,,,,,1467745.2444531475,14.199237933896075,-0.0653797156705549,3.0147264649373007,Forecast
2031-11-01,0.5021486291118719,72.89609579264994,77.10934290795561,0.30975900238784976,0.2739409903949699,-7.073998745170615,-5.82568469974008,6.857938984941547,-3.586266082934609,0.20106483949557008,-0.0016687213210389018,0.010630664836917178,0.0190902179815553,-0.0020678057467628064,-0.00045136739190579454,0.022027692393223643,0.04857557795452736,0.02769401294162359,0.009076352058700459,-0.019753191302076614,-0.0009031863137076281,0.0017013048551825245,0.0004888084665342023,,,,,,,,,,,,,,,,,,,,,,,,,,,,,,,,,,,,,,,,,,,,,,,,,,,,,,,,,,,,,,,,,,,,,,,,,,1465298.0290979778,14.197569212575036,-0.16673297797544784,3.0518630053451012,Forecast
2031-12-01,0.4796447533547192,63.48782455711003,78.28025633676593,0.2850189907869937,0.2752883841011952,-7.216747174734824,-6.631793889705488,6.052716173247413,-3.0267088558526574,-0.11357252974029763,-0.004022544715553522,0.009498697933890488,0.01900757811680903,-0.0020675533772072695,0.002434946103057804,0.024859882621116873,0.023283305511810598,0.012639105873538834,0.009157321865056757,-0.020011921139468855,-0.0004015333756655185,0.002078745560455095,0.000509524279945337,,,,,,,,,,,,,,,,,,,,,,,,,,,,,,,,,,,,,,,,,,,,,,,,,,,,,,,,,,,,,,,,,,,,,,,,,,1459415.6412701963,14.193546667859483,-0.40144651197017156,3.0887260225094693,Forecast
2032-01-01,0.5570827331426419,60.17834573539698,90.5815262486708,0.30989885926742283,0.27482181576412906,-5.917715771904325,-5.385893911564291,6.742371558010848,-4.3695757945189,-0.13917533429308798,-0.005479136481881142,0.01047899707817418,0.019023846136625017,-0.0020702523436242934,-0.0008742010966831905,0.02604586009249194,0.045732050062684174,0.00021869829317479154,0.009231597032125621,-0.02016648627532145,-0.00022496960734633432,0.00238430262478929,0.0006735396045641045,,,,,,,,,,,,,,,,,,,,,,,,,,,,,,,,,,,,,,,,,,,,,,,,,,,,,,,,,,,,,,,,,,,,,,,,,,1451441.1703452496,14.188067531377602,-0.5464153390877802,3.0669486656711653,Forecast
2032-02-01,0.5803168480487467,68.1021011679765,81.4765349645306,0.29606412604851046,0.2812607519671693,-9.070415962000622,-5.9968169726354885,7.1951377390853475,-3.693527761614675,-0.38317714288873206,0.03966324403882027,0.011687956105232072,0.018965621494465845,-0.0020806543230871893,0.0009879241433998465,0.024095584746475315,0.06391557035106202,0.020952011714333366,0.009078294671948376,-0.02015254196478769,-0.0006367934018838034,0.0017561257132243451,0.0005468630744986283,,,,,,,,,,,,,,,,,,,,,,,,,,,,,,,,,,,,,,,,,,,,,,,,,,,,,,,,,,,,,,,,,,,,,,,,,,1510166.9648344244,14.227730775416422,4.0460333969447815,2.7634573805835005,Forecast
2032-03-01,0.6621174874926065,57.526830629226126,84.79750564836304,0.28319904222947034,0.2776325418548207,-8.340595224444675,-6.324667450932282,6.433245373717257,-3.755831964928507,-0.9993833172248416,-0.004374124575406313,0.00957492775783404,0.018981347956615057,-0.0020726541836188716,-0.003510122127720726,0.02508227376577144,0.05279597727027216,0.007422627900810094,0.009101019767535726,-0.020196553494628382,-0.0002439047233674976,0.002329642602349637,0.0006398224884879344,,,,,,,,,,,,,,,,,,,,,,,,,,,,,,,,,,,,,,,,,,,,,,,,,,,,,,,,,,,,,,,,,,,,,,,,,,1503575.7323457298,14.223356650841016,-0.436457202559537,2.5729770159402587,Forecast
2032-04-01,0.5161425471166481,58.21353684944369,78.74842325251716,0.28059478324486603,0.2756948697022759,-6.854092042995622,-6.400799573335533,6.503292965274295,-3.9873744702524028,-1.0361908972213414,0.0009092026739381254,0.010616109270435579,0.018997872876188492,-0.002072643678629882,0.0031433372790296583,0.02443148979811806,0.05010584356436747,0.01336607617649103,0.009041204311289365,-0.020130203924273674,-0.0005139760223508667,0.0024019421608602056,0.0006062896667576783,,,,,,,,,,,,,,,,,,,,,,,,,,,,,,,,,,,,,,,,,,,,,,,,,,,,,,,,,,,,,,,,,,,,,,,,,,1504943.4090755011,14.224265853514954,0.09096161239829925,2.7587884669848295,Forecast
2032-05-01,0.3876850413989803,60.98440411093024,84.4555700985005,0.32205540236494545,0.27615887256870814,-8.126348302529724,-6.123877524535013,6.445504178840429,-4.281851310801722,-0.5866987551771197,0.005685124080628157,0.00797122915624215,0.019024528797015595,-0.0020756502018033133,0.0022142298749664546,0.023961714523644297,0.06341199106364791,0.021548638173612213,0.00891653067487872,-0.020103995695904393,-0.00041550529097367716,0.0023947129833613305,0.0004525704306516708,,,,,,,,,,,,,,,,,,,,,,,,,,,,,,,,,,,,,,,,,,,,,,,,,,,,,,,,,,,,,,,,,,,,,,,,,,1513523.5656080144,14.229950977595582,0.5701315066580559,2.993776805556303,Forecast
2032-06-01,0.28025471686026066,62.08019499458903,81.8406922394766,0.29526436312812887,0.2777513686093458,-7.380522224126083,-5.986374993345615,6.493366773683118,-3.250150619162209,-0.5341657401449045,-0.001502956380136311,0.010609419150955956,0.018972257529591877,-0.002077344733975069,0.00048804420389692385,0.026770325451902933,0.05355051355471937,0.017281050686817675,0.008710708375132532,-0.02007736859503582,-0.0003896618958597453,0.002034432999044516,0.0006518472605313276,,,,,,,,,,,,,,,,,,,,,,,,,,,,,,,,,,,,,,,,,,,,,,,,,,,,,,,,,,,,,,,,,,,,,,,,,,1511250.5142849702,14.228448021215446,-0.15018275068158227,2.8410240551713484,Forecast
2032-07-01,0.4059942009308801,60.888584881205034,78.94462472539345,0.3091249096316797,0.28458182362773377,-7.939585083445908,-6.393400220711509,6.109672384453649,-4.507313956814097,-1.0599693911738048,0.0019290575291961432,0.010186209583992066,0.018972214395367972,-0.0020809297567412344,0.0020075397541045323,0.028578017140944344,0.03630194910425623,0.013888739615286395,0.008502047462687224,-0.019989277429004918,-0.00042677411455089393,0.0021571385838259596,0.0007163717398114109,,,,,,,,,,,,,,,,,,,,,,,,,,,,,,,,,,,,,,,,,,,,,,,,,,,,,,,,,,,,,,,,,,,,,,,,,,1514168.6171572926,14.230377078744642,0.19309193576704242,3.0445854862487964,Forecast
2032-08-01,0.5204134541011203,62.94820428865677,89.15714731923079,0.2754803674681354,0.2726335533947369,-6.692522309893179,-8.063758211070228,6.260849944093917,-5.298119618500799,-0.4444369528176664,0.002111726673319936,0.009389865099274003,0.019043193293686943,-0.002093524608563362,0.004901660236299928,0.028115803515914438,0.041175111496107225,0.00971148365020743,0.009002783462134966,-0.020427796778016632,-0.000284048349838183,0.002536560273108631,0.0007329370815171531,,,,,,,,,,,,,,,,,,,,,,,,,,,,,,,,,,,,,,,,,,,,,,,,,,,,,,,,,,,,,,,,,,,,,,,,,,1517369.505925642,14.232488805417962,0.2113957938422173,3.0963981320326406,Forecast
2032-09-01,0.5594575606337296,64.01336057116514,88.79775054906838,0.33096304104772184,0.2807921290440928,-8.992088319396853,-6.421319527166866,6.874412606473203,-3.8169390553609635,0.3694280858060799,-0.00469304621219635,0.010351957066472111,0.019052140946420874,-0.0020809609498679666,0.004120789269721016,0.030377372369503615,0.05933770847453501,-0.010487189431771609,0.009281240135187704,-0.020851105796809998,-0.0003418803045365907,0.0022506012265492564,0.000379815514621651,,,,,,,,,,,,,,,,,,,,,,,,,,,,,,,,,,,,,,,,,,,,,,,,,,,,,,,,,,,,,,,,,,,,,,,,,,1510265.1043950464,14.227795759205765,-0.46820510777708657,2.8296772255084424,Forecast
2032-10-01,0.512145017215393,66.79734531389754,83.96563500554329,0.3086328855753066,0.27984319633098975,-7.25542907365438,-7.20675438868052,7.347049254486565,-4.887201248883949,-1.5547514645929854,-9.628015686757863e-05,0.010948118495829903,0.019426217029162467,-0.002079681241313733,0.001076248665795713,0.024093509733662352,0.05331378914054561,0.020393567438329693,0.009596955925084336,-0.020981360255329772,-0.0005750104593591637,0.0021042964961999924,0.0006248061738674343,,,,,,,,,,,,,,,,,,,,,,,,,,,,,,,,,,,,,,,,,,,,,,,,,,,,,,,,,,,,,,,,,,,,,,,,,,1510119.7028336385,14.227699479048898,-0.009627552208202328,2.887044501805147,Forecast
2032-11-01,0.5718118631395924,63.32376629598785,88.33655656936995,0.2942659155227337,0.274482088506348,-7.249359383338012,-6.721155999212021,6.722143143690373,-3.9375907698352437,-0.5366301284931179,-0.001163462526164949,0.010549544559907044,0.018995247293291877,-0.0020803377291350876,0.0007306163673743704,0.027871401045545505,0.06881470083798155,0.012121761736987898,0.009672275662005243,-0.02144414284010972,-0.00034154653011883937,0.0025935914728715172,0.0006089606609726492,,,,,,,,,,,,,,,,,,,,,,,,,,,,,,,,,,,,,,,,,,,,,,,,,,,,,,,,,,,,,,,,,,,,,,,,,,1508363.7568361287,14.226536016522733,-0.11627859660495732,2.9390422209645495,Forecast
2032-12-01,0.6007649056064269,60.99226251545035,91.5882754290437,0.29364578653978535,0.2844527980097541,-9.204690261052692,-7.533638762817776,6.770119095698711,-3.5860511950893006,-0.9238428924780628,-0.004111524671316147,0.010839477217686152,0.018993312013538637,-0.0020816859810753314,0.002350965193558375,0.024988621172067557,0.04903884554739113,0.02723520906740303,0.009746480478111929,-0.021604469340089513,-0.00024182248681214085,0.002581144840235783,0.0005600476736664448,,,,,,,,,,,,,,,,,,,,,,,,,,,,,,,,,,,,,,,,,,,,,,,,,,,,,,,,,,,,,,,,,,,,,,,,,,1502174.8137511523,14.222424491851417,-0.4103083925828366,2.9298831170358586,Forecast
2033-01-01,0.4897050370214662,66.60117460037179,88.00500036766306,0.30688318196354397,0.28057942226689075,-8.102468953886326,-7.535600655219043,7.714517393369452,-4.145273983702866,-0.8038511463738274,-0.0020583064761012793,0.0101854242887329,0.019044693882135956,-0.002082274597740725,0.002555640001759897,0.044993135298899735,0.05732701960182915,0.018065340380977606,0.0097741728295434,-0.02186775920406463,-0.0006207497805017044,0.0022468333055095133,0.0006224304179648494,,,,,,,,,,,,,,,,,,,,,,,,,,,,,,,,,,,,,,,,,,,,,,,,,,,,,,,,,,,,,,,,,,,,,,,,,,1499086.0574977635,14.220366185375315,-0.2056189615957993,3.282591683766345,Forecast
2033-02-01,0.47490323645481913,60.04960069236385,86.68167969928889,0.3062940055473969,0.27628951329493795,-9.29377489390078,-6.058420146739066,6.670643522635839,-3.8505475426998066,-1.204290116853968,0.039091385900974274,0.01018261017445399,0.01899736411891778,-0.0020821156654457803,0.002658268991945082,0.023611571064168668,0.04794802568929918,0.009468246468459798,0.009759135160604173,-0.021802960442549896,-0.00035308447023358263,0.0024732767240617016,0.0006068818699232704,,,,,,,,,,,,,,,,,,,,,,,,,,,,,,,,,,,,,,,,,,,,,,,,,,,,,,,,,,,,,,,,,,,,,,,,,,1558847.8852470636,14.25945757127629,3.986550835450564,3.223545577821363,Forecast
2033-03-01,0.5102855882640125,57.17096796283796,85.79366122047743,0.2999500657928838,0.27064949895533547,-8.702474683858004,-7.057964408036915,6.499029437731244,-3.3036499391138587,-1.1086000727442211,0.007184283807873726,0.010475251438279723,0.01898943191864159,-0.002103208498879503,0.00015385562142152562,0.023103805492864664,0.05137425494140709,0.023340178175861523,0.009637823212966556,-0.021784691303000404,-0.00016026399167741218,0.002810396692622258,0.0006644315751449844,,,,,,,,,,,,,,,,,,,,,,,,,,,,,,,,,,,,,,,,,,,,,,,,,,,,,,,,,,,,,,,,,,,,,,,,,,1570087.4165162414,14.266641855084163,0.721015268747438,4.423567282955987,Forecast
2033-04-01,0.5089121850421237,67.17136550496747,87.44179307004869,0.2976923062603317,0.2793994431691631,-8.90333889630777,-7.09531339129484,6.821801500990302,-3.9863336137341228,-0.9752086476414658,-0.0002357972552999854,0.010406025334381752,0.018985797302966633,-0.002083016571722309,0.003043394266642574,0.026576241872579724,0.0398477334777195,0.02413732703779035,0.009573546721409469,-0.02173766456394796,-0.00034076135602022667,0.0023659875676081544,0.0006093538611092071,,,,,,,,,,,,,,,,,,,,,,,,,,,,,,,,,,,,,,,,,,,,,,,,,,,,,,,,,,,,,,,,,,,,,,,,,,1569717.2378581166,14.266406057828863,-0.02357694573121849,4.304070730633414,Forecast
2033-05-01,0.5282302405065891,66.95966348927382,83.78655059687563,0.3046370829707386,0.2781786935855505,-10.291254629030515,-6.498296210472496,6.848660023033209,-4.35719723150915,-1.1608799701742727,0.0047934758476912975,0.011757385473542046,0.019043154545289986,-0.002074860579982905,0.0018922921075138807,0.026497522202959246,0.053213002209216154,0.01222453885702173,0.009675855091799749,-0.02176606363875149,-0.00045875290129776726,0.002223767105213969,0.0005150530820407346,,,,,,,,,,,,,,,,,,,,,,,,,,,,,,,,,,,,,,,,,,,,,,,,,,,,,,,,,,,,,,,,,,,,,,,,,,1577259.7023941004,14.271199533676555,0.4804982932006041,4.2111096407330795,Forecast
2033-06-01,0.5672553603532361,60.14668003886959,84.14606730439867,0.27521859570559504,0.2740502823252848,-8.449141989864948,-7.0714630012022965,6.468887523750456,-3.5537245154681245,-1.8672820905725722,0.00020566926104947925,0.01050868230198729,0.019022871952943513,-0.0020839423876816486,0.00478386349198114,0.028401072351924014,0.05651203890067087,0.024552744343647282,0.009497016252589951,-0.021657093396678585,-0.000221694877744815,0.0024182495470379934,0.0005943392734523492,,,,,,,,,,,,,,,,,,,,,,,,,,,,,,,,,,,,,,,,,,,,,,,,,,,,,,,,,,,,,,,,,,,,,,,,,,1577584.1295927824,14.271405202937604,0.020569041242191055,4.389319618474841,Forecast
2033-07-01,0.4897646689823746,61.49108545371033,86.93015398592344,0.2927293640031158,0.27410440139376596,-8.77689319189889,-5.700538682712596,7.172462017435591,-3.5842512697798443,-1.2778030987711013,-0.00011696194997057319,0.010211887572449747,0.018991261360087018,-0.0020848443229032846,0.003371783577035876,0.026376460874356307,0.05593472786259931,0.009432858547203608,0.00925340020273462,-0.021625448935670085,-0.0003484620958122727,0.0025526847617336097,0.000576838254249412,,,,,,,,,,,,,,,,,,,,,,,,,,,,,,,,,,,,,,,,,,,,,,,,,,,,,,,,,,,,,,,,,,,,,,,,,,1577399.6230670745,14.271288240987634,-0.011695511018838811,4.175955385239205,Forecast
2033-08-01,0.4913199517899439,59.673952668656455,83.53383212114059,0.27644805364919495,0.2821230200109961,-7.792585503678151,-7.079183988245452,7.543625593935162,-3.5163477434119477,-1.8470782992606618,0.00104726932477206,0.010380336537790063,0.019200468377396203,-0.002085260395675273,0.0009591064289809537,0.02517798398051638,0.07579491104070626,0.015524890410931563,0.009579045578867781,-0.021845326200144632,-0.00022012450064766643,0.0026193310610184034,0.0005327798481013884,,,,,,,,,,,,,,,,,,,,,,,,,,,,,,,,,,,,,,,,,,,,,,,,,,,,,,,,,,,,,,,,,,,,,,,,,,1579052.4506319587,14.272335510312406,0.10478179027775258,4.065123522347847,Forecast
2033-09-01,0.48610821036243984,64.01877614630408,84.26176365107683,0.30542172374609156,0.2705216294718623,-8.639364319588411,-6.891379079969253,6.834803616308187,-5.188306686928572,-0.9056687906698058,-0.0014985750894993544,0.010168837259115727,0.018992942027911366,-0.002086000952529105,0.000668816108335583,0.02835507686863096,0.07458621319997454,0.018997944450562236,0.009844873387387296,-0.022413088335213417,-0.0002838877753753309,0.0022029102470078493,0.0005777776438615701,,,,,,,,,,,,,,,,,,,,,,,,,,,,,,,,,,,,,,,,,,,,,,,,,,,,,,,,,,,,,,,,,,,,,,,,,,1576687.8941396696,14.270836935222906,-0.14974527865383447,4.398088094025687,Forecast
2033-10-01,0.46253355885830666,68.97247157326605,85.32166775738203,0.28914975368870466,0.2800279840173092,-7.361856004374241,-6.429509211654904,7.2854788858506545,-5.63526105593485,-2.1400898499657037,-0.0010143750114366412,0.010504416986528195,0.019001722507329812,-0.0020856344988319673,-0.00048490264122762194,0.02377232949245664,0.05023153658713152,0.020721502481533354,0.010090611767709163,-0.022457465845066357,-0.0007343024669930806,0.002304317162860313,0.0006334420150452435,,,,,,,,,,,,,,,,,,,,,,,,,,,,,,,,,,,,,,,,,,,,,,,,,,,,,,,,,,,,,,,,,,,,,,,,,,1575089.3522365696,14.26982256021147,-0.10138607070184769,4.302284731536177,Forecast
2033-11-01,0.5196536126207594,65.30143161949835,89.77554836130098,0.27778005134688705,0.27813841382538196,-9.127409090275334,-6.279916118320541,7.575660227462695,-5.341874455728801,-0.7780510777890804,-0.0013510969001799822,0.009974952097755297,0.019052854434602688,-0.0020854211125893793,0.00042412343152326394,0.02637365398335271,0.040099964633115937,0.019254540446764327,0.010172332496632268,-0.0228910251242556,-0.00037620287889631907,0.002498863085245869,0.0007492207947542163,,,,,,,,,,,,,,,,,,,,,,,,,,,,,,,,,,,,,,,,,,,,,,,,,,,,,,,,,,,,,,,,,,,,,,,,,,1572962.6908815503,14.26847146331129,-0.13501845796871637,4.282715873584841,Forecast
2033-12-01,0.395765342185463,66.46171827190344,81.73674475340786,0.2878141921286831,0.2810922967295387,-9.29173727293149,-7.718705206330419,7.404774001427007,-4.554354199734835,-1.120563789214038,-0.005247669294476509,0.010359522841036863,0.01900884653243783,-0.002085444317460949,-0.0022964884323653165,0.025498497485210082,0.05762128303080348,0.010966296127058149,0.01024529796656784,-0.023028998477665263,-0.000576062238986502,0.0023183623058859763,0.0005962972549942575,,,,,,,,,,,,,,,,,,,,,,,,,,,,,,,,,,,,,,,,,,,,,,,,,,,,,,,,,,,,,,,,,,,,,,,,,,1564729.9231812325,14.263223794016813,-0.5233924331481621,4.164302906521966,Forecast
2034-01-01,0.5674396792529318,65.6823160269881,88.58054314175365,0.29988775480050495,0.277911072310126,-9.527441709154996,-7.686959832298299,7.6180462659416674,-5.033424292991151,-1.2368416086219707,-0.00010283093433827162,0.007321903521831406,0.019007230982975104,-0.0020860365693135866,0.001702336232490103,0.029105738777532114,0.06249784019550235,0.023406640271238108,0.010315192428002485,-0.023255537043355673,-0.0004926242840778336,0.002345944609686559,0.0006145868514656097,,,,,,,,,,,,,,,,,,,,,,,,,,,,,,,,,,,,,,,,,,,,,,,,,,,,,,,,,,,,,,,,,,,,,,,,,,1564569.0288138455,14.263120963082475,-0.010282564741903588,4.368192939195525,Forecast
2034-02-01,0.6445772751011155,62.789227565649185,88.70061766189635,0.2952546369462226,0.28034834706692313,-9.724345726325465,-6.667383845335061,7.631462730731137,-5.291088981648027,-2.6317885086879027,0.040926676243543625,0.009358123515993246,0.019005992916580082,-0.0020942303168121654,0.0005067746806080484,0.026218760905676274,0.05114718887088099,0.01273329471822843,0.010227414573693,-0.023180811234437618,-0.0003528115720041833,0.002505417428667428,0.0005887833588581113,,,,,,,,,,,,,,,,,,,,,,,,,,,,,,,,,,,,,,,,,,,,,,,,,,,,,,,,,,,,,,,,,,,,,,,,,,1629930.0199674629,14.304047639326019,4.177571583605344,4.559914754551775,Forecast
2034-03-01,0.549033025362717,66.59895940605531,88.96118355707418,0.28301802053945485,0.27612069951430224,-11.058772220788718,-7.033920237638915,7.314317893004666,-4.911866435882159,-1.765728503723161,-0.0003202516818419099,0.009943268735951163,0.01876486002746817,-0.0021578460527532494,0.0006417960521833883,0.030397463999543014,0.05315796590454659,0.009056903394531059,0.010034087119001635,-0.023195477039515012,-0.0004685098062585862,0.002346266757664904,0.0006387928477781622,,,,,,,,,,,,,,,,,,,,,,,,,,,,,,,,,,,,,,,,,,,,,,,,,,,,,,,,,,,,,,,,,,,,,,,,,,1629408.115712102,14.303727387644177,-0.03202004067458519,3.778178117463238,Forecast
2034-04-01,0.5300447077927506,65.40005636778156,83.1522253167534,0.2761563525646606,0.2789488835002108,-9.627050477348908,-6.820123120956293,8.160074620843965,-6.153480883969458,-0.893402986696825,-0.00027976857381872833,0.010095793485989102,0.018968593763588656,-0.0020866729073339427,0.00014492952184676526,0.027005411445863492,0.07354474755628913,0.008999941709562788,0.01017229897872427,-0.023233775677341587,-0.0005952326674177125,0.0022853657197507726,0.0007431753914942888,,,,,,,,,,,,,,,,,,,,,,,,,,,,,,,,,,,,,,,,,,,,,,,,,,,,,,,,,,,,,,,,,,,,,,,,,,1628952.3222887116,14.303447619070358,-0.027972944224063934,3.773614954462845,Forecast
2034-05-01,0.5423877023693394,67.7791491842446,80.22572974879168,0.29870128825894615,0.28129632426439466,-11.08413354124437,-8.494903788719126,8.192169003089036,-5.265100550556496,-1.9362954888392272,0.002884176094084978,0.009533871706314008,0.019172788489959347,-0.0020867169128817847,0.0007091010075780217,0.024108593160644204,0.05715358189623492,0.03049476595589342,0.009787772098694403,-0.02314543144047258,-0.0006944761390381617,0.002309685082643052,0.0007411128867180096,,,,,,,,,,,,,,,,,,,,,,,,,,,,,,,,,,,,,,,,,,,,,,,,,,,,,,,,,,,,,,,,,,,,,,,,,,1633657.2893503113,14.306331795164443,0.2888339331496903,3.575669046169483,Forecast
2034-06-01,0.4908001907645309,61.12424023708059,88.28327459071461,0.2904225875537117,0.27987150752067336,-9.348667571846603,-6.672574355849841,8.142657924805649,-4.610494399956462,-2.224185224323334,-0.002211526269093156,0.010049379495438326,0.019043601178635832,-0.0020906785445765474,0.000941607893055076,0.028222477849343373,0.06622620678556372,0.007411842759234751,0.00991226385125229,-0.02323254361189534,-0.0002819008686693232,0.002601544227611765,0.0006874223794111216,,,,,,,,,,,,,,,,,,,,,,,,,,,,,,,,,,,,,,,,,,,,,,,,,,,,,,,,,,,,,,,,,,,,,,,,,,1630048.405381942,14.30412026889535,-0.22090826465840374,3.325608745994546,Forecast
2034-07-01,0.5069125923837641,56.60318998722833,87.03604657339855,0.2944870299845417,0.2808636079459236,-10.565812315340587,-8.140727025834378,8.117035897933112,-5.037416136891058,-2.0408933418556416,0.0009299408993683755,0.009945428798217828,0.019017359846186466,-0.0020875927479168813,-0.00036975199451494824,0.02592673348111445,0.051817299436010364,0.024940960225920576,0.009640676594114378,-0.02306736484860223,-0.0002688150108511894,0.002626197832628209,0.0006915513619870717,,,,,,,,,,,,,,,,,,,,,,,,,,,,,,,,,,,,,,,,,,,,,,,,,,,,,,,,,,,,,,,,,,,,,,,,,,1631564.9591054318,14.305050209794718,0.09303734284715759,3.433837262686734,Forecast
2034-08-01,0.48740730753184125,66.39555181437255,89.91338830423753,0.295889463842167,0.2754443013729676,-10.349736312253656,-7.59361121199489,7.142949889435924,-4.94882519754672,-1.7389313374092756,2.23832466872409e-05,0.008352607954841319,0.01900924367692218,-0.002087278923169573,0.004188052140099442,0.028480677851989055,0.05993940312055143,0.0040538237154227035,0.009977551649579537,-0.023392726494374017,-0.0004273805643024203,0.002771806139460021,0.0006285784254248123,,,,,,,,,,,,,,,,,,,,,,,,,,,,,,,,,,,,,,,,,,,,,,,,,,,,,,,,,,,,,,,,,,,,,,,,,,1631601.4792351157,14.305072593041405,0.002238349719396737,3.3278836673301226,Forecast
2034-09-01,0.5205179831899538,63.90204637055353,83.99107954416206,0.3034737504651872,0.2770132327249017,-10.34426454508335,-7.925903407782417,8.194931047471455,-4.482799152074316,-2.2305587884100433,-0.0019244893919676542,0.009406422932509966,0.0191706577203306,-0.002087910916575467,0.0009542692590281798,0.025052272035266575,0.05740346346125661,0.01779453269963449,0.01030154639378759,-0.023884065628516686,-0.0005740805334624906,0.0023120938770929173,0.0006254447049772382,,,,,,,,,,,,,,,,,,,,,,,,,,,,,,,,,,,,,,,,,,,,,,,,,,,,,,,,,,,,,,,,,,,,,,,,,,1628464.4990071869,14.303148103649438,-0.19226387496286135,3.2838842144957026,Forecast
2034-10-01,0.43218312882097526,61.63780631039091,89.1848403547596,0.3089735777841604,0.2771507398593523,-10.008907688950002,-8.350342098828563,8.079609424627218,-5.545022264589644,-1.0955335385948053,0.00028307142201811075,0.009197423253811383,0.01899294718664118,-0.002087542615634755,0.0017364454736914711,0.026215304814109185,0.05468044255239491,0.016161774821615207,0.010498005573116467,-0.02405043638001583,-0.00033757276862009787,0.002788421880599375,0.0007382890259069982,,,,,,,,,,,,,,,,,,,,,,,,,,,,,,,,,,,,,,,,,,,,,,,,,,,,,,,,,,,,,,,,,,,,,,,,,,1628925.5360187495,14.303431175071456,0.02831114905137433,3.417976491665975,Forecast
2034-11-01,0.4362978561171859,61.810475038715175,90.32549802132708,0.30012162917211344,0.27850725496851364,-9.964237227584194,-8.757268048372982,7.298700435315717,-5.999884520919103,-1.8450334327605518,0.00014756398741155863,0.009378164489148376,0.01899447678261891,-0.002087627506791921,0.0024481960435083277,0.025734886086356053,0.07125761464855207,0.02749126938859244,0.010683369588058664,-0.02434044605874876,-0.0004469428533809841,0.002517003477139678,0.0007090519914313756,,,,,,,,,,,,,,,,,,,,,,,,,,,,,,,,,,,,,,,,,,,,,,,,,,,,,,,,,,,,,,,,,,,,,,,,,,1629165.9245019462,14.303578739058867,0.014757487551220194,3.5730811637304294,Forecast
2034-12-01,0.46681053240066517,71.655961936351,86.18866371609309,0.29415130040256854,0.28536590774268283,-9.201907120303968,-8.929991344091365,7.784118671851263,-4.783959119388693,-2.0855682923909473,-0.004390548914670944,0.009158926020671802,0.019012472399865865,-0.002072443458462275,6.0168844113070875e-05,0.025180450696910495,0.04831968717764626,0.007821540733954389,0.010715820475817435,-0.024325624222583664,-0.0007644494302055047,0.0023608312043269285,0.0006414514298181356,,,,,,,,,,,,,,,,,,,,,,,,,,,,,,,,,,,,,,,,,,,,,,,,,,,,,,,,,,,,,,,,,,,,,,,,,,1622028.6715148343,14.299188190144196,-0.43809245453583223,3.6618938185261074,Forecast
2035-01-01,0.46885694511083287,60.39562666265103,88.05874216946239,0.2985528531112095,0.27815250324927376,-10.351064268976875,-7.827987069707487,7.993399728434115,-4.817428232118808,-2.500502623379522,-0.0016914429143071175,0.009031238149230906,0.01900800699179649,-0.0019643852809693827,-0.0002653506739375951,0.024938905874704254,0.06347901338289993,0.0052509817097730165,0.010774530157001676,-0.024429284986634117,-0.0003853631418244836,0.0026568165062069707,0.0006809611013959154,,,,,,,,,,,,,,,,,,,,,,,,,,,,,,,,,,,,,,,,,,,,,,,,,,,,,,,,,,,,,,,,,,,,,,,,,,1619287.4215990256,14.29749674722989,-0.16900132309305427,3.4973460280409707,Forecast
2035-02-01,0.43932941006129067,59.633555774150494,87.94150815878261,0.2939345845239372,0.2749006800969958,-9.681102851878522,-8.864770104989727,8.55402564170975,-5.242512028654571,-1.561103259169938,0.040693409740924835,0.009622801163782778,0.019053067845166076,-0.0020889524596870296,0.002395919026136396,0.023776037140880675,0.05755616715662502,0.012397046711392926,0.010786503849725385,-0.024479955125847608,-0.0004744427915358058,0.0026289930379896275,0.000675293776856284,,,,,,,,,,,,,,,,,,,,,,,,,,,,,,,,,,,,,,,,,,,,,,,,,,,,,,,,,,,,,,,,,,,,,,,,,,1686540.8534055825,14.338190156970814,4.153273279931047,3.473206379697813,Forecast
2035-03-01,0.5048548643590227,62.940661864177144,83.72694087546927,0.27717196138478595,0.2819444793737669,-8.201789823111351,-8.630017355094349,8.205009393764119,-5.739418992226911,-1.5988717411842324,-0.0003690926532726735,0.011341896097944455,0.019031981852726136,-0.002108410729344604,0.0018347845235454664,0.024023301732762212,0.06472141050968691,0.0277459344269416,0.01057382602320752,-0.024313411546613838,-0.0005945140842103628,0.002614175547907485,0.0007238850854159101,,,,,,,,,,,,,,,,,,,,,,,,,,,,,,,,,,,,,,,,,,,,,,,,,,,,,,,,,,,,,,,,,,,,,,,,,,1685918.478431227,14.337821064317541,-0.036902454695886266,3.4681527711937443,Forecast
2035-04-01,0.4621156704923749,66.77866045089345,88.70699047104563,0.31218693535424463,0.2854733063393431,-9.911398683194358,-8.191131879578295,7.669583602812075,-5.7266852693040144,-2.372494769979091,-0.002099095145240426,0.008905217889761011,0.01896218689549213,-0.0020884927653494053,0.003026381040967018,0.027164405288806846,0.05879661196010792,0.005865394310350803,0.010569150021119486,-0.024471893389024203,-0.0005307286150034334,0.002524670031654487,0.0005717845841588783,,,,,,,,,,,,,,,,,,,,,,,,,,,,,,,,,,,,,,,,,,,,,,,,,,,,,,,,,,,,,,,,,,,,,,,,,,1682383.2867877525,14.335721969172301,-0.20968935857230697,3.2800815449263387,Forecast
2035-05-01,0.5015486325737293,70.64651008645583,92.6071740149219,0.309677637354907,0.2744503866123475,-10.279848539022648,-9.640941483705399,8.644244945285493,-6.552516692737547,-3.146797618857873,0.002696871990337968,0.009482172797705893,0.01903691190852664,-0.002088136496107917,0.0007967099022359657,0.026674787670814954,0.06947072757659925,-0.008869297672628543,0.010465001938624022,-0.024368323995715938,-0.0006108220445086797,0.0022704327088820166,0.0007163984800557961,,,,,,,,,,,,,,,,,,,,,,,,,,,,,,,,,,,,,,,,,,,,,,,,,,,,,,,,,,,,,,,,,,,,,,,,,,1686926.5827410428,14.338418841162639,0.27005118209211254,3.2607385733831817,Forecast
2035-06-01,0.5199447125636946,64.91071704478384,87.01769031818365,0.3235378134310625,0.2881524765812393,-10.805832241772084,-7.684590327719386,8.08236216104003,-5.096671131607399,-1.8023290476648741,-0.0003217275079805404,0.008998834311958385,0.019006662340749138,-0.0020902870520814716,0.0010221426964447365,0.02508375437446474,0.05338520572890945,0.013957417192851405,0.010343363177065941,-0.02439341745823877,-0.0004707448932766019,0.002459859151376984,0.0008142811710508093,,,,,,,,,,,,,,,,,,,,,,,,,,,,,,,,,,,,,,,,,,,,,,,,,,,,,,,,,,,,,,,,,,,,,,,,,,1686383.9393517647,14.338097113654658,-0.03216757592356956,3.4560650949885474,Forecast
2035-07-01,0.4831492463408616,58.132089307635766,81.87904136345539,0.32720785198636315,0.28159260983470974,-10.435580109313742,-9.618530603841709,7.974020371671135,-5.150568086232577,-2.1653528096910133,-0.004450464621186256,0.009061341605402973,0.019078089697178134,-0.0020892508789755308,-0.0033651910942861505,0.027028296428032637,0.07266011596083849,0.02169877270962007,0.010199117580224891,-0.02433077880947242,-0.0005223045077241855,0.002455455300128985,0.0006692030999260309,,,,,,,,,,,,,,,,,,,,,,,,,,,,,,,,,,,,,,,,,,,,,,,,,,,,,,,,,,,,,,,,,,,,,,,,,,1678895.423339919,14.333646649033472,-0.4440575978637673,2.9009242917571454,Forecast
2035-08-01,0.5313952280928343,69.53051125292798,84.4946237898489,0.2832392642468767,0.2842619555920802,-10.905959025383881,-8.223246203297464,7.9586316758296185,-6.684821350059924,-1.8507798521106105,0.0021717939525842667,0.009123636348860318,0.01900757811680903,-0.00213413873098453,0.0032576834795786155,0.02621354000712124,0.06177554643354872,0.004717883579510172,0.01055488712627521,-0.024610530776087203,-0.000679100682198357,0.0024553084876512083,0.0007128290741201996,,,,,,,,,,,,,,,,,,,,,,,,,,,,,,,,,,,,,,,,,,,,,,,,,,,,,,,,,,,,,,,,,,,,,,,,,,1682545.6005490152,14.335818442986056,0.21741540052773178,3.122338509878153,Forecast
2035-09-01,0.5135513738767382,62.51127191102835,80.68497919105106,0.2940663192234645,0.2861742704100313,-10.188596591154067,-8.226185073013173,7.501425216012792,-5.324067379590555,-1.016990325081238,-0.0018009451450780034,0.008395006359384399,0.01902151885266237,-0.0020888327084723633,0.0022864792522222597,0.026595300190045003,0.05047378801809949,0.020693757362822064,0.01076988098971473,-0.02490200086765823,-0.0006247354434143317,0.0024403143507217206,0.0007569653142182509,,,,,,,,,,,,,,,,,,,,,,,,,,,,,,,,,,,,,,,,,,,,,,,,,,,,,,,,,,,,,,,,,,,,,,,,,,1679518.1551681333,14.334017497840978,-0.1799324416464021,3.13507946854672,Forecast
2035-10-01,0.5140348320583455,59.609596905738556,91.76021816420969,0.3304732434049641,0.2842185420654407,-10.414396109965123,-8.00180509442607,8.152113763791887,-5.715652567374319,-2.1524146098444965,0.00014164469030220062,0.008418975473490947,0.019042586443580648,-0.00208895221472582,0.0017374387969942237,0.027171233961503526,0.06890976457113812,0.004350013038503171,0.010975941158181528,-0.025242039660800464,-0.0002698075583684291,0.0028364670361965692,0.0008110025704858016,,,,,,,,,,,,,,,,,,,,,,,,,,,,,,,,,,,,,,,,,,,,,,,,,,,,,,,,,,,,,,,,,,,,,,,,,,1679756.0668461444,14.33415914253128,0.014165472238514276,3.1204944427128067,Forecast
2035-11-01,0.5221940222623014,58.781347909992185,89.74547761145055,0.2979061609086344,0.2795894428971816,-11.832200576971225,-8.264825331383351,8.32133981724771,-6.555499102856524,-2.3401872855012007,0.000711211992893368,0.00833508174326024,0.01905190859375114,-0.002092067264094302,0.0010413290616925976,0.02691222689854056,0.060622268902067046,0.012056493860455215,0.011044110731093001,-0.025166437256958708,-0.00020525248925021375,0.0029255429754965864,0.000712241918613115,,,,,,,,,,,,,,,,,,,,,,,,,,,,,,,,,,,,,,,,,,,,,,,,,,,,,,,,,,,,,,,,,,,,,,,,,,1680951.1544359587,14.334870354524174,0.07114649641113413,3.1786344874506156,Forecast
2035-12-01,0.4054265360605067,65.49753272836166,85.49758295944112,0.3016995094096034,0.2853431772251987,-10.52046996071179,-7.121359478753281,8.058637603313741,-6.791742976995446,-2.779513527184466,-0.007237228564918041,0.008753592396959243,0.01899653466185739,-0.002089102124100398,-0.0028004280114265825,0.027234913580751308,0.04803322654604618,0.019734834812774785,0.011142261960042825,-0.025474080764615915,-0.0005402342208894488,0.0025911751999389337,0.0006074567021258061,,,,,,,,,,,,,,,,,,,,,,,,,,,,,,,,,,,,,,,,,,,,,,,,,,,,,,,,,,,,,,,,,,,,,,,,,,1668829.6427081104,14.327633125959256,-0.7211102890087084,2.885335630323227,Forecast
2036-01-01,0.3963007649706263,63.31187278992423,82.6255442592356,0.279173437703143,0.2815026557125086,-10.12892704780059,-8.508521697889805,8.573976441313992,-6.0265596596436,-2.5613620380846354,-0.0018099263543263078,0.008389226202951707,0.019016207418099104,-0.0020891306084926107,1.225589869974968e-05,0.02586322740775509,0.06706261472584658,0.002917801646009976,0.010799490851093678,-0.02558154016168247,-0.0005301137151997499,0.0025462030321825053,0.0007457270763127167,,,,,,,,,,,,,,,,,,,,,,,,,,,,,,,,,,,,,,,,,,,,,,,,,,,,,,,,,,,,,,,,,,,,,,,,,,1665811.9157124993,14.32582319960493,-0.18082894253448334,2.8731461439706285,Forecast
2036-02-01,0.4665671434720877,63.72860824498754,84.36987100715973,0.3005009871295685,0.28489912836267406,-10.9167956728721,-7.834214013245893,7.962850301535125,-6.360607059132323,-2.1470333067143006,0.04028089717030525,0.008620623649319146,0.018994406607889917,-0.002108908120361341,0.0024183672278192325,0.025571029171599435,0.07216846387213713,0.014751262792010014,0.011120220735040893,-0.025582293874680074,-0.0005443399924157515,0.0027535713422781774,0.0007335038834716494,,,,,,,,,,,,,,,,,,,,,,,,,,,,,,,,,,,,,,,,,,,,,,,,,,,,,,,,,,,,,,,,,,,,,,,,,,1734282.0761655234,14.366104096775235,4.110317605918801,2.830718429591461,Forecast
2036-03-01,0.45919584632793414,67.04719574294818,85.11024605198523,0.3232203676128277,0.2853560574955716,-11.077094394912708,-8.89456978221572,8.229686255959233,-4.929469548313225,-2.2054761868952113,-0.006256483029574156,0.008963897559690136,0.019016318450436713,-0.0020896916953512166,-0.0027730632426444003,0.024784390929893645,0.07457023610603253,0.023607202630837903,0.011111300668882265,-0.025584757357902017,-0.0005716422057100857,0.002448208637256703,0.0006612953132907422,,,,,,,,,,,,,,,,,,,,,,,,,,,,,,,,,,,,,,,,,,,,,,,,,,,,,,,,,,,,,,,,,,,,,,,,,,1723465.442114646,14.35984761374566,-0.6236951992718898,2.2270924818593274,Forecast
2036-04-01,0.350368419114382,59.742635701495445,87.43517754352806,0.3150279081572559,0.2755670500167286,-11.298659846044707,-8.176656456775447,8.258447056982071,-5.275794165694566,-1.1314244883872648,0.0007114678155630827,0.008433516246332373,0.019026666900326037,-0.0021261427718984685,0.002345390918187034,0.026602062501923436,0.05920366246673738,0.017413857368337643,0.011334268482728458,-0.025472011785589797,-0.00036172582996481706,0.002564909846880863,0.000702635609981414,,,,,,,,,,,,,,,,,,,,,,,,,,,,,,,,,,,,,,,,,,,,,,,,,,,,,,,,,,,,,,,,,,,,,,,,,,1724692.06860884,14.360559081561224,0.0711720968822549,2.514812299512892,Forecast
2036-05-01,0.49100153889245945,67.30416903438027,87.83124983560167,0.290786334350282,0.2837405981873071,-12.053770810483702,-7.657948582200701,8.452583602421065,-5.916536206175684,-2.087231623459696,0.003162797074764967,0.0074054095696032066,0.018972347959480742,-0.0020884974424026296,0.001135550824247739,0.027688898785311812,0.06528923800175669,0.007027550568443195,0.010887592829951213,-0.025560428502666488,-0.0006819498855763816,0.002580045219606895,0.0007050383362103969,,,,,,,,,,,,,,,,,,,,,,,,,,,,,,,,,,,,,,,,,,,,,,,,,,,,,,,,,,,,,,,,,,,,,,,,,,1730155.5550333469,14.363721878635989,0.316780399466543,2.56258765109163,Forecast
2036-06-01,0.4404675513251327,60.6767734393935,92.37291913060479,0.29345173773443717,0.27957913690892516,-10.20882500730997,-8.694444893332,7.740630127669785,-5.865914189235225,-2.413519688024585,-0.0016221818514168262,0.008739329129647562,0.019007104136427068,-0.0020908080445124436,-2.767786921992286e-06,0.028205886069870276,0.06470467820752401,0.02633684657995396,0.010837082348903461,-0.025502487457843316,-0.00032730594095546585,0.0029772825770702773,0.0007858034147796362,,,,,,,,,,,,,,,,,,,,,,,,,,,,,,,,,,,,,,,,,,,,,,,,,,,,,,,,,,,,,,,,,,,,,,,,,,1727351.2032910592,14.362099696784572,-0.1620866825603806,2.4292963768999254,Forecast
2036-07-01,0.5537672575313487,70.10684038011638,85.09821417633864,0.28402098404849885,0.28093227616036187,-10.940777229822901,-8.483009196159808,8.217346017553664,-5.3742390835410445,-2.7386157874091808,-0.0033786070998758078,0.008559663072225436,0.019004846677409752,-0.002088586896611713,0.0007063682880064424,0.025993361274267678,0.07703764606190544,0.018851282652849112,0.010745858181372353,-0.025433476758078916,-0.000819481826657834,0.00236522573349931,0.0007084809345145758,,,,,,,,,,,,,,,,,,,,,,,,,,,,,,,,,,,,,,,,,,,,,,,,,,,,,,,,,,,,,,,,,,,,,,,,,,1721525.010002804,14.358721089684696,-0.3372906029274647,2.539144849062702,Forecast
2036-08-01,0.4414687751444123,64.50766604512053,82.70076316264104,0.2876865616736019,0.2811758137367222,-10.667473492974818,-8.32021311759487,9.252564885505427,-5.974497446272046,-2.4703013123591977,-0.002026736969128251,0.008245497788569374,0.019114268355705063,-0.0020894343345798294,0.0004325449468133369,0.02563423696473627,0.05789477995577556,-0.002991867712285979,0.010634486542026223,-0.02583959444979296,-0.0004944196921856681,0.002728289640877047,0.000710697932205962,,,,,,,,,,,,,,,,,,,,,,,,,,,,,,,,,,,,,,,,,,,,,,,,,,,,,,,,,,,,,,,,,,,,,,,,,,1718039.4649563741,14.356694352715568,-0.20246845245798228,2.1095335779177216,Forecast
2036-09-01,0.4816462431664547,59.206331556870495,83.69450419002686,0.27457628467093065,0.28109410431823645,-10.043603041809162,-9.26582531283606,8.349301248425226,-6.113043315068675,-2.9904144324959705,0.0003978123713750392,0.008535312986486208,0.018493461874078965,-0.00208877104101292,0.0023779586467607104,0.02511095152364628,0.06055977590077794,0.020428013323670557,0.011142828666420556,-0.026092356658274973,-0.0005269124238701003,0.0027343911991521315,0.0007892410197739196,,,,,,,,,,,,,,,,,,,,,,,,,,,,,,,,,,,,,,,,,,,,,,,,,,,,,,,,,,,,,,,,,,,,,,,,,,1718723.0582719683,14.357092165086943,0.03978915092102131,2.3342946894140626,Forecast
2036-10-01,0.531518732693551,55.3261756753559,87.71230798396864,0.2976445276372385,0.2870319854962684,-10.39793073808788,-10.071328610444253,8.51821959954626,-7.02652116976701,-2.3752952049189497,0.0003979549219366163,0.00825402285433875,0.018986190313512934,-0.002087490114666724,0.002613387048326273,0.028666565024194506,0.05758419893967859,0.008095526348350694,0.01136347274897666,-0.026262994005336843,-0.0002730055241784011,0.0029558718783803794,0.0007840416403708139,,,,,,,,,,,,,,,,,,,,,,,,,,,,,,,,,,,,,,,,,,,,,,,,,,,,,,,,,,,,,,,,,,,,,,,,,,1719407.1686859783,14.35749012000888,0.03980341165015222,2.3605273778996683,Forecast
2036-11-01,0.4760955375866994,65.28670326755514,85.14361371238112,0.31801386590294556,0.274874770777428,-11.362916818350683,-8.60867407057346,8.473852592423992,-4.389317132119066,-2.1860475832149984,-0.0016242503188550472,0.008314110112172087,0.019040832894961703,-0.002088395707446355,0.0037282710861430753,0.02631303700631506,0.05162756592603374,0.014672550343110824,0.01142947364406618,-0.026308072522099414,-0.0006380212335685297,0.00240850139097454,0.0007257099630237973,,,,,,,,,,,,,,,,,,,,,,,,,,,,,,,,,,,,,,,,,,,,,,,,,,,,,,,,,,,,,,,,,,,,,,,,,,1716616.687877155,14.355865869690025,-0.16229319381958485,2.1217471636267637,Forecast
2036-12-01,0.5781786885196563,61.10414247337595,86.83606400278588,0.3032460571479644,0.2734500165112597,-11.020320750486968,-8.260739670698861,9.174591732855994,-7.185762960966629,-2.6436262345599952,-0.0022982663940638304,0.008236095797909146,0.0190902179815553,-0.002088760971200322,-0.00047117294242093703,0.02508059508914888,0.06680354391297083,0.021600918949272713,0.011350590101156717,-0.026369591412988724,-0.0005981016777334352,0.002835138543344087,0.0007297754439430927,,,,,,,,,,,,,,,,,,,,,,,,,,,,,,,,,,,,,,,,,,,,,,,,,,,,,,,,,,,,,,,,,,,,,,,,,,1712675.9755698293,14.35356760329596,-0.22956274019442224,2.627370208415458,Forecast
2037-01-01,0.500071029142863,61.8436531296177,86.40896331100868,0.31632597399112783,0.27272623079987646,-11.657228800892307,-9.78667338324065,9.145454248534245,-6.770041722404077,-2.9426168363948237,-0.0017246609786525369,0.008097836477517089,0.018981896755516054,-0.002089861798608035,0.0008107474867292718,0.02506470816553389,0.0794128100087988,0.00808899353746266,0.01151383954434908,-0.02668739562198036,-0.0007025780173335271,0.0026884517021050864,0.0007575971901570115,,,,,,,,,,,,,,,,,,,,,,,,,,,,,,,,,,,,,,,,,,,,,,,,,,,,,,,,,,,,,,,,,,,,,,,,,,1709724.7358212324,14.351842942317308,-0.17231746055262898,2.6361211427612385,Forecast
2037-02-01,0.5006700499440813,65.10551590373285,91.53050496453086,0.3125173379522555,0.2852876186507773,-11.667148481627454,-8.501037689576473,8.92377914343892,-7.601393578213715,-3.7472459658764636,0.04182714968919754,0.009108917659925624,0.018982125582674925,-0.0020924773931088256,0.00018362928058530807,0.025903814626367337,0.06350245266295007,-0.0013664152903584484,0.011459786988613647,-0.02657796851442938,-0.00046764412465522627,0.0026158643343556507,0.0006575332551860268,,,,,,,,,,,,,,,,,,,,,,,,,,,,,,,,,,,,,,,,,,,,,,,,,,,,,,,,,,,,,,,,,,,,,,,,,,1782754.310901432,14.393670092006506,4.271422969447847,2.794945263061255,Forecast
2037-03-01,0.4605163197114986,65.97035414227584,85.99069699920673,0.2918161755381944,0.27750889807342616,-10.970868004960131,-8.488513444527978,8.244453797616481,-6.191097073322386,-1.9754915508867241,0.007359957322478294,0.009761871393038527,0.018979166975512753,-0.002080374969689739,0.0015669329631031819,0.028422198674885196,0.05810558548034316,0.02585609734891934,0.011413621998702033,-0.026569816266252228,-0.000488020305164059,0.00259302872068881,0.0007263434663707971,,,,,,,,,,,,,,,,,,,,,,,,,,,,,,,,,,,,,,,,,,,,,,,,,,,,,,,,,,,,,,,,,,,,,,,,,,1795923.7102068749,14.401030049328984,0.7387108377701068,4.204219378099294,Forecast
2037-04-01,0.5820807698353564,66.70918260770141,86.67161680833327,0.2890776279952857,0.28134968508015124,-11.796898697376927,-10.330589364406933,8.779956293776678,-6.461547703772026,-2.3892010046761154,-0.000396218296373263,0.007763432006366644,0.019048045809536562,-0.0020766491523871305,0.0011461637568435015,0.026596941697337135,0.06690791702615909,0.022942402263113833,0.011372957115831932,-0.026532287704183203,-0.0007042287836138321,0.0022563530179544144,0.0007734766278581047,,,,,,,,,,,,,,,,,,,,,,,,,,,,,,,,,,,,,,,,,,,,,,,,,,,,,,,,,,,,,,,,,,,,,,,,,,1795212.2733254624,14.40063383103261,-0.039613981226993555,4.088857715540195,Forecast
2037-05-01,0.5456546749629853,58.233894647065114,90.8076601344063,0.2895745944464868,0.2804161023285751,-12.90234271275611,-9.660086736399217,8.96186625456935,-6.196343133965657,-2.5016837580897695,0.0017330264672636986,0.00791329500276133,0.0189886553479294,-0.002088889933975288,0.003431873816221868,0.027671155409558865,0.07137204473204757,0.012159201376728431,0.011152597090738226,-0.026551240797025158,-0.0004914213920861927,0.0031467419834513496,0.0007055354246062996,,,,,,,,,,,,,,,,,,,,,,,,,,,,,,,,,,,,,,,,,,,,,,,,,,,,,,,,,,,,,,,,,,,,,,,,,,1798326.1211204748,14.402366857499874,0.17345290254975332,3.9401408670340032,Forecast
2037-06-01,0.4746080929101638,67.41169307285257,85.95103441405969,0.2769242051916133,0.277065884734205,-11.793382921676963,-9.17554124219216,8.354187603564615,-7.652249870951929,-3.41521660905562,0.00041067259735427797,0.008062907553594333,0.01899736411891778,-0.00208927757889325,0.0017971432074447798,0.024097596920233673,0.06339615467202663,0.020242905666180096,0.011341630468909814,-0.026470548818397437,-0.0006888245031887917,0.002565456541772024,0.0007304805227128454,,,,,,,,,,,,,,,,,,,,,,,,,,,,,,,,,,,,,,,,,,,,,,,,,,,,,,,,,,,,,,,,,,,,,,,,,,1799064.7960459187,14.402777530097229,0.041075693488989984,4.151650956575947,Forecast
2037-07-01,0.5210317339164205,60.3380813209252,89.71077986766414,0.2992139003571482,0.2844750393065076,-11.567112906784898,-9.170847524528265,8.378457541128979,-5.936900932106279,-1.9630183039055251,-0.0014441123930737376,0.007187549252451259,0.019001984388885874,-0.0020894262003042603,0.00026077221961394903,0.026579767319912177,0.0782029128011614,0.009756504682404247,0.011145129826577073,-0.026493129890376138,-0.0004993690518932993,0.0026537326313711505,0.0006291398014257544,,,,,,,,,,,,,,,,,,,,,,,,,,,,,,,,,,,,,,,,,,,,,,,,,,,,,,,,,,,,,,,,,,,,,,,,,,1796468.6193146876,14.401333417704155,-0.1443070164530602,4.353326781570344,Forecast
2037-08-01,0.4652804642092702,54.42557553581822,89.39043331858143,0.2618103616379644,0.2803735696992834,-10.332265297061701,-9.5001862238752,9.36935729612996,-7.1807326664302975,-2.9332918910772525,0.002549047814682126,0.009217227210463787,0.018980974481302263,-0.002088379414064553,0.0009076133826769559,0.02491845969312232,0.05848896251129924,0.013602165471997971,0.011362986153312769,-0.02670641510392969,-0.00034799299551306357,0.002978544649196617,0.0007444562503671897,,,,,,,,,,,,,,,,,,,,,,,,,,,,,,,,,,,,,,,,,,,,,,,,,,,,,,,,,,,,,,,,,,,,,,,,,,1801053.7450926092,14.403882465518837,0.2552299399290803,4.831919279476105,Forecast
2037-09-01,0.5121456916361483,58.21546543897866,88.80559666868758,0.3064508247131058,0.27999111418539885,-11.772524044311478,-9.600111030379288,8.64961214754263,-6.8149688760309255,-2.8982480721464037,-0.0012526350328698754,0.007825350196552342,0.019017870963383574,-0.0020888024881989434,0.002892013080520661,0.02870068230041862,0.06393974856526766,0.011605003815504009,0.011513402134234732,-0.026939278280871812,-0.00035467185878560327,0.002906213161707105,0.0007208570840149813,,,,,,,,,,,,,,,,,,,,,,,,,,,,,,,,,,,,,,,,,,,,,,,,,,,,,,,,,,,,,,,,,,,,,,,,,,1798799.0944973994,14.402629830485967,-0.12518508130882067,4.659042411750791,Forecast
2037-10-01,0.44012898606503637,63.11667881554716,84.29130455741037,0.29999376628981367,0.28207141897007193,-11.123342190730012,-8.137037028267773,9.405153319248534,-6.141028314719378,-3.325962503649352,-0.0019611536990851164,0.00805466461178007,0.018925964831999785,-0.0020893692670461415,0.0018506385424021687,0.027081439921279468,0.06908798102427618,0.009912649017617478,0.011724881406518253,-0.027182907213976284,-0.0006337537872583718,0.0025442138155308785,0.0007511949636443783,,,,,,,,,,,,,,,,,,,,,,,,,,,,,,,,,,,,,,,,,,,,,,,,,,,,,,,,,,,,,,,,,,,,,,,,,,1795274.8299411135,14.400668676786882,-0.19592318936932918,4.41243136802294,Forecast
2037-11-01,0.4013154147347267,58.893795059864225,92.76663323931021,0.305112532997428,0.2841625101913087,-11.609365969480503,-9.241383306488213,9.186173193051276,-6.5987466639817125,-3.733628405364543,0.0010999222286045551,0.00787820444884502,0.01899447678261891,-0.002096880657905996,0.0009619020643017895,0.02700441676100345,0.07006824142065665,0.015855622776726787,0.011765751072946177,-0.027275283064890677,-0.000432377169229231,0.0031408681525138316,0.0008067695711301417,,,,,,,,,,,,,,,,,,,,,,,,,,,,,,,,,,,,,,,,,,,,,,,,,,,,,,,,,,,,,,,,,,,,,,,,,,1797250.5790189912,14.401768599015487,0.11005273649062897,4.697256627602275,Forecast
2037-12-01,0.5345238179368778,62.00771716838984,96.24119154360035,0.31255462444691134,0.277124396623946,-10.725284189261696,-9.656292515951245,8.995642976179306,-6.5899026127931375,-2.159781799720198,-0.0019423719495534897,0.00803447713577738,0.019014323702985423,-0.0020885738863842553,0.0014231525038230033,0.023331223951828857,0.0662555402304745,0.002165253047550492,0.011828859523466746,-0.02735174085164925,-0.000332853479828681,0.0030275396837537894,0.0008027002031419787,,,,,,,,,,,,,,,,,,,,,,,,,,,,,,,,,,,,,,,,,,,,,,,,,,,,,,,,,,,,,,,,,,,,,,,,,,1793763.0380553417,14.399826227065933,-0.1940486765931726,4.734524430900233,Forecast
2038-01-01,0.5095154175355273,63.51479253372571,88.34011327835437,0.301618844357462,0.28478031331918313,-10.737782918410891,-9.244039935746944,9.00020408725924,-6.255169703014628,-2.074178653661894,-0.002135898917913437,0.006434149226265912,0.01899635822556393,-0.0019375389973569344,0.0030037849951028758,0.025239699390749132,0.054614109254469495,0.010330293593258252,0.011877654731246749,-0.027375959350965935,-0.0005045963049121294,0.0028678999744592036,0.0007522090073605113,,,,,,,,,,,,,,,,,,,,,,,,,,,,,,,,,,,,,,,,,,,,,,,,,,,,,,,,,,,,,,,,,,,,,,,,,,1789935.830242876,14.39769032814802,-0.2133619508970841,4.691462475865493,Forecast
2038-02-01,0.503372629608405,61.68317861330071,84.85183400733756,0.31992132922669814,0.2873369380200453,-10.867682190120998,-8.971659259091581,8.356763453508155,-6.6186667052096855,-2.967935318983327,0.04182244464755058,0.007779184678852394,0.018965621494465845,-0.0020768363577381714,0.00041624932972895187,0.028740541640607645,0.08818828821564345,0.015393908953019949,0.011800421912412106,-0.02748876784713377,-0.0006047863943080706,0.0024818464714687245,0.0007666016955546122,,,,,,,,,,,,,,,,,,,,,,,,,,,,,,,,,,,,,,,,,,,,,,,,,,,,,,,,,,,,,,,,,,,,,,,,,,1866382.7790048844,14.43951277279557,4.270932369214342,4.690969899333264,Forecast
2038-03-01,0.5156373949931143,60.56630940895269,88.646787369985,0.3070963406462396,0.27529389271915966,-12.849922671001508,-9.314003915460885,8.991538697013588,-7.130495263407178,-3.2579557610574,0.0014593933010473847,0.005974667143992323,0.019007513045014454,-0.002089309071839081,-0.0006888397110323915,0.026677865202937967,0.06464539981602188,0.028598604163012492,0.011786102595502472,-0.027491384056009465,-0.000458761107168687,0.002817974686467767,0.0008198526708407498,,,,,,,,,,,,,,,,,,,,,,,,,,,,,,,,,,,,,,,,,,,,,,,,,,,,,,,,,,,,,,,,,,,,,,,,,,1869108.5540348776,14.440972166096618,0.14604587336830566,4.075053044406451,Forecast
2038-04-01,0.4319167836361821,57.9080075029112,91.97692719033348,0.28944198937122667,0.28236440573456384,-11.457264576146411,-9.395453523134709,9.409384259542897,-6.946708163253574,-3.032996282361753,-0.0014019538648426533,0.007635789212705764,0.018979175572291302,-0.0020888444713980585,0.002474991446471564,0.02520731253718604,0.06744361617789228,0.0026107385429349483,0.011683204425861233,-0.027303555571061993,-0.0003090784260436375,0.0030021091763006266,0.0008183800099855138,,,,,,,,,,,,,,,,,,,,,,,,,,,,,,,,,,,,,,,,,,,,,,,,,,,,,,,,,,,,,,,,,,,,,,,,,,1866489.9860583795,14.439570212231775,-0.1400971586612898,3.9704336802957485,Forecast
2038-05-01,0.5429652214715515,62.35373736103278,86.43738627214219,0.2960509081533025,0.2800238946422666,-11.269505640412183,-9.815445746219334,9.23284721036363,-6.842340049564525,-3.1319082952373476,0.0017330264672636986,0.007373161594366266,0.01900002511906252,-0.0020784726935093147,0.0019274433881568123,0.02461201672973447,0.07228968249458158,0.017087196235545027,0.011632875790899262,-0.027455824334914627,-0.0005513420737752486,0.002702374257033295,0.0007687689398900733,,,,,,,,,,,,,,,,,,,,,,,,,,,,,,,,,,,,,,,,,,,,,,,,,,,,,,,,,,,,,,,,,,,,,,,,,,1869727.4671149983,14.441303238699039,0.17345290254975332,3.9704336802957485,Forecast
2038-06-01,0.5073660532629527,55.01387558839268,88.11126797724206,0.2702246640311371,0.28420402904340347,-11.472627036780162,-9.783820931538285,9.002230417668919,-7.517736578008903,-3.5550136928887817,0.0022648153826594353,0.007524325360688733,0.0189956126098568,-0.002067284898878799,0.0027295251251831104,0.024155031077983665,0.0609210471285274,0.0180319684797616,0.011605410414518128,-0.02737456630060141,-0.0003420261970866913,0.0031195170468015935,0.0009075123380862769,,,,,,,,,,,,,,,,,,,,,,,,,,,,,,,,,,,,,,,,,,,,,,,,,,,,,,,,,,,,,,,,,,,,,,,,,,1873966.85354558,14.443568054081698,0.22673820143013224,4.163388537438184,Forecast
2038-07-01,0.357377504563909,59.842946403677736,89.97194570588292,0.2876238274558817,0.2762285917164535,-11.383545641413939,-9.818908950794471,9.649137995713735,-6.363447677495406,-3.14482559486476,-0.0025737013202160597,0.007289530647340332,0.018990539435236604,-0.002089360289602638,0.0010568466746977464,0.024155383632063668,0.0675967341485041,-0.003536902649081245,0.011421140111884519,-0.02735841835746412,-0.0003555540369154416,0.0028276171799662565,0.0009056553187535954,,,,,,,,,,,,,,,,,,,,,,,,,,,,,,,,,,,,,,,,,,,,,,,,,,,,,,,,,,,,,,,,,,,,,,,,,,1869150.0237799971,14.440994352761482,-0.2570392190485826,4.045793156856581,Forecast
2038-08-01,0.6596249726905201,59.03660951253611,92.86588837527623,0.2943168291252655,0.28820379799021345,-11.743247350238223,-9.20400902565162,8.894374196020214,-6.794346199325495,-2.8545785616908526,0.003246033564209938,0.006903041305711778,0.018814919635643967,-0.0020895007850819064,0.002217368255519882,0.027001091476225165,0.06103618545446178,0.01617276805067379,0.011820341836392814,-0.02758034045554798,-0.0003132625659961348,0.003161836122504644,0.0007369409584662417,,,,,,,,,,,,,,,,,,,,,,,,,,,,,,,,,,,,,,,,,,,,,,,,,,,,,,,,,,,,,,,,,,,,,,,,,,1875227.2055255554,14.444240386325692,0.3251307636220835,4.1183368700156375,Forecast
2038-09-01,0.529906913349274,61.42761855942152,91.57202394733717,0.3061480584596358,0.27466015344587885,-12.391703694730674,-10.096794279515738,8.796377706635466,-7.018375459390372,-2.4743795568039246,0.0008445623097941279,0.007114373590006765,0.019026963160267373,-0.002089963718219556,0.002552246369354103,0.028933880359950582,0.07173364723978551,0.02022384480841265,0.011883605262608577,-0.027839503519354738,-0.0004910223038020785,0.0030526169295499892,0.0008379104492406732,,,,,,,,,,,,,,,,,,,,,,,,,,,,,,,,,,,,,,,,,,,,,,,,,,,,,,,,,,,,,,,,,,,,,,,,,,1876811.6207201427,14.445084948635486,0.08449190529653539,4.33692269811492,Forecast
2038-10-01,0.501455585980993,61.516952499989024,91.72615281166921,0.2897340855167275,0.2804647390244435,-13.021885636041606,-9.252711327482285,9.084641466537247,-6.301105004059465,-3.000811761086904,-0.006665228400379419,0.007537017298335877,0.018973507641961967,-0.0020888643029101195,-0.003605255764094702,0.025896978588178996,0.06512941497832514,0.017574108806210832,0.012051274772552434,-0.02799822600535232,-0.00047691105570079066,0.003105983340649296,0.0009614353345958972,,,,,,,,,,,,,,,,,,,,,,,,,,,,,,,,,,,,,,,,,,,,,,,,,,,,,,,,,,,,,,,,,,,,,,,,,,1864343.8390667522,14.438419720235107,-0.6643065034202311,3.84726661198187,Forecast
2038-11-01,0.4840414498092381,65.64582922508691,87.2249066794383,0.2834325306671244,0.2833115767451042,-12.281054238185972,-8.618656562572124,9.30836146049702,-7.118574024587864,-3.8263489135075717,0.0003549151006154716,0.0072008073348847216,0.019011810666476787,-0.0020889303170828414,-0.00033096397347444004,0.026337385668555244,0.0698909589024251,0.011784185571577503,0.01219160747693614,-0.028085540101310886,-0.0006898543096224973,0.0027619033547865153,0.0007844428124671632,,,,,,,,,,,,,,,,,,,,,,,,,,,,,,,,,,,,,,,,,,,,,,,,,,,,,,,,,,,,,,,,,,,,,,,,,,1865005.640282652,14.438774635335722,0.035497809043172346,3.7699284704442393,Forecast
2038-12-01,0.5080539395483266,67.81346640809201,90.39544564188698,0.27521329567748204,0.2786790188110863,-10.197005846286649,-9.399681607355237,8.444899191899939,-7.28004565128025,-2.901948864543417,-0.0004777854774147272,0.006821874832922034,0.019112503811800702,-0.0020773532166028755,-0.0005445415553552255,0.02806723469638572,0.058979876987868565,0.015377752299623675,0.012111906068163827,-0.02821682273143078,-0.0006079159393823518,0.003047370753833377,0.0008264763267540113,,,,,,,,,,,,,,,,,,,,,,,,,,,,,,,,,,,,,,,,,,,,,,,,,,,,,,,,,,,,,,,,,,,,,,,,,,1864114.7805093066,14.438296849858308,-0.04776713561094326,3.9220198522004868,Forecast
2039-01-01,0.5360684191673808,58.29140240560607,86.30122008171094,0.2916900928856537,0.27801627963031983,-12.325314087790185,-9.822583888562034,9.214231947902883,-7.466873531827686,-3.1965831742392172,-9.050610242411494e-05,0.008322688123840467,0.019048045809536562,-0.002089681913212112,0.0009882930345975196,0.023694561301583972,0.060160965894332064,0.013799524452706243,0.012164022389210057,-0.02822779839485172,-0.0005304663370796264,0.003140319744529929,0.0008104476196116475,,,,,,,,,,,,,,,,,,,,,,,,,,,,,,,,,,,,,,,,,,,,,,,,,,,,,,,,,,,,,,,,,,,,,,,,,,1863946.0743806337,14.438206343755883,-0.009050200687044097,4.134798738998113,Forecast
2039-02-01,0.47425938610096086,69.15750861534669,92.02818865132262,0.32285694866680115,0.2819712992095926,-13.218254991013232,-10.34783209335166,9.409061625569054,-6.838278868680611,-2.3141714060354497,0.03931630775332451,0.006819940236273702,0.021833073125149285,-0.002076825106024465,0.001533588741894019,0.028478119347101614,0.05537926744193446,-0.002018627794224301,0.012100789552641562,-0.02832486297828191,-0.0007294381614966967,0.002686732917890034,0.0007897363881003283,,,,,,,,,,,,,,,,,,,,,,,,,,,,,,,,,,,,,,,,,,,,,,,,,,,,,,,,,,,,,,,,,,,,,,,,,,1938689.236720145,14.477522651509208,4.009942313612669,3.8741494257578113,Forecast
2039-03-01,0.38830705321588743,59.56973821369667,92.45780685865886,0.30272747741002576,0.28157731164063754,-11.048839534370687,-8.288631857612241,8.74180134594309,-6.597489886236895,-2.010997114034766,0.00016109153511933982,0.006830502837656245,0.01902151885266237,-0.002061328465985971,0.003443625857991131,0.025686628236520452,0.060018988818434565,0.014280450168987917,0.01219888332615299,-0.02773005899295548,-0.0002647073756593737,0.00297637994082163,0.0008528935900413312,,,,,,,,,,,,,,,,,,,,,,,,,,,,,,,,,,,,,,,,,,,,,,,,,,,,,,,,,,,,,,,,,,,,,,,,,,1939001.5683017191,14.477683743044327,0.01611045110574416,3.7393769407326527,Forecast
2039-04-01,0.45767290669416943,62.83450916389117,90.91434283582909,0.3113879628803296,0.28165521702805457,-11.43658217889684,-10.330537799314362,9.53863549497622,-7.602201618188995,-2.305170434980899,-0.0018193979049101472,0.00671179980421419,0.018985797302966633,-0.0020880359129131798,-0.0011311846553120892,0.025179773150752316,0.04491799417143234,0.009289538786296254,0.012110554306675316,-0.02822515524029324,-0.000523846734967176,0.003088973751902656,0.0007424777231362624,,,,,,,,,,,,,,,,,,,,,,,,,,,,,,,,,,,,,,,,,,,,,,,,,,,,,,,,,,,,,,,,,,,,,,,,,,1935476.9602152833,14.475864345139417,-0.18177438038499139,3.6960805936381735,Forecast
2039-05-01,0.5136518325456602,64.015411527464,87.71322372819537,0.28783580547486926,0.28524354029307303,-11.224688291799398,-9.16243908000549,9.405213308279784,-7.338303669475575,-3.4443525071262,0.001399662927724421,0.006939725795148644,0.01902005052124485,-0.002088945111435898,0.0024339710749880974,0.027006755411946345,0.06563858651306888,0.00639409911393168,0.012014333859702271,-0.028214177674598002,-0.0005292397861100222,0.0030004821984814132,0.0008045815406544448,,,,,,,,,,,,,,,,,,,,,,,,,,,,,,,,,,,,,,,,,,,,,,,,,,,,,,,,,,,,,,,,,,,,,,,,,,1938187.872302967,14.477264008067142,0.1400642913043093,3.6615178624724187,Forecast
2039-06-01,0.6251454952049745,70.8398788906518,88.26468058107756,0.27922978348983674,0.27995511198946765,-11.768929226629124,-9.272749623867915,9.96806443850684,-7.650128874714596,-2.068470571699599,-0.0002803068491630256,0.006942822869160991,0.0188857509955615,-0.00209002256187626,-0.00016947496552784862,0.026854807232296614,0.06344644893071882,0.033930063357439776,0.01192397275644573,-0.028083740246872643,-0.0007001417534349477,0.002484524209565827,0.000653824689624554,,,,,,,,,,,,,,,,,,,,,,,,,,,,,,,,,,,,,,,,,,,,,,,,,,,,,,,,,,,,,,,,,,,,,,,,,,1937644.6611038623,14.476983701217979,-0.028026756686860832,3.3980220854922027,Forecast
2039-07-01,0.487300862788803,60.315887738208794,95.30928138235139,0.2837454436736064,0.28292303804272584,-11.42420207534479,-9.755463080099533,8.81795448644537,-7.602765321750052,-2.8838149474551913,-0.00039465309237129986,0.006670688267059985,0.019061792548486823,-0.002088629717242297,0.002109813279012637,0.025000435135055822,0.06896857061921628,0.023287781320432605,0.012072580558275058,-0.028150959886569595,-0.0004539725254452948,0.0033026580054921263,0.0008384587544547494,,,,,,,,,,,,,,,,,,,,,,,,,,,,,,,,,,,,,,,,,,,,,,,,,,,,,,,,,,,,,,,,,,,,,,,,,,1936880.1145217007,14.476589048125607,-0.03945752270831937,3.6235770205717666,Forecast
2039-08-01,0.47901945025450754,55.87029749569117,87.95026138767243,0.2981258840035774,0.27960251270328795,-10.960636082626419,-9.928416058286945,9.540966338822267,-8.435063570599416,-2.3507734423302935,0.0018910047365352511,0.0065439116333673875,0.019069243086746585,-0.00209009012181589,-0.0008760990566643624,0.026744819631481835,0.06914349416537184,0.0025257802659590673,0.011990577926517813,-0.02835425079234098,-0.0004236099076981995,0.003116898971587399,0.0008201787136963501,,,,,,,,,,,,,,,,,,,,,,,,,,,,,,,,,,,,,,,,,,,,,,,,,,,,,,,,,,,,,,,,,,,,,,,,,,1940546.2292200206,14.478480052862142,0.18927938135320233,3.483259175314646,Forecast
2039-09-01,0.44827990007479346,67.40742546294871,93.03802408812874,0.2740898099596719,0.278311086107797,-12.815876733417968,-10.985275554086163,8.902093420159265,-7.550835146847628,-3.5547443704398343,-0.002394390758126974,0.006411660721612152,0.01900826354797539,-0.0020893588244462967,-0.0004931193709389443,0.025208839733221824,0.0800776677178904,0.01533212867567813,0.012186796764919398,-0.028674309139491327,-0.0005174991165283253,0.002793055030580985,0.0008337405424679546,,,,,,,,,,,,,,,,,,,,,,,,,,,,,,,,,,,,,,,,,,,,,,,,,,,,,,,,,,,,,,,,,,,,,,,,,,1935905.3615056563,14.476085662104015,-0.23915264910898681,3.148623981923082,Forecast
2039-10-01,0.5021976789379113,59.246291614512145,90.44861456265299,0.2867048286012343,0.2806699418557203,-12.921642095803707,-9.639740985477992,8.65358996335155,-8.4799128346204,-3.4187865954980294,-0.0015491795493289828,0.006659827217262563,0.018929911279834854,-0.0020876953915794742,0.0008241628780223356,0.026598128612569622,0.09212415087084755,0.024922071257999407,0.012305179276786588,-0.028724754620197367,-0.0005084049215524267,0.0028767538003793597,0.0007593773946336522,,,,,,,,,,,,,,,,,,,,,,,,,,,,,,,,,,,,,,,,,,,,,,,,,,,,,,,,,,,,,,,,,,,,,,,,,,1932908.618356114,14.474536482554687,-0.15479801901119306,3.67768958990331,Forecast
2039-11-01,0.5129973551323688,60.89822326391326,88.07304431196063,0.29207122873211533,0.2798014137653104,-13.05892657778681,-9.503461755193552,8.517283397859194,-7.699864399844988,-3.1366133007113226,-0.004246057011187077,0.005632661942939919,0.018994594390405697,-0.002089591393847971,0.002516950759962361,0.027673160878819755,0.07929659167591645,-0.0005217593394979785,0.012338475754774168,-0.02879670169674481,-0.00047874247675900835,0.002973448307752902,0.0007946211442301534,,,,,,,,,,,,,,,,,,,,,,,,,,,,,,,,,,,,,,,,,,,,,,,,,,,,,,,,,,,,,,,,,,,,,,,,,,1924718.777734804,14.4702904255435,-0.42370552562776,3.2017671240448298,Forecast
2039-12-01,0.5122363151038216,58.20426967950237,84.68384641875645,0.28272916020782474,0.280125823839032,-12.648404925037386,-10.657161100701595,9.588681319520184,-7.92079201890638,-3.3017805058319865,-0.0004360813763923943,0.0062042578464551286,0.018989607767531398,-0.0020888027137802327,-0.0016830081349862571,0.025550869828297122,0.06536120179820933,0.012935494361671651,0.012240582273718475,-0.028902619177397393,-0.000543993274364484,0.003052303243508354,0.0008952531570879772,,,,,,,,,,,,,,,,,,,,,,,,,,,,,,,,,,,,,,,,,,,,,,,,,,,,,,,,,,,,,,,,,,,,,,,,,,1923879.6267034076,14.469854344167107,-0.043598630672891936,3.2060711507138073,Forecast
2040-01-01,0.4308199136185733,60.872347176825244,90.08656175460764,0.2725875832467236,0.2869278354401911,-11.426138111624779,-10.064359771405686,9.420955051008537,-6.776492458091619,-2.6554886001965112,-0.0019948852714151144,0.004565712637629671,0.019046239145854155,-0.002089398750943265,0.0008470858359266038,0.02475463128562123,0.06443264253350965,0.013413692971796638,0.012412439980617232,-0.02898002123357663,-0.00065130826219237,0.003335328679753312,0.0007986115772048182,,,,,,,,,,,,,,,,,,,,,,,,,,,,,,,,,,,,,,,,,,,,,,,,,,,,,,,,,,,,,,,,,,,,,,,,,,1920045.5331320215,14.467859458895692,-0.1992896810262379,3.009714686624121,Forecast
2040-02-01,0.4325922958840912,59.180317617941974,89.72741864200547,0.30334005864584973,0.28094859984761433,-12.0655956184446,-9.953462487598236,9.179592511801697,-8.137227995050042,-3.4776215005470905,0.04135720431804657,0.005197773247917929,0.019030698507685104,-0.0020881800330894685,0.0016943464052945239,0.026608188754993437,0.07711833593085772,0.0013463799159423532,0.012382808815050036,-0.028991874751058168,-0.0004675549359039823,0.0032002490680293435,0.0007399536254092611,,,,,,,,,,,,,,,,,,,,,,,,,,,,,,,,,,,,,,,,,,,,,,,,,,,,,,,,,,,,,,,,,,,,,,,,,,2001118.161834057,14.509216663213738,4.222432609178184,3.2201615365404557,Forecast
2040-03-01,0.5239500344228414,64.5383174717152,95.7998532009671,0.30014335774333983,0.2791602412245028,-12.068003194782762,-9.576507180576455,8.661616074376676,-7.953345882703466,-2.7025670608591206,-0.001781744067557156,0.006440377338208275,0.01899930783336397,-0.002089019164349298,0.002696490149433446,0.02796670366239862,0.05459069441236526,0.01559048388513828,0.012397902045445847,-0.02894743681076445,-0.0005600218979994423,0.002953862094173958,0.0008647685680604597,,,,,,,,,,,,,,,,,,,,,,,,,,,,,,,,,,,,,,,,,,,,,,,,,,,,,,,,,,,,,,,,,,,,,,,,,,1997555.8559218526,14.507434919146181,-0.1780157703900609,3.0198164136307826,Forecast
2040-04-01,0.5593012963918801,62.398924442086575,86.2794083310927,0.30952677164951975,0.2821454116044946,-13.696056844209757,-10.022578905932154,9.125499317756358,-7.760965786618211,-2.959427559717092,-0.00181499810423702,0.006341215098973269,0.018998968825396687,-0.0020888412604577918,0.00059509862311378,0.02071132791707374,0.06552387382915706,0.021768889109883643,0.01231671307092602,-0.028936096815373163,-0.0006954401221195546,0.0029704472121031785,0.0007759373206753901,,,,,,,,,,,,,,,,,,,,,,,,,,,,,,,,,,,,,,,,,,,,,,,,,,,,,,,,,,,,,,,,,,,,,,,,,,1993933.584032932,14.505619921041944,-0.18133519912257867,3.0202696812855256,Forecast
2040-05-01,0.4772305533758479,59.74527340866192,97.55081449822147,0.2853904183278592,0.28240007368677333,-12.87610090067318,-10.939701209887025,9.35389652050396,-7.844728633213309,-3.454339236423704,0.005481426138430834,0.006121872009446032,0.019030683176919194,-0.002091002835942486,0.0018628034577098667,0.025886087940792554,0.06711245802214476,0.025332011263366927,0.012273244881245073,-0.028859465675301503,-0.00033053057356324556,0.0033751217607624127,0.0008481625272286436,,,,,,,,,,,,,,,,,,,,,,,,,,,,,,,,,,,,,,,,,,,,,,,,,,,,,,,,,,,,,,,,,,,,,,,,,,2004893.1934023262,14.511101347180375,0.5496476641527526,3.441633396462218,Forecast
2040-06-01,0.5320528870194556,65.62432034832113,90.77467384229044,0.3092362183013094,0.2770173043691788,-13.736573436032376,-10.357841325949545,9.710790540039929,-6.646088600060193,-3.0373170135316134,-0.0005110452184453607,0.00599496850164531,0.019002257739440444,-0.0020900959594047515,0.0032386508143910668,0.024300327042420203,0.07431432144184075,0.010108962251314432,0.012182273134984017,-0.028858284751122776,-0.0007938387900762183,0.0028766991356634504,0.0007399383339828671,,,,,,,,,,,,,,,,,,,,,,,,,,,,,,,,,,,,,,,,,,,,,,,,,,,,,,,,,,,,,,,,,,,,,,,,,,2003868.8640839378,14.51059030196193,-0.05109146570796419,3.4177681960710027,Forecast
2040-07-01,0.38734711619099627,63.032666339182775,90.84996722146244,0.3190919567211784,0.2807408848045224,-11.650669962698881,-9.84065858920263,9.361056993925528,-8.24117939131143,-3.6312022302866453,-0.0012753099435940385,0.006437570117065624,0.019019357902031853,-0.002087450438801518,-0.0016717033554654673,0.025709336198906415,0.0750148805291295,0.03390089063533754,0.012171888892596057,-0.02884690612790011,-0.0006197009614933181,0.002866869816926471,0.0009655064126245156,,,,,,,,,,,,,,,,,,,,,,,,,,,,,,,,,,,,,,,,,,,,,,,,,,,,,,,,,,,,,,,,,,,,,,,,,,2001314.9390650443,14.509314992018336,-0.1274497081454995,3.3267327213618136,Forecast
2040-08-01,0.5185626152880349,55.62832379082159,87.44512890684747,0.3029439917980527,0.28064553159408145,-11.478762044352642,-9.550330967842736,9.526719310528959,-7.8250447345487455,-2.1704009611391832,-0.0014291176339611411,0.005998551791154658,0.0189901643406243,-0.002090097128490817,0.0009830442179171715,0.027186650150894724,0.0632984878766843,-0.005482703176629997,0.012285940790805168,-0.029036004009997788,-0.00022163872053728814,0.0031124814300588785,0.0007789663743941796,,,,,,,,,,,,,,,,,,,,,,,,,,,,,,,,,,,,,,,,,,,,,,,,,,,,,,,,,,,,,,,,,,,,,,,,,,1998456.8673413047,14.507885874384375,-0.14280969316478043,2.9842441911090534,Forecast
2040-09-01,0.5454262476653624,65.41293806454624,90.17932256296459,0.29173668649428086,0.281098544832396,-11.700324410284768,-10.187169210919265,9.10454395798772,-7.102853164769235,-4.630699506356869,-0.00046993844443932176,0.0060862977200257,0.018987573555243352,-0.0020900107803722627,0.005240017769965095,0.024877924682510866,0.06454226970458879,0.015407637242980977,0.012398738575883358,-0.028704642875340473,-0.0005837126406881217,0.0028906523743134987,0.0009694049779454667,,,,,,,,,,,,,,,,,,,,,,,,,,,,,,,,,,,,,,,,,,,,,,,,,,,,,,,,,,,,,,,,,,,,,,,,,,1997517.936266971,14.507415935939935,-0.046982804066353356,3.1826232824416323,Forecast
2040-10-01,0.5353259161615045,62.76760865065583,91.30738437814954,0.3016232977420328,0.2852618667570112,-13.29137198936457,-8.807751314389634,10.150311599812662,-7.0704889772940165,-3.1188481037722453,-0.004108436405658722,0.004796269061366312,0.018908358149495593,-0.002088680419030968,0.0009375695684418232,0.02845826929634507,0.0742715359255932,8.612078324488938e-05,0.012538896034785188,-0.02935635650979861,-0.0006257849907229711,0.0031035491306760457,0.000785946492603102,,,,,,,,,,,,,,,,,,,,,,,,,,,,,,,,,,,,,,,,,,,,,,,,,,,,,,,,,,,,,,,,,,,,,,,,,,1989328.0960952744,14.503307499534277,-0.4100008326834881,2.918890070816893,Forecast
2040-11-01,0.4622156791276541,67.00292965605975,92.97159192941675,0.29146912640912226,0.28281889923107917,-11.623901158549277,-11.27784894080987,9.085811237675951,-7.889937582726146,-4.419758056199737,-0.0022530111018568277,0.005783455607375263,0.01881845732872983,-0.002089512498337669,-0.0004380795485376162,0.02609359534238256,0.0629877985415566,0.012951221770757899,0.012590845072600635,-0.029416393032643068,-0.0005357570270909511,0.0028772473984849255,0.0008503645308259481,,,,,,,,,,,,,,,,,,,,,,,,,,,,,,,,,,,,,,,,,,,,,,,,,,,,,,,,,,,,,,,,,,,,,,,,,,1984851.1629932912,14.50105448843242,-0.22504749773407662,3.1242166883858724,Forecast
2040-12-01,0.5222104099468114,62.540753544162925,86.14746913633084,0.28923329582336266,0.2873720170993531,-12.799489838099275,-10.473121587413557,9.213364138480491,-8.888119187446266,-3.5912209323953443,-0.0008054494392126799,0.006095340217021745,0.019001062576743836,-0.002087687524406157,-0.0002939249054624306,0.02628399012393071,0.08082602004561479,0.007632940417930154,0.01263640909925778,-0.02946411204656107,-0.0007053407636258531,0.0026509873684182742,0.0008187826164152405,,,,,,,,,,,,,,,,,,,,,,,,,,,,,,,,,,,,,,,,,,,,,,,,,,,,,,,,,,,,,,,,,,,,,,,,,,1983253.1093992179,14.500249038993207,-0.08051251518845781,3.0861329301328233,Forecast
2041-01-01,0.44003006799337563,59.341037784371125,94.49628612978985,0.3085198017628541,0.2820999472445509,-13.307767102961126,-10.076989266677082,9.216399260941088,-7.6376979173876665,-3.427864161502311,-0.0022911960259079933,0.005606751313888333,0.019038028778527394,-0.0020894630272770835,-0.0002738368203313384,0.0269300325349706,0.07520588646260105,0.016581601058490922,0.012820649132674547,-0.029488951004516754,-0.00042004233913961616,0.003029849785634543,0.0008091205628317996,,,,,,,,,,,,,,,,,,,,,,,,,,,,,,,,,,,,,,,,,,,,,,,,,,,,,,,,,,,,,,,,,,,,,,,,,,1978714.2894053333,14.497957842967299,-0.22885732397814884,3.055591925344081,Forecast
2041-02-01,0.5651298840265908,61.35390999616156,90.98788707466453,0.29800192976686546,0.28977528997942187,-13.405444022333668,-10.37826884925683,9.771384490287874,-6.85556525560811,-2.737009824074729,0.03846225515007973,0.004599684268985902,0.019016579642516712,-0.0020874536042077966,0.0036864252520646085,0.026322657115747272,0.07173006659905132,0.01107567366552545,0.012600535930288155,-0.02955882076443744,-0.0006151653155677025,0.0032328250476394743,0.0007815903960652818,,,,,,,,,,,,,,,,,,,,,,,,,,,,,,,,,,,,,,,,,,,,,,,,,,,,,,,,,,,,,,,,,,,,,,,,,,2056302.6501771233,14.536420098117379,3.921150273549978,2.7576826494088102,Forecast
2041-03-01,0.5081504003629874,64.92274992684233,91.72452301774835,0.31527469199974445,0.28036731582405616,-12.925017516233577,-10.940825533422247,9.096036201293957,-7.46357949578428,-3.8606476671677097,-0.001302817603573203,0.0017200396663295363,0.01897096707592921,-0.0020803386546649717,-0.0013011301154429236,0.0251420914434001,0.07280168483655965,0.005195463594046363,0.01259380529900209,-0.02942265773925882,-0.0005944221739709137,0.0026462637323634657,0.0008527655290864578,,,,,,,,,,,,,,,,,,,,,,,,,,,,,,,,,,,,,,,,,,,,,,,,,,,,,,,,,,,,,,,,,,,,,,,,,,2053625.4072444902,14.535117280513806,-0.13019693051518066,2.8069078096823574,Forecast
2041-04-01,0.5376493889604388,59.38151592379724,89.02343511213076,0.2940992634255802,0.279034398772761,-12.71685447259324,-9.946577243142064,9.601901134541844,-7.585386533845441,-2.8582619212642584,-0.0005918543902225792,0.005791115444725983,0.018988810568871667,-0.002092669841195071,0.0012119091421875475,0.02951925162200342,0.06691499510015843,0.005640171617891162,0.012561979818300706,-0.02954498681266392,-0.0003943374099250963,0.0032722174886036593,0.000767243985398498,,,,,,,,,,,,,,,,,,,,,,,,,,,,,,,,,,,,,,,,,,,,,,,,,,,,,,,,,,,,,,,,,,,,,,,,,,2052410.319644275,14.534525426123583,-0.059167927896142114,2.9327323677987183,Forecast
2041-05-01,0.5067547165176407,60.51864902406657,86.511142982687,0.2954316996798036,0.2846299892435866,-12.896142204336405,-10.042701487082791,9.638482117016652,-8.455191200852806,-4.209874332596073,0.006285391747951508,0.005950373107990746,0.01898643448464949,-0.002109216273420222,0.00020625136856677862,0.02561485119953509,0.06490797814532427,0.028810064030791352,0.012516159843571725,-0.029548621557449084,-0.0006740476999670271,0.003175675336935753,0.0008719266163558021,,,,,,,,,,,,,,,,,,,,,,,,,,,,,,,,,,,,,,,,,,,,,,,,,,,,,,,,,,,,,,,,,,,,,,,,,,2065351.149018357,14.540810817871535,0.6305186273047436,3.0155200194696086,Forecast
2041-06-01,0.5579905501394956,61.29361285748064,90.04424623891398,0.2924925215859948,0.2880244333060935,-13.728833134569555,-10.224719383985592,9.300558885408455,-8.510139665010485,-2.8426953391769985,-0.0009695690823718905,0.006060755788538648,0.018997540398253306,-0.00209785831144392,0.0009587674614533026,0.02584359514392037,0.06663773417834261,0.015949931490022703,0.01246574864026556,-0.029472584462612753,-0.0006888883277041777,0.0031500463916806576,0.0007267209405154346,,,,,,,,,,,,,,,,,,,,,,,,,,,,,,,,,,,,,,,,,,,,,,,,,,,,,,,,,,,,,,,,,,,,,,,,,,2063349.6188677007,14.539841248789163,-0.09690992021418321,2.9682957727353187,Forecast
2041-07-01,0.5263504195197052,58.02544759420552,90.51330257619796,0.285422563822311,0.2764846202837712,-11.982126927176179,-10.070583696761918,9.709659336035367,-7.7606517863619136,-3.844972767056506,-0.0026510581374168396,0.005716867617550368,0.019027885684322135,-0.002072130473790749,0.001958414557288384,0.027495392436727155,0.07529259580907854,-0.0025549150352823236,0.0124490095667097,-0.02950380278354758,-0.0003813557452618164,0.003255377572322879,0.0008855312018855283,,,,,,,,,,,,,,,,,,,,,,,,,,,,,,,,,,,,,,,,,,,,,,,,,,,,,,,,,,,,,,,,,,,,,,,,,,2057886.8033904159,14.537190190651746,-0.26475471860569755,2.826734724310831,Forecast
2041-08-01,0.44056857502913427,59.41516668763649,84.92402429059638,0.3101788321787366,0.2814881697561829,-12.865182915874696,-10.500477973812865,9.175242186782446,-8.675593451575189,-3.5374064596561965,0.003267387393862009,0.005480566152817095,0.019061792548486823,-0.0021040954938203286,-0.0001510675707028235,0.028225526271358686,0.07275963896654425,0.01696588325526964,0.012564894396245216,-0.029600739763398828,-0.00045205543599350674,0.003082238058764604,0.0009110603460845465,,,,,,,,,,,,,,,,,,,,,,,,,,,,,,,,,,,,,,,,,,,,,,,,,,,,,,,,,,,,,,,,,,,,,,,,,,2064621.713578409,14.540457578045608,0.32727311224782785,3.310796811198058,Forecast
2041-09-01,0.5301461695209378,62.64123172499616,92.7306330813028,0.3277169729516693,0.27985759509208147,-13.401552104369667,-11.365631262950025,9.232056701365842,-7.35095741208283,-3.827626007016955,-0.002110943663865328,0.005579463769652854,0.018986213446710833,-0.0020879708009474925,0.005186809699724062,0.025776359694084594,0.06708494197394615,0.010363338375327404,0.0126339718319061,-0.029801321944123656,-0.0007320746619597045,0.0030118622764606895,0.0007610533756113478,,,,,,,,,,,,,,,,,,,,,,,,,,,,,,,,,,,,,,,,,,,,,,,,,,,,,,,,,,,,,,,,,,,,,,,,,,2060268.0102817514,14.538346634381742,-0.21087171892190115,3.1414022810753783,Forecast
2041-10-01,0.5429727468872163,66.32208720696947,93.42486937563764,0.2950410263064571,0.2830495193725029,-12.069946948040267,-10.708041955034851,9.625386561211002,-8.346930805460934,-2.9175674496110306,-0.003037948627024889,0.00530877021651926,0.018986329595993983,-0.0022445748414782448,-0.00040452294740809364,0.030729122547868054,0.07810209255618013,0.012430785018087571,0.012821084162352834,-0.029856459873914158,-0.0005755064031976346,0.0028241754799770706,0.0009053761686546276,,,,,,,,,,,,,,,,,,,,,,,,,,,,,,,,,,,,,,,,,,,,,,,,,,,,,,,,,,,,,,,,,,,,,,,,,,2054018.5195309827,14.535308685754718,-0.3033338730485835,3.2518730099215354,Forecast
2041-11-01,0.5281804530112757,63.17743203318464,87.34959688092296,0.2912451477172114,0.28249929618919206,-13.683221101077416,-10.24511014385782,8.996435431267468,-7.862712613548045,-3.052251545484938,-0.001514397212304175,0.005429889065397982,0.01897096707592921,-0.002087734658524806,-0.0001239287390305639,0.028459669401738302,0.06979768534877695,0.01914349899001061,0.012861499720222077,-0.029994342006210557,-0.0005971369795215839,0.003140242412414376,0.0008437917955651776,,,,,,,,,,,,,,,,,,,,,,,,,,,,,,,,,,,,,,,,,,,,,,,,,,,,,,,,,,,,,,,,,,,,,,,,,,2050910.273764383,14.533794288542413,-0.1513251091479595,3.328164448938842,Forecast
2041-12-01,0.5435635720153174,61.87724256070556,86.2928314067713,0.2904498160672848,0.28817106843462004,-14.037331488825718,-10.311995999637292,8.849902193215017,-9.097692226651507,-3.426765710360855,-0.0005889958119951189,0.004020846763050176,0.018993272046813607,-0.0020767700320149986,0.002925402816555847,0.027477205930479393,0.06490336453779097,0.02229336577139879,0.01285754997212218,-0.03003853080046548,-0.0006660411741070011,0.0032499847130068706,0.0009579153816590805,,,,,,,,,,,,,,,,,,,,,,,,,,,,,,,,,,,,,,,,,,,,,,,,,,,,,,,,,,,,,,,,,,,,,,,,,,2049702.6518793865,14.533205292730418,-0.05888223880121668,3.3505326256767054,Forecast
2042-01-01,0.3549688850649739,59.123567615616466,88.92032489553287,0.29131361105875186,0.28202036386096685,-12.008831419379401,-10.310369407071093,9.836186753806782,-8.088707989195951,-4.2551623830260485,-0.0024945070035755634,0.0053375904502102126,0.019072759652446484,-0.0020890095538485007,0.0007151741260857569,0.029035635214221298,0.07389396958946438,0.0046886035722232796,0.012936085355390722,-0.030103120796460714,-0.0006536397345085873,0.002978855591924253,0.0008189688001660014,,,,,,,,,,,,,,,,,,,,,,,,,,,,,,,,,,,,,,,,,,,,,,,,,,,,,,,,,,,,,,,,,,,,,,,,,,2044596.0261638577,14.530710785726843,-0.24913983064063228,3.329522463716783,Forecast
2042-02-01,0.5345394409471986,65.88982600266118,90.14084283915292,0.32092938914226604,0.2882835974908985,-11.706746741011735,-10.083421096637977,10.095950742659822,-8.68446118313147,-4.076726212008221,0.04307171329855919,0.006163629477990695,0.01904162869641326,-0.0020890183612165777,0.0018097599231758272,0.028143915521422862,0.06264863483028879,0.011733469844409941,0.01285069464074276,-0.030103997252943833,-0.0006320599263869221,0.0027291694757561207,0.0010264786633783027,,,,,,,,,,,,,,,,,,,,,,,,,,,,,,,,,,,,,,,,,,,,,,,,,,,,,,,,,,,,,,,,,,,,,,,,,,2134584.3439690485,14.573782499025402,4.401276176498792,3.8069149881795106,Forecast
2042-03-01,0.5025100584117607,63.56226503600264,89.04697941706728,0.29079900766470573,0.2811921839130208,-13.260893443277375,-10.758767582121997,9.499785271449516,-9.391490290632188,-4.224013330732845,-0.0006919450243003666,0.0050258788701689795,0.01901603729136908,-0.0020886149261753334,0.002782880182718691,0.027969482973240162,0.05638017243246453,0.0073303059514581706,0.012925020380071334,-0.030132443002992428,-0.0006243739756473191,0.0029726137759900715,0.0007220556617677606,,,,,,,,,,,,,,,,,,,,,,,,,,,,,,,,,,,,,,,,,,,,,,,,,,,,,,,,,,,,,,,,,,,,,,,,,,2133107.8398420424,14.573090554001102,-0.06917056855484383,3.870347158598908,Forecast
2042-04-01,0.5151670461211949,59.5237075637747,89.91304927726208,0.29249301911002706,0.2864906707550647,-13.094380348056402,-10.488183813067783,9.485778263053339,-7.629284845021777,-4.959065576321107,-0.0021534983534365892,0.004983166584929777,0.018993867226039303,-0.0020886710191936413,0.00032044801993484846,0.026161309752073914,0.07140933582167781,0.01714955753451454,0.012731050505883074,-0.030093385986468674,-0.0005100393769402687,0.0031085075039120856,0.0008360064269162348,,,,,,,,,,,,,,,,,,,,,,,,,,,,,,,,,,,,,,,,,,,,,,,,,,,,,,,,,,,,,,,,,,,,,,,,,,2128519.1382752373,14.570937055647665,-0.21511812394562346,3.7082652480598277,Forecast
2042-05-01,0.643471510517905,65.20818210444132,90.60651154153204,0.28410307089849945,0.2834389238475839,-13.680613970554868,-10.044684058196058,10.045502686848025,-6.78270713040281,-2.9508193369603175,0.0045801931992173195,0.003510885452630257,0.019043601178635832,-0.0020613530037870867,0.004901720614123814,0.027474203966306697,0.06486373833421537,0.010045491195775543,0.013002657348299933,-0.03009889643181117,-0.0006891784093823289,0.0030347341072516376,0.0007116306980976344,,,,,,,,,,,,,,,,,,,,,,,,,,,,,,,,,,,,,,,,,,,,,,,,,,,,,,,,,,,,,,,,,,,,,,,,,,2138290.527499857,14.575517248846882,0.4590698316453645,3.5315727553722365,Forecast
2042-06-01,0.49105662502638253,64.02337533326326,84.90349159767912,0.3036591176375807,0.28968222925094783,-12.787382183001021,-10.339681506175818,9.152339972948297,-7.0351435403827205,-3.7323237853857796,0.0012308511650189757,0.005344142146938125,0.019136605543776525,-0.0020734529701500444,0.0022066994849294476,0.025915302024478407,0.06823531482381058,0.012242428288102477,0.013073099519552246,-0.030083783383654333,-0.0007767961255326417,0.0030713475205663477,0.0009262588808950834,,,,,,,,,,,,,,,,,,,,,,,,,,,,,,,,,,,,,,,,,,,,,,,,,,,,,,,,,,,,,,,,,,,,,,,,,,2140924.0653008316,14.576748100011901,0.1231608973198739,3.759636550382628,Forecast
2042-07-01,0.5247657270886252,59.12013869349528,85.72021367554046,0.2990058656429355,0.2763817640646271,-13.443351187236432,-11.317294059640409,9.25889371903942,-7.580087266435057,-3.9683655153502633,0.001612675143405795,0.004958382747846461,0.01919193637163156,-0.0020890427962662783,0.0008811927304238554,0.024633390621931886,0.06267700383994242,0.009621569319266334,0.012665798376456705,-0.030115362210874377,-0.0008121524123538727,0.002778974010554849,0.0008352309012491922,,,,,,,,,,,,,,,,,,,,,,,,,,,,,,,,,,,,,,,,,,,,,,,,,,,,,,,,,,,,,,,,,,,,,,,,,,2144379.465795228,14.578360775155307,0.16139762032665317,4.202984452901548,Forecast
2042-08-01,0.3560755465083884,61.667407842803826,80.41177314138024,0.28555445684144515,0.2776866674268719,-13.043455909158872,-11.018731323708767,9.96630497794745,-8.186048517749349,-2.9041920025055727,0.0024771764874458313,0.004636399413763778,0.018997459825516323,-0.0020888121832094188,-0.0005686203181173757,0.027477787172055304,0.08239636721504434,0.011158546274262398,0.012849737519857563,-0.03014936232789106,-0.0007506412988872599,0.0031111146973319863,0.0008362919067198556,,,,,,,,,,,,,,,,,,,,,,,,,,,,,,,,,,,,,,,,,,,,,,,,,,,,,,,,,,,,,,,,,,,,,,,,,,2149698.057012861,14.580837951642753,0.2480247224182941,4.120674643443389,Forecast
2042-09-01,0.49016197218599744,60.22172294840688,93.88440758742169,0.2886071623627478,0.2904968615051526,-13.080973407333502,-10.233445356890652,9.915903014096198,-7.683661935191567,-4.210641381630569,-0.0023613297380506992,0.004969332169454679,0.018985692400835277,-0.002089375341280243,0.0014300769189646142,0.027859386206293746,0.06696039695439136,0.026678156572284412,0.012563419339921484,-0.03031554051055425,-0.000368881876271242,0.003275259458487181,0.0009077071467241848,,,,,,,,,,,,,,,,,,,,,,,,,,,,,,,,,,,,,,,,,,,,,,,,,,,,,,,,,,,,,,,,,,,,,,,,,,2144627.899575655,14.578476621904702,-0.2358543992104445,4.094607540033923,Forecast
2042-10-01,0.6251464679207624,71.24038304891803,90.20704119761294,0.31957371784257405,0.2796345709289855,-13.92736040146552,-9.785355135727167,10.232042649963093,-7.277545504341743,-4.252416179872543,-0.0016108828131109476,0.004586101392311099,0.019075701212230428,-0.002088653218441756,0.0007640066652945899,0.02281839451634467,0.06713388058880633,0.032456147157378455,0.012983700578621579,-0.030441249316713638,-0.0009148240239016458,0.0027941314566013392,0.0007938071943573189,,,,,,,,,,,,,,,,,,,,,,,,,,,,,,,,,,,,,,,,,,,,,,,,,,,,,,,,,,,,,,,,,,,,,,,,,,2141175.936452214,14.576865739091591,-0.16095860378034788,4.243263441516243,Forecast
2042-11-01,0.5313680609416541,63.85353650195365,93.98087374461731,0.3005066716673001,0.2799258105086592,-13.434903772857655,-9.903214539897776,9.00032820686658,-7.989844274310393,-3.9398408974401815,0.00017545254377182573,0.0048541170868438835,0.019014323702985423,-0.0020900861955820004,0.0008389265413301524,0.026063861688036587,0.07521522436915391,0.015137040589443785,0.013033892977364583,-0.03052771647178223,-0.0006788258292374423,0.0031968100408172424,0.0008318355845412826,,,,,,,,,,,,,,,,,,,,,,,,,,,,,,,,,,,,,,,,,,,,,,,,,,,,,,,,,,,,,,,,,,,,,,,,,,2141551.644175402,14.577041191635363,0.01754679364696088,4.4195678168138075,Forecast
2042-12-01,0.5317128715832478,62.646009464623056,86.24016079038297,0.3014388361521894,0.27909076798196003,-14.419687023608025,-10.473131854376422,9.289790896814711,-8.859535935080466,-4.436530911809891,-0.0003544558712746948,0.005087554354995635,0.018986457187560292,-0.0020886504479312716,1.8291745908238528e-05,0.027574666362952038,0.059992770796238486,0.011001483111496693,0.013173694181377309,-0.030678803006125827,-0.000631318946104211,0.0030739116435262903,0.0007740293501534266,,,,,,,,,,,,,,,,,,,,,,,,,,,,,,,,,,,,,,,,,,,,,,,,,,,,,,,,,,,,,,,,,,,,,,,,,,2140792.693136758,14.576686735764088,-0.03543930592138089,4.444061248291331,Forecast
2043-01-01,0.4816142315079636,63.65235618076292,90.32582540026765,0.3014832697624916,0.2875828740571541,-13.407153363295029,-11.32603163498093,9.81650062974031,-8.382227033178214,-3.6259613093859957,-0.0043474524281919,0.0043123080549559495,0.018993312013538637,-0.002096937022168678,0.0022282340957036823,0.027693939575091,0.05915838515860957,-0.001808039706882451,0.013073845348222328,-0.030547227471359188,-0.0005876835677416128,0.0030760364439565567,0.0008680079697755177,,,,,,,,,,,,,,,,,,,,,,,,,,,,,,,,,,,,,,,,,,,,,,,,,,,,,,,,,,,,,,,,,,,,,,,,,,2131505.900316682,14.572339283335896,-0.4338015936736328,4.250711291652465,Forecast
2043-02-01,0.5970698820780618,66.83603827687018,90.92746215271792,0.31789189318838074,0.27746907959157174,-13.252267685775191,-10.624909014978332,9.985581891247211,-6.964590920614545,-4.003833210883456,0.041163790971040726,0.00437506075632792,0.018963021579859664,-0.002082838529492171,0.0042793961778721966,0.02591991063537012,0.07500552844738773,0.00530846415211035,0.013105391638636294,-0.030552612613809475,-0.0007776315379695157,0.0029177619357878817,0.0008422860304341869,,,,,,,,,,,,,,,,,,,,,,,,,,,,,,,,,,,,,,,,,,,,,,,,,,,,,,,,,,,,,,,,,,,,,,,,,,2221077.672905016,14.613503074306937,4.2022765489425185,4.0519986563352095,Forecast
2043-03-01,0.4407669194615669,61.65910229751199,88.29826088428281,0.2868402791707785,0.28291593031359386,-13.079193778697855,-9.728256545113718,10.17941492197394,-8.161910096405192,-4.118690926478448,0.00021170498803257942,0.004517948622510095,0.01904162869641326,-0.0020890281733080855,-0.0006732185091842648,0.022916081555319684,0.0675126479160797,0.010724228168226973,0.013031660135822073,-0.03060557765868042,-0.0006466965876154189,0.0031408445407786092,0.0009028722592494272,,,,,,,,,,,,,,,,,,,,,,,,,,,,,,,,,,,,,,,,,,,,,,,,,,,,,,,,,,,,,,,,,,,,,,,,,,2221547.935903933,14.61371477929497,0.021172739911512473,4.146067742568493,Forecast
2043-04-01,0.4357219680148333,59.85877633667137,84.89080633246454,0.2950208602121831,0.2817056917785783,-13.160671524533475,-10.363203291903847,9.974455829816689,-10.325663459159994,-4.228697589467349,0.00033081878791563213,0.004772385371323644,0.019132424577803373,-0.002088808761247677,0.003134066520539637,0.024990233172989353,0.06414230843801942,0.005682042978848565,0.01289875082189589,-0.030597249672807945,-0.0006220742969742755,0.0029894685081075212,0.001017547309370751,,,,,,,,,,,,,,,,,,,,,,,,,,,,,,,,,,,,,,,,,,,,,,,,,,,,,,,,,,,,,,,,,,,,,,,,,,2222282.9872770836,14.614045598082885,0.033087351448557456,4.405121256171762,Forecast
2043-05-01,0.4621664865020473,64.91190363418869,96.60247330661952,0.29804849073301976,0.2872444053202367,-12.708362579782989,-10.866234919454946,9.964357299960568,-9.12724300164932,-3.958040362817782,0.004141472280025482,0.00440175130433578,0.018950987443465156,-0.002088657463468325,0.00011950991396854046,0.02312637501096274,0.07714490775370277,0.006544559532351326,0.012957694867425602,-0.030625390048312707,-0.000573508730980384,0.0029500309534902036,0.0007699623916965364,,,,,,,,,,,,,,,,,,,,,,,,,,,,,,,,,,,,,,,,,,,,,,,,,,,,,,,,,,,,,,,,,,,,,,,,,,2231505.5950725134,14.61818707036291,0.415006002756213,4.359326591679102,Forecast
2043-06-01,0.5327308305253533,61.334213017276326,95.44506533218399,0.27810435970318587,0.2804547117495041,-14.387683649476761,-10.359101915993707,9.763132488765104,-8.47543496552757,-3.8844642128993248,-0.0011184664908796549,0.005142480189653558,0.019021615230459865,-0.002089618907683876,0.0006796129129061773,0.025895764128746404,0.06517300912308073,0.025442937550435148,0.012835236034055486,-0.030544485175724563,-0.00037313183842167395,0.0031427328440076442,0.0008795353209427872,,,,,,,,,,,,,,,,,,,,,,,,,,,,,,,,,,,,,,,,,,,,,,,,,,,,,,,,,,,,,,,,,,,,,,,,,,2229011.12609024,14.617068603872031,-0.11178412403631821,4.11444115263524,Forecast
2043-07-01,0.5125300306754994,58.2078023081359,89.04742147096468,0.28835544902332316,0.28451065246729745,-14.279350276548255,-11.434783258899865,10.480094844377124,-7.473898719242259,-4.165674233250664,-0.0004525539116002619,0.005484299560014369,0.019004183849335218,-0.0020888944857262834,0.002114727270501612,0.02825337144292949,0.07024447766385769,0.01215080787532061,0.012887757817554229,-0.030510344190989778,-0.0003177562197919961,0.0032373302875295775,0.0009232419709046546,,,,,,,,,,,,,,,,,,,,,,,,,,,,,,,,,,,,,,,,,,,,,,,,,,,,,,,,,,,,,,,,,,,,,,,,,,2228002.6066080583,14.616616049960431,-0.04524515245246663,3.8996428639004765,Forecast
2043-08-01,0.4766177701371901,57.53796402686787,92.05799967974698,0.3135366731297421,0.27786225403526565,-12.825626109053589,-11.024480621417537,9.394384415606288,-8.246118215153695,-4.007768536392776,0.004159748088568449,0.004848874441482138,0.018944797818780425,-0.0021571234138955306,0.003609894559665914,0.02809466010388299,0.06426296473072053,0.01303859036296272,0.013149631956298865,-0.030622469316183603,-0.0005955168723267093,0.00313453616678234,0.0008866994409179557,,,,,,,,,,,,,,,,,,,,,,,,,,,,,,,,,,,,,,,,,,,,,,,,,,,,,,,,,,,,,,,,,,,,,,,,,,2237289.8390741698,14.620775798049,0.41684118495042277,4.074608607267516,Forecast
2043-09-01,0.5137588285798733,67.31844065266633,88.78446758793399,0.3097795059172682,0.2924445556845679,-14.770635446147406,-11.440213568007188,10.086651750216298,-7.547242581386323,-4.000722961606461,-0.002074282616376877,0.00446731634666356,0.0191706577203306,-0.002087687790560497,0.003952298185972682,0.028144990950796513,0.07560358707925431,0.00604611089153146,0.01305404984794069,-0.030818110426655998,-0.0006689767430109492,0.0028576520192576532,0.0006795953397699055,,,,,,,,,,,,,,,,,,,,,,,,,,,,,,,,,,,,,,,,,,,,,,,,,,,,,,,,,,,,,,,,,,,,,,,,,,2232653.8774627144,14.618701515432623,-0.20721327789043897,4.10448721218617,Forecast
2043-10-01,0.40634089894432357,62.40451151759559,86.9217245029331,0.3122134213362062,0.2819136198665692,-13.218701171953928,-10.467499503565467,9.54041152453987,-8.535523715727319,-4.020085234553605,-0.0005889958119951189,0.004214305363205296,0.0190260879054982,-0.002076933406353234,0.0021986846040646024,0.02692698528207174,0.08453101173717537,0.02199963201914837,0.013201457291905716,-0.030911716582049442,-0.0006509830145312296,0.003255485934913866,0.000799478022426446,,,,,,,,,,,,,,,,,,,,,,,,,,,,,,,,,,,,,,,,,,,,,,,,,,,,,,,,,,,,,,,,,,,,,,,,,,2231339.2408749824,14.618112519620627,-0.05888223880120558,4.210924608659794,Forecast
2043-11-01,0.5413371041674677,59.86542200130657,96.88714468502032,0.2927242128030766,0.28295922851610905,-14.143845016953808,-10.329535457522331,10.126270099474807,-9.469680508193205,-3.889740312877246,0.0011576905380934477,0.00430545277411546,0.018983082669958136,-0.0020803090864543595,0.0009019042779174992,0.02409910377922666,0.05535958187817089,0.009908459816402766,0.013215446125879724,-0.030880375044541497,-0.00028893093289969853,0.0034602307107470497,0.0009243450868296428,,,,,,,,,,,,,,,,,,,,,,,,,,,,,,,,,,,,,,,,,,,,,,,,,,,,,,,,,,,,,,,,,,,,,,,,,,2233923.937051896,14.61927021015872,0.1158360920457735,4.313334825603143,Forecast
2043-12-01,0.49235258777040364,61.10235607864236,84.7677645364255,0.2943952852027379,0.2900277575895709,-12.436309155388086,-10.957714976037261,9.602877896449986,-8.64332116736272,-4.387647903496007,-0.003231173614040017,0.004302750191552827,0.01894244419299926,-0.0020888100352904797,-0.002222189181289214,0.027133031374226676,0.07421062191413619,0.007266310903979008,0.01323673121786264,-0.03111853169231315,-0.0006328587786443081,0.003077186701580437,0.0009090856552438382,,,,,,,,,,,,,,,,,,,,,,,,,,,,,,,,,,,,,,,,,,,,,,,,,,,,,,,,,,,,,,,,,,,,,,,,,,2226717.3900429783,14.61603903654468,-0.32259589905411223,4.013686013675644,Forecast
2044-01-01,0.5222973119677609,64.77618922637541,89.46563090985013,0.27747743950416476,0.28051932948341757,-13.232114211975043,-11.332866788957876,10.23751262120804,-8.020817728918288,-3.411081898011595,-0.0069466279819607735,0.0037223563754666383,0.01903532235701249,-0.0020866165778479885,-0.0007060636437752372,0.025608175538623826,0.08002793093310724,-0.0018674417882430898,0.013290092912600781,-0.03103471775143042,-0.0006808501134483631,0.0031472036099623522,0.0009066134807401783,,,,,,,,,,,,,,,,,,,,,,,,,,,,,,,,,,,,,,,,,,,,,,,,,,,,,,,,,,,,,,,,,,,,,,,,,,2211302.8143614023,14.60909240856272,-0.6922555933907004,3.7436872228626905,Forecast
2044-02-01,0.5263497897466374,60.91889234522323,90.75943895906943,0.3121405437686478,0.2899583197936063,-13.520364182137335,-10.777691281068012,9.977690363396363,-8.046042976525897,-3.8826859075549227,0.039587583392858505,0.0038808948702661944,0.019016318450436713,-0.002089727954918056,0.003250496082897975,0.02903698210389195,0.06919496757304042,0.011335687662990701,0.013325622540226793,-0.031025328448058984,-0.0005040246101337775,0.0031414070914564315,0.0008264986583993939,,,,,,,,,,,,,,,,,,,,,,,,,,,,,,,,,,,,,,,,,,,,,,,,,,,,,,,,,,,,,,,,,,,,,,,,,,2300598.7933621462,14.648679991955579,4.0381615046481745,3.5802944411719606,Forecast
2044-03-01,0.597070275205721,56.80257654897458,96.52572376061529,0.3142323584403811,0.2813442242801542,-12.734868358273099,-11.231755991234325,10.713688974394058,-9.17845510204754,-4.327053021416869,0.00037413049722090364,0.0035468120701910274,0.019043502880063602,-0.0020977527484083098,-0.0007230369151117982,0.024931802871741612,0.06259860301607431,0.006986973696383813,0.013112304329138721,-0.031046012728378335,-0.0004362630249004342,0.0034133694358294076,0.0009452538556648368,,,,,,,,,,,,,,,,,,,,,,,,,,,,,,,,,,,,,,,,,,,,,,,,,,,,,,,,,,,,,,,,,,,,,,,,,,2301459.678564275,14.6490541224528,0.037420049276426504,3.597119889642486,Forecast
2044-04-01,0.4599901632211665,63.07190886168643,93.66626556024498,0.3140892420678715,0.2857950030503232,-14.118170514406886,-11.291219865884003,9.850651029188791,-8.46033133911429,-3.764455305176302,-0.0013282319996505976,0.003774644863723823,0.019072759652446484,-0.002089404469898007,0.004463862519870268,0.02659073005435767,0.07636416564989694,0.02636654499593364,0.01326859483685523,-0.031022642093454494,-0.0006206399711690168,0.003225560545839836,0.0008234466311305601,,,,,,,,,,,,,,,,,,,,,,,,,,,,,,,,,,,,,,,,,,,,,,,,,,,,,,,,,,,,,,,,,,,,,,,,,,2298404.8353926404,14.647725890453149,-0.132735028994313,3.4253895004086488,Forecast
2044-05-01,0.48045380931742365,66.22881138577536,84.4776987577258,0.32071943164293043,0.28048579487045977,-13.880760480004323,-10.481079030372026,10.046345878471746,-6.424573253312529,-3.933438804814439,0.005658714100718498,0.004294179619671615,0.01901746724493699,-0.0021040577906642627,0.0008616763660325313,0.03048317394748183,0.08203612512831104,0.027839408561060677,0.013368455439272188,-0.03099087724605102,-0.0007458893623798168,0.002763654715208599,0.0008160534014048993,,,,,,,,,,,,,,,,,,,,,,,,,,,,,,,,,,,,,,,,,,,,,,,,,,,,,,,,,,,,,,,,,,,,,,,,,,2311447.719415825,14.653384604553867,0.5674754865783393,3.582429930708453,Forecast
2044-06-01,0.49296058840662604,65.95223528679604,90.51933130380705,0.30563984317863657,0.27727199486123516,-14.264817678888534,-11.273286226569677,9.658143068368794,-9.051927141605278,-4.905590494672842,-0.00041157467057928443,0.0032988425571295454,0.019022871952943513,-0.002088845429625478,-0.000365935141725353,0.02668815982205779,0.0805708267436212,0.0012024314408517825,0.01311748063728376,-0.03090074752159215,-0.0007835923653629415,0.002860621048008668,0.0008609703058033099,,,,,,,,,,,,,,,,,,,,,,,,,,,,,,,,,,,,,,,,,,,,,,,,,,,,,,,,,,,,,,,,,,,,,,,,,,2310496.581827641,14.652973029883288,-0.04114899853431275,3.655677389117784,Forecast
2044-07-01,0.5139464433462412,59.92200361936772,90.86999863149897,0.32011144502427535,0.28485742656048324,-14.216127623117899,-11.938453712952187,9.97205180974431,-7.9938387756958695,-3.9362000018035586,-0.002163774101063609,0.0035539080274523452,0.01899930783336397,-0.002089519216527892,-0.0005541638016360855,0.025979289903808777,0.07652781771980059,0.002104811533670122,0.01291848476893626,-0.03098155030243039,-0.0005151492112785288,0.003380352376721333,0.0008281292274417582,,,,,,,,,,,,,,,,,,,,,,,,,,,,,,,,,,,,,,,,,,,,,,,,,,,,,,,,,,,,,,,,,,,,,,,,,,2305502.5940424553,14.650809255782224,-0.2161434829406006,3.4784513808259865,Forecast
2044-08-01,0.4806418713699274,66.36487192744411,89.93365109366148,0.297747286336716,0.28580621112232935,-13.561359098891494,-11.783979780294544,10.111264172576979,-9.748022752595812,-4.647961375628436,0.004227458033710718,0.002748626563487981,0.019000793888381013,-0.002089018973403524,0.0032222611696259475,0.02840736181380804,0.07441717156999755,0.00949262785162825,0.013059628643728859,-0.031076411105897102,-0.0007525915313575293,0.003080805998421788,0.00098129993092256,,,,,,,,,,,,,,,,,,,,,,,,,,,,,,,,,,,,,,,,,,,,,,,,,,,,,,,,,,,,,,,,,,,,,,,,,,2315269.639847613,14.655036713815935,0.4236406339509724,3.485458138303299,Forecast
2044-09-01,0.49235302202829484,62.62995640648545,93.06670315910304,0.2778439818252234,0.2776763984941167,-13.359499991405936,-12.022082772094675,9.534968639461605,-7.908081575869412,-3.659503734854253,-0.0027782039251178503,0.002177104456266267,0.01896064539402958,-0.002073680901293491,-0.0003177209803131159,0.027170304927529466,0.06557907166711474,0.0047659352545748575,0.013062907900143642,-0.03119443729192839,-0.0007912465343700682,0.002937653595201038,0.0007937650944297621,,,,,,,,,,,,,,,,,,,,,,,,,,,,,,,,,,,,,,,,,,,,,,,,,,,,,,,,,,,,,,,,,,,,,,,,,,2308846.2754860395,14.652258509890817,-0.27743482880017156,3.4126381519518523,Forecast
2044-10-01,0.5146264907754552,66.23031717711739,85.74778098878127,0.31154167927570625,0.2820180656680475,-13.066127974279677,-10.929943585590692,9.594580106859711,-9.058247899380572,-4.263293645615567,-0.0004142503603361547,0.0035303900429554504,0.01876486002746817,-0.00208903675618153,0.0013040110449291462,0.022507273771018754,0.08059706919546894,0.013455558268164228,0.013374925644143453,-0.031467045962096304,-0.0008640606207964552,0.002819541835755264,0.0008760720614269195,,,,,,,,,,,,,,,,,,,,,,,,,,,,,,,,,,,,,,,,,,,,,,,,,,,,,,,,,,,,,,,,,,,,,,,,,,2307890.0331599973,14.651844259530481,-0.04141645705021402,3.430710619107691,Forecast
2044-11-01,0.5555710959732922,63.90057180884776,89.18813949830809,0.27739032442065426,0.2882322590670472,-14.824503945686965,-10.892721223649602,10.300101732560876,-8.13233507168108,-3.641089375806325,-0.0024713582824915648,0.003405287714879631,0.019024354136287454,-0.002088887489012489,-0.0017450267299316975,0.0220800160424318,0.07950936340426293,0.00879350475494489,0.013372750440808502,-0.031333883768490875,-0.0006215067060144302,0.003066148337514784,0.0008096459667890981,,,,,,,,,,,,,,,,,,,,,,,,,,,,,,,,,,,,,,,,,,,,,,,,,,,,,,,,,,,,,,,,,,,,,,,,,,2302193.4520572876,14.64937290124799,-0.2468306990740743,3.0560357885544898,Forecast
2044-12-01,0.4954186228377803,56.46085408544975,92.90229600232045,0.30248581867616053,0.28587621000412156,-14.08773081628221,-11.207360767898187,10.229145739022828,-9.511242953985425,-4.676628448068252,-5.2402381697902456e-05,0.003718562802038493,0.019021617034075393,-0.0020893821438504674,0.00308472133809941,0.026603302266135307,0.06444898436688615,0.014104955601665163,0.012858637362937563,-0.031349274629746376,-0.0004988617417539947,0.003366018979528241,0.0010467813847739671,,,,,,,,,,,,,,,,,,,,,,,,,,,,,,,,,,,,,,,,,,,,,,,,,,,,,,,,,,,,,,,,,,,,,,,,,,2302072.814798138,14.649320498866292,-0.00524010087169513,3.3841485718897335,Forecast
2045-01-01,0.513890522326229,68.02565906291193,93.19429364320467,0.3126081539056053,0.28155651807707244,-14.4136706252201,-10.673011000657942,9.883052080591977,-8.256057535466047,-4.081070819081676,-0.004229723010212183,0.003346100415728948,0.018971068079071,-0.0020882012198303727,0.0014778104155964812,0.0257247239635707,0.07655237638111484,0.02046021021088924,0.013336784143527439,-0.03139960370076065,-0.0009316705512385716,0.003110252431758403,0.0008942685666988091,,,,,,,,,,,,,,,,,,,,,,,,,,,,,,,,,,,,,,,,,,,,,,,,,,,,,,,,,,,,,,,,,,,,,,,,,,2292356.248121257,14.64509077585608,-0.42207903305322425,3.6654153937420775,Forecast
2045-02-01,0.4500668929099532,62.08101647071103,91.15450605425328,0.30455469951883196,0.28061759244785683,-13.66468213638328,-10.1969198416562,9.750720352286102,-8.924165386834753,-3.3755366466689676,0.039177872240543365,0.0034474067857823754,0.01904668959780327,-0.0020886853887864374,0.002211751693396334,0.02598363522582368,0.07877188904758024,0.0025378832243086267,0.01348165052221201,-0.0313830968323174,-0.0004634361578881454,0.003163043409543239,0.0008592413782645021,,,,,,,,,,,,,,,,,,,,,,,,,,,,,,,,,,,,,,,,,,,,,,,,,,,,,,,,,,,,,,,,,,,,,,,,,,2383948.365334503,14.684268648096623,3.9955446405117945,3.622951216563397,Forecast
2045-03-01,0.3156332616189438,63.92302533525257,89.76217168326713,0.32956558389641716,0.29139878437493766,-11.997999706081705,-11.3112343590097,9.788375406491678,-8.845047346515805,-4.2271489876331625,-0.003152628894895315,0.003151834625520153,0.01897899748577779,-0.002090001532736936,-0.0010330972119849194,0.02709415603875634,0.08142353108853051,0.02038244107647994,0.013350440988258102,-0.031370073914774865,-0.0006801527507006883,0.002887592526848593,0.0008877515045308833,,,,,,,,,,,,,,,,,,,,,,,,,,,,,,,,,,,,,,,,,,,,,,,,,,,,,,,,,,,,,,,,,,,,,,,,,,2376444.4955075528,14.681116019201728,-0.3147664578673548,3.2581416759843274,Forecast
2045-04-01,0.5456482855529801,57.17358668878901,90.3332695263875,0.2756330215943211,0.2772497047318149,-13.494998961545383,-10.785929962800008,10.155191337254937,-8.182306256820716,-4.444895713694337,-0.0004332776297815144,0.0035219731365069276,0.018367885029062503,-0.002104223587098126,0.0012656451070249895,0.026270356119721266,0.07291540117540873,0.005402768088111538,0.0133737486580472,-0.03140159576291043,-0.0004530793817280104,0.003295228700769286,0.001014109503175442,,,,,,,,,,,,,,,,,,,,,,,,,,,,,,,,,,,,,,,,,,,,,,,,,,,,,,,,,,,,,,,,,,,,,,,,,,2375415.058301393,14.680682741571946,-0.04331837785842563,3.350594365400239,Forecast
2045-05-01,0.644393372585941,63.67636048984367,93.28466331157185,0.2992826468952422,0.2829029145256918,-13.010265475943847,-11.93688431038237,10.2521489208584,-8.67743526205779,-3.721448364665995,0.0060588340274989605,0.0032179023851910344,0.01902576980889726,-0.0020961405439791844,0.003754249551058104,0.02709419855410715,0.06550074603439755,0.030266085126799142,0.013444858742554647,-0.03139454526204775,-0.0006528795499769868,0.003235699442056854,0.0008490407454091552,,,,,,,,,,,,,,,,,,,,,,,,,,,,,,,,,,,,,,,,,,,,,,,,,,,,,,,,,,,,,,,,,,,,,,,,,,2389850.9921885272,14.686741575599445,0.6077225888033722,3.3919552717600387,Forecast
2045-06-01,0.47047474662725364,65.77411698834413,90.86607071146572,0.30063704991456175,0.27701268193333495,-12.28012836663314,-10.137171459533835,9.268185118013937,-8.153809169299263,-3.7433297255607534,-0.001552852801978588,0.003482094244250936,0.018999916984701302,-0.0020866385281077217,-0.00015532170155336243,0.02630327885762336,0.06882777568935139,0.0257122410468173,0.01335016422621997,-0.03135583004873926,-0.0006527807916058974,0.0029918368033373705,0.0007877826872793486,,,,,,,,,,,,,,,,,,,,,,,,,,,,,,,,,,,,,,,,,,,,,,,,,,,,,,,,,,,,,,,,,,,,,,,,,,2386142.785273894,14.685188722797466,-0.1551647749903129,3.2740236034634496,Forecast
2045-07-01,0.48688083417121086,68.67000462660761,87.23395691815004,0.2833640004155187,0.2888931320352221,-13.033558085978457,-11.919608953490126,10.730642826895311,-8.664891548755335,-4.5351422939655075,0.00046437568380497396,-0.000818899429714439,0.019000908852852598,-0.002088196706907566,7.617252161165025e-05,0.02847864271347869,0.06481763826913335,0.010982556192535717,0.013118152301118036,-0.03136994763986166,-0.0007425309521607438,0.002847480677684179,0.0008813447878246756,,,,,,,,,,,,,,,,,,,,,,,,,,,,,,,,,,,,,,,,,,,,,,,,,,,,,,,,,,,,,,,,,,,,,,,,,,2387251.1092809043,14.685653098481271,0.046448352288486205,3.5458001847272547,Forecast
2045-08-01,0.7419863712555057,66.81225196823641,86.41509282784612,0.2855072762582087,0.28315053554277997,-14.026916726077545,-11.487391951996592,10.654900478360874,-8.445495329319279,-5.217335659002428,0.002113024238497019,0.003350871353899539,0.019199659803951843,-0.002088607122616014,7.846906733445698e-05,0.027575731975050248,0.0730582482565724,0.0033465798225298313,0.013377813416681776,-0.03146912859509356,-0.0009141946083837818,0.0029723739693717603,0.0008662761289795174,,,,,,,,,,,,,,,,,,,,,,,,,,,,,,,,,,,,,,,,,,,,,,,,,,,,,,,,,,,,,,,,,,,,,,,,,,2392300.7618785235,14.687766122719768,0.21152582474410764,3.327090750258388,Forecast
2045-09-01,0.41087030196629654,63.84498094132765,85.47049289049673,0.2897534422875468,0.28398918134048823,-14.462896299924498,-11.339686173257782,9.179625146743854,-8.116628335542305,-4.420030748720079,-0.003077293746173382,0.0026841670621669733,0.018984092082367288,-0.002088851183160274,-0.0009267344327576941,0.027691291941167682,0.07139108314548437,0.0017934370149489433,0.013519018605838564,-0.0315351148311617,-0.0005947721264620424,0.0032413322573428514,0.0008945948435121136,,,,,,,,,,,,,,,,,,,,,,,,,,,,,,,,,,,,,,,,,,,,,,,,,,,,,,,,,,,,,,,,,,,,,,,,,,2384950.2653241726,14.684688828973595,-0.3072563730899369,3.2961912902630175,Forecast
2045-10-01,0.525373322461765,56.44174309376679,96.13354817098222,0.2864422269877508,0.29495465224945533,-13.774291504920411,-12.004776196323236,10.5742089434052,-8.748446435908495,-3.8221851283350436,-0.0008518501417711377,0.0034336858832045357,0.018999029841840508,-0.002089790412781966,-0.0012034789449752528,0.028649053145113006,0.09335253689921749,0.019224266169860157,0.013467662998880758,-0.031648260945806084,-0.000320287293167619,0.0036630883118773856,0.000982759794990057,,,,,,,,,,,,,,,,,,,,,,,,,,,,,,,,,,,,,,,,,,,,,,,,,,,,,,,,,,,,,,,,,,,,,,,,,,2382919.5101748714,14.683836978831824,-0.0851487420441055,3.2509987883669877,Forecast
2045-11-01,0.4314501585210394,62.34738328345645,93.68351910803021,0.2991622290384099,0.2807749267602287,-14.039614748392081,-11.001166850864042,10.515498073386148,-9.084490224463796,-4.533728368871005,0.000223876180825755,0.0029018531056696035,0.01900002511906252,-0.0020886780683235444,0.002115703330454348,0.02825318898836832,0.08182079155813683,0.0114626427397683,0.013606455085243562,-0.031670225710966185,-0.0006409525846022531,0.0033740332286862963,0.0010034118999226714,,,,,,,,,,,,,,,,,,,,,,,,,,,,,,,,,,,,,,,,,,,,,,,,,,,,,,,,,,,,,,,,,,,,,,,,,,2383453.0488150925,14.68406085501265,0.022390124296811642,3.5296597983627276,Forecast
2045-12-01,0.5595149387245968,59.784983494208056,90.60995632873795,0.2927755173391376,0.2906917815160067,-14.827103270957588,-10.989282768160841,10.184206835451434,-8.899760127736998,-4.220375880866734,-0.003070992883294821,0.0031120396201973098,0.0190260879054982,-0.002089374831089808,-0.0008101848049597825,0.029160241803934527,0.08303827282231312,0.019682824094797782,0.013492757719655038,-0.03171914877725356,-0.0003496966053328428,0.0032686618727172764,0.0007997897438730223,,,,,,,,,,,,,,,,,,,,,,,,,,,,,,,,,,,,,,,,,,,,,,,,,,,,,,,,,,,,,,,,,,,,,,,,,,2376144.709137826,14.680989862129355,-0.30662822080340657,3.2176173517857842,Forecast
2046-01-01,0.4986596142242036,62.68450023274597,89.31407076372379,0.30458677039638316,0.28171554783908925,-13.614668410262881,-11.23753702647198,9.677413073625878,-7.763744307200965,-4.548391555082927,-0.00563487084582448,0.002871211316125294,0.018999190037545514,-0.0021098493037654555,-0.0012216408225815692,0.025994528220999978,0.07793865221880204,0.030700682924294086,0.013472169930843382,-0.0316775545243927,-0.0006257986102607285,0.003129684096660526,0.0008095506183096866,,,,,,,,,,,,,,,,,,,,,,,,,,,,,,,,,,,,,,,,,,,,,,,,,,,,,,,,,,,,,,,,,,,,,,,,,,2362793.093234545,14.67535499128353,-0.5619024738659828,3.072683190975045,Forecast
2046-02-01,0.5262495212235065,57.57656405780404,88.8598779062302,0.3088265418213001,0.28237935059356,-13.599424137044696,-12.060543332547772,10.569011442521973,-8.45995987477139,-5.228978958140227,0.04034615680575371,0.002491495552974391,0.018993419479579644,-0.0020888949270503527,-0.0001796175998522902,0.026187945325495114,0.0704197876076566,0.004997659137935145,0.013536410429064068,-0.03172809107624865,-0.0005197576789600018,0.0032497967575236793,0.0009351266678870609,,,,,,,,,,,,,,,,,,,,,,,,,,,,,,,,,,,,,,,,,,,,,,,,,,,,,,,,,,,,,,,,,,,,,,,,,,2460071.9318962623,14.715701148089284,4.117112028990544,3.1931717846195085,Forecast
2046-03-01,0.5022040840308335,61.107666805055764,94.82358365982833,0.30803456744226465,0.2945286110152155,-12.615570977466689,-9.972102661384174,10.107241715826564,-9.105382193852067,-4.581337817690905,-0.001061428221873939,0.000938717845458203,0.019007230982975104,-0.0020894355947357877,-0.001162412410372365,0.026008979102062627,0.07114493972623048,0.0010919834081660317,0.013538353776512593,-0.031774496885123404,-0.0005629620636453734,0.003360504254434233,0.0008597112422572427,,,,,,,,,,,,,,,,,,,,,,,,,,,,,,,,,,,,,,,,,,,,,,,,,,,,,,,,,,,,,,,,,,,,,,,,,,2457462.127424991,14.71463971986741,-0.1060865106191966,3.409195210348681,Forecast
2046-04-01,0.3924666106266964,60.00852022749744,97.73093806695259,0.29538069962592794,0.28273530107914246,-14.056095428489861,-10.841777926624921,10.418987950080531,-8.295582187771442,-3.848929875115463,-0.001982260961085558,0.0025295996213006546,0.01901642715840726,-0.002089100731248208,0.002507171901438773,0.024718945190193752,0.0720457276697307,0.013282867924010549,0.013544895996683086,-0.031808852483538076,-0.0004993113307943502,0.0034801634314524416,0.0008275504605130949,,,,,,,,,,,,,,,,,,,,,,,,,,,,,,,,,,,,,,,,,,,,,,,,,,,,,,,,,,,,,,,,,,,,,,,,,,2452595.621122701,14.712657458906325,-0.19802975793524746,3.2491400840280127,Forecast
2046-05-01,0.46245580098964395,59.89844988455407,88.83012071408476,0.30422590144393835,0.27764969478210194,-13.6689657587046,-9.610226896624265,11.081939149058455,-8.289561918417018,-5.512079983999347,0.0031949325930327177,0.0026915130303782546,0.0189519594637495,-0.0020890293134660414,0.0011588201047254,0.02427862407882657,0.07537421822054276,0.021470657506235606,0.013470111260382965,-0.03177269087304909,-0.0006151467108821514,0.0030461792610390536,0.0009913675025545411,,,,,,,,,,,,,,,,,,,,,,,,,,,,,,,,,,,,,,,,,,,,,,,,,,,,,,,,,,,,,,,,,,,,,,,,,,2460444.029702229,14.715852391499357,0.32000418299431566,2.9538677408944114,Forecast
2046-06-01,0.544163168692707,59.9488436440972,95.06799009675767,0.3136977354422205,0.28457787895803555,-14.305073534134992,-11.673259206596478,10.318798902559774,-8.25946613937862,-4.110120709940686,-0.0019645835272967815,0.002770750435331717,0.01904162869641326,-0.002097916787291768,-0.0007121649582135272,0.02631800737051893,0.07745921616435067,0.0035210319623110026,0.013431942425921281,-0.03172965471760491,-0.0003665918484161123,0.003430380119163067,0.0008050488139171302,,,,,,,,,,,,,,,,,,,,,,,,,,,,,,,,,,,,,,,,,,,,,,,,,,,,,,,,,,,,,,,,,,,,,,,,,,2455615.0269344496,14.71388780797206,-0.1962654996205626,2.9114871955401744,Forecast
2046-07-01,0.582395217606133,61.37820900359083,90.94121241942514,0.3062173790979057,0.2826330688924014,-13.198774865393661,-10.565020424550537,9.835599232564359,-9.163252996901944,-4.826566659485538,0.002278839470818639,0.0015830398761197332,0.01897684046686918,-0.0020890101043317113,0.003737823988308587,0.026919543338181168,0.07361022628892386,0.012002894870532337,0.013541666712486859,-0.03170985747294937,-0.0006381183467305758,0.002976895925627791,0.0008919876108922738,,,,,,,,,,,,,,,,,,,,,,,,,,,,,,,,,,,,,,,,,,,,,,,,,,,,,,,,,,,,,,,,,,,,,,,,,,2461217.3603677806,14.71616664744288,0.2281437998986613,3.0983858714870083,Forecast
2046-08-01,0.47426515357014065,62.82978094067858,90.28287626011118,0.3243911443976802,0.28505314759011846,-13.996743103352049,-10.783313289211298,10.131881964940634,-9.077349370033161,-3.9505977506019425,0.0015910289948806167,0.0017934342779779506,0.018873943495178257,-0.002088964172220939,0.0007953547942380063,0.024889252160029143,0.07130653104096618,0.02344446416330083,0.013491700291759695,-0.03185140243576206,-0.0006564742160374708,0.002971033007497729,0.0008984255722086505,,,,,,,,,,,,,,,,,,,,,,,,,,,,,,,,,,,,,,,,,,,,,,,,,,,,,,,,,,,,,,,,,,,,,,,,,,2465136.3453334835,14.71775767643776,0.15922953530269623,3.0445830480682057,Forecast
2046-09-01,0.5061636649689666,53.02484052460212,96.40867299683687,0.31313600497925986,0.2829238385567177,-14.71089992320601,-11.431832541216972,9.96244470436638,-9.08053394371499,-3.8936673243110658,-0.004116897936910391,0.0023960722503006708,0.018992547461062066,-0.0020889068230143183,0.00026670682501990213,0.024559148154432123,0.06858388999517732,-0.002532622126863523,0.013531124999954694,-0.03190056184213789,-0.0001580899044416114,0.0038930318138145894,0.0010242510822500658,,,,,,,,,,,,,,,,,,,,,,,,,,,,,,,,,,,,,,,,,,,,,,,,,,,,,,,,,,,,,,,,,,,,,,,,,,2455008.4925718633,14.71364077850085,-0.41084351300860744,2.9375131325083625,Forecast
2046-10-01,0.5192208893391153,53.468293261463614,90.98396483887262,0.32264587796512334,0.29285055073630223,-13.914169563137081,-10.382024072383276,10.419681135132999,-8.86793133836598,-4.353316407675122,-0.0019034644355997443,0.00259878160079593,0.018814919635643967,-0.0020968623708552034,-0.00036102959517847,0.024883789454309475,0.06153280063321528,0.013573999434552921,0.013674358591131228,-0.031996463315550706,-0.0004290996950510622,0.0034487949560434656,0.0008179663932804128,,,,,,,,,,,,,,,,,,,,,,,,,,,,,,,,,,,,,,,,,,,,,,,,,,,,,,,,,,,,,,,,,,,,,,,,,,2450339.915861614,14.71173731406525,-0.19016539960554635,2.829319471298253,Forecast
2046-11-01,0.6443933193335165,60.62148840623383,92.16874772283306,0.2688018951004469,0.28588068553597584,-13.751156376710572,-11.567268026719605,10.00642852897878,-8.364228378566294,-4.420069189438943,-0.001164889195933938,0.002402144638547372,0.0189523517651688,-0.0020886114200774717,0.0004773726422866994,0.0253089257449245,0.08558699393509414,0.0068513688303670425,0.013568677875648149,-0.03200713925002342,-0.0005156794696637377,0.003473282817000827,0.0009456773496074712,,,,,,,,,,,,,,,,,,,,,,,,,,,,,,,,,,,,,,,,,,,,,,,,,,,,,,,,,,,,,,,,,,,,,,,,,,2447487.2032369054,14.710572424869316,-0.11642109758904784,2.6866127886868485,Forecast
2046-12-01,0.3229859036696351,61.093908629986515,92.1624680767908,0.3020000092685202,0.2791029322628651,-13.852924126896974,-11.564050499420176,10.149328157428712,-8.538619529559645,-4.796185289394539,-0.000374962663045153,0.002279784282098642,0.01897735413860644,-0.002089012365695303,-0.000594309432260931,0.025643365970168933,0.09440573410611788,0.01263333143744925,0.013593595858191332,-0.032153530519647776,-0.000512002795410095,0.0034764059733229085,0.0008616501231506945,,,,,,,,,,,,,,,,,,,,,,,,,,,,,,,,,,,,,,,,,,,,,,,,,,,,,,,,,,,,,,,,,,,,,,,,,,2446569.6589505854,14.71019746220627,-0.03748923733315479,2.9638325284621514,Forecast
2047-01-01,0.42334119939637094,62.480548156018365,85.2928846513206,0.2965562395367168,0.2840453644746469,-13.212730569681572,-13.356543026813545,9.775361010443968,-8.398555843593412,-5.000700116710514,-0.0037180734798312187,0.0024031725948467047,0.019006831403713422,-0.0020866313624744695,0.0012110630205394097,0.025646487826646303,0.08489640011292919,0.017689272932234382,0.013690457011839883,-0.03207306086777951,-0.0007737650413557521,0.0027839484387514658,0.0009370479542290931,,,,,,,,,,,,,,,,,,,,,,,,,,,,,,,,,,,,,,,,,,,,,,,,,,,,,,,,,,,,,,,,,,,,,,,,,,2437490.02302165,14.70647938872644,-0.37111700031585704,3.161382602691143,Forecast
2047-02-01,0.515038657282298,59.26425500731919,92.06467907201217,0.29901952703566975,0.28011391520163614,-14.87584260072007,-10.992366866051862,10.20603491949518,-7.7501194785542245,-3.353047762936668,0.03824537619948387,0.0017781444041308123,0.019078925120961217,-0.0020673365409836406,0.00034082281536793036,0.026260757880257703,0.0628386271786729,0.01347789617495407,0.013689598860489661,-0.032032124796368154,-0.00048695083601206794,0.0034841699097970503,0.0008359453565967996,,,,,,,,,,,,,,,,,,,,,,,,,,,,,,,,,,,,,,,,,,,,,,,,,,,,,,,,,,,,,,,,,,,,,,,,,,2532518.360238104,14.744724764925923,3.898614407399781,2.944890651469656,Forecast
2047-03-01,0.4731078679919799,61.83655347144381,89.08147951609222,0.29042303191227975,0.2825100705570998,-14.525901575084102,-12.096763305813035,10.35947005830843,-8.225861374623381,-4.7597420285852285,-0.0005850776797160506,0.0024335312252548097,0.018984594835440995,-0.0020895278172468504,0.0003207497590008337,0.02359343162970968,0.08088897961744088,0.0027797854033389004,0.013659268203711739,-0.03207278885874005,-0.0006042750116637193,0.0032781745832284473,0.0009771699882159847,,,,,,,,,,,,,,,,,,,,,,,,,,,,,,,,,,,,,,,,,,,,,,,,,,,,,,,,,,,,,,,,,,,,,,,,,,2531037.073648174,14.744139687246207,-0.058490655514575884,2.993940187402888,Forecast
2047-04-01,0.5515778816817938,62.25629565996989,86.04847611826759,0.30569694662636526,0.2797182304937325,-13.547422748657041,-11.63499325688887,9.271189920818657,-8.779291739864918,-3.4670768278896174,-0.0004545142874121666,0.00206607534838733,0.01907674968538121,-0.0020886035134187846,0.0006043392986621519,0.026097094256985434,0.08339214169529495,0.007205702709095117,0.013760632823879997,-0.03218196620770723,-0.0007413442345261776,0.003318564542410586,0.0008618420036056429,,,,,,,,,,,,,,,,,,,,,,,,,,,,,,,,,,,,,,,,,,,,,,,,,,,,,,,,,,,,,,,,,,,,,,,,,,2529886.9425315433,14.743685172958795,-0.045441101144072515,3.1514090926029414,Forecast
2047-05-01,0.5217813997319223,59.22229295024752,89.24821389456083,0.27757056878451947,0.2923913767926347,-14.450976092399785,-11.904226784730449,10.389045847049692,-9.443219716637662,-4.753131349339968,0.004247388336807489,0.003506806800144649,0.018961503975391317,-0.0020890295192256647,-0.00024030865212707798,0.023190662920689963,0.07029910354078428,0.023749602161396557,0.013627233276494987,-0.032034778865158785,-0.0004964695979106637,0.0032220360393027366,0.000776370455106858,,,,,,,,,,,,,,,,,,,,,,,,,,,,,,,,,,,,,,,,,,,,,,,,,,,,,,,,,,,,,,,,,,,,,,,,,,2540655.2071368773,14.747932561295602,0.4256421274920097,3.260028534132342,Forecast
2047-06-01,0.5395845942343482,65.37143154281921,89.29179911069052,0.30573787562642973,0.28062038674852474,-13.854820017359133,-11.54087852435422,10.304061643954906,-9.174924959855034,-4.050753950868162,-0.0004873693687841296,0.0032240979207579855,0.018993419479579644,-0.002090104189697999,0.00302920555344602,0.026097112348976857,0.07890818619870486,0.014347842329549831,0.013581986033131764,-0.03205538016684054,-0.000798611221561463,0.0032389247008310605,0.0008567719489677169,,,,,,,,,,,,,,,,,,,,,,,,,,,,,,,,,,,,,,,,,,,,,,,,,,,,,,,,,,,,,,,,,,,,,,,,,,2539417.2713027834,14.747445191926818,-0.048725062362520166,3.412678430826799,Forecast
2047-07-01,0.5346038265893762,62.440636934778176,94.87156224348892,0.29079362335997827,0.28645322623057246,-15.644944404046251,-11.05158920239828,10.022151185883137,-8.886758612693324,-4.9644137883364765,-0.0017076256917789578,0.0016083032595078594,0.01898447052255709,-0.0020910914236983934,-0.0002733582836799989,0.02809942518606602,0.07071598667105881,0.01889544645739092,0.01354156258301061,-0.032027882270689645,-0.0006093129602249659,0.0032377619754157603,0.0008779402231482769,,,,,,,,,,,,,,,,,,,,,,,,,,,,,,,,,,,,,,,,,,,,,,,,,,,,,,,,,,,,,,,,,,,,,,,,,,2535084.5974735664,14.74573756623504,-0.17061685285751915,3.001248012274216,Forecast
2047-08-01,0.7037192395776866,63.7420471282207,87.32193620211687,0.29420493654612423,0.2821905812977721,-12.204607738555884,-11.33220072724658,11.10902815141702,-8.188205399458944,-4.060375834348577,0.001994716003537178,0.0016282281343738673,0.018984450910697177,-0.002089519761438852,0.002137193578118558,0.027231859274839756,0.08801385066526028,0.013725884483455058,0.013649146415270912,-0.03208973772198969,-0.0009061760975418293,0.0032226077650215085,0.0009704745116066827,,,,,,,,,,,,,,,,,,,,,,,,,,,,,,,,,,,,,,,,,,,,,,,,,,,,,,,,,,,,,,,,,,,,,,,,,,2540146.418059363,14.747732282238577,0.19967067729578236,3.0428366718082023,Forecast
2047-09-01,0.4901625945730955,62.03056482820944,88.52752296443671,0.3062817429759412,0.2787741926921947,-14.301536308424051,-10.978699478863987,10.749094763724802,-8.816814283684494,-4.592388353200076,-0.0017940468387678266,0.0021872427923132916,0.018985797302966633,-0.002089379726071352,0.000319470771458224,0.027249930576611636,0.0783832763359671,0.01853234019788604,0.01357431218501929,-0.03220306282781076,-0.0007360279063389153,0.003142094223478319,0.0008234384487256668,,,,,,,,,,,,,,,,,,,,,,,,,,,,,,,,,,,,,,,,,,,,,,,,,,,,,,,,,,,,,,,,,,,,,,,,,,2535593.361827313,14.745938235399809,-0.179243849869426,3.282468044378506,Forecast
2047-10-01,0.5427390693802457,69.22250518693315,91.93642957872041,0.30174761863565486,0.2844665341348206,-13.180968300302425,-10.537284359311343,9.879471946055723,-9.121143907470822,-4.485750794989059,6.178815965540707e-05,0.0021865917007747645,0.018980974481302263,-0.002244577256912749,0.0005960654257556024,0.0265815114163579,0.06616857382362913,0.008345929302641109,0.013771944833411142,-0.03217672591285575,-0.000876753045502602,0.003087817765201355,0.0008209812309583538,,,,,,,,,,,,,,,,,,,,,,,,,,,,,,,,,,,,,,,,,,,,,,,,,,,,,,,,,,,,,,,,,,,,,,,,,,2535750.0363150393,14.746000023559464,0.006179006858308966,3.4856437631589854,Forecast
2047-11-01,0.5100745762366818,63.883418691817724,86.55353260816732,0.3142983774227445,0.28543399819839427,-14.350518008254666,-11.660827962759347,10.71242294811624,-9.275015996962775,-4.0831931094841405,-0.00043148151598870754,0.00031854173311508067,0.01896194997244506,-0.002091079927253296,0.00016667228342670006,0.026902720135947605,0.08077250862434696,0.004938943554581076,0.013865557189906359,-0.032462340820037815,-0.0008096713844450952,0.003076960453495499,0.0009538269519677188,,,,,,,,,,,,,,,,,,,,,,,,,,,,,,,,,,,,,,,,,,,,,,,,,,,,,,,,,,,,,,,,,,,,,,,,,,2534656.143059533,14.745568542043475,-0.04313884412265878,3.5615687676463947,Forecast
2047-12-01,0.5988904646634743,60.05759592103841,88.88303198918481,0.2883309403923654,0.2860259767211917,-13.850362715061092,-11.728868026584784,10.870505652612657,-8.845671883364878,-4.652264477024285,-0.002080935752019286,0.0015517095087407668,0.01902576980889726,-0.002089444536174835,0.0007083046948318253,0.02404571917171403,0.08368475019272108,0.01805175587227442,0.013697051392607709,-0.03228489812398723,-0.0005779719965850563,0.003058780511397559,0.0008377132360043314,,,,,,,,,,,,,,,,,,,,,,,,,,,,,,,,,,,,,,,,,,,,,,,,,,,,,,,,,,,,,,,,,,,,,,,,,,2529387.1705703293,14.743487606291456,-0.20787721062801578,3.3850461325211967,Forecast
2048-01-01,0.5429399640922943,64.68481316372868,85.23017008290256,0.29971245520558276,0.2726034688424399,-13.030977157076444,-10.781070432087027,10.389469599072086,-8.157756481163872,-5.111245404786259,-0.004680328071117401,0.0015496771860450508,0.01902866396804266,-0.0020874580677594976,-0.0003323518594893631,0.024979751959636285,0.07598698090948457,0.021221958996089064,0.013835165734230555,-0.03232084878089222,-0.0009783532078637685,0.002539311437875724,0.0008700153142393099,,,,,,,,,,,,,,,,,,,,,,,,,,,,,,,,,,,,,,,,,,,,,,,,,,,,,,,,,,,,,,,,,,,,,,,,,,2517576.4693313655,14.738807278220339,-0.466939240318065,3.285611245720532,Forecast
2048-02-01,0.643471899803445,56.014966560889725,94.5398051627815,0.3120275779340238,0.2784912962579993,-13.378061069153466,-10.830286597727984,10.548976985303003,-7.794603379043069,-4.01328184422341,0.03773658722639084,0.0014510036262315805,0.018993419479579644,-0.002087983497359506,0.0019564975301165953,0.025745638622631312,0.07889415214512036,0.003588369098526622,0.013707865526210285,-0.032321176674774355,-0.0006068988159479951,0.003501127213389447,0.0009243163535908425,,,,,,,,,,,,,,,,,,,,,,,,,,,,,,,,,,,,,,,,,,,,,,,,,,,,,,,,,,,,,,,,,,,,,,,,,,2614396.553697339,14.77654386544673,3.845765383709976,3.2330740319504114,Forecast
2048-03-01,0.5982863799125944,62.20246409858521,90.22245235350232,0.3053135559652446,0.2877189882575244,-14.292614538977089,-10.998925652030476,10.533476175454478,-8.955042674887284,-5.0404523135294665,0.0004296681727282703,0.00152600530832217,0.018993419479579644,-0.0020880657841885327,0.0007187363771755747,0.026235296878106544,0.07416634945417239,0.006527969268164729,0.013693051825371644,-0.03231655393971931,-0.0007386643737436836,0.0031871608352708825,0.0009149178920021483,,,,,,,,,,,,,,,,,,,,,,,,,,,,,,,,,,,,,,,,,,,,,,,,,,,,,,,,,,,,,,,,,,,,,,,,,,2615520.1180499885,14.776973533619458,0.04297604933194421,3.3378825336620954,Forecast
2048-04-01,0.469869285789519,62.90850942437176,91.1713600996936,0.30624240521895274,0.2798271589871621,-14.17126564040003,-11.976035790793311,9.562289914498452,-8.797016743833368,-4.103839599216435,-0.0021785814315080643,0.001389485357107336,0.018994399013630713,-0.002159976869313713,0.0002876755919454375,0.025390379629454618,0.06439136808729695,0.010212900979702939,0.013779678409546968,-0.03233312879312548,-0.00061215045311168,0.003235811683104328,0.0008662482400976279,,,,,,,,,,,,,,,,,,,,,,,,,,,,,,,,,,,,,,,,,,,,,,,,,,,,,,,,,,,,,,,,,,,,,,,,,,2609828.196895195,14.77479495218795,-0.21762100453798228,3.159874578571409,Forecast
2048-05-01,0.5493917290414305,62.23111320527348,94.5307252613744,0.3148746599616559,0.2845587061804813,-13.470596670646925,-11.199658911494174,10.332929119651867,-9.599024028374156,-3.8923422485428127,0.006762565579265356,0.0013561503119146165,0.01901768942716942,-0.002089612123913316,0.0016259151646246944,0.02480541758277511,0.07315565976532065,0.025463862647385697,0.01372886152635571,-0.03234962188011353,-0.0005532805087209944,0.0032614234252565317,0.0008918147590795354,,,,,,,,,,,,,,,,,,,,,,,,,,,,,,,,,,,,,,,,,,,,,,,,,,,,,,,,,,,,,,,,,,,,,,,,,,2627537.142691786,14.781557517767215,0.6785483357739208,3.419666521881881,Forecast
2048-06-01,0.49356795864761516,60.650892638712875,88.50922395259717,0.29552368503713994,0.2782511906983752,-12.350528247302677,-11.194075440155324,10.177599789909738,-7.3947118726511505,-4.488062387157173,-0.002430554246529937,0.0013816671252428175,0.019022871952943513,-0.0020897184066165056,-0.0010191593741209716,0.026861405809596516,0.07892057771813872,0.0164747341099482,0.013759710938092723,-0.032131706649985776,-0.0007220050723744272,0.003446009850381295,0.0009207404335654243,,,,,,,,,,,,,,,,,,,,,,,,,,,,,,,,,,,,,,,,,,,,,,,,,,,,,,,,,,,,,,,,,,,,,,,,,,2621158.526058763,14.779126963520685,-0.24276028412251183,3.218898118072744,Forecast
2048-07-01,0.48803422033674604,58.21820677413564,90.07506493706619,0.2928890850464774,0.2867376535618331,-13.932972780193765,-10.75477282973239,10.906219353329142,-9.657111167794689,-3.727606959550063,-0.0011115825036540627,0.0013977671555132367,0.019011919079832743,-0.00208940430451069,0.0009284126248235312,0.024061549160429595,0.07302937790568377,7.204187074950734e-05,0.01373400658208746,-0.03226763912265428,-0.0004451532500379182,0.0034091251862332114,0.0008847871727489286,,,,,,,,,,,,,,,,,,,,,,,,,,,,,,,,,,,,,,,,,,,,,,,,,,,,,,,,,,,,,,,,,,,,,,,,,,2618246.510874301,14.778015381017031,-0.11109649246739961,3.28043937798419,Forecast
2048-08-01,0.4407671499919028,59.04460351003185,87.67107573643263,0.30811083535291184,0.2875867092373427,-12.773575312348408,-11.707163471436516,10.488666394247607,-8.030362814382434,-4.168011194925634,-0.0005590291111730039,0.0014372672883946607,0.01899333961783808,-0.0020910357540537905,-0.0009417578635689494,0.03423819621681184,0.08358523127445702,0.0109117897826819,0.01378944131799133,-0.03240911482096892,-0.0007030896798353993,0.0032241319531794784,0.0008386846273507207,,,,,,,,,,,,,,,,,,,,,,,,,,,,,,,,,,,,,,,,,,,,,,,,,,,,,,,,,,,,,,,,,,,,,,,,,,2616783.2438970217,14.777456351905858,-0.0558872883512751,3.0170239515644903,Forecast
2048-09-01,0.47818024599130693,62.13823896761697,87.59081255783379,0.29891276724167365,0.286822669511605,-14.31737194889204,-12.456641808769112,10.292023249602973,-9.06360868849253,-4.807429023491669,-0.0003158423351123929,0.0014778259727356849,0.018980995761261187,-0.0020900695218086097,0.00021764838221013006,0.027398855912877267,0.07172568108373692,0.009395080833721996,0.013826379301851793,-0.032482191233201195,-0.0006774939052395576,0.0032271768773511596,0.0009794262715878959,,,,,,,,,,,,,,,,,,,,,,,,,,,,,,,,,,,,,,,,,,,,,,,,,,,,,,,,,,,,,,,,,,,,,,,,,,2615956.8834734587,14.777140509570746,-0.0315792462172948,3.16941678646101,Forecast
2048-10-01,0.49408208038086043,57.87718640127063,88.06129780745549,0.31509064782553536,0.28804397935646125,-13.47536763121144,-10.98845679162542,10.349910198223656,-9.184803564796152,-3.661154626154556,-0.0006481937598437071,0.001285402081791433,0.019057779808463453,-0.00209005471576472,0.0015915250809511415,0.03045563020730165,0.07271544680990613,0.0014634301475928667,0.013919057994976947,-0.0325267362206971,-0.0006216834873106901,0.0032717891098175155,0.000966590962765568,,,,,,,,,,,,,,,,,,,,,,,,,,,,,,,,,,,,,,,,,,,,,,,,,,,,,,,,,,,,,,,,,,,,,,,,,,2614261.78598073,14.776492315810902,-0.06479837276515132,3.096194362271776,Forecast
2048-11-01,0.3646910712862005,67.99608096523588,89.5432971066106,0.30563944345372007,0.290351101393554,-13.369660896007032,-12.98673512646964,10.782764100347848,-9.512659901987659,-5.0145287011664035,0.000199193658772856,0.001217507875654954,0.01896249228736112,-0.0020894682092724966,0.00014940186802607188,0.02449518546104855,0.08203480502466319,0.010576011065007144,0.013894185888030045,-0.03251674998358583,-0.00092229717821846,0.003021463122043936,0.0010091466413355572,,,,,,,,,,,,,,,,,,,,,,,,,,,,,,,,,,,,,,,,,,,,,,,,,,,,,,,,,,,,,,,,,,,,,,,,,,2614782.5822188016,14.776691509469675,0.01992134991470884,3.1612350802957323,Forecast
2048-12-01,0.5072066871734006,52.49664819386187,89.83167340437697,0.2928932232328968,0.2787689356689641,-14.342013274209648,-11.830857739251297,10.289111836222428,-7.196100134845086,-4.565527566507829,-0.0020014173351228237,0.0009191081990497238,0.019043601178635832,-0.002088616577478503,0.0005820985249090811,0.02674010819298135,0.0766209075058093,0.00900577349862217,0.014051052304533284,-0.03256972372150936,-0.0004600837267525982,0.0033726090756221795,0.0009603808742983296,,,,,,,,,,,,,,,,,,,,,,,,,,,,,,,,,,,,,,,,,,,,,,,,,,,,,,,,,,,,,,,,,,,,,,,,,,2609554.544518962,14.774690092134552,-0.19994158349498914,3.1694386245564976,Forecast
2049-01-01,0.5555709425610738,60.63029222835661,92.37491640394917,0.3050944382281576,0.280431843817921,-14.701140408554835,-12.102998204500977,10.166917715837702,-8.70771565313728,-4.5566471038082375,-0.0017856714548543096,0.0015558505634293716,0.019043601178635832,-0.002088645849994106,0.0033926968856872906,0.027574881505489666,0.07157610301063833,0.008349789972104832,0.013920795209195654,-0.032593610138808946,-0.0005246317060069561,0.0032963126236852758,0.0008403770912993914,,,,,,,,,,,,,,,,,,,,,,,,,,,,,,,,,,,,,,,,,,,,,,,,,,,,,,,,,,,,,,,,,,,,,,,,,,2604898.8954258664,14.772904420679698,-0.17840780921304367,3.468511370289873,Forecast
2049-02-01,0.49198005667687705,62.16823749119476,88.25144297262707,0.28934435427853916,0.28756730279051623,-13.426561090321673,-12.10313841479995,10.325865080807757,-8.847617592618471,-4.1423711258064895,0.039050038903951645,0.0008706648261326813,0.01897760842979905,-0.002090091108517878,0.0006652276316724882,0.029664917086726496,0.08493860380163155,0.00804626122413468,0.013904858968584295,-0.03260923315867789,-0.0006695143358444823,0.0031771186276215997,0.000932363747396636,,,,,,,,,,,,,,,,,,,,,,,,,,,,,,,,,,,,,,,,,,,,,,,,,,,,,,,,,,,,,,,,,,,,,,,,,,2708632.517968117,14.81195445958365,3.982251392727898,3.604501548837624,Forecast
2049-03-01,0.46205279743535166,63.5525939143278,92.50308428219411,0.31294585690565235,0.28854532839733205,-14.535156479339403,-11.934623097808137,10.785417409647343,-8.268765146652182,-3.8466900448811154,-0.0010091379517689347,0.0007629516078455538,0.019015167418882567,-0.0020926201802296085,0.000293882452365454,0.026625909493567284,0.06892762697607928,0.024220218977434475,0.013887688183607305,-0.03256991260192495,-0.0005729378116838645,0.003098454754208172,0.0008372498859817083,,,,,,,,,,,,,,,,,,,,,,,,,,,,,,,,,,,,,,,,,,,,,,,,,,,,,,,,,,,,,,,,,,,,,,,,,,2705900.5128137297,14.81094532163188,-0.10086289433003381,3.455541945176277,Forecast
2049-04-01,0.5962181177541774,58.55992111467183,92.95985931687157,0.28296697939213766,0.28087303557622084,-14.7288346144774,-10.685687126935067,10.581569077621054,-9.220774137500948,-3.8209521396223733,0.002053927630186081,0.002197027727518757,0.018986589329858368,-0.0020877195995762537,0.0016916152648681626,0.02579011604251056,0.06821728819707569,0.008258720619725208,0.014005367142907179,-0.03256626049796272,-0.0004550714662804698,0.003686464024219517,0.0008355321784882074,,,,,,,,,,,,,,,,,,,,,,,,,,,,,,,,,,,,,,,,,,,,,,,,,,,,,,,,,,,,,,,,,,,,,,,,,,2711463.948132458,14.812999249262067,0.20560383844059338,3.894346430856066,Forecast
2049-05-01,0.5823952551028011,65.77807748509642,89.70927578123866,0.3163619407621098,0.28061267321824956,-14.651011606655622,-10.968762615973256,10.44129005354988,-8.849754512586447,-4.332877771951846,0.004599201027303934,0.0012292652429194135,0.01900002511906252,-0.00208937728968997,0.0014237456937676893,0.029522312129620736,0.050352807899306226,0.011968049355902627,0.013877054020083827,-0.032543246284211624,-0.000920844541202997,0.0029000881621799248,0.0008548779618828905,,,,,,,,,,,,,,,,,,,,,,,,,,,,,,,,,,,,,,,,,,,,,,,,,,,,,,,,,,,,,,,,,,,,,,,,,,2723963.2372471252,14.81759845028937,0.46097935852240646,3.6698280297783104,Forecast
2049-06-01,0.514147808045371,56.889067181052816,88.28261300566463,0.30498068875726425,0.2809785060683481,-14.418333800339015,-11.539511394536689,10.430073362499806,-8.706828322721412,-4.505003430327541,-0.0004070795839652419,0.0003862696859991343,0.01896322787929068,-0.0021096798122284236,0.0031844000072488105,0.02720144838190171,0.069650994251435,0.011076129316887784,0.014056725493964414,-0.03254256176561039,-0.00037207833255369365,0.0033253471061238378,0.0009728415751140228,,,,,,,,,,,,,,,,,,,,,,,,,,,,,,,,,,,,,,,,,,,,,,,,,,,,,,,,,,,,,,,,,,,,,,,,,,2722854.59309428,14.817191370705405,-0.04069967383134587,3.8798136787411286,Forecast
2049-07-01,0.5424770664661399,59.75699121802043,91.6324482143051,0.2987613158921468,0.277062779020184,-13.64104130584826,-10.84039339822856,10.233447063296003,-9.203964363868886,-5.435847030289736,0.0005608030478470027,0.0010683211672752602,0.018974811266140725,-0.002096968887801433,-0.00037246309741286365,0.022821029314259382,0.08602832313985781,0.007043672511809036,0.013844563442389922,-0.03254389827726276,-0.0005511234428230928,0.0031880874127481686,0.0009507157736561163,,,,,,,,,,,,,,,,,,,,,,,,,,,,,,,,,,,,,,,,,,,,,,,,,,,,,,,,,,,,,,,,,,,,,,,,,,2724382.0064979466,14.817752173753252,0.05609603272758168,4.053686128591605,Forecast
2049-08-01,0.5671045235734639,63.89462122692178,90.90484244885353,0.310570486570679,0.27858207092229126,-14.089209778525518,-12.313671215505964,10.503310653185538,-8.26103807582384,-5.286293835455143,0.00029080783133395016,0.003356812275536042,0.0191130354979039,-0.0020888860629397613,0.003335609054397186,0.02564706797588997,0.057466763214995845,0.011885205151779332,0.01410239320350732,-0.03306386748481203,-0.0007043096257024129,0.0031781884218597834,0.0008200102819764998,,,,,,,,,,,,,,,,,,,,,,,,,,,,,,,,,,,,,,,,,,,,,,,,,,,,,,,,,,,,,,,,,,,,,,,,,,2725174.3933315454,14.818042981584586,0.02908501200304947,4.142152380687936,Forecast
2049-09-01,0.5180370281396668,65.40648989415277,92.15320787438952,0.3074515774986215,0.27861919029303783,-13.771414741432006,-12.284770280210445,10.218878383823633,-9.035917340036596,-3.530810217742606,0.00018201036436948925,0.00017398344985681787,0.018966450448197857,-0.0020888172060253107,0.0024580975111915112,0.025214837076223615,0.06638600030979297,0.012021449852322562,0.013963635892112167,-0.03270122168877773,-0.0007507611248364697,0.0029678493090417755,0.0008942583998889785,,,,,,,,,,,,,,,,,,,,,,,,,,,,,,,,,,,,,,,,,,,,,,,,,,,,,,,,,,,,,,,,,,,,,,,,,,2725670.448458064,14.818224991948956,0.018202692926094777,4.194012740719488,Forecast
2049-10-01,0.6235738264846084,56.82366337185428,96.94405743256272,0.31779852463352243,0.28256842210967287,-13.949066626686227,-10.99289213108132,10.340300598717318,-9.888386586159838,-5.447401526710712,0.0011925500584766269,0.0014053566710758364,0.01899248777894086,-0.002091068240878633,0.0009188496751844505,0.02617155409513114,0.07891999470834418,0.01209341255385168,0.013996340862622667,-0.03268571449451295,-0.000318645449360327,0.003604638662735259,0.000956059042047857,,,,,,,,,,,,,,,,,,,,,,,,,,,,,,,,,,,,,,,,,,,,,,,,,,,,,,,,,,,,,,,,,,,,,,,,,,2728922.8858725135,14.819417542007432,0.11932614290510735,4.385983856194753,Forecast
2049-11-01,0.49710405680205605,71.05468748191709,91.79512653993069,0.3178236853129904,0.285081483835677,-14.726317756039066,-11.250428484939173,11.027793607234976,-9.158062503670585,-4.965582581293058,-0.0027654741425067186,0.0001742163652979973,0.0190080244297986,-0.0020879929415722203,-0.00140118515253858,0.02787871814541541,0.055750923576357705,0.004048042499567185,0.014048266826426509,-0.03290292744525609,-0.0010015759121015072,0.0031868678968580066,0.0007672824863917396,,,,,,,,,,,,,,,,,,,,,,,,,,,,,,,,,,,,,,,,,,,,,,,,,,,,,,,,,,,,,,,,,,,,,,,,,,2721386.5457746373,14.816652067864926,-0.2761653741441883,4.076972375476662,Forecast
2049-12-01,0.5976302239228091,58.61837132383345,89.23864635712013,0.3053573248828997,0.28568506869766613,-13.809849654313528,-11.815091485703697,10.059758254553547,-8.769249838317142,-3.9042045092209623,-0.0032684982288628817,0.0006883909089411022,0.019015167418882567,-0.0021091850008648216,-0.0023027440956875376,0.030455685951023388,0.07146683879057314,0.009765298279326748,0.013998133173300915,-0.03277696447249295,-0.0005417256092338865,0.003251290285818193,0.0009798181519600044,,,,,,,,,,,,,,,,,,,,,,,,,,,,,,,,,,,,,,,,,,,,,,,,,,,,,,,,,,,,,,,,,,,,,,,,,,2712506.219241264,14.813383569636063,-0.32631625033795464,3.9451819445023073,Forecast
2050-01-01,1.1891935461449554,57.13878746848555,88.11356117133823,0.2893896755624897,0.28165222811714924,-13.589870482820661,-12.322287973807205,10.272361276614314,-9.567085509896403,-4.407029201534419,0.000363118335371837,0.0004594468104669523,0.019289787003771965,-0.002104181865606799,0.0005655796667616789,0.02538700609509299,0.08449285487822568,0.017857685288102415,0.01407060338263198,-0.03278729355478048,-0.0007588166864795642,0.0035493240582524653,0.0009540586679714822,,,,,,,,,,,,,,,,,,,,,,,,,,,,,,,,,,,,,,,,,,,,,,,,,,,,,,,,,,,,,,,,,,,,,,,,,,2713491.3588345805,14.813746687971435,0.03631842708151645,4.168778435101639,Forecast
2050-02-01,0.4883617066180602,63.500626519773895,88.41349448066282,0.29405357807230614,0.28188165901094536,-13.902264122985336,-10.712136208570866,10.016534938379445,-9.461755705181226,-4.00963796796362,0.03777232766151428,0.0005717349094377575,0.019004556945545797,-0.0020886594283026005,-0.00040947609287085053,0.023819522327484723,0.09307399514279477,0.009827213870680687,0.01399895806867155,-0.03280740772789672,-0.0006491868463625674,0.0031323945217644135,0.0008509055813384459,,,,,,,,,,,,,,,,,,,,,,,,,,,,,,,,,,,,,,,,,,,,,,,,,,,,,,,,,,,,,,,,,,,,,,,,,,2817946.5830398635,14.851519015632949,3.8494769428764952,4.035765809743319,Forecast
2050-03-01,0.5191793081033755,60.55465013324892,86.18919703218083,0.2999885709840828,0.2843351850851766,-13.8918500604162,-12.51882572921362,9.866435949439023,-9.213340991905097,-4.1633277911972,-0.0009840549901127815,0.0009221888281834474,0.01899635822556393,-0.0020890453389540574,0.0003068281150322349,0.02947545795889087,0.0782401508307822,0.01290428551657663,0.014097575369924788,-0.03277670899140422,-0.0007791582947804852,0.0034119097609705295,0.0008451175481172216,,,,,,,,,,,,,,,,,,,,,,,,,,,,,,,,,,,,,,,,,,,,,,,,,,,,,,,,,,,,,,,,,,,,,,,,,,2815174.9325948413,14.850534960642836,-0.09835709667825876,4.03837536759557,Forecast
