,iter_0,iter_1,iter_2,iter_3,iter_4,iter_5,iter_6,iter_7,iter_8,iter_9,iter_10,iter_11,iter_12,iter_13,iter_14,iter_15,iter_16,iter_17,iter_18,iter_19
2025-04-01,1123529.8654327167,1113382.2053814796,1110950.7800158113,1105615.5372680186,1108942.5351532577,1095833.8715049624,1108493.0882470165,1109418.0710148865,1104008.6716494444,1118354.0012523006,1107040.7450056614,1102169.5506249624,1113500.4074040826,1106795.4091671112,1109754.0640897765,1114203.0263429272,1108984.4403286427,1114624.3500914122,1099708.2026148874,1094060.9148027967
2025-05-01,1117466.4415668494,1106806.3647948338,1101637.868891231,1104096.4544185768,1097028.7017899023,1079304.0753105427,1095811.928648249,1104856.9336601552,1084006.5166440797,1115098.7227723573,1098257.4418589426,1105921.9188535588,1120973.5195925299,1098904.6240540815,1106089.5910565658,1112586.505156186,1106913.8034925626,1099332.2460750563,1083090.4574937874,1090122.1060444154
2025-06-01,1113108.2391624488,1116716.274403564,1096434.3296996693,1108354.7467020918,1097217.0643298454,1075522.6479444972,1108084.5679384635,1102080.3516591664,1054482.000739807,1105958.840877898,1090717.4299311873,1106446.0731802983,1125983.3872439985,1107859.5192616163,1097191.148317689,1110478.8820515564,1114357.881315121,1095303.5924604696,1089608.1134296893,1086392.2285204185
2025-07-01,1097703.5143075553,1111745.3641046605,1107617.337515321,1113059.8347011122,1094941.305503702,1059313.2611926848,1116415.2958872826,1101966.529143895,1030198.3741637049,1110433.5409139374,1074013.7033587298,1112595.2249729126,1120077.8811990607,1100448.4567057963,1101652.1457550921,1108462.7425113996,1132368.2032132042,1079687.230345936,1088562.8263640602,1085240.5574292918
2025-08-01,1098714.7538205762,1093525.574164831,1116838.3661719544,1132190.3568059362,1085480.1892171686,1065509.325294482,1126302.3924602657,1110156.7185842178,1012464.6509869146,1104412.3906068744,1056318.9197430331,1113391.062456181,1121498.7022896663,1100401.9319425789,1112970.8771568374,1105537.2743787295,1142066.714671868,1068673.3047707095,1085229.871704688,1097743.4219688529
2025-09-01,1098267.094138783,1091307.5435850562,1124583.8933000115,1143296.5552620387,1094621.1360642947,1078186.3804311962,1139191.5807190603,1118784.6011893624,1003809.5876147901,1105537.290831345,1052703.0263788768,1107397.0647911339,1134297.374688259,1107271.5069607983,1126871.745306588,1101919.4687439215,1164351.7745811653,1072858.3215359147,1085659.3597569256,1113864.2571003505
2025-10-01,1091053.0668374526,1086944.67748211,1138918.7861230024,1142334.531400405,1082646.9345566584,1087803.3874074577,1143774.0764292877,1119464.0289011793,991403.7593278107,1113475.8358978536,1036574.1574291346,1099126.679139968,1140128.6398298838,1125597.551184828,1134107.1365719528,1092452.273587748,1166468.7853210166,1073541.50839605,1076831.9707824166,1125988.3771923112
2025-11-01,1081879.0532210167,1088533.6572788174,1141603.759553907,1135784.368954439,1072474.9883669904,1088310.8096716055,1143061.248856976,1108996.0528132406,987584.4085841245,1125326.8324305569,1015057.2795256589,1095106.0075768437,1127592.7955907732,1141906.9637317795,1131087.1256484583,1098830.7974395503,1166769.838996885,1077012.8378128055,1061472.0390047918,1108357.7210584963
2025-12-01,1072386.9948046554,1091356.7023261504,1132656.9251848431,1121492.5583966859,1060846.5625668166,1078671.5598404591,1145960.5488926976,1118331.548683817,988676.9052540045,1125039.378821399,1000768.6181870392,1097539.4459008859,1124878.3144088888,1154521.3553691902,1131503.394495872,1103426.363939964,1158159.9874132148,1073693.2010725357,1069622.7140316914,1099106.5042442863
2026-01-01,1087804.7711505783,1086607.954004498,1145933.3038517307,1118347.7483214766,1051873.2791150452,1076879.0368718558,1165458.5417076452,1131761.409756867,995426.346612756,1133625.2485586547,991692.3001286006,1099896.4401361332,1129346.3243076417,1173716.197035635,1134142.6117476278,1104496.3568915045,1165698.501509075,1063603.2370715472,1082250.2974294599,1103413.6268277043
2026-02-01,1095107.5501438587,1087997.3413589473,1155350.1370451984,1130275.0718069212,1061882.9354231642,1070281.7952840636,1178428.931909376,1148361.8244431342,997305.128648876,1132762.9942664658,992355.7066635893,1117384.2430423328,1152578.0836793156,1203755.1833633138,1147404.13282633,1111678.725985817,1186103.062601039,1062497.946808699,1089140.428348006,1110629.0146507754
2026-03-01,1092619.7520841244,1082384.7033895287,1167933.9755057388,1149529.4108992908,1069279.6926047204,1077410.7578958368,1188606.9145971846,1142808.9213695878,1008807.4980699798,1134755.2852364236,983806.272736582,1106741.1815690298,1150750.6326661957,1226704.7180671622,1163694.8316112072,1112522.9104079676,1192692.3845060016,1059653.895400038,1086285.6186185398,1103526.8301985112
2026-04-01,1103615.337518394,1090186.3520067355,1188561.3714928932,1179842.7136545791,1079775.623409337,1101229.6747273628,1204649.462763819,1149699.2322420087,1000864.122267207,1143253.7810498232,979320.6738814733,1102188.3613944147,1155978.3920043758,1250724.9380195823,1189371.8791878999,1115453.767585018,1188378.5956662018,1080343.2080247537,1093821.8387796415,1113630.026348424
2026-05-01,1113881.2027562102,1084602.5652138356,1210624.5843646051,1198761.943252499,1097747.296678513,1125289.3530717583,1202992.9920755834,1150587.2265370144,1007999.3112161887,1147129.1587995065,985170.7022742532,1109144.4692582756,1168544.32896886,1260720.122362137,1215916.0496790393,1129741.1286825214,1188217.3648216606,1084588.7420010765,1103749.870165376,1108085.5756229307
2026-06-01,1134550.041333171,1061963.8445597708,1209292.2609223272,1211411.78775394,1101841.9969303973,1134870.9943137667,1185609.6561258046,1160305.28951507,1017365.6586574493,1147976.6040675077,990425.135303308,1113806.2416497204,1170162.704429802,1256784.410043278,1218414.672737269,1142502.0794497936,1183040.3119786181,1085715.0465425276,1121950.353509239,1092079.899187284
2026-07-01,1152589.9080692318,1037169.6311364091,1204321.9722220812,1199823.8167843868,1105472.8374067387,1136608.236701078,1165744.6901376422,1159416.3977133366,1011367.1107870099,1140959.7132007685,1000262.2454480527,1105535.0635449707,1162745.760595594,1239542.4288895454,1211534.064329168,1146470.384344925,1183622.530345855,1083609.387470245,1131201.897365064,1076173.8105896162
2026-08-01,1164297.4520075934,1024346.6183379639,1202925.0463194642,1194931.133664899,1100499.7782732754,1139347.5455812684,1147872.516081687,1166707.9922097516,1003387.9405722275,1142450.2557212145,997153.1541900006,1087800.4386962203,1161676.1556509503,1239310.9194634524,1211365.5521531883,1130912.8164152177,1178240.260910612,1082830.4393290132,1134342.5853945634,1072280.8466925933
2026-09-01,1169792.1933924116,1034520.1476074448,1193913.4853655344,1209380.1146786453,1102403.2474656473,1142932.95652576,1154984.3434097993,1176712.4047959202,1010786.8538222836,1140520.9427933954,1000304.2120238226,1073988.2016878503,1175085.4140901063,1262062.1284290678,1216108.663947365,1135063.7465229782,1177770.9622107795,1078136.545455008,1139936.5449993191,1071917.8733480242
2026-10-01,1179365.7199368002,1041454.9986380188,1197133.149392759,1215373.0097143333,1115073.3178888506,1157626.1290989243,1170712.1276509934,1183985.5998453724,1011848.1418918538,1123832.0351682096,993467.4267173503,1073595.2258825155,1182938.6045461968,1297495.135098157,1213140.936957094,1140830.2953948446,1171183.7631590662,1061282.1388872177,1144536.1666295566,1069496.0982708407
2026-11-01,1184443.7817678426,1045486.9128205113,1200001.8781208682,1210993.2424098577,1114373.5280449344,1161960.7268861367,1182009.358547899,1181297.7775074719,1018601.7587923378,1095992.857089059,987910.6794950764,1069656.9161752267,1183754.9045280425,1323731.0759475948,1196227.281651301,1151666.3797770482,1178739.7936870516,1062020.7925099607,1139052.621336835,1070496.9955775223
2026-12-01,1193311.3595262545,1039247.2788737223,1205335.2414117707,1215946.3591330654,1117704.1444347748,1175906.315619609,1178258.2622063325,1186334.0138387156,1016004.9179030743,1084959.2991796886,983851.853036277,1061662.5173716405,1186279.9217132295,1326688.4576961838,1190693.2821545545,1154080.0479767413,1191785.106327027,1064462.5844696327,1144079.8032000025,1082128.796402811
2027-01-01,1218940.2370946684,1048073.3043701011,1206438.0422206023,1240676.3332636587,1131406.0451799696,1196077.6842794134,1166036.385144646,1204593.0584921606,1021145.8131544715,1074471.3338477064,993825.6627634708,1054265.3644677545,1200830.2354572557,1323716.225116815,1181801.2623303323,1157533.6354893595,1215123.9506390193,1079104.5354132035,1142759.8758079933,1102514.1466241141
2027-02-01,1226628.147017215,1048742.5164032653,1226709.262907091,1272205.9349867718,1149231.6196178473,1213836.9540101108,1158562.7323813224,1204794.0367124095,1029045.9371993662,1081202.3230662304,1014268.0016023673,1063523.9888978468,1212442.4955830546,1320981.6748334235,1188466.855761555,1159023.1984085208,1238530.7478074115,1093034.7647646754,1161227.7811549555,1120719.7830945286
2027-03-01,1228708.5766792165,1042261.5849836181,1238476.456753622,1268921.8114343388,1146250.374903953,1230996.3093389634,1152204.4666216676,1193742.9407850534,1039679.4169788327,1094356.4577127455,1010107.4514404329,1058704.3599875695,1213926.9111126654,1316688.7334661423,1207267.345009962,1154341.2495749565,1241032.6382630377,1091311.4439033945,1172291.3611872913,1148171.086524419
2027-04-01,1218546.1774058165,1061087.795871333,1262435.1829147458,1270138.458809413,1147371.0399004957,1244692.8879810509,1158314.8102421772,1189118.5183062437,1049597.32930678,1091759.2607021413,1015031.4089009985,1066165.071141655,1216025.301865189,1312022.7577704468,1221527.086486292,1140612.4881920877,1245402.313662124,1077481.8944131106,1207401.0804576438,1161673.3890252765
2027-05-01,1219764.0284075115,1075878.3171573493,1281080.0809904397,1275392.796215431,1153987.9193489212,1257397.5964279568,1166097.263918295,1181890.9125793502,1050582.089983857,1097290.8619595778,1005458.2605230428,1075546.6502383507,1228298.464497008,1326846.9407727611,1236120.6109641744,1130437.3334157057,1248747.045003833,1071538.730619778,1221318.7287814294,1162829.878375461
2027-06-01,1225913.6673632218,1090698.959955041,1291113.5595746513,1285560.7415694047,1151970.7321209318,1272324.0075677065,1168738.7973226914,1183091.9111088922,1037581.1699716707,1090520.4302460537,1006548.9509598177,1093476.94933219,1237489.9852077637,1317964.8887159587,1246224.4304270337,1115942.0519681708,1275316.304964712,1072039.4752852388,1230807.2851516197,1155660.9164767931
2027-07-01,1236988.1954725517,1094799.775630434,1280832.8427410119,1288097.738226214,1132685.0149419566,1281456.716841935,1169073.965364019,1190180.3100025207,1003518.4000559441,1089274.7467312862,1015816.379788394,1104819.7021087694,1240164.5864311426,1312527.3537420118,1247594.078332628,1105244.5631823028,1306992.3819061436,1069893.2543493514,1217063.578538569,1146567.0484864512
2027-08-01,1248168.8942379113,1096957.9092895247,1264971.6349067711,1280999.0140482304,1109153.5256532868,1302550.0932335188,1166125.5262780671,1207356.65883334,989652.2143021026,1096124.6869609028,1018312.8103851461,1114255.5696694755,1239944.4457710905,1306696.961618719,1242418.5949617913,1104420.551675948,1335869.5414521853,1061711.5086851458,1207345.7290530219,1134502.401868751
2027-09-01,1261874.9924277284,1101247.577794717,1274311.7275693167,1280326.496882343,1104887.3188487159,1316689.0342406565,1163280.5322046112,1215253.3228730448,990393.419297725,1120420.7910155423,1030636.0128888289,1108212.1855907424,1240996.9918001087,1307439.9417237598,1244658.083882863,1123720.4816482544,1350981.4405939942,1068478.0492364506,1193736.1726445155,1134635.279264586
2027-10-01,1266809.7611827916,1087754.0343101076,1279293.2507920119,1285420.6507149087,1100512.0363299877,1339163.3751399678,1142350.8971085087,1213814.7948402104,1000929.5059290917,1131085.1331803405,1034304.7562319889,1099230.3813115745,1229760.9056881198,1295419.540323407,1239159.4263079339,1142461.6263564315,1349335.426647687,1078424.0007625152,1183121.8233073645,1137151.1615200741
2027-11-01,1261038.9960404378,1073173.7172141592,1274852.5415052013,1280277.7698900118,1090481.4738605649,1350751.1875465063,1136017.1446714704,1209458.5922068018,996637.8568751632,1126959.3953069649,1027570.8654938382,1078111.8989089078,1233389.1254751855,1291289.9597107535,1242729.1790248733,1154979.275932484,1357526.0332862756,1092169.2121562685,1174110.982347277,1147929.9297870842
2027-12-01,1245035.3856794715,1069890.4066826745,1273166.4232918592,1271196.7767111482,1084266.6429474575,1356402.1677714686,1133193.3890374997,1200071.3977132996,989517.0341002858,1113765.7339597098,1018860.3918797851,1080095.7071258598,1225904.098460855,1288761.690817124,1255708.934242196,1158711.1995717615,1355618.1136426881,1082808.3409264877,1170662.002504585,1145115.4569349745
2028-01-01,1250967.5100220968,1067641.72099053,1281359.8254610845,1298521.235346875,1072832.914960127,1359260.5215076958,1138114.2941372788,1195178.8299031209,999030.0955937881,1128924.651945674,1017624.9674604145,1093425.4138113295,1240766.8952775772,1289384.3183128685,1286791.111480828,1157225.455694332,1360670.4343261614,1096603.160554396,1165395.0659203073,1168908.2520983173
2028-02-01,1268012.345937387,1068736.5489767122,1310282.0591042642,1340453.7709135453,1083591.9763589448,1375578.9455180108,1154760.4063534178,1186155.6081400358,1012421.2232787475,1152272.9834968057,1020823.2591755262,1127109.775078374,1255292.2200088843,1306627.73830628,1308569.989919286,1170274.2245426287,1386930.1527221736,1104648.6973677005,1170904.530550922,1188852.1855315175
2028-03-01,1296443.2900190924,1076739.213416955,1306746.366787271,1369480.8060228904,1098407.36287858,1387272.6741190925,1181618.4196107495,1181180.7565658079,1031899.6044750302,1162014.284987965,1023064.0974352051,1154610.4224316613,1280475.699347792,1327405.9655524837,1315814.3796478158,1179418.5424579184,1422461.6624106688,1111967.2857136335,1166070.145006402,1201536.837706205
2028-04-01,1322667.2186817785,1079565.4771309383,1314941.6430190108,1381005.4679184158,1113351.228559921,1408845.2854886223,1199550.7085801207,1161853.5708302513,1039469.2050763398,1171218.871967812,1029422.2130570833,1176122.1984528694,1291323.0625712546,1349744.8440241949,1310933.2166518595,1201820.4442214305,1454322.8266823557,1109893.2894259207,1159596.9756045213,1225094.5326704194
2028-05-01,1344111.5984672501,1087248.1050930344,1351007.5238384656,1400794.5310070924,1129353.8047913527,1422836.8834267398,1220469.4473951256,1151812.926051256,1060635.726353725,1174343.55955786,1037969.8576475934,1194487.1481501914,1300002.1450823739,1363193.6859796625,1322126.1105834786,1206393.7880443514,1484923.254508692,1117105.4268030778,1146458.7867213723,1231805.5233453638
2028-06-01,1345305.1448510087,1077286.6552673362,1380951.134198506,1405710.305220373,1118439.752211927,1450074.5827015007,1233790.144792462,1131324.0027095424,1050749.1612845417,1164154.9711666347,1025706.8707428771,1199037.146098185,1295956.0816621743,1362135.2339038264,1328713.1308623464,1223423.4064990978,1505767.7751446874,1114382.1931238496,1136300.6025192866,1226097.9978895974
2028-07-01,1331557.261376957,1064674.0755691733,1407275.7542673098,1401987.2948909677,1107933.527460693,1462577.0153873903,1245356.6897587827,1125393.3112744982,1060112.7863495087,1174425.9113456716,1019564.2948606792,1193354.4602080823,1269720.0925408527,1351824.6510604958,1340293.2035102313,1236047.0286753625,1531998.107725119,1109394.1512487163,1124307.7289156956,1230933.150262241
2028-08-01,1333470.0387863147,1054569.1058195764,1431998.6786507268,1412520.2234392355,1105012.1010062613,1479395.7926729582,1245609.7094649826,1128727.3067516857,1068294.4171297404,1178968.4176854412,1015310.2973318959,1195622.9202561758,1246333.7541787084,1329358.0450598744,1335697.778282625,1260210.149526159,1538001.8470936224,1085195.0508944346,1120340.2608465857,1250612.9888143
2028-09-01,1345129.8332624773,1056369.0941059627,1449053.5499449526,1453435.1082159071,1118381.9823458046,1487405.269058907,1263366.5852530543,1136121.0329051146,1083925.1097328574,1193780.1110540254,1027991.3953463795,1188235.8953367237,1238298.9801093694,1332164.8800556695,1339729.4763437917,1285860.6060724007,1573102.2007830748,1065469.017441694,1107094.1514025477,1303086.8010047914
2028-10-01,1337750.1689152059,1065284.698481963,1453618.3497763306,1500227.5805788697,1125567.4491329456,1480177.9309302506,1276399.4196881775,1142337.9460170087,1077093.2887357636,1200413.8562054434,1033664.2730291138,1187074.1922836457,1232643.365414807,1342114.6676363142,1353644.6537078691,1297369.9177347373,1604817.5481271374,1057009.912682815,1094187.246903104,1347431.3096046802
2028-11-01,1319812.1773593004,1067519.1801144488,1434579.4676954949,1540344.3641196908,1118672.2066233738,1469888.964743472,1289339.7264623467,1127633.5228115483,1057046.811084599,1208773.4554576967,1040104.9554453371,1199725.2445649751,1243084.2848468542,1351079.4665666458,1365935.4144998388,1287924.468688408,1635077.068234416,1065556.8418679712,1075287.795743842,1371797.153012693
2028-12-01,1299385.4390948396,1064387.1330536494,1422177.2578269541,1559747.518145637,1104906.5632564323,1482574.2047583237,1299863.8277894584,1132230.0097067019,1052629.7628821556,1217205.0158576663,1052480.2848070257,1228863.2191487055,1244551.3074025728,1362711.7195865347,1383082.3730783372,1274796.6533712484,1670776.834902021,1072872.7365479898,1067194.9211554525,1381472.091088127
2029-01-01,1304455.7280195055,1067263.7654389502,1416099.6971147177,1580223.704276167,1110951.9352210327,1503069.3204645435,1288574.9980473546,1141009.2618485566,1055943.0672882283,1220736.3015716013,1060473.8461496083,1251432.630715711,1246866.2358131926,1377170.9028802873,1415613.2948527273,1270074.8691884533,1711922.517599194,1078298.8908263284,1061256.2783913724,1390629.184948119
2029-02-01,1323435.2956508955,1060929.8927424706,1400816.4917247235,1603263.961945234,1126446.0423148198,1537297.7592797538,1297339.5043936041,1158971.3898443116,1084988.332072947,1232481.1469803953,1072777.7222161726,1252497.6555626167,1247018.2537660142,1395683.448104872,1447263.4292831405,1273802.0496280424,1767588.711815741,1073958.5584486765,1057948.0436921609,1380005.0569948398
2029-03-01,1343110.162055866,1053328.073609478,1391391.0091318255,1620734.8154124971,1137287.5086276997,1573343.4612548251,1303325.684032692,1148502.6296559994,1108718.9911687034,1247606.9678927755,1091802.7588820392,1255861.0531149234,1253434.8628990357,1395341.8026485418,1454152.4092781,1270666.977665099,1788307.787137419,1071212.8148441308,1043514.2838165867,1377030.9469088498
2029-04-01,1349287.8126138444,1059371.8055944387,1399831.7705907668,1637698.1486848334,1132597.6240356758,1611889.3635887266,1300368.6853844181,1160976.8850028585,1116518.0362408985,1241063.928964584,1109863.2747444124,1258765.553241379,1266954.3655969098,1383800.724161753,1472304.9747148696,1272386.846527004,1797704.2650988565,1073910.5878600788,1036807.9741858768,1388710.0142845674
2029-05-01,1362403.9466060312,1065402.344589917,1409990.1619982177,1657225.7800635644,1139349.3417687619,1625188.7488870097,1297245.0144775524,1169560.7971882843,1119472.506539726,1240646.8522656788,1141630.7322167763,1274974.9600207005,1283857.04159694,1390540.7363585625,1495912.7699232416,1291418.3282736868,1805425.2253128253,1065203.493763183,1036689.1198566644,1389663.7930399561
2029-06-01,1346327.9293758555,1069487.8737146934,1389244.0613411465,1674449.4077757036,1127049.7758504804,1625343.6220362529,1301290.4653324543,1159612.648206809,1110604.4774846956,1227908.6183750217,1156518.495099501,1287919.0534572913,1301619.3802063134,1396330.3022998883,1529564.0393312841,1305794.5977359437,1802232.2664058374,1080822.3537276979,1040347.8344035853,1391463.5493208747
2029-07-01,1336606.5188968012,1065230.883456277,1368839.7382290417,1681755.6511277007,1109450.9434238775,1595844.8259897258,1288244.456401249,1159504.4626163244,1094247.7128623808,1212284.369856988,1159162.4395230142,1304041.3403452728,1314401.1386244646,1382753.126823297,1554156.3618852298,1311290.4918263215,1794665.9418979501,1087787.481489194,1046507.7189240201,1379471.4844232756
2029-08-01,1327717.852466261,1053355.1786230367,1358027.3151799508,1691910.8673535404,1085753.0846731502,1559391.399405187,1291705.7335006858,1162874.1035622442,1081321.9112157158,1192513.7678914152,1152943.0188454834,1316095.3750120348,1326268.6295038688,1365650.2463417244,1591556.8013746175,1307817.7829632028,1792715.7916866888,1105238.658175567,1032792.2733271536,1380473.2609418111
2029-09-01,1310805.8980081738,1042341.3019029961,1357535.2268378718,1732311.4599978477,1077171.3268334144,1558883.7449470481,1280366.3528960398,1169072.2192427707,1080256.2679604616,1196479.0351107058,1161956.3268829086,1338431.264472297,1338855.6159379852,1349682.0312939223,1617421.0393798235,1318807.3911802778,1806963.7301214288,1111951.12807517,1017177.75270256,1410444.3928297842
2029-10-01,1300857.9195782754,1028529.1366049588,1360693.641304262,1789306.1562833237,1085078.6600788843,1561613.1723532612,1267389.5811462947,1181197.9926928168,1080552.061153603,1200132.3429341477,1180080.5760006588,1369887.570476132,1327006.9445808632,1338288.5302145341,1613164.7647878062,1332517.5452454959,1791725.4340668884,1108391.5796550978,1010227.2246964192,1432724.771499404
2029-11-01,1282910.3845964796,1026228.0595349512,1369679.2555416436,1842912.2207758995,1087237.6410862491,1569861.476252894,1234405.7566672915,1188271.5248104625,1069259.926586703,1212633.7968346835,1178607.6369159154,1374603.1482900903,1317355.3951381657,1311472.0253344558,1607014.5984591963,1333444.681938145,1760700.7874136975,1102630.4028270177,993815.4169431827,1437715.1386826478
2029-12-01,1274637.5384908721,1025577.2731952012,1372549.116607485,1884135.2103367047,1080566.3917304876,1578488.4197147875,1211456.4595554739,1183474.4767228954,1072154.9504497563,1226394.4166927345,1164527.1433373063,1383638.1043059956,1338955.6111057992,1298986.6703239547,1582075.9343919074,1326961.6206192481,1748998.914090109,1111308.1657119186,980038.8975074083,1434607.7362075362
2030-01-01,1277479.9895243575,1043906.9024756975,1371635.2108548633,1912707.5727781453,1091527.8811404158,1580329.9508674752,1210369.9131952098,1185395.2664541088,1075622.9034367572,1232952.1635588647,1169140.010185355,1397122.824175837,1365202.6586951227,1305529.4003729972,1567454.0636849436,1312994.0449265665,1740234.1449109246,1121569.2287634723,972618.5139496297,1436916.9442976008
2030-02-01,1280260.274644546,1056721.7614257988,1376094.0935485214,1924010.6764573955,1102735.2903456027,1587917.5160307505,1246408.5271001828,1173221.6914147441,1089756.515990565,1238657.0237985954,1190808.2350499423,1422726.5303244928,1429018.5457298139,1319843.0097647603,1552024.5917755747,1321214.1564130648,1754177.222348008,1135430.8424898358,984556.1245469841,1429527.6914419972
2030-03-01,1281604.9961145471,1064908.8798128807,1392446.5743304375,1922846.8802399295,1119374.9421831805,1586629.2332227384,1263992.9076849127,1158500.659639618,1101130.8082071755,1240511.3960205826,1222951.4094151373,1437506.8582976686,1472959.7320625489,1314342.6511998482,1553757.206335632,1328766.8345062013,1764443.0975745376,1157457.2558850087,983710.1965332556,1420266.2291636
2030-04-01,1285910.0025070289,1067574.7028821078,1407697.9894027463,1930218.287683113,1120373.3679646868,1590746.4526543436,1273242.430196427,1146911.252739265,1103973.491407259,1233752.801123577,1254412.1370401944,1459959.9686220204,1508271.7557426908,1323356.8591803068,1567453.8183104517,1338050.372818231,1780393.6856344368,1184756.2780629154,993227.2709230909,1442930.232736195
2030-05-01,1303137.447810638,1086328.855991009,1414777.4590946771,1931155.33617103,1130619.143778173,1589514.1833093204,1275518.8529971777,1150442.6078221875,1112701.10269099,1225561.5340098792,1295914.2568628604,1473302.923013116,1533937.5840465054,1320380.730652022,1598848.9328350564,1320992.9356465873,1797876.9660926578,1213839.666309427,1012882.846262659,1471709.2408510507
2030-06-01,1319344.782583496,1099605.2984530153,1416957.7227851057,1920480.660807253,1128987.2472971205,1582510.6712670662,1266057.7499194068,1135355.8985817768,1105381.1414713135,1207408.7717053862,1316192.4426708126,1474979.6998370434,1561445.0591495791,1310269.1706933877,1638628.5189171543,1311638.2336499381,1812711.478633125,1238766.2931782762,1018109.9818516171,1499301.6591555905
2030-07-01,1325103.543585842,1105259.2202903247,1447308.9665572618,1904707.735446829,1116262.2408749005,1591605.63373169,1255037.44819757,1124605.260195769,1098398.5116466868,1169776.6393178375,1312664.8229596312,1456463.5178988157,1588487.8642888193,1298147.8629019991,1660723.5392100706,1298970.7366441844,1825182.7349362613,1255087.801643991,1020647.9764066238,1501939.542309734
2030-08-01,1308878.6834344992,1098041.303300499,1485799.864451929,1894031.1922897028,1096026.8868022044,1589851.3899999836,1250794.137721729,1111854.574954545,1107380.764018041,1163606.959712461,1303188.08118383,1454571.5171506712,1611369.602216478,1283418.7595203954,1690443.4959555683,1301340.3593965503,1822279.8388025293,1274616.15032664,1015691.3650539767,1496919.7161411163
2030-09-01,1307881.5733495373,1105293.062817278,1509755.5003220486,1887241.9100216562,1107002.4720037973,1627698.9318719252,1235355.4296026307,1102058.2086688865,1121973.2863183469,1160810.8840456703,1295154.4780377413,1441947.8498358678,1617978.3123857426,1305640.467670197,1686359.4678412413,1328325.4669283344,1821774.9639757087,1301732.9393726678,1027174.4973934379,1507421.4589670277
2030-10-01,1301106.578303755,1121557.9638984383,1512343.776976125,1882444.973033681,1113845.0833574946,1654031.3921164167,1231936.962952557,1087712.4023145023,1145600.3644983203,1163970.5489474363,1287274.3228647362,1414373.8235091465,1615169.9744175947,1336741.705435008,1691713.3691806397,1365574.5025666526,1795950.6873169087,1338351.0162781242,1024366.8107585682,1529209.6334417905
2030-11-01,1305604.3468850956,1142740.30953023,1488437.6263278383,1876555.9169437904,1105246.8022973961,1654901.8939987326,1217195.121705921,1077943.7124484722,1146585.562312875,1152750.660120245,1283181.9552672124,1400501.9817184662,1611056.352153854,1365452.188023125,1704332.6149417493,1395169.7958542926,1777914.2501018292,1362290.3467326541,1014313.3387400686,1551241.3073149668
2030-12-01,1310993.463373871,1158065.5517061614,1478018.812875056,1871743.1128658997,1100203.325713839,1648643.221372397,1217459.377783302,1075678.0090511965,1133310.616874217,1134263.3277568961,1290517.5412807516,1395125.8127890027,1622479.493139149,1373971.214771634,1700285.9200261813,1391922.8903907472,1791579.9744430864,1377481.034627476,1000062.4407068281,1545290.7321451828
2031-01-01,1311486.537015243,1181205.064531731,1498170.3840332176,1900720.7232672002,1092311.3709082701,1634609.7616449634,1208270.982278712,1085055.4416441675,1119360.7907372857,1129997.6386568537,1288291.290861362,1405433.614363792,1635876.667959233,1372542.9982617577,1706143.9894564862,1403861.1029952094,1816454.0302884653,1394784.8526348344,1003023.8083179836,1558965.708561276
2031-02-01,1315202.2374092701,1210893.8251222272,1539586.629624335,1940696.8567470664,1096220.256779488,1665275.7430306925,1202763.8173882358,1106886.1049227426,1134790.243778391,1137595.4694827243,1287336.2923866953,1408198.5198026202,1641738.4335772144,1393030.0834014025,1740212.8050386994,1414710.3276577513,1847303.1971799925,1416796.0132038617,1006362.7080275667,1558530.5588841091
2031-03-01,1322177.833814322,1227106.3556050444,1568226.6037255928,1982223.9922785799,1098465.9772524799,1698186.2123440888,1217112.4947240097,1122833.765904029,1140309.4851315592,1139915.4672027014,1288719.7063580602,1404815.5098006397,1659776.3056988213,1403512.124716616,1772045.6813261649,1419930.774334934,1875440.9206498135,1429073.8949476767,1002305.1633765545,1556644.629418643
2031-04-01,1334419.138362466,1227485.1002476343,1599294.0631235624,1989026.0289336564,1112141.0241911027,1740331.0480923126,1235410.5743450588,1147911.5402978025,1168490.5648906853,1137707.266432418,1285895.0977789795,1414492.082351777,1687351.7513664237,1420986.6259018918,1802650.4019111095,1441124.3632291635,1888735.2027796018,1433009.1655547,987501.7422822642,1557135.6765521755
2031-05-01,1368746.4342327106,1237017.5908742365,1610104.028034362,1997088.9174993627,1128973.9603171183,1761704.2475482365,1250334.322103014,1158544.6696982428,1186385.8176032966,1145142.7149612403,1284007.8300634401,1424586.8566932876,1721535.0996935077,1430023.3380733249,1817731.9946274112,1452429.7628246478,1910326.2782029994,1424439.2833233443,981394.7195999341,1559804.6841748753
2031-06-01,1380810.5973366636,1234906.8664671374,1608809.9439712162,2021555.3528726995,1127847.2891545526,1758424.7847986028,1249547.312769869,1168457.110342629,1199923.2402414733,1138132.9037419225,1284335.2168925158,1422173.649425071,1751682.6232314988,1438144.7726091202,1843663.4540156268,1443650.2822576738,1912946.4443008548,1411695.5324628032,976482.05636556,1553192.152965947
2031-07-01,1384286.2399866772,1239958.5077642004,1596464.4621826385,2041725.2779296506,1124046.8855059098,1745509.2592210828,1241452.141954676,1163302.9942733522,1199144.0400269297,1126081.1937489216,1268944.3226584084,1401497.9842593584,1793844.2525410284,1430273.0245035652,1834347.18912892,1416471.013001324,1933287.1822479076,1381492.2732738582,973793.1367103154,1557579.4581546357
2031-08-01,1402728.921613765,1250448.6294557247,1593698.3650225396,2071919.8858808826,1124095.5482992511,1728083.856379246,1226222.796055083,1174255.1184079011,1193183.7302574331,1129416.410301157,1284700.6518886783,1379897.0898124445,1823442.3408381625,1411497.4251414642,1836688.8892318192,1394611.1220906659,1950972.3368292802,1332338.3439044647,969376.3592864285,1574231.4243911945
2031-09-01,1435823.342296528,1275201.562788095,1579838.931904389,2093591.269190563,1135855.876779091,1745979.428872052,1239609.4710835333,1179102.9980502247,1210475.4079308552,1132199.6508993993,1296358.7043748295,1366205.4378799945,1862351.7465958332,1410016.1304571917,1833544.4924218,1390333.293105429,1958504.2657903351,1299386.3723280027,980295.0842288963,1585861.7068728204
2031-10-01,1450412.0689363384,1277121.5120806631,1588284.0506202306,2085412.0000442353,1142591.4352005494,1763740.6473088765,1253901.280063151,1186620.1694308377,1223057.1419761833,1126681.5242288685,1294500.7126754657,1369992.1320639977,1902161.432762615,1392504.205132276,1845823.0436380368,1392105.83554131,1958638.4513545812,1270618.8755497602,981764.8071430898,1595479.8801656505
2031-11-01,1449789.698206605,1272879.3272748382,1612819.9697580764,2059899.4595963238,1137961.0792044713,1764479.10929008,1249390.124742224,1190659.8837699275,1233944.8986081262,1124118.1762295167,1307403.6489545628,1367266.1272892305,1897170.0020412116,1375990.5229945565,1867321.932337512,1392919.483692037,1961058.7844242603,1258509.42268887,986300.1916893213,1577544.0322066413
2031-12-01,1445430.9393127454,1257781.0106129516,1631128.6118276995,2036202.4724656246,1136822.8732710772,1755849.0780139898,1248916.0305847726,1208221.2529127307,1228014.3023102637,1117822.7307834774,1310412.87022008,1352730.3430835253,1873632.6702543718,1356967.645427861,1886170.2552222523,1399480.764159455,1970578.8567826855,1247468.364829765,992897.6562910101,1558361.3499440982
2032-01-01,1458470.8893885093,1253438.634631156,1660188.1279107984,2067889.409658817,1141259.5984446995,1737146.1860925858,1257687.117457695,1218718.0872867492,1222248.3471378111,1131167.1788187313,1317240.7115667695,1342195.8095689612,1859319.8624159545,1352012.0398996947,1888870.3090777793,1404666.2833619763,1996240.8691228738,1223604.3356378214,1000724.7343737883,1547000.6089020723
2032-02-01,1473685.5441555965,1260847.6884836727,1677780.629493247,2132293.5716801705,1170410.000686622,1734544.8439391404,1280154.4360605828,1235664.8755787534,1236121.3366320506,1146586.8253705862,1307625.5141266577,1332645.7261210491,1864186.967457173,1344721.70389349,1884542.1154186088,1410912.5990219698,2036129.627228987,1211370.844460492,1013241.8123400315,1549026.2118905562
2032-03-01,1465441.8385199495,1255313.2275421207,1694139.9082345394,2199248.8360508885,1184178.0665599296,1728635.042018002,1298667.9698029254,1243062.1066867788,1265876.9177591882,1174750.2750276427,1297234.4989108145,1334081.7234875779,1863094.8469164849,1346356.2592510402,1868836.6806531814,1421694.313369176,2038995.3107060913,1202884.4945572405,1016327.5099699257,1561849.927248695
2032-04-01,1441586.5614008803,1259392.2631418856,1698854.1560386033,2244951.561526308,1208451.707538652,1751966.5394108898,1312953.7545003719,1257597.2011688096,1293240.2023097905,1183228.094910504,1293287.1081172791,1340835.7099417762,1874579.5426886233,1343836.0661772368,1888891.344934292,1439834.3558881271,2041295.4107307286,1212544.4687097254,1016494.0945517886,1567757.0632153675
2032-05-01,1409639.6067196825,1248691.84391626,1716153.5862113175,2281720.135330727,1222981.8209244807,1765563.0144636887,1307507.362975481,1260095.0378105422,1316874.0113553882,1185149.1644688467,1312729.1521491266,1350247.3798993865,1882439.7828526061,1338477.3245154077,1909534.5425747563,1469270.5958681745,2040940.4049215915,1221728.769706644,1034609.3763832839,1568522.5912455271
2032-06-01,1391620.283547692,1255733.4158305568,1718456.8825449438,2249410.032541877,1232466.180123645,1756401.700647658,1296242.936891176,1250584.7127237832,1335874.9054050564,1175718.0689096942,1335889.0666023537,1345097.2159554695,1892447.9330874863,1347366.320260538,1939243.9642396783,1486069.7959479422,2020482.4422386675,1233261.6361063085,1056502.3177442874,1556380.006309491
2032-07-01,1390850.0383185337,1243710.8046605762,1743792.5735749328,2241056.7697980055,1225533.5831436696,1737217.5294406556,1283384.58898519,1234233.8821106944,1343759.2183366402,1169420.8134921729,1338850.0057514873,1315820.2299668982,1865543.4531697736,1339281.722283902,1946549.841189111,1483219.261891905,2007886.9134445868,1237923.904218357,1068901.9440039785,1569290.5054061534
2032-08-01,1384429.403216951,1243956.2186832645,1772375.4517895305,2226317.404710351,1202524.758603248,1738089.8940105059,1288509.87756846,1230968.0018352172,1348602.965475697,1167952.6348822992,1337422.1220134343,1300349.2877414944,1868869.3228189757,1322254.365430791,1953728.594617638,1476620.193923841,1986147.4569795788,1244397.1293689176,1068375.969491405,1562235.648277475
2032-09-01,1384652.3469510425,1268503.6501672051,1802893.5907498426,2238740.2787408787,1187613.9905369135,1743211.7185600582,1286197.0019462688,1242814.9432083122,1356452.275693736,1162039.3623975378,1332659.1130615552,1293811.1077857679,1881691.3305415893,1299507.9128714972,1995382.3165941336,1480464.114835465,2013703.6135935818,1243763.018123923,1093803.4186001264,1570486.0374691004
2032-10-01,1373710.9145688352,1299231.738240038,1848526.4115486804,2248604.8647899115,1176599.8354728983,1765949.3501689201,1311939.768574518,1261519.0733195487,1358409.2080068984,1167533.8755437913,1315047.147732426,1301882.8726332379,1904419.0262273957,1277899.8084809335,2003520.234901786,1496985.0026008987,2012479.6668656997,1251688.6998087682,1100134.473391538,1559304.236152881
2032-11-01,1349481.7788115991,1295368.7190800454,1889946.4370452662,2209549.6341786957,1174458.1941799158,1794060.0124159679,1321931.4301950834,1276267.5356235723,1374340.0830947605,1164214.5986643946,1314539.8039308342,1309190.2086986706,1929486.8523213873,1255880.2643868986,2015789.919012083,1501227.27229631,2039931.6111588245,1243332.0643968794,1109899.3697357592,1545891.8750267595
2032-12-01,1331899.4569396419,1282781.6940134813,1921577.2976120398,2185502.050663505,1196479.0817119207,1814180.361421753,1324747.5885707897,1275069.3253938195,1362924.6194104191,1151426.2164004976,1318084.7192009673,1318081.479876773,1947673.2270878225,1247607.2445850393,2018199.1403158219,1500141.1917337696,2032697.9538147177,1237344.0053620422,1114413.3588195094,1534123.1429756733
2033-01-01,1333083.208497259,1279134.506468262,1938081.5517721064,2174282.6974208537,1237292.4572840156,1860217.5881065454,1328912.6069447787,1278305.2551229824,1362601.6324132155,1146240.4061723787,1332991.9137940307,1323139.6282783214,1979596.143206316,1247909.4573072852,2020371.3100683826,1506923.9230240714,2059823.737822919,1252772.708823906,1131687.381193008,1518568.3629684453
2033-02-01,1342131.3273352587,1289196.4643068851,1961307.984518538,2192918.0381976548,1265773.2212619341,1901257.4004074822,1346587.6632349417,1282535.4487231036,1362363.3009134496,1152956.4613992611,1357368.6910923163,1354152.3680368487,2021371.4654371536,1264008.951400018,2047656.63532825,1503060.4722848157,2098329.2088474184,1278100.0527161695,1152820.1116549657,1499812.065582431
2033-03-01,1367955.7379828154,1304917.4351192974,1974216.6132589718,2176060.2845051116,1262140.2900099345,1929769.9738091356,1359733.9452169721,1285236.5557190569,1353150.1326869815,1154987.3839459806,1367027.4388209204,1350828.140353696,2045151.2014985194,1281483.0733563781,2049316.733300213,1496859.3747328387,2142981.3709143777,1298613.4443777339,1160584.6380201092,1484083.3201261514
2033-04-01,1391197.6855106107,1304616.9187021735,2003993.8792122784,2188190.6920914743,1272652.865112564,1949421.6502078506,1376504.5974537225,1302717.8195986054,1350275.4798777346,1161053.9763229643,1382528.24961377,1360115.318929615,2072831.6844449826,1305066.6246347707,2046691.970361541,1506339.1626083248,2186938.627720586,1299298.2414694661,1161137.2044182033,1484320.5264465737
2033-05-01,1431051.3186462156,1292856.1176351248,2027432.8523523018,2195244.7872857745,1281312.8893452669,1941053.0764272474,1392309.9947638013,1324745.8105683841,1360557.1944053427,1152312.2196928724,1394770.5697861365,1368145.6528856435,2099680.7261910355,1299590.1971305762,2045721.9161737876,1508566.2717854283,2205203.5661595515,1303772.9610059923,1158523.7207952142,1504743.8435208616
2033-06-01,1441845.5625258107,1280432.2437137994,2014342.2619678406,2211905.1751353913,1289356.345215103,1929966.9134451603,1407365.190539453,1336190.2508300156,1349339.5457566746,1143060.5880324354,1387414.1735805324,1376359.4194520228,2113007.372898376,1289476.6392785697,2054141.9515143712,1491069.3878375143,2184661.6621164363,1298755.0262196104,1156460.3455547898,1498669.334390505
2033-07-01,1455742.84184941,1269762.745777892,2008931.6291218344,2210004.966642509,1308607.300392351,1919076.2452637118,1403951.4039579206,1329444.4100600977,1343699.568369953,1131534.5396744623,1374761.9667421957,1371242.6183328892,2107062.694013479,1273994.6799364062,2071452.3945798369,1450268.3912090573,2150298.3500122316,1289995.021139188,1150569.218730286,1475408.0814295812
2033-08-01,1466963.858397734,1268744.2328199984,2035032.9936759798,2214971.8209505766,1318584.1064577722,1924582.0260903102,1409568.0590914486,1311303.1541171034,1331537.2532941664,1110031.5611016778,1381341.049157174,1374003.8041023412,2095324.5885609447,1266203.7454340167,2075428.844882486,1421847.6190894996,2140437.021916574,1293297.4130284365,1162688.5852321223,1447978.4814576681
2033-09-01,1488409.4851392421,1272013.0124523493,2062729.7004213675,2237326.92380213,1326446.706795472,1932149.44004401,1436084.5981025617,1305319.2808137073,1326150.0300416136,1107371.6879463338,1381862.860158779,1385383.580494974,2091454.37652741,1261287.2805385613,2073183.3105198664,1397924.2170436354,2143641.399398209,1295551.1403401003,1178204.1005749681,1444222.7949564005
2033-10-01,1509440.670909827,1286011.8007763736,2090891.4630510106,2258827.154650489,1324365.7099999215,1948265.738534614,1465416.9752259469,1297627.6722844176,1333010.004266362,1099789.6954564326,1397441.5588687074,1378407.0841434079,2077507.444179707,1258972.9205890852,2085177.3477988606,1388861.2492114068,2152672.558685857,1284012.5593472254,1196478.3535715416,1437103.0453372663
2033-11-01,1515036.4716656306,1282048.254619778,2113978.6508435193,2288856.169220527,1321220.6007217425,1947377.9122296905,1483150.6370542606,1303832.8292670583,1342342.8396677852,1095261.5500053577,1397894.433313595,1376956.7985288154,2053524.521732863,1247419.733095727,2086288.5702329867,1393928.7862337718,2157856.6195449345,1258862.0019149887,1203398.288540206,1425305.878792431
2033-12-01,1504604.0504771234,1283355.0938161938,2146216.5588804884,2311335.687208031,1327522.127765447,1893019.816432087,1500014.0427808978,1293958.3811059662,1374713.8039510748,1085701.4621876301,1416599.3877940362,1379170.3485681876,2010259.7092687956,1245185.605861803,2066955.1690077637,1384363.5729893171,2167986.5228009694,1251154.585117359,1201996.482192683,1406492.5103181074
2034-01-01,1501959.1580601216,1283730.6913306252,2155540.3411700795,2327270.2951462297,1360688.3999409403,1886832.9684829002,1509739.6645411358,1281149.5379453287,1408324.42104976,1090412.3160155697,1440481.8348782256,1391189.6983310715,2012350.0964709567,1251427.7050863316,2090762.3389080744,1389096.8328064973,2195783.0412114845,1254837.22160337,1219306.0878077091,1410509.854184413
2034-02-01,1504143.5566445144,1295890.074022455,2174863.752107633,2337114.753815044,1402893.6501333427,1895106.0458194078,1520828.5544185438,1268505.3379407406,1434221.4922487491,1099667.0747957237,1495651.9089435344,1407514.711092247,2046530.2401508717,1256683.3745285831,2109997.4493394517,1397092.62106437,2215653.124704344,1250040.1168786818,1235824.068186268,1432134.2724018565
2034-03-01,1491662.1609631872,1307445.3967285021,2172850.2589061316,2353428.477961998,1436609.1168757456,1922600.701364766,1516790.7497998995,1246914.1340016883,1441329.4189401432,1108006.939489598,1512358.8683692524,1420785.525690748,2056567.126378554,1256189.1553868626,2128968.7690795218,1421129.7632187994,2211216.8898910284,1235603.3377968676,1240456.7322871468,1446062.6640891097
2034-04-01,1493660.0021355713,1336736.1327790204,2186370.1377415047,2391546.60249109,1456528.2590388467,1938709.213279876,1516989.7502294767,1240885.3474856531,1437020.3261844746,1112522.4760875779,1524618.157588348,1422575.755660502,2066107.5263685319,1251834.2319988457,2171347.8872609325,1431644.9460537299,2198054.9491614094,1246638.830982678,1250507.4169645254,1467964.0157471718
2034-05-01,1492391.4262797087,1352992.3485828121,2220753.1856021355,2427443.3341486203,1464169.7155992042,1937965.8658425154,1516507.7479567158,1238771.7916454226,1440682.9231118662,1117848.2069602625,1515234.1788154633,1431172.4228396376,2109210.270721176,1270654.7602149795,2228520.9102001577,1424664.0660157804,2164000.1188444225,1261846.1095987633,1266797.6282318907,1473131.3200626986
2034-06-01,1505275.0644205757,1360823.793302855,2242816.486134374,2454158.5840548403,1458389.3989596511,1961284.7391325282,1532305.672857384,1234725.2470247457,1444294.8060008418,1123067.2962979237,1518466.5662047188,1443723.9486400587,2134041.5891346796,1292811.5448474304,2290894.3362252573,1404353.748797489,2153331.4850639733,1258181.6647447445,1276376.5183210245,1468471.4756880794
2034-07-01,1502518.3175889347,1353905.1936172654,2251811.023181204,2454521.766375461,1454294.8393412316,1952806.480553342,1544530.4925352158,1218861.2044279375,1435178.333499737,1125287.7508192298,1528639.1379531105,1466743.5028427343,2164516.042304804,1291325.168279373,2293675.9480773886,1383269.6520396105,2102617.2382732537,1251272.928886199,1279626.8551437983,1460514.280489046
2034-08-01,1503889.1105127798,1358676.8305262967,2247242.2205918077,2460789.667773982,1458908.4680207437,1951336.02715584,1542402.1417830263,1216113.7244964237,1429090.930798133,1123650.390320897,1542354.8627857354,1471215.9490118523,2144531.2133386773,1287338.813674442,2306969.602732119,1381868.7208793461,2080621.0525261068,1244308.0402825347,1275750.410037127,1467010.3982725833
2034-09-01,1509865.0755191173,1352479.9629199272,2224858.787522645,2473399.4868487064,1498225.3970330546,1969693.5034731848,1519427.857237419,1209405.9647907726,1417382.5386038502,1127280.1027926628,1546347.3921903963,1494878.839279058,2122186.548647731,1270371.2406509086,2330583.1483757384,1406304.0166406862,2043876.214844789,1235288.1588251234,1274323.585690102,1483891.0813141633
2034-10-01,1499359.276850185,1340427.3921393042,2208929.3373610326,2476727.1288608713,1528710.5847042615,1966272.7548130557,1507635.095347761,1205268.2706449,1422929.2825661453,1119343.448887999,1532249.3326137469,1503282.8027123522,2099997.042409817,1263210.4383727147,2358015.905309839,1422116.162966237,2038394.6023616116,1235157.699278426,1260080.1498337407,1509214.9960992157
2034-11-01,1496478.5740951088,1318242.159660741,2168985.3891437626,2431020.668723802,1535980.364359988,1945812.698006837,1504420.7383008485,1203890.5748435366,1411343.1389992945,1127883.6557332748,1508210.289741332,1522021.1417447284,2073621.7197468642,1269196.5393664278,2388353.378154505,1428764.2627968292,2015501.5030373347,1240832.3867809733,1228584.8633984986,1517646.2596887965
2034-12-01,1490935.4346138642,1301957.2280366046,2171978.2964869863,2400706.469644993,1542380.1672476402,1931306.5489041097,1488004.0756705818,1204596.12982794,1405623.2622677237,1130916.6217369942,1491467.8795094972,1510694.9671266116,2039682.3309947553,1282496.4016126143,2406895.6184617514,1429825.1708840914,2012885.4503720405,1236708.589755482,1220612.172176974,1533158.1486646535
2035-01-01,1483808.2260967253,1302516.5405680453,2192710.186466137,2424966.7423896505,1553596.4039717934,1940686.1086575375,1491933.6090262556,1203867.3585055764,1413598.6416474169,1130771.8306087144,1492640.3734214616,1518621.6961485168,2040896.1835936918,1286114.7724901554,2449042.625768301,1444613.403792081,2025855.7451172865,1259814.0689576226,1232327.7350027906,1531146.5256509085
2035-02-01,1472912.3942855988,1304921.8316230683,2252924.34241948,2509623.1167083583,1573289.687679485,1938413.1724976406,1504612.4907302686,1217347.4647069103,1414844.7815447457,1123323.1903080356,1512190.7305048218,1519106.6406292624,2018013.5565192606,1287315.859327537,2489578.328773765,1443510.5401801483,2079770.5333701698,1275826.8170045326,1235084.9662732119,1528561.1383630864
2035-03-01,1473445.9713629358,1314098.3289854783,2253067.9405961144,2585060.6341819307,1588443.6443489306,1940690.564994486,1503561.9514187488,1228809.2918520402,1395431.6634753186,1115085.7448957188,1535989.1240866748,1522795.2497103494,1998493.5143727786,1279553.1390297334,2521983.373343993,1446884.1910870592,2120205.402259525,1281544.1062484453,1219539.3975999032,1518641.5592460972
2035-04-01,1493718.495489235,1334484.0994859023,2251607.688629125,2627888.2962359195,1595670.440488726,1960756.9872592622,1510283.507919054,1247448.3957521906,1396800.1111330462,1108003.953420898,1564687.5143215647,1511205.6159000127,2017418.494163295,1303634.0798000712,2529271.509460378,1459989.3790229247,2151832.2892094655,1290968.6810170745,1217320.704252299,1520696.5261742277
2035-05-01,1521504.7004155547,1347011.0858458283,2209638.090885299,2640777.473782996,1593963.679617317,1989381.156805534,1521529.9009255203,1265424.509608527,1401390.1431599462,1109651.3347156334,1576718.1823318915,1536576.8797621813,2053031.736932737,1323470.0060494908,2585204.2180201933,1466522.4379314522,2169460.741320937,1296734.7878077615,1216452.339646935,1507376.2215484646
2035-06-01,1524747.0670085093,1359911.381351412,2173822.156886502,2622941.3584446167,1572079.0288354263,1998264.600544964,1528371.8531126978,1275087.6632172852,1401916.3248728805,1120655.0523442638,1588584.9820072546,1546114.4888101765,2102854.9116538716,1322866.00469887,2630807.4547133534,1475729.5325652533,2158265.5634737033,1295962.1248574604,1234049.1291255027,1495152.299378013
2035-07-01,1506332.4465342048,1358683.9910352356,2136847.491688199,2602694.712451412,1561147.1470447516,2017133.275255327,1545028.6538133987,1257884.919981451,1395965.899195902,1138769.117731706,1600120.7337005262,1563329.8352726141,2119038.8706531883,1329072.0342055543,2679384.2012108974,1486046.6041759674,2164664.4355416643,1294454.3224098128,1240782.4448793437,1490853.4573481022
2035-08-01,1513339.3526583633,1366291.0793551404,2122730.729735387,2586759.629363269,1524299.9620223148,2047718.7731552923,1560656.3256688775,1241552.3996903212,1391786.8990712992,1150793.2008327118,1593228.786203553,1545048.8641265507,2136970.081703453,1333599.1621548918,2691081.953907991,1494828.8693703855,2160195.2020783443,1284677.7072181955,1244870.0605323191,1493389.0419999415
2035-09-01,1512332.982824435,1361004.528755097,2094969.2975182852,2579170.3785285624,1523371.5705633163,2082816.4668902229,1578567.0905479507,1233477.638840887,1410270.4059981846,1153405.7582435329,1600381.01335537,1537793.997895646,2142103.677552073,1349731.7520238264,2669145.8020476555,1517211.8461233464,2169770.2068289793,1285466.9960778793,1254543.5460809506,1484084.7282373933
2035-10-01,1523941.7489245513,1355011.3819831042,2064204.0448686134,2541863.1555908243,1530660.6592337608,2077519.7289481976,1589917.885564743,1239565.892022208,1441519.254395912,1142683.2180725448,1593293.7113947782,1494138.2976349134,2137561.1892374973,1349102.2555518274,2642854.0606342126,1522691.958142412,2176900.9197249757,1275300.8137279572,1270317.6768077894,1481009.6598375207
2035-11-01,1517362.4477217232,1343977.3151446024,2037388.0335792394,2488131.7658065995,1540028.6653034193,2054803.8296992907,1587068.3855435145,1268800.1226802638,1455340.6555794792,1125332.5311092224,1617225.5246896765,1477767.193646312,2127990.0633906806,1354572.9317075678,2622944.8118344913,1531402.098648987,2169773.2446311302,1262895.850594182,1287813.120927289,1478468.016746734
2035-12-01,1520377.020367701,1342163.5634733501,2054907.2102534485,2438862.7323033633,1559865.0155732294,2037019.952411052,1584946.1952688799,1309385.969095356,1455579.0318679602,1128095.6307767923,1638095.5702652435,1468160.0419867646,2113499.9719359158,1348294.0939486318,2626276.871574083,1528245.194527276,2165785.0240294663,1273350.760996665,1312261.15402584,1498254.735874764
2036-01-01,1542668.752976728,1359417.042420156,2071009.78312259,2427333.249084847,1561900.6745438462,2049099.4726037802,1588910.4868425988,1353765.4298390301,1454860.8063791515,1149377.025519407,1651120.9829000302,1482291.0641399608,2092989.5061246564,1363391.8575120482,2651643.217916871,1547597.3173795997,2165583.4471980236,1283273.5380007222,1338659.84875368,1535947.4098322783
2036-02-01,1584298.7325574309,1383881.1525780226,2088951.8737039599,2418143.4630373195,1574037.3394225575,2044897.528075656,1598729.0533985626,1393859.9715216774,1461182.5432899776,1190826.6270452428,1692012.7452182346,1495122.547341787,2061472.954628558,1378594.9048329156,2692287.724506888,1568680.185258264,2181723.666287039,1293897.3944540634,1374141.5371218603,1562237.0751853432
2036-03-01,1608706.968005341,1414072.258506664,2091292.933172382,2449165.2676190264,1575752.5337882375,2024230.350471088,1585047.328669656,1412435.9013657384,1438748.5922536475,1207303.4645012636,1708171.290930088,1498400.339647647,2047082.6509551206,1377817.1710453972,2707171.7787158783,1583974.1979224014,2198684.1843792424,1285621.1816780916,1398479.119477521,1557875.3780160616
2036-04-01,1638692.6136864065,1438232.8348630965,2121283.5851538843,2514360.075718856,1570679.51148414,2043369.297710517,1602071.5830234473,1436333.7791969292,1422494.6714704123,1202695.441410383,1724385.3181397882,1508259.9822769188,2041985.7806019268,1373233.7017935344,2764446.513681574,1605309.5739736645,2215378.748132393,1278812.0043210355,1405118.0997440221,1562081.0189131817
2036-05-01,1653587.1822235116,1459491.2446843174,2137476.8857052554,2552483.0239248616,1561697.9294361528,2077218.6181403631,1630976.0144692047,1442203.206801143,1419295.958926351,1176704.3758981316,1741763.3413952868,1517174.9607447232,2039423.240992503,1380803.9942052746,2815202.599778057,1646046.6318074537,2241853.209987369,1294379.9214992744,1395731.4164788178,1573211.6511001913
2036-06-01,1650208.942672158,1452322.0538714065,2141612.958692419,2550406.226932453,1547859.1735550466,2117943.5372189553,1671991.2933547585,1445094.9496836553,1425775.4516246058,1133413.395103572,1746487.2229703423,1532472.405465605,2031066.6197990705,1380006.0085529564,2849831.3243352766,1680144.536186573,2260386.717161524,1308963.3931424587,1374912.2212486193,1566932.82635343
2036-07-01,1630716.3039663918,1425474.5837693836,2155207.4317831825,2547633.0153283076,1508579.080171719,2153539.4108787347,1694373.4156742182,1457467.4081627727,1425934.9939496475,1125562.352151088,1741538.6315052686,1537336.2638037952,2028597.5037205226,1393039.4205760849,2846622.342772337,1681720.7984777514,2298898.01560888,1324201.810789274,1356078.2171953276,1559828.543686571
2036-08-01,1619268.3262736825,1399881.2009864778,2141012.549908737,2529739.775764475,1480434.4282136348,2188177.1700661504,1713552.5554536309,1474834.1422839349,1424856.9039005113,1118680.892164454,1746072.2076243274,1563642.2702079937,2038944.7486873723,1390999.9707698554,2836901.8257160806,1666351.932847505,2347522.993727625,1325780.378363989,1348808.7836343646,1545906.8823854516
2036-09-01,1634420.183039323,1405244.6719962815,2151423.938195646,2516249.352672552,1459546.4289459784,2218996.4505882976,1738113.5918748686,1489672.9924237172,1437409.8248694881,1138591.7494280795,1767859.8398016666,1594008.6918440913,2062403.8191300244,1393036.306321423,2831933.336762451,1667083.4849387873,2381780.0704651633,1319483.4988753595,1350239.1127310148,1546869.1052418137
2036-10-01,1638021.0974919696,1427683.0845014125,2146202.344987815,2513013.6404296746,1460831.818297572,2252271.8939443943,1764541.0570242796,1484918.9997646944,1437381.5125994904,1163822.372609966,1777496.3341063405,1617405.5369906968,2082771.3124287277,1388116.7339288152,2803102.7203618106,1674983.0948424123,2397978.720700701,1320363.9362554864,1358074.5127346085,1557426.320298921
2036-11-01,1645344.2214744226,1466710.9129687643,2138090.132358705,2538203.9348943736,1464567.9768029756,2250117.1982195927,1789528.0229516656,1460216.2605967592,1429202.80916367,1186816.5029512567,1765971.0437957754,1611371.842765883,2084462.8575778452,1388945.6135833275,2790791.720699222,1679696.3266934813,2394552.3039180473,1294012.685814714,1366973.6214756302,1548302.8854189215
2036-12-01,1652316.0988258487,1496431.0607573877,2157192.649937287,2591191.306158451,1482759.7342337512,2261604.3005133043,1809143.0522593893,1428148.8520589317,1411825.5877728944,1202380.022442161,1775269.5560402935,1579652.777886993,2092933.8697160215,1409714.5852796144,2795059.676862557,1699937.475349838,2369241.2362733814,1284998.4831975782,1366215.5548488572,1534023.2527759494
2037-01-01,1648020.0497731192,1509860.6635414823,2169869.6880346998,2645346.0037990725,1515113.178138953,2241574.7097683833,1825574.957021377,1418081.524589267,1417622.35220483,1223622.4476584,1802794.2432715711,1542576.1436863963,2124743.392608322,1428100.6777956414,2818016.767964298,1715118.514349424,2371832.6280878996,1293107.8072443279,1380077.6642114676,1512616.3035291778
2037-02-01,1656497.9275762376,1508056.2174237347,2203785.777581363,2713453.471684505,1549695.3111986378,2217552.7994207647,1857565.3341455008,1419805.428500297,1433274.9448084382,1240783.6268882172,1860254.6013530367,1519056.8564404997,2167321.110141086,1452215.0615076844,2807224.1269688173,1727238.7024728863,2403809.4441927345,1322517.6697525922,1400192.1626247736,1508388.8518221509
2037-03-01,1648957.3829846557,1505015.4164895483,2208017.6105566993,2768359.955616706,1542483.562576196,2174094.330744427,1876505.853048878,1420660.7069396593,1430916.1189436377,1231743.0955495543,1891809.6911825931,1532131.1734876698,2169523.4588966654,1466453.012436333,2774487.1656163284,1718962.294291986,2426316.9193713665,1350661.9972810403,1414661.575134003,1509016.7169773008
2037-04-01,1664873.3802493813,1523450.0634375887,2227136.2414376126,2828432.826738766,1555352.171269915,2166971.723304853,1915305.316622512,1427386.802311876,1426341.755463963,1238051.638577311,1905924.0576870604,1565823.816262875,2163557.777504775,1486525.2150879584,2770812.8601807635,1716513.0952636686,2436031.1918390268,1378312.0852049254,1415114.0507384683,1521519.4442000338
2037-05-01,1668903.5871978982,1539121.0151843184,2255803.278753934,2875073.0477127978,1589794.2851938028,2201100.7746458855,1934316.8194161179,1433522.053901178,1425862.5200202384,1241215.7046907789,1920166.1514611947,1595031.5140960359,2208571.93055261,1497492.810239857,2769502.4213575413,1738931.0899229445,2458255.0344117694,1388975.0582207886,1429012.345391707,1551957.8968810886
2037-06-01,1667865.8514655647,1546559.3835476427,2254302.87160858,2879761.919235271,1636084.4407773572,2214437.388093761,1945454.6010474216,1422316.0827545016,1423918.7306627915,1234962.54647199,1926741.3880415012,1598148.3428064217,2229840.245997597,1487042.5200428516,2781795.3085835753,1736924.051279994,2495032.8284275583,1408835.9426609,1447560.8784137191,1574722.8808024907
2037-07-01,1657197.6475100673,1554213.3909970245,2239320.953406414,2876351.7537307893,1672197.5500662166,2190202.303428003,1966565.779681882,1424582.1999139513,1414784.0651528956,1219650.4166002232,1953371.486833863,1565279.7472984223,2270237.5585120837,1477304.960865415,2789814.930184945,1727140.5221733896,2529186.2336462047,1407559.8583123107,1452016.7169844776,1591135.4018661096
2037-08-01,1648849.4500817682,1564432.9416715133,2207039.061447412,2900435.244882266,1680674.4900179727,2172503.9311048314,1993686.8488695172,1416774.3441628874,1412072.8321202772,1214797.5570071046,1994668.0346831041,1557214.633638053,2325705.9322955934,1464203.6796204871,2770235.465517068,1724884.2306576346,2567459.4068453033,1410717.2414255242,1457499.984406897,1582458.651870782
2037-09-01,1672708.5745008716,1599214.5411667807,2211591.9951846316,2924749.9668966145,1696744.153385447,2179727.8769236314,2017853.5411801874,1403936.3351732348,1415066.7677712108,1223993.547283932,2044530.3416804108,1576646.8927482248,2396859.556629742,1461770.439234604,2755710.253109793,1726232.4606336914,2597224.275140242,1418644.3964591115,1471379.915823136,1589726.8888708132
2037-10-01,1672476.5186714123,1616500.7901125217,2210270.1651091157,2927954.9602178796,1706725.8546024018,2182649.865220375,2050413.4834331137,1391958.365476038,1431074.345079449,1224985.1414958404,2076667.2227257139,1611603.8168026225,2418166.74967159,1464647.0810031805,2753048.9229714503,1753095.327637228,2618067.188844825,1418508.5332417614,1488285.6195448043,1567013.910013946
2037-11-01,1663228.9786419147,1639758.3433949999,2213669.61393139,2924623.095431853,1702261.0915404288,2197434.940995603,2075823.7368385524,1392649.0713956624,1422081.5197357326,1230471.6762670618,2117087.6619967036,1634027.3047712394,2395312.8753384426,1463233.6420503766,2767500.9462027824,1781705.7934274334,2607647.860039957,1418178.0896847225,1495489.3621035274,1540267.7709367604
2037-12-01,1645511.1140226675,1625055.9892774266,2222601.0071889404,2910027.6681438615,1699145.4506979468,2206882.9878567173,2061944.65083493,1415611.9800923495,1419094.5673172164,1241757.9448788422,2152053.0887698717,1640376.2751403602,2370996.371658843,1460271.0858322596,2760943.418572396,1809962.5997636132,2608340.792986945,1428074.4089756708,1487492.0547743698,1514032.2471169443
2038-01-01,1661803.2271236228,1601597.8847114502,2260457.8448950336,2909143.924950563,1699673.527919993,2217247.6685094573,2069675.3954744556,1446892.7980037534,1436453.7286062073,1261698.3888268014,2169231.349378586,1661555.1136226442,2395269.3869451783,1449156.9526914717,2794429.828108805,1852000.7744385498,2629442.5590852257,1455210.555119974,1493530.0399082697,1517438.4489091747
2038-02-01,1692848.6403325773,1594433.8128865592,2266334.4053270705,2892924.7728200206,1702068.033212108,2216033.277229513,2120219.5705578746,1462107.1828394337,1461616.1776241825,1277494.4818861485,2186824.6574955536,1660779.804161099,2417929.963328623,1460090.303023514,2844946.585360943,1900937.495253379,2660191.8943255907,1470921.2728848516,1511287.7449670387,1532846.5753641985
2038-03-01,1710929.1511493472,1585050.829381301,2271288.4923487953,2895344.3621623837,1681074.9249275012,2238419.0740237483,2198004.106602021,1458047.057078158,1479782.0784679174,1285950.9576609149,2181206.9459612453,1652257.1125877362,2429951.0028713257,1460288.7687035673,2878519.32762395,1927843.8345886604,2664238.971292861,1474240.5557943252,1547424.4158063016,1568863.6330118724
2038-04-01,1695890.102559254,1595161.0385919977,2268126.758459998,2885609.4005182013,1662484.099790078,2228599.9949867,2273789.5407412224,1470016.932160522,1491258.7565806769,1309038.6301446366,2203747.8868762357,1651446.7618286281,2443649.258724812,1474854.0256838256,2930923.7429231196,1955387.0515033635,2680587.268395523,1467841.440170756,1583802.232923232,1590148.0959757506
2038-05-01,1719450.6735650694,1589503.3173893108,2253971.3732080925,2887530.676109297,1650640.2496211538,2235875.4861300364,2317661.4651882765,1489137.1442248903,1511364.16738081,1299808.0857957243,2206900.2402780796,1651068.6331134227,2483978.109958805,1479724.3429835553,2969454.9991201293,1991962.2113856173,2684821.9562832713,1472042.9140043224,1607256.1206039914,1622010.1161159268
2038-06-01,1726830.194785361,1592165.802132907,2228151.7078412753,2890239.525739978,1646231.9718601767,2246531.167521205,2338979.5303246,1498165.2583016765,1528095.786526206,1303578.832619912,2197235.6962299934,1667888.7250682912,2544527.047625424,1469828.9733320572,3000796.3544987617,1983969.8163931568,2680943.4462407874,1457073.6242636002,1609474.6319777556,1621282.402121994
2038-07-01,1712528.2831009026,1570300.50042797,2196478.346575803,2919315.806708779,1642620.1958565589,2262336.042307638,2331286.024983595,1497383.418746718,1509420.9230795307,1296260.3449853885,2178416.323824973,1684702.8054055101,2577290.920469719,1474868.5715569213,2958858.093456588,1992093.300523401,2694428.477258458,1426504.0185921872,1605680.1566744442,1617628.8845849263
2038-08-01,1711067.7607400927,1552838.4943666921,2155777.5266582407,2961529.856377714,1666598.8600756526,2315093.0600295356,2344042.0390044395,1474760.5342296953,1500150.4575535438,1284899.646145134,2179646.2645140267,1714001.9450840068,2599096.2055971245,1485250.38522861,2951367.4642900922,2029506.4793459282,2694458.2659968957,1399169.3162467147,1603206.3554661504,1622395.7820694998
2038-09-01,1720620.2514848732,1583115.3544452605,2129878.729042787,3005283.5995588824,1694069.8212677988,2370473.4195032986,2386386.6175388084,1477041.218874249,1484593.2125730098,1278237.6761034369,2172558.562835449,1723034.1678962319,2616289.2540632235,1515515.011317181,2952404.4482025523,2074007.261093195,2691391.611879434,1374550.90005902,1585181.3476751246,1619588.165706758
2038-10-01,1713874.3501225486,1624908.1578898728,2101922.763355199,2989150.0917094117,1692426.026960889,2420786.24968393,2428087.136801802,1488472.6205733912,1492009.3451546342,1259385.116659438,2145699.2558745723,1725616.611434083,2594632.8640617607,1515741.0680782793,2969994.4985043276,2114202.3040367067,2688840.0774867604,1370592.4026987744,1558640.9389061208,1633109.0912798117
2038-11-01,1684235.2253865884,1674856.583713658,2076464.487379531,2965710.5702378387,1674738.728988394,2431569.385062081,2473494.1635820656,1488354.6222999922,1477586.3988300238,1256281.436637718,2090008.2774563495,1719377.6781511498,2586227.2169143865,1505909.9363489256,2941176.618320321,2178131.801029523,2679699.960040121,1390223.6788834105,1551389.8639598337,1620377.795386773
2038-12-01,1686081.2049462488,1698552.774764022,2065275.8680199885,2977032.2245863187,1656477.1343549567,2386126.2077223193,2522984.1863607415,1483355.913830255,1469277.7631469003,1257674.4945225602,2072119.1630518683,1695887.8983787473,2595081.44483561,1515748.0010995695,2941941.99083328,2225590.129608547,2689692.8958329754,1421450.4078056545,1540468.6408597652,1591967.3246381101
2039-01-01,1704098.9435451855,1707395.1902620615,2043363.3657623713,3009926.9995517833,1653119.24838139,2351712.5338912955,2590710.81740096,1507584.4887478976,1471582.5946235578,1270943.0395623099,2054366.1840862369,1695335.374545624,2610647.717315759,1538857.0135162952,2941272.6769479,2288017.287797017,2689516.285131263,1451936.4204251706,1531605.891953374,1586708.2019903616
2039-02-01,1722293.7246666884,1721882.0676817182,2028662.773040107,3022913.6278091706,1686351.7265530895,2341039.2778453645,2653164.9069404537,1536354.1681210045,1494041.969221434,1290936.6359943561,2081201.155723096,1699993.0413077292,2634528.952670971,1575942.4578252332,2996613.744017632,2334205.975711487,2691598.1561705577,1488837.6696751877,1534127.4499039787,1579515.9491733038
2039-03-01,1730657.4456859531,1711231.333915195,1989353.4492490753,3078035.3280948903,1715306.7769935976,2331425.821463506,2653274.8390169656,1539119.7432782014,1500096.325745158,1302373.4882754658,2069852.7021655913,1702966.0280369062,2656411.8349485914,1610813.2526731365,3023646.794608193,2390143.2941531665,2718914.573811375,1512638.0445790407,1534415.7393305304,1568946.9519432678
2039-04-01,1749193.0332896374,1696600.6013384324,1980638.105574198,3126464.676712368,1723271.5123424118,2307554.4515858353,2648261.288371799,1537599.0390939529,1501744.5103423211,1303818.863609399,2085969.74361425,1730332.8185577113,2673781.7808361016,1643385.9885542744,3077781.50476033,2425353.803512883,2744856.7358198743,1550092.10400657,1539530.3456336686,1563353.2951712436
2039-05-01,1750904.039566382,1706195.9478628295,1969181.8314935113,3174011.144906589,1721766.54462045,2285587.198634765,2639120.1924780942,1547591.3954851844,1529654.465524775,1307904.7978109056,2073119.3492748477,1758981.0976298014,2652701.446982439,1674516.175953981,3161609.4732697546,2464157.1320129917,2773669.955220905,1586675.4891862473,1537513.6952313466,1536883.6634020458
2039-06-01,1778470.6829393096,1712676.6394873322,1949605.0679379476,3167773.3770652865,1712924.2753809437,2260048.9457069994,2639028.006516352,1546193.6080942228,1557866.5554305862,1326040.5014901469,2039067.616004791,1789577.566473319,2670230.59205005,1685293.5696208987,3193701.1562688793,2476368.4011009694,2770352.6949096983,1623447.5551288556,1544063.9791857481,1556043.9960046136
2039-07-01,1784944.8822536091,1714846.0964246667,1959401.4915758504,3133693.413559973,1688987.0662022983,2231423.645091082,2610764.552797661,1535348.958084451,1575909.7252187487,1340980.7253487865,2017214.5044613415,1799845.9508905497,2690342.988853494,1674163.267528997,3204385.320874213,2490744.8460250488,2721648.611622208,1658232.0344505797,1546519.917975283,1573094.9367972591
2039-08-01,1775737.9026975986,1717390.374478498,1985101.297258189,3090866.764123166,1686511.8044526787,2243765.2937501,2615710.4357210738,1518823.1841803123,1583731.7404657358,1344245.8305225088,1984564.5726849867,1798588.0995172053,2689180.970886228,1686086.5004684033,3211866.3243715293,2475254.777734328,2661729.8772836085,1674361.2271299153,1542535.79541446,1585206.65512891
2039-09-01,1765276.581277067,1727151.4845649898,2018880.0654832255,3104477.5471162884,1680153.4296246297,2254303.93710871,2652935.352413703,1515248.690598641,1585517.4227930927,1354702.399065177,1955219.7348828616,1803508.9345891594,2707378.4309453103,1701469.4342768507,3201016.036686481,2498820.2377450564,2632162.0240363786,1699133.953017109,1559443.3745548385,1583900.3904436908
2039-10-01,1765010.9222909003,1721658.3734898956,2035492.7289562281,3138822.912195681,1682759.367696226,2249623.2263673428,2703829.5610955865,1506582.1471501586,1587610.7473904497,1350868.515401039,1920481.6079683765,1799429.2024902445,2678425.3657594314,1714148.949921029,3190541.81990623,2548519.2631739,2640980.9738255655,1712129.6002914554,1535548.525903182,1577708.0234758689
2039-11-01,1758703.9243192933,1686258.6459354851,2070434.494016986,3154896.382255685,1693379.4337195915,2253936.3835169636,2732922.2140112114,1502584.0006252744,1591404.9474178003,1342084.8135427097,1890493.9968786247,1787408.6715081648,2646826.0654516006,1711613.790597855,3173533.8417055453,2600915.4079516027,2648631.19801628,1713209.4978357228,1527511.504280904,1552515.5527957599
2039-12-01,1754500.832387526,1668140.8571412512,2096425.3857081796,3200383.6263267836,1704078.6330899594,2228630.9435927616,2726561.4626989504,1489385.870937486,1569954.4733436743,1326921.8618414563,1886464.2169687636,1805647.934774114,2635270.2784615625,1712040.0661552884,3178600.775171201,2617058.725763068,2669702.1720858794,1717069.3308606958,1531354.74180976,1532453.7279088718
2040-01-01,1764608.513898124,1659166.172041531,2146086.557840401,3210261.223365434,1716202.5665789284,2252108.402204354,2756440.375752487,1498359.376366033,1556186.9103889365,1315925.8371413003,1898242.592235712,1863207.1144322967,2632634.2145578475,1724904.2355483556,3217808.685728298,2666438.369445168,2660147.9101232933,1711353.5863349938,1551915.1017306694,1529818.944067218
2040-02-01,1800511.1872272538,1648855.7286209168,2188542.4404928735,3278127.037424245,1716474.0193651072,2270679.935644184,2789176.3457740503,1516553.103736134,1572665.914311033,1306920.8110227494,1911368.2914229152,1929738.387141257,2682286.8782374216,1742897.0326412325,3327333.3117602477,2664235.5876502083,2688483.353252668,1709799.082190724,1578625.6344151665,1523666.8381790286
2040-03-01,1828359.4095997617,1642993.5646408913,2224419.5521314493,3318134.88901096,1737827.2782700467,2286560.2567164986,2855169.143251172,1532419.3236872617,1591032.3572775694,1299831.0519670895,1918408.5491240907,1950713.4701541015,2706177.7877191957,1752572.8848693115,3431149.4630741025,2678877.0917360745,2705297.668698026,1689366.7213496915,1601742.9204561198,1525144.479139322
2040-04-01,1844158.0741311999,1628452.054716857,2233039.0212117913,3343446.3453256455,1759590.7846583135,2321274.7011446557,2900936.492527627,1544185.383357702,1582726.8638997416,1293813.9958768755,1925218.7831280364,1938423.595178617,2737194.754486491,1742444.3910377494,3499449.819447669,2679161.107538795,2753958.219723429,1675361.3202634023,1620195.7158423616,1517839.8080925662
2040-05-01,1862645.404613959,1627477.0612864676,2256583.061649339,3365730.494130601,1768393.808886283,2335187.5230645197,2933657.2141704885,1537462.6422087797,1580179.875573729,1300257.5463194235,1936464.7517629277,1929019.0975710368,2722593.8148766467,1765224.166553975,3570328.4075540877,2701341.904752545,2768358.465704308,1653873.4551530501,1645095.7110242182,1507893.4090903176
2040-06-01,1881779.2972421504,1632159.8979622575,2255269.908825868,3354547.5620123865,1786519.2814917979,2345943.6475976147,2945945.261237725,1537403.3034749955,1568068.979077142,1289592.006603945,1933115.383835216,1925663.4601638496,2726773.019182914,1792195.4958308437,3591376.571787282,2709874.5124428086,2766332.2913295142,1639863.8608354635,1663316.957462392,1508750.483269703
2040-07-01,1873791.8535084992,1636990.421053076,2238322.763706304,3319049.595144537,1772736.4612077062,2359634.565374292,2914862.6419207053,1519243.7461969613,1548408.9890149205,1280430.9534262917,1948688.2153928287,1924383.4731392167,2730939.72838524,1790672.2608034676,3539130.150829319,2743542.6872493173,2742146.777928776,1636054.0307467259,1679021.4913110621,1503577.6627130797
2040-08-01,1856984.2932546136,1662729.852762307,2228361.160513834,3263119.3442524318,1785633.8387151763,2359688.107321973,2940180.2568558548,1516968.7215672382,1559309.0043459074,1272183.9696265964,1951555.1263187875,1948600.728395577,2750383.0247538676,1794802.9981081353,3463820.1586495154,2765283.802269553,2754492.4613007754,1656573.2957344442,1668334.4369679573,1528728.423830315
2040-09-01,1858096.2735234618,1676747.5940403463,2237764.869549372,3269001.928880616,1794282.2623740612,2332938.1774616567,2969257.513913192,1527700.5047174757,1588416.3423590185,1272783.0744072779,1970888.073800925,1982302.9440730377,2772797.6871171487,1778643.4984710217,3410092.5424691564,2773338.743578026,2755006.3535654773,1667438.819005616,1675940.3857919024,1552927.7784061015
2040-10-01,1858129.007305402,1694470.7565167781,2241882.181871967,3246788.5898795505,1811859.3961008752,2298317.517328017,3029008.422620925,1554649.0611438781,1634360.2184265729,1263556.2507908356,1968812.2949898813,2011226.2821920344,2754803.8046155237,1789559.8319226895,3379527.776354216,2731364.731421865,2749083.0832044627,1647394.0100024876,1665504.3441285621,1543968.2802095134
2040-11-01,1867385.203128983,1695294.0438788426,2285551.489232224,3237360.097403891,1822448.4896580006,2250021.1180847567,3055961.541305447,1557959.2200324847,1662484.6716748134,1254814.4404098638,1961779.6755676556,2012168.435683038,2728556.316250819,1785108.6738419363,3344158.355751427,2707438.4745884207,2729048.952920703,1619537.0239536767,1663104.1861755247,1544811.6138803218
2040-12-01,1892165.9780302544,1685428.9569867095,2292417.5223123436,3210653.792090881,1832858.1928890918,2198882.5140713807,3085044.583330261,1550559.3837481083,1698542.3187154538,1253524.477146659,1975439.1623022642,1989505.3611585724,2687387.6796710426,1792105.2474969993,3295303.722274772,2702794.628854048,2740163.162119781,1602455.5143962747,1643245.9129153874,1559501.1999984982
2041-01-01,1912989.5239599736,1700056.2202532347,2307443.2917935005,3195486.6148860906,1834280.2756896452,2178941.3829768645,3147981.499148618,1558940.0301669193,1750499.9202345982,1256014.6054506444,1991945.0282692676,1995963.8997337646,2684803.351806312,1780193.4659587122,3319449.5729574026,2720435.4799752813,2782263.858983583,1609613.2416953847,1626409.8774529286,1581927.7401745874
2041-02-01,1931266.7661229095,1723767.118305668,2300796.2826249283,3199827.284999575,1834647.9837718813,2187832.2930943784,3219453.8803592804,1567993.970803918,1790858.6337133434,1262885.5850320938,2018367.5170992885,2021843.1543929982,2685477.156390435,1790227.162807137,3363910.2914954536,2743779.81969569,2842566.2338459357,1631407.5022783994,1644788.7447643096,1601270.5435530148
2041-03-01,1922084.4157977833,1755963.4108125418,2291263.0918103717,3142905.3630674435,1825432.0721177077,2196113.07169812,3293866.7487738975,1561290.134067535,1815499.1823463382,1255525.384901646,2044561.8789901577,2063336.2842009533,2692329.3890643883,1793669.6025659041,3396893.8377644676,2707011.429607615,2881715.242692989,1634798.9359747954,1659175.744744645,1617952.2153529846
2041-04-01,1910691.6598276207,1758150.9293233762,2300628.3688922804,3134076.5146804117,1835802.3750762388,2222262.539485059,3348517.759694572,1575649.1211068097,1828698.874773306,1263993.3930407553,2073155.4206692944,2104833.8350160485,2733694.1569797723,1786107.669113506,3411283.5589803224,2683743.6355716037,2897747.1713929945,1647473.3838843245,1674715.3350075402,1622151.1562825276
2041-05-01,1942663.5314411637,1763009.1022639077,2325279.0155780036,3134550.9827625193,1841199.0032287936,2193287.5958298887,3395761.429893892,1578300.1801013828,1852501.1926235873,1283658.1057046277,2117161.9793647,2119612.474815768,2770575.3733267137,1818243.7320001216,3438199.7074425397,2749787.908088137,2882773.187145154,1665029.6622599114,1698899.9845138253,1625031.5249017375
2041-06-01,1956142.345471303,1736726.3960883517,2343926.115937006,3172598.0592929646,1842833.262433276,2130991.5654217154,3426992.2832446974,1595727.5952914453,1843469.9604062105,1275896.81881791,2194255.998232918,2124187.167154547,2764065.3700629026,1839419.4006693673,3476710.7454103096,2832637.869317526,2856219.011170278,1654755.6906803562,1714409.83539125,1637964.654407237
2041-07-01,1974519.2540072047,1701279.6049512033,2312154.070783379,3200533.608924236,1795880.8270836389,2090906.688573618,3451958.5587524488,1585141.036075412,1825256.8784387356,1280839.1942442856,2278119.5353444526,2129424.01630967,2755331.366090638,1864301.1094014922,3445382.3633286636,2870947.6095271762,2830976.861211852,1631611.4545731538,1721441.6092454854,1668102.8340011109
2041-08-01,1964579.2869746415,1674764.285962605,2264002.5414880137,3209722.556506656,1777927.613310432,2076103.9277614888,3497908.8363167564,1572362.3568821924,1811910.9156922202,1285856.5426925535,2364122.38684034,2136851.991466609,2746909.7783333617,1864585.6261820453,3394128.04166139,2849600.244945455,2843870.642997234,1617311.8404876497,1722627.1804471058,1706086.9537165307
2041-09-01,1967106.831191876,1684780.765440427,2246309.5381206195,3214872.667138003,1772888.8709234702,2081219.2505192682,3537303.4638048243,1564463.6058251902,1816379.9925810033,1283428.4213157692,2403613.109038197,2157999.765329336,2731802.8275420507,1870959.9550132754,3369303.2738395934,2822474.235602587,2829873.8987079253,1615998.5598303296,1718945.4903255133,1703250.6595887686
2041-10-01,1966832.2622304508,1700175.491355908,2249124.95784042,3179329.0632984946,1775585.2636928442,2062840.0756400235,3603070.207395453,1549893.5422426597,1839346.0883908365,1285485.9854601312,2432868.111070608,2173175.3207222135,2721415.9481093436,1864173.7062184159,3328156.4636821304,2811660.4995198795,2820158.119917482,1603413.7421616074,1723662.0127422435,1690895.2978473653
2041-11-01,1968013.0985297977,1712186.7531675252,2255639.370406317,3187295.7620248203,1786369.1198677192,2056641.6321739736,3617969.891901879,1532052.023837893,1848626.0652809711,1259631.3375357327,2452197.1738659237,2155026.539986388,2732112.2097214228,1861853.4120318035,3256044.2142711035,2790765.3017974203,2752370.3096261295,1601782.8610464814,1715300.6652273685,1657908.773634383
2041-12-01,1991916.5188405358,1724993.3398983523,2241188.019811534,3162782.334326358,1780954.1611722314,2035600.6234593375,3612326.1944556697,1510870.6256134885,1858313.3267729452,1266506.8673104143,2452370.5108723254,2167114.326240511,2708335.4559260793,1865918.9773494522,3209865.6952725705,2791189.66151414,2706389.454725233,1593161.5092336345,1719058.1776013914,1650675.5565838765
2042-01-01,2025736.6081934057,1716231.894338862,2256914.2809719616,3182179.3311747867,1810677.4018076318,2061896.867773278,3633159.328269223,1502183.253305616,1882008.0272187954,1269371.8299113808,2472255.652553132,2190596.2548874095,2708484.089525735,1881739.8949137828,3191033.1466045547,2783054.733122728,2703046.8836226664,1592042.960265716,1749750.9743922874,1652050.4531899134
2042-02-01,2046742.4150648124,1716652.7176972593,2290168.446452541,3153903.407958085,1858916.069965029,2085065.4790622606,3695834.7725927765,1508141.3614263015,1911076.6366630641,1281695.7138941716,2495784.964598566,2247210.6382545186,2732349.514776178,1905537.8648100307,3183129.140298989,2776164.535102993,2710863.7234342243,1615347.8911163479,1774278.1845279674,1669123.5019726886
2042-03-01,2038600.6076658606,1724749.5601913799,2302258.9865326444,3120374.3389669573,1882556.535783391,2042548.2138313265,3702592.026007828,1507505.5706843487,1924448.5194159208,1290554.9159293033,2508355.7782912115,2278112.353655853,2755268.94265373,1882743.1423596228,3147782.7688185694,2740297.820390762,2699194.765382909,1616941.976530626,1800030.18796181,1665857.6666024257
2042-04-01,2014967.884854528,1737131.7576049506,2308650.3748837276,3102983.092895066,1891593.3789592097,2021332.4348648416,3729358.5156812556,1515770.9652452045,1960121.0320819467,1304852.4954946684,2515108.7153589493,2291476.739447236,2822979.8674726197,1853331.141344146,3146143.9979351424,2702520.841587557,2679711.802379339,1615649.7547661832,1804254.7739033853,1687465.2083902839
2042-05-01,2037719.7288310549,1740404.9759926898,2326448.131479436,3109423.692592853,1890595.2315173342,2000591.5463416004,3773030.959443998,1524885.608366047,1970607.9276767657,1310131.702765028,2529300.5492221345,2283468.8239707774,2868800.5494030206,1838894.9956612084,3152490.8246574746,2731963.782322306,2684329.3135486175,1627371.6616262787,1829411.6743572045,1682634.4179325018
2042-06-01,2016973.7237070447,1732325.1243245061,2317864.086755667,3079997.1431502905,1889810.921282041,1973291.8368960554,3817667.891324771,1536868.115161845,1980046.4062364658,1318340.1103652345,2546969.4252283205,2265579.871544823,2900539.5992299467,1823206.9679370641,3173454.9340511127,2738308.751419545,2645104.540900095,1636471.1950110798,1827994.8169286656,1675898.4048897761
2042-07-01,2005041.6076389118,1740595.0814822786,2297699.130169279,3083374.798325596,1885500.3024893205,1957450.3089607407,3895189.3318761196,1530563.0358281827,1984830.5776406846,1311165.4098059516,2547843.1262607737,2203966.732417369,2876986.6949962545,1825900.9111830902,3161321.0411176872,2737365.3186025852,2630245.6645802814,1632582.819133752,1823924.7271719496,1662605.2064361176
2042-08-01,1989895.5219784642,1747025.828134707,2305077.618311364,3062888.711724333,1890239.6815933909,1993916.6568642694,3924602.491246239,1533053.5102183928,1982910.5266474271,1313565.298857485,2532232.26718092,2167302.3918297696,2905640.891042304,1823526.1911465016,3155473.1189813525,2755209.1447219346,2572259.521362797,1623193.787231614,1830601.0971394836,1648438.1848112028
2042-09-01,1968922.700144049,1748131.041011118,2311559.493294394,3075795.8754605963,1914090.0690661673,2054771.2860521893,3954613.154568348,1557639.662810776,1982502.42794494,1330180.1506388881,2522508.813106224,2178877.5695241974,2924924.993817612,1828417.4869887566,3137380.5171296876,2801256.743302451,2560142.2008733237,1620409.3367345724,1854146.7543741728,1656385.335400861
2042-10-01,1965208.7045092029,1751552.9776708523,2352092.2374511356,3067182.717726783,1902779.9971185299,2094259.7181126662,3953082.3833537414,1555254.309740655,1970110.9071953471,1342231.5903012825,2510687.814497408,2215390.1773074255,2963898.3818484284,1833857.9248490522,3123089.971727503,2839243.7108245967,2540680.472303538,1603699.5139482734,1850916.14551895,1657406.7694978889
2042-11-01,1947737.6406474528,1749005.0106738263,2395631.427247525,3036686.3822805174,1907351.8013142033,2104738.232476595,3865596.648841102,1548196.2667085228,1955894.841959461,1348701.043684547,2519874.0104127945,2258152.213102249,2977300.6563568707,1822849.741454521,3092559.892073046,2865885.202136436,2524144.7258964404,1596743.0825341274,1821611.219011548,1639026.4865586904
2042-12-01,1932673.181287414,1742952.763406553,2435426.8442910793,3014349.994046872,1917947.2534897465,2079525.9816791022,3850557.428039134,1542543.3491813692,1943517.71193299,1333664.2785253366,2505464.394493851,2282349.911582092,2984044.751073582,1807133.4811357525,3061303.155967042,2860212.875781023,2506836.8606573944,1574791.793045318,1804718.878619852,1645440.2166374824
2043-01-01,1936617.7337848023,1771694.2996903479,2450923.5356522053,3021577.806419606,1956543.3147656461,2082057.6013601497,3917484.303353013,1574265.8018705815,1932570.6261430916,1331362.843976709,2508088.687822692,2319505.9985004393,2953865.1240886375,1815800.0522795625,3081913.2033658265,2857196.5586435525,2534984.9416907704,1549558.766401847,1810308.4652062294,1655342.4224573362
2043-02-01,1942629.1327599038,1800391.1807192052,2466428.332620049,3016067.6657692688,1963418.2061559686,2111554.2061605235,4050161.6286199363,1617225.8180702406,1948644.9483443124,1355206.8224300446,2544934.5595446243,2364839.6880026087,2939849.587410708,1820727.7767891055,3139923.040576597,2852403.010202798,2569987.3592793597,1549005.6399976227,1838822.6642282356,1667869.4373969608
2043-03-01,1934719.0184870157,1804762.7293887192,2503223.561084333,2992492.6381505197,1982926.2764985084,2139584.505121229,4115455.0524066635,1645001.6099698138,1976581.9375478188,1373686.3883392613,2521721.9136232818,2394474.3350200388,2892586.8645974346,1834114.5501606276,3203793.7654327834,2851548.134512114,2590402.0030474765,1551501.4384777918,1853091.2447817314,1666213.0504437906
2043-04-01,1947919.9021333377,1816786.00032688,2517310.5022885134,2999506.1449858556,2000960.2528107604,2153162.350061993,4175469.503133442,1664223.3445970088,2004910.3859803353,1400048.6653902992,2511029.273959589,2412426.873831116,2874715.605430787,1839631.5420814406,3257804.511284336,2824038.040638573,2586400.9457815154,1573311.4161756586,1879896.3306064536,1670174.021952626
2043-05-01,1962748.0291429304,1839061.943832162,2542244.462969332,3005461.1520008952,2034734.4655233542,2157562.625232382,4246468.155717867,1687522.8238475597,2038430.0350172606,1427254.9843278762,2495012.697024271,2459264.165744234,2863318.7877449705,1866365.9550765886,3301679.935955821,2810496.227390077,2584994.139695814,1589129.6625010371,1871845.3981209171,1682918.6063703008
2043-06-01,1984410.2076026786,1838654.3689232033,2573238.6289953794,2994272.1868060604,2042580.9243730907,2121530.1385923163,4298898.650827713,1719226.251462509,2059876.5088466776,1445481.1209418355,2472344.910751282,2503685.6274389294,2846970.68618821,1871974.9199202638,3256769.737285923,2775185.165713874,2542153.295899303,1597610.9048234685,1850287.8781464186,1684218.474392662
2043-07-01,1983834.4693691595,1828979.6974979287,2594923.8426790633,2995087.6911290386,2035329.2057479494,2063836.2133882209,4327732.930536096,1720811.9773740491,2095226.065467772,1442603.695746732,2420499.6063936665,2544167.2418099763,2834010.630383983,1884258.5139744773,3185190.849310928,2740367.139120138,2498265.659703683,1604571.8779253706,1842881.3430115427,1688882.7229748052
2043-08-01,1989306.0813506946,1797362.8527451432,2621618.718807005,2977631.261970369,2017714.2003748186,2032327.2726521667,4381161.240155301,1748686.9557163368,2109010.726760384,1433806.1524949006,2392378.8100230005,2576032.8847535932,2828230.3705833536,1910347.406412885,3117603.503985578,2761485.8254659865,2444233.6026007812,1610801.5428628004,1852469.582531974,1703693.898954937
2043-09-01,1996900.7647617264,1814967.1162232186,2671621.730481375,3010285.6371331676,2032895.2647602712,2027504.9293009504,4439944.038912893,1779644.8047204507,2126861.5647888333,1467623.0560119909,2360559.04159033,2611675.617852891,2823840.8750727056,1944422.0443018374,3111428.753587814,2781010.236718362,2394416.61081485,1635352.777956941,1888330.7502628083,1725480.256966179
2043-10-01,2014721.1688621338,1803290.8521008345,2706357.0967726423,3016447.490313935,2018004.9629114582,2038666.6328212747,4524452.296351879,1806916.104975955,2144310.693880991,1492620.3882104228,2332169.7504933253,2629305.4062525067,2797795.1868549613,1952918.4618718436,3106146.085505552,2800926.833597036,2351938.563581085,1636412.0472962267,1894807.592583276,1746176.966269431
2043-11-01,2043029.0866814912,1801523.3077587571,2754854.20647319,3029413.643312419,2006083.3122916173,2045070.3311054,4584875.110267888,1808043.7452124548,2160455.4798659626,1505274.824246918,2316676.732274964,2644371.829001089,2790133.3442178736,1939424.2610245156,3109587.7199458457,2792451.8814074197,2326343.119091042,1615621.993652833,1905744.3811117676,1753786.9368420327
2043-12-01,2039387.0354259128,1789248.9049771028,2797900.3718198184,3023662.4322152757,1973786.7391824103,2064222.368344022,4672508.351863778,1789340.0543026796,2191307.777607315,1505446.9145703411,2312242.89249519,2630733.690292606,2806236.0949624763,1942658.6527329271,3113081.5268006506,2794824.5451390976,2309447.064683594,1616388.0822860051,1889378.3299809517,1765334.3882848013
2044-01-01,2074864.0434036565,1775654.265407861,2843803.399086433,3070268.364195251,1974901.8049837667,2099034.134860093,4765093.678725673,1818893.797773154,2233589.2305501793,1498905.1990054464,2334973.418237884,2597873.020563119,2827558.854335466,1963423.9109572766,3133175.8671482457,2876273.170221378,2288749.4911286305,1606499.2492194548,1893865.356038674,1766058.3646106487
2044-02-01,2071815.2702203176,1789829.1401314605,2861232.858034436,3087453.329039688,1967957.4745746576,2157792.4096342265,4823889.92426398,1853776.5215636713,2235640.8420441262,1491723.7346318911,2364436.599630409,2609107.767297312,2865652.415740507,2013133.7284787127,3156414.72448731,2969708.662523613,2280430.3205195,1594342.7708247926,1909820.3923967816,1766526.3778667257
2044-03-01,2056322.5803839085,1830563.1272462953,2877504.6771798693,3112445.8842451796,1972792.004680809,2182135.4671949865,4784812.046423187,1918242.3101127578,2260513.427666861,1462533.3031017326,2382919.633254724,2617261.2862125896,2938399.499100748,2042808.99968467,3169102.882236781,2999336.384687519,2274697.444285166,1609955.5958088792,1915362.4238448835,1779158.7872104382
2044-04-01,2050568.8070345689,1879872.154332092,2927251.3006381467,3137280.9921979625,2000366.139156396,2194654.2827530447,4771858.109699354,1961674.8839761228,2260364.896686155,1452960.2495916581,2392881.3843029886,2642658.5135100535,3003808.642750104,2049976.7994716833,3179814.2884058664,3004871.805496815,2278818.539025497,1633627.6764252502,1902864.3702862768,1788906.7658112121
2044-05-01,2068253.4548087486,1917467.4071226283,3020526.858651277,3138747.8223364973,2024968.1751568576,2180890.1774588292,4790640.9276751485,2005459.0485324513,2284656.4204644402,1457264.8881152063,2426946.774022034,2676664.140604123,3067101.4025569805,2056478.6823822993,3218891.575673623,3036485.1729309713,2281260.1015262026,1652148.1095464758,1889015.1743495483,1805094.9998876734
2044-06-01,2060626.5277312,1922555.6462780829,3114973.4410157516,3134402.997674371,2035207.770305838,2166761.9123004605,4789663.702776981,2020497.722635344,2302304.674660783,1476337.1845641031,2436790.8614853616,2708098.7992723812,3033571.4117334406,2054408.6813396392,3238845.1334400517,3080730.431329882,2293020.730851472,1649229.5938343974,1883033.707542622,1824562.1237232094
2044-07-01,2033732.2248809014,1932057.064688255,3173398.2995447903,3115223.9853396504,2018018.2098068933,2155116.5930588716,4781324.317601742,2027686.0577546177,2291198.42789668,1463102.992002333,2448905.4438478616,2704582.760756431,3012751.512918307,2044846.0227264701,3274066.0306710736,3102386.709561462,2283948.965837354,1640987.8390279962,1854806.8572526893,1824179.1654819606
2044-08-01,2039327.7386504614,1950915.226393943,3205786.668678712,3089165.3535729214,2031982.4764707007,2166018.1965195793,4767328.119269585,2020967.6157498078,2284091.801355236,1439972.5531152203,2463237.6972262897,2666219.0256891297,2962516.910637853,2028040.0276932481,3298009.0604418265,3141809.650073075,2271383.448469335,1670978.2983054004,1810378.9307645925,1836993.6859600816
2044-09-01,2014848.7946410296,1977443.1414329777,3255222.368935753,3079582.4385176967,2053263.56902229,2186139.8042521095,4786333.00504973,2043451.1710985843,2266638.853095089,1427679.3050449223,2482062.974520647,2630633.835479754,2972044.383388943,2000637.9002579479,3353315.893262982,3194174.9414968025,2301473.557534394,1738722.8247462302,1775554.2004619404,1849770.1492592476
2044-10-01,1985537.501562742,2001616.4376160211,3285683.4230270428,3073135.665253058,2061329.0392111172,2212273.639245373,4881367.155621644,2063008.4295193434,2281092.924708196,1407036.6066832724,2497221.0041909325,2619730.8546179286,2976937.5471985172,1978293.4004016242,3387110.9433858474,3236232.3644137005,2314142.272438055,1794516.232806245,1774167.2218905168,1875523.9201882652
2044-11-01,1941084.4575587602,2030782.61521515,3296956.247959219,3042780.9536205214,2052294.4823004936,2217572.537787532,4887856.3148518205,2060548.5664930409,2298803.2640286735,1391251.0116388388,2486243.5240960806,2615679.103404625,3021067.9973731204,1984230.3939763997,3407309.4000442773,3249107.73254781,2332573.821195023,1805596.5203603627,1768375.4765452067,1886356.4529248348
2044-12-01,1934761.060637252,2042268.7549955507,3337038.2090078825,3049479.8603976863,2046748.2767685177,2213398.7555402406,4893890.375810834,2045927.0946102408,2331068.8933329815,1388549.2321173004,2453148.31532089,2644184.741193548,3077799.3974555335,2003811.3496845942,3403752.1302609933,3291108.208247547,2353478.358064676,1802607.4449511513,1773136.109987909,1884414.9068156146
2045-01-01,1952598.8609277192,2052515.8747767704,3363410.1784334686,3052385.259614046,2049280.8707673128,2176696.563435394,4919337.589909442,2059548.3649887233,2385118.4276912697,1408641.2904295307,2438954.107631188,2654147.661519893,3114357.312724397,2030564.6867345648,3417043.9624101957,3313994.574823001,2385273.6937574544,1791884.0825462434,1784382.7917143651,1908548.098499877
2045-02-01,1991378.5596819345,2068427.3495084732,3382813.19398967,3064398.730797838,2070191.4527939176,2167814.4170875223,4982203.069464614,2097664.2294511194,2439604.7445528894,1441408.1531094587,2430863.0548811355,2670109.3634249954,3129964.4608809575,2043652.3472896188,3460297.655190343,3376846.390116356,2420445.734744139,1822199.4251322558,1814110.0850299536,1946276.0465883943
2045-03-01,1990273.6911974212,2064576.4366920728,3397888.286062224,3042607.7902965187,2065178.6658426535,2151463.2364656087,5076081.216360564,2104593.8398764995,2464163.149638438,1452143.3129351654,2434352.4781446503,2652741.2625598866,3111376.347856286,2057958.0901618728,3501746.045037188,3372273.267180231,2476209.4127394524,1842187.0397590008,1822424.351679811,1983345.0966026427
2045-04-01,2019257.318206507,2075117.7547527857,3418219.4002647437,3035957.2012469377,2029169.7614465153,2174864.456329538,5147531.746047305,2107650.096353553,2464540.202065917,1457629.397496533,2427235.5219156602,2674720.5886214958,3124787.9231905355,2096268.9259568336,3571775.323327791,3412424.4118615254,2488601.064809817,1895544.9467402874,1827577.483752181,2010184.912725968
2045-05-01,2048577.9837698427,2093139.5957113896,3458041.7149492297,3070047.280758983,2033656.2961968496,2192433.20955866,5176764.356804547,2132695.8484474877,2469873.2557021696,1460283.9204583429,2424907.9994486156,2677404.7737335064,3127659.914256152,2104738.3234782363,3616095.9512495217,3444782.3397399434,2509933.5693428162,1934900.6942608785,1854152.9257017684,2006543.1114318273
2045-06-01,2060998.8363406272,2081894.2151007636,3482912.7972456296,3078448.9985600766,2056609.618752249,2221965.857236887,5135763.751303474,2094850.1816830426,2441191.450933897,1469424.8350073476,2438872.5838508513,2687822.3576777694,3096306.20058081,2098335.9306271123,3644675.7910070466,3440822.0841791052,2522147.02552976,1944651.3402908535,1882676.1231263191,1990228.90909464
2045-07-01,2053325.3316524173,2072843.5573793626,3484935.5286802407,3050073.8810643163,2071931.54771506,2222797.775725867,5103112.804721132,2056866.0514863906,2437464.641671134,1461260.4821041755,2449511.338529,2668056.404281334,3092967.0759999705,2061275.743711783,3624342.9202192216,3438529.6056313235,2520687.441402577,1928080.0803908964,1887586.6473469234,1952956.5173636929
2045-08-01,2061120.5033154052,2052921.342095023,3444988.1334113367,3041860.4165160395,2047144.8519083858,2221370.6058401996,5056588.348966141,2010752.187773461,2424034.165174657,1447415.694220284,2415664.5111024706,2657396.7213975694,3110487.305768803,2054804.4061085365,3634509.6439958997,3486280.31325568,2507012.46540394,1924567.5221185333,1864240.8546805829,1948350.4625868287
2045-09-01,2080326.5931546432,2054242.6306638722,3422360.001562769,3044527.434666938,2028465.7067680566,2210044.63556845,5057905.988470281,1997350.2670315118,2417479.8439706946,1435673.6888914588,2380433.1705965525,2653981.7306411085,3165736.1169852624,2022899.158802014,3606592.9865110004,3541720.196398619,2510175.100167968,1930336.4163138636,1847357.704377062,1971633.5480379972
2045-10-01,2108377.560996694,2080186.7718350017,3433880.1472694837,3099070.980145511,2048329.821131526,2209371.9803091334,5035775.938895237,1991668.855585045,2422298.0039478308,1420005.838758574,2318915.251412176,2678864.751029508,3179885.0426785736,2004381.6664643795,3570931.048821801,3585052.5802229824,2521420.25791154,1941567.5360060923,1799581.2278571518,2006745.6852298602
2045-11-01,2101501.07145942,2086406.7241083288,3400470.604531183,3157845.88563878,2070563.0925608606,2184568.774206947,5012572.700761887,1997063.0082274417,2432143.1392010087,1419245.3203233008,2281461.473859071,2682558.967972886,3159969.6056011957,1971981.3296406132,3530044.4732697327,3597273.483714315,2519447.7510555536,1953250.5041637865,1765172.0787382687,2027025.2160830395
2045-12-01,2068972.2351799575,2086424.4161559872,3440481.732786115,3213553.0167572233,2103898.675577882,2168597.3358770646,5016516.84042043,1991216.6488441492,2435856.4044679734,1438033.6093490731,2268816.967962977,2695821.818919422,3146777.728412908,1996076.042899609,3515033.7576489267,3625742.112654758,2522486.292159372,1948552.0344798232,1754315.307384532,2032369.4135901458
2046-01-01,2089104.1246362666,2096721.6377470745,3431261.474623202,3299321.419095409,2118454.852442735,2165080.874529553,5048866.1943633845,2028152.1780838715,2466401.8287898065,1472760.6071631163,2269335.4668746726,2699092.4138028645,3178793.44196208,2007179.6833913182,3496087.2663588524,3620298.077703931,2515340.217972072,1948234.6093944348,1782801.5568777139,2041633.9470777067
2046-02-01,2097699.7674184297,2109849.2650684896,3448682.105429911,3363457.395462591,2119069.129170101,2222870.6101592835,5104231.906313814,2063826.6223830534,2500063.1930646403,1489563.288005381,2291469.974406715,2744693.6827745787,3195649.6487647095,2039262.6726806203,3535146.4297071258,3592514.520030064,2524297.5698817647,1983105.1282682728,1839613.5660268934,2071304.99121829
2046-03-01,2084737.2806840923,2122463.7770751882,3488836.429594823,3368272.4523434285,2127942.0573276347,2233110.2151993443,5076928.730972045,2063521.578857818,2528580.611081835,1512924.9274932193,2294392.316105975,2744677.0798586067,3148234.4008924905,2047408.2789551741,3541767.8401845396,3556600.576570958,2525854.791021171,1995770.9463215321,1867423.033646284,2072965.2804116332
2046-04-01,2076074.6064899005,2119581.181175015,3554486.553497204,3398194.196023448,2138691.5197423343,2239691.073735154,5135812.369348214,2067511.3410786663,2536320.8177239373,1514452.0891454925,2280494.4572618334,2736499.179453797,3147365.2756762276,2065471.2582704357,3554656.133271593,3545677.872769773,2545045.5172101264,2031554.659380056,1877818.2916507556,2091074.823971128
2046-05-01,2093494.9246990886,2106477.2481472287,3617836.9640235803,3389254.1320959353,2164025.2467617122,2228445.863081121,5187313.959545372,2105415.9887223463,2593212.6757728807,1526139.251939282,2280409.2357480573,2717358.331801513,3149504.8500296455,2085773.7107021806,3597142.628511353,3561709.0068415767,2564170.3967088354,2035037.1626415474,1884537.7732072524,2107166.7555642105
2046-06-01,2101728.911132381,2105190.2881612983,3628988.671320333,3366469.2326767617,2164403.957726696,2240176.465661106,5240702.972441327,2104665.1420384278,2630199.4577215468,1513047.1619655348,2225926.3168608774,2714513.2588528176,3157286.7978719524,2067478.5659320927,3661466.8589990423,3507481.6968853213,2568578.4531353796,2037796.2034055835,1874753.0015800113,2095060.3179491097
2046-07-01,2102819.83266381,2104542.086567845,3625857.5378486887,3361389.7480612076,2168057.604343616,2245060.9901935924,5259890.10382833,2090698.3724179873,2672761.0868493696,1501401.940204165,2212756.7702566525,2698361.982601948,3106204.421602214,2073005.2559251417,3750442.1394467056,3500060.812561326,2532006.9876454277,2031384.1973988998,1881672.1982484087,2066460.0182879085
2046-08-01,2091839.8339600442,2081883.611380233,3610911.7651443165,3378874.7728126664,2202782.9886882864,2260248.9305260703,5310815.61945993,2069342.1950929621,2749707.439141871,1513076.980139441,2203789.713924592,2696494.9175814893,3101108.7588018156,2069094.457818009,3803139.400838541,3532431.4100835896,2527788.8746976163,2026321.5760231817,1876209.7987071786,2040901.676186465
2046-09-01,2089415.3118854852,2101537.2979944907,3607244.6777063278,3449178.684003098,2267115.2553305137,2280838.5472649,5364614.078725125,2063430.692501779,2834373.721277856,1519114.6854796656,2194795.643349571,2690823.9005376566,3111182.9409251376,2098041.7273849645,3793037.466653206,3588842.355263509,2522325.5471550813,2036510.0538156317,1881861.445239428,2042652.4677293457
2046-10-01,2081390.3077923888,2128100.6350419885,3630818.8512566946,3488707.101037956,2338183.144873045,2292944.9880699054,5400431.641643443,2067573.296490396,2874333.9584086854,1529358.1609468698,2181897.069368028,2692338.703675448,3131734.6925998325,2132650.158001254,3786714.252377329,3601971.9390382757,2551127.129715243,2056761.5162631865,1886319.7371551285,2058246.3644503893
2046-11-01,2074731.1735696625,2148083.079137141,3609030.10700936,3530111.0650008754,2372375.150725495,2301611.624389289,5386873.048345896,2083551.4418059317,2891465.9853372574,1517166.5098084987,2195687.5830006194,2680530.9540921357,3145583.170439061,2146961.118694087,3762415.2743452154,3579525.5375831467,2582586.9263071194,2069515.078229717,1863392.1349127134,2075528.4051684358
2046-12-01,2099614.551006959,2172084.9969854713,3597060.31498498,3545498.303883723,2342324.238874814,2316059.9779366967,5389215.258413922,2115670.9232203024,2903161.5569150825,1497139.6515781381,2199484.7393304664,2698890.6910013207,3122606.777204046,2135799.5140113444,3744304.6429142607,3564671.126289576,2621760.12128543,2073701.058344172,1829475.2676983671,2080001.2915881095
2047-01-01,2134721.366886397,2205115.623182528,3592332.579868586,3579873.917228397,2321738.4326449446,2351209.509069999,5459202.688534707,2135333.995821901,2929701.9885689584,1513780.0475921142,2255538.4055381096,2735740.64882966,3111734.6166489874,2127676.0610769177,3733125.9960463857,3640559.659332389,2653436.1490481715,2094049.2687879219,1836545.9357978564,2106217.55912408
2047-02-01,2172337.823700661,2237233.9739105995,3579257.693572877,3589406.349834481,2323102.1402038457,2426493.4856204805,5538630.407945076,2155323.305123094,2971813.6403225986,1544850.2164559138,2297345.8933135713,2784403.9347405103,3088929.478838493,2098049.675400737,3735173.171812934,3737115.847148615,2689507.5702006966,2119420.428041838,1835661.078176126,2160941.4980564015
2047-03-01,2224891.0678040558,2216980.4022067306,3563164.042822865,3580974.2867814433,2325750.7052006847,2465481.094887791,5595223.865937454,2162462.929671747,2990214.253937876,1563188.1632403322,2306807.210875201,2843817.4368499145,3093681.090032808,2100168.0216030846,3695449.0853868998,3775607.9011119823,2683211.960823971,2136545.519170813,1838279.5770933523,2183245.9168704767
2047-04-01,2265135.5936238403,2221316.972196417,3539424.5688058417,3630072.1641705227,2317017.3671585787,2475769.14603272,5643218.856376528,2166762.4712130055,3004651.3583249417,1585471.656813078,2328408.9771704758,2905340.6958507528,3117135.0512108398,2100514.16559455,3683278.011285291,3783256.524180395,2671822.1086182953,2140149.6753445505,1810261.7141804113,2195568.3324901005
2047-05-01,2299509.8801972773,2227199.9970462117,3582945.104811497,3702270.4416361926,2320517.6941040666,2511187.445581533,5693854.167593507,2196278.17618989,2967797.387775125,1597102.2600387621,2331166.838610427,2929150.9085186995,3168843.2893645857,2109707.3967977064,3711371.6482951315,3823995.538938147,2613497.7574625094,2176429.90415482,1808725.5486309854,2181569.470138244
2047-06-01,2321503.69427374,2253468.888753376,3628543.8300214317,3773927.819953895,2287551.004845972,2517079.993623167,5763782.418602363,2206106.424208565,2928732.4907862134,1606737.1658623738,2340404.1947327983,2984163.8466323484,3212972.4848455763,2123779.16017575,3751814.080170616,3831385.4920423906,2543269.8060066006,2187218.040086062,1796295.3085208193,2171586.417036609
2047-07-01,2334403.123338364,2285045.718983224,3655113.2847067113,3822698.9821464303,2247668.3663801327,2527494.5672703055,5852414.523901365,2193693.437820344,2889633.417577062,1618389.8899374958,2362767.4546491085,3014411.873300368,3256458.7955385167,2123493.678182649,3696111.9048850182,3792447.824375178,2520929.1991361,2189826.0976985367,1799452.3749918025,2153741.827723768
2047-08-01,2340096.5214403598,2302087.0351856477,3674242.414027667,3836740.7491624136,2191388.2879878813,2511889.240773143,5870036.948972784,2184864.321625843,2905546.872826468,1617983.3856693038,2389360.7005973672,3063476.533024567,3284040.4453238053,2142828.571051888,3700734.125185362,3824177.157844691,2530167.4731100183,2188244.347536615,1804910.1329982798,2141327.4215871715
2047-09-01,2353758.787356739,2344920.0465442594,3686259.8345961776,3866846.7571739517,2175916.512128571,2491765.5335065243,5865669.565249432,2169862.8141071405,2921376.4803419956,1629737.7316320636,2427851.0799809285,3078227.5362514826,3332969.794347338,2173658.3014267664,3712106.408587684,3876427.730007863,2562845.0729112206,2199470.7990237083,1814736.9566727353,2144634.8907017517
2047-10-01,2366894.054859684,2384046.6324870326,3719922.1561468453,3860748.104612554,2151104.1885698205,2488193.4990816712,5837432.98066032,2172675.7145748404,2929656.869609803,1642536.0462105437,2439575.1282493095,3099386.461360972,3452309.065816548,2212611.185307629,3700605.8448743173,3898802.766029696,2582178.6925894967,2204804.9129132046,1808603.465230168,2150642.2450970937
2047-11-01,2394602.160979084,2393031.101659762,3762681.4028755655,3855616.7576380875,2136091.4579516193,2439871.997626474,5739124.490682674,2177185.415172667,2892374.850379528,1654479.8250873045,2431909.322619363,3066146.5360024795,3589850.252309304,2230937.489441885,3700914.085189126,3913240.7572942306,2580913.450401388,2191866.655516943,1809232.2870400723,2160716.624448433
2047-12-01,2411735.134842891,2385167.919435471,3819865.587510899,3818823.7136464026,2115284.2590802545,2440506.254264501,5636862.81711818,2189787.424769276,2878117.151172772,1650630.3910812656,2403680.2092159567,3041897.3085343945,3654734.188115728,2202238.7888539117,3709773.5183570255,3885539.1003275784,2613675.831876438,2183387.7381810774,1829906.4358586133,2158617.4103807216
2048-01-01,2431068.0772728776,2400037.5938777886,3892993.101628649,3840695.711493859,2132260.562867044,2447747.635733236,5632000.761048961,2215068.2647906877,2888113.2423935067,1668756.8243994226,2374405.4649861543,3045013.742328144,3738621.0660163164,2212010.6964105074,3744709.072184406,3902818.9786365507,2638421.1498501333,2170399.0592110655,1843882.561548849,2156566.1667231526
2048-02-01,2474738.858614525,2426792.4491284997,3943837.067076093,3824768.1081964276,2140652.947884888,2502543.1606590645,5684310.281598242,2216621.2787224576,2927267.5193257113,1705630.7859813122,2368438.334228645,3066097.0545048947,3792030.657095725,2216042.215903567,3764267.9671440446,3881745.69898424,2662733.3163177655,2172232.462138381,1870130.018346363,2164029.8718191464
2048-03-01,2527816.8539336636,2451578.5819473383,3999511.669383832,3836620.545819896,2152900.0786988316,2497755.6855028686,5779531.268557667,2212072.4548796373,2950475.853980066,1715317.3828607467,2360249.4579536626,3092765.9771448625,3856599.3238746156,2224599.7693457003,3767349.966282294,3857685.5051557263,2668491.9018929973,2148236.766164518,1857009.8410337428,2170434.098556922
2048-04-01,2573897.726676297,2504174.0697368695,4039438.7917031455,3810046.854790941,2159824.342620817,2509562.8875882477,5837581.233609188,2214428.988912522,2971323.9974125633,1716771.9065740227,2364878.591788944,3104839.79287423,3925793.3101596143,2219922.139496351,3769841.765344802,3877785.7842062116,2681518.7192160212,2131945.8362870673,1873545.66905025,2190687.788749526
2048-05-01,2609799.3527227575,2532152.39152635,4081767.3446918163,3839964.461414117,2179071.9425718808,2516094.3469761284,5901882.788565972,2223707.839892034,3017786.8759257416,1740142.1957408173,2383354.333732592,3077448.8263040064,4030732.613510945,2170737.349460742,3821892.288528546,3882931.101872496,2678698.177796842,2121354.6373564117,1886304.1792100887,2209562.9254243253
2048-06-01,2588938.637782001,2540144.862351786,4047665.600464711,3854045.1368415444,2192037.0332146967,2515536.903459959,5880208.3902984625,2245727.030774327,3019296.4396500806,1745381.1826403968,2413149.215057549,3047309.878427406,4139097.054016235,2144182.511942897,3832159.1355759045,3909693.6861918694,2654982.394582095,2130187.6669766847,1892048.6201558823,2237694.062701619
2048-07-01,2577198.6406402746,2524056.947913762,4048770.33003583,3859895.642166955,2187890.572471633,2495334.752224907,5850199.008327285,2247855.181916981,2983500.3914920087,1738430.5210797342,2420057.738515346,3030250.4303284218,4219720.41776582,2106480.8607810484,3828554.5073173777,3846539.7937061884,2637461.2195940493,2151410.2266370854,1884011.001765112,2251523.7436294886
2048-08-01,2605282.323036449,2525280.3937369077,4011517.94072836,3866965.1216731695,2190709.4053020063,2514020.5611444153,5702434.685931825,2225101.1685479684,2976634.616389334,1725770.0918487504,2408394.118112861,3017455.1704416545,4299696.233554643,2110046.8452611715,3812083.7027701116,3802040.5997184464,2636209.912226685,2138325.6689860844,1900832.6371445896,2294938.22306708
2048-09-01,2626101.0487083737,2512867.4098960347,4043597.151635148,3862554.513969794,2191034.9608205142,2560608.851540179,5676029.389940215,2217478.563202247,3014241.7547571477,1726739.6659191558,2386096.363252286,3090828.9811742534,4312583.747467424,2140827.938810672,3818712.0246058004,3800992.3982879496,2657560.486410371,2151539.4660826563,1917783.8104301754,2315969.3571585817
2048-10-01,2647137.5460447664,2521341.517625612,4092844.4816323346,3863769.767284168,2187535.461422381,2559421.0895861094,5602815.388347729,2193987.387573236,3014042.1851560073,1733714.7040860401,2366983.300280326,3168357.4982728665,4318300.855951311,2183592.36852387,3776138.8820185596,3824553.1253144755,2654425.7755778655,2166762.7764181183,1953370.3159462207,2334009.3996745246
2048-11-01,2644132.944377476,2517974.796277917,4101847.5164722065,3856174.151883826,2197234.27120028,2531020.675506981,5590640.450454444,2189179.5191598134,3055521.0990378996,1725095.842732948,2336840.392743677,3242102.63549817,4322635.438007423,2175544.737946131,3694114.785139547,3828782.225264725,2666064.6399143557,2149152.8732225373,1953574.977790923,2346888.497407058
2048-12-01,2624551.930910452,2536436.4386289464,4070873.2143987487,3846722.083893166,2198879.6186399045,2495263.417885205,5632608.34259469,2204399.256914299,3081680.4425897878,1701986.7051037238,2315945.9225130896,3270336.4666750156,4314901.734561547,2140968.0401833556,3701005.3097471287,3854904.287781715,2675344.2170677097,2121022.8920850633,1968486.2916966537,2354188.9016115186
2049-01-01,2624683.3923025895,2579720.7762826737,4049380.4593695197,3863143.3821468037,2218744.759667185,2489885.8607715783,5713385.048308616,2227302.1631706227,3131169.053931581,1700560.4264059735,2342633.149379021,3297501.9713115217,4318491.101139311,2148893.2975573586,3726811.420413345,3885991.2440896546,2668932.6161363563,2116346.2209823458,1963205.9653023772,2360903.8479246227
2049-02-01,2662377.763721748,2666703.9074857007,4161601.3380201114,3905611.885917498,2222516.5671709054,2468661.535941812,5718127.91813204,2237109.024326738,3173946.340417873,1691175.7941950876,2378942.21170773,3321325.0815241,4331258.905368849,2165354.3520217426,3844292.3025970454,3899068.762544007,2723629.9758467968,2133780.053585118,1974885.2887366721,2374510.4486920806
2049-03-01,2670054.435396573,2755930.686171093,4246756.3703801185,3934708.8911214056,2239685.352864942,2431054.2360130665,5728390.789858235,2236113.443534295,3246458.321863183,1676366.6006199187,2408682.4818285475,3384388.4586828863,4336560.222820764,2161528.2543432936,3875773.945181352,3932774.8361214497,2711912.5192218795,2121442.3856683406,1948765.444718265,2398415.8333759517
2049-04-01,2686098.67876077,2830198.121894102,4317941.234747979,3934219.265374059,2266135.3140197787,2398539.9949791366,5756082.632390496,2251500.7346851113,3306848.4928235044,1690958.5458576346,2439614.5518123996,3443121.6186701856,4353080.165417637,2176688.3825826137,3877592.3588734064,3979338.8820565245,2698904.516869958,2104958.0224017403,1945826.9194065076,2419189.1196941696
2049-05-01,2687479.6567879356,2874084.629435215,4346370.135948099,4023508.294575381,2285485.675702261,2361360.292240916,5785223.484961925,2257431.2863393305,3370469.0822736793,1706871.7456448076,2466929.3172932453,3527240.5237049866,4324593.756943471,2177025.617615694,3828868.4954350237,4026230.98729645,2722091.9656794723,2112629.5250061913,1961160.8105968232,2446483.0122504085
2049-06-01,2690307.6441330933,2881895.6827674764,4325587.5548434025,4041997.334316737,2281911.942970878,2340438.7036714493,5753370.14435661,2258568.6722846203,3440276.6518586283,1708122.4744620365,2491145.765345524,3606628.2880637236,4300811.258443684,2171169.1039460762,3761862.2945875935,4016317.2338343076,2721800.2974900487,2124573.1664670454,1930298.646768333,2473737.219438397
2049-07-01,2684537.87308624,2896765.896099492,4309377.429297671,4001728.120084566,2258516.446646789,2349659.456969137,5803916.87693088,2261958.8982821987,3513547.9348794804,1698712.8333265986,2471465.29301749,3687867.7556053307,4291371.418923073,2132117.762230109,3756512.2336438866,3952227.7747028745,2733981.9594792263,2112160.365288671,1932992.7364918487,2529441.394048133
2049-08-01,2722517.809585601,2914433.652087721,4209158.572435758,3899945.9238212225,2244620.4437234257,2374412.2829095656,5834729.222812999,2253177.894037034,3560229.010206824,1687346.3408680055,2470186.3382081008,3755279.2558879163,4313418.555161561,2069592.3359215888,3782180.817430735,3969815.15616492,2736073.361383054,2109602.7563545383,1940825.8276678994,2579624.1363399667
2049-09-01,2773524.534171936,2957193.4373045685,4188933.7155608987,3790604.119773943,2257782.8456522496,2418556.1902239122,5859143.239807459,2247248.471411739,3598220.78228377,1672679.927340153,2473433.531335163,3823561.984536784,4320867.808203301,2042041.8034123692,3791139.290644412,4008134.394769407,2758677.634459958,2129831.185231047,1963564.35239971,2604533.609821729
2049-10-01,2807509.965211093,3004837.1372037847,4153511.408097789,3776113.6526030656,2255188.8500618082,2410698.8674180205,5835899.663541675,2254587.705920868,3617573.5002949205,1672853.1643346862,2459902.748731595,3881016.727129919,4372141.530312143,2024577.9709965002,3723609.8437870494,4071169.1776679847,2728540.764758514,2139865.7104889774,2000988.5693641275,2625820.0312100328
2049-11-01,2836722.0366723374,3051796.457647398,4158363.5685078944,3795778.3437359547,2226388.290732669,2394535.4425586932,5777069.91504235,2258270.8287231824,3659873.6411913233,1664697.351193242,2459219.5976838158,3949291.160578288,4414818.744884291,2024874.2079122579,3692198.640288569,4149315.9866182124,2703207.9839725685,2120206.3561358377,2008560.977066134,2607778.9893753547
2049-12-01,2856332.754555217,3080998.8786218204,4079399.751182337,3805007.8045284725,2202331.739887234,2387913.122997646,5745485.61154295,2262772.6505044224,3700617.6957219313,1644132.4347431082,2470094.2024520906,4012207.830554546,4429289.653120236,2007162.0376404466,3663854.7696135947,4274887.018789835,2658197.172648156,2109336.0879957634,2031769.4441143388,2587327.8325402215
2050-01-01,2892291.186288449,3109033.352497615,4090855.066076566,3799353.591943757,2174209.573718197,2407226.910846621,5757277.727428006,2235612.2917398205,3706579.155572154,1654471.122525725,2483207.5762385633,4085717.617646982,4426007.836127075,2013141.244407563,3645749.177274638,4372437.607424782,2651280.411088228,2139737.8393456396,2048632.5407988192,2619945.682858926
2050-02-01,2934864.7404358806,3178535.6541406466,4079427.6634327313,3824981.423346509,2144335.158763742,2429321.7832187163,5815817.320465602,2255952.7828253796,3757736.1286053197,1669856.8941756855,2509608.459368622,4158872.5935196015,4444575.138028434,2020549.9954887375,3660408.7131255614,4511891.074711045,2673339.2130424175,2198042.941340896,2063674.7590159483,2681735.400387514
2050-03-01,2953190.3857708727,3228709.250405432,4069469.4837506986,3855460.538977432,2126233.339026559,2448333.169500099,5875653.059424473,2271813.317510085,3747790.5298896134,1702657.6500339638,2517641.7535512866,4171132.054532422,4433456.900859134,2031818.52416975,3668450.02727123,4610278.07519995,2662762.450090386,2257210.201107884,2056709.150426605,2742917.764818008
