,iter_0,iter_1,iter_2,iter_3,iter_4,iter_5,iter_6,iter_7,iter_8,iter_9,iter_10,iter_11,iter_12,iter_13,iter_14,iter_15,iter_16,iter_17,iter_18,iter_19,iter_20,iter_21,iter_22,iter_23,iter_24,iter_25,iter_26,iter_27,iter_28,iter_29,iter_30,iter_31,iter_32,iter_33,iter_34,iter_35,iter_36,iter_37,iter_38,iter_39,iter_40,iter_41,iter_42,iter_43,iter_44,iter_45,iter_46,iter_47,iter_48,iter_49,iter_50,iter_51,iter_52,iter_53,iter_54,iter_55,iter_56,iter_57,iter_58,iter_59,iter_60,iter_61,iter_62,iter_63,iter_64,iter_65,iter_66,iter_67,iter_68,iter_69,iter_70,iter_71,iter_72,iter_73,iter_74,iter_75,iter_76,iter_77,iter_78,iter_79,iter_80,iter_81,iter_82,iter_83,iter_84,iter_85,iter_86,iter_87,iter_88,iter_89,iter_90,iter_91,iter_92,iter_93,iter_94,iter_95,iter_96,iter_97,iter_98,iter_99
2025-04-01,1123866.9749562459,1113716.2701503031,1111284.1152476,1105947.271686873,1109275.2678212076,1096162.6709838691,1108825.6860606675,1109750.946364996,1104339.9239362972,1118689.5577836384,1107372.907050978,1102500.251092739,1113834.5076388344,1107127.4976006348,1110087.0402529298,1114537.3373949798,1109317.1855700312,1114958.7875595528,1100038.1645674913,1094389.1823149016,1102856.5436711179,1102922.8365286367,1119946.1480157608,1109999.8038589726,1111786.4512156348,1112295.1869255882,1104904.0477172513,1097365.6504245426,1117419.702598918,1107016.0686440205,1104234.7402727527,1120602.1866243116,1115371.3489283049,1098211.3733955636,1101335.7750210026,1103735.4325257207,1107491.6205574945,1105519.4289239,1115209.0309589475,1102186.5435247107,1116709.5193246407,1106904.3809987872,1121896.833015078,1111455.7802619548,1103880.1973203188,1102454.6237472962,1108435.1137204801,1102004.7755329204,1111250.0373670773,1120041.013824769,1117544.7586632334,1109339.0622380595,1099014.4232925056,1110355.1064880297,1110382.4458984346,1109403.1771218001,1107594.1716949278,1105711.6369318771,1106626.5574518843,1108536.1680803765,1109342.3004809385,1111663.0756403443,1121425.2316837173,1109253.6669721475,1111982.9692753765,1091964.924261268,1106483.957185215,1091246.9292377993,1102345.2253064264,1111176.4804379896,1114028.1863783083,1103799.3670829765,1105309.7781336445,1114874.7261299489,1103126.5469177675,1107302.2646482948,1100776.556634438,1093746.0120745993,1115912.1934313637,1119637.5098190545,1108059.7656102679,1110163.920800305,1115528.2453157862,1116891.534691521,1110313.1269662802,1111024.7571655202,1117321.1738046862,1119976.7515946021,1107708.0823957813,1099108.6006812642,1109896.046169889,1116317.8236613807,1108057.1371475975,1101701.9413684725,1106972.0268263232,1095006.1236121063,1105479.4669397245,1102566.4401353297,1106574.711857399,1109714.424338622
2025-05-01,1118388.7317735401,1107719.8568094324,1102547.0951373214,1105007.7098346448,1097934.1239041456,1080194.8685743713,1096716.3465104534,1105768.8167304692,1084901.1910227465,1116019.0588050566,1099163.8781020134,1106834.6808991851,1121898.7043324246,1099811.594442768,1107002.491488836,1113504.7677541776,1107827.3841806597,1100239.5693974774,1083984.3758118267,1091021.8278661212,1106358.5997842853,1093425.679132957,1130292.3600925996,1105660.6575736066,1120006.487589139,1111696.233763521,1100615.6693104843,1076676.3476427598,1115601.2624262236,1105590.5916332796,1101400.9821159057,1126586.612897861,1103975.816498287,1079629.2164018382,1088015.53943883,1102738.4236850177,1107885.2262145614,1083353.250109619,1111210.5477593557,1086751.1155109769,1125996.0280084661,1100402.9418091532,1141338.4039165552,1109156.7094979228,1110627.209846172,1083150.432762131,1091429.3117599683,1097647.9661765879,1109577.1420397104,1124458.9167427176,1121112.1525914038,1109797.7364142993,1089376.7378060892,1108158.3012231477,1116007.4344136845,1094091.103088989,1102382.6425710018,1099595.9623695302,1103988.6613615784,1103842.7334213278,1113050.8017881298,1104337.477699441,1135924.664189934,1106812.4558507458,1113964.8837285012,1075605.2483200955,1116573.3967132184,1076917.1065057942,1104535.671433484,1107855.4955434368,1112734.6266076255,1093016.2027054634,1102571.2085666875,1122028.8842156848,1088401.9661240312,1116320.7738051978,1091122.4461865663,1082940.7817926062,1135787.5109032225,1120400.889040533,1102755.978671169,1096961.8641030658,1118765.7053815073,1106637.171387906,1101494.0351626298,1103211.2408277774,1120358.9402476589,1123158.9450704267,1092729.3564869731,1091935.5891562894,1106138.8206983923,1108313.4961988388,1103157.5164386127,1099047.3417956205,1104345.3903918792,1072706.7141195838,1112330.4980603342,1078637.9355893147,1110056.2222226535,1098189.298066346
2025-06-01,1114800.056699422,1118413.5758073167,1098100.804496874,1110039.3393874096,1098884.7288084554,1077157.3389953654,1109007.0547470525,1103755.4078670815,1056456.436514287,1107639.792016644,1092375.2155902246,1108127.7648653134,1127694.773768561,1109543.3592488216,1098858.7734064516,1111567.0283521833,1116051.5981880566,1096710.2962697549,1091264.2130342703,1088043.440289029,1120723.4948433887,1088900.509620855,1147622.3854700176,1122345.8107531862,1128140.749263239,1113802.4919939365,1102789.3652250804,1073767.1801007022,1108683.954034218,1107547.6738061316,1107623.6024658228,1127574.5415435215,1103797.92073073,1083253.6353308908,1077490.534503396,1105044.0629371023,1103332.9099689545,1074706.5706374275,1120677.1461130686,1099688.4874059758,1151574.232082969,1103858.3070009702,1152319.677026105,1130859.3311280552,1099190.2232172173,1074927.7113499956,1092233.791746868,1082499.3442210045,1122935.217868253,1147966.2303446976,1140428.0473801633,1125745.3696955568,1085114.4041891035,1109661.3850876568,1128754.8088518458,1084625.5313820003,1110350.1356516986,1094266.6353316626,1090566.4876624625,1095913.5579894944,1127896.6802129536,1100662.0936940904,1167998.4831560494,1102969.9045528097,1114467.2567410367,1075756.6597126718,1134173.7668133513,1067096.3382301424,1105862.5549483115,1120075.4004975045,1107204.3140912303,1089357.4569633638,1103105.1050163289,1129932.8551543055,1079821.5515333137,1141227.0173480308,1086766.4193287275,1083279.7356936675,1154932.7373757248,1138514.9887960698,1105373.4473763073,1074722.6063882066,1116787.8791554163,1104179.0666823066,1103244.6296980116,1097327.0010396976,1141383.6095060862,1151606.4750866804,1093468.961296299,1097217.3125464371,1112493.9592079371,1106263.7097860528,1106546.8713113694,1090819.0433921155,1111237.429632335,1060106.4088559963,1126717.2055801144,1066617.2775510144,1117672.2565101667,1100627.4101576163
2025-07-01,1100274.116661748,1115158.1341250103,1110211.1560630894,1115666.398490103,1097520.4346006038,1061793.9612428884,1118261.6659545796,1104547.1146272582,1032974.3550504564,1113049.1624168102,1076813.2361692595,1114962.295798103,1122700.8798510307,1102916.467606745,1104231.9950153595,1110222.0721080382,1134908.884410547,1081961.0602334177,1091112.023053027,1087781.974028063,1137530.7047339513,1080009.4188692248,1150805.5093190745,1121097.7907340059,1128173.241124714,1109074.924582218,1105438.9204200797,1070251.0691830046,1083554.018814483,1103478.0202282523,1104921.4748837305,1136457.064044004,1112013.1301049758,1072952.038448512,1075993.8793759241,1099551.8603868973,1114637.0581467624,1062976.8795667586,1104004.3754949581,1109131.2000725507,1169455.0222258386,1098867.7987309124,1156062.000543802,1139077.2390236012,1086502.2411819918,1079476.6904340554,1087534.8135877487,1068276.7612524822,1138217.8085794782,1149217.73538187,1147350.0783264004,1126831.8805098261,1083518.774925282,1102315.264468429,1154511.634653825,1092263.3088435694,1105617.66649314,1086079.1313203922,1076701.224188857,1098905.1318767662,1143263.875519985,1088666.2388499258,1181462.687029389,1109674.7813666596,1114627.1590609057,1076008.8714746132,1158627.1417582976,1062962.1816804148,1097207.3151664534,1121802.2715302329,1101988.4801761638,1085181.7912730067,1100331.98823275,1128016.401015674,1071728.128172679,1145807.4339238312,1074420.7137936105,1082781.2456359426,1172716.2385590828,1140760.888738446,1101259.174092248,1048573.513483129,1111606.8301738962,1120911.663708501,1103371.7726341607,1105953.2662944638,1155268.801657738,1179083.1149012488,1094834.8372929092,1108499.9360514819,1127106.6221244545,1096482.092139901,1107959.748838424,1082828.9626206106,1105385.6663410545,1062767.8831970394,1138540.6153422121,1070637.7071948592,1140729.5251858511,1101825.5097073826
2025-08-01,1102478.4866134338,1098196.4114009796,1120478.8101067003,1135880.8420563145,1088904.1201650328,1068982.4571980545,1129198.1223271752,1113456.2915555215,1016122.4111497132,1107703.2410854702,1060042.0722921004,1116781.4756434537,1125154.3370459934,1103748.7453641202,1116103.4354121017,1108305.8563025347,1145677.2398034541,1071904.5343143158,1088660.71180149,1101321.6240645677,1163941.6718692153,1077704.9109745736,1157239.421256446,1121970.267889784,1129884.6633668304,1103336.7274499962,1110392.00750697,1084649.7699702433,1065772.1316186194,1103383.3800336742,1088760.2227898943,1148570.408154742,1116140.6619783742,1073984.3144767524,1077697.8782887638,1086427.34608798,1128428.0119655207,1039007.7192049328,1100352.5857036347,1120335.1743044502,1178080.3791461051,1095509.0654853922,1159973.715772874,1150445.3973949542,1060692.6438651707,1068917.9288011375,1096619.853333335,1052567.7700164265,1152223.8688416127,1154407.9330615574,1152302.8031758165,1128802.743455774,1076614.2210833146,1101518.1138088738,1179734.3568200485,1094801.8473155359,1109178.3106907625,1090233.2172687303,1091396.9458629063,1092172.5920648903,1151470.0771577654,1100528.2941105159,1180525.583420901,1105722.030072665,1104342.8583034917,1075506.6267498217,1172725.40256925,1055394.9519389505,1099190.4282711532,1123847.529228074,1092271.7196241762,1080947.1936096179,1102423.8523253866,1128042.4624689932,1077388.7908039726,1159970.2265658495,1061407.1747930972,1087363.8607362937,1190353.5698729255,1155269.113797894,1105102.8938764522,1029667.268839829,1101064.7266660344,1120445.269316484,1117090.6414166018,1103170.9717372875,1155834.0820701572,1201285.9314879917,1095610.01389824,1113583.72220453,1150341.1138002456,1105266.5738011347,1124747.4267118098,1083950.5747283867,1097370.223174098,1073539.5511638834,1145482.058896798,1090242.5684515268,1137611.916387289,1118337.3823871703
2025-09-01,1103896.493873449,1096982.1456645352,1129337.0689327836,1148072.3697586993,1099062.1387518127,1082768.3784670122,1141023.7053485012,1123217.2418423037,1008430.3305997872,1109925.8128243966,1057456.0217562336,1111984.8501383055,1139117.8291450962,1111735.317503862,1131158.6827650615,1106940.4300232804,1169185.497687062,1077164.2235262084,1090454.4053134671,1118247.7050460475,1183358.7305245318,1085911.232576623,1172204.3398880074,1123040.6087256358,1133529.4013446833,1114391.3346359397,1100210.951211415,1093371.1948930423,1059099.5969050515,1120757.7273547142,1092871.3860840264,1145684.6880884508,1123241.4555304104,1075585.0687395695,1079509.9301803478,1081796.750129296,1157125.0687568516,1020731.2236601159,1089774.5190478708,1117220.9751848255,1181818.0547768811,1097689.351178721,1161422.736701923,1159800.5942056642,1064504.9341428084,1064355.9959766916,1097872.9989661553,1055078.1891431015,1170364.2188287766,1157523.176612644,1159366.0623010707,1133322.2824808275,1063982.1199834177,1087570.9754634388,1208557.9871847413,1095402.3842986415,1121747.6287613162,1095713.5948738235,1124722.9746120581,1100956.74692265,1157799.9790538948,1109747.2384694605,1166701.0549332777,1126424.6666510734,1100521.7024301316,1077783.6597134718,1185528.3207264445,1058227.0963161858,1103620.997270041,1126527.3617885045,1090312.737796887,1090165.547981261,1102782.390443197,1120695.5708854697,1084022.6348097879,1158137.7102655896,1066469.07220144,1089218.3639233983,1199079.1543370357,1175205.51294554,1104503.3464438214,1013734.5065838494,1105871.18350766,1122298.7367509597,1124058.368647218,1109334.8038559633,1156337.1233329815,1205436.5873030466,1089565.761667977,1115901.7253304713,1182076.0274702823,1104701.673983244,1140670.0817386585,1080676.1151987286,1082386.661452283,1098757.3935101223,1148321.9364803273,1103080.073044584,1140295.013035445,1142017.8804395327
2025-10-01,1097414.7073522399,1093733.2873860092,1144880.9105592726,1148299.7309946874,1089728.6298426643,1093562.7718266044,1146283.373973202,1125068.6215484343,997003.560496098,1118492.8899308192,1042337.6098279231,1104828.426363438,1146165.0607493909,1131008.0264206473,1139251.8952066593,1099735.4130552271,1172529.8826252676,1078971.5046778657,1082713.269365026,1131595.5812419383,1190469.549061313,1076240.3677072774,1183151.7671011498,1127518.8480126373,1147971.628334809,1120092.7478758101,1085171.716821262,1112899.772704185,1053801.6445405863,1138906.84149124,1097933.7894652258,1144036.6355734768,1128303.1840724645,1076282.0934513896,1080649.3760543827,1087995.0687099318,1186643.8130367813,1008057.9331269005,1094015.8227175158,1110756.0373646219,1181907.7745245332,1108212.6226099767,1149425.2171898042,1158013.1559356295,1074057.0893062837,1052077.7864931847,1083827.8223015235,1051005.0250809358,1190435.4100571477,1159643.576655985,1166047.017905517,1117023.3786565363,1050251.2040084966,1076920.5122072175,1217624.4260364543,1087696.250192685,1123767.1006639604,1094698.18079984,1155399.168769074,1110652.9723349705,1161998.734731055,1101833.6590635695,1160739.1730919478,1146485.9450487967,1098247.4601333898,1086897.5664349068,1180966.917274232,1069047.3104522182,1114795.0383749984,1129054.0524158017,1077435.2269591372,1090214.5681189222,1119130.9534366473,1122204.8054660866,1064159.6030515884,1162594.9619516954,1072914.0558405588,1092896.575422569,1200971.4030801752,1174590.9227826574,1097406.392000364,1005382.7565473212,1112835.4970839745,1110050.441076474,1120243.1734657953,1108039.2994754948,1147687.284121316,1203373.7499413565,1069654.8995265213,1112008.2318308651,1212075.7675547195,1106131.0588258698,1149494.2163401425,1088711.887518574,1063218.0187665862,1114075.7707381833,1129963.1554003945,1098062.9239881448,1156669.1448519062,1155908.2205549034
2025-11-01,1089658.7437628242,1096221.9982935276,1148819.839735498,1142540.9927074148,1080109.9068090601,1095254.969241551,1146806.7099936607,1115752.4487286317,994235.6970521641,1131618.6194205226,1021803.9102242814,1101701.4684973506,1134705.6817908455,1148896.7777459624,1137410.4287396518,1107347.5320261659,1172536.1040257155,1083629.9340662593,1068422.5756304108,1115395.0962390983,1191150.9832226147,1080096.1156882052,1198467.0966281819,1134571.2617669082,1165355.6710692223,1133459.7580735176,1084452.8080934999,1119362.9535876361,1050678.6105588966,1157013.5728127013,1089181.9328661012,1124493.7073542739,1133603.9172185753,1084448.9975378166,1084970.203852642,1092059.2981667882,1202753.6016034507,991798.3586563035,1080960.7132647228,1102819.4436183204,1169482.9042937357,1107269.869272847,1128696.5902949122,1148197.7634465962,1091946.920856115,1043701.00975573,1079013.1896834082,1076756.308338314,1194416.3482702547,1170900.287273565,1169198.1837017946,1108731.89007901,1045862.0856337111,1084395.6877530608,1224402.2097836263,1079911.5927517144,1112679.9198557932,1075733.941780347,1159373.7177236693,1113885.1211481306,1140641.1395792812,1110142.040165032,1136708.5288606572,1161842.4015367255,1080593.7483900117,1087088.683490498,1173614.2244208877,1076684.5266016019,1112932.0142777716,1129824.707103983,1058438.2085510886,1075586.3743623837,1118611.9511386214,1107114.0242146528,1057444.1835472006,1163340.7235048006,1070424.7807854058,1089031.1899307491,1205012.1158299095,1176794.8245922143,1095645.2062071124,1002591.8077477383,1107488.190526123,1102837.266842717,1120637.0460746933,1089873.6591046993,1145156.3519273386,1211997.4203751443,1056012.5994895385,1119421.629984058,1245842.3946336166,1111345.3769391223,1140448.8997304381,1083541.4619862598,1044578.2061821185,1127631.5336615006,1121209.2176839733,1083674.1299989307,1173665.199416886,1155768.319161426
2025-12-01,1081347.8848411753,1099512.4428719843,1141793.3283743118,1129102.3820366315,1068844.5630675512,1085388.7012393798,1150992.2859391149,1125201.8677012923,996438.109824836,1134885.7936786956,1007433.0951950983,1105045.5983013823,1133231.151261293,1164179.2206771716,1138935.760004473,1113078.426010873,1164861.084078299,1081489.5793405168,1077533.5947250908,1106567.8361733432,1186625.386689665,1085230.9137768121,1219683.6722654244,1147428.7510866593,1173271.7243213684,1138920.7606598737,1080836.5284230025,1110256.7991881184,1042235.2177517727,1176614.4828600714,1086094.705837094,1102754.7797685303,1126427.9789520463,1091053.3296324336,1084929.687564389,1085274.908767536,1206696.8442326093,975989.1467476811,1072251.1130009056,1100190.0340644135,1170426.1898375698,1097754.1310091468,1103990.283444184,1142266.287496241,1101937.9974055502,1036209.5946197597,1073202.5358319834,1091277.9148783947,1202918.8880493995,1170541.1345031955,1175582.2920441842,1102446.9495009463,1042611.1083579211,1083514.278976496,1241991.3290875917,1068887.5351219247,1095925.5749696034,1059628.974794037,1148463.0800723461,1115570.0714128201,1125621.146208717,1122664.325493485,1125557.7719369403,1170906.7379861018,1053644.1392197832,1091490.8715262276,1175952.2684931073,1082343.455871604,1118022.8918339228,1123042.9113919726,1053713.1086606376,1052545.082494104,1126127.4856231483,1098613.7522666948,1059480.7253541474,1167035.7659407342,1079507.2452985137,1075180.6967659914,1205292.6707622078,1176816.6804667243,1087015.1810482917,1003058.8276546602,1099382.3097012748,1094466.9182397625,1110575.4035506446,1075744.2752545353,1132589.9202548792,1219737.2574032068,1036871.077226694,1114963.7145893022,1270286.5349913952,1103820.6730635804,1134875.6036562524,1081780.59789418,1027632.733344885,1138498.7319582151,1099276.5876811305,1083243.6660460376,1176793.760216057,1161475.2667718227
2026-01-01,1097856.3052292478,1095981.8589427741,1156485.6895608637,1127211.9922138234,1062060.2920142424,1083801.6494227448,1171240.04178903,1140286.6726508178,1004377.2718722227,1147240.8636996725,998896.5147748792,1108673.48981491,1139021.4635160402,1184194.9379167038,1144164.323990534,1115727.6839138633,1172945.8019802254,1071138.87053875,1091357.2588011704,1112162.9247494417,1182757.7594950243,1084577.2924326772,1263874.2633534784,1167569.0166847303,1182141.840715904,1143818.4929457053,1083477.8336999165,1101424.049077482,1043005.7891607739,1209651.1987176724,1083644.0838471602,1091182.8060707732,1133314.0025322489,1117609.9500155903,1094569.5658866824,1075427.5602320768,1220102.6518908485,984469.5864861117,1084457.1163339096,1121795.2273901491,1169802.0179587386,1093191.269616901,1101305.7612109927,1145988.4785014403,1112835.439607612,1026484.7560819736,1076450.8210619334,1112361.5936598214,1196596.2008179934,1179269.935849549,1185601.3896594488,1111768.728499063,1053167.638062409,1096629.4161522307,1262703.7939379474,1080949.2560993093,1105099.7335182899,1062478.7653674188,1133846.0668676547,1123500.8095200334,1119599.9297451153,1119043.7092751218,1133246.981884793,1180749.2215721498,1043726.7991356063,1096671.3032299622,1180726.2779428626,1081101.945038838,1125440.2050804843,1129864.7519467897,1057491.555159114,1036954.9411526505,1126526.1192196535,1098997.7042954478,1076653.629680732,1185621.763782639,1097157.959423802,1070439.3487032396,1220397.4800080988,1200507.854747005,1089742.947321632,1011900.8342499867,1112671.9658829195,1107401.10674361,1108685.5406449859,1081101.5409054088,1136165.6356961152,1231322.7436242125,1027785.8501723678,1113635.590365221,1280334.1091175291,1113533.7454066703,1151131.6567880264,1081760.939353138,1023368.0691493701,1156137.7372368255,1086973.0029639804,1090749.802895584,1187447.1492065806,1173301.0690436577
2026-02-01,1105467.9726639774,1098321.8125944743,1168057.5531647354,1140076.2845278566,1073970.413021036,1078182.0281342464,1189071.4119701101,1157026.6730178434,1007430.1403250124,1149291.8854758362,999090.9627227775,1127596.0652352315,1163789.0451312975,1215578.7296135712,1161525.4478250262,1122125.7616830487,1195145.4725967043,1071256.25595531,1099418.8828382606,1120696.0605837645,1180323.5577531618,1087654.4379076592,1312093.3793292472,1175134.258019869,1190249.9952327437,1138077.4256971641,1089414.2445770479,1096170.3152417715,1054395.6712591138,1238625.2852754127,1096020.527420304,1091320.183579605,1130967.019682311,1138128.344847502,1104914.8028270302,1073429.115709461,1232360.7641537841,996806.5653281623,1084513.114345605,1152927.2071825485,1185353.5028077567,1107800.7489591802,1096039.3545284478,1158479.1373190945,1127882.1462158437,1022800.3677434609,1076513.7930531611,1121142.4840650146,1188039.829583792,1185692.7671077808,1198666.4480451057,1115397.8251911202,1066183.0973372092,1114692.1219046148,1278002.2501926601,1085741.9315009748,1105458.674190459,1065834.3842771,1137226.1994731964,1130291.6921126873,1130605.134696252,1130472.8784862882,1162391.5875745886,1193051.7965347401,1051643.2516137736,1114700.5406289878,1181890.2316587623,1084954.2599911583,1147282.427347965,1126584.771314174,1076931.7274289913,1027073.4028077327,1146372.2683180368,1107085.4818522383,1088710.686281594,1193949.108383865,1119292.2060683228,1078222.1333138475,1230849.4519513452,1233323.550224338,1094564.7301588403,1011342.2163795953,1110004.3824859015,1114655.6976131406,1101150.4846650353,1086557.6361529238,1143467.2974125477,1227267.6552800166,1037357.5397577968,1112870.3368745646,1288651.3963901328,1128898.8192267271,1166214.384918626,1089165.0148811063,1031551.79528391,1162494.8944795958,1085511.3548877013,1090610.5065723944,1191127.8065400296,1181596.552516308
2026-03-01,1104239.0061315205,1094077.0050112938,1182398.6956959493,1161518.844158804,1082381.3847561136,1087528.003969537,1203432.6890303174,1153488.9773555913,1021787.7146376102,1153377.8739938147,991635.1018609478,1118073.5465410661,1163294.768719549,1240193.9336538806,1180440.4759290568,1122217.6841156348,1202957.416194855,1069089.9441100168,1097812.0356209832,1114535.8775234998,1188775.6535954222,1076345.655581399,1360298.875266977,1165197.1372388825,1199546.3141274867,1117527.266767167,1092886.4919314624,1097707.2106120603,1053290.9011608863,1244790.8500935922,1105999.005614591,1099533.3683258097,1117931.9689568707,1154503.1715644996,1108651.4869624192,1066080.3068058058,1233853.775118221,1002127.9821047442,1078323.7532026367,1173215.746790091,1194502.2864178454,1120585.991974705,1098675.284081187,1157356.566051279,1141201.7079908769,1011006.1932764045,1076832.3243536698,1133744.9441300344,1181738.5475211942,1199668.805803425,1201790.476823664,1128243.6359284772,1076075.2386047281,1132641.3968516395,1279276.4753615905,1086583.8645700072,1103169.93661027,1060130.33914854,1140470.0514137226,1130597.9253149894,1143253.2836115186,1138056.9332205146,1191203.2719409885,1209609.805394456,1059249.3502222358,1119884.2238599726,1176536.952822837,1084050.7798825628,1151028.8690984487,1124281.647778531,1096515.6779528807,1018452.6916724485,1157085.902019162,1100587.368920569,1104872.2176388893,1204641.2747684957,1120337.3887555143,1084824.217498674,1236816.8929814803,1256738.3511856392,1098861.1837265703,1011800.5896560813,1110984.5943773089,1136451.7328580662,1082444.5507277169,1096782.7943748797,1147569.6796159449,1216628.4659106724,1038043.8850074022,1109016.3650348056,1292424.55906711,1136362.0250729874,1176095.7751201892,1089886.0698366107,1027392.0406618653,1167117.8664295815,1081849.0221730783,1081892.0249498538,1199985.2299066593,1187445.095780177
2026-04-01,1116856.9124478318,1103254.6262151184,1204305.609816322,1192238.4073296362,1094287.117534268,1112873.5466760315,1221188.3480017576,1160665.3747122227,1015397.2366092486,1161587.0200167482,988270.8808230255,1114683.6863253713,1169325.402446651,1265760.0073936726,1208078.275176259,1125653.836542597,1200649.3349786848,1091241.1227097593,1106448.0238185336,1125891.9914905713,1184794.281441443,1076745.3055858826,1400091.0179573137,1155500.1310221497,1202338.5012519246,1110419.223778817,1084317.344336261,1115418.0138769946,1048546.1480765743,1259504.6953663966,1118708.158381816,1111113.6946137312,1124091.55840319,1172369.4993696217,1128661.234458171,1066790.8344634722,1232930.5157946285,1000422.5688354806,1083408.4724598962,1185503.457994906,1208500.7213390428,1133516.7055696303,1101066.2810416804,1154969.1216711109,1131329.0088497165,999981.8733127714,1065908.479231183,1163157.139480654,1186573.0832092357,1213624.4063653853,1204875.4826848698,1126254.9871958334,1079781.8349119006,1138334.2599308586,1280891.0064149774,1091747.398400989,1121915.9497409759,1072143.0635642463,1156271.3487980664,1145931.2618059556,1164547.3679033157,1151413.8941999797,1209088.4513796626,1230994.7035089098,1069880.3837046337,1127957.07921366,1186242.2452176723,1085567.731026543,1152420.067298397,1135748.9642903265,1097620.445067131,1012036.4805222086,1172706.4236282953,1103011.8253822757,1115051.7100559052,1198367.1572107726,1123007.938935916,1084907.2388030414,1257730.2450784463,1269639.1542173985,1088820.4843549673,1025719.1257343275,1122516.9481180918,1142886.7062083674,1080568.626704223,1092081.8566234342,1166538.0891216903,1224055.2228751855,1048302.3930090134,1119382.7683389904,1307245.1298045327,1141020.7689397307,1182900.7610949993,1090580.9351738233,1034783.9153978014,1161250.2590186351,1082817.7719254093,1082471.627040223,1202654.0712717,1197093.542961191
2026-05-01,1127178.694469677,1098923.4416598757,1229069.4172537206,1212076.384271064,1113837.7642323999,1138528.7209583174,1220719.1134613068,1162597.5329588444,1025188.2699996737,1165385.4865271798,994103.92703936,1122614.131617892,1183044.7021300336,1277497.5998878474,1235912.56442505,1141261.1457828658,1201232.3142148715,1096430.7053167485,1117757.3667908998,1121471.3587514192,1194262.00630359,1081206.5918522289,1427549.7376238748,1150316.0788274307,1194205.7026004556,1109840.9398117098,1087507.974589522,1123947.8059412264,1037878.5479917587,1278470.7213613898,1127330.7262500506,1115324.6378668507,1130728.2935537132,1176266.7275754996,1143587.9141898332,1066936.4546833637,1226371.956711668,1010012.6107084153,1081171.6638277709,1208398.2562805112,1220366.7603270179,1154648.2046201949,1103416.2209487667,1173144.3907208252,1138574.7105120933,996561.9698476717,1078820.3945236146,1203809.7586987056,1199757.189924606,1217256.4632305352,1202060.078198373,1137198.1336522186,1090189.0825068061,1154641.415437014,1278849.0858533212,1097811.1385725925,1133701.9602740603,1078673.063286023,1157150.9601728271,1165643.0393459082,1176152.3598116213,1151891.0642575116,1219858.0908100838,1271729.4855303157,1056220.3486587289,1144141.706278393,1200903.1727240912,1084781.0234117727,1165931.0559936184,1132656.407373181,1113871.5532822995,1009559.4674828515,1196205.9989127344,1100758.5885945256,1131641.3536219862,1205001.6461679372,1137993.1069874968,1081968.5836980958,1264017.2932452748,1277425.0481444276,1084974.5363804246,1041485.3967177459,1136434.3478390512,1162267.711203149,1086562.838859958,1101632.7715108744,1189453.7893803949,1232706.6279466464,1053550.7752110516,1137313.510740603,1327014.810529181,1152547.1743750249,1183863.9583375924,1102801.4165655975,1039810.7411623502,1166982.37163785,1077317.5746198024,1073391.9887231244,1207501.5006526262,1213688.3929407147
2026-06-01,1148176.5378175203,1077260.4865748135,1229171.2279265688,1227891.969918479,1117925.9452245745,1150232.1980853777,1205864.2565813244,1174661.4211946663,1038107.2560886665,1168434.257472466,1000589.9669745438,1128668.028850563,1185897.753128221,1275018.1938463857,1240423.331499933,1154546.611070103,1196748.039669183,1098910.545212554,1137476.9709502344,1106282.0871294902,1202831.579856701,1081394.5090390812,1455785.4158703634,1142670.569864664,1190344.1092723925,1115641.3013663262,1089402.7430067586,1144602.8551541492,1016606.9429678812,1297036.9393271052,1146183.039154022,1100904.1888548497,1143921.5287812576,1175491.7201183513,1148884.9822650114,1057292.8447607353,1227377.536492332,1009228.126585008,1090569.075684645,1223331.620799072,1215737.1433185441,1152899.0959366246,1090914.141819922,1183560.0868922062,1151173.6056631876,981983.4051074701,1081693.3856830632,1221071.338554743,1206302.6560340368,1210458.8385838286,1208518.5479347657,1147519.965226973,1089579.1945399034,1167752.2183574492,1278856.6820281218,1098610.8310731878,1141119.5248331882,1080405.6600149195,1168383.488903885,1176362.7137702995,1170247.2755257478,1157236.4793149985,1213723.61900484,1293652.2936741128,1050060.5267771212,1140975.094063578,1209762.8058906577,1079912.1059229057,1182870.2413760752,1132148.7264011053,1112972.5745509122,986336.6360077276,1213954.0482902627,1095184.9139116209,1133206.0682412956,1189434.1679618673,1144832.324925669,1073364.0259020014,1258763.5371693121,1275449.4446831006,1083529.7711560752,1041619.5957900031,1134704.1386597694,1181085.7434063198,1087782.8340348098,1082852.5306169598,1187180.4029087368,1239482.6237266564,1048179.8390814487,1138672.574702327,1338101.2995513023,1154699.5154278849,1161894.8826285815,1105898.878966545,1056805.788589698,1164842.6502768486,1083399.6739435436,1079068.5176288674,1183304.541310155,1222490.3851364325
2026-07-01,1166694.1422524806,1053359.754449282,1226562.930778725,1218409.1762451692,1122607.3383009552,1153753.0525052627,1186665.6470528995,1178533.9957092935,1032962.6163851839,1162008.0832671088,1010766.824957092,1121803.7085982144,1178806.7359336156,1259020.8557266544,1235460.0829621854,1159933.9026429085,1198760.2532402107,1097933.7029857975,1148444.7091068763,1090930.563852559,1198017.9614614313,1078114.7885178374,1488422.0002949466,1140887.3207795534,1166841.21028913,1108961.8010323409,1090097.562720371,1165397.4474999474,992542.6391876364,1289841.4727654592,1148603.8249469476,1107581.447415374,1131313.8242991753,1176112.6034741872,1134199.4355416966,1058698.5403338098,1223548.0678954811,1003367.1998954443,1100489.9412049144,1232264.4988086391,1225377.3025371856,1155626.869816759,1085942.4896925383,1185220.9985625362,1155654.8984341244,974107.8925098296,1089681.7926661288,1222401.1623857738,1208104.767877659,1191782.3438422652,1227401.619445368,1156577.8855795409,1074142.3795172223,1181363.5269593927,1278830.4682649758,1093042.9764507937,1145305.1638569867,1068259.5580064338,1170935.225282636,1171947.9711421637,1154215.304737549,1154967.1742932787,1201424.949748012,1304646.7053380525,1043006.8663645362,1144707.5844466644,1218697.7448631031,1074808.063125651,1194184.2572366286,1135037.2422757498,1124861.8295438841,975816.348436227,1227267.7134923155,1082171.3981867863,1125699.9431936461,1173185.722210999,1136299.9812942215,1065594.1971070552,1261455.1321338674,1260434.0315949167,1091335.556200764,1038677.3498782245,1126896.579911207,1194418.4845388941,1089177.0090606434,1081889.3256967345,1189231.4080990644,1252823.7148025797,1054290.283321871,1134262.5048555036,1351839.690676649,1163538.5045247898,1140002.4243575532,1109438.4855743782,1056191.9436259996,1170138.8442334887,1071705.5005513057,1095119.2682163508,1189584.0013910537,1228349.437462549
2026-08-01,1180228.7297443235,1041968.1344370267,1226600.1932879384,1217911.597193101,1116818.1139994576,1158633.4940426082,1168306.1257346075,1189305.9878554798,1026188.516091277,1163089.6306830118,1008825.858455316,1105138.6046426208,1178704.9889007767,1260441.5271285381,1239965.0127787674,1145557.1583370753,1194644.9558277952,1097845.9603297473,1153520.5152539953,1088279.5660137928,1215250.1119685443,1056175.3488263313,1508867.588366894,1150645.6939441445,1158376.7025404708,1106983.0691541333,1100558.2922089067,1174787.6880348942,985513.4691541259,1284999.296885412,1153555.9537204374,1109662.3017992843,1117313.3148547583,1177410.2060084965,1133145.1746468127,1055685.6578882306,1223486.1619639476,1004691.5453769184,1107615.752263312,1248913.6806415052,1223065.5690930563,1151366.88351637,1091782.9792233098,1199817.5096678417,1162186.2790111816,973145.5044653927,1087739.6976800947,1213256.4136238142,1212669.2204407516,1197759.9345912691,1235049.2890945498,1152516.3873763685,1058822.8357079944,1192895.5642541705,1266074.0343213677,1087960.2016066299,1146970.1319512306,1060919.432857264,1177347.6549776138,1161126.0952102314,1143313.6029103347,1166080.6443713475,1196198.8232354324,1299815.5560790075,1042981.4520826307,1126935.313874537,1217340.1856335779,1070977.034872417,1201279.5414702334,1137799.371175244,1147010.4490368788,967957.0547435902,1221167.0693690619,1082909.504973491,1130273.0315733114,1159587.9591819986,1130402.9087551094,1062301.5772102468,1273078.7664751725,1253160.74947415,1112541.403376921,1025757.0394187827,1136748.5187087352,1183647.507444936,1088848.7025231936,1069675.2008275504,1192211.3556825886,1266457.6361158816,1051869.1779868132,1133105.9170591214,1368527.0012484086,1163127.5957608316,1128546.517159902,1113198.9613406414,1062279.650687575,1170053.336009167,1065016.4764857378,1125250.1693251797,1182862.8733643144,1234551.6932814508
2026-09-01,1188911.1019431693,1053003.137824823,1218185.4679093978,1233761.0152169955,1120128.8826078633,1163667.2960689983,1177171.564271331,1204160.846382273,1035350.0151697245,1161519.2200416147,1013222.0934437454,1092408.9409359596,1193371.4868065212,1284374.8755591118,1246851.8890186492,1149559.010174503,1195432.3279691117,1094344.758337227,1159485.3063335917,1089210.0852251544,1223504.5957201878,1042726.893885389,1523015.9912610897,1168533.2000470744,1157415.7526281495,1114921.8293069035,1115978.0098736715,1172783.3780512812,974720.6490839381,1283693.0741067387,1178958.7015828635,1112063.6300599533,1125729.5884093626,1199176.2829795596,1151544.0127861015,1072475.604667532,1244121.4998439483,1007799.858041874,1117350.7453785911,1267599.2291995077,1237203.4843995667,1148501.5837139753,1097156.621345624,1218475.6748108782,1168215.3132179044,983938.9492245556,1098124.927255195,1222878.1203235113,1208769.6227246483,1218539.107293609,1234710.9746833022,1151349.8691840235,1043195.0631976494,1208044.2599136233,1256135.1083143489,1103375.458016267,1134324.5294238282,1070540.79538079,1180595.9679605486,1165986.6266639594,1153549.7835973531,1196712.961344638,1188860.6723723568,1294220.8506130185,1047774.1486192149,1132144.478871458,1215521.2588335145,1070849.0236365655,1208543.4766342072,1136498.8318651095,1183645.608503924,972676.2490616544,1226092.9766856432,1093718.24744274,1135417.465515664,1159047.8199663714,1157307.8947272697,1079654.9563662456,1286429.0754651355,1258931.6353538486,1126739.449028602,1020092.5919766034,1159430.4546166658,1193073.3472088438,1093543.6696993099,1082592.8018037085,1209847.419594651,1282981.4265298608,1050755.8677655386,1131770.2937123498,1384982.693950449,1177739.1579596556,1115580.5712584818,1120150.9071637255,1079247.5803794344,1173261.297891285,1062343.427490311,1141157.2544909094,1185224.9094695796,1256439.27968134
2026-10-01,1200074.2403366992,1061329.3412837891,1221607.0574444863,1242057.816342153,1134323.2137161312,1178044.8522189353,1195224.0960680733,1212478.777235827,1037634.6449236253,1146007.7995538383,1007412.6842101016,1092761.8996891861,1202783.263272022,1322013.0878814096,1245834.7626108413,1155556.692948108,1190167.6630137628,1078467.5149819518,1165286.605065965,1088048.6031550178,1237177.3933234727,1034480.2438301991,1523492.6906377599,1163866.1026200037,1153955.7318064326,1114429.667358071,1124316.6916069065,1166291.7363575227,978754.7093409165,1282103.8424583618,1195563.4533885403,1118061.4495552294,1134759.5626634678,1217895.0358004465,1182647.6069601944,1084062.5807731168,1265197.151363589,1008964.3255322496,1128481.1219423197,1272152.993112545,1238544.6478248308,1147891.4539900108,1100116.3211787732,1229400.0421590144,1165969.8746888083,988426.6898024303,1122660.739400978,1219484.5569760762,1184604.9642896596,1247832.2761753572,1231165.8303998837,1154900.373258557,1027137.5771564423,1222245.1162409347,1252607.835104013,1121892.2065490219,1136448.4041615021,1083757.1060998752,1184292.2048392268,1169451.3744271873,1162863.165627638,1231713.5394232825,1188450.0564553738,1283813.7626079624,1043071.0982911588,1132507.1033247479,1221894.6448594383,1051939.4153179075,1212844.2153061556,1139799.3585328127,1205546.6219858075,972392.1038452411,1232674.6164280474,1102175.8957076985,1140372.7996403456,1184209.5877219248,1187160.403266233,1101271.0210480676,1286831.1030688926,1283334.3111343766,1121256.1146316468,990453.2308269747,1186945.643896548,1191884.029887054,1108425.5154146163,1081623.0647891762,1215145.294572992,1286780.4947730037,1038483.6715785771,1132393.601709991,1387919.0846153516,1214765.0903562207,1115901.2378412518,1117900.7221834068,1094614.4615971693,1163921.617780853,1058333.174080811,1148344.339662177,1179278.9950593452,1260172.2543611298
2026-11-01,1209861.56448633,1066713.431401671,1224614.248259189,1241068.052863761,1134925.1775138108,1181566.4643010218,1208009.865059727,1211737.7838010064,1045720.1179287076,1118677.9743182529,1002976.9754805061,1090056.420136574,1205450.6368719386,1350359.1193667236,1232452.393205218,1167137.5085772495,1199285.607895063,1080509.8569115687,1163165.2496518996,1090370.3783010638,1216745.3670823646,1033990.7764621534,1516680.817851251,1152771.8290622237,1136549.6104212813,1110777.1252525034,1120757.1001221596,1165928.2399131015,964658.7306579715,1275007.747165281,1211331.5856914644,1106752.914391293,1137543.252127846,1245776.1937191775,1218276.8618416956,1076538.0051843117,1280590.589889692,1022407.7199894483,1142567.350727836,1271162.3253254646,1233559.6292276315,1145291.113725411,1086608.6627263739,1224602.0036504054,1164430.1524255627,976656.97120426,1152117.9633014193,1218935.07134892,1162209.2725176474,1258003.6650673565,1233941.6259448833,1153432.7071153407,1029385.1940337567,1228004.1336216235,1238753.0634065212,1136607.2694009528,1117121.7538219201,1098247.2089691628,1178989.6819397528,1176079.2236957252,1165246.2424110465,1251519.627136567,1176039.239757354,1284199.2556701049,1037026.656827177,1133197.1733368095,1228519.7512904727,1047914.9221449364,1210629.6001597792,1153630.7203425448,1234438.096155062,960197.2546424319,1241658.536632818,1096259.5899587127,1137046.508816928,1199146.9090835862,1213365.2122067155,1111232.7556143394,1263774.5616882103,1302748.8873032127,1116769.685477994,970682.5362839297,1194843.8206670096,1184877.1981965275,1102993.5234706793,1088979.4125356283,1216289.4472392353,1274798.4374001916,1040564.3812386824,1132451.870297265,1379774.5238611952,1251171.7288137386,1116937.9952783054,1119599.5110413102,1117838.939412035,1142883.0009607077,1055471.8030143515,1130473.5342490994,1186860.2744319348,1271723.667925746
2026-12-01,1219526.635316323,1062685.8666525928,1231821.9693947942,1248844.1208712233,1140341.6434723546,1198333.8813961307,1205767.8082874094,1217380.4143075612,1044961.3669863183,1108769.7571398527,1000052.7419322781,1082821.4067254153,1206705.4040746675,1355267.7623066723,1229719.7028366523,1171663.6295088662,1213579.5752295684,1084291.4372071663,1170374.3410640478,1102684.9050840505,1205391.64003152,1022793.0736472318,1529083.6368375802,1129837.3442351727,1123932.1851610928,1109321.284972843,1113242.5925975419,1184833.3066487485,958133.1062818965,1262757.7371591802,1214424.2418653013,1113965.1055362187,1142411.6151576298,1259362.0654538353,1237484.617336596,1056165.7558253207,1278720.9420011025,1029437.4662061462,1153322.0564357964,1292370.8196489112,1232968.068827973,1159046.6796949895,1083286.4157601707,1213905.9225902841,1154301.0046105045,965398.6188978315,1183916.9799159158,1210935.3487855718,1144897.1568961628,1262862.471123519,1229334.405030072,1141505.213582752,1045392.8114950306,1239765.426325864,1229527.2018193884,1143142.3812448739,1105904.191741369,1108677.2319364767,1179399.477011814,1179455.2472350588,1146108.9433743204,1251237.8115449,1160329.195508125,1294972.0658670214,1016756.01921009,1124629.8692553127,1232196.830433833,1043886.2838887048,1209089.42923323,1167657.4432306082,1257639.2905507432,946565.214189589,1230855.8240086415,1086874.1077201192,1123361.918830981,1220511.780513686,1227228.6262490326,1112280.3255201383,1242646.6824163853,1309949.7512297211,1127216.7160191217,948155.7706851645,1198057.7714743325,1172464.619711809,1099858.7303499507,1088429.5305994267,1211488.7054203425,1268487.4459036207,1047439.243754647,1135317.7098973799,1346385.5502997406,1257740.1367406673,1125550.26522374,1119523.1670105946,1122476.0795194223,1135502.1075241726,1052053.034485419,1120957.1634686925,1194642.0142622145,1282232.353602715
2027-01-01,1248609.475636347,1072995.4775293414,1233018.3459575893,1278642.5878278585,1156424.806051767,1219156.564709233,1193835.7908056895,1235741.1392156847,1048437.3206339843,1099367.7230770253,1011401.5799593175,1076565.631114298,1219105.2262232287,1353852.256164901,1220747.7607870246,1176572.7677099672,1238767.153524603,1100705.6938725812,1172054.5238779644,1124388.449387699,1210514.333028516,1019011.0120593203,1565161.8967324437,1116600.7370544765,1118472.5960336986,1120059.685909493,1127582.606347041,1203124.4163392482,956497.8334231336,1277375.91019361,1233390.782915218,1121787.2502003424,1143449.6294823827,1276869.588075581,1259170.5313794978,1039040.9002032981,1276243.56599815,1035678.4753712647,1156626.476678834,1313459.7911641344,1235039.3684228556,1185356.9541833035,1072330.9044845,1213447.6498145468,1163299.5889336322,957896.9833580874,1197485.9483213741,1235188.7095579477,1121889.5580108413,1274817.2926258545,1233727.8192602347,1136764.9203760712,1086160.7585184425,1273208.5190790535,1229759.1247511087,1155110.1100641745,1097522.4472754034,1129084.235624818,1174218.0521102154,1185045.9382249045,1145398.081381537,1265466.879125482,1162397.7111269094,1308205.9768681652,1024184.57821549,1154571.0176782783,1238146.116526509,1046197.6714964113,1207638.3524063667,1180370.5608958444,1299645.3846248093,950845.9842330663,1235701.077035737,1092811.3200846373,1112741.972850016,1234776.3963457053,1246854.3121716727,1123828.9638641244,1242038.3279291827,1336038.1619030596,1139351.211454133,953775.9194656688,1195762.1937859259,1189459.8596081813,1114648.432805502,1090066.5221142594,1219189.4029395839,1286020.6302927213,1078608.3856722473,1136357.879544828,1318947.740206427,1270352.3706135913,1129163.6245247417,1129079.2895017767,1125251.875267517,1150599.0105978053,1041838.3902606772,1138535.6098082408,1220844.7896401114,1301915.5966511893
2027-02-01,1257991.1775873387,1074874.7046283516,1255485.435531983,1313078.5074556957,1176053.0885694572,1238742.1205682324,1187622.5550947972,1238493.6043499599,1056895.66425409,1107581.199172035,1033443.1747303652,1087322.358629889,1230810.9911616493,1352007.0767254618,1228856.1967446597,1179499.4901428227,1263098.6484180428,1115779.7003423702,1192456.7547279305,1144325.8251319758,1229654.7136032004,1011920.3693198519,1617486.310978387,1109336.739608883,1112653.0803168218,1135322.5252477939,1150182.5139850655,1226652.6629440768,964059.554884419,1292092.9654234608,1259068.5694125718,1123885.244406373,1140099.4472561167,1300980.5538892155,1286925.1978115893,1037017.1074598334,1284178.0810474954,1046948.1777954423,1151494.6767533598,1329252.9425129755,1250060.8384795857,1225161.1435403808,1081180.9414366616,1210550.8563195968,1165652.1058448623,952955.9865324093,1210538.2892320382,1262682.4963952287,1112425.1807893561,1288830.6159296485,1244963.3800838164,1139087.8190752878,1139896.872012287,1321033.0961204828,1239637.6659289026,1182820.7010898294,1101564.9494839767,1145009.5416461178,1193487.7837595758,1200374.8302259564,1152148.525355437,1287057.567291842,1166417.5632264803,1347816.6036225937,1039365.4728209676,1182306.8361852893,1260690.23485147,1052391.449532808,1207042.303500124,1198319.1487849962,1333432.2796003178,955582.5148622722,1243405.858525397,1108297.0369803882,1127564.6788423648,1248737.779243728,1268025.9191365542,1125704.0767640402,1258984.9527290994,1349937.3091872442,1160216.283424152,968346.8374364125,1208400.862238359,1206386.645594975,1129369.1280501916,1088070.9893661493,1221474.0549868003,1300452.2686770495,1116537.5683023755,1133210.1100746226,1307551.3875483542,1279738.8202095542,1122225.8676742376,1140614.2373899561,1129722.861399216,1183434.153437282,1048187.4487195968,1177953.004141206,1243112.1751706686,1314723.3357624162
2027-03-01,1260911.5224053045,1068972.7080028492,1268341.784447591,1312154.7156980778,1175189.21381163,1257760.4414310332,1182418.855955596,1230471.8657726524,1067890.9377975857,1122400.9883195737,1031277.0746924783,1083145.121445927,1234202.3055275707,1347742.5525193482,1246878.4634974678,1172664.3530074307,1265780.378549241,1115314.5502900318,1208515.562217124,1173703.6870947292,1232496.0424276472,1008927.6330851353,1665755.5709119213,1103212.1778018114,1113761.7395602872,1147096.627264841,1168590.0095998421,1223887.3928491273,966521.0912561234,1311978.7573678251,1270515.5969441228,1113571.2970365828,1118354.0012407883,1318495.5665730094,1298982.7060551788,1041308.8976343869,1302167.3724007166,1046792.7761496522,1143879.0722251502,1340922.0017384712,1268277.7056773386,1239765.1053319238,1096632.5368474124,1213358.6876302997,1159676.8065574875,945455.8449272217,1226735.7421256215,1276357.7049691428,1115360.5147295836,1298510.379246642,1252201.0821099868,1140352.3083745341,1159682.508985436,1339211.2845588552,1241207.334781974,1210930.7922857336,1102044.7069649259,1145416.5278245534,1213840.3728953518,1206126.2722592757,1155165.4063041722,1292042.9833695102,1151733.1474567575,1376853.7377508949,1040613.4228456803,1202317.307738566,1291800.3163892946,1049181.463477908,1208094.620373985,1223192.2328006425,1352477.7067364373,947173.6852598598,1253916.6279579734,1123964.4267489417,1132890.6298002636,1249480.3026213464,1283900.6895065971,1123450.2603920943,1282798.2852999019,1340457.9217540591,1166161.3433564561,976302.3105314252,1211763.6993295257,1240716.76299633,1123858.3309375325,1091292.986516755,1216589.1196770421,1302327.845473992,1138181.302363711,1141886.874597157,1293196.706858107,1280482.7385045164,1123768.3315782363,1151943.109085049,1116939.6951798226,1209313.8866123515,1039419.3213650364,1205615.5565742045,1242524.8417677751,1320755.9000039357
2027-04-01,1251983.1285395431,1089587.135401088,1295180.0926375692,1314552.7692376554,1177749.5612438458,1275259.6119266292,1190115.6405948356,1226153.857189519,1081713.3867382717,1120513.695479725,1035837.1613310967,1092086.8002862625,1236637.6324693398,1342147.1676624091,1262966.2691027028,1159369.8768141859,1269782.1291123375,1101174.6433330188,1245267.3847033773,1187137.4895450599,1239967.5839481803,1018161.5833339994,1713403.8165892547,1100329.3558584417,1103142.7468493858,1169038.846040104,1174063.6931929472,1226399.157596484,976920.0241502421,1324685.0537613442,1284905.851776847,1122296.1414143667,1111425.6882231608,1349946.0084119975,1327422.581383419,1051284.6896993546,1316027.5701088626,1047932.14176407,1136464.0290578722,1348497.8838258947,1285280.048185278,1243740.9026493304,1117687.5884589977,1205974.1205480455,1161128.0704500875,924912.3069874732,1238477.4217497476,1300816.0531191183,1132137.0699018878,1311883.2500052378,1266131.4036322527,1142538.8398460827,1184105.7538954315,1353149.2391462147,1234847.6564010514,1213770.9762465954,1120422.5626469222,1148392.8319935205,1263048.261900773,1232967.2916145837,1165012.4961178363,1312151.0588927914,1155179.4074786874,1400710.3327386735,1048271.4053690418,1198488.3404742382,1318192.1528714227,1053219.8285929337,1204124.938802231,1251828.7046267267,1357687.100013452,946619.4924764889,1264413.4268681342,1120256.7970005,1136050.9896532474,1265971.0129252316,1313886.445546985,1128518.8286336877,1311944.762343569,1330927.8306117312,1177658.635179965,982900.0765438048,1229265.1514961703,1272640.2567413996,1125517.7111020724,1081265.6998700558,1216839.5124478992,1309686.6925901126,1149195.8741765884,1142659.678657599,1286826.3963999655,1295748.0149526321,1125246.139037636,1158027.1047149363,1114993.0446167258,1225251.0787520208,1034004.4663774836,1232596.670228941,1247925.4501417778,1326293.982854528
2027-05-01,1255279.073484079,1105644.206167692,1316940.2098634655,1319814.9084553034,1185622.3645258683,1290253.0275750924,1199549.5414666124,1221298.1760280286,1085463.3658932818,1127542.4631197155,1027259.3982357874,1102922.757794646,1250617.8275843365,1358218.6007220794,1278508.2233954964,1150399.216868599,1274720.2209452908,1096787.9063008071,1261133.1148686684,1190027.000430406,1271147.7667240975,1037008.2530498804,1758337.8670152782,1103959.3241534554,1114339.6343076841,1183627.0737517157,1176072.8099353933,1244419.9578244668,971577.3090511723,1332265.772455609,1291199.693847625,1123626.7341549392,1104005.6145929217,1361404.5079406716,1356160.972968546,1062393.5860073008,1325796.2398895076,1057022.2270949567,1134228.4324669864,1364109.3810599027,1294046.9763240558,1248126.325675255,1132930.8284025767,1211291.41313675,1162451.664334065,911073.501399828,1234591.4889462977,1316782.0521367725,1135323.083768459,1321363.4734092578,1268185.7407249685,1147934.0622713154,1200626.076949467,1355403.3098231948,1223750.6758977238,1224029.6914797344,1137224.9034154902,1155363.5905341893,1300331.5241628198,1254681.9720258287,1177764.054179701,1329214.3737215812,1156867.8990576495,1432417.2288759416,1056148.039977404,1197953.6564307448,1333703.3145298944,1049053.0136844218,1196254.9466755027,1274320.9182840872,1382012.0822233944,944663.0118212096,1259997.063722129,1134058.9693073432,1147872.8100894003,1270844.0187726207,1338919.8326405867,1129068.5929103002,1334293.9127156972,1306380.9218620167,1194059.6036517215,974699.3055058086,1252933.9253330906,1311984.2802029608,1138032.6360654936,1098739.8769934166,1224884.591236406,1310734.94198057,1152425.0382554792,1163134.7633244114,1279237.3165847277,1303014.50691649,1142838.4236165597,1158163.9757346665,1096460.2535911263,1221484.8428732043,1041352.5240252273,1263850.884012881,1261773.112596309,1333299.6504995867
2027-06-01,1265692.06535939,1120862.005132604,1327975.6406261288,1331577.892600227,1185042.8050674011,1305324.7258298039,1203420.4915973747,1223584.101643799,1072581.8196523078,1121930.3146624393,1029820.6029879618,1122951.8419985212,1261787.2255186294,1351587.530835706,1288611.0970010802,1137546.2926089573,1303533.625838225,1098343.5088873613,1274325.2842846513,1185903.583613359,1290420.9380708297,1052751.486165071,1781826.896585916,1102841.574367646,1104683.0897563996,1197504.2281058456,1173195.3547871073,1261566.1755628167,969661.8534310611,1327358.9910159984,1288209.1179483798,1123080.964956248,1093178.7324087096,1372396.1496785434,1366282.5506215163,1073431.1781506233,1317218.405762515,1063649.2236766121,1124161.9533617166,1366793.0463670378,1304917.9009123459,1250660.5792213813,1151695.1812699896,1209301.5979464862,1161083.875058094,898396.1778503743,1243661.9752346622,1322445.7756363086,1125886.570773122,1335451.321456502,1276741.9267337897,1157555.331762895,1214764.9262410835,1362393.9133398358,1203655.501527479,1227404.0212426546,1141638.491698427,1155717.248381586,1325720.5730241456,1272140.931602623,1186426.2954265412,1346328.2200487973,1161443.0495161333,1461633.719570247,1045568.4331108144,1199472.5513193733,1336985.9183329889,1046531.1476456823,1184034.356134949,1280771.0549098908,1388790.7125534418,943898.0569793287,1244720.6964481154,1140268.5314757305,1155019.4549068827,1276862.6860686317,1347264.7885724152,1141809.2464606734,1353192.5695505268,1313995.0108048823,1203554.0489910317,965093.2810115751,1266691.2807696627,1327785.2360944534,1128664.421571438,1100186.3038334276,1223073.200999218,1288806.1089503826,1143078.5421347674,1162590.6849485266,1275170.9560466392,1332407.7304376494,1159018.3055255383,1175057.372701999,1084033.2886027752,1212672.6453463507,1058062.6010608268,1279858.382877933,1267001.091736217,1345314.49090212
2027-07-01,1282162.6969299656,1127128.663066107,1318982.7311374124,1337086.5359924908,1167278.5388973658,1314974.1797713288,1205158.4358441934,1233962.7626742213,1035949.6880691651,1121915.2789342836,1041741.5081801243,1135943.7276903316,1266259.2332002036,1346615.1571504623,1291575.7993888545,1127994.0560644513,1338568.9101280023,1097161.0029875012,1263804.4879869274,1180010.496719963,1312611.4809143844,1052543.5969766732,1797162.9356863948,1101829.3762967384,1109190.3668227412,1207657.7089136704,1163528.9818675686,1289862.895012067,974340.2542359362,1330128.1991204456,1278340.9217132344,1123831.2297525962,1081946.307694181,1366786.9053213599,1365280.8922095993,1078187.4359369697,1300969.7288304318,1050218.4500896009,1112744.8570779841,1351954.3239869734,1308154.6594624172,1252876.830033256,1171692.456228651,1194714.8102750664,1143025.7075917108,880100.6688358283,1256670.9259403902,1293189.612017809,1124655.2350745646,1329324.8901808653,1260880.1394331062,1149891.9391135834,1214842.0785097443,1380029.8272771009,1184915.7755448092,1240403.368054595,1135261.2963029223,1139722.3044104527,1326340.7218974787,1264450.920667676,1192769.626447108,1370087.8937083755,1157983.8957673584,1489474.5899293658,1035912.2089795645,1201659.870026106,1342676.3424082843,1029772.2545147962,1172136.19863943,1290336.1746587944,1405124.893444583,941933.9913421775,1231414.1690713724,1140989.6271703397,1151842.676862334,1281240.994802386,1347571.9236230722,1147378.388933524,1367132.8357521747,1316597.644716258,1206333.5542821297,956918.965285385,1277856.8167385936,1342958.071161958,1114213.5944618841,1095176.0419698623,1210834.5269459505,1265982.3304905605,1125561.6352343047,1160011.9097251897,1275164.0063048496,1361018.6590263864,1162106.1248802238,1183958.4821538816,1076164.1344467145,1192956.7459504746,1066865.9903403516,1296831.453559075,1264368.273879347,1350258.725822177
2027-08-01,1296403.268897152,1130076.0423117399,1304212.8382740708,1336007.6246671183,1144171.5416693324,1338223.7927671582,1201594.6428612578,1252749.7683961813,1015948.9065631949,1130325.7350196815,1045483.8219641468,1146610.9626118306,1266847.7882904036,1342242.685355797,1287302.261274267,1128408.1437774617,1369786.0993864147,1090077.7315583448,1253959.2927149576,1168344.0276171654,1320017.3742437484,1039963.8854622549,1814336.7059505817,1098923.4163894993,1114005.7476852606,1216745.4118728833,1145767.1540188212,1300394.5680930072,979140.1816615725,1329525.6379556127,1275982.4693626764,1142870.456377453,1080080.4897972147,1339550.152444763,1357663.3228407386,1080415.1936744375,1304020.9479333353,1048325.6874227171,1113966.9982084667,1349908.470610714,1307477.4596476299,1264997.138385025,1182247.7370297494,1189872.528120869,1146348.7635415604,876859.1415365379,1263060.9256976065,1288421.9009869508,1113921.4331296838,1312857.9509233988,1250169.6942667095,1141463.0216852636,1234128.4827687799,1389764.4157849564,1191879.2259438685,1246884.061097516,1122778.2823862438,1116976.8017699248,1338560.964807027,1262556.2196655853,1192835.2826489112,1375028.494483381,1149367.259846532,1510220.8622848603,1031440.3301092954,1209581.1075058603,1341468.5659217462,1018688.553269143,1180613.6061813615,1295562.5616612432,1418525.5023504512,940952.6031329843,1228069.3132993781,1127553.9770108212,1166240.311474893,1282287.2367678364,1361972.1939352711,1155204.869210866,1384206.2235378087,1320464.7559203098,1215484.4451630684,961220.9369918103,1293840.892176875,1370512.9740899268,1121062.9707727476,1100991.2468384032,1195771.8946071258,1257460.7672575421,1106373.433937639,1153345.0575034455,1308225.3598477389,1382351.6487211103,1172856.6057630344,1203043.2044744836,1067995.818724684,1196409.3664774185,1071446.467775026,1311692.3228238032,1263385.3403337002,1350646.9142448977
2027-09-01,1316955.978272357,1136565.0260975473,1315419.9494390944,1336510.6807365203,1141154.536510212,1356310.5031867393,1200138.0533320569,1263547.6176699775,1017895.900226063,1156766.961134955,1060039.9918814786,1141433.0719440617,1269445.3206736592,1343567.10539271,1289220.197314916,1149809.2806045793,1387221.7087528543,1098047.9089880819,1240888.9135640261,1170899.3726498666,1332779.360827234,1036648.0317648863,1841901.5320127937,1102634.4366409807,1133412.1321969396,1230898.3803827371,1145422.914933298,1321451.6465228014,996158.2385613413,1348747.4728975464,1273744.613098812,1161053.4725827975,1086965.0324893978,1321568.9211515894,1363528.799815429,1093281.493281756,1334272.4360470052,1063548.7464516363,1110279.8109616742,1361263.436661626,1328418.7562555212,1280401.3867642342,1188647.5966771257,1192163.0676503181,1154075.4009578074,880810.5326195892,1275435.5132153716,1300239.4193933092,1104975.3490215046,1292982.354845186,1252816.9153608116,1138483.4491474223,1254677.2147799619,1404521.5754895925,1206073.4075639257,1261650.6272788548,1132645.8849775535,1119636.2148353532,1340421.0636608554,1275433.6643378935,1195337.5721965856,1376434.1668824945,1164000.089492844,1537646.7409968488,1032395.09471344,1225220.8854849502,1349783.5043682358,1011367.9567384119,1190237.250851754,1298563.104147465,1440372.7574136842,950947.1938504131,1242552.9736379685,1131446.3512820837,1186946.0155676918,1289895.1305784988,1394070.8282088554,1164368.4859557133,1399409.6762325107,1344616.7772380526,1232908.7102289165,969921.2536266004,1302654.2570572728,1414921.4591498382,1130186.1872543984,1107686.175230037,1215230.8040646282,1262799.8860270279,1088610.515948381,1164833.0451441563,1338741.262431655,1393871.729942698,1184237.397894667,1237637.9770559405,1059658.0831509116,1206420.2304030152,1075520.0701717678,1331435.8987766886,1268422.7786597393,1367237.9363287422
2027-10-01,1325435.1788798003,1123626.0108255565,1322893.8309772925,1343025.4793545832,1138492.0073664582,1383109.1279881082,1180407.2544684468,1263854.4736092268,1032259.448807416,1169091.7395383152,1065813.7029225694,1130777.7811810058,1261227.4353893143,1332631.5308276166,1284895.1928603945,1170338.3740536734,1387322.6594255292,1109299.2169820438,1229415.4511962964,1172963.5087761667,1354554.497225329,1046084.9540784941,1874508.8104711622,1104189.0578517977,1157140.1921494233,1244884.3779471847,1139649.9069687326,1324792.5954107682,1006844.6014248794,1367252.5377440217,1261832.730196964,1175005.4474457554,1089658.2119046368,1325033.4462132275,1377879.7037603487,1103540.3160234154,1372635.5422656643,1081594.0384797258,1118027.2806010288,1368461.9365572145,1352253.6026530236,1292061.8870628555,1186941.7748238328,1197646.857725347,1148796.7503926242,876187.3472051892,1294992.4841972853,1330370.454130121,1095392.321919018,1302030.8541443243,1257949.0303947518,1141107.683542714,1268794.607536257,1402907.5953800133,1232965.5035279354,1278035.5430735308,1157078.7954745383,1116433.7598956467,1334368.6684015258,1294172.3538710084,1193072.6105498213,1380625.6570222063,1167615.9551470892,1550625.375447262,1052328.1909811448,1218577.2106975445,1344905.3104638795,1011152.1420560428,1191362.095054884,1290747.85778619,1453857.392965434,952971.80593364,1253386.5181682177,1116109.8160644814,1178045.9314208562,1304539.076299775,1418095.934692494,1169091.2439699126,1400575.8229158954,1360404.0439992766,1245857.3425274703,956813.0567675398,1312430.4586893965,1460078.2055914802,1129994.0674827741,1113851.5231919843,1233921.8775649047,1248249.6179232392,1081495.1134832546,1177246.1161009376,1344455.4945464013,1399556.5916316044,1188385.611892489,1248731.2672861437,1051808.205447981,1215244.719655226,1080739.5865921956,1350577.9331921297,1279795.9107688277,1359738.3234761392
2027-11-01,1324711.437192668,1108786.9400320323,1320707.0471140626,1341004.7478273867,1129469.6930838106,1396635.5625704546,1175271.8378087566,1259098.966548808,1041381.7785075123,1166902.130338396,1061614.839840092,1108879.1131087102,1265956.1046248232,1329978.1811081206,1290500.74883328,1184390.2537955428,1397419.5820369583,1124972.10119776,1220906.2224070986,1185487.3533955596,1360689.6296141446,1050312.5099390282,1876536.9075503221,1101254.5772684345,1166945.8431119975,1253297.635445088,1160225.1270807981,1306663.7931821786,1008222.7689069647,1376957.7207722235,1241184.847009443,1167688.3381078609,1096676.0906753342,1343335.557618751,1401900.9621424142,1108106.3358231585,1401021.7910732483,1093099.7805952798,1104227.273296814,1381273.8922484044,1365457.451067399,1294678.3567756296,1195346.2810343269,1203634.006581731,1139639.110221786,873067.924558534,1306917.178428367,1342377.9374997483,1082296.878076704,1312285.4923470365,1259739.9394446402,1147534.229323826,1278223.7593955132,1397993.8621149478,1243692.5010225028,1290845.5868020027,1177464.846115874,1104395.9871283255,1336039.6065979325,1318626.408491132,1180234.1826940244,1398510.3473176989,1170445.230313739,1543841.478860135,1065503.2410788145,1208681.6897491796,1336259.1434493111,1001195.5958387486,1188203.8883869548,1287749.352041485,1471224.9714022921,946932.6744257628,1259032.3389445809,1096961.8869729817,1164304.7570136364,1299931.0817478676,1434561.0163833087,1148150.9606050332,1403057.7538041312,1364861.0797205842,1248904.6607843558,948317.772349579,1304097.2275276603,1489779.8993566697,1115675.9210238855,1118318.0449180868,1255624.9078761623,1237433.863628939,1086557.391947677,1183364.0670096055,1351281.1647479718,1407019.5204443797,1207773.9315867466,1248049.7681324065,1051861.918498005,1218091.4625600548,1082317.7643687772,1359927.5526142963,1295489.0250992577,1344259.727553087
2027-12-01,1309035.4438532148,1104821.1698407102,1319283.4161143368,1336646.246456078,1124678.0576112054,1401028.4092578306,1173758.067165487,1248423.1541696147,1034375.6247815517,1157287.5920134028,1053524.115956261,1111949.9338099724,1259784.1600350025,1328295.6832096942,1305413.1129099552,1188646.9395450896,1397131.019988185,1116588.5671631915,1218623.2084073243,1185219.9551329168,1352389.1238562537,1055681.5844273563,1863418.5716406265,1100327.3278459841,1174360.4368049165,1271964.5752281032,1173196.9744123828,1288221.9598138703,1008108.8793200663,1390295.768401032,1247205.9713588036,1155761.7682802659,1106261.7711043837,1362987.0485965658,1421515.6245216513,1104632.2301856014,1410034.1045873913,1090608.2064035698,1102538.406788512,1384985.9305055265,1380653.293937934,1288548.4286571238,1219481.6134396335,1199632.6683961134,1122097.9991760093,864485.8545473873,1310980.4390944578,1344643.1082383061,1077842.1991038064,1333437.6161975504,1262075.1490821673,1157485.0765058808,1288438.732512668,1384353.8766997284,1262115.077305712,1291931.140602263,1171561.7735811765,1096566.9205873033,1348984.6615152338,1317268.5145397934,1171434.4763822544,1416776.743932993,1168767.73677084,1547474.5066917634,1089201.3351751878,1195087.909611177,1330790.4396866797,1003143.8364790942,1191162.3187340442,1290383.3205328272,1476533.6455483786,927781.7089814891,1255321.2216560345,1090200.8541340563,1159720.0249849525,1296998.0262412636,1416715.254702858,1149090.834404726,1404180.8490480937,1364885.439881783,1237892.6909159725,936895.0250773014,1312987.354232612,1516913.9038127495,1094350.5785930685,1127140.8105211942,1261653.9783296764,1219128.6694366627,1092179.4861524599,1194024.2321102289,1348100.1166722258,1423117.0670101258,1225737.5032151514,1237441.0477301916,1054898.8542410524,1220647.7939070303,1085294.5324395425,1349709.1541669902,1336779.6562386693,1334183.718800145
2028-01-01,1311089.66591949,1104180.0524921494,1326330.2578182349,1363623.6793449824,1114154.2940060059,1405666.497041611,1180582.336966877,1244544.3293036455,1045044.9871153516,1172752.241591288,1051534.649526974,1127336.4768458444,1274674.1804775598,1330533.0022898668,1338506.6710901954,1188386.5206661746,1404021.7777462355,1131576.458049269,1215445.3999917984,1214381.426767466,1349919.0122487189,1074381.25775331,1879568.414570321,1098396.7397899088,1175501.2798329124,1283089.6378038141,1198003.1021329472,1281233.697308722,1016678.690810957,1419305.497863229,1256362.0312466521,1160880.168202592,1126225.0988354804,1376147.2436124124,1446869.2150771345,1103553.5171035358,1430807.4708652264,1104525.7600523278,1103760.0006483584,1388392.9127906347,1413125.6396264287,1298325.5046520855,1235034.7465571077,1191856.1941018,1116913.0981446556,867872.7454740447,1334758.4620283423,1345449.5076176836,1095138.5518891315,1369560.3747012496,1269524.4495526743,1180624.650633096,1306645.6207986868,1398047.9366088388,1278992.0078064355,1283380.466448734,1173385.6676352462,1092375.9747671927,1365472.5521639124,1348967.631586297,1169579.7798226231,1428637.2143787805,1179558.086213823,1555130.0684601245,1113797.2812870997,1200473.7383747536,1327075.3157045536,997389.5541820189,1204281.353597404,1301919.720419472,1492661.1717767287,931854.8461908089,1271485.4089272984,1087711.9080609756,1159057.9518272975,1314807.9510126088,1421775.8393012646,1146249.2587157958,1390979.690210003,1362456.4647922106,1231536.7516581845,948979.2957170915,1344862.7196218264,1531415.9700203803,1105557.2193473624,1137985.980983292,1269589.8141756358,1219964.496013587,1102565.0269946544,1218452.2572686386,1349531.951692799,1456078.8344613307,1245124.3101878439,1248344.7071166593,1064495.2978103256,1224311.964356754,1085705.329005822,1367939.892964792,1367025.3161428554,1333123.8011269337
2028-02-01,1330818.9309525983,1106234.0634194713,1357172.2391359676,1397266.484801988,1125443.4130954877,1423431.807536879,1199287.8100529583,1235239.595700575,1055971.579042923,1197131.541066528,1055461.1425764482,1163376.7780367625,1290724.0046427976,1349945.6136607556,1362795.1370423152,1203257.1103541981,1431702.0613916973,1141640.341066928,1222201.4442712103,1236301.883673279,1362613.5880844754,1092993.7430089714,1904926.2738237658,1105574.1962662048,1191968.7624052917,1304210.4290043623,1237491.5998964238,1285497.4415901527,1036451.850375084,1445014.2259038328,1282900.0662426844,1169895.946734508,1158306.5095272593,1398670.617039442,1445968.4463073947,1113217.5048132078,1469147.9357780297,1125158.281507207,1110137.5944317884,1406718.7315670496,1458871.9072676343,1312978.2788600705,1246398.0095235799,1199195.4426291515,1119155.370647454,876329.9580739888,1354857.2835231742,1355230.5440444269,1124271.946477203,1413964.8785755797,1291505.441149346,1194952.508228085,1326408.5326971393,1409360.3826808576,1292000.734094017,1294432.0197887123,1170664.7692112366,1083600.2951946394,1400070.070649418,1374170.4989546845,1182664.0069758624,1439495.4500242558,1198369.2023799287,1571591.2132208538,1147162.6591815255,1204989.954989198,1340241.7755577352,997358.1343256014,1222144.742840315,1324724.1592175497,1527736.744744701,932608.9751931771,1286813.5210037301,1099965.7826245674,1173423.5550812075,1333807.0401798761,1435080.0593006175,1144050.1462956013,1385986.3753398147,1371163.8676056408,1228074.1842201431,964902.6753731472,1392091.389671982,1567972.9819082008,1124846.4398197262,1172335.9779805294,1286860.5049767774,1224896.2084146717,1119514.765366052,1262453.3787175587,1356492.1882908272,1494965.2158679087,1275798.1374316453,1261889.6814513076,1067050.3210159119,1247510.997883151,1082730.329958782,1394167.3548312476,1386681.4507983665,1354676.4305312342
2028-03-01,1369512.4878678895,1114672.9486463561,1358002.2088192485,1411497.6205273035,1142200.7878046941,1438491.3257235326,1227618.761028049,1231535.7908083303,1076744.5132802408,1208027.9378145528,1058785.6948602924,1192643.298086677,1318149.2128747627,1373059.320154149,1372246.1554960907,1213595.1833084712,1470319.7167772918,1149996.0244098078,1218616.6825472699,1251631.0457274478,1377068.6820433228,1099102.1144579249,1915416.4821025191,1106058.5841432565,1192835.9672986057,1319932.429628277,1250435.0853680656,1286052.4265091158,1045387.1287087337,1471309.2032447585,1301047.2666267473,1152198.965452194,1186184.8198616414,1420093.053508441,1450682.7006733916,1114388.7191588047,1499897.4648711435,1127376.1957068148,1114294.1571485193,1410553.0665187757,1499031.72298818,1327040.0241313626,1247907.2866138231,1193211.498475476,1123147.7594000793,889814.9314754911,1369922.7171174993,1364060.5752195618,1157264.7669208674,1453532.1951175341,1286583.1471620752,1189475.2136665932,1320528.84953685,1410641.5397692057,1296015.9852073297,1286038.5585262645,1164528.5602374591,1068056.5389644324,1426364.1574971597,1395128.736963007,1187646.288004927,1435426.526916627,1194234.7041272395,1581699.1697882612,1156293.1643088923,1201515.4173043526,1366651.6392416565,992746.817077729,1218766.4374538793,1329327.5883281508,1549860.942325693,939028.0836359316,1308495.7549872429,1103921.1112210876,1192946.8768128795,1337654.601457066,1452511.1276427468,1129609.0712930288,1390320.4312216172,1380056.0071564794,1223353.0733810288,978732.9770420794,1418769.9218455232,1605100.9553196577,1143246.1469197907,1191053.342841131,1280885.153056522,1214599.9644435886,1132861.2350064018,1298917.9192702952,1368318.6509641353,1527650.3591269979,1294234.0918254964,1274671.248125991,1066736.9498526216,1253495.5525425808,1062231.7935944847,1438880.1492473613,1399893.5937807048,1375486.23107539
2028-04-01,1416978.5047742345,1118460.7357429783,1365918.5697864986,1427772.5267836326,1159130.5536746853,1462614.4492609545,1247838.4852255885,1213142.8542907524,1085927.7444707542,1218379.5312396982,1068432.0841553255,1213552.6346673116,1331200.213594324,1397709.8146356703,1369260.919094553,1237872.05596268,1505057.7780769619,1149229.3136883196,1212662.2934161257,1274783.707082085,1397354.3816618351,1114139.6852566942,1939773.813139945,1098728.1297329152,1200294.914412137,1354844.749802003,1275395.4436855088,1285957.939563485,1049823.828004409,1507797.691193114,1321977.0106214387,1144836.3754235464,1197401.3847458016,1427180.671408568,1458546.5571294196,1128271.4683325842,1537593.7768465932,1143269.554095322,1126038.9016614757,1427287.0130913577,1538596.8145024634,1354722.0742681953,1249815.3775929702,1190465.5910715275,1139807.1062683861,910575.3609401792,1389825.3016716973,1374551.323934432,1157709.166330066,1480648.6999860627,1296601.6941758113,1184209.8568164487,1304501.6034812017,1426405.8765477121,1311181.385465987,1274576.109712429,1159598.104175302,1071062.2620853928,1444578.820106124,1407629.5009508554,1204119.7934705503,1430075.355861885,1189616.0709182052,1586474.2331820256,1185017.0680191615,1218832.6983363673,1377177.8911441097,1004588.0549371564,1228655.957494444,1331534.636127561,1585505.9807984028,952296.3123776666,1324826.523820314,1101407.090775736,1207730.1889798567,1365162.7906298558,1490823.5671374693,1119175.8979964103,1405532.9694567765,1403083.32459592,1221607.7989289172,991276.6248178149,1416185.922319151,1654141.1572864489,1150037.2245922042,1208585.8081109817,1288683.3816536597,1221465.9005977677,1136519.0452965617,1335125.9001969006,1370230.5967739448,1543870.1044317465,1318635.6120732445,1283436.6465412378,1080480.9962582476,1258281.8715366137,1066931.5489366162,1471812.9953430989,1426325.942508079,1399115.3744059363
2028-05-01,1445755.1244140249,1127723.9010557304,1402472.641661662,1454967.640623046,1176715.924478679,1478913.6426172697,1270857.798588688,1204103.0028579968,1106030.6582246658,1223096.8481924878,1078969.5354831405,1233981.9180587914,1340286.7709984353,1413261.7958828183,1380768.669637684,1246209.0022866994,1538614.131263213,1156971.9298698227,1200362.4218036837,1281909.2712290154,1424436.1699717455,1123053.1697687581,1962017.8724939537,1104281.9280180794,1222912.7634082881,1375365.8878196431,1312573.991823014,1281651.2031361226,1060059.1693569014,1525501.8942935064,1333752.435214488,1155936.0034718746,1211147.8967831144,1447279.3310707435,1459666.8450832698,1128254.4937410713,1552186.9310616183,1158696.5872948526,1129010.7812072716,1430648.5752822882,1588858.5013729113,1379404.713407454,1241993.4843623724,1198048.0068368209,1135290.417903507,927777.6090309388,1408983.2920195907,1402811.7525267007,1168145.4384718898,1487073.2094889139,1308624.7907766341,1197316.3392784707,1307025.2318764324,1421633.2779053438,1332133.2786311996,1277298.1855588479,1162470.071081344,1083457.9356248984,1462502.5723320998,1430073.72805567,1213214.8317600829,1440634.765086096,1197393.9517369745,1579706.1366107997,1211386.3119809174,1237301.3859360225,1397411.1782373614,1022673.3824988658,1219318.1729045936,1332685.090666404,1601931.370548211,967953.8421105186,1339261.970507953,1103871.569059851,1224755.3712122187,1380670.1546203634,1518935.7775378881,1127843.2223327812,1424206.7917016705,1423650.912349606,1216614.8723014581,999201.4481098058,1417503.3013427684,1665528.8591578256,1177932.3775076163,1211022.2942263004,1297818.8520857843,1218367.5206336025,1139692.7921597795,1352237.684243259,1360701.1667777179,1576653.2183688455,1342841.2268829413,1280552.1531169685,1086211.0450238853,1267497.4299190615,1075355.9037121339,1489521.3250527992,1434929.2407851885,1429013.4352347567
2028-06-01,1447924.1567184639,1118684.9066072435,1425817.887040268,1469035.5794697332,1166615.2930315512,1508595.7721843412,1286575.5184426,1183505.0822662911,1097086.7237054303,1214352.3837592746,1068121.401143529,1240169.6491620436,1335938.130960043,1412510.543599516,1389551.6847928725,1267740.6530544397,1563267.0648111885,1156212.491773716,1191155.134825148,1278222.7003454806,1428514.6369108232,1127875.596825661,1975433.4623437803,1105937.2952589276,1239758.1575583708,1380921.1667578954,1350606.9684472822,1278802.1800089832,1077659.6121520707,1528414.3161897333,1317101.4290797953,1156894.614856078,1212955.1263633822,1446292.2152158595,1451086.474520449,1133213.4287408285,1552831.5835808988,1168604.781262677,1121425.996325966,1451695.4376951493,1619894.2549597882,1380861.2261420588,1236631.1534356335,1200595.2688325213,1142749.588899049,939099.7489038209,1411309.4552962258,1400089.2091992425,1169983.7364528861,1479170.0294585987,1318633.3724593697,1198555.3572186162,1308223.8732255176,1425715.4707605648,1351037.0800674213,1279263.1816171561,1162160.3385303975,1114547.8236105856,1477402.8609546074,1447283.5473431356,1220328.75228479,1442170.394137561,1204412.7109697182,1590098.8536028997,1216702.0018531755,1243462.6464208313,1399987.5807667195,1048855.2136130251,1196841.6195574722,1329587.43676983,1595946.3536117407,974594.6988598988,1324023.2118629068,1102815.7900545178,1242982.7148024277,1381494.8804838993,1550708.5990140974,1119108.8288623756,1434426.551091292,1438716.5778835951,1202035.6934707523,1006517.5246483836,1411462.0363487245,1658190.9075411102,1199807.691983824,1224778.892263481,1305163.5385863197,1219611.2267707563,1126834.3276628985,1359820.0771694293,1380088.3490824916,1591034.6995632392,1342368.951238627,1271370.065458091,1103028.0282693945,1281559.6028456222,1092790.4829368345,1479726.3447302883,1435702.4846036234,1447777.6418564324
2028-07-01,1431482.2136440272,1106522.5958660424,1454264.8493026204,1474319.8685833178,1157044.1306771862,1523429.7710437428,1299471.5416274243,1177421.8909968385,1108192.300220939,1226537.1455364465,1061460.200488662,1237013.410148596,1310464.3232849676,1399635.9909809881,1402562.8215813355,1286826.812296694,1592555.3562464744,1152336.0832196441,1178618.8154410112,1285106.7424153367,1444060.0473392305,1122988.2327057053,1955042.3321225604,1096397.2146047284,1247117.909571521,1374388.8226269684,1367673.1153805787,1272692.0455985898,1096760.8206347632,1525869.9067008835,1298837.2577075036,1154690.6523804192,1228162.7945696798,1457835.6105846278,1423777.5421964256,1141186.454297044,1535054.2735107085,1165513.1019302437,1116850.925292049,1475488.3521161894,1642944.3770705734,1387299.4595303673,1211158.3260508806,1204761.6597591303,1140083.9646189252,939802.574784718,1417133.7846966945,1382143.4992956168,1161322.0613090522,1477862.3913874857,1312638.8861903034,1207471.2780904823,1309888.9877557338,1417863.0285254542,1367158.0500971575,1283889.720952272,1176210.4346205257,1129634.975743941,1457857.0673395842,1446738.3636467338,1222368.5533321586,1446072.222746404,1210370.3732317644,1597076.9921380545,1220966.1535744234,1237818.1396525963,1386269.533660458,1043553.9574757318,1163756.093386264,1311851.920642755,1583064.5632611678,976607.5074076585,1310832.760430343,1119540.295306772,1253021.679376401,1370200.3816928035,1554767.4831807113,1108166.4143148107,1428111.0350062542,1441998.212288885,1189084.794947651,1010020.4967874093,1398440.6101022607,1644768.9485952174,1215600.0306194597,1226613.7293212828,1310673.8381069845,1220948.7747803996,1139854.6228182924,1362098.9856629388,1396997.8953293534,1606767.0776786336,1336589.7392787011,1269227.74591473,1114075.484581398,1285291.0522951405,1093758.757531424,1456856.19318707,1434748.6192423727,1453939.0459670676
2028-08-01,1427588.9806512587,1097336.44003083,1484023.1309313283,1489502.7332862788,1155955.4098081954,1542798.5532507938,1301296.1629467576,1181032.2293140881,1120123.4094017693,1234474.3436530593,1058000.4678909509,1242409.0126725761,1291558.3382347268,1376582.869447219,1402677.738799619,1313173.5527803616,1601035.7915202407,1128553.736974671,1174625.733372151,1308796.1917931787,1442310.571059678,1118194.416424246,1937666.3954054595,1082520.9673470561,1248706.5971755625,1353528.1217214023,1383576.6682007532,1280712.776277369,1098672.9172170465,1536444.2584071718,1301459.1497740038,1146235.6786781263,1228613.3204878573,1476738.281515603,1378058.5854198833,1151125.9263973297,1521393.2514508034,1155915.9322864437,1130396.4807040354,1515345.1856699283,1656954.8936166875,1388254.0464008204,1210095.007565451,1196804.797224582,1139099.7939034384,944418.8707417069,1424489.3953417912,1377792.4216096755,1155423.509036515,1490583.8720622014,1314893.37495793,1213207.772739203,1284619.4071378566,1402634.3520826087,1382269.3489810603,1294133.8069607497,1183217.5488138623,1126334.697578216,1460305.7647368435,1453750.8640039952,1244779.2684621108,1460054.3753957667,1223187.8307821148,1599832.5992766437,1239004.761672816,1237607.4093904376,1389190.4808639768,1042843.8716517861,1157281.5962741955,1298338.932496303,1586769.2112813191,987556.4537599098,1281106.8417824593,1143709.5725530514,1269847.5214221287,1356380.0988379903,1566034.4857646597,1111982.0684394569,1415351.5811451164,1441502.1013745514,1177249.5544938033,1009974.8949621682,1376057.6541330942,1648977.5855975337,1223554.054336611,1229858.9355281922,1307189.2434166495,1220710.2618636345,1143876.9206515164,1364700.9649245376,1417562.1525160393,1608739.7293116795,1325939.5887175633,1266271.7470938063,1132822.528001102,1287947.8860858553,1101098.9627432355,1461749.0013528557,1462364.3851362865,1460911.7836071309
2028-09-01,1436561.284602334,1100529.261207871,1510977.6553483368,1534397.955010197,1171567.001864582,1553013.7816495192,1320695.1423698273,1189707.3754758283,1136691.3467880464,1251780.4970292302,1072500.982786437,1238909.2517774634,1285333.5165965883,1380138.19578538,1409478.7136478112,1341443.8244651025,1639540.967031964,1110097.497610559,1162246.3772561036,1367540.4627952366,1437337.800072028,1117455.8411815274,1949714.612781402,1088314.7252028154,1252995.7140619531,1355844.7379087012,1390544.9916707443,1300442.1648316225,1107755.7914713318,1559233.4014868562,1302904.6947540808,1149972.1665176146,1233723.477825908,1500540.4122291913,1357832.1838197194,1160031.93987648,1502145.813360197,1160559.3824660839,1148551.9234217443,1539829.241261329,1676270.4426029304,1395755.2111442157,1219467.6427394263,1187921.7137952058,1140538.6298887949,945837.586045271,1452823.5555841655,1385684.1572973577,1157695.3411104863,1508939.1847366365,1314468.4209619393,1222184.6533681662,1273975.2105565788,1404692.5175330015,1402068.564577974,1303646.634179486,1197422.296362004,1133652.9452905182,1469493.370659728,1435158.5142344153,1268976.5606426739,1490060.8730281892,1244201.0796207676,1596322.6686527668,1263933.3879653292,1232463.9285179034,1399013.1764266572,1043972.9708367221,1155864.2362451411,1302951.9577630581,1607114.1604394761,989062.6812436942,1288422.277849855,1166579.9258596115,1271176.7444224632,1349351.0462375167,1568574.8713701365,1131214.2366026042,1405667.2609904308,1420374.1304796196,1166853.6573595295,1007339.1071308372,1363307.8211679992,1640275.836213244,1222618.2871185858,1223533.497893743,1303642.9875070788,1216195.945976993,1161290.9860023025,1376051.9041576153,1443828.5190984963,1622553.126343413,1331538.651823547,1286473.571227941,1141762.6299429783,1285144.7256657367,1105920.2930605419,1475906.5450719534,1487477.4924385338,1469744.1555296408
2028-10-01,1431286.8334648444,1111150.145907774,1525573.2649821998,1571858.0607071982,1179933.9382567795,1547340.0416574923,1335154.018791969,1197840.122904618,1131835.319585788,1261033.2876101888,1079667.6850949386,1239883.5472250707,1282177.2333564959,1394679.6275978968,1430661.3307843662,1350815.856959218,1674713.9375260668,1102339.8762590932,1148567.2533346268,1422265.1250519538,1438743.4104572835,1115983.2968909226,1953861.3877400944,1083294.085200973,1251518.9297725556,1358582.241445912,1385790.1317341442,1320214.7719233397,1118296.3172592283,1566271.966804988,1302468.5068670954,1141041.2880513968,1211013.1159109573,1510634.5863216044,1347085.7991041108,1163868.994111622,1495565.2495915766,1161965.5784321644,1142850.0719389794,1548735.083419246,1713614.7240042582,1412080.1348935405,1223677.110503122,1189125.7407458639,1158246.7816567647,959913.5445034988,1466384.7694729753,1386015.03317162,1156236.4649849262,1524410.9805821618,1312622.0206094934,1219608.000367484,1271259.7347690733,1400136.6818387953,1413431.9965572478,1322207.221523879,1195199.8368578367,1138718.9405253886,1509538.1181520454,1426206.5369181617,1272866.9002152851,1514201.838773291,1263409.0859200696,1597860.058135285,1271062.9936683548,1226309.3292159182,1390557.7222001047,1047551.9648297884,1178540.3669978825,1301886.2835089376,1606240.6859608667,974518.344039178,1276878.82932162,1153011.1257367823,1273963.2778225497,1349218.1291043998,1578291.6389739397,1152712.2541093132,1402949.5607597344,1408078.5073303326,1160167.401240635,1000501.143560614,1353602.8091908812,1623726.05779528,1207656.098712265,1220868.6839910054,1293054.465798541,1211303.1747137154,1176429.752516944,1368694.8724578572,1459476.5173566535,1623800.455776054,1362418.1322951892,1278277.8139100792,1175416.143476855,1300489.947911194,1091377.377470807,1512197.9744814674,1483293.7004996687,1477428.7584795533
2028-11-01,1417216.4663477782,1114183.763189617,1507399.7367113833,1615315.1708386797,1174028.9748883282,1544566.1458833516,1350309.3817665854,1182905.5034346238,1111483.8965359011,1270631.1493366135,1087699.463603687,1251568.4916088488,1291955.8290647373,1420744.325241963,1445306.0023958287,1342591.4352435505,1711914.4643175665,1112587.641441948,1130083.8013648812,1453278.216880338,1427560.4543939508,1107991.4789092366,1991607.8518569232,1079323.0355215622,1239809.4489135377,1354776.2950431681,1364823.0050700759,1312670.555101451,1137633.0229238563,1569263.630142814,1287554.563205387,1129029.4031659474,1179162.6463660179,1519918.2285580197,1322034.6820924028,1155658.1161348065,1491416.4766503992,1158905.337571229,1139641.157914382,1547962.4253231352,1744722.7468209988,1422903.2781938363,1205240.873985896,1172870.8808470462,1171509.2662674848,990802.4582544976,1454140.110087144,1369964.5528030696,1155752.1868365195,1526391.651968964,1291060.700647086,1215664.1101155586,1258614.429532762,1397635.7313663748,1421056.96542806,1332504.6177031018,1185359.7758566663,1142921.8327463595,1546243.1897233578,1417711.0881640837,1270114.575627425,1536535.5790489803,1272531.2772072062,1595666.3424973504,1258065.0974817409,1227142.398810963,1378345.3577020592,1065244.225716473,1167439.8877002667,1309676.846970659,1588967.2642791576,964372.2216739597,1268629.254696826,1140117.4063758675,1276985.8064369482,1351469.4048303806,1582529.9227531021,1162399.8514899556,1405335.9080099848,1390406.1293353061,1157705.561789258,990555.4398130369,1361506.6176168378,1587140.0839970869,1176872.302559286,1214714.4622945434,1301640.6482401737,1208359.9688608183,1188592.9315042207,1343543.2520705997,1468659.0656552513,1630974.9369582215,1406329.808523455,1272222.6011135036,1191970.689784196,1320700.549901525,1065315.0120719257,1556463.9284558885,1463468.734854923,1484634.66579877
2028-12-01,1401090.0058051755,1111783.1263083539,1489669.7879950479,1637476.375882328,1159501.4559495174,1561581.8196213832,1364650.029322678,1187593.6734956922,1108168.3751180028,1283158.36943755,1100175.0690767386,1283504.8722531141,1293445.1636240187,1438267.1664940063,1462590.7339596383,1329414.6484789422,1754508.6470715068,1121506.2446802119,1122925.21772465,1465665.9633109067,1421176.9695928125,1119071.50762323,2006519.3058382375,1079437.647561327,1233737.214275574,1345246.9191023547,1342331.2240929578,1312426.1588101375,1163784.639829267,1583539.8178762805,1269301.7620956067,1118192.1207067661,1170265.1454180842,1514947.043777799,1294751.3271873437,1146914.7858900595,1481313.3297436056,1161267.4069539905,1119127.787318684,1554008.9496859135,1799884.625645731,1422731.0855610883,1191302.491063845,1167681.023230256,1200921.5721602936,1028842.1221607982,1421520.6079809298,1355186.613557808,1158324.4378642482,1532037.901664647,1275008.6404928553,1225632.2852931896,1243672.1910691406,1404715.7496472138,1425102.513780806,1315309.413327825,1179918.5863940741,1131584.2505059857,1570463.965268247,1416132.7937530968,1281781.937074384,1539033.4836871189,1279926.9857860224,1598623.4806690563,1234180.3934435549,1233128.933381444,1375660.0650738955,1086869.1038955117,1149063.1865592566,1315559.6377609442,1566762.7608001095,957995.8310435109,1272915.357775469,1116710.6217985852,1306270.5810122183,1359696.736837601,1569259.7984320028,1168001.7103044887,1403481.7331541246,1376802.7223168062,1154368.0367382367,971124.6853742875,1383212.420463602,1568787.4990032166,1155150.2803701172,1210594.5295269566,1284643.8631747721,1208415.0808308022,1187571.9209534873,1315939.2226431398,1461060.8339733884,1628667.4126046116,1434752.6223983413,1255985.0483495817,1185875.324633364,1333323.5434167485,1054337.1462999156,1599383.1509105023,1443147.7826956378,1489633.4775755394
2029-01-01,1405906.3265818197,1115539.8316208187,1484814.0340366124,1664804.7621839105,1165212.7234777196,1585424.9389448802,1356005.9722414801,1198239.234708175,1113108.019094462,1289258.02681264,1110765.0997782424,1308647.2693647651,1293953.5577233713,1457679.2273276148,1502387.9221610804,1327301.534233475,1799874.9167712028,1128531.7909879098,1122782.0933726602,1475265.8721158162,1409123.1599499998,1118349.7164818086,2015820.0530121778,1077677.8435667765,1244641.5876434825,1366656.4683237444,1330416.5437859928,1309160.3516420107,1171386.8129109188,1594763.302919831,1269142.1832086141,1102028.0584217657,1178645.5888599274,1514517.316311325,1275139.266950603,1146853.3951028306,1480960.2374257823,1158562.3242155116,1119732.618234857,1573841.783280541,1833729.159705009,1427013.6122748118,1188770.096792281,1151758.3545557489,1231211.677284766,1060210.8870769655,1384896.9882637924,1354527.4493201284,1158003.5570464355,1554047.3860758638,1275465.6770711297,1248008.2855391148,1242841.5133549094,1428277.363963659,1432929.597388233,1307922.063576408,1182453.8330032907,1130291.9091420085,1591100.7102372502,1440183.156606084,1313250.1820202966,1539108.712849064,1290990.64675008,1592038.8337642718,1237324.0181660396,1261157.8093006127,1374850.19655156,1115223.3063188696,1129034.6464254637,1318854.724426489,1558003.5418533278,945617.4313646556,1288734.9595157823,1127527.6564013502,1346092.6924720076,1358994.7025660253,1564782.5171027898,1191945.5858249443,1416919.5187970873,1371585.1430888886,1161066.5075766337,977395.4219256559,1405124.7905304804,1561502.717900499,1151155.5674572918,1207796.812521735,1303166.313218531,1211027.644816125,1188707.9102820612,1314994.560737376,1462728.1002541052,1642568.8693631669,1451814.681844097,1265347.0962074818,1186624.4415111572,1357478.0852128167,1052344.3744949114,1629449.8488994427,1449051.7140280842,1480921.3685192643
2029-02-01,1427705.4450837786,1109528.7342704416,1470552.8342807135,1691242.4354434134,1181626.8956326249,1623814.1609372832,1365906.646765031,1218563.6924584794,1145820.26654947,1303873.9982695342,1124339.4691992118,1311333.6408912719,1294963.9992145656,1477547.257941637,1537602.4536257929,1332790.8209408554,1861363.574168254,1125058.2604169445,1121800.1738922142,1468647.6158877471,1401796.5635500378,1113746.7848656375,2038816.420756723,1065071.841351694,1256150.9791316662,1380206.3009812855,1338401.641043877,1325214.463072949,1168027.5589741948,1607217.3792184198,1287871.0846249112,1103854.5802076599,1202492.6281804673,1524451.9174979755,1273628.0643380785,1148731.669824198,1488243.2565396007,1166814.7343259437,1121100.938081259,1608288.4165136565,1847556.4881913501,1457301.1010755673,1194575.8596856047,1149145.885450034,1272631.977391912,1091444.9126287252,1377798.6914258345,1384063.976908914,1167245.5493457224,1584991.0429282174,1289886.0811843553,1270448.8765291425,1262406.928747377,1439645.151593263,1440189.9995137134,1316608.5387149346,1200911.9238393928,1117760.6530483598,1596648.0478250799,1471560.0460983445,1353880.9043327058,1538095.889074049,1302262.0091957655,1610571.6169792672,1251091.889152362,1274328.9256910894,1382125.2816179835,1142712.9192836727,1124508.9269374025,1331900.8567186806,1553668.4982341682,942313.3971974761,1309561.7478207531,1145091.0503078743,1387968.4198285628,1368265.4320332615,1582411.7637281641,1208937.3975615865,1430750.492352902,1369189.4303660893,1171574.8508223796,985551.9699084683,1417022.4321719843,1555310.3098025133,1154491.9733603417,1214726.6161469156,1321603.95525473,1214116.8771593992,1203603.8418216323,1313538.5360190482,1467575.0934650241,1646711.6090702554,1447905.018682719,1289000.3181239082,1194534.8335750445,1370950.029221969,1054545.1893012337,1658095.7158636865,1472785.0149483923,1471468.1676718749
2029-03-01,1451110.8476998725,1102901.3792431916,1464668.9579179217,1714606.8478769953,1194431.9066005114,1663883.9125005752,1371662.8282387382,1208272.3494054729,1171626.194968336,1319523.1539881057,1144398.0267229422,1314259.7450646455,1303882.9012696182,1477654.0302142624,1549895.155909118,1333824.3427887561,1881848.6747194214,1123529.2975883195,1108990.1883867744,1467242.1010516505,1404275.694006423,1111142.090871231,2051975.176768288,1070836.0664518988,1268420.828670016,1389422.9656990918,1353467.4689786022,1345253.7630372958,1150093.4948942175,1617778.2406927128,1295493.1662754854,1105007.8550948382,1206103.664100665,1524323.1281983003,1263414.5161602725,1134307.4956077693,1502378.2561230646,1161312.571433467,1128724.7007988659,1636058.9117505169,1832293.83488946,1474480.7682132374,1185573.9236323347,1150834.1000204233,1295200.0765133763,1102512.628975811,1376786.234152257,1411039.1049566974,1190674.4666296542,1615449.5171732793,1278369.8072037525,1278298.9532325687,1277043.0287852972,1460752.083085804,1444053.329889743,1327087.3242471681,1196582.0804415576,1117414.4406274764,1584536.0899424313,1474517.7271126872,1376639.1232059575,1535266.6043545927,1318312.1873170831,1630379.686651483,1265534.9387308245,1278521.094493359,1357183.735992833,1159462.3696468482,1130837.4466923794,1356726.071716395,1548136.978098452,937156.5812477067,1310296.1859607918,1172989.0904618201,1388493.167177093,1362851.602575908,1612770.9841988392,1206362.1755900166,1430243.4081713387,1367322.0436280593,1180418.4303614104,1000769.0831638157,1443758.811967217,1540808.8174028222,1152037.1607933606,1205147.6030925803,1352138.6080503925,1198093.9988721518,1212222.963598629,1302195.8514788721,1462731.033807959,1635405.968054302,1435268.5853672174,1315354.9033680852,1202239.1276215522,1364948.5754421488,1067371.4759883669,1656339.277128866,1499509.3655526515,1457960.4846632287
2029-04-01,1457884.7409113976,1110561.423826539,1474882.6921765849,1738629.184321206,1191357.394106991,1706694.8015143806,1370659.899972766,1222862.3364328605,1183695.9854374912,1315278.3115455143,1160666.4979054898,1318093.7741239874,1318648.9337872388,1464826.2250121688,1569909.4283916769,1336601.1311162596,1894008.0984453529,1127140.8946002326,1103186.11586118,1481233.2098979244,1446897.3902225834,1113590.8922692784,2049691.099425755,1068329.8000387982,1279557.1245372305,1390541.6412035867,1358008.1004389753,1365499.7913132922,1138030.8019031803,1644448.903072768,1296592.5847180719,1105670.116675548,1204356.888131469,1533813.7739217149,1274895.7039620643,1133552.6820244773,1530796.5584226837,1166967.8047952328,1137653.0895887674,1676150.2762714205,1817683.7855971025,1492529.0026276493,1187605.0345078327,1165412.0426323193,1327881.7764449366,1101835.4238289413,1405737.7113117797,1440342.8483998165,1205552.3110002254,1632858.8732253357,1280488.402864877,1278662.858234741,1279625.2895231834,1483619.146398461,1463464.0463524356,1349014.545613895,1195301.0760212517,1108944.8661261022,1576753.7680876835,1479100.7785236037,1387545.7605155683,1518213.389474119,1330366.3246625222,1647929.9613954118,1259295.630758843,1277243.4909341682,1351340.1150496788,1194579.0460120905,1123980.2372460773,1370205.1884386393,1570023.095849422,929440.7774254415,1328866.4561501627,1194295.9346298191,1380309.7947294777,1354197.2555222595,1653066.9988002158,1210538.453781368,1459494.3429236843,1360461.2941523392,1192555.4973328882,1007898.4260704763,1473187.0725059167,1542246.1436680816,1162836.0505163865,1224511.3743306072,1386491.661939499,1184403.7104917718,1235437.192615804,1300476.3900644912,1469164.994123507,1651203.9969718554,1437659.269233616,1343801.958445802,1219988.9161881676,1357161.447188517,1076679.1068004733,1670517.2132150806,1505297.2556655672,1461949.1709848647
2029-05-01,1473760.3424648114,1118224.426617559,1488306.365912468,1765720.4678498881,1199220.0703761275,1723186.655601258,1369862.3371247519,1232527.623188276,1187537.3229202237,1315158.5368251351,1195346.1883968906,1336986.6246292577,1337845.7278261774,1472994.9294378636,1596080.0371761136,1358027.1838528912,1902945.635170954,1119344.6249331252,1104384.1176364273,1484030.301711563,1503804.2217271195,1111405.2640126913,2041537.5522582652,1074988.3024123257,1283176.9813724235,1405396.5834101767,1348761.1311492315,1373553.4583516105,1148465.0160734537,1659089.074001474,1317008.8196537055,1124301.3624410385,1204762.1817502456,1524317.355989528,1304239.5189436646,1134582.9603840762,1572986.2072091394,1160934.2742011696,1150432.5024932888,1715934.8347295714,1803947.9651053622,1495020.3585616015,1187495.7011769875,1162655.284130504,1354589.4777975266,1101831.1162625116,1426309.7463255124,1458267.7439449115,1211109.2110207842,1629101.7520507139,1294223.4701264077,1288829.3516611704,1277994.778703453,1523182.25174688,1475830.3345646844,1379266.5143118203,1210215.4241655602,1108594.9878924887,1586506.1841875338,1489641.889997744,1394574.093062599,1510265.6724637786,1341720.334638749,1659334.3840231388,1258038.1349447866,1296393.5345689456,1375862.473169608,1223164.0315169697,1130795.4398081219,1362387.42107022,1594150.391516096,926690.6983423784,1354095.8698458544,1219129.668708576,1361503.698022422,1341177.9195547744,1681931.8162588128,1213400.748723703,1466062.6236411785,1385155.7674207909,1206834.7290299593,1018221.6252875387,1513593.2487768214,1552826.316033681,1165738.297580311,1238288.4703145945,1431502.2162268902,1184288.9929691108,1236187.6932707755,1294179.4628723513,1473600.415544872,1680749.2320896133,1439036.481175279,1368657.5990144508,1224541.1442315986,1361997.8208914127,1074299.6445096387,1673144.1964512072,1501912.3397257351,1477709.250187931
2029-06-01,1457454.8084916752,1123763.9464961844,1467976.168746066,1789518.2857346141,1186715.9213054103,1724428.8685949855,1374663.256869944,1223511.2179243937,1180279.779044613,1302491.8423249973,1212388.4360222144,1355623.385134906,1357783.0940827755,1480385.2476695403,1630517.0868306009,1375650.4532622031,1900398.3801009837,1137121.0714868724,1110916.6504816185,1487736.4845235066,1566763.3513084478,1113937.1796576513,2018206.3104164454,1075430.449748775,1286523.4517358944,1407089.0623582958,1314004.4306635908,1384903.1579223336,1140263.522857045,1655118.9901951307,1308931.5163253073,1127154.2366177521,1199537.058132411,1514559.1663705595,1342640.1770516175,1131414.50683505,1594481.6829614209,1163315.7486256252,1169196.5216137362,1764656.2108449778,1805049.8226365247,1479080.562094147,1196556.527464768,1167678.1597392468,1372883.4892949685,1097348.6273822316,1433125.9703444277,1450128.4291359077,1219254.3103748548,1592902.206721055,1293652.309811985,1306331.9078201668,1276531.3111773606,1529870.4315617902,1487571.5359165424,1394640.3833476028,1215040.184652121,1101889.419538347,1601650.876181881,1509046.618131917,1400841.0982173383,1494870.3576391775,1344948.775397449,1632999.44313869,1250693.903243267,1295795.851099907,1410678.3072609527,1243207.758014211,1127569.3174523618,1367875.3494418073,1600889.403310143,928716.7424952146,1387185.6081712574,1228697.9788057392,1349462.882049135,1315531.9112939942,1718364.9852513429,1207198.8959098274,1493592.4625350044,1386678.6279384196,1219753.9215599627,1002862.7441160498,1532473.7756471864,1555117.1899325324,1157072.0905111702,1232463.9651268166,1482036.577626408,1166314.4751416254,1220897.799252631,1286712.3488144516,1494533.219493245,1675604.9896957607,1437708.914535675,1397306.9699803495,1238841.7293154579,1363500.883344711,1075003.3034197174,1670779.885135306,1476669.055280678,1516964.2469918155
2029-07-01,1448761.3184059646,1120586.4295886778,1447784.1928575896,1801812.4805053035,1170073.6845448567,1693610.903930115,1363045.2751525939,1224302.867910791,1163900.4553939973,1287359.1793336263,1216880.2529036822,1374919.0160227611,1373123.3261709379,1468496.1114360557,1658721.8036785522,1385814.2962568132,1894692.190373813,1145849.3570504594,1118169.4796480387,1475837.307876053,1605681.8700300239,1110548.708218949,1973883.0916644027,1081222.6571872265,1264771.6851749825,1420002.9520191886,1290834.6020460904,1390413.9873780597,1141620.7584839023,1650920.1685203165,1311608.3433144842,1130447.564385864,1191461.635275592,1493239.2229216055,1350528.2768063757,1128291.7224186226,1622781.1221499022,1156766.8301963515,1183606.188013416,1796318.3663332872,1806332.4666089616,1464751.072509637,1197428.4354545276,1170211.0452989545,1374425.4849665333,1093789.1110931982,1433646.4439391082,1435445.217593983,1231049.230295814,1547753.5194218382,1285052.4683976336,1347976.5289768656,1274144.5160166866,1528245.928250456,1487733.3512274884,1385829.55313121,1197840.7251320344,1091058.6920708134,1599272.6340419163,1526316.2065397052,1404680.6987563975,1485713.9209079475,1357721.4452352517,1603434.7291661387,1246273.6294747896,1312025.5948540461,1418034.9585138967,1242216.7997525649,1123488.5301715482,1346615.6504359194,1604020.57573258,935852.888674508,1399343.164859847,1233129.9833906668,1344103.7440652596,1292954.5094150747,1747850.1905828838,1200917.2818330878,1500005.1232094937,1397214.950726464,1229561.9218747176,993277.1016970183,1536051.6299883574,1543910.0705760533,1149581.740458894,1212001.8629077205,1516648.1282990924,1148852.9865076183,1201678.1422428605,1278995.376801825,1505119.7575251984,1635375.2642895805,1431873.978805997,1412610.389711629,1228660.4953437028,1353723.5674982038,1050939.8722857363,1666493.1665187748,1468654.1635933293,1529182.8174529087
2029-08-01,1440192.2494573356,1109298.3251861096,1438072.8419862993,1817321.015205683,1146471.5120431834,1655702.7674324815,1366349.849412042,1228865.476144863,1150338.3609548279,1265845.775654773,1211804.443389241,1389095.6359346998,1387513.0087015333,1451066.2739879547,1701227.5921558666,1383146.568867183,1895080.3190148189,1165629.926504514,1104839.8531468492,1480447.9370277175,1613335.1079058792,1118228.6162671268,1950646.3233095047,1074596.731829559,1266517.5257183097,1414476.285506715,1282099.6243205077,1404558.4447290779,1156054.04732557,1643553.861091379,1325051.9704820057,1141333.7518305562,1180929.5859054665,1474745.7333492017,1353145.917415103,1132230.953723446,1627951.1972940755,1161862.5252868521,1194868.5467511842,1802702.416907293,1790057.0056298254,1457007.8742502583,1174017.507747083,1168416.9579724884,1387169.0909225391,1103933.9810492059,1419957.03457913,1440364.1727509687,1251367.2536100368,1525347.2581648538,1286910.190133248,1367701.7648820726,1262383.9544793959,1531209.1629275025,1475625.8791985665,1378574.7828708165,1174429.7894991485,1072586.812562174,1607170.9453150183,1541237.8321496253,1412842.4385969536,1479189.63096845,1347348.1310170102,1563579.7487628718,1241999.841262665,1325500.716969221,1426297.2004055597,1249291.1851083115,1128023.6028307772,1335279.4737133912,1591607.366849395,937988.5255553988,1407009.160622749,1225357.1744228238,1341111.5651966685,1273703.018892158,1771084.737461207,1197041.600261225,1504897.771538909,1392837.073737515,1229340.9033120351,986692.8167604858,1548067.3926125537,1518551.1962949545,1156779.8364588048,1192407.926200306,1532766.3903144835,1170540.9049983583,1203619.299201495,1272795.723872633,1514639.127520516,1628951.6992648472,1420698.2650871857,1436634.722061946,1225961.703775691,1350337.0401541681,1042151.8103192097,1682151.575515579,1471077.4212308931,1560568.8847395561
2029-09-01,1423554.8808052375,1099032.5539922016,1438289.9878708029,1863627.7703792835,1138775.5485082897,1653712.7399080102,1355228.3271936432,1233631.914269521,1151479.2019149538,1270767.1429367296,1222515.7813123674,1414417.8663397122,1402363.062562992,1433797.9418196057,1731091.9030306812,1391613.8973413275,1912687.0740914019,1175076.2132850336,1088694.8652164433,1513505.299615734,1625700.393668699,1128293.512287984,1921654.9905995517,1062767.3210535503,1257304.899107107,1424605.5839500737,1286356.4696789354,1429765.3758081684,1180011.5730636516,1641191.9377927163,1339700.9923212158,1166712.7892083973,1179321.6112674363,1488086.8146590397,1355024.2162351368,1146764.9924295198,1637359.711741444,1166679.4645557804,1205113.5074108804,1813723.2965993534,1782361.9642994585,1468171.5643531773,1173735.3803088798,1170315.0210124569,1407779.8804139893,1130070.9336160775,1398238.4346512794,1434225.97507088,1291080.6887566138,1546409.2128952222,1301510.7378096725,1404105.5741639687,1269371.4576423774,1519879.2393431086,1480572.9345260935,1371999.9303832615,1171605.041264687,1074627.301811207,1618628.1015423741,1553804.7974250843,1409122.4760267052,1474882.89490781,1345513.4629181423,1555140.5412850708,1250853.1231940312,1341487.9558759935,1436335.9026316898,1268039.8223913093,1145599.213939933,1341958.3056036166,1600480.248457132,944539.3964779086,1423835.7830896592,1218153.0485794947,1340593.0832290146,1276304.4052741695,1774474.2878450414,1217576.5579777537,1490541.2954530814,1402451.8027122533,1242537.0247714114,987809.604897968,1547988.846264297,1501152.5165883675,1157511.7720331657,1189275.8488172349,1541522.8813965046,1199255.7665517614,1205393.75398173,1260414.7905019992,1532820.4108102552,1648085.105580768,1434945.1209514928,1476080.1463375192,1213156.9311646833,1351707.196195699,1045916.2697576853,1712865.4699982903,1509315.3938067,1575466.2295870616
2029-10-01,1414447.5457404505,1085771.3113915082,1442376.621549683,1929232.6247793667,1148512.4961790629,1657105.1687382343,1340896.5985280983,1248600.708747249,1153158.7327900876,1276578.1209192607,1240558.4140490112,1449398.272074208,1394654.3428844858,1423747.378743965,1730537.8610362958,1404972.7180206631,1898834.4374819517,1172998.6201319366,1083444.7395572208,1540128.4904720723,1649828.9312488544,1141219.4366633862,1909409.4419271057,1054902.2352787922,1250685.1183977167,1426460.3358347917,1265396.188999835,1455459.194792251,1196362.1373602008,1654880.5885438754,1358827.9395323852,1173405.5608903915,1173282.865181019,1489609.0671433874,1376556.1098640417,1138821.75221443,1642538.589327702,1169818.469656569,1193273.030215585,1815369.134052952,1778068.267112253,1502392.518896661,1177346.1979539157,1192655.030895276,1426957.9177072023,1152247.3542418075,1392795.0945334125,1415217.4501199347,1321697.0573107263,1570135.7300236807,1316010.1893272025,1427998.7757489227,1261043.1469092993,1506371.1002106434,1469161.8431498446,1381695.1936450414,1179915.256049098,1076181.8214762348,1621120.3429312883,1557124.1805488823,1398533.7101149769,1465152.1738688485,1334239.5206250935,1547672.2397369987,1261756.240939957,1360280.743179146,1416238.1962440647,1288146.9331774048,1154275.8522466328,1333195.0616160745,1594924.0877938424,946060.7849371926,1429417.9799046041,1208570.8139356764,1331821.9201453372,1269569.8747577989,1782840.9992489123,1228696.9133241351,1461256.482459402,1411382.6663133118,1247986.6552098254,990462.3461137289,1541904.9945888845,1517238.1113619485,1163178.3076171773,1202035.3707812135,1550745.6461622065,1224735.9845518572,1212372.217177884,1270179.7341793983,1561888.242128178,1687381.2954202858,1441000.139904761,1498162.6154484034,1198587.393093408,1365415.809790784,1057119.9123698869,1726991.1074792356,1543103.3211502617,1569900.1435160479
2029-11-01,1393319.0231115667,1084642.960041908,1451193.572518782,1992575.0740628117,1151870.9276519862,1668252.8988990085,1307567.893547103,1256208.6161486611,1145936.8749018041,1291163.0904521071,1239725.6895926574,1456133.8628413603,1387865.4395995648,1396889.8316398154,1726384.6056357916,1407585.0951537022,1871600.1106542912,1168361.141664392,1066390.81769669,1548679.4549796707,1656120.8091132862,1146285.01781602,1887336.431828762,1033544.612553568,1241188.8115645945,1427403.4354588238,1252951.5280937776,1468482.3506692473,1202866.805221129,1635503.9588745385,1372468.8193840648,1170345.1427066624,1145964.1121430597,1471762.4738733226,1399411.6127297876,1115398.8070703612,1654832.3525999398,1167323.6847245956,1201095.9155123793,1822443.941976649,1751566.8822869533,1536280.4078042554,1194196.3512626188,1227979.9732713415,1426984.1726699744,1172893.4662463039,1397849.8884038073,1378365.691938046,1349654.4560689696,1593347.336119296,1312690.1207915863,1445016.297243467,1255232.2301333335,1503795.594696808,1452149.3700308742,1384912.4698616948,1194632.2161564976,1095880.6301446466,1617574.4172932117,1541354.9664834372,1372802.2949827553,1430498.465588846,1325732.9389876875,1543170.9218251065,1259481.9018768696,1381096.3081511287,1390238.6349802273,1295832.242718725,1168166.4277414016,1304121.7480773802,1584209.090773646,957052.4465991626,1426962.3728599765,1205022.000123963,1317436.1359834329,1256137.691498508,1776705.2897643538,1230438.6331120995,1443556.8926911156,1418129.018479643,1241889.8495533415,971289.8444624625,1537576.3494296654,1554102.5138019472,1161610.0975076214,1220208.0205977957,1539212.7415847182,1235396.268729317,1216014.0404920639,1274882.009827372,1561054.7292283273,1700680.4602588806,1459277.8648286918,1518976.291084442,1178759.2392260137,1377798.1711260676,1056728.2481645306,1743017.754454031,1547095.0619334502,1565392.718571762
2029-12-01,1385583.4742796144,1085256.6564929278,1453206.5569919948,2038372.5988997295,1143902.5459034708,1682503.1706227378,1284927.8364385474,1252296.4084121229,1149712.607569221,1307106.5765852276,1226385.816071157,1466621.540473718,1414021.1662600888,1385252.595914883,1701790.8774735276,1400256.385201397,1863108.0221813235,1177409.5871691175,1052996.6946313307,1545127.300530072,1667331.3157211938,1164354.9003832391,1873092.0595641162,1022314.7149421171,1232297.1479535974,1411847.6932080935,1246352.9035044115,1486852.6630605683,1214905.3264204382,1620328.275371734,1381845.88675486,1164336.9044901885,1146526.4487392653,1460753.1277851379,1419653.646009949,1091060.5435823675,1684591.6149605606,1163959.0338996926,1212153.4001792064,1820322.0522806318,1706358.572131184,1560884.818892342,1197755.8020398174,1270181.3681306702,1412865.401765386,1164018.5949405944,1429342.3584301816,1355630.6705387926,1377657.2819948005,1603727.996337737,1317025.092217251,1444776.5010407446,1262417.0295443481,1502724.4814912232,1433095.6004243346,1385007.9302553015,1209927.1324128814,1116529.8088250363,1613320.4387713221,1527401.5452535206,1374669.1435929807,1406875.6320743188,1329276.943507707,1546487.187722674,1259148.105643585,1392892.8455936296,1375586.8816858723,1308676.220595927,1175547.7682221215,1283415.1343153345,1571974.6603684232,956574.9768211655,1424068.5798578626,1196513.5312946467,1314958.1019023953,1266462.5169541733,1770461.710229455,1223922.5425383341,1441134.1039097947,1422380.9480883256,1221119.6436918671,964877.2392098744,1541651.9604016668,1571415.3426016974,1172918.1599157734,1222150.067697265,1524870.5868554194,1242135.9496992943,1190646.3201202878,1284839.3622792077,1569636.089892906,1717123.1738717738,1445935.1846495897,1538975.519530938,1173945.846548939,1383941.073182822,1063586.602985209,1720174.1613719699,1534849.232570421,1553700.5059448334
2030-01-01,1389637.540440607,1105979.2846000048,1453467.9133417176,2069848.1554092746,1156893.9704422005,1690726.7123150788,1285634.7924555794,1255039.3865329556,1153358.612411811,1315222.067951545,1235226.5182900524,1482693.1684814636,1444210.14918591,1393901.5082861406,1689220.061008866,1387180.9286991928,1855522.0274392052,1189707.7787528133,1048011.7455054076,1547743.68733965,1687860.078943155,1169213.366074647,1862383.6711232902,1010961.4249248296,1230780.9812728942,1434744.3194218013,1253211.2134556803,1497476.546328229,1220365.7521469982,1625608.9707834632,1406707.8584501913,1171110.8409804285,1148205.001496219,1448569.6230891112,1447910.2900665067,1097741.7631999233,1708509.2527953358,1171981.9221263384,1231257.4278851303,1832063.3674376342,1680379.4865575084,1580464.8231959485,1209654.664716581,1300763.7671408295,1413166.5216545993,1157593.985168711,1464751.1177118232,1346073.1019060337,1401520.355434201,1613958.0512033037,1349785.2261084872,1437087.786260384,1268525.215028916,1512308.9171891613,1423021.1183525275,1397359.5946861045,1207324.7563365179,1144666.3865885283,1636621.337823916,1503496.865218914,1371877.7550958698,1399129.5731793444,1347722.6197629985,1569701.6972859544,1246309.4789996175,1396318.510749977,1397170.8613341087,1314165.2059715553,1160736.1272253995,1272291.9512208647,1576176.7121441066,953982.9674284633,1412832.02882705,1198316.311334849,1321896.4967985153,1299983.1462072325,1782432.9360113523,1238663.5333389472,1461473.6406780821,1446359.852551085,1214056.329683927,963064.6360164162,1556650.722467744,1584338.2151398621,1185568.8873653007,1234269.223975524,1512627.293779486,1254356.6427640032,1183368.7634374886,1302235.9856344266,1593761.3481034734,1711454.4790686269,1461408.3380972922,1573909.084378123,1169334.1755667329,1407519.1510305933,1051520.918382558,1694542.56870473,1523982.8751218598,1547928.127191054
2030-02-01,1394213.0208180905,1120171.2598243202,1459943.697675168,2078197.6348552802,1170485.0513930412,1700823.6949480418,1325504.0596195273,1242389.1906754556,1168309.1056765995,1322836.9284513716,1261454.4193384585,1511677.964304963,1513336.275811013,1410876.0506830642,1675643.8515229048,1396031.7594242657,1869174.5627013638,1203541.368223469,1064790.533241944,1540031.4551260015,1724653.3364588916,1179099.955686127,1841814.7591523405,1004772.1486600037,1243486.3829079522,1459394.938667279,1262710.3789258287,1499853.905104722,1212617.748966174,1650405.4391111776,1427306.0477530956,1179604.3991278745,1174375.703843574,1453182.512385443,1474218.1261516276,1113624.5175604208,1747527.7837918422,1174550.1194651448,1243302.5499246442,1835177.1002453708,1687341.5160043337,1588303.7457074278,1222865.4782963651,1314822.1791632145,1411234.4802995953,1163157.9378802986,1477480.2720437846,1355859.999964869,1415182.7182704576,1621924.279356451,1403936.363107847,1434543.806036145,1277767.5586554755,1525765.1019930183,1430250.0463885437,1412301.9944635034,1217106.4315630784,1163786.6214280461,1669772.8594320945,1510042.8801157144,1385019.386549262,1407020.813966249,1374868.9036694383,1588996.6321342199,1245278.513282795,1401952.943699492,1431890.0425547122,1327997.916460591,1155365.431282509,1272972.318251219,1592258.9579842978,958790.3867205295,1411964.770066482,1195480.2394801339,1340913.1575021872,1345701.1809369582,1815383.2053001274,1258163.765849681,1496876.9374828048,1495170.902462371,1214729.6418354046,960560.7986857545,1579813.4582400646,1608812.3416419693,1208687.6958542906,1254110.228425874,1524760.738248551,1271679.1671427283,1193879.1802540564,1311517.8168223482,1615006.5900751,1709120.1928190344,1476656.367343214,1619071.008155987,1193789.4669304846,1422488.8303269304,1064401.1892078915,1710179.846491951,1546684.7139125252,1547418.4919535576
2030-03-01,1397353.25071852,1129386.0731882008,1478998.8068699292,2072818.9356996284,1189573.640979559,1700317.0176176415,1345818.3364424414,1228273.321717248,1181643.6104973403,1326124.50299397,1297060.066147164,1529733.0077342093,1566869.2390574608,1406683.3254628368,1680307.0935064736,1405697.9557261872,1883094.1656499149,1227677.5963913358,1072652.4890909821,1532204.471202014,1770985.4909973256,1182703.056278178,1816217.2258198687,1006600.1510389475,1242705.9254001684,1476869.680550824,1282199.062469364,1496206.0487921608,1193942.1711817973,1637057.5087127665,1438380.0042781897,1198868.4590145089,1190947.109696732,1444705.6883591434,1501995.8811114784,1135383.7277138396,1763811.3999090737,1204303.4703763647,1249975.8026786838,1839827.394148519,1705474.8923486762,1605302.2523579004,1233379.4174488753,1320181.7336256746,1387230.6321707251,1158396.2798781877,1473357.5759282114,1366883.4525193633,1402959.2062020188,1629312.2306956456,1425883.1423983825,1433195.0049272757,1264384.497370971,1537171.2060089733,1449011.445574691,1427968.9678986059,1201276.3089278927,1172832.3063605647,1675251.6947180505,1495236.637522453,1386586.8355451191,1399681.3221902414,1378757.7712283188,1595279.597196115,1229756.7425649234,1377768.4913481823,1448176.8621221476,1326064.5487132433,1156672.1737204979,1280875.173336058,1602795.6754285342,970030.3663873002,1399825.0247277971,1201930.8392702215,1350897.9816752356,1356543.1490898365,1827639.2212809627,1276944.6796661858,1514058.373095983,1522415.5395796304,1220546.6015151346,955804.3146150861,1590028.9356004694,1610047.6474840313,1233352.9447848157,1274732.3639538346,1549921.965920326,1289309.2250870976,1226605.0382975854,1302271.3471411292,1634976.2962682215,1707797.983498597,1483707.682515347,1652348.5584184239,1217021.9922323474,1456415.4546032783,1067094.2480465656,1730719.0621188914,1555458.8945190627,1560688.5618393396
2030-04-01,1403730.5304115876,1132596.8078262024,1497062.7503796627,2078376.527766966,1191639.6172084094,1708407.0874679151,1357294.4093894246,1217634.18427293,1188932.4952557015,1320176.905032186,1332402.2373244956,1555802.7695078158,1612416.6631024666,1418031.4542572391,1695295.6939091256,1416999.2287055815,1902634.9374435015,1256331.9907003613,1087671.5175614196,1554261.0409232045,1810576.4397825354,1172642.744887422,1816347.2709264623,1010485.9137693399,1258225.9146299022,1482314.2596495291,1309865.74758808,1497970.2590622127,1183559.0374607719,1618344.6114929973,1438347.4169588063,1211742.6807956235,1219476.234875614,1429048.9714680214,1548329.6865192663,1155573.1907069583,1783725.529071058,1249310.1023947678,1264478.8847232047,1849955.946004439,1717838.1618602204,1639295.7226454504,1246827.1700379145,1333411.611855431,1388349.0869355614,1178316.0037795836,1454455.4840809447,1376486.8568409202,1396496.3559851486,1650752.3924810628,1444736.6298390455,1446805.30414791,1280450.1110944573,1567070.6865145043,1467171.9739680144,1450708.104858499,1201396.6250396017,1190321.0491483104,1651870.8953740608,1503456.0576794045,1390322.9349602554,1395272.6372554163,1380526.6459569202,1623061.534972589,1236915.7616516056,1372729.667939758,1447305.7035145222,1337885.3761234898,1165804.9601084355,1298605.8480691705,1592693.90440543,990092.7901962547,1402486.2294505136,1193391.428569069,1349584.4232033389,1368403.849705025,1854185.0969560198,1307886.2393216055,1523798.5278370683,1554909.6548611058,1222995.1423576511,955104.1600014601,1591903.086844687,1633134.730665552,1246655.3606911418,1294678.658349044,1570755.875883485,1285736.8986836353,1252707.427178044,1307035.9706602301,1641760.8585219702,1750295.679894688,1488441.6990597418,1696892.455301074,1233589.5480911715,1477605.0767409373,1066574.2012832928,1772607.2577217878,1541263.0107424234,1583008.8978424014
2030-05-01,1424244.4956327374,1153827.1513370236,1506398.239071303,2082298.043612414,1203326.5859706127,1707289.343588543,1361014.3068630192,1222995.6629161774,1199144.2704134146,1313004.42153964,1378540.8117060163,1572220.7450357699,1645995.9956163093,1416541.239749117,1731737.591023843,1400615.0832592442,1923586.3950255637,1288717.9530150068,1111236.130395436,1586945.444176311,1816266.9558042674,1173445.7018429206,1840199.2665725013,1013203.9449494466,1268135.6593983758,1498517.389253427,1334017.854680642,1497779.882230372,1174980.026523145,1626437.3476063092,1447596.7472550771,1210842.4792475954,1223728.4581965469,1400742.4048020446,1589199.7560737943,1167552.2081411993,1799638.4659781114,1301152.3721473676,1270556.7537680862,1855296.089001872,1698246.2328584532,1664427.0151601473,1252795.0167619686,1357626.2458214792,1405052.7183322355,1191795.646023549,1474199.5987638475,1383149.4575527827,1401478.4508519408,1660516.5856771844,1424046.1114276664,1463997.6799832827,1297135.7600658715,1606954.6077009742,1493566.5630340734,1481139.4282309315,1210143.738057972,1204989.5259678366,1626089.8330405762,1475664.3830434463,1388217.1471860744,1410362.780181566,1371497.2800927681,1643136.8115944492,1234931.8685338974,1395913.3025989889,1465402.7496972142,1348054.8498722469,1187498.3347939125,1310435.4367875475,1589521.2635006413,1004139.4120032776,1397435.3676061754,1203421.1682575683,1356826.0890959722,1369723.8251551462,1877610.9825169116,1326670.7443715723,1553987.7567348669,1553098.2956175266,1229905.2842245155,949757.4364788731,1593055.5069641708,1652847.8981778594,1251949.2633004703,1278240.229408592,1609019.6020359867,1278606.0863970728,1260573.9238882477,1319241.1584898755,1647652.8004770817,1817028.034663992,1498569.1283639842,1750311.1553636082,1259244.5180791838,1495481.899927364,1066842.0811964187,1789659.4111021669,1539466.1274269116,1599882.8728392562
2030-06-01,1443302.8290273468,1169596.818941878,1508707.8684331842,2078139.1150291085,1201496.1505467999,1701352.1125406337,1352203.8721054678,1208205.1479003385,1192544.529331306,1294816.0583828485,1403587.4030420748,1575900.0467922846,1681469.1659214455,1407381.1208838949,1776024.1451075785,1392500.6431679446,1941517.3389690465,1316216.6879649123,1116186.8968760474,1618639.5770271025,1808976.811253187,1172022.76858619,1859945.9755732056,1010655.2023608373,1274955.7998274867,1508072.19861992,1333859.9029601193,1506973.5711152782,1159243.1944713367,1615309.7457532377,1455502.7556613458,1221011.0879718224,1230907.071322587,1379510.223332096,1594269.7672786135,1158693.6700701993,1844271.9613466081,1315702.6866695753,1268921.6392071885,1834491.7112004797,1684987.3736110195,1686143.9477538762,1275536.9714182967,1375199.5338865493,1450965.6360632998,1196608.9131756073,1468628.4023678117,1375489.7485304817,1407457.413862719,1675090.0290389096,1393208.2915859728,1462805.2093770518,1312983.7474471584,1613985.2519795543,1504833.5037779585,1507170.8350762818,1196224.180805864,1217659.934180799,1610481.8480912715,1473328.9820909607,1401809.9672426144,1420776.4105858114,1368344.5409179183,1672895.560327027,1257197.3337634867,1430002.3619718924,1467499.0787981928,1370352.361849377,1179255.5730552927,1314080.5957451873,1563699.9470052968,1015110.5654630683,1406511.0883257622,1211278.679613611,1357571.094909506,1358528.0110015653,1878873.4256083777,1328014.302654955,1583043.5897046255,1549845.8123639,1233294.110812768,950926.7863805547,1585277.6162706832,1666243.244132735,1243911.132085787,1244943.6683571537,1619269.525045551,1260914.817091779,1241961.7805317556,1310359.5802728175,1638583.8948077247,1870816.1382551412,1501120.8327773286,1810317.845630254,1262656.6996939066,1500364.3327126368,1078856.0520865337,1796009.6188693708,1508108.453164949,1615890.4473505802
2030-07-01,1451313.6529706614,1178456.3593978395,1542874.7401745063,2063546.1094790096,1189352.9034746464,1713208.074040806,1342038.26520014,1198201.6826081236,1186299.6521905204,1255652.731610609,1401635.3730326944,1557985.4208027143,1714311.587938256,1396035.667911964,1805551.8658741135,1380708.0517508064,1956158.5164239472,1334782.3904261645,1118543.4949280382,1624044.6068397134,1812670.0222481077,1167208.9770848264,1896516.2213157162,996312.8733028537,1262820.242062617,1533189.7207312635,1322652.9709579747,1507400.8679033027,1141357.832734801,1619891.4528939608,1456597.8838547128,1231396.943763366,1234081.1705285325,1369196.7941699433,1573166.6615133146,1157247.040990082,1882333.185064645,1320128.490779726,1260487.6648526134,1832620.3501656898,1669229.1406560196,1689084.340151794,1293709.2466664654,1370861.4812092506,1488031.857731443,1198553.2467052531,1463582.2226200346,1370307.383442928,1426922.687865333,1682724.947042843,1363186.8173442313,1460693.8431627122,1326337.6420281576,1605529.3787172858,1528018.4661704395,1534158.2657818766,1197058.1958208396,1218562.3371342015,1588665.7333156473,1473842.3471725332,1441151.3427920055,1406956.0964315794,1363919.0942840106,1673187.3358893623,1273817.9220259534,1460196.3928004527,1456555.1378652046,1369718.0465550493,1179180.3218997237,1329556.8359748686,1545079.1080759258,1008011.8611940776,1412302.0789445257,1216597.5009474484,1366633.3258096236,1343935.7079561318,1852376.0398344784,1314491.3891264035,1605018.3889150547,1532273.6682990575,1236264.122642612,941869.1202903797,1580174.8868786558,1663875.3620501175,1209742.612348415,1198728.0783452368,1607598.966239382,1245535.6290956456,1212617.8394371641,1307871.5028388305,1630542.240309773,1910134.0139271477,1503537.0186097305,1837269.5481891332,1262379.8674945394,1507836.3880692641,1078847.9631910322,1770583.4188493036,1472337.8302160762,1631042.3116590825
2030-08-01,1435202.6930878542,1172166.1828437715,1585318.003784655,2054123.7514028132,1168099.7055959404,1713469.9942383734,1339106.767298445,1186038.960101731,1196470.6055443909,1250529.8569099929,1393187.1330649043,1559900.21475531,1740668.6690219229,1381853.1347488784,1836005.5172731888,1384887.6506993268,1954222.211202835,1357178.3722573114,1114785.8650195024,1622465.7151701879,1834239.8478489143,1144924.4465532126,1927577.9848135214,985136.4459571968,1237965.477261351,1549811.753558003,1307078.3479699607,1500054.2654641876,1133263.4202228384,1619276.9566850052,1434504.2720909615,1246316.7378940796,1236096.2371438285,1369498.2297293104,1559945.5028842029,1163013.77626522,1900049.4416832225,1321395.6712416427,1248205.2539316535,1825802.5941243405,1644990.153712375,1699372.214198797,1313526.7277586542,1360303.8036649034,1502531.7841034033,1188882.816337177,1471062.0586200308,1348731.992368867,1450519.9317540396,1692477.5122641404,1363983.8370871996,1441112.358690958,1352504.6673430558,1583451.9064989407,1531052.4417808738,1554710.8535138608,1186590.4897176593,1207835.8372444508,1578569.0272129194,1484493.5919581905,1490672.7111531356,1400832.6618162459,1358810.9111452098,1671345.828025258,1303091.7101841127,1475613.2173249924,1458806.5212841765,1354169.1290510579,1172991.0031553553,1331266.2383135161,1531298.9315674973,1007479.9932711796,1410169.1969748617,1211255.7987624204,1370309.045510852,1334928.4374870537,1831474.9431944708,1317117.6365142616,1624565.188193324,1519007.071717263,1227147.4416807005,937291.4369454515,1595399.7418092492,1660049.5252013232,1196237.7429597075,1182875.2058027408,1602359.8660635648,1233510.3691515354,1210677.082410651,1311382.8731404957,1636671.0673133968,1943040.0018821163,1493677.580379339,1869128.4975596222,1271447.7846882478,1497556.2928436743,1089765.665149999,1755351.7241135628,1460919.689914829,1632004.6973674705
2030-09-01,1435886.1360862032,1181324.2218073797,1612812.3903823423,2046625.4240896537,1181099.6321570268,1755454.5434158947,1323496.3204789762,1177000.5210159423,1213968.7089508725,1248914.3600043193,1383032.8640160179,1557507.7525614586,1748224.9379825694,1407467.1289374777,1834911.7828296334,1415302.5723193276,1953630.9382494432,1388976.0064063133,1127639.576644769,1633631.5763509816,1849626.5710164306,1145662.7111781535,1958232.945212226,980102.7584876491,1216312.6836705985,1577119.5707234875,1311971.0963913193,1517747.6146892896,1136376.909007502,1639948.5730089454,1414243.015470743,1260531.3138769474,1240674.7536804185,1389219.9908100115,1563444.9504825706,1180206.8946681903,1882811.13619131,1325400.4140940777,1256830.9792402703,1861726.2687774012,1634481.8542627045,1692875.351862314,1321794.8910301886,1363474.1862126433,1489841.526673224,1187574.1517911684,1476172.664599422,1337347.1939166202,1469066.297269327,1707962.1089048304,1368382.5365666996,1454109.8435376387,1388279.248764531,1589887.7460629563,1528854.4829853645,1579525.238803166,1192518.9015264877,1199649.45969041,1573698.3151022233,1477875.2696662734,1538050.5402562225,1419283.0263487748,1356923.6515103413,1676293.9002096422,1301264.8908072214,1484353.3658524759,1464537.5363753224,1338314.3298701064,1183690.7027656438,1340334.5202469912,1512337.6830750334,1011023.8639199926,1405850.5925838745,1221337.0494702074,1359965.0532025648,1321000.135634287,1828291.6192362602,1340586.7969915597,1666578.608869422,1510676.9474194183,1231859.9216738662,947656.9634875221,1626669.8474992567,1697206.3871609468,1189884.3423579182,1183883.7155249245,1601099.6056731883,1232920.9795661236,1227572.0056599115,1309884.4033723099,1637016.2189212309,1970193.056681255,1483450.018210225,1886310.969322911,1281813.9101794101,1496740.405179368,1102090.2433453025,1752632.6319296472,1456214.4176532913,1650843.1225478058
2030-10-01,1430101.4066623426,1200423.5503801352,1616587.9336687007,2045157.9159853696,1190097.8005693774,1787003.7555339583,1321418.702385405,1162275.736112662,1241097.2485741093,1253817.5164630562,1382373.7560118958,1531726.1266907316,1743338.4631298739,1443610.626740152,1838943.4619273292,1456259.5626259854,1923991.9664148071,1430023.2145083451,1126082.333969652,1658198.4586559173,1878507.1705895807,1132939.85687857,1979690.335697102,979043.7798463157,1207189.4254337575,1583160.8643055724,1313975.887340605,1531807.2327379084,1136274.4530922996,1655603.027384297,1381917.9898962055,1263886.5614144646,1240638.6253007532,1407633.5283911095,1569217.8095211473,1192910.860295789,1859052.2324980174,1337514.451158208,1260485.4374202457,1858926.0702615762,1624011.0445422346,1699411.5036500287,1326795.9967824055,1360816.7929217983,1466126.063477564,1174600.0971735355,1480076.9543252732,1322737.720180253,1469879.2797343894,1744817.0305879312,1376767.4268571143,1473408.661563923,1415826.0816415325,1608241.756163021,1550722.8437380877,1596798.5920782739,1189607.080699854,1197944.2838365152,1571005.9107888662,1454633.952770051,1563083.5979377865,1439426.705131778,1356025.2066665154,1686486.6762589,1296432.8920313441,1471598.0488613844,1490337.134437144,1332587.0728280193,1174871.0105277107,1333884.7236430042,1507514.550034345,1020882.5566913169,1401216.738951705,1247699.867948766,1366849.3274906522,1321990.9310028148,1824151.0108718665,1370823.7202264606,1696150.1449631623,1491950.373089319,1237956.4950533821,950820.5612967843,1651547.634685644,1703628.1218870408,1194657.8450367874,1220626.2628850967,1619529.3263280033,1245128.69300941,1250424.44136616,1311652.056609651,1639765.2409292427,1981719.8611455222,1487942.4146102804,1907889.5556954164,1285093.2478792768,1505143.4560928387,1110186.3879112853,1733975.2867512973,1461881.9379227776,1682011.1013646126
2030-11-01,1436630.8300389082,1224577.2246956443,1591823.5421032652,2040881.0553710659,1181810.1333468321,1788988.3039262416,1305868.8156742076,1150022.7363027562,1244022.358685645,1243222.5359140811,1383331.1865446072,1517375.273495009,1739068.73198374,1474977.8424978873,1852415.2886280194,1490818.9042140397,1906874.1780666013,1457350.0736211417,1116579.929260584,1684108.2219009576,1908136.7634203036,1127879.1108575992,1965564.3210073086,980383.4441844017,1219634.3576849522,1574448.6520662683,1313995.3976652273,1541953.0421672636,1141973.9793286377,1671524.909657336,1364988.984882716,1264897.9720424989,1247381.848997711,1432436.733375675,1561056.8710825369,1202828.847165388,1828637.3613160246,1347835.3040459172,1271371.4659420366,1843417.673812597,1618496.5984630422,1693137.117964153,1337997.7790215898,1365904.9874289604,1436571.0935710159,1150152.1949879813,1472168.0705136925,1300173.5669813862,1461902.1571822516,1772290.483874059,1375613.0296430632,1498788.3135730922,1431654.8940214217,1619590.1725496077,1571454.6952811044,1613836.619792234,1188093.271063584,1210571.4192260997,1562308.5674603079,1429155.3783817876,1560540.9469012818,1439911.6379179403,1360821.9158903018,1707018.8701376794,1278885.0458417546,1473544.3715161239,1506059.700632753,1320673.3172123302,1165384.661792102,1330764.776203638,1478934.848896093,1034770.5309302568,1403292.2185152543,1273262.312862484,1373486.6576826605,1323256.2329328512,1822307.2523404602,1380848.162050842,1730948.925607779,1471698.8037701608,1231386.1765861118,948472.028868901,1684192.3893329108,1684435.0398410952,1195262.7661590707,1240873.0870502617,1622656.068227804,1242483.3896760875,1253907.4769665801,1324616.026779986,1623169.7517241628,1987922.8941009084,1503202.6265978282,1911536.5488142355,1284348.632182602,1512315.8239748848,1110325.0140830793,1713248.5313097276,1456179.0050816373,1718600.6302248684
2030-12-01,1443241.433815056,1242490.0721429922,1582579.000394834,2040249.7672772112,1176953.9419647928,1781986.1982093405,1307804.574256816,1149284.520920077,1230409.5909401705,1223912.4649821934,1391202.0927824208,1512371.2234884375,1756747.5411138732,1485138.2268594746,1853195.4102316953,1488305.3266570175,1923755.1991039421,1475370.1400760475,1100308.9308480958,1681577.4173579183,1921769.2027839986,1114508.3490546094,1969703.3300147157,988425.8434127955,1246995.5558545075,1575461.7687761227,1306315.7788757903,1529311.3608657613,1148205.5396646468,1675681.3075563975,1374578.3307991582,1253721.7469161074,1260097.6156928728,1436988.7404283541,1571058.5524336419,1207723.2584742294,1830946.0447626198,1372514.4385227545,1277153.141741237,1783864.1728118905,1595070.5713010842,1711269.8315555681,1343877.2689175054,1374778.0542939939,1430627.3360726184,1125589.2221142142,1475015.4285010488,1283503.0566140583,1446187.4563530905,1811118.5135913314,1382619.776201778,1504950.837175386,1442447.719512051,1631767.243559414,1597950.0049350138,1600306.605021178,1178165.3757883848,1232316.967278282,1576159.7891613445,1421970.1745856036,1541480.869297547,1445184.1511449118,1367185.585818287,1712821.851339653,1289193.8120401376,1479575.8306866453,1513672.323028775,1308262.139423788,1164537.567702198,1335722.0450368873,1487123.295971974,1037678.6038453421,1419404.937289907,1303582.5337804041,1377714.803273683,1330266.1285552129,1812529.5555297602,1379960.5428076957,1752140.2584744014,1485222.4683009086,1217261.0618136863,948196.6150236893,1715051.954518839,1661585.3092389873,1194156.2597528752,1243079.3811875551,1621375.335618879,1234570.6732012774,1252581.6248952774,1351444.8354006847,1621815.4485023194,2011359.3044422609,1508087.6248385177,1930266.6766710903,1303109.2037308929,1512259.8964289322,1111050.0238907926,1684717.5523045603,1470979.712836324,1717554.5608350157
2031-01-01,1445105.9697245162,1268109.2265441096,1605187.1638419032,2074323.8288748194,1169415.6642665484,1768636.8947321358,1299436.6104972074,1160695.632008528,1216784.5837179504,1220773.6770383446,1388151.2460494738,1524462.3123358903,1776883.609476251,1485375.8363475974,1863470.2699350244,1502872.5553775122,1980525.1834763396,1494395.4132331326,1102646.3675389255,1699621.1573560971,1952526.6931332352,1107853.103639406,1976215.87282693,991528.3470243571,1300403.189607388,1583814.3080299366,1312977.5455395677,1519506.7609650204,1164978.4981911364,1696594.2193244486,1401701.9370460913,1257541.432695005,1281000.850436661,1450390.5552811075,1597560.0667363752,1208962.4891135537,1857772.7571161338,1386883.2702205586,1305683.638701483,1762416.0070821967,1576769.0279963324,1742447.471991096,1347826.752268708,1401976.3487805603,1450789.43123838,1122262.7913749383,1472766.1697610263,1280902.39600704,1428812.6274827095,1839169.7411866477,1407210.2768830783,1520506.8960319448,1458935.4385253678,1653862.9385083702,1609129.8455081556,1596145.9700857147,1191342.684367054,1244294.3824292577,1594251.494294707,1439952.945279792,1545051.1063148815,1467354.7508550952,1371688.313397616,1734221.1668135764,1316522.0227869775,1514751.1971105507,1510568.1049099236,1311081.363845769,1166194.8983074417,1348391.6127204946,1510127.3658225338,1050018.1979478188,1439781.1700356714,1327026.329685795,1377011.8373796497,1347632.8033513315,1834570.49370945,1403205.2039931829,1760672.64215553,1517618.7948049777,1223544.0926447918,942741.9602939695,1743090.5081554719,1683285.4374739737,1194947.596431304,1236850.3623808618,1660355.488929728,1231610.6156850064,1260273.1733352414,1382344.2167922545,1624703.6862634767,2055199.6729252094,1523234.1406728127,1912426.1808308396,1330376.060539669,1515728.6538237398,1116895.6891707354,1667633.3310582084,1494856.8181399081,1727189.7727636287
2031-02-01,1449350.1497888828,1302081.8147761675,1651790.9212003164,2119795.991848428,1175009.6372490362,1803492.5618533404,1295067.071210343,1186582.2341786218,1232565.123334857,1231746.7713947291,1387635.0655552691,1529410.3300076174,1790023.0573681877,1509582.3992597025,1905532.863923517,1517161.2600161734,2055345.336964375,1515795.2814011646,1106146.788387529,1703110.191852269,1963342.9537506432,1108583.0100502556,2009238.9021427722,1003059.1016557862,1358898.1601791403,1603660.8149179728,1332581.2035686744,1542744.6503500594,1173488.4512123538,1721185.1088428944,1434702.2411416841,1282159.4157115184,1297070.328264164,1486238.5315997615,1620140.17428875,1208926.5848055505,1919878.8618259735,1399712.4083383884,1329568.610046006,1761663.6722918968,1573957.3935289,1774894.43614205,1357340.6228370282,1423039.5679404482,1488861.4278388356,1142087.8591695258,1449988.9869863833,1286935.1200253223,1427304.4415098024,1865102.8411745846,1422244.4326253424,1544268.7352690476,1468469.2385037076,1685622.6809618608,1637235.0098338763,1592762.7059718801,1210801.6078564278,1250906.3513199212,1620258.4969562604,1479144.8983874004,1567064.5492623085,1474067.2507493156,1385028.2227453713,1742804.1275858397,1348879.4269110912,1546646.7141482607,1495262.1107022676,1323695.2023454201,1156973.9884343732,1375797.1239268298,1534533.760727121,1064576.0808745173,1476461.9723888037,1346356.7959955113,1394605.3845919112,1369609.0882746088,1860682.4291216487,1430182.0338121653,1756224.1513829108,1570812.8728213203,1227165.3808925974,946048.2228067248,1775290.8577959351,1704841.456961746,1197998.8110220507,1243113.7945795688,1719925.8663552795,1219480.0252216104,1275273.7270550071,1408132.973532046,1649524.566441292,2103439.2342126705,1541366.147267098,1905537.4252584393,1369588.8155872556,1546642.2751653693,1127248.3252409918,1678716.7806029844,1546409.913866454,1750686.3496182198
2031-03-01,1459012.5102825535,1321099.6204244876,1684538.3957574056,2165288.943899382,1178830.5141064844,1840316.5950672668,1312090.467957299,1205238.343889834,1239416.5528443563,1236353.925943141,1390325.1039516216,1526254.4080857695,1810540.6870400433,1525878.4485300605,1942719.7260455377,1525894.4640128557,2095896.7259809668,1530734.9161824654,1101546.237506401,1702808.2622488083,1961013.8546238197,1131255.0010299308,2014528.6217003758,1010496.7315988647,1397478.3797864842,1599570.6598369444,1342835.207018581,1541660.290781476,1186493.2116698083,1728123.975854863,1437417.3459905956,1326365.063900832,1291095.141876067,1498936.067783781,1641275.7294799497,1206909.7033530748,1946155.9911873878,1410560.3913157256,1350224.6057554793,1777765.4091001297,1566211.6418796657,1780146.02612845,1379847.795768172,1428494.3232287406,1509922.3490891499,1168060.890014046,1440249.7226576935,1294821.4072361065,1427924.5291928342,1869262.0125814094,1430442.1558917505,1544712.2482022934,1491206.7614545608,1714765.6853605988,1653577.6520362315,1586764.4468225338,1217750.150791932,1244633.2261644173,1616967.2349187797,1511359.386614177,1571146.1296248122,1470917.2318057178,1389313.0298772315,1726737.9282546712,1358828.6898864845,1560292.6530880139,1495594.7298900783,1318665.0789867693,1156099.2335529397,1390721.470968215,1521078.8589634208,1069015.3036896237,1498602.0025684594,1346294.8940529427,1413935.8266066092,1374840.0339289955,1852898.8145962826,1437337.2768070134,1746351.3233312794,1587582.172449276,1231426.833369734,944578.685133429,1785798.82393713,1716652.1202952033,1182661.2875117643,1258889.4582845343,1761197.448693944,1238743.7854544825,1296446.1593518262,1427023.165537886,1643151.2137368962,2133743.5968025792,1556287.3836737864,1883648.0922111603,1382475.2045245029,1551996.5753164329,1126068.600729955,1686967.5432317017,1571720.9669524531,1774242.3168221416
2031-04-01,1474216.0355731028,1323215.9442635714,1724522.2802630104,2176589.425925437,1194939.103926232,1891607.4168881108,1333415.5862645777,1233640.5624856227,1271571.8898117025,1237926.5255055067,1391073.76094717,1538479.065881931,1841324.6152533074,1545869.3789439974,1978645.0810931178,1551495.4160047953,2112347.1320822802,1536958.6028404734,1086580.2019624226,1704775.5344115223,1970260.5879235617,1155610.6142300665,1999499.0737365126,1010686.3129528008,1440476.2489337884,1623534.079735375,1361272.4753603025,1551037.952404063,1188822.925333732,1732315.1442078887,1453926.7840373788,1367603.5839035215,1307150.4140239824,1501661.5711330199,1670310.8777585211,1216619.0974997326,1957661.861187886,1430756.8953652233,1369677.6397940677,1796674.8845889014,1555152.5246552483,1782124.9722442771,1403000.5302779628,1424357.4900879331,1515016.901994466,1183819.5061186806,1445866.0513282379,1317118.8419068146,1430228.6111768761,1890202.5959767327,1442575.382359829,1549314.6830601948,1521393.9814441868,1738395.03424798,1685423.6428709414,1577160.1805177294,1239672.0584586638,1251978.179966649,1638721.8232720203,1534450.931431383,1553161.079525521,1482355.8656845659,1413446.6181003768,1712566.6600451595,1367090.1059285349,1575334.1757531103,1490922.8390919631,1332059.2381881704,1156211.557861742,1396890.7227197578,1502176.4818110727,1075288.2078470981,1503218.7611710199,1356109.007699906,1434257.0533453878,1393558.1482369418,1849106.9323859604,1446620.3083645985,1754286.6203047545,1617452.3158251245,1225165.5805912656,952878.0304705135,1790833.4783672744,1744383.2814842192,1187514.1286858574,1256948.4150339204,1774507.3804600462,1239344.3496062357,1313487.109670494,1438780.8936526394,1635811.427238798,2147184.7080652113,1573186.0322165596,1879956.3664331706,1397018.7018247917,1583118.7268649698,1130576.6376924964,1701322.5708849442,1604019.0024901745,1802468.1548121495
2031-05-01,1513771.2151444023,1334326.0017629382,1737515.5144683293,2185932.014833669,1214196.9783034287,1916576.654973024,1351143.6335410618,1246679.0012018653,1293649.472965308,1245567.2732218124,1390913.1148051042,1551319.1618750219,1880359.0111369265,1560272.3347314335,1995813.3201735297,1566049.7463569464,2129357.354057146,1530156.3543648948,1081157.0571369613,1709244.2742844012,1986479.7003379867,1182039.3208482456,1991104.3446245503,1008817.7782754,1480026.698959668,1638713.8579973343,1383733.17257944,1550058.5282136716,1188128.6821229644,1766418.8204343612,1488578.17364346,1382527.239686101,1312879.6394399921,1499008.8382671264,1694184.4199800745,1231912.04971726,1944771.6903054626,1460235.5407028692,1391841.5889461127,1804713.8139244663,1558003.5196674634,1770899.7749204133,1432029.254223648,1421171.319122859,1535462.691119808,1189865.7048382564,1461996.877395941,1350736.03210524,1434273.6117610643,1898515.376673107,1446894.3882795211,1577537.9616069023,1558578.6940427625,1787700.64305927,1732595.0145599786,1570108.3914493215,1257978.7668504335,1250131.9385432804,1634569.2597422218,1542767.5098821316,1545757.1074545938,1488118.569401083,1453601.8756695983,1723987.3444639156,1369607.8702023965,1597223.8249285668,1473983.9913445723,1322744.5647165717,1175286.5771142892,1392490.5021156536,1471390.3677568994,1086000.2498857717,1527995.4178639797,1363179.8116090249,1450841.311174064,1397538.2930325938,1869134.5439611992,1454493.352058833,1757442.6299162146,1649732.725667136,1228654.1283999216,954073.2507516888,1814309.5293468523,1785418.4794767925,1185917.6887783816,1256164.8689048225,1764076.7825389896,1253217.516022634,1325628.6997633623,1447966.7324862871,1647791.044795408,2158707.4811854567,1569040.2747236162,1862417.6634448068,1406617.6135664312,1610535.9224745198,1136552.2450310132,1726046.7697948362,1635277.129177277,1828547.2828904297
2031-06-01,1528367.09503667,1333648.6584591323,1738203.6196913605,2215368.8245186373,1214860.0658173787,1914205.5322741566,1352142.5280437483,1258102.736701071,1310953.730218996,1235819.4202964415,1393011.7226713388,1550416.1507398773,1915585.1826409611,1573371.80712941,2025551.5023049763,1555448.7088169141,2141872.2759779543,1518287.657829769,1078177.4561832133,1702633.5003793964,2013381.7968136945,1189031.4597747116,1996183.303663496,1014733.7061517993,1510827.1101795817,1640580.7868739455,1407040.941464472,1526346.7128824985,1190820.6817835036,1801331.2051980214,1503240.830355551,1379137.1868681393,1331111.978776247,1481354.220076606,1716660.5046695583,1256564.0854935667,1928154.3122453042,1474232.3082161502,1412388.9015812476,1798014.2116225255,1546454.8811444053,1758002.8843004392,1450362.427772795,1441049.6224171326,1548805.0325408923,1196473.379910396,1452583.7767712069,1373646.8539249522,1438701.2031829176,1895124.1245343362,1425421.0021558483,1572815.3591944142,1582501.492218393,1811245.6869373778,1747473.015245968,1558477.3448610068,1262847.8120341077,1256280.1648217053,1633117.1694789252,1547716.1097415984,1528954.2029643876,1501550.8176349245,1490317.2912934944,1730736.1517334117,1366029.2724489155,1609133.4644728706,1456544.6342090578,1312741.7408047926,1175658.2136040719,1384859.6554919223,1436662.0772795372,1078842.635752803,1549471.0116718228,1357125.2599653064,1454980.7476132705,1390572.6177103017,1901453.6336326639,1468272.2069556762,1782377.1041580546,1663147.848768235,1221376.9719890137,971465.0471739463,1822754.0586981303,1805172.9366010756,1196838.1001957553,1252410.198419237,1747273.4191759329,1268095.2069871658,1333351.0919829835,1449091.4842194002,1649132.1190735067,2181201.9437745647,1576906.5620867542,1840125.9643182864,1416017.460027753,1608641.9354405114,1156903.6940385087,1734894.2602515053,1649827.4880319717,1842266.9254712407
2031-07-01,1535167.6367521866,1340712.113035067,1724699.7567288398,2234328.505528979,1210672.1635762283,1897370.7254321538,1344360.443778413,1253696.8212470263,1310507.6090958188,1224201.466692046,1377971.0717287287,1529731.5411347272,1963083.476761673,1568435.3489613151,2016576.7681104091,1524754.3116711464,2172773.132640214,1487587.89244173,1076499.524541827,1710070.1138833251,2031866.385518744,1196076.685496194,2006242.1611623624,1014893.2494319004,1517644.6138454585,1614170.4010341456,1420215.5453325969,1495477.0362275157,1199237.3880725568,1842335.9691242876,1510032.0588603276,1341101.9591292697,1335126.2007115248,1487568.992652189,1711473.1015298085,1266015.7017501483,1942030.1640991764,1506704.4127891895,1440420.256222868,1792098.4917454915,1534124.9019253885,1746400.338039923,1470727.223375391,1461660.1549290277,1531032.431976898,1200144.5254387895,1451317.5604076409,1381874.383494538,1431992.542514176,1889218.1160254446,1394184.3166346385,1573842.3813352839,1592940.7090197748,1832235.168630108,1771828.2442417685,1550957.012941043,1248625.0734222808,1247770.9747960079,1620861.3052186784,1541207.338708674,1525507.3201576618,1501068.7972731967,1508468.0591873098,1744669.9421339694,1356473.4333856732,1605907.6585004993,1431178.6453473186,1316040.1275851245,1176155.484795925,1390309.2293082848,1415040.0441648467,1083936.9110772838,1569449.011736841,1345039.8368459013,1443864.9387990276,1397930.7431542096,1899368.3478533684,1457951.9102707636,1826565.3324394035,1649437.8567137192,1220950.3411035708,967000.2015805808,1841735.430670678,1809224.247576702,1185711.1560436627,1256017.8918298224,1751335.4000834315,1275025.6091006838,1355452.0753768722,1445005.7335210913,1644313.435103745,2191403.731522141,1576591.4611939297,1787999.8622082341,1438883.4995618963,1578067.963530218,1160359.9117041673,1732223.638937786,1649108.7406426964,1823556.5477949893
2031-08-01,1555414.209273644,1355899.37912492,1724852.9823261416,2270480.136506892,1210850.6688230294,1883181.9574368102,1329481.2494945626,1267082.808677691,1303770.098301717,1229362.9528608397,1396634.9650754128,1507962.688851503,1997869.9860964983,1549414.9307810445,2022260.424653077,1501028.0757891221,2197005.517173507,1436381.67181461,1072903.6198339981,1731898.0777659335,2059943.1443246852,1209698.665221844,1983995.9018453478,1022431.034405923,1507062.7721071574,1592164.6549153908,1428851.5824408282,1462178.80025299,1199845.3538532178,1875463.9593349195,1513176.9156327373,1309149.1930672876,1361391.8183701914,1493300.1949655174,1725934.0652181266,1286107.3305016817,1923822.6544692765,1527432.0569547813,1459506.8606709344,1783031.3936698916,1510014.7699413483,1749680.853874073,1486929.9554776454,1475515.9168860866,1522721.0924344738,1205127.4405285185,1449747.652399563,1389178.9171462278,1456898.4616092904,1899332.5942142077,1372688.3028818013,1556297.3108622443,1596120.8241869803,1825938.7244340002,1782129.3487594798,1552411.9326307226,1244512.0239550709,1248909.5659027146,1605927.6821925987,1540540.5783517978,1503419.1107203914,1498929.2963374052,1512904.7868977473,1733146.4194552272,1335538.1545791589,1602080.2751536188,1421507.3401405162,1332446.0328448694,1188502.473512346,1375998.9327903073,1392786.1701715176,1087641.5420301028,1602478.6431431,1360143.099664744,1443083.3383944994,1400006.3442680587,1895635.700058727,1446240.3541490047,1872554.5864964286,1625340.1235760052,1225874.940388964,974003.9565396386,1851928.8283050533,1812237.686589499,1198962.1961220286,1255099.3873124,1763261.2890890555,1270637.7300344137,1368880.1497217738,1445551.6912660757,1663185.8288314326,2239163.0420928593,1593164.3226106071,1754173.178149563,1459044.5684589045,1544233.6491708648,1149649.6865476577,1715462.0493103217,1675011.0506467882,1819804.7362064242
2031-09-01,1594293.7646652812,1387013.06598471,1714059.9978203818,2296626.0764536564,1224859.2140544178,1904329.9764531676,1345273.4389202385,1273131.6490062214,1322489.0061522434,1237083.503138597,1410939.9631084,1494793.016795009,2042951.4762485214,1550886.8428891595,2024162.8668038812,1497193.753185045,2206457.6126622874,1402188.7764890445,1086291.2081893228,1747363.2014428985,2079482.5865727537,1223278.020650832,1979665.922708153,1033467.7311622676,1500591.3973547537,1599903.900892304,1442135.3206120112,1465247.4618527617,1189475.7535499244,1891577.9257634508,1511801.863994404,1305362.246555694,1376430.3396245185,1515005.2273384333,1752202.1531862805,1310332.2916772899,1894038.8372679707,1570214.3990770883,1475823.6490833834,1789914.92389494,1510257.83073196,1761922.1385911133,1501303.518500874,1496320.9671456795,1497700.5166580335,1220737.67410431,1439093.0834884138,1407710.3791097743,1470255.1419950777,1907066.3430702982,1345233.7811002848,1532448.732910658,1597344.4549606943,1830949.6625278394,1802183.4512570163,1557703.990771018,1238644.7081121989,1228068.1793628747,1595018.7751857147,1565256.9643069783,1515499.9276700031,1506102.5339803388,1532333.2056453514,1730901.4964228028,1342390.3808396128,1631323.0034879495,1442714.1088463226,1361941.8893062838,1201914.8791831534,1372248.9360362834,1374448.7261158423,1084632.9032279043,1622627.9416850158,1385783.3977992872,1452852.2934719974,1390169.2882294217,1888544.8386455073,1435004.5082482854,1912833.169602397,1613265.6562992176,1232701.6335852935,983512.9854157327,1876314.6405818444,1829397.4301515503,1199127.0371672781,1253913.4100972037,1771675.4184505076,1277496.3767660155,1393190.949315372,1458423.927268326,1682614.7762233114,2281543.8549761167,1612006.2813503763,1745325.620408765,1490188.5688071835,1538315.6872476232,1149209.536915339,1709417.4414025876,1721947.4214141176,1813803.0273864325
2031-10-01,1612426.3860205999,1390769.2813707225,1727120.4065670276,2288885.602429078,1233882.5604897882,1927098.9430272635,1361499.926173241,1284398.494592063,1339248.5203207196,1232425.2970561353,1410643.5635568625,1500735.918535367,2090052.0708147283,1534668.8419020425,2043997.5867543186,1501388.3226345726,2211852.933079933,1372791.6690600123,1089131.53411811,1757447.8767371196,2105065.519190776,1219129.991081188,1969408.814442022,1040370.6722361709,1504197.735361943,1619003.8621131945,1448816.8341080928,1469223.8852820138,1173128.5222459969,1919156.4440883268,1509599.984414087,1300944.6276063067,1394040.3096312548,1538603.4402997298,1775240.35652338,1324385.5849698903,1876978.9119236711,1600412.2243784482,1481242.5280649927,1774857.5220407792,1511451.4378795237,1779818.6204435574,1500784.9525357496,1515451.4501191415,1486870.341082534,1223809.6208937115,1427659.2629923497,1418553.0161074193,1473213.8558703577,1906461.3577922976,1312202.0610875566,1510406.2333993965,1572667.2658949308,1827592.5485780525,1799260.9172895537,1551223.696074532,1245926.1372279122,1217220.7510613883,1580762.0017069953,1591024.0502340794,1528523.675863949,1515506.633377943,1555749.0864892283,1714773.2595470874,1359742.0404815578,1655874.959354768,1465337.8586006057,1374289.485174888,1198202.1970796061,1356111.478744254,1373711.1070401073,1090349.785776583,1636159.1402899518,1409936.4875840535,1460790.941512419,1393019.6269947083,1890426.9390686462,1440209.3875710424,1944340.1847741494,1618044.9899982675,1248926.3695018473,998902.1684745186,1884755.3505057273,1829545.2565615347,1197477.4260539513,1260084.6794338066,1780117.2031171096,1307414.6844367173,1420047.6246190325,1460882.0454796066,1689068.5598081478,2304143.5753622996,1642941.5731147917,1761739.9300158147,1510416.3690941478,1522376.2516368483,1148273.9565431233,1701595.8969395244,1743089.6748261745,1807924.379740905
2031-11-01,1618428.7089160867,1386801.0858392576,1754192.2460973472,2261583.0199185302,1232186.5097353323,1930220.6772331512,1359403.8152332096,1293003.9580633405,1352793.0002670847,1231093.2705894564,1426353.1668041514,1499548.1388293025,2088553.9931095343,1518109.8370483927,2070013.7981612498,1503512.5107186968,2216312.851612972,1362292.2239625077,1095476.6962112887,1737247.9389320388,2101459.733138226,1227365.8576566083,1957850.6776385896,1050702.9518658812,1492676.3605622856,1638312.7015620351,1450231.7122188515,1471646.1475422326,1156623.1127525212,1937134.9195730025,1516471.5125888744,1305160.5318873157,1377298.1803948102,1561159.5247826676,1773778.4482783529,1345396.7185571785,1859811.7215622778,1597567.504875049,1487185.046475217,1760577.7352959437,1506755.615994348,1743951.050024488,1515335.7182760944,1522582.950207045,1486067.861361761,1197945.7984945043,1427568.16758176,1424932.693674549,1452512.2943711476,1905085.5676733674,1287409.945143715,1493129.4824790135,1550511.7122272945,1822303.8330501656,1791885.6253386617,1542262.399617076,1234311.3239287254,1225459.0060330804,1565416.6344299023,1595069.3861927597,1542190.4074559684,1506447.9213124528,1583706.0982465555,1678023.6382367625,1374566.358877585,1660456.2358101653,1443721.8909429414,1367190.1777214666,1196007.0249822247,1352451.1335969225,1366413.0824572486,1088441.6340857996,1645374.7869585985,1409992.2859329118,1449335.5543335252,1411061.697655074,1903230.039627169,1425851.007991165,1966843.8289547982,1631206.888115569,1246151.9277060376,1008306.6593925196,1900732.9915706564,1838378.9444561747,1208284.5419511585,1264484.9986476556,1767520.7720955005,1349847.2421046267,1440702.228375181,1453832.1239908703,1704558.7601303016,2305172.6228530915,1662111.8344359857,1795220.7381930014,1525330.3922313123,1536640.3516025923,1145736.9273779022,1682078.7878947146,1763555.3865223115,1813830.2049225064
2031-12-01,1615419.8704565584,1369289.1745115996,1774598.5962908438,2240754.0283672223,1231991.2081360384,1922014.5042534363,1358291.6830937243,1311717.121994826,1351137.039845892,1223634.8047418154,1431030.1774459537,1485387.4238442548,2065309.0213905144,1498487.313607172,2092927.181106108,1511930.618207392,2234976.1549936873,1351962.0482653906,1103853.3045838305,1716128.2632940358,2115808.861718002,1241600.0613132904,1945013.5661853857,1048548.7851558422,1503051.027262363,1658438.3241240855,1428833.1216911504,1479731.1852689385,1143309.8534595177,1971838.581062409,1527527.202224402,1289634.4466653215,1372038.3937023175,1580118.9280406323,1763211.9764288848,1365172.0304113652,1848327.5639715572,1588250.0540842903,1483294.9686962203,1768679.5721898559,1526799.4060221233,1716319.7678585278,1520539.2043878378,1532539.209956195,1496335.368409927,1164716.4241153873,1425380.745984448,1418751.46723452,1432642.6627423826,1872879.2812178116,1275607.6033591044,1482069.04124995,1542858.3635028137,1808237.2774764015,1796007.455956806,1527037.486087628,1227985.4244774932,1227316.32696818,1547198.096246671,1594092.8344597954,1552362.6695847926,1488478.1098607471,1590573.9842840794,1656219.496776773,1385601.7130684636,1641336.9570921024,1435993.993112065,1363137.2652836386,1191714.812570905,1346916.7858903997,1350500.6575034196,1084142.9840908502,1664174.0168408293,1403669.8808008644,1433543.5855231867,1403143.7555676794,1900870.0507260475,1414805.3852571542,1996066.9054467743,1643749.1851158256,1230788.0211129568,1023049.9292959333,1902607.43305695,1841671.8653358107,1205130.9576093073,1271260.9591205185,1736384.8957813648,1381562.700946047,1447328.344384197,1457459.0542766138,1705576.957873851,2332433.6448603915,1679059.5821358215,1829629.703643373,1547358.9848620903,1536465.170331182,1153710.8989358365,1680518.683984358,1765930.5422894962,1828850.700951729
2032-01-01,1631567.076086176,1363920.6755996468,1806552.553374211,2274724.7445726087,1238346.287641588,1902688.484003654,1368155.9856639428,1321203.634175501,1348907.5520822608,1239729.2087853027,1438328.4460471005,1475589.4543443108,2050814.0217845906,1496715.2492292179,2096525.6525923803,1518337.2826775224,2266022.57595793,1327691.332355688,1113424.6613063659,1705237.641103128,2137037.8212203453,1254766.7882247495,1951659.0760050404,1065873.7623299328,1510298.2758593324,1681645.26394919,1419545.8943718423,1492531.9346418306,1135314.0177921623,2014944.1939611128,1532247.5488176534,1310626.7985327968,1381810.4257491012,1612616.9099167427,1760741.290430606,1386052.4822531228,1869542.8611012732,1573142.4301951071,1511588.6554870745,1766192.4748555042,1555676.7560182328,1717521.5966944213,1546029.4702377974,1551892.596581054,1511655.8229586931,1161478.0928731505,1433853.281461698,1436110.133813706,1431520.8683350224,1870276.960880879,1265448.3787704252,1467228.9137611086,1557816.2827004814,1800904.8219808142,1820024.3709458795,1532895.895340186,1242805.0704545437,1236887.2625869547,1530663.9167159598,1629555.6158860035,1575014.3726115834,1509567.7715532505,1590169.4800135982,1665156.9671119025,1393618.6379571133,1629630.426465587,1440103.6512387162,1375997.0777352252,1207027.9569512329,1332886.726862468,1355335.0670798975,1094106.613970206,1680095.3513101605,1397715.640977083,1428887.6114893972,1409360.9950547845,1943413.0235646113,1402404.5495558255,2012312.6418897458,1654679.4577310004,1252878.2847947762,1037247.6824939852,1902450.2555759465,1862939.0452467143,1205968.1690656776,1296912.353671243,1727307.971535302,1414981.787739852,1452647.315227643,1463118.0614335127,1727691.787820033,2365884.31136566,1703573.9391634248,1881813.3496789217,1571140.4957895295,1558907.3801812592,1169485.4326711546,1672933.9889453393,1747255.5363104602,1867712.6773218364
2032-02-01,1648082.4356545205,1372832.6625454412,1827596.8203786616,2348387.142137751,1271072.027141611,1900910.3188181925,1388150.470071714,1341078.8078196486,1367668.7632599105,1258083.2076321917,1429061.254951544,1466849.4028833727,2057468.5942919196,1489697.2309349973,2097968.0484431386,1526748.9813368653,2316955.422324265,1315995.4356995244,1128302.9162490442,1709520.6300033936,2163928.149587654,1264622.314221965,1977646.7931085674,1080078.5241807424,1528529.9016908535,1700754.6518686963,1422236.6692774722,1511176.4938247916,1138022.7788575299,2068535.5097107505,1552814.811129573,1335584.1510405794,1370405.0579618348,1643820.1159641051,1762130.4185681834,1394564.3675124643,1876884.1906283202,1567639.0776276416,1553347.5562465086,1779142.772916622,1591126.954460199,1715560.438758617,1578330.6873615033,1579243.5021232509,1526062.6749832935,1174577.9409637696,1439550.3810849355,1443063.8211370364,1433683.9567364883,1885925.3042986738,1275882.687607132,1469603.4162604099,1593794.1527378836,1786028.5695504972,1858107.0498239072,1544232.1994631472,1261846.941552304,1246631.2562415134,1525350.0077551564,1675094.9041314987,1600014.2430395763,1556069.6209775151,1579938.5050206278,1707516.4887249214,1404623.1310946634,1611661.1066571584,1463173.8159270193,1404093.4232505674,1230012.5325825412,1336455.2675694996,1361371.4086851862,1117649.0580815931,1703204.007037013,1396414.9565009088,1433859.6563291654,1421253.3033707896,1989760.5880820216,1399681.2975939661,2029204.5893794894,1671129.6803987825,1253572.4285300479,1045541.0472024445,1893776.3038731834,1875568.4133005156,1214790.5829322296,1310064.0664088773,1722421.0540501447,1424815.99475952,1464055.6622793644,1482704.7523690122,1762535.0289934545,2406420.3148602922,1732059.9281905596,1905879.671893897,1594542.6874131022,1567684.006893262,1182248.667527381,1655098.994907758,1749700.9552505566,1888329.3972058033
2032-03-01,1642297.736185953,1368727.6083401875,1849878.0023493588,2424394.0972809894,1286948.2319392564,1895416.769814284,1409916.7227536654,1349837.7147579174,1402454.8375984973,1289667.3684522987,1417730.3562866098,1470193.1856286228,2058732.238090035,1493298.8929448125,2084157.711746114,1539938.7399664698,2323233.667524955,1308345.2029353362,1131042.1191985004,1725576.1055978264,2175358.7710807486,1268182.9218412964,1990292.0917710785,1099959.3314002089,1549974.0243304113,1707113.648288518,1416628.6819759656,1522223.154266592,1130811.8200017114,2070281.0850322947,1551842.9096675524,1345394.2763478355,1354532.3946626666,1658567.7423219131,1759824.4593691756,1401140.059702652,1891563.7887670537,1561133.5752428472,1572748.3851147885,1790917.7422913983,1636767.5872325553,1702418.3367108444,1595863.0017150794,1602655.4966720561,1546423.430248661,1180009.262479865,1437508.4995850627,1450367.0085110522,1440498.3611175877,1893228.0978190205,1283599.3850549252,1460170.3728944103,1630276.526074889,1798001.5790106864,1889643.3080551252,1571031.9391874343,1258134.1287899597,1241164.9876558008,1523241.9895130605,1716860.0302352298,1625927.9754628611,1595006.3332033616,1578606.621274519,1731343.585909692,1409627.0268672782,1594910.6285941282,1475343.1905733307,1406766.4447919645,1239516.8995538172,1346416.5650361972,1353976.147143955,1140651.9133317873,1716445.6517965137,1373654.033760086,1449955.3999989228,1415579.3808749004,2012890.3969778838,1403864.8978695348,2023272.7881366692,1679192.7621435781,1260289.0659510284,1041145.5273975221,1893188.2750974952,1873715.6841568633,1240131.6316414198,1326234.9118333769,1747418.1510157594,1413745.6414983459,1488489.1937387427,1480396.1432156875,1770972.8051959006,2411422.18585096,1750335.5623535523,1901704.5787935364,1599442.024745768,1579185.3278694022,1179320.3770960672,1654818.1559572925,1755885.0668366638,1895812.7961850783
2032-04-01,1619088.4956961824,1374438.6401085197,1861628.7387918083,2477747.093540454,1314905.4270806836,1923305.9136923582,1426690.0314933828,1365835.3483064985,1434303.0111185014,1300842.080006534,1414751.4702573884,1479410.484365067,2073809.1219863815,1492910.899968828,2105310.5819071713,1562401.6060081276,2331424.9842701643,1320435.670207716,1132181.4329038896,1734012.6285358432,2190223.3736197464,1278449.7183895747,1993203.6264165165,1116637.7529811068,1579142.8819425257,1734191.617412394,1418988.9104232574,1550632.3689737218,1125259.4123398322,2060892.058687284,1550246.5966910995,1357049.473409822,1346801.7178741645,1654429.9222574257,1766549.1739339107,1405252.6321234452,1909710.5478077582,1577590.826209622,1572260.8469327223,1819636.4562799493,1672947.1927650126,1716696.0415321488,1603395.000047372,1617573.8078755524,1569309.9213152209,1178544.2771395964,1443459.0685773564,1463075.2034178737,1431226.0722442153,1894503.3351303032,1291407.8786644398,1445945.9528331268,1653024.2311027122,1814068.655463049,1926638.6925418975,1582217.8712129295,1263434.9019192017,1262410.3932355456,1531318.0151108338,1737159.793291379,1636138.0120317854,1624151.4449231094,1606888.8385262422,1754279.894196752,1424637.8807677212,1568337.5253506282,1481925.3791008892,1398488.9708930603,1243530.2183358946,1369137.4161300608,1350386.3843381493,1157881.5375169772,1699062.3233140754,1378479.8469957674,1452000.1903959503,1421415.30807243,1998729.4728819204,1405867.8200696092,2011542.4947931867,1705790.6999134878,1261893.5093066485,1035733.0904902853,1883721.193328699,1868874.7917855259,1262494.8783845028,1348882.5026161212,1787544.348371415,1399737.601724757,1509049.6848710668,1480965.613656845,1776004.0676720776,2425287.921089958,1763377.4297793552,1907286.8372273548,1620398.3007623258,1605610.4019623185,1185126.1922185207,1655482.9846919957,1787211.114209082,1920339.0850748976
2032-05-01,1588862.2610045893,1363001.3924264833,1881709.3138487914,2521352.2791677853,1332789.33378652,1940475.4931945864,1424279.7151379844,1371809.8379941343,1461995.0835600237,1304424.4177034409,1437981.610100389,1491583.6731248403,2084930.8441090798,1489051.222550927,2126794.3141542086,1595555.2705578026,2335432.1674213842,1332034.6656098359,1153658.79035433,1736942.4191418218,2195264.2472604774,1281342.3677535015,2008598.1135221492,1135608.0492615222,1614731.4204715164,1767533.692258552,1442811.2156778583,1580021.70153713,1124661.970807541,2044958.020152498,1549198.53265044,1351587.6386018973,1347310.390496628,1650215.2175439512,1754448.0063609555,1419470.874670882,1908080.2399674456,1583563.8515922173,1563954.876290459,1846294.296954023,1692995.4839764824,1716477.024909013,1602799.1987043272,1608132.5687648072,1590337.503084692,1177063.3025467377,1438059.4280765927,1481168.8525058816,1436731.6359490748,1907516.8878211582,1307175.8301915915,1453962.7815210277,1639382.6464114264,1814569.6655282078,1946780.5321423232,1600576.3017659083,1251787.6025488887,1290228.4527824444,1537937.6356174767,1756297.2740158555,1641197.3610460993,1636450.9839781947,1627021.77095722,1780423.7855641006,1431422.0019876664,1559638.3965314187,1492243.219767801,1388290.2319064687,1258585.5983093353,1374243.5490008832,1354942.5671219642,1163557.1811960689,1689765.8863136747,1384761.8303403945,1468825.5337210812,1440596.0211106893,1992013.1981458475,1407366.1469578883,2024884.3771590143,1736779.18994668,1275733.488593306,1042074.4385442293,1882543.5006517647,1897457.665746646,1289111.3683875436,1364397.4644848537,1827129.2290600433,1413801.9875013847,1531312.1334142825,1488133.8703474426,1785750.571983597,2460389.312529414,1799777.9688727998,1931371.7689679565,1648998.3349670577,1640669.3401439227,1176988.70858716,1658694.947356761,1793752.9087563124,1968877.8669592647
2032-06-01,1572798.351577624,1372177.7995920088,1888427.5689741382,2494485.3350652307,1345854.2291437318,1934021.6632265316,1413248.9341078976,1366651.107711672,1484017.6122860105,1295240.0070068135,1464657.1647433562,1487678.5625918654,2099406.499500781,1500890.2091997296,2163731.3558026263,1615736.0922430265,2313508.2300973097,1346223.2958693006,1179485.4207706552,1723361.7819624753,2206762.613843718,1288999.5727920197,2010316.243680374,1143208.889940973,1626746.8005741984,1778691.5452251926,1449735.254075278,1587107.1899625002,1111896.286312094,2037077.0602294786,1527180.3346577925,1349075.7210298176,1349756.7845573344,1641312.352639876,1754681.150904963,1415659.1701404147,1906768.7143570264,1586710.781691281,1569093.3495576577,1855601.547066755,1691861.6151646175,1713375.8007986136,1599873.771232852,1614535.3722659994,1614284.7109986863,1161696.7071897585,1430622.8550418124,1476631.8658612182,1423963.7602782354,1905445.613586824,1313650.8426733806,1480910.133411798,1628278.2744099733,1795671.859685934,1915181.594441763,1606680.2369123816,1245894.9109127298,1301025.4319089928,1535312.4419610545,1757764.1897226274,1639896.434344273,1629494.449158295,1647745.1312417102,1789093.14420661,1424967.904428185,1544232.4441887746,1475535.2707155256,1382952.711085357,1269581.8987610864,1387152.1529270487,1374657.2878759059,1159930.4136785623,1677173.7771060332,1380581.4465380209,1484382.8393969222,1447937.8865485021,1992694.2359331371,1408490.449122406,2032500.4773232671,1779140.7686541963,1295158.9933022493,1031711.1751248776,1874869.1596389448,1915571.373257668,1302994.0116550855,1366843.5711241656,1866520.0955339295,1425810.0877145466,1558895.4966769177,1499031.964726591,1792110.7396078717,2499265.1245769477,1820621.5220295081,1941022.703873087,1682702.9581323564,1625359.8622599815,1179711.7948261816,1665881.8916221268,1793667.613950126,2003008.9899689485
2032-07-01,1572986.2422111272,1360410.7712341927,1920746.8946558405,2490770.1938259657,1338947.979962136,1915006.6144519798,1400739.9144749055,1351489.7683793544,1493710.0325228057,1289692.8652703308,1470581.9155538979,1457045.5994802194,2073574.0535312216,1493675.7581990329,2175256.5396885523,1615104.7582380755,2299503.2090728125,1352935.1569015877,1194761.2903475908,1739767.6415325142,2190130.7594397464,1285133.5293483972,1993975.1630470008,1132329.3343849385,1624990.3950906943,1804034.122168066,1458642.2248307269,1589172.1193223025,1112331.7504481368,2023147.695263336,1524117.0629676734,1347351.2523353624,1337538.6989277897,1641370.7279061934,1752415.2552249858,1421719.5854999658,1924431.8983904829,1594269.4242105386,1571093.467222594,1849852.5801700593,1678633.2134029975,1680531.2342921174,1607299.0742538038,1595141.6751159558,1607526.0183677892,1150655.1405204993,1434255.647289188,1473045.3687361,1423398.400048747,1864826.183066524,1307629.882058326,1518996.404610108,1607803.2735091532,1792199.260092123,1861837.2167465729,1617449.9278438662,1244893.054922995,1306372.9761486957,1532100.9376169425,1741046.031472941,1657021.663819455,1631097.3201009547,1637636.3607091662,1784510.0822030236,1421227.1987380441,1548207.093243609,1459457.9511041897,1373752.5770459764,1267547.818519379,1386615.4293682226,1384750.7958895352,1161387.2117179472,1652868.4756186765,1373334.4004446084,1505544.265054376,1456196.978090547,1971167.6156479407,1406050.955821181,2069504.2779269943,1796242.781102999,1317090.217486048,1018428.9362156263,1860493.2166113316,1933842.1317549355,1309324.9107278578,1363545.0899283616,1886052.4153160779,1437980.4554640679,1578738.1411286206,1501734.5671358434,1818563.5415932897,2539525.873055593,1846699.7440637792,1951426.9804411079,1699260.1548541025,1612315.5175639929,1169063.6412017993,1673953.1046383053,1810337.4794031219,2036367.8658421093
2032-08-01,1566778.3318068625,1362313.0081006454,1953138.858895605,2485962.7204226647,1317830.9025293866,1917861.054596112,1407953.168759284,1348243.9704098578,1500894.288946257,1289160.0218495345,1470281.325934646,1441643.1141924413,2077988.4674164767,1476456.1515688924,2191365.954603211,1609849.572506965,2274319.101844907,1360149.6369374683,1195396.7033198222,1733951.0205811025,2167667.127730788,1277322.2099494783,1978767.0284222814,1123440.772529467,1631063.2039066108,1833809.794661083,1472388.4966004118,1596120.3336351302,1112050.4849683275,2031328.3850904931,1513231.5902809987,1331223.293136247,1341474.5342132028,1654737.720004204,1778612.5669730853,1416016.027394272,1960586.7023941756,1586392.179748684,1571548.429368634,1853280.6057213033,1674547.8119890993,1653163.8751007654,1629222.0543015827,1580193.5515333307,1615753.5040333883,1146690.9307991345,1458815.745589532,1460910.9932993823,1427385.573405861,1849544.574822125,1309251.2558698815,1539008.386034007,1601308.9765131765,1785758.435692358,1838446.708158173,1622367.015583917,1243877.0476117497,1333102.817856056,1515653.7940770283,1742345.5578625025,1693020.0120783495,1650557.7572862953,1613758.0899355581,1811746.3017576316,1412755.6506276543,1553323.456526692,1442999.0127396304,1363330.3788423995,1266150.291548218,1381735.5403594726,1366782.0505855193,1165826.7421954486,1647139.880348875,1363044.2277328924,1519407.1011684102,1449682.3851130705,1983061.2114571077,1423612.6690465787,2100530.4370102366,1787371.4549521618,1334808.1164098515,1015396.0653706474,1841380.551747057,1944530.462082351,1309762.5552353347,1368989.1522829134,1917412.9000281396,1436644.2158436745,1598501.4722491107,1525787.7005438418,1839216.1494237192,2589270.9053222183,1847033.7686236862,1948270.7810588297,1713340.6720285963,1574551.415471663,1173181.4251850455,1699593.0121385206,1815660.8638091898,2058843.1221058108
2032-09-01,1569413.4927246242,1390858.9368400583,1989155.0772585287,2501652.614212968,1303118.2397049144,1926000.4315860143,1407113.415775461,1361705.3398252667,1510376.5980773494,1285002.0214232828,1462614.2884198593,1436116.8128829226,2094666.8609110175,1451635.6218866494,2239393.058366605,1616127.8111513585,2308542.3147080783,1361088.868383683,1225834.3039244476,1744561.4463162944,2145312.370823452,1271480.3654440758,1972903.2720872785,1123550.1877145094,1655277.9089185153,1881006.922053782,1486769.3037562466,1595233.8831835275,1123315.8697091884,2040070.6854349123,1520182.4321085948,1327100.0669197298,1359946.1239046643,1686809.1386246288,1805075.2275198249,1408110.475622785,1953725.6312545796,1605219.567989637,1583826.4439022609,1840733.1533629068,1686614.5058090594,1648767.0369145004,1667269.8982275256,1553430.1720838745,1627775.4095433673,1142548.7933413617,1485572.8770079962,1476359.4872443196,1435404.8343667598,1851713.7715518964,1304907.003781568,1549714.333690416,1609108.676852319,1762628.6505840765,1855815.206225534,1613427.6464822053,1262539.170344764,1361394.7885697177,1520866.6823433319,1740674.8919206671,1729505.4279698685,1675330.4058929526,1602650.0723749073,1846434.733915505,1421779.5411051223,1587667.1057330745,1462782.528130442,1381132.1686928791,1267331.5499295937,1394345.7984930337,1345236.0086960942,1169195.1504109777,1634703.0446675853,1385859.1524458295,1536651.1112090705,1435875.097575414,1995597.6002964722,1459229.2826273958,2147739.448162571,1768374.742920535,1343047.9049678931,997250.6094582017,1840382.3374600697,1937294.506728596,1308744.7435219362,1386598.235375927,1947700.195082441,1430903.0901299778,1620293.175443744,1529122.2571485946,1886022.388310767,2633936.5798896723,1859022.5179932357,1961330.2269342334,1734619.9218678165,1573449.155981476,1186507.6366568843,1743450.8179187195,1839410.2706395865,2082397.3111568803
2032-10-01,1558881.6258445582,1426125.0802567427,2042359.020171871,2516987.111869704,1290849.029234065,1953276.4940190413,1436426.949929512,1379648.6909985042,1513480.9286081835,1293449.7278320405,1444682.0671109788,1446811.5200722665,2121969.543749037,1428938.0503006128,2252247.7471696124,1637144.3731703006,2311248.855675983,1370697.7714857247,1234409.9715841748,1734220.5964903582,2139989.4869647394,1282448.8745271796,1989229.5889974372,1120261.5944486458,1692584.652079609,1928445.7634372152,1472058.9528666222,1608140.0020569966,1106155.4440504822,2050132.8040607502,1523506.080560614,1333528.5819775844,1377168.6503306339,1706034.5514881143,1815344.546161942,1412000.8235181095,1974564.095057018,1609231.6709421359,1599772.0521327117,1839067.9192694179,1723745.4227404618,1649563.0802093954,1707864.7772576106,1531877.4563328216,1664394.185616046,1135892.4582114855,1499466.0564409038,1492547.4044215053,1436753.3552786806,1863570.828845641,1315204.3664206176,1557401.761981111,1632575.581867356,1723277.4890745056,1868069.4589924298,1605895.5413065925,1266788.7896102555,1382840.0482303922,1528040.7697457748,1754499.4598119352,1743297.7314066729,1710969.0096390552,1587753.8139312817,1890942.6042657474,1418999.8342718398,1607198.7949302488,1475015.3877804042,1404205.7865890306,1259655.7671882547,1412315.7052064429,1346156.912297737,1181701.0512639396,1649034.2962459768,1413915.0346017329,1528131.4998710165,1412253.3260616474,2001374.6551931438,1499515.2426837091,2170585.01906119,1776768.6849615844,1353578.4960946366,990869.6379706333,1850102.7824396337,1953719.7242838223,1324281.787799299,1404483.9024519878,1976741.60762518,1403676.5942458012,1639929.45930418,1538753.7746117876,1919214.792435896,2638172.468816401,1864475.373817809,1957747.5112834496,1754123.4494991081,1566402.992969847,1179441.091153378,1787127.2342906115,1856942.4238624678,2079564.0224735658
2032-11-01,1533225.2667870186,1423663.201813055,2091083.034702363,2477868.8337208373,1291798.6241591896,1987250.5259657525,1450007.6292471814,1396675.2851135924,1533009.6799422156,1292436.588140376,1445858.7001324885,1456679.2926471909,2150343.8074875125,1406288.396278666,2268851.855013994,1646544.4770269396,2348505.34527968,1364286.643284724,1246862.0468669476,1721368.0944709703,2128937.7566804807,1290376.3413713714,1989185.4881356999,1124913.7458880905,1701406.138298919,1984651.532237686,1455007.516027863,1613278.9590254459,1095382.841874377,2044065.4825976025,1529176.4515731472,1337508.7124743257,1391520.7334316587,1729062.557639863,1826305.6249151148,1435060.8582064514,1974539.8301403655,1610535.0112213986,1596898.1897616354,1840334.8533928157,1736457.0309344411,1643415.9922485556,1748187.947899746,1532960.832721513,1702682.295579043,1118307.4769258103,1489518.449778928,1508142.9584341028,1435396.8526161879,1860124.4474852767,1334223.5135409744,1566028.73350213,1656411.828754981,1695003.0764852217,1868120.907567015,1610590.4336927584,1280126.239937466,1420242.5731826369,1531349.8227797837,1769039.6397670936,1758684.9249083407,1717180.6208943613,1594758.1275545103,1927348.6817321193,1448972.9155816187,1620191.1539569926,1477562.8176011988,1427193.9983720507,1264042.3276862344,1421894.4230638316,1335067.2685530416,1169546.005471529,1645272.114988301,1441291.2712500577,1495230.5781028133,1390284.4710385017,2014451.0880769375,1525907.0292295963,2188025.720757115,1778169.6762396363,1361225.0818225914,980349.9214757901,1844324.9307928032,1943292.433215714,1341407.5224479476,1411326.354234026,2004222.8615111215,1393982.7260036534,1645258.137960897,1536435.3413027024,1950315.0898196895,2636265.8496558014,1879403.3393405008,1953432.261663075,1782762.0093211199,1581544.8696321351,1172334.65146698,1808892.7682717622,1852167.2625770466,2084186.6741732724
2032-12-01,1514703.9649852272,1409599.5701363105,2129369.121950689,2453904.011468796,1317899.464544397,2011950.3953655756,1455236.9104280872,1397910.0744211196,1524153.5416564674,1278716.8563612646,1451732.089266236,1468205.6402432183,2174478.367068771,1399361.605183348,2275708.321646787,1652251.2341772325,2347384.6653767163,1359046.1240504005,1252716.1842050483,1710337.9937153365,2117039.649783865,1271940.2967675906,1981080.9432479548,1118696.6837028814,1710727.6286716845,2019117.0891246058,1450765.6565127058,1630600.7609520846,1076555.3222918445,2043595.0765564155,1528438.246714467,1339358.317309611,1404945.935953797,1745402.6855095527,1804071.6874819442,1438615.3677535844,1954799.4042972203,1603042.724461791,1579342.2239523723,1834883.4166304327,1745056.8846242477,1621971.5314620885,1793393.1710792582,1538062.7155008027,1725870.936698031,1106538.1062822475,1488693.5600834405,1511690.4418813337,1439449.810153882,1846317.275366346,1341608.2561975396,1576683.3189855628,1629649.5310451076,1691973.976225951,1846011.8024316726,1604187.6642961376,1285650.6252229412,1441458.235505076,1531451.0494884627,1782311.0125576283,1774778.5086158293,1729263.6394122208,1613691.3490420838,1981521.066827742,1452181.6502405363,1646747.716534106,1466408.941991023,1433105.7974636694,1261169.5779519905,1419296.5961164257,1350565.2496146797,1162909.3111137862,1648200.7925509643,1419094.6183570405,1501505.9639368441,1377658.8279764706,2002523.441258274,1523705.9392422242,2190845.8411719203,1797513.387056863,1374633.4601373132,982405.949600455,1849880.627898854,1922308.4610631508,1344255.4772860971,1402496.4108638715,2023090.5505066076,1394001.8992317745,1650951.0148954585,1547940.0137920987,1947418.1673711187,2622479.808044679,1894094.448641575,1960523.2047696996,1796636.3184007437,1596734.0547103148,1168016.1555075725,1826733.5013366307,1835371.6258547336,2045285.16143136
2033-01-01,1517870.539824277,1404281.3958726735,2154483.199160817,2442131.01646642,1363856.7052762094,2065687.8723997453,1461565.0145190451,1401801.2279687603,1524565.0395447956,1271381.59160564,1469253.6840550236,1475363.4116994478,2213126.5787061444,1406555.030350976,2291500.3470119573,1660788.4276912573,2381747.545125005,1377872.4574438408,1272518.5408655345,1695029.351538897,2119610.462064838,1262425.8617878389,1974054.3077862782,1124857.5042533963,1736312.0372884613,2073921.0484302666,1433752.9905966618,1645198.631247917,1086795.6520220947,2072733.4413289146,1543184.2705104528,1338717.571322886,1416468.4616425894,1749445.2031143925,1798785.1792349666,1449971.9663948237,1972325.1505175969,1620981.1532665517,1577632.053091141,1833859.173319963,1741600.2370157854,1632247.4075862817,1839192.5733153461,1573295.3517500325,1752342.2072507124,1101576.8541432705,1483588.4169358788,1531086.2305624206,1458052.8800106542,1857589.1654298587,1339974.3766632664,1589486.7049977204,1628197.8462484956,1692336.9528685512,1862646.4968378278,1602285.2729003855,1284589.680394948,1452424.8415861237,1537818.6979334962,1816137.962047979,1795714.1381772978,1756543.187519383,1645355.9926629674,2028339.5245875372,1457864.5178469853,1664728.0604021256,1482516.0036316135,1460931.9732925065,1260897.5152276454,1413980.462544752,1374783.47039964,1185679.4790567383,1659111.9136983175,1414888.4144780529,1526228.4482478825,1387011.6609828658,1978829.507337123,1546758.3748086889,2178913.1963005885,1831237.5219909106,1404491.2441879841,979817.6834752824,1875055.7703440743,1925181.2392148161,1364315.6595997708,1411663.667678303,2017107.2739029536,1415167.149327373,1667732.0158674081,1584023.7665351245,1982360.0214707209,2599329.1520069656,1904214.20394059,1961779.6644770568,1812464.3993905284,1617468.2475322078,1165218.9426571217,1850873.2214473297,1836725.8947644148,2034586.9713515106
2033-02-01,1530915.2230651712,1416274.3922139262,2183121.9426790327,2463817.9575285357,1397737.1522441835,2114561.2626849664,1481367.3693773304,1408027.1875329253,1524960.7282687966,1279067.4978492097,1498534.9058226713,1509304.4752634086,2264807.664865295,1425055.0382291118,2324299.4247083487,1659233.368075224,2426658.114627051,1408232.9630229874,1294491.5225576148,1676546.4571004605,2099973.390966105,1255655.298246422,1988201.2642938055,1130036.8982815852,1778873.9052683075,2109723.8214343833,1424486.4475289783,1661386.3541138603,1085428.3491893401,2103931.7142359805,1573493.3623530709,1354501.7366935313,1409630.7500289406,1754481.5067102404,1820471.3406263867,1476801.3543108767,2007867.6139058839,1667620.803592473,1581885.235096178,1843841.0902216174,1728028.3026741464,1647243.0162882905,1896257.925555463,1603968.365383386,1779912.814769358,1115025.0037339837,1498116.9156680016,1556630.2844762069,1465531.0160575293,1882399.8531487442,1361743.9870177798,1610961.744779636,1630430.1829107709,1707875.312689211,1872943.5556915544,1614906.7543631073,1297423.957452205,1441432.264331406,1556695.733044829,1857743.287097375,1832404.2445207601,1780779.0449060241,1672742.9145282572,2069390.6525197253,1451933.7620873963,1670077.8821566796,1484498.6355460393,1491487.293190222,1255184.6877550343,1420973.1357762716,1428726.0318744157,1236008.956596008,1666568.574599502,1431250.775509409,1590260.3722629044,1392108.6831207683,1975634.0031728663,1566322.4855510204,2183078.293195926,1857937.8600906166,1421924.2685833098,980038.6106635854,1910674.589290917,1947509.6986339805,1397002.0274884475,1422803.6443459294,2016166.5968498655,1419041.3920757174,1701116.101334231,1630317.301466363,2004469.5695233028,2595225.855003889,1925025.054518426,1980526.6784914057,1834104.26517725,1604087.767921644,1162628.6601974238,1865272.4152896213,1810188.2625238937,2040355.56154656
2033-03-01,1561173.4050490118,1435195.4743035862,2200928.9616832524,2447203.829771549,1396418.9477319287,2148849.761769479,1498493.9748010158,1413077.658554294,1517139.5835611292,1282859.0714609602,1510525.6221672518,1507298.3600026036,2293846.022240547,1446490.2674441845,2326116.7494110772,1653934.4440873356,2482369.8060237975,1434384.7868747246,1304775.031618293,1660956.2246484563,2120011.9204719523,1250988.327351687,1990624.3224161246,1130270.3037478302,1803908.7448499552,2170915.1515035005,1412992.124305445,1686819.730802676,1095846.0860605743,2135514.1995666013,1604161.3591445708,1347719.7491992419,1399081.0537345444,1761442.5144533764,1816745.8469583676,1503914.4174243363,2046007.6230297992,1704090.9833487626,1582060.1707842832,1831362.1808115533,1708794.9633924637,1663270.3348930886,1940291.2030742476,1618352.574832932,1804795.744007801,1132820.4417742002,1504571.6988986607,1558033.8899782305,1466466.4745726136,1891080.556186647,1380038.5860451574,1633633.0118402801,1625461.0996685463,1709855.2999874053,1885384.9627350068,1613010.5075682828,1301577.5554643164,1425050.7596499925,1578039.3248678618,1878167.1433177213,1838509.3712347,1778155.0392132476,1708284.9006938525,2104634.147898743,1449608.0878662472,1681565.0710286817,1470121.6717300266,1508689.292820412,1244608.7282450907,1433067.4158645475,1465321.2273773537,1270396.145857472,1656328.7099600008,1447798.93034584,1636096.7345103808,1387221.0645662614,1961136.8320294924,1578324.9305812193,2159774.3454117007,1857145.8809786919,1419242.6061239366,971520.6500495146,1902678.4662036635,1951785.1630920253,1402945.182305244,1425156.33295221,2009477.337462365,1408766.6091489154,1718125.8198790378,1664891.820250684,2028525.5380614004,2601527.1766738216,1940039.3850911108,1987424.2472635289,1858306.5186188815,1595187.674494271,1161665.4465875297,1857218.1340633724,1803920.7162099842,2047092.7315862617
2033-04-01,1589466.496421995,1436533.4051100914,2237255.0344881313,2460982.022010171,1409185.8427289883,2172090.272803179,1519226.0065064197,1433665.6094834325,1515734.339372671,1293126.312350927,1530803.288236915,1519417.904181518,2327540.405650421,1474208.2368900357,2313851.4468619158,1665302.4729574195,2537761.981727324,1438625.1715749186,1306963.6643197439,1663216.3637945119,2134754.992994468,1241123.783629686,2039072.962488458,1133818.2006269433,1833912.883032207,2232045.7848288827,1432242.0845289845,1706933.9605964131,1099182.1896046507,2159601.451650567,1627127.697909153,1358013.19947071,1393036.3729991482,1794319.5363432348,1815919.475766521,1537732.7288899685,2059098.268977603,1709164.76146115,1563175.5853881089,1840257.6484277109,1684206.6923220581,1673059.7527774828,1972636.043830495,1654912.3324817792,1840371.824564036,1153647.1373305523,1536097.562064788,1581635.7521048656,1466567.2079846684,1905342.0962151738,1408137.1244161979,1669163.3538751428,1609482.8854464986,1720824.6253638205,1919295.4915048948,1619198.8527467037,1313260.7906661644,1426587.4087984376,1599402.7295898693,1899045.7864140857,1834044.3252005556,1772686.100138956,1726081.9602189371,2129584.248344245,1447652.7970710506,1664185.3226121482,1465873.7626424432,1519646.6901751875,1262664.3944078258,1447859.4212259806,1494509.7153902412,1281655.3124378133,1648387.121210597,1450318.6113818714,1662942.8775258916,1387152.1021756416,1972110.4360359125,1604091.6679932056,2153823.2631473853,1870276.4693850281,1433267.288832613,972310.971947279,1901856.6128563148,1966832.7411738432,1416128.0925084637,1432126.7173036807,2021007.727184941,1395349.195165321,1735510.381989359,1682345.668453682,2032767.7434895602,2645844.883694622,1960950.645454253,1990200.1404272302,1912501.7608152148,1606309.901693096,1168917.805219754,1869518.9285058444,1815028.7956831055,2025916.7196532532
2033-05-01,1636379.9335164246,1423932.3060056285,2267607.9644137877,2470629.7684095674,1418108.3110884572,2165508.1936519295,1538021.7943950533,1459603.0754249291,1529121.4885294337,1285539.5189022347,1545351.1552423835,1534886.4724404411,2358722.49680076,1469782.8889884986,2313042.934533806,1669684.7400565103,2564147.945255095,1446213.7447972575,1305448.2106012334,1688471.4016893504,2172089.143307173,1251852.9636670281,2077830.3473003025,1142093.559748685,1859640.8474993778,2275508.7740537487,1448550.5526386094,1723135.382679499,1113100.101120135,2193784.642900736,1642435.3126486698,1369633.5595137796,1403557.5268207293,1814000.263926508,1831947.43847637,1570726.0326187978,2069693.2025917263,1742536.037907768,1551297.6543947514,1832320.792178037,1665802.649755845,1690026.354105369,1992751.3809598314,1673251.9560285055,1866542.0674008124,1170876.9001863783,1573308.8354881012,1593678.4349362305,1482957.500672907,1900925.058309257,1420854.4420291884,1692015.5833866058,1617453.9280504363,1732739.2054724675,1967209.8225876633,1617741.0370507631,1323355.0419435361,1435291.1742806728,1645300.005747015,1951975.6669000452,1837030.6911108613,1770632.4818693532,1750069.0353759918,2129896.26785383,1462411.840758654,1653105.623660833,1490321.495638095,1521032.6083902982,1284549.471648703,1452182.6765320518,1523550.6224345067,1298069.4895989075,1652506.9679238226,1446250.0736637928,1656579.023522788,1390954.8094476138,1986594.4142516723,1602733.6674313159,2168614.808170026,1916561.4987544182,1448245.494590592,961000.4155874036,1932708.7727137462,1983384.4564590382,1449567.5775999033,1433569.0639849994,2030830.2069940213,1406957.4711075674,1746165.294280447,1715676.332040875,2038993.2079415412,2703641.333687268,1968564.1287598175,2003010.2260499732,1952284.829100941,1623759.4844674817,1177818.3159576547,1886229.804167642,1802120.5087558469,2043584.820545877
2033-06-01,1652842.5889046844,1409305.6363693352,2257951.047426151,2492360.013448671,1430186.8036694436,2156656.8062893758,1556775.9277417518,1473980.2591178266,1517273.299871647,1276103.6658951563,1539938.762605582,1546863.3522286178,2376495.752840479,1459969.1246264374,2325814.3419648227,1651703.2950861163,2543293.968895871,1443276.2556126055,1306235.9646515555,1683223.5152591192,2193352.950906494,1268594.411661374,2102283.649139341,1136824.3416765146,1866035.179564108,2275463.9434661614,1453651.225006615,1721718.859526014,1118643.13578672,2190942.368249423,1626581.4798874618,1367199.654882934,1414878.6980021882,1850362.8935268982,1842195.760669785,1579169.3592758765,2040549.0621566616,1759394.4762187176,1536055.6024708143,1814299.3144341325,1669526.6886800944,1709023.558304973,2011310.6090726336,1676714.2899568987,1878365.7334078185,1178533.167243957,1592454.4414515859,1608895.2531171644,1474954.9919013379,1907670.5520770205,1416062.9505624452,1715220.0930741655,1601770.8523247766,1743366.6905566424,1985633.7693851935,1609882.9588769306,1346653.964110683,1456539.9778088618,1680693.2297205415,1989255.0233215995,1823315.330510321,1780670.5050349263,1729971.0370393735,2136269.6046879413,1450438.8826632965,1635266.6667347264,1495888.1893077597,1507702.0360456395,1304252.1735575653,1463434.6239749354,1549688.4504893152,1318455.5088187365,1648492.5861358799,1450935.9504154436,1641883.9203459104,1387080.2207081672,2002792.6708409716,1601257.3782641024,2177551.951684429,1961062.4759064624,1457940.4156158413,943918.3695781159,1951712.869503327,1968880.6863819754,1481494.6208137642,1434683.8848106314,2030273.557428633,1433453.445441526,1771880.1544557572,1714972.264088079,2023930.5955558305,2731595.619481286,1958561.9885256086,2010822.9889999586,1980140.148851135,1626429.397460819,1193252.813516071,1902201.4321897295,1794712.1381922872,2017337.354046574
2033-07-01,1670213.750272124,1398201.5074629628,2254934.714722183,2492494.632679909,1452666.226010317,2148170.488281859,1554573.8223202066,1470839.8098132468,1512504.5689210403,1264447.1521137592,1527147.4810421676,1541214.6974758247,2372655.2614228274,1444172.133196039,2348808.87883923,1607637.8740850638,2505617.509150391,1435010.7601450894,1305234.2551191326,1659087.4577165586,2198235.4776607393,1282898.414892968,2081426.2794157036,1116898.6684656763,1867250.2281262223,2276755.3555113003,1444061.5117788492,1716717.4096087252,1120269.524484015,2159797.508925712,1598501.1769283619,1368053.348232868,1413419.3631751353,1878760.732538603,1852513.6037295552,1586991.9763779987,2035396.0161038737,1755559.8422102358,1517816.1975806565,1794562.3379292309,1664239.6565445117,1717353.3311368877,2033030.7590370458,1676076.4104031536,1891323.5149953181,1161929.5751839038,1603988.7209592143,1623255.7959885458,1457645.2506672326,1914079.1403259742,1411766.5744630229,1724135.6538834253,1578924.4265793115,1731846.5700753815,1999440.5284838795,1594803.8391456315,1349819.5862207755,1483572.7357107864,1701792.5104453722,1992131.481984768,1804528.1925458284,1794652.9707495174,1694157.772886849,2124591.789915173,1434684.900537583,1611408.0858510875,1507083.1478344724,1462383.1409426858,1302581.8841168378,1480571.7314636074,1552476.0373429991,1329827.0389886857,1645267.631674082,1461376.5272538336,1641269.8935107882,1375141.9649088455,1978759.0106469092,1599031.5790510946,2158417.549409581,1990112.8352998816,1469378.6150837545,930686.1255810604,1953644.0696227427,1965040.3686257158,1491743.4243233874,1424767.988456403,2022399.4261562903,1442022.1408241342,1744597.0079559789,1714509.1958849092,2043092.929862403,2736156.708320909,1952438.9658719534,2025491.0450102347,1953902.823780307,1615199.895394741,1202446.7853428002,1894633.1210183443,1781703.872799344,2011385.4374214585
2033-08-01,1686158.9652907578,1398757.4723707952,2285661.166133649,2504574.952698157,1465481.042678694,2161701.769216491,1565887.7589649644,1451616.2814394857,1500253.2914772683,1241907.7804468733,1533654.136247829,1543669.6820168782,2360913.473920158,1437063.9449789622,2357611.7237451137,1578025.6421809422,2497291.19546127,1439830.5707990527,1322789.0379738729,1630198.1030150887,2190396.91909805,1278289.083217267,2062709.2342970278,1120306.429390969,1855415.4441690862,2266885.285704363,1421135.2984804583,1713129.30881036,1108877.9703325029,2140549.833345606,1604183.9573618246,1370036.1438455223,1400215.760300198,1893246.7936371462,1848726.0529218195,1592355.8333663,2039587.4041064722,1739235.8386989115,1508777.222251337,1770077.420130015,1644779.1590125246,1753450.019494289,2083499.5860101674,1686326.4384986495,1900993.637021203,1134775.2483250436,1637194.7384895596,1646534.681818837,1456010.5436712082,1934585.0593638262,1417802.3030931805,1726043.0850503005,1574972.43674269,1726125.8543129156,2014456.4545407298,1582527.1660498767,1348106.890688652,1511509.8252141103,1697257.5723612001,1986774.4443018,1766079.7872939254,1830064.0501048586,1658220.149968134,2136374.0939469943,1413545.011967009,1603408.5865850025,1512120.555700889,1430888.5908591116,1292250.6439561262,1486244.8348504524,1529232.6750431943,1335925.885607785,1635994.543066249,1478741.9600652638,1652304.2147806697,1366274.7876713406,1992695.6125342592,1622106.106224733,2146348.0842707762,2046945.6139882398,1486322.3630399525,927500.9395794882,1934158.6103329752,1962187.245420832,1488767.0723952565,1438033.4347030104,2033558.7709148075,1459084.6456940044,1726550.8533343915,1725467.05760949,2066446.3660561652,2766123.432692126,1937204.5358922053,2027868.5980820737,1921357.6092971622,1597161.2370790644,1214853.9146158255,1869404.7447552923,1755858.9879617537,1993700.9051361324
2033-09-01,1713829.9927475315,1405209.1102607758,2319550.7023731656,2531665.271900086,1475331.1708740871,2175139.444127911,1601035.8983970014,1446272.4211212213,1495977.5618960224,1240419.5143221389,1536041.5469385455,1556349.589068885,2356915.115042361,1432477.9864601076,2357395.3890195144,1553337.3421366834,2506271.0851527993,1444088.958597908,1342296.2114755183,1628657.521416676,2226107.1997625544,1300776.3538021771,2061755.6711363508,1135460.083473668,1846363.6853089505,2274656.503828535,1421931.1373754754,1705662.9726457354,1096756.29375846,2143540.3080622107,1624727.3064196492,1392758.6154385922,1394868.1443534014,1914921.6088152262,1852091.4920562848,1580829.048322506,2057389.35589109,1727306.0329807452,1518631.228463867,1742509.2124935952,1641271.6090455838,1797064.5911048616,2144937.3087596945,1702463.456382655,1900359.9953294029,1124444.8495380995,1677287.6414917714,1685391.9375971016,1460268.1827670177,1946967.2859401878,1432152.5538254948,1720127.6977055366,1591253.9826238698,1720411.3036321527,2048606.3012004122,1571808.671528578,1361656.4659191938,1547151.865590374,1691131.1287303658,2012329.9836096684,1748183.4269869917,1873694.5860730284,1658286.0730814685,2162261.785503155,1406191.5142352195,1638146.964323877,1506548.2053227257,1415660.0916836432,1303298.8034214415,1479848.0466361882,1506478.7376634679,1345432.5725077377,1654747.8140782767,1483690.1346528933,1684293.4303629461,1361856.9903480383,1999202.975872121,1639097.5558051073,2152958.898076937,2076812.165153905,1521887.8941411076,925805.656136736,1926367.6565726243,1974574.1713184773,1499740.2769473474,1457893.8295903278,2024538.2312706853,1456569.9340816252,1700166.016852495,1752651.162977523,2113011.1184438653,2791546.4409452938,1945547.8100427976,2049237.0714295781,1905221.655217874,1589109.932709164,1243044.368571318,1840865.8578609743,1776781.949998667,1995644.7486097028
2033-10-01,1741904.9278572397,1424021.0071376723,2354041.9127983996,2558952.446998285,1474785.2775005489,2195046.8007348534,1634930.0219212645,1440210.035226823,1505521.570688977,1233405.7643869144,1554053.0566170923,1551337.6284398953,2346072.012175806,1431566.3547480528,2372862.0565845994,1545274.4809632935,2521274.2625460187,1433673.389859191,1365481.1236512326,1620795.187612982,2232171.3275758335,1324765.1785747504,2110584.316710263,1158323.2958678077,1862467.748606506,2316339.0016485057,1414405.4300806343,1705901.462091376,1089395.2995643872,2155451.183390608,1661115.1025723726,1397994.234359456,1392543.0578404632,1943185.2539771132,1867026.5218262014,1592768.8383604605,2073243.8215764225,1721624.1966392908,1527167.585517592,1726491.1298852027,1632754.0561009345,1838640.1364655243,2181286.552733793,1734611.9126980503,1888452.1098049916,1122876.6841921676,1712606.384891657,1713585.3621471983,1466792.0058139097,1989163.95288232,1442723.3239210234,1723240.8364218317,1619879.1223592453,1726119.6698954336,2070049.0452668236,1564515.6816690408,1369437.9808438835,1564420.2389556319,1696239.2218299026,2030585.8056419608,1736276.8930895207,1894768.5231103401,1630615.0770115296,2203454.332979487,1408604.9732085478,1679298.2481377358,1502347.3526280867,1426496.3039123113,1308316.924391334,1481873.0735392477,1511244.1271969872,1361638.4502210552,1647682.5694263778,1481382.5768892188,1696918.878318578,1346061.2336726466,2019533.9195363664,1648566.281493789,2188586.733876705,2090136.6246014656,1550711.8279612134,932986.1313176692,1936278.4029001277,1982564.9024217618,1509865.3041083354,1489358.011576702,2051335.0373048205,1462410.2415388823,1704475.5532272428,1766969.7325379374,2143472.140364879,2779432.852947692,1943040.3645400882,2041709.7095758065,1914894.9816384455,1602731.7214535938,1243762.4603545559,1809689.0078669575,1776941.1085117816,1959178.3989449127
2033-11-01,1749685.3791996888,1425093.2565507013,2380374.7822675584,2587694.7990206233,1472203.27932549,2197766.581399286,1656701.8863490133,1448906.3356725036,1517882.582181196,1229802.361492695,1555555.8084739882,1552913.2846261193,2325544.2452685186,1419575.7793788773,2376983.8753047446,1553996.9423459382,2526200.29090136,1405897.9013033162,1372751.91544255,1610230.6362219837,2251951.97911724,1351924.9695944262,2173708.212622593,1174463.5656620322,1882345.2586204899,2373904.0791803887,1426936.0197703775,1722062.3054261839,1085880.739395844,2179124.8783622705,1683044.4718456506,1409380.1915949336,1383476.2118676393,1985509.927173626,1895719.2468016604,1598842.4565104675,2060695.6728154402,1720501.0982168466,1535183.202054406,1720500.785033293,1626020.3106743742,1866880.0098602464,2201738.07402212,1743056.4012192432,1858740.456885709,1119954.1681515703,1712536.3906276955,1715039.740504018,1473403.9615711547,2023102.0137433123,1449297.941532763,1729968.2712223383,1625075.5713151318,1731295.9003307025,2074641.90081769,1556962.0537139508,1368786.8869040993,1546136.168733693,1718404.5311269488,2027080.6434911343,1723199.5659251565,1889080.985117657,1621292.012470072,2228164.189330627,1426065.4655452645,1714181.3392729515,1483658.4814291804,1449260.364964068,1321786.64925868,1455595.764837392,1506879.7379355303,1365477.9599763346,1638706.9662869603,1482394.5293044138,1719797.0911046225,1348519.917231952,2001948.2721327876,1650120.5747096736,2221519.8607333405,2087234.3195483696,1574219.9969735737,941755.8046337427,1960548.396745191,2000053.1922244579,1488873.9889810542,1500301.5883142499,2067680.4663937737,1464727.751679625,1712300.278188131,1752473.2391936062,2142377.015438667,2744172.7287748605,1949302.8346908686,2057555.9070410025,1921210.016694027,1610173.8681775725,1237625.0947991535,1770366.3280745286,1774173.796402202,1929893.704329942
2033-12-01,1739723.6004330148,1428150.5601930094,2414700.542041875,2613381.278275861,1481189.994234849,2140183.848205896,1675477.0033340422,1439074.3192917113,1556304.062334016,1220531.6818268136,1576534.474614367,1556752.0441951572,2277914.592418043,1418367.1524161508,2359239.852490267,1543492.0329854898,2545826.478309903,1398758.6589095842,1374032.2873768965,1589792.3511955866,2279752.377954767,1375096.663343685,2222124.394385644,1167065.4773780953,1892941.5266643541,2427492.148673329,1432352.317942698,1726095.8732859138,1090602.1255197814,2167193.155644883,1714156.082787278,1408334.5864639706,1399777.7603544,2020888.9979641598,1910387.1546077465,1607920.3238491467,2060943.3849570493,1702831.9730444823,1537615.4179225815,1720504.188270916,1630410.269724736,1874046.1278404791,2237575.136932241,1755245.3887833403,1818456.7205323777,1115499.5708538769,1736377.6511241572,1707456.9588103062,1477004.685465158,2079773.7635694086,1465283.6781464291,1739173.1780039787,1634498.0620950584,1741371.2975128556,2059588.9351519253,1548616.227388252,1368410.8054489898,1507641.103673408,1754341.6804319758,2026129.7355774464,1716214.212932695,1900724.288940665,1594436.0369573273,2234122.3329900214,1427058.298639466,1732889.843963186,1509013.6773745436,1480673.0286518212,1300530.0680742285,1440874.1076957074,1522877.9106442765,1367387.9215513268,1630297.4344220713,1511571.3301173104,1730046.4192731183,1355226.8214679884,2013040.2833044904,1669409.8307461266,2271503.9389217156,2082556.1872943996,1579686.1592202415,941035.6764808836,1985792.1177484673,2012115.725855586,1480478.4436918965,1505773.8055008075,2085078.898641558,1467231.3331638344,1708943.8261247373,1727228.9627206547,2107829.4385038195,2748033.162373929,1947165.078769815,2093424.5793042125,1931989.4393726555,1628510.0291064084,1228441.456547758,1757633.169839879,1758893.0329141123,1907777.201496166
2034-01-01,1738160.6152188624,1430257.980035772,2426818.620593193,2636199.5870897654,1520533.3377638462,2138186.019668476,1688365.0950125582,1427118.4866586905,1596190.0246533023,1227299.4394046674,1604840.403412117,1568768.758777658,2282408.7967284764,1426661.6855955676,2387505.088949698,1551679.993597338,2577298.546014554,1404275.7161717326,1394523.1062456267,1598109.8313661783,2311208.7979835304,1397271.5838905466,2240600.6349136005,1160973.3558875166,1928753.0947479773,2452967.3733251444,1443161.327358151,1745558.3053271046,1115867.2170401262,2183112.3800007445,1760334.006967745,1412387.7717804927,1424157.1614342963,2057704.9959569247,1953996.3316743278,1620627.422188142,2057673.7204146457,1670746.061421935,1566063.703528433,1749834.1624013712,1633401.280385497,1895991.9043771934,2279888.428012204,1791085.5043210504,1806274.7137794471,1108345.2012256838,1757204.0784115717,1713897.26285115,1497677.2565117986,2151081.4326597992,1482586.0094180086,1759630.6227314193,1672690.851015912,1765708.1225542692,2066385.1274980574,1562802.7724055422,1386518.0916163197,1474775.969193407,1783685.1431673204,2025996.6796418927,1726691.3971184655,1918020.6538068873,1586511.955763,2240709.8063108684,1438738.7048739593,1761700.2801060514,1517680.0652597742,1502102.153097168,1311648.1570237463,1440447.2568442535,1545856.7104427821,1372467.2428403343,1633054.5323540636,1537177.8825362427,1716386.1178781905,1370005.7752788474,2041687.5220663704,1696666.5277148136,2290007.6067224415,2079561.8368687597,1603153.7606778475,954626.2583896073,2019924.4407984475,2018888.334558545,1471777.8205534173,1510434.9694406188,2102143.2824469595,1491203.706097908,1709233.1613000473,1726059.625040965,2078130.7490322764,2733522.8869166365,1920869.221299544,2157856.3021877413,1913476.8380448427,1631652.5635621913,1221922.0595490837,1742014.5994695283,1760830.2361075422,1923603.319375355
2034-02-01,1741777.3843518137,1444881.5616791018,2447976.9802814936,2655133.834275155,1570131.6534348682,2149530.059258657,1701829.8456809288,1417105.74913024,1627878.7565218,1239202.1638412562,1668306.1339309905,1589433.7243188568,2314065.4684419064,1434321.4755402643,2412244.3252441157,1561413.0647243056,2604001.4264457924,1401138.7335121965,1415905.3306325625,1624558.631565538,2334471.3296158467,1423558.8362156986,2231414.7814578977,1166875.0315049132,1978356.7933695011,2446608.053466992,1464342.1712428443,1774473.590521063,1150554.3235949595,2188247.5613884013,1781366.2935703543,1415155.1317090744,1453821.0951651789,2099481.0202845526,1985674.4311438424,1637036.8519191113,2078595.0835047304,1660401.4614518443,1589578.854248528,1749812.9772285188,1668101.8112712097,1923079.7970216284,2342973.1774632535,1811916.63213635,1821022.1131186688,1102550.7347603925,1815902.008295307,1719732.2639832727,1514678.319621532,2229943.8016273375,1512345.5153645775,1774049.9664200095,1712073.692863691,1809939.5335343676,2086504.7030419642,1595601.8402084261,1411375.2749175462,1480997.3243787761,1816733.6211483972,2026785.4024934915,1744486.0069219756,1953037.6844116386,1585430.59737151,2234169.603654895,1456524.2731730964,1802587.981145521,1560222.9071867184,1507730.048598724,1316039.3880171753,1445070.3936459003,1565963.1574284036,1380149.6615095285,1650736.6352319752,1577053.812892161,1709009.2582624939,1378673.0781949637,2070621.4524642758,1743198.8287154855,2305709.0619832505,2086905.440594643,1625209.5772151998,966960.8334470335,2054951.3221088457,2035045.9057239362,1483574.7322166043,1500590.9784873556,2132434.9734501685,1527924.1331832656,1722933.2799329893,1739262.336808239,2066334.3952626912,2768446.8067213846,1919734.8316200797,2207714.9529221617,1928810.8826796068,1642867.035189106,1235244.6944151402,1749723.156911576,1785522.6155916664,1959196.8807889002
2034-03-01,1729115.845335196,1459515.7951625308,2448155.9166042954,2681162.887620285,1609796.915875726,2183313.262839106,1698373.1945104143,1395399.1251077773,1639743.0320250506,1250099.4809961272,1692926.845056736,1605517.2321334584,2327930.4457089333,1435478.9377939973,2436855.6672654864,1590184.4362034262,2601809.480930718,1386619.8544149231,1426332.8156406262,1642328.0808689946,2389889.2422997607,1450721.749240686,2231507.2278435766,1152746.2638754647,2013526.9545253636,2435551.3261099444,1454168.8193534599,1789707.3422132684,1157263.9196769414,2176130.214767115,1788804.011896517,1416144.612455066,1461480.326777328,2144940.9369203527,1986504.0546429884,1652005.2602278297,2129168.1677488755,1636531.2621763726,1597069.0955763087,1762918.5406755495,1699148.6278122761,1945115.4910088284,2372513.933404727,1845470.9801339542,1832219.7454291664,1106896.8207307416,1865895.915290564,1713538.4045553014,1521036.8352783546,2247837.3876901525,1547307.8922057762,1791597.8867664754,1722743.5881720714,1843509.583726509,2115535.336490915,1629274.3146989627,1427310.631051136,1493246.0914013921,1853482.8286504962,2015803.524235547,1747064.2855054718,1977829.5019239846,1582113.09547968,2217749.3581386204,1475330.544475038,1830907.5781361922,1591168.1487190684,1504777.404370792,1325142.3526922606,1430336.0090463574,1568148.6214260268,1377222.7344218732,1680572.2759757927,1609146.723267022,1710065.7669036784,1383607.326851601,2076774.7230714103,1776477.172269808,2314207.0137636536,2082063.3983559224,1638021.2477113495,975401.3793454424,2075794.2629655015,2044713.7710293499,1481596.1128634436,1492308.593730605,2137088.4925641534,1530811.2582745526,1725892.9559173575,1744050.722708495,2050404.0637832368,2789594.80151328,1925145.7771560785,2243767.826426508,1922643.6536123336,1626447.517943233,1242248.7087211048,1757659.7451950114,1799593.0044936696,1989351.7692396436
2034-04-01,1732544.518288618,1493634.9632064884,2469105.6624216787,2730388.9796766923,1634077.0904343543,2202959.131408172,1699312.340015803,1390319.801950974,1635764.225453426,1256701.234082115,1706044.807407261,1610356.7890165627,2340899.1249494287,1431447.84521961,2488377.879107437,1604990.886603869,2594582.5776211442,1400683.9278181752,1440205.8994126543,1669203.8149287659,2400577.249044171,1486492.3084982063,2258558.9471426373,1164701.2779743085,2019172.306388133,2413721.8545789924,1480797.3135491528,1800741.3337696851,1151789.8460028057,2175404.0681857085,1798277.87394412,1433558.3761640957,1467107.1560724573,2207847.773641236,1985367.7974775503,1663628.818843434,2174610.9989996646,1622899.314613507,1598938.3593107923,1774082.899055271,1732106.1824122283,2000447.5199041574,2388999.580284369,1867710.6367849128,1815501.5709440927,1115962.821742851,1923408.4244310309,1694436.8001417092,1533421.7824649645,2259254.9888093616,1581509.2928459768,1787826.0948280967,1741929.508786881,1861856.1911059276,2137847.8008174044,1638150.724394316,1432210.612420014,1510500.1244922155,1910716.4937860812,2021356.7280320248,1763760.675220873,1976080.2655325546,1567832.9078668715,2215820.7015992175,1489907.7393066208,1855129.1632690462,1616183.340458354,1504612.1142393344,1316566.598268785,1433082.0017229673,1575059.5292362517,1374195.6283550817,1697488.881287915,1648299.9149728634,1724786.416931347,1393039.6233999762,2094970.072988227,1817846.7392058878,2302739.2781916754,2096696.2383669058,1633036.0407459275,981140.708975951,2089582.6321421806,2052144.704206249,1473296.7284237116,1503260.7898044828,2167391.366831069,1527864.280325996,1726848.0857340177,1718227.1545179265,2047417.7888276537,2796226.963713794,1974911.5817365793,2235773.5115284994,1900169.851512366,1648058.9299578273,1263167.6647058756,1775964.5112827783,1810252.3647222104,2014527.599137499
2034-05-01,1734243.277760902,1513972.798918415,2515705.352444497,2773282.142430772,1644622.3934663783,2204066.345434454,1704447.4842778542,1387630.2928463523,1640248.139977249,1264567.326656174,1697884.9732512152,1622033.4953067284,2392636.616004197,1454713.3584587981,2554881.993041185,1597491.3977634616,2556549.963372451,1419472.690297583,1461043.8764791796,1676633.3119263987,2430338.1356582115,1529110.2633670417,2285902.8302539024,1169833.445726385,2022007.6391454386,2419486.676804254,1486950.7457329857,1818106.8046638237,1136948.5110105935,2171554.2235727147,1851960.8336601707,1457087.1765801222,1481566.3506690497,2261426.7035083757,1997899.8156483232,1663470.3044137002,2203068.6785227684,1609111.3164953492,1621609.97402423,1798657.7260595837,1753851.5687036526,2055972.666287881,2403282.9774269145,1886551.8042203838,1809461.6151618075,1132677.1507794845,1973259.3300093228,1707793.172600678,1561341.6057023585,2254549.0933997165,1628565.3882122342,1824289.6228554084,1778654.1175173812,1881903.834616467,2155165.938934671,1658863.3151805687,1438471.0777127733,1511781.8868706496,2002532.9311990268,2004026.8668303222,1803937.3965045211,2001039.8537631603,1552570.9523669758,2222063.178551415,1494034.5021154352,1890146.782957834,1637899.7547194222,1528292.2080593111,1317870.099188443,1442676.8331324877,1606313.6884185218,1376195.1658717263,1700681.9286546488,1690335.0263609486,1746336.8460106743,1409586.6324629649,2099181.168422615,1846777.6584606997,2286243.8590802657,2121771.831937728,1631022.014600101,998899.4114688302,2132476.673608504,2040962.1551101569,1484090.2455782422,1524599.91320659,2198677.125837728,1534295.813285123,1750366.8938277944,1700012.557819981,2036613.179622473,2768075.520450837,2021608.4967282773,2227882.622356765,1915143.0007926454,1662938.7931300192,1269435.910936471,1799148.543737744,1829284.762836951,2028915.4956994054
2034-06-01,1751713.429295155,1525514.489548709,2543416.769630931,2808048.2566818553,1640096.6129721159,2231350.36583008,1726603.5921033993,1384896.7995551503,1641879.7845093433,1270680.339045106,1703081.912948166,1638161.5189294568,2423085.5730099306,1481678.0787510881,2629543.404419504,1576226.248071092,2546318.5300202803,1417049.9324388234,1472096.9272500414,1672919.3078256357,2408939.33262054,1559423.7358232462,2317546.618153583,1183267.8534457027,2041143.3690287292,2390099.9027729467,1489020.2530357887,1822308.4943898043,1124246.2345944198,2174881.721654438,1901584.9403142896,1479473.794656277,1478142.4225228268,2280366.3959164512,2033084.6370567956,1649641.9112923765,2240968.075273456,1596006.370384094,1649787.0100789808,1793781.7522603085,1762713.443166964,2092597.1908845433,2432231.159987597,1900218.8087863629,1804163.518685182,1139533.27097388,2026929.538874481,1702549.930583765,1584923.0451541524,2239910.395460124,1644672.9467787044,1816036.3080745349,1805027.5573369644,1891641.7144178674,2152961.085077826,1652240.780279242,1427433.5643245908,1503970.5235783712,2106397.7188930614,1986410.5094967638,1801973.957865678,1990956.6120442292,1545798.2660868645,2236369.993283358,1504080.109664693,1915585.584341832,1622747.7189968326,1523073.8763587794,1318097.835712056,1444010.5480959543,1597880.8370154307,1366313.5321252446,1682296.1764121,1719259.0048062545,1753363.037029522,1431694.7983521898,2109915.945226943,1882893.0604451252,2250827.230488219,2119479.060989838,1624147.6811723695,996767.8769243398,2139075.7171673705,1984665.2601948949,1488915.281132676,1541315.2564222333,2239526.3053026106,1535361.0222508751,1775023.3882531994,1676321.9675457191,2009663.2455686396,2766845.913442649,1997438.6047992955,2230946.9575260915,1915666.1903882395,1677646.883342439,1265371.3619946253,1834561.6431348717,1832837.154638968,2029887.9726280062
2034-07-01,1751619.9617373818,1519920.026175873,2546969.3259927663,2810220.5783539168,1637473.3615180994,2225098.139722183,1743390.1782144655,1367805.378670419,1633298.5825074366,1273019.051174417,1717789.0484876633,1664454.5191082293,2460308.7320372197,1481926.1638322035,2635897.384920002,1554425.9565453948,2494288.7969405805,1410247.3478096542,1477900.9610348435,1665813.876872199,2362858.3784171687,1581891.1553340578,2325224.1818691115,1178250.9632232212,2073659.408756251,2370776.5492918724,1488143.2677362738,1838182.0562673747,1114992.808415632,2210941.9859991143,1909091.86729397,1500289.859007876,1458811.0199616477,2287148.170503573,2058457.7370810802,1604176.4394587239,2273009.153357998,1580938.9119626798,1670231.604558943,1784218.2421819747,1753724.9957571598,2123591.815193507,2461364.135110095,1919141.5117455854,1808125.1086384926,1117837.1682965895,2065143.7375259958,1671950.1375309045,1612795.2275778558,2244083.8488840973,1669480.7666315848,1835444.077744612,1804897.8526760044,1897709.5954875506,2145157.8234910667,1637706.8713525378,1409163.7141112573,1507081.5769592195,2172578.7847645003,1975067.7602626479,1817200.7619589653,1983716.1335356385,1536029.762942089,2256632.6167530916,1508564.2270370557,1940849.4994846168,1598463.2255468983,1509605.9596361516,1306676.6980188948,1427332.8805006198,1563132.3014050096,1360737.9591325657,1657950.9838625905,1706227.6313950405,1756749.862824899,1441586.9095309665,2091560.881351252,1913491.1840780568,2230700.3429743377,2114657.9944419772,1625031.8002743837,980899.1264376928,2171479.0248629786,1947782.957870623,1484751.694865967,1569963.3781060332,2282086.551048454,1528333.8027294432,1800558.8428332154,1671146.9334354086,2024514.0725244246,2783478.644910494,1965868.9322353175,2225026.922580515,1931728.5565250942,1686847.7570141668,1253731.9907319155,1838529.6251145122,1834549.1164616523,2041698.7791013764
2034-08-01,1754488.7872465735,1526024.8858781385,2541750.6769697047,2821724.9591182778,1645952.052262676,2225897.5676250453,1740309.230365456,1367514.851835214,1629338.3858841208,1271684.4467190471,1735055.9047206207,1674208.1056636355,2441934.9418437853,1475708.7690459338,2651957.950359768,1554716.2242877544,2469826.3774689613,1404081.4562459944,1473745.5200665626,1675159.7924148375,2369161.2012933143,1598435.8271711154,2324381.4371181293,1171826.3076700408,2085394.6815092044,2343756.863024048,1473690.7018400484,1861945.5316530264,1092506.6374513134,2232468.643099382,1901377.7137945052,1505345.317980444,1467481.3413830174,2321863.160798519,2061412.2454386437,1576927.4311206879,2334891.3540852824,1566605.717583331,1698267.8782330991,1785744.2768425946,1743101.8170425892,2131202.244927294,2506304.048969965,1926625.6946267304,1829090.714080252,1086906.6802454074,2112639.8246394703,1637809.371529802,1644686.9647236269,2282845.395383238,1674351.5486610066,1841298.201636224,1809841.4873373574,1884177.155855236,2162268.7846474405,1642787.30294707,1384670.3498522784,1506679.4481059192,2231975.615981931,1992013.172058774,1823559.4203172766,1973180.283017677,1543739.3256267784,2246295.172548129,1522395.6887846019,1960284.5365439153,1569150.382799631,1492667.2093225094,1308726.6858873237,1425843.2030720627,1535176.3725114001,1353342.7941045973,1650786.8802788004,1705573.0569885564,1767532.263070154,1443138.5599306251,2076748.9060048207,1943636.4885646554,2239771.5723490277,2102795.3317504926,1652220.8828605453,978796.597901776,2181697.802625544,1913836.8999944215,1468770.8250283606,1592252.0320064733,2319019.837452599,1503312.1853048126,1822721.8661631471,1668995.7367777086,2023198.123583257,2826919.8573539318,1946702.74846233,2244319.1756114555,1954527.363897073,1700720.3206979083,1255293.8594657248,1852180.7372756454,1811522.2379810542,2038317.2332774098
2034-09-01,1761829.6359911303,1520041.0615439415,2520308.919000034,2838454.785968101,1691863.1932010842,2247912.4882955938,1717515.2409750822,1361741.2284493377,1620958.3221965183,1276253.871032855,1741635.9684295799,1704943.6390432836,2415981.219643338,1455329.3258633115,2679228.680465596,1584107.7355054314,2427892.575552953,1395577.0791843785,1474364.161786023,1695630.1681395741,2394394.267491935,1630356.6414899067,2346525.442937302,1165398.4882333467,2095754.219378163,2332317.605640206,1469738.6920963812,1894632.1474622726,1083685.0331271414,2255092.6906798235,1872151.072790422,1509107.0599473538,1506678.0728346552,2343754.6295878985,2071938.357848378,1574081.099613469,2381226.4816693845,1558798.906479425,1724479.7333295704,1822465.5940330313,1765458.257600725,2175684.4659564644,2536117.7843903527,1957281.8401142915,1839267.7040194867,1054148.2763966862,2160419.732731456,1630093.0626031978,1671338.5489376725,2338520.8482540897,1664809.1002950447,1880039.8559889286,1836879.070217333,1876799.1565468856,2188539.99553808,1652376.1066028096,1373156.9593772679,1506473.6410704837,2266924.920987929,2014913.735801497,1841836.8567181167,1969908.6249422454,1551630.4585049115,2228004.703589386,1570504.8120338782,2004522.5602283578,1580825.2739749071,1498166.7575451466,1338554.36679956,1430059.372914472,1535734.4220972674,1357498.4865756345,1658082.306871736,1715049.2597983305,1767512.8129282133,1450792.259026528,2071746.7001093565,1959950.799227338,2250782.0609148676,2119761.9437041874,1679389.738763659,984592.1717456613,2207404.470630107,1920580.6590995027,1466166.6667368615,1619349.7353625358,2309103.0314645693,1503629.960957498,1861488.1073060825,1686269.0646418326,2030297.5052877432,2854452.568801535,1961039.1240590408,2254956.6631128914,1969111.610241481,1709853.3353517384,1261025.455563136,1866094.1908390347,1789816.9363708363,2048176.073143708
2034-10-01,1751433.205480112,1509607.0445213402,2504423.6194450255,2845901.853351356,1728361.2214707392,2242197.5596177233,1703907.7564993373,1358290.0095067932,1627471.10780455,1269078.5688169138,1727603.4813234846,1716886.5343684503,2393590.392665743,1448873.85292293,2714020.1344274934,1603647.7909563005,2421678.8765262733,1397105.2121667287,1464928.5559980515,1727639.5610595364,2437120.3340602247,1674594.2174706555,2365179.4656786295,1175834.4383784544,2110423.2574393945,2352992.9150357996,1462432.1687291837,1917204.513559445,1085948.536436181,2222651.6005455945,1858966.9720505946,1500428.8248977491,1551412.4739656555,2371472.540232695,2074809.0730823777,1618442.5414044035,2433223.060714165,1554371.730461946,1735764.5787194718,1864008.6062623763,1811179.6289830368,2182214.902076251,2555957.806560066,1981678.8364220164,1831866.6179106564,1030468.4799338867,2193670.0748914126,1612153.6514751592,1680273.759761306,2344449.734980779,1667287.7368137878,1898380.5551870274,1868325.8798122727,1874183.054513792,2223489.026913178,1671831.9085126729,1371426.3288781294,1506767.7651859785,2265337.006981187,2041615.9561853537,1850924.710045546,1959053.3197673908,1560031.2678906475,2205154.208427499,1624280.6114568945,2044805.5427225847,1578913.559219688,1517447.2888787766,1366831.4574831156,1436105.114880296,1512393.3647883728,1367634.52815742,1647562.0305441692,1738691.368195038,1784669.2185777812,1456369.135769372,2102492.241768855,1952089.1704071623,2228203.166778903,2123940.754368104,1690099.8415355063,995655.353047209,2202221.0614418304,1904662.8194722647,1452694.2050624837,1653703.4948409933,2293077.2695131083,1497015.4918173698,1888385.3409119744,1689076.559779299,2012776.8737597447,2888877.885435621,1974123.112274473,2243106.237979007,2029265.4456333013,1718535.0656771075,1276471.6260892618,1851937.59150304,1791073.5392396697,2072668.7045153354
2034-11-01,1750191.050216794,1486331.183103095,2462088.999113735,2808748.0430920534,1739137.6196202147,2219422.7124293717,1702085.0195174858,1355668.5137872475,1616445.434289845,1278959.138645525,1704543.3314899143,1742159.1012018723,2366365.562599514,1458968.397284376,2751017.763769106,1613445.9239568464,2397356.234362926,1405209.1751176417,1432787.81611514,1741322.8529625977,2482996.3139163116,1698935.124132252,2370862.4079962275,1177503.490378421,2117106.1867455347,2373327.4020165955,1470489.719805984,1935125.4797096716,1101246.5942503659,2211748.8037009444,1844146.3256363648,1486326.096759096,1582525.0674953086,2387723.6151946913,2092465.4837991495,1647400.013148872,2484479.358080015,1556897.4115617464,1728276.8016470107,1869126.215221202,1863706.1794615502,2231918.678773017,2564338.3656391976,1990325.2244754934,1839426.6910966504,1021894.4632282353,2224718.1280429363,1622120.0052668045,1669120.1425323628,2322843.624939028,1663604.6098864293,1907586.24623418,1891352.5250278565,1874389.3844675224,2250541.9618429733,1669915.5176352058,1367487.3239772809,1507721.8806613383,2262674.080505884,2052131.4954896984,1868243.796137112,1930357.1874059676,1546355.5613093302,2187263.298501095,1653280.0349689873,2064543.2295976637,1587797.4230605152,1533717.3974562609,1382198.0265530252,1425484.3014878416,1498071.6959915748,1345745.6567193673,1659703.80631877,1752534.2565811842,1820149.4458131029,1466566.4816439908,2108079.2301428462,1941259.8843841567,2230194.9063867675,2115787.8875143,1684454.5488271175,1012170.4714184457,2201858.004329392,1879993.737680353,1457973.2409367156,1685807.314339507,2235129.319462053,1491537.2091208063,1906888.4441180127,1679941.3299111475,1990846.1099355053,2890806.4372047917,1965225.6026570736,2230410.028648965,2059776.0403542628,1687802.9344371848,1284394.8247399658,1839688.1103753697,1790820.7224307023,2098594.999044596
2034-12-01,1742905.749224938,1467995.7619666224,2468249.964153742,2778860.2125063515,1748641.7777116834,2201456.1946519935,1684391.847236104,1358306.5283910332,1609672.619359572,1283889.5212492421,1689705.7012387319,1730295.1205093688,2330745.699525547,1475848.5117941762,2776258.7844741833,1616466.0012192884,2397119.3651961535,1401585.909027308,1424938.7920314707,1762416.6068457488,2533345.578660937,1726963.6295245788,2368156.313165341,1197144.2042508349,2117448.302563047,2386515.695139073,1462288.3304203418,1936208.651077655,1102825.7825310659,2222734.2603646168,1866477.4439759385,1460567.353166923,1596347.1509088532,2386308.4244074477,2104602.519326414,1660568.3929269128,2515196.1398201804,1556535.9869696691,1744615.1112228555,1851788.7501702886,1897149.4440291612,2264241.8685161415,2557138.230440829,2003942.8539325695,1829832.8649588628,1011390.6468882059,2236290.8805555813,1647862.3673349593,1663215.9075799845,2269725.034715441,1669218.440189294,1898035.0966542023,1908133.3381567674,1885578.2511490257,2258430.115324109,1679705.4403425243,1370928.1343248214,1511871.4038183908,2266950.4229038493,2084619.7661199253,1889489.6390830944,1936662.326540214,1531356.0592514237,2190731.0029053865,1661450.2919920273,2084065.5055423698,1588415.7829790846,1540375.4716903188,1376706.867280524,1414305.177495219,1476476.1916888608,1314326.7114173598,1652038.2314498972,1763188.0152039295,1852861.3608905221,1465467.9804651071,2099352.1599204103,1940973.280674614,2241443.6823101463,2121724.7509489553,1697077.4127859944,1015174.1741715949,2203534.4401566866,1871880.0277304011,1468594.0644483867,1701940.1259767197,2203332.3572407123,1481858.225113455,1895811.5610033812,1704664.7679940604,1997155.0677343723,2895234.155554942,1958391.3151788204,2198319.424479084,2106588.3111096,1656129.8571853028,1298731.550476218,1851939.9550604268,1803627.8270358357,2096562.6882919082
2035-01-01,1735974.0484789356,1467867.0618995228,2494801.782516852,2799724.682888854,1763472.8535374454,2212659.4655495742,1690492.1708803303,1359114.7229651327,1620655.1682023262,1285266.5398437376,1691263.7347932167,1743774.414274129,2334986.3796618306,1481682.5091534143,2828525.9466326796,1632962.590447795,2416924.125187399,1432223.060824995,1439657.191246747,1763910.9191692856,2550200.8184108236,1750920.8623322418,2387755.8162714913,1208437.5379612688,2120587.193979544,2421060.323512592,1485733.307180081,1946345.435676193,1093927.7967626874,2267711.7867976543,1882440.188995004,1460535.933590916,1601672.0591158385,2362545.7034823797,2133641.4018819733,1674815.6106632424,2556299.262569538,1562027.9153626158,1759923.7594713094,1848023.6415728289,1908825.8237043447,2312322.100430936,2567874.39796319,2038843.6714519474,1873206.2342540724,1006616.4079317669,2270318.6810672036,1700155.8279254285,1662684.6269873125,2264522.769702333,1685226.8522741133,1888959.909469826,1927653.0986740983,1896997.694711098,2275547.4432198512,1694855.897301449,1386496.7897032718,1524632.7713098205,2296051.011377538,2091027.1858087,1926005.0519011144,1941494.193457308,1545735.2800607109,2196580.12354002,1669729.2574054918,2094811.6448684689,1615732.9706114852,1563322.0059243327,1382777.2427219714,1423689.4166286218,1491564.589833574,1316894.1011742249,1668516.0548712118,1778826.4698003642,1881403.2679721594,1474300.1141927622,2105715.3596003186,1952635.6237114964,2244294.298536314,2159651.350876049,1729856.6346090806,1031663.3690159083,2214318.795869489,1890432.4906558779,1487375.386246085,1708673.2831124081,2200433.5585476975,1478802.8385715238,1892560.3694745388,1737346.2471292783,1998030.4943301913,2970809.180759957,1961605.5101383338,2195612.561516091,2141691.4287542296,1651423.7915275712,1316905.8452101292,1874189.4176988387,1822609.738150438,2104467.826666184
2035-02-01,1724865.4439584492,1472279.8043471798,2566573.524508279,2870482.1787522146,1786609.6046178802,2212296.176431331,1706905.5185985933,1375983.3756650568,1623421.8774944323,1277968.2429564982,1714684.1384356488,1750133.971830054,2309887.704163953,1482583.8679513722,2879419.706361954,1629770.103805629,2485720.4980790196,1451732.7048394536,1444860.7519003532,1762064.2624730854,2594607.0700419736,1784248.9281857228,2418634.8119162,1237064.6219126175,2149543.6694814004,2452163.9786231397,1507687.6830168278,1947378.0474099768,1093306.7455032691,2325980.123495808,1912929.7403957872,1470034.8892249821,1628447.2597923053,2365748.2885520104,2154625.4671827885,1672873.2263543413,2612752.3020807924,1581186.6530652193,1793881.1619779535,1865663.0763941954,1910866.2463591741,2378356.799918522,2586570.468464304,2078722.1641599268,1909142.1061956664,1010326.7724297739,2299481.052511702,1732730.1747737627,1691418.6255316255,2287130.8506936594,1697686.5718824442,1911099.02350721,1939460.150283535,1913708.2090818265,2312556.30751175,1749900.7362282793,1419176.1887895176,1548834.2502256958,2323171.449182387,2083849.9653519625,1942944.264751074,1935685.5876530595,1552777.7767936627,2190485.989751307,1674412.1809262545,2146952.4006572575,1648340.627999007,1575632.133897038,1410450.0615441222,1438422.9089629427,1538410.9732939105,1329969.2836151032,1683245.4329523982,1795236.8920766055,1896583.3862920532,1478237.67092391,2108018.3663943326,1948871.6800422617,2275972.976802226,2186881.4962740336,1771464.5075359095,1048529.8124853976,2238418.5614273273,1918476.7642725613,1496306.65601512,1708742.8331348868,2216878.555345593,1493853.4897976667,1923103.1111772223,1767705.8563199695,2000421.4004418303,3059628.8127321415,1953692.2649058471,2189184.3460251344,2190488.34021102,1645386.5501452542,1352612.8910541413,1897552.4052527435,1856454.7306283521,2134934.109183443
2035-03-01,1727562.1247213855,1485224.846746114,2571269.504485326,2949028.508289934,1805747.783180379,2216653.9708616235,1707838.2926989037,1390606.5521942056,1603069.3977817849,1270119.9992190113,1744158.2043087035,1758223.5552819672,2288272.1620645025,1474288.0733955067,2921636.585957704,1634671.6454253087,2537090.5230145026,1460908.8311220591,1427598.1127040018,1750397.2248874318,2607867.644853208,1804732.7429541922,2432922.2315028193,1253613.4890941097,2160178.397115874,2446896.697943091,1531783.268494923,1955738.1963527927,1081168.477000812,2366103.310833206,1919136.0362069055,1478317.6480238796,1641998.6565874927,2377757.551077863,2154937.017827178,1670993.5869302019,2674815.065943369,1599252.3460283962,1798535.9087003423,1865795.8746954044,1891168.7669315194,2407906.4815329136,2579218.368581934,2101895.107917819,1922343.731694848,1007666.9600061552,2315871.5492751724,1729222.1532447997,1684395.2759074706,2298731.90514161,1709732.0255603767,1924959.242140735,1939414.8766048541,1932777.42425276,2364486.2733459533,1783715.3182766037,1446783.5650300628,1584712.9136384323,2356301.811017809,2082157.4128576268,1947418.8408148633,1942119.4251836536,1559511.147195241,2191489.6439655954,1671658.487288568,2190269.3108780873,1671690.9847819384,1570541.7268480365,1430015.625160831,1429105.8329650892,1609560.632743131,1354967.2102864017,1674610.4813917603,1812045.9790638443,1909146.2762985046,1497244.031902301,2120684.514245904,1943600.0289646634,2313844.156287286,2194557.3427837775,1800342.9970110182,1065181.5017662018,2245519.0227773692,1926292.4110460735,1499319.2966462655,1711522.3891317134,2214463.801044872,1504911.8172980282,1944064.85510472,1789463.6974139786,2004513.35779568,3149206.1794649595,1964611.2545163059,2207984.9574477775,2223375.114630978,1655331.0128119374,1378739.0700453133,1918417.7469132475,1862967.2840234388,2143018.1739797234
2035-04-01,1753433.7848220146,1509100.0548579372,2570098.2102319803,3001485.7843705667,1816831.7936196795,2241583.327204123,1716840.756443217,1413470.1672255022,1606568.1935677894,1263358.19705332,1778217.7183930671,1749855.4191685217,2312714.8296568925,1502720.9109432206,2934498.838959198,1651104.1513208924,2578027.8205830744,1469711.4843183474,1425990.3264701732,1750858.1189429278,2648147.991626296,1843628.4927058534,2445452.3218529997,1256267.978663581,2190215.492859683,2472111.654984442,1551570.581573056,1975216.5326494651,1089717.8320295685,2391670.3785920185,1925669.760481629,1486081.245382138,1653913.2826394185,2392634.1236048895,2194474.55245893,1649046.3002389323,2723059.5338181737,1608565.8367303465,1809094.6222355529,1884218.5063253862,1878071.5517157565,2460526.524728768,2570698.4890500046,2135991.0525930687,1924271.0443713553,1001784.1129739301,2314520.5024575153,1757120.5386112612,1682434.5432265352,2320728.48852914,1722809.025456078,1939311.7219404879,1932673.7735397546,1932903.9444871699,2427702.320629603,1822187.2385692368,1461813.2036871712,1609315.2306357156,2368151.092479943,2072168.3963201146,1955178.4051287493,1952209.2846029676,1550680.3208871253,2202968.080280249,1656667.0642348893,2221160.5330763245,1688203.565966184,1558818.4663682112,1466467.0182936445,1438375.902170198,1681985.9911941898,1368213.162988582,1702250.545628956,1850011.6484051635,1909948.5471131173,1523873.9305099146,2126711.4767334354,1951989.1506636592,2351226.293325002,2211390.742438802,1818164.9864644648,1093233.093154503,2235162.7668571323,1950836.991013145,1493396.2229498492,1714729.7542374723,2186611.0333622186,1532967.8844905673,1979050.9990239795,1836070.214193727,2004505.8329147222,3250425.852852237,1982247.4130255259,2242343.327647361,2226090.710918463,1679703.0539376738,1394098.3307266515,1928893.2403005082,1884706.952189154,2153939.0212387573
2035-05-01,1790113.905836846,1524407.393252194,2523120.371088796,3024673.7238335684,1817414.2054602276,2276791.0393158854,1731593.2132578983,1433952.7067152997,1613709.1746743247,1266755.7543858879,1795507.0096701735,1778494.0842788718,2356162.1976493155,1527417.918668649,3002994.2403102824,1662565.255700125,2598945.3380258125,1476793.4543244173,1426684.1034181,1739192.390739989,2680233.239632788,1873136.7063588102,2465671.2500884617,1257933.4829761083,2219465.495364419,2462810.9290207643,1569823.8692720744,1998651.912950328,1087858.76442906,2424554.864482471,1941801.4746210459,1491938.8471681608,1657759.9619763591,2380480.3733400404,2219847.3496307433,1664780.6987232254,2796726.930812831,1629857.4447801434,1795497.5152728201,1884312.0855035891,1844828.6432891898,2514765.0996270776,2569472.563412258,2169601.387396963,1952368.328097527,1024445.2474747625,2293077.5103023113,1794292.3416867484,1679771.8369401342,2322849.8900054493,1734882.4384220738,1967176.410174333,1925789.140391979,1934589.5264049617,2469464.275094006,1854859.7782005577,1467714.262597965,1637803.1957342185,2380826.0309092007,2053570.4866189596,1966273.2533758942,1952491.1277488705,1556221.3530709094,2232032.359933668,1658717.0488950466,2251226.241222293,1685978.5871982838,1547078.2635848597,1495159.7162701716,1449710.3973604278,1701182.5449783658,1370313.9729244516,1734256.3831454641,1893030.0970346222,1927570.6605342678,1531041.294959486,2136911.271934138,1967938.7541556691,2323064.516168177,2247866.8256778806,1830310.7015042002,1112990.996803796,2210811.5820135,1965365.7492974526,1507570.1782651509,1710209.1600716482,2196611.993548639,1571253.2012282915,1990187.1622218087,1901949.3685232692,2003472.1010206193,3348162.772382869,2024650.1250116674,2273590.7114832327,2216399.215128941,1695000.523532175,1413746.1759067068,1943756.5971168445,1903360.9050365621,2160614.3062151023
2035-06-01,1796196.9803461707,1539777.1482471447,2486021.6437715148,3023056.533939693,1797908.4888629492,2289039.526912911,1740122.5975721537,1446637.7152826192,1616253.4169432598,1282415.469546156,1810332.390792271,1794427.8543479082,2416239.520427023,1529156.124172121,3059636.692833259,1676316.7800692273,2585234.6832574997,1478021.7440159435,1449059.8636526223,1726754.9480233511,2689279.8455922874,1899461.5755004657,2475667.3632049514,1257881.594973315,2205634.6377228987,2428750.4494353286,1562901.6688105853,1995859.934128621,1091206.313855639,2452656.613322801,1932830.8480142727,1520903.0861178688,1672627.7300513915,2363322.8459959966,2269201.8349582646,1667047.3667945552,2834060.5775098302,1611805.9320340639,1780387.0576038994,1889926.3241651389,1814368.178674417,2577260.328485169,2568739.101329158,2184753.5523081394,1955290.8945737188,1055739.3928086066,2296689.803198885,1804499.1721723212,1681473.5989724724,2302732.7373422696,1720545.732982392,1996426.3986705916,1930048.3700822156,1930405.1841647576,2528448.347828766,1884400.5774868596,1474539.2720474359,1646654.5828216507,2376432.1077426113,2038983.0550911513,1962003.9773981234,1955822.2614562795,1561723.7193039223,2260377.902333262,1655819.2288906884,2281582.2239815393,1686467.3742310796,1521417.571876218,1522874.8431276898,1464380.548863855,1691953.5717773354,1360364.330476324,1731969.2394797348,1920617.662269454,1932751.098772508,1521087.5432759132,2122368.439956535,1967616.8837674651,2277338.905654514,2299438.5354249743,1803371.254906029,1118173.420183866,2161768.0921811573,1942284.1387116753,1522012.908909361,1725885.1636756458,2179492.1301125363,1596720.350882095,1982941.6527448196,1945436.8943246808,2013690.2669571824,3428577.2239134647,2073513.4221293589,2317742.3700657566,2203688.923920834,1681787.016131745,1442803.269161011,1930960.5932562714,1894674.8063472933,2166272.4295453033
2035-07-01,1772245.1986852102,1538414.6594471876,2446671.003979333,2998455.927109996,1787403.368654333,2313635.748761102,1759212.8434534792,1427470.279307067,1610894.1621820044,1304924.7647832322,1823674.1610683536,1813479.071743713,2437914.671494639,1537620.49277312,3119873.192185583,1689121.0999174921,2594534.5901541505,1478001.9836281142,1458325.1090292663,1720380.13514494,2671735.9010657934,1901499.000181287,2499658.7155817174,1247325.8483872062,2172080.4641540344,2412973.854149286,1569363.2053266577,1973573.4841332682,1078533.313128092,2456380.995479072,1916492.0956262925,1540725.6635797084,1692590.8766178787,2360175.867790671,2290631.601483354,1663881.0788137456,2894371.9325563726,1592227.2887034565,1750708.8353658034,1887549.8487244004,1778472.0692107268,2595307.536457785,2575164.2450766345,2181217.708260549,1967924.2971501981,1087181.352821462,2295463.7043581423,1780420.2124361696,1679273.457262411,2305961.324361729,1704654.3235388028,2020011.5982888036,1931934.9873321133,1930304.5037746027,2533629.043759664,1864302.3982343234,1458668.6438106,1644347.1284920317,2345717.5440342627,2011934.470596999,1948194.6854336462,1955701.7551386452,1571637.3342198639,2277272.798483424,1674253.4316885208,2311587.849303456,1661167.264855261,1499697.563051611,1531934.8378097662,1480906.3768049062,1658607.51800802,1369322.7724957042,1701427.820203225,1920796.2466661918,1924027.788845564,1505759.9375321823,2073644.2802386298,1952924.1366284864,2248694.2107976614,2335966.528821349,1791544.4205221066,1115598.649224396,2132713.4533648784,1940982.0698215696,1543722.9326777724,1720952.833623087,2154457.941603211,1591982.108886405,1985838.6004347287,1957363.9675764837,2031336.0817373507,3486283.3813406513,2119782.5003474834,2326882.8584340746,2184906.992108852,1692246.278653916,1475136.4019676382,1937106.1532156484,1883260.2431130433,2129958.204397095
2035-08-01,1784137.4417373897,1548920.9863719074,2433425.7991278046,2983676.046972732,1748353.2201692262,2351537.222695608,1778970.55250036,1407780.5458363334,1607429.9503815838,1320959.3793282947,1822313.8043200185,1792672.7062991902,2461104.02177579,1544710.5260802316,3138108.235413493,1701980.4514516797,2593578.7120290278,1468567.7285276132,1464886.2032208294,1719499.6198264454,2681213.0333029884,1898008.6499432009,2520601.0733177923,1233303.3229936198,2128674.2892553518,2400513.5002673254,1564109.3927435107,1954149.4539699343,1069234.5699665458,2448071.141065239,1906520.5811420085,1539963.9364605937,1721158.6284907977,2393692.948112822,2322268.020678845,1659960.9978941558,2949789.910556479,1591761.2153353742,1750944.9182222458,1893518.4708708497,1745005.8809638934,2610658.3887039823,2614637.9904239825,2167887.728607641,1955104.3379761304,1103469.6733979722,2290683.449344692,1776846.4899629068,1703553.41141993,2318026.016352594,1689697.404438608,2048712.02016172,1935995.2166222772,1918283.8552326357,2557865.064518398,1855409.144324241,1480575.259555352,1636755.108837933,2333351.7028202093,2013041.9765501916,1943467.1999533495,1934451.728446807,1582979.212356864,2275710.4224532503,1687682.3973803609,2346836.895975761,1649576.9016476918,1484021.0260403946,1515546.8916235461,1475039.4081300332,1641399.8693999897,1384835.2998580686,1680510.1084185843,1917761.464865004,1900099.062324062,1499824.7529501964,2030250.8448701333,1961919.473852785,2221929.945662594,2371130.781474502,1783127.1175495053,1119639.2861363294,2112004.871798523,1919145.2752808775,1561521.0903300457,1697605.702705918,2146022.3690150343,1577789.354317766,1978492.5879076791,1967588.55739188,2031903.3585488999,3589131.126802738,2187542.9479811285,2322137.657570535,2170564.580796532,1724190.4149856481,1500476.2574798847,1945863.6091042333,1866883.3639827406,2115527.2301337947
2035-09-01,1784933.0795187799,1546491.198872369,2405188.49743881,2973801.290097255,1749570.1276199108,2391525.1530635855,1805491.8921167494,1401299.5052716418,1630726.994861173,1325849.436162089,1829288.7194032606,1783102.427807772,2466496.9492505966,1562467.1428035817,3116552.347071838,1730515.6210873672,2608562.212691555,1470226.0596797531,1477666.3249412759,1711459.6373559218,2701007.9173831805,1898646.051231732,2587558.6382646426,1214490.7840681558,2109994.1730872984,2410101.4776988532,1562834.6568798437,1956125.639282004,1068268.9133377832,2471484.601971024,1897375.4316168856,1540474.7848544647,1751271.0016738987,2399308.182025467,2344534.608287892,1642059.5361994037,2999175.271692907,1617271.8360999168,1735449.8926953012,1923187.7360333889,1731788.8432008903,2625378.0659877737,2666160.0548646674,2147546.2500444176,1951276.0402621003,1111802.3896404183,2315680.5376671623,1778367.056884825,1715530.0701522704,2317412.6754093366,1698169.1909631798,2087258.2422199557,1952002.8949491496,1904563.9931721778,2584601.6811995558,1870000.2604344035,1497987.8660982812,1644016.711606514,2350987.2062977515,2030704.3660475807,1960875.6754636422,1928792.2386751587,1606331.9839981268,2303849.999156824,1703424.3089619693,2379473.284511508,1638757.6839583865,1471007.5346633033,1488905.9864438511,1474819.1474408475,1651957.554047049,1397210.3302698806,1676986.3597924097,1938966.7171472013,1900274.0564345308,1503820.5022710036,2026092.3177855564,1962947.2082848328,2232750.0360333472,2367500.148592488,1796864.1024656482,1135504.3882101858,2107037.3684069887,1943917.8330387163,1594840.3655119762,1680399.4859055101,2152726.394208677,1567350.4418532366,2016638.4222108703,1984167.8560981778,2036781.688424508,3670452.8066148045,2251811.7739163106,2285295.053699674,2182052.1482331115,1781963.7823837155,1533520.583892688,1956860.6877281875,1837465.3928454833,2128180.2996023437
2035-10-01,1799832.459517347,1543159.349737378,2372713.13085558,2934304.8579197167,1759967.1985977448,2388307.5990495305,1821313.545568895,1411897.3397814075,1668790.0284957238,1314199.6129912995,1824858.2835571768,1730840.8045155373,2462907.1424585255,1563613.64046503,3087783.8337350995,1741582.7402643897,2618817.0148502598,1460384.367393254,1497508.7975706581,1709122.4807801524,2734798.490284871,1899270.0325360822,2654966.837020959,1208333.512101594,2091785.1204149069,2456240.504376794,1548709.875229413,1994476.3711470587,1083940.6562119431,2498288.0659386143,1899655.5010886036,1519444.4929992948,1781959.0596149578,2398796.9153352715,2365763.7475094926,1607196.37987656,3042071.8681376036,1647466.324158813,1743301.9395302425,1952632.605362592,1732574.3660572723,2634271.968874627,2684138.3859441783,2087937.0735335655,1942135.605117298,1118105.7205723184,2314352.5220092405,1779333.1849536935,1711415.8058198905,2315707.209467459,1678742.8921463,2117886.890935604,1944089.5297272154,1894780.3654961127,2635249.3653520006,1907174.7772120053,1515028.806849677,1662775.131602549,2368897.254298548,2056751.1479036948,1980179.2297668091,1916375.2758894314,1588719.0828023914,2317835.3903878303,1705456.6429101734,2389316.5428391746,1631702.7972618584,1466279.511568871,1455661.8452150817,1461970.1112937394,1674979.9780961615,1400134.7929385565,1661055.8323877323,1959837.0265023436,1917574.210156956,1512131.5214546637,2014582.9542672627,1967995.990156672,2252828.630170344,2342189.1801480455,1815444.0350648493,1150175.7502702018,2126367.295618764,1946893.2822005425,1623621.275509659,1674929.0945483397,2142778.836689831,1572892.3329982813,2040931.5898857107,2001412.1090025003,2029659.6291745112,3744601.789924777,2277857.948064795,2308176.054129208,2177988.7189147356,1822129.5757817116,1565155.0717549738,1969450.5468593712,1821076.4802176396,2105118.691917091
2035-11-01,1795536.949005955,1530634.0641020916,2344701.241494267,2875726.6081787623,1772907.9819195631,2365029.8342302875,1819648.4483214556,1447260.2401062613,1691106.3251342343,1295777.5508063128,1850430.9351847111,1713783.5927957715,2453261.544774515,1572211.333080209,3073045.375149701,1753001.634472416,2618492.189771318,1447586.7987390119,1519898.5036560134,1711697.5707335135,2709816.762627691,1903229.4006604254,2701491.5212313347,1194803.4809606757,2103845.8522440083,2469321.866937295,1532568.8388810595,2018907.7183036576,1100690.960204854,2552753.087506997,1910122.4655314335,1505673.5518645807,1780852.2272093806,2415972.3033496644,2388617.474168168,1574911.041513926,3046368.014493877,1641403.112807205,1737253.430410641,1994495.6600454138,1729044.2589477508,2626464.160113437,2690901.4181083916,2026823.8808715572,1927316.48284082,1111746.4518017666,2293172.432284239,1746153.062217197,1683641.18477292,2307685.452859663,1659773.0628209715,2139765.5269338926,1927067.2976721458,1880072.414910684,2660872.5586659205,1931307.037998276,1515190.8412932565,1684774.8582260266,2378647.521208469,2059181.1809929686,2005262.159991484,1891851.4752746995,1589981.8844354711,2312263.6795653547,1678059.4875517865,2394226.167578819,1632192.3310548356,1455074.2527608497,1434547.0194626765,1447193.433800366,1685922.5855984923,1390006.831786429,1670568.081861946,1971689.1287945064,1908692.1518344057,1525979.7493363558,2016713.906843431,1986080.0908450352,2283928.1357381837,2322850.820081592,1830049.9165838372,1162021.6126066484,2137801.458064108,1952626.377835775,1628133.6300802054,1666489.4198145526,2138394.5466535455,1565956.0483374405,2050498.3137618685,2011456.081298257,2021625.005005964,3760102.5326864994,2284645.9373043785,2330023.6366873547,2178188.4433643287,1840745.5386679806,1595301.9004534113,1972202.6667569948,1803749.2729829422,2045810.1290599327
2035-12-01,1799843.6108777549,1528917.5224784445,2369565.8368580407,2826565.8461819477,1797025.2671089626,2346578.003585531,1818311.2330406052,1495347.9352454403,1697106.1031088068,1299805.6896187717,1878023.7268782586,1706061.2355399495,2439482.209930513,1566802.7139229472,3082640.9337532385,1751488.4402335703,2615205.438088488,1460238.2724607463,1549656.8674212417,1735982.9357533155,2677345.540847937,1896266.9754191362,2739780.651645165,1186434.1468141668,2139627.7648253627,2513483.0688130045,1522257.3825742856,2027729.9894520808,1109568.4054336478,2599759.893491801,1910876.7856908517,1503656.4762911391,1764461.3767892178,2431277.6990631926,2409453.8101659603,1532909.669830223,3042330.3258544765,1632408.6865448235,1737125.5653753465,2020996.7780445004,1716975.5299112878,2625701.4690312915,2712061.665655805,1986553.6948274286,1948933.4060084485,1103449.5301631796,2255795.8133153706,1720042.5727696226,1666297.0013535097,2305616.552535429,1651750.3598260337,2160814.134086975,1923474.160617802,1862651.5857872204,2678148.932666517,1919637.6844334574,1514799.1317811457,1691889.3114140853,2340995.7586081126,2048210.5678539716,2038137.706750025,1871572.4374277252,1581191.2850111125,2324933.074749043,1669599.504328751,2438044.112391886,1606306.9565921722,1452967.680939274,1435028.0227243311,1429583.1892767898,1671967.2953387988,1402796.1655539523,1680413.0625288687,1971357.6294231259,1914342.5592856035,1530484.8617940703,2003799.187618424,2005737.627373792,2308820.6479496164,2340788.2190108066,1841528.1993385102,1170377.383255436,2138965.6202785773,1951347.2872706966,1627123.4175244384,1654568.9950809688,2170277.3792305253,1551942.222094429,2056068.009488385,2021056.4744842136,2018263.8571058197,3767093.318546887,2252979.639182066,2321257.525766466,2156770.3318056776,1849231.1616084191,1611348.1859996635,1972755.183153051,1797903.0003714934,2005475.018713091
2036-01-01,1826043.2124197353,1549194.8026645905,2393193.6382470583,2815724.977381178,1800497.0818813422,2363327.4938642657,1825047.9648513687,1547886.617603326,1696823.4407917254,1325371.8312186028,1895250.338487501,1726811.2586229797,2416481.5070784125,1586249.6246325346,3123537.1082462114,1776263.7240388498,2619733.409078963,1473126.8222046585,1581439.994602051,1781793.1787666108,2666744.3067002543,1893479.805480487,2775414.3570728647,1189642.1339332063,2174460.931146825,2540825.9617540264,1524035.5436122443,2012605.4656024561,1122395.5072251752,2627886.253593933,1929755.7660277265,1528327.2930473268,1756770.6892199686,2486851.0041376073,2457147.15639166,1532184.9116202358,3102861.018209069,1630365.065761551,1751452.2981413014,2049880.116811029,1732996.5801013524,2614881.8383224173,2735045.4199576704,1988069.8697387087,1970161.469905276,1109895.063846105,2245011.381900995,1727368.7343482834,1679396.7377408806,2327493.6105924495,1666935.3887669982,2175026.8668670994,1939374.280627369,1861838.0268499956,2684334.28285668,1907414.4908945363,1520072.8126026874,1719736.383995203,2353454.1383276666,2049591.8183608276,2050010.145189477,1870282.3714181238,1575473.2777761521,2316043.311358524,1674145.1658883297,2467364.086183787,1585231.8737603098,1450562.516145228,1450062.5412017843,1431372.5156519364,1675656.404330971,1441242.1067360311,1703398.4528003733,1983309.7261680441,1911685.6168998778,1538869.599770134,2007743.7381482124,2010778.604883593,2345251.548755745,2381895.240826063,1842134.5458624645,1174712.9104418226,2142243.197204697,1953274.8629290578,1644349.0165499253,1675462.5155520986,2209440.8966336437,1557334.0672612446,2068782.884094601,2025922.8935801585,2026716.4635585991,3822248.0916500366,2274384.7207319355,2322029.393219544,2149299.1577720265,1865367.9693991938,1614132.7063295136,1977411.326728893,1796574.7521878434,1999217.5441885835
2036-02-01,1878016.4443601638,1579124.1001435379,2414526.407625506,2808432.854034197,1817693.5842992829,2363343.895888894,1841013.9792700862,1595644.0811704183,1703145.9872986116,1375614.2731189963,1950702.831512053,1744537.7377601832,2378833.016588963,1606864.3534547773,3183228.9887754233,1800094.8836075529,2643007.1283972426,1486963.7130512402,1622949.9354499588,1800153.0642549358,2685249.665771707,1889621.7907348198,2825514.0475334367,1222307.910620928,2206919.6947776726,2581980.0738221663,1554717.8959519633,2020222.2243848406,1133189.391944521,2656743.7188246213,1940238.7574624447,1544779.7005200214,1747054.388969196,2538250.2593164747,2519621.0809401195,1556085.8640166475,3187898.1695966613,1661011.4507578115,1775222.2750916344,2066899.7143034497,1746255.7081845317,2639696.3209627992,2743700.9387632683,2036154.601909219,1995285.2855699686,1116671.1180387335,2264263.186117206,1762829.9881379497,1674184.9175714974,2363076.8363163434,1666772.4942194412,2209525.568307789,1994863.1222111266,1867764.2890029706,2684611.202774371,1904368.4970407342,1526062.606659784,1726261.9976050577,2357169.0395684475,2090089.1085360157,2065936.6635293039,1886943.6192486885,1602640.2871776444,2312648.9631733145,1681943.8936380013,2514423.6713622077,1583697.1371997844,1447309.079665398,1487000.0128742352,1453009.6787898554,1678797.2393451566,1488246.4136704009,1703877.5453019203,2005774.0988349984,1922680.5801006488,1567658.0588662336,2039344.6495548491,2016264.0602745684,2402514.885915866,2437124.537138592,1837723.8412882239,1187650.6301659422,2143594.0349123585,1974341.8830751947,1659941.0810768558,1686977.1774717756,2258253.27847862,1553727.409194677,2114588.98523316,2038288.3725422695,2052349.959468939,3914012.332011627,2326451.2214406575,2367400.0153414775,2145350.9024219257,1872061.9043184177,1628191.6475405341,1976495.6967910014,1811963.7455786632,2043201.8266419764
2036-03-01,1908882.6527164602,1614611.729703726,2420737.7020888194,2844754.0844856882,1821747.5541143238,2342331.6662975154,1827778.167762506,1619173.946271854,1676502.3618380832,1401114.5409351068,1971696.4573338232,1750573.9650880303,2362269.177492152,1613409.5326771697,3209398.1685255123,1818966.681230242,2668991.9348333785,1478826.070514895,1651297.0880371877,1792836.7898936411,2676448.6155449264,1894183.7418890297,2851945.0510603534,1247008.5647648633,2240849.192586972,2598045.474221635,1546314.9400096936,2034596.821778156,1124964.1472141896,2634936.0710630827,1970440.2783405432,1560616.5891390396,1741765.1316802544,2575286.6765745375,2548229.8416642034,1570975.215377121,3274969.9945600023,1664573.4917744226,1779160.321999251,2108180.2838192517,1753923.270036085,2670054.8873031936,2744074.3774961336,2074930.985990801,2006058.3605371565,1117906.5516953224,2263661.4276657277,1778808.1972138956,1667517.5421076613,2376946.529918521,1666788.0683304437,2218996.2461865405,2039739.3604101017,1860062.7866200395,2652564.719698427,1898505.189950482,1519348.9625788971,1723786.0987857599,2362671.8849546732,2112288.3963044477,2085306.1260599678,1882061.988350352,1611620.7674993884,2263572.1027294216,1679801.6161204544,2529462.0027531474,1555343.8719292926,1433105.351245005,1499867.7843212055,1475647.2548011288,1674031.320034142,1508980.6014861446,1709345.8108269882,2029595.0550871463,1927543.635451119,1573072.6552841323,2049408.0221219573,2003456.0023804063,2432087.768790885,2460123.1630898025,1834920.911008466,1192825.0983432208,2122559.5287562422,1993294.0429845403,1693559.0552698176,1684994.9798072155,2285714.356370392,1561614.1094935434,2117436.4303037273,2034616.040382352,2072785.095822076,4001230.16207375,2385613.511545036,2399675.188819584,2154545.3161507826,1886310.813029668,1636500.748758418,1996101.6751727893,1795327.5921089705,2081943.6053790762
2036-04-01,1946668.3186082665,1646723.2459455885,2460335.8569645416,2923985.827047026,1819070.8882205056,2363529.130024158,1847862.2427729757,1648546.82283984,1654960.9051177043,1397528.1988905752,1992443.97404936,1763927.6228106949,2358896.118152083,1610396.166971148,3281732.0313574867,1836226.0729427196,2691719.4378005397,1472392.6280757287,1661281.35245684,1800553.6878142012,2692724.7654822357,1901389.2267746625,2891936.457436231,1267095.9492416854,2289887.200912668,2601560.480807591,1557770.8378154037,2068636.8433068625,1132741.2991850765,2629211.1655855705,2003864.7386209131,1591469.0279426214,1748265.891540226,2590434.164811737,2584852.907456092,1572053.6188097107,3339488.646373096,1665979.686406144,1816315.8217904912,2133404.9454424414,1776580.5977645358,2718624.7656989438,2766053.970876604,2130743.67840025,2013048.7568760177,1119548.041139295,2254700.6624328205,1779525.0325182776,1659498.2917860025,2367564.4519455982,1658462.819783927,2252572.673181827,2102860.060912784,1867305.1704378654,2628423.4069969193,1913772.8372538483,1526139.3524452834,1733641.814761476,2338732.953094954,2139100.7515281346,2118681.878935333,1868851.9225365575,1620791.224213717,2255246.47638366,1678925.9353683125,2535225.070088231,1542470.2801184435,1434503.5128823216,1506809.2114359422,1495905.4319459067,1679435.7253435317,1522744.5514642268,1716319.44756229,2029285.5748337754,1955695.892522047,1572853.5572194904,2062813.7597386974,2021484.2198394714,2428889.5507895546,2485050.1111621954,1847380.5368074425,1204124.399389899,2137847.1216475638,2008851.6450429817,1718262.6472260517,1685236.5578154726,2301110.3420785177,1578581.946978118,2110668.425239668,2046931.5303455177,2077236.5313343147,4090376.1741511873,2455738.464756285,2421394.7956404253,2193629.7956304103,1905362.7964283433,1662785.8307355475,2024702.291102174,1799483.0694976046,2112893.1781006968
2036-05-01,1967643.6852930307,1672161.4953566974,2480993.1557243164,2972668.81647735,1810389.1184131135,2405393.3342702156,1884449.3580147394,1657270.9692332777,1653150.6687618596,1368218.0864882022,2010409.871663078,1776508.5712960071,2358764.6997518567,1619739.6527091095,3346573.368918204,1886414.2344989013,2726003.8246383844,1491687.8579514332,1652189.288299412,1815560.9270814538,2718503.564253572,1901978.0699452544,2949297.34080537,1286974.7793487948,2298424.7292806553,2620660.4292057594,1567254.1884417427,2078466.771415224,1154847.1528771967,2628922.536672148,2032539.9498921928,1622695.1016240602,1755308.1405806083,2604724.4481835435,2621289.8804192557,1582775.5720081897,3399832.9239266035,1676316.592169378,1853108.1554893318,2172539.66202392,1797465.8961588622,2750312.309847657,2812457.0913972417,2159075.759163596,2044919.6927613749,1131541.8299914086,2261133.1316671995,1777752.7996503091,1641827.0888113345,2410819.9397303136,1655681.0471478982,2271429.0781787517,2112933.681777085,1894035.0050818042,2633246.755038183,1921871.7223047307,1524859.1340548384,1745326.9576606187,2391438.9080871656,2191971.6194682345,2168218.372175307,1871681.5248824002,1638144.6145902516,2270624.0029826574,1683119.317183626,2559963.361244113,1543602.2460939402,1454555.558451452,1527221.2287527705,1514003.0165858304,1686220.2002475804,1535474.969198252,1734343.9695296485,2036017.3579238756,1968253.6313865522,1576154.3352519409,2109613.9618801703,2041265.899876468,2474369.439652738,2491430.0407580747,1859459.1345395145,1215628.0816473586,2141285.5046058446,2029192.1887979035,1746738.9777268548,1691156.6875160374,2353558.0652156672,1607376.057180231,2089629.4586987905,2081316.6328189874,2087166.8591757426,4109020.4618746424,2485999.8640356474,2459954.7274662005,2206568.0297702523,1936069.35916112,1679218.2415724862,2085682.1692634986,1815405.8269391686,2122274.9375329046
2036-06-01,1967444.0550248772,1669976.1571359527,2487844.453125297,2973816.5799926315,1795948.659927708,2455386.1347231683,1935281.444797674,1662587.8505236139,1662691.8087238444,1317762.5029270512,2015697.8497259275,1796575.434932809,2351920.175210391,1619281.551694321,3384070.7596746264,1927803.3373771592,2751570.312037894,1510161.2495737753,1630213.6730049844,1813200.063646005,2714693.2140654083,1904263.9806567973,2980418.541322065,1317117.3958971798,2301721.3006391367,2624716.569655201,1557512.0405211914,2096130.564802776,1168387.9850867814,2610995.6894246293,2012098.6308614681,1638608.1706948264,1743577.8409787263,2610659.8875360135,2620391.98265805,1580107.9189445954,3439738.07529723,1673511.0402644835,1887143.0276198182,2177160.8341846536,1825076.6411962574,2747566.5063498137,2835306.665404467,2186974.7122866553,2063069.9839168142,1144555.6098583497,2314487.553999879,1781060.910457135,1620372.1051035926,2445787.584757624,1652125.41473006,2273422.7793952357,2095288.8185143364,1904933.558809962,2627717.02245373,1923609.3398737875,1532640.6767809538,1736245.0485731137,2419599.4069366315,2230043.7070987783,2175811.4079309623,1861304.662202544,1639910.9338911166,2294002.789121939,1681220.9156070987,2552071.902343256,1553998.1931426595,1451549.358678989,1546486.5137333865,1514252.0191046651,1683831.4579261604,1554898.2734524212,1740271.1798173506,2036635.096881601,1963704.9631617062,1556660.6325595775,2158099.750370615,2070068.8854892058,2492919.0016117445,2493569.5830093278,1856817.4496780578,1219827.1234754547,2160041.294802022,2018270.611368852,1753521.3795050548,1685955.3314653207,2390301.9699840765,1627230.7596641544,2086802.258303704,2104735.132833161,2068497.0186188018,4131410.215096873,2486953.353673111,2459794.266659979,2216604.502748026,1966798.2191093331,1692527.340267809,2143375.309784068,1838788.7239131448,2108785.039311299
2036-07-01,1946707.276735018,1642340.8925347114,2506534.5394305144,2973393.966891748,1752037.528124359,2508911.7644456634,1963515.9421635354,1678835.8110183885,1664504.1296421445,1311115.1105762245,2015100.332716631,1804376.0937514259,2351881.570825089,1636694.0458543533,3385074.049859614,1934826.4086755682,2800364.34632021,1529173.581633982,1615653.8647340063,1808863.811996795,2708047.5337435,1907067.6998088495,2986359.8576058587,1323715.0796551148,2292357.3352754586,2617193.1615926707,1567238.4750806678,2095087.6459336788,1167145.3875587818,2552516.107124022,1968603.6564055544,1627294.6825271042,1747596.6293019415,2606249.759231868,2601214.1789024873,1575024.5466762278,3509690.873120425,1671426.2751666561,1903274.0082708378,2163059.3433306254,1823348.2865707306,2721997.5207392685,2848910.72593608,2208138.3825517255,2093602.8140040296,1161650.0311873925,2354026.8206102336,1796674.8104555253,1600185.1176356594,2474176.9426255305,1653770.8683531478,2269744.6361141815,2039056.7073953343,1912278.2293915432,2609778.242738896,1895993.2963317996,1513629.8611230783,1744484.404245355,2493871.3883808344,2231465.2745289803,2146885.6810136028,1836738.5501331573,1631949.1471721202,2290634.229290747,1689854.5740367044,2554701.5537885632,1584684.2724154452,1452080.6166394632,1535290.4357878983,1481463.9308894745,1699302.5566773391,1567135.6307724076,1741387.9745072557,2059181.7094097994,1943023.2109308315,1551831.3122233218,2179962.3068177653,2080054.8173361334,2491428.465915994,2493106.5553843686,1859869.3078077575,1212487.5906527312,2138625.497169227,2025927.9501444602,1784211.9034156,1679180.5507410995,2425501.5504153487,1636428.7594708481,2058401.016768042,2114394.86230986,2066414.8883308847,4106217.2907519694,2464677.213337702,2416813.399766604,2216268.493247582,1990788.3973178635,1687691.2387188317,2182988.4351650802,1841369.198285114,2076370.4264583958
2036-08-01,1934283.3505060542,1612320.0176243645,2493659.5461051087,2950719.4019582747,1721415.2778386937,2553610.7249863343,1988814.0458946838,1702625.414745316,1664400.8656510198,1304348.509015611,2026426.8029126574,1836856.313388708,2366716.1432937095,1637596.6117411982,3375530.455241092,1918343.6932128023,2862928.216700189,1532834.792533256,1614163.4994745036,1794742.4652225208,2668463.1725887647,1926187.1040593267,3013096.634636218,1339552.5230485906,2301763.7382984906,2626045.4251886685,1586752.590781803,2138785.0652232226,1153100.215336345,2546840.0209166324,1934672.7861001783,1628214.430990078,1759844.9815140127,2613972.2583307438,2569605.3709397814,1562627.9673313235,3554733.2576145492,1681926.0096198297,1914613.7059164757,2180956.3241304155,1830146.2261941447,2739016.409216302,2839516.7218379476,2225561.61162079,2101760.587007514,1175934.1695596406,2395973.1284079473,1805531.9558704654,1579934.1671629355,2463901.9305528393,1625685.2675638145,2286557.0197997894,2017385.801303608,1892557.7407313702,2581677.6303846017,1871874.4638540912,1513601.8586480988,1766095.9729428706,2541490.2540672943,2228385.8574350793,2121249.4027056983,1824257.2979219991,1599803.0283180312,2265375.139321171,1695867.8192783508,2541135.5417736555,1589169.3979023863,1444650.0924485696,1536134.09738335,1457405.8847930233,1717452.9080196708,1576495.9353248423,1745182.392388684,2082739.6344926849,1930458.7727096293,1574568.282735744,2187368.272495413,2098631.4403494303,2483315.145239163,2471714.3376946463,1886251.889792698,1208913.0973446185,2144395.498082291,2016388.3593570509,1804249.0187347184,1654758.1961138071,2431498.4136405215,1637761.7583321345,2047619.250462254,2136739.26422647,2075625.03148222,4149518.6244087564,2443912.8309257654,2395229.2480863174,2223566.96635759,2028710.8315193,1701972.036391778,2210638.641783633,1830802.4809663836,2051944.8045279367
2036-09-01,1950587.897200192,1616507.0574649058,2504621.071295464,2937021.8694603555,1699164.965298083,2591149.7437916673,2024351.6813189574,1724487.1531165622,1678933.3705455165,1329158.0069116505,2054922.6661490006,1875203.4194248954,2396820.846167018,1644421.060617645,3375766.9782191897,1921200.3541772063,2907163.3762212778,1526229.229264704,1623465.3516338482,1796783.5664559305,2666180.343322945,1934775.7608458744,3049720.2662357306,1353319.176114352,2358969.0919551007,2634243.4286384634,1639792.7879487795,2184849.3244144623,1142005.0448342,2564560.4132571933,1934818.8393593677,1641169.9249656862,1783024.1837879063,2645041.902738986,2553465.2963066087,1564866.714778107,3590457.131437113,1688158.5417259457,1936370.4700714569,2201059.6387679963,1844950.2738846056,2800253.1504282607,2855196.0626651477,2222003.923451673,2114818.7670190693,1193158.614807132,2436593.9694629363,1826438.9452525533,1557294.9472287095,2479667.4701242438,1599308.8110883457,2296597.654629989,2005458.5994152701,1894037.898849884,2580742.43112257,1895465.6779650997,1506277.7317229132,1771997.654439032,2577064.0368470224,2233788.012279891,2124307.167605058,1802884.667866741,1559244.5802549093,2255319.84383761,1704406.5404413778,2574020.8454209547,1612213.5648981247,1453263.2748403098,1573685.356207328,1485743.300688292,1754446.9108405677,1597572.884665314,1738556.373507846,2095400.77585612,1925420.031019807,1613195.7107170727,2219001.62256713,2110826.228358391,2479056.981769901,2457776.0783553696,1906947.8024555189,1225718.938062392,2163434.6611839156,2018433.537334301,1836477.537805595,1628421.1220970259,2475487.905727838,1645023.8857349108,2046509.9757664355,2178424.093939694,2086958.1317355393,4225413.089545772,2420078.844571781,2415422.4206485273,2257479.6032435354,2089365.3641392048,1728346.182937576,2230721.6573731997,1838214.222792579,2038529.2886368074
2036-10-01,1959422.1543538987,1642754.5747638578,2503117.98993967,2936807.2080676057,1702703.3998696217,2620268.235387027,2059136.6637815896,1722012.344783224,1681589.419158907,1358908.2373462077,2068604.7590210366,1908271.1663819612,2424037.4790582857,1637891.9521664071,3347287.698616258,1935591.2137346475,2931431.6299252915,1528033.4078295124,1636252.957451867,1807507.5207387295,2693599.6154070073,1914406.5752844745,3069803.368418966,1371826.1255104507,2427734.8952879864,2615644.349606051,1695059.3626639275,2225809.690948212,1118620.8750716075,2608096.11583091,1924835.4023134483,1662526.5513893757,1775453.618570875,2674138.8732302766,2529734.035830115,1587368.595694207,3644274.2665554695,1692418.5754166523,1968414.5387572062,2208600.8814714546,1851020.5071572391,2909800.261463446,2880613.5548749072,2223944.1269043833,2121127.625162914,1186645.8456517903,2447991.2892949507,1807232.4406419576,1518222.7371363991,2472637.4448256805,1564378.7110909612,2321827.973318806,2025128.8789327617,1899529.7581381765,2563269.5841704216,1941953.2907289492,1503557.49732088,1780422.8836822412,2564396.415200769,2241153.4009872093,2155720.351640572,1795803.0890685832,1518740.7547399485,2257152.683565206,1687815.110779462,2622370.5931702135,1625343.2456904775,1465153.1207249116,1623987.8612607908,1512482.8419049159,1755363.6719486502,1610978.2977397323,1739907.6448087888,2063700.4253603881,1947846.7697384465,1656529.7811064967,2234312.122585089,2108654.0658030636,2481820.9906048756,2419249.7470224183,1913594.3173332787,1253930.9213152698,2218922.9084617305,2031586.5065088607,1845594.0359811303,1629340.7018740803,2510051.043071286,1638296.9277967587,2064589.9076364574,2221320.715328168,2098140.0169093274,4290849.91804008,2389541.998307538,2461456.004195237,2272073.5391272143,2148537.9977436583,1745755.9142703633,2256457.869895793,1822774.018715542,2044244.6233812221
2036-11-01,1979988.129828918,1696570.4337979946,2496844.2704604,2975173.044967452,1709107.8577414087,2607466.789668893,2089601.5637230347,1695554.7198639868,1674028.802031758,1385573.0086413494,2057486.6562194854,1901513.6459115099,2428919.1420474495,1637155.296594968,3341325.2885694173,1943946.060829621,2930241.6615146864,1499022.051702592,1648423.5408562713,1799076.7023547646,2710661.809593978,1912664.078354093,3063292.279524945,1370087.258169361,2430438.661090407,2545365.671361314,1716609.869207126,2244713.493516595,1109332.1851820012,2598305.159407877,1922352.213919836,1683060.1914997767,1747977.3493876483,2693019.0257937177,2538678.1024314985,1605979.2781489557,3671080.8313024617,1684161.8744897495,1974123.2514257515,2216586.0607225494,1877159.4096662884,2991613.006055481,2905167.460089079,2180446.445036665,2126025.8491390087,1184933.0838773372,2444232.880442035,1788386.6036600994,1505609.3478876918,2478301.7469451646,1543374.8656155406,2320908.6872565784,2059589.6083216716,1898854.3798208537,2545431.4366101045,1999088.5291447109,1498214.850526138,1751841.3876506018,2559389.490426869,2225146.823155344,2177129.8140264754,1804519.0170974901,1477853.1144537255,2249223.0838080086,1686325.1504853694,2638701.0587144173,1630479.7013673023,1468590.5383701152,1672649.4222227875,1537437.8574447525,1757853.1343698823,1610882.4726091106,1747604.8987626797,2038777.9456026608,1942157.3106535166,1684492.548290911,2236802.6994495746,2102689.707748014,2478988.5693813134,2410912.927713833,1925222.4122415658,1271321.949731643,2264726.03453261,2000370.8804912558,1864231.9103940586,1648568.2591266066,2526637.705389536,1628932.5325948508,2079086.2689993817,2234670.6689942433,2118392.8795090066,4338743.7215893315,2375006.0373388818,2500811.5449128654,2274899.528422424,2212054.8604207514,1745053.4561560766,2277512.58992244,1791842.9035740227,2054898.5640550586
2036-12-01,1997379.8803933007,1751999.00389602,2522176.8321118937,3044887.4615519936,1732414.75577457,2619902.2879350237,2116663.646415251,1659496.879326237,1655660.4203388502,1403158.9426333548,2072094.0590740615,1867049.4747652072,2441109.4573722477,1660500.4008445784,3346038.632890936,1970107.1342878416,2900707.0386178265,1490048.4971483492,1647868.921477703,1784372.7689265413,2723687.5692802705,1893927.17186105,3087073.6161948466,1372065.0300544263,2467358.5020989873,2531397.791505075,1729595.7026122464,2247075.2889957083,1105099.5860620926,2571823.745190283,1928411.2042173054,1677292.8405664426,1704779.4529838467,2739262.9133571982,2550297.7821800024,1637708.864572385,3726987.546864998,1665754.8621610838,1967538.748264606,2228225.6133438465,1879258.4631563812,3061300.4586892193,2921268.4642673437,2155121.3391488045,2112737.292955156,1192786.0937644714,2436871.4121967857,1805110.5521920554,1509105.851600986,2479359.849518873,1532677.0805572958,2301770.8130588257,2097016.8340204216,1890242.3227174627,2553300.0155720613,2020983.7455931653,1509940.6360131565,1758012.1901177769,2542286.4918184495,2246241.919134234,2176916.292088499,1799134.046848427,1462673.9857363116,2268338.4104932672,1696622.9570791887,2659964.6158015453,1635232.5903792903,1480391.7709455078,1693914.416420486,1522647.9303776855,1753269.8129735896,1590348.3331571282,1757427.1112515978,2057115.5095057392,1934908.0290748803,1701923.4352038826,2236576.091906506,2129895.6673461855,2467188.429925113,2408198.229549006,1938232.6017896645,1298697.7505998423,2307603.946850335,1974760.8950375628,1882291.1982781233,1685504.7740720466,2514472.0520799602,1615639.544626758,2087590.4695725187,2240454.3948760172,2133750.379278994,4353385.322733955,2360166.713064707,2514083.934396435,2253058.58106313,2264619.1906265435,1740720.4827731994,2295572.732370203,1765073.1476838316,2085007.3572947967
2037-01-01,1999887.9984844043,1778193.9559106426,2538133.2806543573,3118907.8438450834,1772341.14316006,2602628.1033381172,2138880.35086868,1648190.3407858028,1664454.48498536,1427891.2433709353,2108404.582404109,1826135.0799741026,2480849.001307868,1683908.9791159597,3365769.7692717505,1989411.8689752873,2908195.9427736015,1500900.260054827,1664667.059830877,1761090.516817075,2749596.541559912,1891523.2304898063,3086375.923403231,1382715.1867300589,2501583.955624099,2533866.7580056954,1755632.2618986513,2272546.4462940777,1101305.1596054875,2557973.9119673315,1945105.3941996691,1679556.759059094,1721253.673251319,2766142.2215775526,2555077.9962784327,1665147.9023743917,3806127.933945947,1679368.7479274294,1980949.9471548065,2246511.0899239215,1898826.6174282625,3117728.536387639,2912000.355838045,2157496.386335173,2096774.4146507715,1208258.6858990623,2479846.1385299442,1812471.124128373,1521066.240939913,2489465.2533022664,1541989.3898110273,2288588.6819708967,2124537.8515554843,1905593.6243172672,2565018.6348528387,2026370.1603149767,1545299.9878418844,1759808.3063110278,2548048.956815514,2299666.370064043,2180950.6715584556,1790280.7570232032,1474979.545195511,2293060.0730129885,1726645.8085086886,2646578.95919462,1642017.2880272942,1490285.1315351164,1712105.8421176244,1548880.0077403926,1772425.1437036193,1591173.4025296185,1769411.1961458705,2077446.7635538275,1937392.183665806,1725290.8420656605,2275792.3835328785,2169945.1950641638,2460393.269969197,2440161.377630665,1968245.9226020651,1331156.3821041905,2336057.3876074515,1982467.2994732792,1918881.6436652879,1718176.8510904207,2505580.479030471,1612924.2077201565,2112038.7490399163,2255073.6023346707,2154296.7436153833,4360816.158333026,2405759.9547576173,2542979.1109043127,2261503.9212401914,2304314.3458023937,1740587.2793475522,2307806.295430359,1750212.2020687521,2129153.8042769153
2037-02-01,2010668.6448155323,1777518.2597222296,2582397.330919817,3203083.679938446,1814971.1083786944,2581964.21270689,2179174.721244252,1651570.1507469148,1684706.7391290644,1448398.5156405207,2177136.8579858495,1798079.7561530233,2533071.1929457737,1715393.0367927758,3348140.12513308,2006701.4272027046,2952339.4704339877,1536812.7772858911,1690141.8138469378,1758277.298052671,2770773.771562822,1887783.201925049,3156852.748832482,1394463.565644527,2528075.844637462,2567443.1122823004,1808556.3829090756,2281022.070029838,1110627.7645955745,2522221.6250832733,1973078.1726306728,1704440.287870788,1731519.3372318156,2824030.4438890694,2600952.237034618,1706999.252564434,3858573.440110328,1716789.488760367,2012637.8882853785,2281083.853055067,1929906.2531199239,3176759.263573329,2953809.563595466,2194113.1766063957,2087458.435476459,1226753.5242998367,2538311.552797988,1858365.5108277148,1552248.7352760003,2541992.286552583,1562085.1584165497,2265626.5159419808,2162348.4039528435,1935535.8375849116,2591604.193042504,2043630.5233107822,1584826.09061541,1772683.1716154506,2576551.229671063,2329548.8814763743,2197859.567112875,1812697.5719954195,1516569.2452838868,2290204.72850184,1774345.6097242786,2661471.4467934626,1675005.1905814419,1509689.9531432008,1741272.800539386,1572005.0505376551,1805492.802517978,1608202.4042073456,1783843.501288988,2088796.7593106541,1946103.0145812156,1755885.9592168874,2321789.3657902973,2233125.018674174,2482467.463315945,2465196.5100228656,1990536.4260764928,1350579.3608552641,2368745.32475014,1993910.5166427859,1956173.4638768525,1740783.1790986713,2538498.401532101,1623401.6399377827,2143877.5392980413,2291175.107454428,2189993.328831796,4400056.535836553,2467372.134872672,2592107.844816874,2267775.5903005856,2375514.2771000843,1744156.2268043212,2322106.0183952744,1752141.3785569603,2175029.071125208
2037-03-01,2002470.5210184297,1769707.064514327,2591924.9930022997,3268027.7518384005,1808693.9885430045,2537238.814546612,2203288.8736706846,1654137.3438267764,1683953.6494162113,1440336.9156316197,2216725.6272171843,1815291.609072143,2543505.9475893434,1737581.4119168185,3308903.7501464644,2002967.2881928985,2985404.3773988676,1568981.0709494357,1708249.549462537,1760230.5097536698,2743092.3298590155,1862520.4039985153,3189517.7726800046,1396580.8336585527,2551250.4359219475,2591422.5895447973,1826298.204383664,2281849.767063912,1105742.622970554,2492770.579813287,2014602.1192566622,1726253.9331616247,1755506.4761779672,2866001.8486626935,2610705.5967249554,1721037.0978684581,3850919.2646692744,1747819.8860949199,2023356.6523586311,2301848.9438148513,1967834.4101089656,3235061.47397917,2988115.293925837,2189498.4345593844,2079943.9935540117,1227135.8446246681,2588934.266544431,1869383.138378756,1570604.281401133,2563203.4297919534,1572892.5106359967,2246686.016097933,2167634.144285318,1953396.4735961219,2624307.09138987,2031649.480521409,1580632.755529361,1749145.325027193,2604804.5937903454,2354841.7795175286,2163010.397022706,1839008.2742411166,1551672.2999992361,2302785.9208060885,1787785.918165023,2628284.0005237395,1688582.3738522008,1519774.1091246386,1755838.1778768653,1588380.835107945,1832070.5596203152,1642692.5463901786,1774559.6820580491,2099532.453415159,1934196.9058996546,1768063.0715489506,2342005.9748413493,2254444.4091580557,2512792.616333926,2464255.955229674,2005411.8647713563,1349496.534566076,2408391.373933318,2025518.1961201131,1962760.4190681067,1738737.6620521462,2559274.7695261072,1648065.54031387,2170518.5381074697,2294500.8301326805,2209631.5789043377,4382514.438576411,2525607.2979695876,2619724.4865058796,2270789.00575638,2437597.82083919,1762694.9370152205,2356987.7142455312,1741823.7883783453,2172611.2270986913
2037-04-01,2025803.2920976328,1787037.6413122786,2621808.6590590086,3338346.619532668,1825973.38746915,2529546.302875127,2251171.964773457,1663172.1454235727,1680395.3328845787,1450094.5905800308,2234243.4089785297,1855820.3162082187,2541140.133608795,1765794.0496184276,3308654.710275253,2001398.9202815215,3000526.7858189796,1603022.953372197,1709318.197801539,1776046.9502658842,2718866.131120998,1865670.2192085977,3255573.3221681905,1409402.0508357224,2603246.1902861246,2601135.0610146485,1854301.48987798,2301856.7722344254,1126900.671981185,2510109.555446466,2024394.5007664952,1748767.3391535769,1779255.0803903528,2952242.226197973,2621603.1370061715,1740639.9347576846,3865814.885078262,1771730.7121876476,2011612.4336652337,2309375.7163782627,2017380.42239435,3258391.773600277,3051384.2441396755,2221692.053968031,2094037.6796109984,1229298.1075960933,2604339.643822839,1880844.5579247582,1590511.6239219403,2600877.8045452936,1589214.7802529593,2239898.211827595,2171813.7365780817,1973505.9790919493,2640960.852079984,2040537.0297196393,1587034.9757421094,1733542.228265202,2629774.856280626,2375787.849122638,2175488.279142307,1857194.4774256598,1564481.593698552,2322122.357297097,1794662.6011078102,2644886.112886283,1711976.0812825956,1513750.9388109932,1760454.6762639878,1611713.6261861941,1842721.8750341805,1663070.030294781,1809112.2179190223,2096279.5463515327,1958758.7143720787,1800913.388165983,2332617.2612190526,2271711.3318097647,2548028.5402224693,2425229.6384326154,2019073.993898341,1344061.6720311607,2466956.023810064,2051798.429670756,1993476.3876256703,1747002.013407646,2563494.5697025824,1670898.8537366395,2196041.9627854857,2305213.100873639,2238278.923826889,4402525.44053255,2564088.344018075,2626466.173552493,2297030.7321485775,2481718.845237414,1772592.9270911824,2387170.57475225,1731265.388417138,2173515.5003113905
2037-05-01,2037400.2141843487,1805612.6338444005,2654308.0671729213,3391682.3823162653,1868437.3857733966,2565925.071826044,2278689.599778679,1671557.4656580938,1681820.4012121565,1453607.7886636262,2250390.1234852984,1890186.7073576434,2593666.1443955367,1785400.5667971692,3322842.2513801125,2027888.0899623698,3035263.501070275,1618814.7800568559,1724723.6359896082,1814761.3574934849,2719404.597901296,1868558.8747427082,3307285.6007392844,1407280.7952952639,2627124.1854296024,2637120.960270682,1885150.5123582997,2303902.6214871192,1146752.9606949287,2535135.3243296645,2073773.039832459,1759171.280821647,1782960.844734099,2991671.8345311177,2661611.147711528,1758550.324735504,3924301.0006730575,1787258.8055376187,1999929.284294779,2348316.3302113716,2036732.9288289258,3279529.7635645126,3098324.197511199,2243614.1862933068,2119424.7626384054,1229591.0331027815,2594908.0067735836,1901165.337708109,1604701.3400249754,2647119.0299454583,1597088.8189945593,2238170.590675445,2183465.060204285,2015750.9111649198,2669438.8371427096,2049433.3695201413,1575584.3571022858,1741114.5538018292,2621894.2423756393,2376158.606419266,2184807.127320166,1888087.804726642,1582922.5227173965,2361885.849413566,1786603.5254516585,2672775.4517428027,1722836.6090882923,1511875.5493302958,1774318.6134860988,1641105.2497701985,1864481.1750762733,1682973.1888640614,1835966.510403028,2084627.149440721,1953881.9536586285,1803026.1306681072,2319485.2769636717,2279170.1857419466,2577705.4365387736,2391577.8076352603,2035209.2049434178,1326731.2119269622,2520880.4192394167,2068961.9378429344,2018064.2261590967,1770627.8338538015,2573401.9543643505,1674419.4386613383,2200838.969454308,2318030.7164224014,2254863.388647987,4446437.87608639,2594631.7254316816,2649607.653544113,2345831.4409096926,2525391.740636538,1781053.7136477996,2396056.5777524323,1753229.787400424,2185736.471350061
2037-06-01,2036593.6251584291,1815505.005018704,2650810.608964141,3401292.8802139694,1925172.8863265929,2580480.34203029,2295020.358977095,1660250.1098087227,1681136.6420256589,1447744.2085629164,2261861.120392597,1893287.1373725422,2620796.7348866784,1777357.9354438554,3343328.090999982,2029155.6427384934,3085684.0394798317,1644958.1272446092,1744192.8706457308,1843815.5152670897,2698533.4794455906,1867509.7729234674,3335656.772407593,1412510.687798028,2634721.4572027847,2661564.6513979477,1938486.9429939836,2319543.8171418444,1168796.7709005182,2569261.5648492905,2056900.6681026744,1760830.8375223787,1786125.9861812026,2999627.6272031805,2675638.4239812195,1772946.8126067938,3964983.583167397,1778250.6152382542,2015260.1128085048,2384747.0239396947,2043063.4418060984,3248978.133155072,3124930.3099001367,2281337.6579918102,2140205.6192834894,1247404.568721509,2605299.751141049,1901404.0818087813,1605537.179177838,2665361.0573493075,1567755.0992656348,2239556.371538908,2179249.2154313195,2055915.6398647504,2718489.1789928908,2057610.093967694,1558935.2567258286,1735109.538323223,2634780.574026254,2354702.8128145263,2194658.6042380724,1911873.8289757113,1586631.846081395,2409056.7631118554,1792840.4891765716,2676352.7724574413,1718960.1297762485,1507448.7680405183,1784289.0804483674,1639586.2767532924,1886414.5622804144,1696833.0369652752,1846882.8951704665,2079692.716497319,1914603.3407480998,1798418.368551142,2295620.816493215,2263911.8711923626,2601531.8515713615,2377991.3846339486,2032998.294452246,1315162.8158812046,2560324.5627154782,2076230.4994561,2024039.3225154297,1794457.2900583826,2575323.627318573,1660998.5550148422,2209113.7344053704,2295185.533976889,2265107.5531157283,4479340.833826423,2622178.3582938565,2638374.9768040986,2365772.143409003,2532332.9779243874,1773126.0680864954,2392478.3570023496,1735935.5734808971,2169172.197768262
2037-07-01,2022199.7082392862,1835224.9167168674,2635477.6846705005,3399564.0109910504,1969771.799309037,2555303.762112144,2322924.278091386,1664489.5483351697,1671898.0201752249,1432072.5346974991,2297533.781397868,1856575.0724647313,2672375.9586285274,1766585.3732861404,3356992.527175616,2022748.446739596,3133678.9087875346,1647282.2225322642,1749602.4445548032,1864387.8781606017,2670714.767749322,1848045.5344747675,3371313.741167403,1409781.6617692164,2632142.4239540165,2691073.955734577,1991526.2029145253,2329266.7355293,1171205.0820691918,2581798.6832397296,2074186.863084439,1742470.9710648174,1796607.4795542257,2994479.0446931734,2661944.156896547,1772749.01984442,3983738.8883695514,1783433.0617249124,2013624.7102216976,2395101.975109925,2036374.3931870004,3201843.2261737925,3122948.666220024,2296220.5419082083,2145443.3883768157,1263471.0844650827,2604875.0807570107,1888382.220040249,1617049.0471116235,2653521.45279965,1528565.2278308172,2243073.7150207334,2162180.941660276,2076485.2282573355,2767505.557325417,2026831.312635344,1529052.9893275113,1754182.1978020198,2643300.871929166,2367688.8725398183,2203454.7616620916,1940882.5623173981,1587496.8925425436,2419866.388852087,1782736.778157443,2649017.259022327,1704575.2587837437,1509590.8263699845,1786271.402248397,1649919.5085775321,1898223.6153243866,1702233.5610454136,1837820.2147596492,2061232.3366311844,1896147.519666978,1760844.974359357,2286716.444218539,2247674.2361422684,2596421.16759594,2332930.475641428,2022574.5174741412,1309322.1635164607,2557185.950769779,2069205.1484609484,2028470.4801624662,1820507.7327157618,2578216.34957132,1662607.6810224757,2200000.3194425674,2266822.2339661177,2273890.1561407694,4506301.901361677,2618311.950725239,2622017.553554563,2338147.118542256,2536163.723573614,1752940.8132222116,2374286.754053939,1721845.3083806569,2153881.7657189756
2037-08-01,2011292.8565933898,1850601.7467301525,2600603.6781132626,3432028.696644261,1982134.379354662,2545694.8895524964,2358927.9355666353,1657210.4956728278,1670281.1198592647,1428087.146800714,2347881.4490231853,1849226.799072685,2744033.5806857883,1748551.8249481693,3336599.5500518074,2025495.8352814068,3191262.7197942254,1651690.131242905,1758318.2047444687,1856313.4188232294,2663798.752412443,1848311.5484361858,3385142.6753211394,1410581.7147704267,2601228.1925747865,2713459.175802848,2034446.8013014058,2341926.6459405445,1169370.9605205676,2584926.422720558,2098100.767213646,1731975.5285290438,1811629.1138600816,2961939.122781161,2650329.835285118,1774177.0303923816,3953957.2006261186,1782005.8831073362,1986356.1444524508,2409859.6358432793,2049684.8077454038,3188453.068939839,3115465.831914872,2296763.971272551,2151975.1610323754,1265465.9475693698,2612839.934673662,1896507.1159068346,1626671.7188605184,2627300.6049068533,1480518.216957464,2249107.842761756,2155942.9257992934,2123466.179980448,2799039.467352328,2016549.243907819,1510900.8726507046,1754081.005923662,2624080.2688085544,2337711.4422107227,2233203.5801888253,1964767.1444343333,1624230.282254326,2418612.8678938234,1767746.4692593971,2630608.6112446203,1699477.221432449,1502785.9369047154,1809539.1953616582,1645082.3839534838,1898927.84478528,1729387.6151278825,1796922.596989088,2026551.4844135365,1909610.1952246474,1744315.8032819196,2251756.42186401,2230713.921547772,2597066.6459507504,2344849.737173085,2035894.2795304174,1309388.9486953905,2549228.2616969207,2065652.0308699831,2025825.6217036447,1855887.1228424816,2590478.3786131446,1656918.5129219778,2177425.397993236,2272489.772287802,2322230.2072301856,4499513.22133486,2606645.9865772864,2604034.5927052875,2318872.398423802,2536967.0049339053,1742747.255335426,2363785.5520880353,1691471.4114285973,2132235.528461019
2037-09-01,2041109.9951063385,1893475.7396662158,2606911.216600993,3465647.288087786,2003673.6221022508,2557226.5903505515,2390388.6835239814,1644165.6054641635,1675383.5294247095,1441099.771695209,2409462.9347198945,1873662.9607990303,2831381.316637075,1745154.9518602118,3322801.4147591586,2033256.3971573492,3232542.889337949,1662038.885900302,1777194.2148925923,1864875.9638640324,2690552.882855991,1859577.6306031095,3404143.84836153,1410461.065439218,2622136.7724442724,2730129.711481409,2051109.806252601,2356541.894779527,1182669.9650997259,2590285.5775334286,2136158.9640906244,1739304.9538235145,1853212.9949275902,2938339.156625878,2610811.0314235925,1781947.7789386234,3951017.8440271253,1791641.6569006718,1991430.5244961053,2409798.3825106355,2069603.0792523746,3207052.302156705,3134209.776876569,2271495.940615848,2178282.884105655,1263388.720366527,2623632.4684905517,1928223.3152786978,1643821.9478486434,2584303.7646421744,1462181.777675567,2281307.9304048675,2167168.743170183,2155203.038210565,2862658.003010439,1997195.0737179336,1511080.3388943952,1767258.818306359,2623546.496396405,2338332.933141868,2267837.712135309,2000127.4799776669,1659995.2035221518,2383314.5363729955,1746035.30949221,2641031.0550443544,1708032.2717898423,1488715.380885115,1856261.636476201,1650488.538296641,1909497.0947731999,1753574.230144598,1769042.3620663437,2030979.5204517122,1967043.5812401448,1730628.1544426181,2223604.6606940655,2252361.512577582,2626839.690524016,2382981.9099964416,2071376.9643266953,1310976.8594012188,2543813.363530912,2066086.6559399436,2024952.6915592581,1919296.2618134194,2632416.9040299812,1658057.107347983,2170185.253273686,2284716.9477746324,2368161.8059218787,4491784.156922199,2638236.0629713368,2599003.3635226465,2305131.8538740366,2555259.656548311,1766114.6658262142,2373324.4728239733,1691967.506237008,2094943.4424866466
2037-10-01,2044314.5593431734,1916240.8301327548,2608886.3332787333,3473610.8393748105,2017880.9499770894,2563506.593155661,2432362.0101927244,1632095.4105174255,1696370.2963184728,1444474.44200065,2451098.3359324457,1917504.85842403,2861592.7558739875,1752201.0972017378,3323578.3176837647,2068440.2602506443,3267986.585013322,1664028.9383519595,1797133.9034442094,1839545.8401518243,2731846.8128139917,1878117.4211612535,3425434.9767309153,1411444.5395436285,2638707.570371259,2738732.243354836,2036858.3934679788,2359670.704362813,1180026.490001005,2550158.5692279595,2163696.104521548,1741886.4579314669,1888459.44222711,2915574.424524665,2616148.448719782,1817788.5435596947,3942468.557251608,1779058.8064845735,1976382.5787304258,2408790.797556265,2087422.81630726,3210497.1961355214,3177072.2825904377,2232746.1693477784,2201463.901125205,1261944.1174957457,2659038.2233817033,1921887.600626791,1659661.7502213719,2570026.138034319,1475761.4215092354,2326653.289923419,2196991.0332507323,2180670.923776927,2900179.298179052,1990407.6994770414,1531615.3105703436,1748055.0728785386,2570629.6838253583,2290002.8692507646,2277834.503457743,2020450.0554590982,1669846.002854338,2373497.3011812125,1734607.2010125457,2635772.7328622616,1729426.7741618112,1473811.294790199,1897174.184396887,1662219.5080471882,1888508.66289334,1804281.52566186,1753797.9600915224,1992737.7282846854,2038589.6680353484,1719147.2398890648,2222750.1053144746,2266945.5368077746,2616037.1696588635,2412310.145874428,2094690.3823915676,1313919.6574664337,2543515.093323066,2072731.718109712,2023365.9895113737,1965542.5995478185,2641249.653222832,1649465.415748106,2128773.6364562036,2293959.2659103526,2379237.1995781963,4539151.1279865755,2666756.055075837,2601395.9986969363,2283274.438580183,2576097.7355167,1764896.5309569421,2393191.865290199,1700175.4659004963,2065953.4802443811
2037-11-01,2039558.6536338087,1944408.7726511888,2616631.211503427,3473824.134580275,2015421.2131130206,2584424.8307012157,2465954.8251313805,1634865.9377223956,1687966.9050799892,1453016.6116446732,2508640.2853498072,1946351.4015205072,2838212.8688295935,1752158.1654988267,3345036.9496559002,2103726.1265948745,3256576.956427383,1670101.709694252,1809962.8917443582,1809883.9968406097,2776167.179928118,1871215.887680649,3411973.0892442307,1393445.7022749044,2650952.9667349714,2722569.9057222004,2022972.8379270153,2339790.4878853215,1171469.7948805662,2526618.5544352136,2158412.697927632,1755814.8170399594,1915375.50369074,2931328.518437734,2627753.345585346,1826187.638471259,3911689.836919104,1754444.2245616836,1965577.2236596867,2386049.251947794,2098056.402721389,3192085.766147581,3172324.8960984135,2208410.636774073,2215716.2178242872,1268921.3982333054,2691179.905441779,1909310.8893039492,1673903.3438010176,2571015.9479033244,1508030.703415057,2346839.9693468683,2188505.088363579,2188712.715946939,2941388.772877291,1950372.8536039945,1518128.5489366802,1770624.1135272258,2519818.022052378,2274538.2357154344,2283993.502498352,2022742.0916332135,1662931.6571484725,2375785.951556301,1737687.7057907495,2610660.808132527,1749133.4735030364,1459848.9743346276,1920453.6601971288,1675808.584108096,1860919.10658722,1814665.0802289203,1738819.056341976,1960359.5316019985,2074121.9212649763,1704849.9301247522,2215254.68346554,2287275.736815481,2603409.1005654326,2429849.2552125417,2088946.466968115,1311063.3625060015,2542432.260033784,2074118.3673742518,2020496.5558761447,1995184.7899577746,2642951.1608549627,1652536.3189079203,2094742.4754807742,2279925.768393573,2417853.551748753,4567369.83621576,2638720.2041722415,2646747.2901155483,2286454.791711548,2592407.5672677336,1755777.1192667498,2381666.998083874,1689162.0973300643,2038557.352701569
2037-12-01,2018979.6041630453,1928628.2118242548,2632178.2054171353,3458650.020526614,2014147.9246072343,2597957.3744188924,2452898.2064925693,1663818.0607264233,1686143.3786618954,1463283.4587944958,2561320.160706332,1957949.837170166,2812773.479972384,1751725.4268116008,3340134.4412224097,2142670.2217766587,3258934.6453096773,1686025.3819091145,1803562.1419519149,1781179.3939456302,2817686.321568718,1861008.2146914718,3381518.2364099263,1389553.0508864264,2669277.868682885,2712430.7621556297,2033934.4678133053,2373106.5688439934,1175016.374647977,2549646.7398377783,2124169.9521353603,1770590.2574304438,1942368.5600786856,2955765.0374730113,2631963.2682643184,1822728.9470467386,3877549.5076174308,1761210.4086138813,1960984.4818728894,2400078.646629297,2103256.366520064,3164577.4850372444,3134132.6741233133,2211480.382651741,2193169.6860255343,1277871.5996561435,2701873.1346075106,1909441.679739561,1695994.042419487,2583792.5432369327,1530984.9872800994,2350261.8013057066,2211015.894436219,2177546.9356019627,2925224.243309225,1922241.232561272,1487568.907504808,1786382.3755114975,2477037.974814833,2255212.100163809,2278053.2655570977,2004612.6559123124,1652224.2997501814,2418725.390381253,1732545.9245743135,2554527.14119789,1760777.9050720818,1465767.4405023118,1927686.882772219,1678218.3941350156,1798603.7076252217,1813435.2404706425,1732821.8080232323,1937204.050959817,2058773.0599398678,1683921.4205233033,2221263.1549512004,2274812.301371892,2555223.0852765082,2426990.777233078,2078397.013955329,1310302.227769029,2547491.391057335,2068659.7955167606,2057658.4743534164,1994093.661492434,2628524.0450805975,1655663.4398721221,2072876.911383567,2257485.30913438,2455767.1774470014,4563438.9333479665,2621268.0327725196,2645413.7838268476,2293892.1541943476,2628878.508973395,1752550.2852417657,2347569.964898506,1704623.5403562484,2024559.197214878
2038-01-01,2041445.5346054356,1904144.405156151,2679092.3004822694,3469446.9448598013,2015884.0080447565,2613084.5261192443,2463634.8399693063,1702203.6021960953,1708783.7768529977,1481252.692757518,2588020.622625942,1984563.6081999224,2842607.289599143,1738394.9013424534,3388094.475946091,2194121.382075284,3289870.935460428,1719202.1991312655,1814187.3271247807,1783976.3945176213,2830737.178006433,1834813.630323398,3344773.5553803993,1394118.1324615967,2709987.760680043,2734906.8092746143,2068609.2716355377,2420246.386617717,1184393.4112783445,2590322.5309154256,2094456.883462785,1808372.9458489842,1980931.6655805882,2983855.7845873996,2649106.313028428,1822863.7881605134,3884988.226562901,1812458.547560656,1960228.4169032641,2431687.427245959,2124524.6727222065,3152904.237124654,3090704.576726161,2235862.4211990065,2180637.789407169,1302446.996969696,2738592.1079826667,1907099.0088351436,1710107.1360318416,2620340.7451607757,1540065.1919008433,2358781.649170749,2235645.468960721,2196886.583245728,2943140.7379126325,1924154.8608267147,1487389.962881329,1806073.9285451635,2490928.7231436367,2255138.236060054,2270523.901137108,1995830.8724824819,1651165.2699523203,2478511.6801458662,1739174.0790913475,2522298.3754376546,1765292.314835817,1469790.8758941905,1936623.6829678721,1682974.1383808074,1782849.6663957858,1814598.9271844996,1731709.339365731,1951816.1691979659,2052641.3616617497,1678627.6247184756,2233150.095331391,2284697.885898466,2575518.9296939373,2439871.5772343287,2096190.9508144173,1339454.5717567788,2542159.28519068,2078024.4518604688,2119517.351906246,2013501.9486695407,2651584.5358813615,1678277.58733182,2073366.71491892,2241549.0433509066,2520149.747116,4565567.126768586,2628523.6614058716,2656742.2204173137,2347467.0415525916,2673900.6468744683,1775338.17257755,2340999.8469098643,1684797.6652042915,2062469.1381844124
2038-02-01,2081365.5100965265,1900065.5353671883,2691482.8185702306,3456241.2309692632,2020825.7436766396,2614676.1725772065,2524986.19580691,1722167.9964514347,1741407.878342467,1500652.9648494811,2617511.0414814604,1985648.1679716469,2872498.851857835,1754233.4411040954,3455253.8419851605,2254480.870084635,3329788.66060066,1739849.5860008849,1839107.1740137099,1802162.3591867585,2871639.7751999763,1819823.4380817742,3340192.2755926545,1404565.920633298,2741438.717514053,2799793.836037353,2090430.0969805843,2495539.3880247455,1209847.890177208,2660554.6965341615,2099112.285532587,1845421.0214627224,1998142.286477841,3042359.5348563544,2637379.278664766,1853699.1723888416,3910568.985994742,1886707.815429578,1957806.3997762797,2489000.2509089126,2131574.392627823,3148387.453667482,3077107.2935798517,2250703.412467051,2199861.5428255806,1308402.9240511875,2789166.900108496,1939002.1092630173,1752173.2259019348,2650925.7101199673,1567532.5189850281,2391957.1397606586,2266517.924837707,2215033.288987704,2928144.3695721626,1940231.4166926923,1496837.7034204807,1812698.9342377768,2485718.5266020824,2283116.5032047997,2281223.04938117,2013026.1652789016,1646819.9157672042,2496841.4253424676,1774728.0171267088,2522954.639258188,1764490.9929890232,1484800.5985582033,1961266.9421335636,1702850.3399430034,1780547.724965658,1829747.3199195678,1727800.7478954773,1916921.9408146604,2058357.0721451957,1674220.2864328225,2257449.4567932594,2301271.497360287,2615790.8412784007,2475973.7021865877,2112346.6377986744,1381941.983895583,2575695.5321975998,2091942.513932097,2181321.6594803743,2032901.0042397885,2680535.6982818586,1729312.1907678286,2073426.327882642,2234087.8448561844,2575028.205015994,4608077.524322149,2662335.8308737865,2713119.3914150116,2391674.023302925,2721138.7583979135,1819595.813939079,2346390.236255184,1693792.8552179197,2123158.9574154937
2038-03-01,2107835.3571230834,1891599.6563055804,2699463.1462606583,3465126.2914295364,1997899.8176476606,2639771.784103098,2620763.442729861,1719447.8076207659,1765168.1407801076,1516565.4553192405,2614729.5037109233,1976393.727196557,2890246.052284588,1756578.5187672756,3504138.853916441,2289806.705620326,3338609.914932254,1746012.2656822759,1885343.448928513,1835458.9493334475,2890385.69021425,1812880.7036997415,3316169.8236688776,1416092.281670105,2720616.072573183,2865568.932130481,2106772.1424166937,2557654.5137823797,1223077.6897328333,2664611.754982985,2133537.085283943,1856156.4836880672,2004575.2259402922,3049139.4608515496,2585262.2787881596,1871695.220553823,3890716.077901016,1933791.5812730223,1939753.3887951092,2539061.32360182,2129913.2591687613,3143417.425911152,3037517.9547399357,2234025.0222401046,2192720.087767302,1301725.094746458,2836702.7613479444,1958778.2197284587,1784775.757201458,2649043.344364017,1564749.497868107,2418881.5284257648,2289847.3157860213,2211628.4726888137,2959065.7126631564,1944441.2468797534,1516495.7457415315,1814357.5731949673,2514408.0864746557,2314885.6326084123,2298322.3167669885,2005701.7899079188,1652325.2750752538,2476812.858729332,1805830.776924657,2501236.1722152554,1766860.9895031652,1479855.5455424974,1947992.3558176293,1726923.3090064006,1798602.2054282723,1850566.9438208807,1694857.7803406396,1916290.5434369217,2070626.5682570394,1658915.1299489208,2258379.218485546,2313884.274518365,2632369.5076136324,2492442.468774787,2106976.0715535083,1415980.6663219952,2554040.535838447,2077036.4165410732,2194753.0624152054,2076469.9116621749,2680168.0305138696,1748133.481366929,2071861.7995045374,2212200.1176318307,2623911.506335072,4614030.654755888,2659552.425741225,2785881.0171509073,2394264.008064664,2740979.1198457843,1860001.8034122267,2341470.838042552,1727089.006914039,2139221.370320532
2038-04-01,2091769.7133546222,1906631.4476740777,2695379.86878,3455236.0853701537,1979410.4004403742,2631602.750422423,2723704.5161622125,1731284.9807789903,1778643.7974588699,1546478.5652520978,2644922.539435192,1972491.0481273448,2908357.231017742,1775441.3698278756,3568169.068686749,2325310.0055643898,3359299.8010575916,1743622.8022971575,1931982.2654263626,1861514.5788991044,2899225.52744161,1810563.3305107574,3301464.631553616,1437838.3083342914,2708414.8135597203,2895927.0239616036,2105837.4662340796,2581634.7252955204,1230311.1969916357,2673798.1885762746,2172643.5990867084,1867997.3459326758,2029191.2111347069,3068916.766174915,2559621.094995464,1873782.7353076253,3862310.9926431095,1957751.0579453795,1944181.3960857368,2597126.6148981224,2139966.9023256474,3110188.467445572,3011258.6208745,2248466.713560441,2208284.1770919454,1300002.98266629,2870877.101390701,1978384.1543739762,1809319.2357640539,2680715.3973937808,1550701.9295057158,2430660.0633953954,2293517.2338331705,2215880.23435375,2987631.877190356,1969495.4986073517,1530941.2227586475,1831754.7222574656,2519987.2362631,2361386.239711806,2314183.4730860805,1998772.6477821288,1654821.527991574,2455135.202520149,1857495.0590180077,2491129.6745265066,1785268.6354196446,1483482.5044961805,1947919.2346243467,1740412.9333586714,1825611.017318698,1870643.0030221369,1683977.735535064,1898994.2718287099,2111059.430641632,1644361.1287960717,2270041.5096957013,2326744.371338056,2629168.112336062,2493532.255687688,2069322.9410690165,1442218.6042715139,2541987.6458608406,2085212.4180432253,2191011.0620172415,2104210.3675825372,2681269.281474749,1768644.1214336688,2057963.416376739,2209755.7969112275,2667115.7929136157,4580938.73747064,2651851.6140818275,2815667.2525027003,2404579.468409061,2739491.26359706,1870166.3488468067,2362322.204460299,1760910.1984591947,2165559.87877982
2038-05-01,2123975.0468718344,1901022.4515440692,2683595.660933402,3460519.620445928,1966921.041400071,2641042.332672322,2789368.00228569,1755597.021655861,1800664.382396176,1540873.034629838,2653887.412727733,1973260.995339527,2956623.7551321136,1782140.5555049514,3627740.1478207097,2371648.7787890634,3370478.4480360947,1750043.6454071216,1965030.433907791,1901487.3957727381,2898113.0050091706,1801909.1332266077,3345855.7560970127,1443102.796567614,2718252.813753055,2927303.6668767016,2127344.950626959,2624462.5082183764,1220766.7043874974,2673379.2596708206,2218996.1381265647,1878407.7229653636,2061546.3753594374,3101514.55345663,2555562.2062381157,1887118.418275601,3871719.922392287,1982842.1426225419,1920495.1400471264,2604935.3147446676,2160744.5809531272,3146000.309811654,2990731.3486607787,2257989.5969617944,2260002.8739866195,1314968.6056242674,2933621.278671631,1990641.0597044742,1812929.8077528628,2695949.1489799446,1543826.9695161686,2443781.6289015794,2305958.7217499064,2209324.7310744636,3046418.8690636973,1961971.0553724507,1530821.071079669,1879245.0526058415,2504165.2455947846,2395745.5895641963,2318411.3833539844,2023892.4836457546,1664178.8707518333,2451328.8570328406,1856731.0502475707,2497814.7738391836,1823886.548242106,1490232.6243107703,1962863.2825661043,1743000.2765236334,1837809.086527904,1872493.7151667029,1672345.0371305258,1900931.90705683,2147572.396816005,1642045.9367587946,2283665.8836228913,2339079.286530884,2649959.5752971987,2530327.5896518272,2070856.3747807115,1470180.330894516,2553591.493393712,2074822.9180919041,2202298.7842179947,2135855.1181967487,2668913.619463033,1798473.024136236,2090174.9352524453,2175159.5284437384,2731660.633913859,4573265.274506563,2657358.200526379,2829371.0966806444,2406631.223775467,2733735.428797511,1886076.9047083713,2367661.0412651477,1797770.831875935,2153221.440916162
2038-06-01,2136899.820653932,1906492.8377619013,2654638.2851815834,3464105.9805688136,1963938.6071443458,2653689.6637915485,2829424.199874116,1768536.4153588251,1825371.4349220626,1545799.100851942,2646359.0529140555,1996210.7755276712,3032330.4195808037,1771625.6399861958,3676957.339694346,2365441.5375316557,3372336.32357726,1734374.9473675913,1968973.65663739,1906764.2978659105,2908886.050875236,1781188.50060974,3403914.6063514603,1444707.1136884245,2729728.3281630557,2947332.986767174,2154753.5873736786,2634406.4349356056,1208974.730236185,2670922.1734367884,2232730.66595277,1879246.335921314,2054319.4417768028,3096399.5310383723,2552600.055081568,1839505.9149630736,3850094.2225969764,1994664.1764741552,1920798.2853423832,2652903.2978097955,2166100.990639088,3163968.2662015823,2980763.1666390947,2241323.4118087385,2303986.0009587333,1340524.2191413806,2949457.1140586957,1982804.2111708068,1825760.9760380865,2728418.6464813384,1540137.5266516698,2440260.000858311,2261787.6643178584,2186886.8947418113,3072165.103306375,1909794.1583202188,1531092.02993567,1932246.9266690495,2506216.587732639,2406269.150376205,2290514.4305233634,2045362.5373688305,1678135.4369205518,2451722.114385677,1882481.2444501957,2511038.5736825154,1873220.3362398471,1469114.6675237694,1968196.3765452374,1718784.0138581465,1827373.6408054493,1851489.4969398458,1664946.5098166976,1891379.2185144227,2167609.6486611357,1614642.613634554,2269173.257849635,2333539.8699794863,2676366.514624674,2568758.4751654016,2066985.9819393994,1489927.445938289,2557805.031522749,2061671.051519177,2209072.6442179317,2169309.694689344,2652193.1902360413,1802527.8641939694,2116485.049982528,2136075.3771902984,2800490.1957920576,4570214.440756507,2645467.725596742,2800757.7841156092,2379473.279373337,2730078.933985084,1865360.5940714872,2383718.777042614,1833904.5375462323,2181369.9759326275
2038-07-01,2122161.82813919,1880750.9955886863,2619391.2535089464,3503005.292855473,1961982.7610228092,2677825.6105241827,2827609.20126654,1774489.8229685354,1807011.707283933,1538018.3483499472,2624990.521415702,2022364.2727644856,3075063.2153568063,1779390.736476639,3649095.3303352334,2377599.591555624,3394143.1342093763,1697158.1610314501,1966322.6535102234,1902640.3735520844,2859849.018889196,1759239.2928380556,3465304.907317551,1449006.7393808614,2749381.1611030553,2977878.8225769163,2189082.5725475815,2660663.7836063597,1206464.720534462,2657245.070482325,2242569.9696090636,1881430.3189737608,2051062.1462683592,3112581.946357789,2549096.566003524,1786816.8958754123,3842587.9493562407,2026196.1853638885,1895050.992953168,2697182.9994409624,2176336.21930024,3189943.2875718456,2949108.1569875902,2213084.871152138,2326353.241332441,1365464.5214770692,3006549.7492090357,2002921.069483257,1825598.022435395,2748942.5049513225,1552755.811937928,2432515.028580381,2217869.88437929,2188179.970544357,3105939.1852703225,1830193.5457927324,1524382.4687853153,1986696.480278912,2489834.602939225,2421062.616615947,2284511.7278188104,2043771.6799203958,1684318.9753223748,2431496.8435269617,1891129.5392351174,2505620.363696622,1896806.1708061604,1454788.1791344564,1962362.4176610152,1692897.0325072755,1807437.5854868873,1799105.1389855864,1643199.0096631849,1910381.9284790342,2161545.0155368815,1588499.380148467,2266926.672619928,2291581.1444435623,2669147.7498236266,2622615.1001145765,2065331.0637052245,1518458.0445582722,2562655.556137254,2041938.3429782302,2198065.6159091997,2224722.7598852683,2642048.9240184715,1814491.2961818033,2118886.426199524,2098033.1709367316,2855560.185820461,4550038.33661625,2625388.6343524354,2782740.181006412,2319639.124934605,2711336.528068176,1857871.5802142837,2376738.804997854,1841280.8907858785,2186894.4820196857
2038-08-01,2121547.3436728246,1862169.8326838491,2573975.89063483,3555373.9696193007,1992840.5065537489,2746552.577570809,2844629.977059591,1749778.8131823444,1797343.7607761647,1523921.4254265162,2635045.7356138336,2063250.067190378,3112351.8177955197,1794026.414449221,3639463.8620841806,2425384.6161031537,3399060.5620929142,1666258.4594347712,1970451.1686931592,1905086.8709249713,2847861.1191361407,1734764.6305136732,3481653.3833878837,1470802.8047111244,2712191.6458841176,3015659.4224417973,2237321.46052132,2692651.9744715495,1211015.9944809722,2664415.4008248206,2237336.316348144,1897923.6877017587,2048745.7018545964,3122124.5015496076,2527925.4348122873,1718172.9768500533,3792995.7833507806,2066541.9413310636,1916437.141214589,2742973.652219157,2226972.8651083466,3150954.035856597,2927877.9379711407,2188295.0818333407,2310482.4422421833,1379774.8969620478,3066527.413369866,2024255.1323864195,1834829.4718422364,2767987.0076402393,1580082.6112126524,2422477.0733585902,2218342.2884760927,2200238.0713861748,3136114.9139629058,1781486.3456066803,1521045.6402623872,2005831.0383580986,2456109.097403693,2453695.0057283104,2285350.18557843,2016750.6752477763,1679894.1280045148,2442454.55525228,1916976.7404854023,2514166.437310897,1905034.17439601,1434766.440840734,1951792.8136679204,1697401.6985344393,1798488.672951658,1783135.0108257877,1639953.97302951,1955678.311542787,2160815.3049294925,1571841.701022436,2265476.5198731315,2312032.7865744694,2667736.7415571865,2656006.831724769,2058434.4759391178,1558332.966882705,2564741.7711959365,2050249.81090876,2168034.0538706104,2291636.5348545266,2650884.6437422927,1801290.874759987,2099525.548715331,2063068.6724024725,2922900.5795835597,4592038.440793199,2626272.095665534,2796344.304670909,2258258.6803376535,2701849.7299733385,1879077.408246223,2351048.772345963,1858409.8322430577,2187391.923937991
2038-09-01,2133285.2741933074,1900757.499527735,2544733.642233,3611410.988850852,2027871.9606682837,2818495.686815899,2890416.6573165334,1753386.485498331,1780663.5452938476,1517840.4872813798,2636114.4473792715,2075689.2216848454,3142303.389019685,1833419.1314501613,3643082.53796985,2486730.5555453827,3399023.263204957,1638071.1625772684,1960108.8716958417,1903673.698394921,2845992.4008490248,1738259.7828956055,3484284.936296293,1495545.833239372,2728604.085218711,3066855.329608317,2282738.0750051765,2728193.9316446693,1234232.3569387274,2653429.5518208337,2239595.8742368664,1908641.6644499325,2053633.9184288047,3174174.734995817,2508896.8228913383,1676890.706971445,3782480.549166641,2116906.6503972956,1961095.7654114973,2762021.745094612,2278259.027612569,3144342.7420738423,2893128.5463510714,2171387.175270432,2290133.557514789,1405465.7213043056,3149653.1523931907,2097111.4971750902,1840259.0256965198,2761290.6108240336,1606023.4110107566,2459225.5911375964,2241758.0507658324,2236452.622512708,3179706.182626596,1761846.012600909,1529961.3229465033,1995570.5568118738,2440418.5409973226,2486042.7982637654,2316047.9080818547,1997458.4825239268,1688024.84931524,2459378.7838662523,1937024.5248146504,2526523.0173422857,1960413.4011151928,1431110.6403601626,1917560.5064681796,1716672.5755852053,1809485.2792975467,1781833.3546150315,1659554.1594842072,2031639.851423897,2157284.092397611,1575149.4114015324,2251277.941311033,2357199.5915088197,2701594.6273428123,2690773.210826456,2063309.0617940044,1587333.2880345155,2576953.27420032,2060121.4573778154,2185990.4226162042,2356041.3801812134,2661339.871344431,1809040.466772981,2121374.8339997088,2024202.0600831043,2976730.5541114775,4624475.720102665,2647743.870081481,2845330.9391242187,2225924.11059181,2734243.0453477474,1905073.9115655867,2344376.4446597183,1877688.1309181694,2186306.4943264504
2038-10-01,2127803.1579525853,1958386.1062194405,2514462.769355145,3598422.0141756744,2028096.218940954,2881734.1313482695,2945138.517885583,1767711.7614013348,1790455.2277108615,1497451.4339462789,2608322.7318666866,2076973.6356411779,3130838.8495077756,1836498.8252184798,3661235.475869963,2541425.9357596105,3395370.320287486,1634638.4802739418,1932003.2327871108,1921871.1380356834,2829188.547801613,1744451.2132628937,3504690.6790514453,1506906.8626383473,2742253.728819202,3097565.8596307696,2291838.625082207,2730187.842135929,1237743.3847799243,2627840.115410787,2235231.5004329314,1912496.4472140414,2059844.3170983305,3220872.321201271,2533936.688910747,1672747.1532379477,3742406.3216544273,2170698.092735268,2008163.510228771,2743455.9929559855,2282315.0484814434,3132480.0530117555,2852318.369920323,2177093.701863275,2272034.1963114874,1432727.944807906,3246109.940430013,2150347.1327599785,1840250.4402674264,2757134.2902244944,1626788.1603286385,2495866.9025707557,2287235.7676116163,2254486.167544744,3233159.7668466596,1757156.7746841446,1537173.6345604062,1965197.1517837225,2448784.194233932,2485097.964421601,2351841.08490203,1972416.4937665511,1681623.444633771,2490402.6864191927,1928729.0030871376,2537657.06134488,1986148.1628602876,1441923.2606007087,1913220.2060910442,1763199.3149166757,1805877.5465466175,1815951.6703091615,1670352.6839903074,2074726.5810638177,2163051.9584160075,1562259.0223381394,2245831.878315721,2403425.8580943197,2666625.22115142,2692769.6524273576,2075037.829853798,1614662.0191912556,2599700.922863836,2063487.085454764,2196615.1077006324,2377480.4903501845,2686308.70550084,1811583.3712949697,2127816.067531112,1983542.007170671,2992106.988862962,4641220.060235983,2673997.012107333,2914540.9403183125,2238297.552562717,2776388.82285466,1909307.7333104499,2326171.6275267513,1906334.0447023849,2182476.3073893213
2038-11-01,2096045.908875735,2018883.9954794236,2486825.687787443,3568408.1932205027,2008839.4734856377,2896381.1425963053,3006930.789484456,1769051.4269711159,1776489.4804171429,1495489.9958643715,2539253.9711263794,2069422.8676287937,3122914.885771365,1826646.1971324075,3638161.193455238,2624967.584874436,3388662.0733634527,1660042.598967355,1924793.7635075634,1911013.297198669,2826378.5889212065,1748686.6961132085,3461239.3137743874,1514056.6825036425,2745857.37267417,3075908.6357464646,2275746.440509649,2722096.2127411845,1252360.614471984,2578516.917191592,2239739.0313712526,1907246.0962897087,2063494.906078353,3259383.7538144276,2522720.488068577,1698210.1993952696,3753935.0346704726,2199156.9213740793,2024287.2243650085,2725136.2661269885,2250491.1341036824,3114882.306236392,2828018.6446064236,2161618.1074019885,2252202.739153769,1456297.9674374762,3319197.981383489,2190158.819728872,1839507.3118041048,2739028.1621374525,1630312.4353887062,2535736.2851993516,2293951.3714519604,2208751.0543820863,3267592.8269205727,1749967.2613824431,1524308.4245594775,1950387.321721012,2442029.276281091,2487481.3834077497,2377664.6806830056,1977161.463049859,1660131.8417265017,2488093.7455374366,1895499.6145621396,2517488.4658906343,2013835.0587651252,1444923.5903372862,1883905.6999752128,1801002.735810098,1795110.7438843227,1824671.7795706838,1689459.2975053017,2087622.9612704185,2166831.448940889,1518681.433529621,2234256.2787426813,2447183.375586491,2658502.4676657915,2685525.031230884,2056500.9461164088,1639640.0750049744,2572735.513644393,2054469.7669150224,2222678.3098196597,2398926.1375794252,2675343.212995728,1811679.7041588752,2141184.4640969806,1967136.4499504482,2982162.5969118197,4565622.181616362,2674980.806639446,2919605.601981017,2243545.0024276404,2744710.411422616,1908628.7082325395,2313581.785461187,1932368.781433155,2187375.8399450583
2038-12-01,2098517.8196181995,2051668.9726110739,2476643.658313695,3583581.1930940636,1987781.9271111418,2843130.2005798263,3077124.5393117703,1767349.5843440678,1770897.1305241091,1498945.9622583126,2520068.512716032,2043601.6946045875,3139090.4552980494,1838375.025740129,3640679.0796961603,2684316.750897725,3402102.177475071,1699367.9266709434,1908912.76778336,1880206.3860809766,2810531.8276290004,1738342.6385602592,3447646.3978009075,1525474.524932401,2759602.458386591,3061481.7736330857,2286341.559394981,2706967.2009879844,1259180.0010503756,2546061.7602349804,2238096.9811990266,1917681.1759153944,2085305.707101064,3278564.1866022605,2495968.0137141957,1729488.2519451876,3812291.234486921,2197215.861010871,2044801.9011126903,2710952.5307127796,2245137.18274425,3153362.9631743953,2808131.3716538926,2146980.286484699,2259775.6766919903,1468188.0724561696,3369712.452640777,2212502.961875385,1837230.6095951698,2739164.578955078,1624414.6713293688,2575948.433290485,2285402.98613975,2161226.4737360654,3293925.9010105953,1748811.8661500344,1520048.8405914842,1945298.4011971003,2457930.43325616,2515502.894018985,2341100.5178401065,1985440.4236511441,1657341.469861331,2502619.825830931,1874765.7799221934,2535249.2092786515,2021778.4291279265,1445753.6898153503,1888317.0276073976,1806747.610834452,1773624.8434651324,1823109.804652135,1669760.945893737,2077283.965677674,2185304.7814028705,1499499.5429227462,2255055.712135338,2468386.851313758,2647671.5256953845,2653330.076522354,2056057.3171469178,1664593.8707290115,2574476.6408513715,2055205.577368299,2241299.9510374647,2402912.8756077765,2663937.763714502,1822920.13092821,2121283.0921929963,1939837.5631743344,2963870.1077222754,4525256.966621519,2665251.464535431,2892331.565980733,2224179.282208299,2713387.6347806663,1906507.642437069,2295247.990249075,1968732.1844186597,2175399.319729523
2039-01-01,2121151.5077199033,2064374.2958427297,2456543.0859974856,3618283.877725217,1986134.3767642456,2805489.999835524,3163981.0731411926,1795932.249296218,1771584.8495526034,1516226.1758423618,2499824.507660771,2045300.4665526485,3161608.63502695,1867242.6424487396,3642639.811325062,2761147.149333102,3401655.9649382336,1737533.9552295692,1899835.8211642613,1875056.5402161188,2795994.5316613433,1753655.718806789,3406880.302593698,1533639.8350688743,2805752.586397817,3084957.736126014,2299421.3001824534,2706279.2407417125,1258001.7624487684,2521017.6296372805,2257187.6730978345,1932451.3792503015,2091821.7739744908,3337446.2502589477,2498198.9534707074,1739888.5406409276,3941933.6862581284,2210547.835232951,2084260.4699422838,2701420.946212898,2256329.6842538835,3155157.3590219435,2827473.497864359,2162169.6202566363,2283395.0303875767,1485336.9426652328,3444618.194072359,2237131.6031699968,1823962.569799806,2762755.722985333,1641676.9227195664,2624302.7072037947,2272323.208288977,2160225.5832798965,3336650.9065516377,1731060.2562107765,1521918.513373488,1968995.13413626,2491977.1282860963,2573802.0444809115,2332691.825227797,2003592.9502599982,1677743.6475973302,2527600.561270051,1864470.4714406696,2576599.5193646946,2074763.5507360916,1448809.324146668,1895021.4045244397,1791509.9022060316,1774922.7367249238,1848569.477316573,1681050.0430065256,2067013.3235621548,2192149.3687184863,1491611.1007344394,2300672.7722599576,2505233.569049848,2690713.8382153064,2663896.694411127,2085631.000518367,1707827.2559708527,2590687.5884085316,2108493.970730953,2268695.7498605857,2411354.8223335366,2655387.9822565992,1844057.1239720637,2144967.4939295994,1950452.5126791743,2999886.286535568,4513389.997178711,2676148.6429583794,2888622.658070032,2215849.404003291,2708760.93777207,1911899.0471730386,2321364.069298429,2015174.479228912,2159333.0237346618
2039-02-01,2145860.713219682,2085095.9988312041,2442449.6944247657,3638363.960490456,2027468.1844602523,2796250.3370791594,3235181.3849986964,1833901.419317146,1797900.1722584686,1541860.9496719395,2535634.203594755,2052935.6849500504,3199574.278032857,1915911.5325860928,3716819.2506505107,2814793.25225048,3406532.289983005,1784749.2405694525,1904334.6537728908,1868711.4714445898,2775069.1236640834,1779207.0913459691,3378612.640082186,1546596.6597032836,2858393.658818034,3122768.5878365813,2346605.128258483,2729906.3440029183,1273708.251726585,2543306.350600101,2296030.051203195,1976624.1404250208,2099311.508738183,3431115.9931929884,2515916.949364062,1752238.2695362817,4084517.110148988,2236227.988058893,2127422.9564692583,2693705.9676047144,2283167.46804104,3152432.1969774817,2858834.640547947,2197350.1771309525,2314682.8767746245,1496891.2118471675,3553945.056973731,2261880.805747204,1821622.461756975,2818237.3243259694,1675884.3048306385,2674568.361294368,2284810.328632863,2191855.6844001594,3371689.4215239715,1742741.5837576222,1520213.6516702971,1998588.0130644152,2538944.2607355784,2631837.904159332,2336060.3753881506,2024105.488567631,1681078.3976890247,2564141.9049525885,1859885.8831481775,2623654.835173923,2130048.120145164,1454804.8577969065,1933913.067163916,1806672.6198242907,1780868.1266535283,1875807.1093041261,1696513.0880882703,2089103.6378829489,2182964.7676198105,1510186.5239084375,2351012.923450995,2563539.4973811535,2724792.234448805,2672468.361981248,2119319.2861505644,1747407.4403980263,2611194.378907294,2185939.475584981,2261930.4599859044,2426841.8370334078,2671238.879175605,1882147.652363362,2162082.7991280984,1958966.8125988166,3032900.0355031267,4554087.345765968,2664142.922731397,2895343.733931763,2224676.3303055204,2750792.2583065326,1918205.6311466799,2404823.4389031227,2059314.6044427142,2179231.5436189827
2039-03-01,2161185.8012972698,2073249.5179901037,2397998.308809531,3711323.766277169,2061380.2323241748,2789526.6641887366,3240918.1688483167,1838275.4349147237,1804359.5045413575,1556084.3666752812,2524835.7858567038,2058893.6278427523,3228822.386545867,1961218.047762,3757691.363265133,2884272.335175903,3451262.4572825497,1814865.5517489624,1908897.0416189048,1857854.3928296464,2751108.363274294,1780600.4236177222,3366688.9482032713,1541149.2754668433,2861859.8828651244,3107632.3605440366,2372098.7701213392,2742002.608199181,1252533.0557132547,2564535.963217698,2353763.8172647264,1991593.0502126194,2102180.416134837,3474224.027480654,2505099.329119641,1759366.0547178434,4110406.481419702,2246767.877881366,2139941.5043000747,2654832.1833598185,2299661.2501205932,3134809.954777567,2873076.0554619613,2209745.684601594,2326593.4904425954,1513918.266571976,3596386.715940514,2290230.0825092895,1805737.7470135754,2894219.238774646,1686707.0975849738,2700602.033131186,2293191.772494222,2252544.3258221014,3413475.9832328553,1763717.922206651,1503461.5207466537,2021530.8781990285,2561284.834336901,2659753.557265882,2312044.636137262,2031059.4317140807,1688936.9487187664,2529343.135200553,1835827.9721522357,2668084.563759392,2159077.4682707703,1453313.322997297,1955296.367525401,1827281.3772639423,1800102.1082728403,1903925.4692997262,1716744.3397961576,2117487.713978319,2142216.982146366,1524791.6418024239,2392011.6445084615,2602183.8062676014,2741472.722182118,2671356.211982452,2144010.4694070504,1788528.8041820612,2615916.7841467117,2217622.3769653556,2300217.6642235126,2411907.395059527,2688898.589180331,1907508.2967136998,2191521.1731817233,1985880.79722749,3062198.1341665406,4578911.683774961,2651994.2668939005,2899116.1610234873,2232276.907777832,2807341.629406779,1928384.4106702968,2459966.310149085,2107731.95362675,2168711.812878102
2039-04-01,2180198.5402049073,2059274.1929743572,2390359.405753192,3780873.7577716256,2074744.5666686222,2765882.9133047075,3238976.464462776,1838044.0539650412,1808014.9690449252,1559126.158770923,2547550.8098747977,2094388.737721217,3255635.662230228,2003121.607955402,3830416.469396236,2930276.352619692,3494719.7638708786,1861408.0345597588,1920242.3863151353,1853478.85042852,2726101.193039561,1800363.4998786994,3364783.7134195035,1529379.7323585316,2878992.6385314385,3090753.6060504997,2418989.8803855404,2761418.786753743,1262753.4851220935,2594427.0421678657,2404342.2778513185,1992926.5789847393,2109073.1941092364,3500295.868631518,2528543.1870942283,1764742.4815949644,4121548.9659878607,2255608.3219557493,2162411.1512871576,2627854.1855660877,2312507.436139433,3154485.545112623,2891743.442706527,2241082.7988128094,2341549.483364151,1527607.9265076034,3616149.401370496,2302184.070542535,1825375.0908560767,2995431.140475043,1725721.4541453454,2723677.4545654603,2319486.9037104584,2315784.6492489097,3443252.6151579013,1775102.4167859226,1511961.0300594338,2039555.326864046,2584843.871205097,2664004.7997993226,2313762.50262467,2021207.5756843507,1704311.8550427454,2562377.688851291,1860052.7059014544,2697502.865385708,2193955.1870981995,1466312.8018833478,1972679.1874898265,1852748.3746014598,1844230.924968855,1966686.847769508,1730302.0268305151,2142870.125373186,2132509.1883961465,1555166.4166402612,2448557.676796963,2663803.3807108277,2781902.3212733604,2669223.4528384726,2152875.8560866406,1816458.8916407407,2614436.7529578945,2251185.027275882,2285233.8612988284,2437207.983649227,2724413.5968593303,1909130.8683339732,2208891.5876691537,2024227.753180049,3053560.140245134,4616652.548763634,2650695.1898282566,2903908.362195369,2264639.7271026936,2823472.7107486087,1935349.0191220515,2501669.3122778656,2153332.2722601574,2155970.1659826674
2039-05-01,2184846.893402997,2072129.9979817523,2379386.800897345,3844066.208384911,2074721.6300317904,2739295.1513244235,3231751.288317565,1851036.7937143256,1843534.4519328452,1565822.4350082316,2534896.9464993314,2130937.191158051,3239560.0097369216,2043516.913122596,3932959.8541790023,2986296.840914222,3541534.1466140333,1906613.0551696573,1919058.5811250173,1824284.839474141,2719233.047787925,1813627.0007761973,3338329.161746838,1510237.7335757792,2934482.1720277895,3099362.211900243,2477840.639764445,2829235.9191532596,1277417.5605024786,2588352.002027889,2464276.84704723,1994545.5750901774,2120682.3709089244,3528423.4836603072,2532317.6870942065,1770802.0925027146,4153907.4248904893,2247316.786319357,2172544.673538749,2616014.3373369374,2313011.167762284,3209579.081973182,2894550.7220061007,2278142.5914856913,2379272.8030744037,1537466.7325931385,3602088.859112549,2337380.163255059,1854939.7487619095,3076826.269637422,1770278.2366998075,2747377.397777267,2328647.949431676,2337326.099184585,3480544.108109058,1794748.4419916593,1512012.4090574184,2058549.9470765009,2607204.9558881465,2720247.5057493267,2323915.379609507,2048165.4899139756,1725979.352750691,2583820.3655975503,1875982.853064805,2736005.0192011762,2209343.4416099866,1490124.4880558595,1999814.7122663164,1857434.85163962,1855068.78618398,1998262.8976716485,1736209.7855000955,2164492.7972877948,2127325.1002156097,1560847.139497724,2464444.5989290075,2733157.138413186,2796275.53833676,2667115.756264542,2164170.769443865,1852249.6182122717,2636162.843517343,2261843.077371477,2313552.110233034,2447031.60151062,2760730.301333464,1941015.984548025,2242587.018888249,2080421.2735507737,3075157.4104061434,4689880.539963594,2664014.3905021576,2958183.5294116912,2302037.2459282517,2831714.497154761,1949626.076050112,2545667.2605423573,2196346.134139145,2173861.872969035
2039-06-01,2218856.6270649033,2084823.464340171,2358560.530131034,3841376.283879866,2066648.3801816422,2709236.4005904114,3233659.8827619622,1851544.3720956368,1879558.212573113,1589371.9635061123,2496254.0578759196,2169269.6262238743,3258448.8631356303,2059549.9629301147,3985197.3773080916,3013082.9109599204,3543111.5896283984,1952885.0451695756,1930971.4071623425,1847976.7267462832,2696884.928864005,1803209.0185390587,3338895.604614784,1505060.6578188217,2990438.7033884884,3118579.471453862,2506464.1343630697,2833115.639165383,1303081.4708703712,2590643.563143218,2508034.5441420693,1985996.932514417,2122103.5664293007,3531808.008346551,2552713.158820843,1793637.5789980446,4182663.8042310495,2262767.209042476,2191114.485757599,2601226.2925845445,2322308.6202676375,3242118.3899764526,2905815.098055209,2298216.821601696,2369827.2890944476,1527907.2722956862,3590097.2749302513,2365815.7698513656,1874292.3725901034,3116221.3643794144,1796897.8751389757,2783217.230422141,2317990.6239617416,2337752.9236379685,3512034.7909065336,1817160.5093431422,1515651.7718318584,2070359.2960409408,2588142.4900941863,2761546.815418565,2351737.7475529187,2069694.688322613,1742270.906104576,2550041.241596836,1906931.014675094,2765780.1969224806,2215904.905385234,1510022.708930577,2026366.030026996,1845293.1318786773,1854774.9491512575,2014418.500504387,1752663.1870899848,2189330.6528454423,2106281.118216702,1571964.9684055767,2471738.1507589957,2750108.634798235,2810978.5457439306,2666154.182921751,2166756.967172319,1878886.8144546417,2612793.659359075,2246661.564990625,2309403.4376126267,2462506.833671609,2794506.242491925,1953177.4444508331,2241937.0840370953,2130110.1193308425,3070473.0698637166,4698367.149379255,2697930.213503315,2993721.0274420828,2299483.834036381,2813125.969879873,1941267.3781598632,2560716.3158527818,2200052.6700412743,2158350.1515989173
2039-07-01,2229387.5287638805,2087672.7412581188,2373258.084902766,3804563.877556954,2040067.5727194392,2675052.3888088996,3201029.12288019,1841051.4041960249,1904714.0282350385,1609208.9810515004,2472713.822143014,2184336.2702035634,3276447.5823685434,2048404.5443782012,4022794.6937008365,3034214.100894402,3483510.546917171,1996293.0102844862,1935385.6227654116,1869968.941153334,2677657.3819477535,1797122.8429733915,3374031.095217886,1509061.6073370052,3024189.7741913446,3115041.141575316,2536209.4910566495,2824546.480931584,1321104.0943012233,2604728.4056591922,2509696.1867785943,1958043.1172511333,2104856.760100209,3514727.9635864333,2558766.136246125,1797643.0129827235,4208106.240879705,2253170.435366219,2196615.097563105,2559571.0323818703,2350150.472073844,3211338.125970212,2875157.5898522707,2271098.369563807,2352162.1056081536,1522599.8339286144,3566725.799271818,2381405.819238675,1851103.761498035,3115898.8795628287,1812210.4531053794,2805308.8724172134,2289287.730443009,2316690.376329219,3571647.748791113,1811339.9066379708,1516038.6336450658,2065921.8734732156,2573871.0644679894,2814790.1763382065,2401620.702518216,2098429.090291005,1755015.6410244503,2527830.624449578,1946338.7140465865,2844075.8970607975,2217027.573678361,1498493.499909324,2059134.3523166524,1811091.6259110938,1851244.1915468476,1998395.10596668,1754045.7829457007,2220052.718449525,2077856.5145144684,1581247.4158280846,2478082.8199932096,2744790.6279987744,2795390.365693933,2677057.224166769,2149918.9567456366,1894682.1336192673,2563642.6560413213,2244331.0924852435,2315809.998704346,2475292.578335691,2786019.0109894075,1968878.4218563505,2208566.903228762,2132175.411389326,3003079.1422521374,4692356.565894543,2670453.5665516523,3025987.265993707,2296360.444587577,2777903.6053659306,1909314.726671337,2536102.525992336,2204743.4199763266,2168950.0934454477
2039-08-01,2220577.971872992,2092953.5838766817,2410143.92489458,3757074.55629948,2039678.1953729433,2693077.43204627,3214067.448674027,1822040.7035408306,1922124.7642652444,1615373.40601127,2436549.7026869357,2185430.6554746516,3281961.1938751535,2064283.5461257796,4045149.968309169,3019107.6451343875,3410576.5115971235,2020562.3116083585,1931222.7401964206,1886628.9762754277,2685092.711017253,1784179.5621746837,3423222.655872003,1506359.8503019428,3045069.5599908377,3104053.280151926,2570619.5575304,2745544.8191804546,1339941.3375038903,2614583.675990628,2517341.9282224793,1942820.2195629694,2087694.7981414497,3535919.4693340734,2549661.869468783,1798937.4961435066,4232491.045906647,2240201.0409741607,2214733.133334686,2539364.7275028583,2366917.41891334,3196586.5302974256,2896392.916144366,2271691.2625460783,2330248.6166422255,1531483.2521841954,3611271.91774256,2415923.9649957577,1825906.6538671637,3131366.718678339,1838012.0536014833,2847840.5340518137,2283743.9724954725,2299926.5232246695,3610047.8175197686,1800867.6151906145,1523683.8050422135,2089053.7243385362,2579094.7498819306,2840076.3574789986,2416165.4825102496,2114456.5334926127,1746385.8453662465,2538871.740810122,1983129.8115394963,2916947.493178074,2199901.915345845,1484361.2132662837,2077520.5865617055,1793001.8478405473,1838173.4369871302,2000441.5962971481,1789509.5873354806,2249910.8651211583,2051085.1782504623,1560776.9132857085,2474199.3804868925,2733224.6783327307,2790083.151992134,2698932.403381583,2106767.947276692,1906571.3586221244,2530266.9301890377,2246909.593419202,2310553.3521907055,2481968.1956721297,2807293.9981918503,1973896.473858383,2195436.4507371006,2101857.390288208,2974534.1771121174,4620709.025929556,2685156.0697168796,3051226.6003665905,2270715.5217028717,2770145.431527686,1866951.166145535,2526754.318743674,2217123.7092884863,2150937.418928333
2039-09-01,2206962.0416587587,2107372.910556379,2468584.8115472184,3772926.6541815363,2033478.9950829938,2708975.2506114477,3267116.253599499,1817226.5944381338,1927803.1390069977,1627174.1096851204,2403403.9249149244,2194041.140138469,3304296.1596289044,2084419.994135147,4048740.548015811,3056877.9418210997,3376739.7453571125,2054498.3838555599,1955251.3716997448,1886867.1782962487,2706185.5610283217,1776831.453945108,3450382.3567287433,1520436.8398248882,3084420.1152943037,3117915.3572753435,2611500.915873721,2684018.106774654,1359084.329280431,2650627.2614518753,2535204.304823001,1935196.2510288197,2072290.6650178265,3570006.7513568285,2535785.418397075,1813880.625182932,4281876.410347079,2251361.430543486,2217367.599428706,2508936.119224693,2407189.5706080026,3212073.39695559,2908410.726387513,2270793.7119862493,2320789.548736386,1566148.5573322088,3639556.545475477,2434506.882624504,1820294.8291387213,3187905.0456614536,1857429.7680303052,2875330.714459312,2321527.4710000455,2313831.362216819,3631259.1773315677,1824325.7005099906,1537891.5930034826,2157795.757043563,2608760.4409339083,2842950.1989396093,2477876.2171366797,2117429.5830944423,1755422.4925712897,2548791.045137668,1969366.0485342697,2942835.292027487,2224119.790844526,1480489.1775592202,2102228.891515776,1800536.3085618543,1838356.5142305605,2024569.1813472675,1808377.4707311117,2269311.455517273,2033702.6787059011,1565541.5607476868,2502340.846273133,2738825.481585073,2810808.6696188366,2726987.1844487116,2093879.169046263,1934269.267849437,2492666.892174874,2306882.5055300696,2314517.416810748,2515024.054515483,2857363.6575001595,1971687.660741612,2200334.245495244,2072246.6485299196,2968312.5477570817,4627378.993458548,2683828.5858219964,3119157.9752148986,2278897.559068522,2807674.964137006,1869077.9819312454,2574240.638803409,2229228.6907953047,2178832.124824536
2039-10-01,2207015.273844912,2101973.72679774,2491208.3531416,3819247.5341278976,2039078.3718308404,2706596.4535324164,3371236.3599822004,1805932.5492776583,1933870.574186506,1623931.4131989423,2363537.513529068,2192977.3720258833,3279181.4246266275,2102474.751107379,4053765.797649776,3126859.9876793907,3390393.3440061263,2077809.2924813845,1927374.7740792376,1881583.6507128412,2743790.807896942,1767310.0736679053,3474403.4584947964,1530075.4148970586,3146208.762002372,3154482.102128681,2639322.1122460407,2697966.0015250617,1388628.8489244236,2669181.710410146,2539208.5882041845,1934891.1522800177,2074521.0191643422,3603607.5649653366,2536167.4133928013,1809313.825809146,4323521.111866592,2246276.8116979273,2251321.922270504,2476193.2611506497,2411294.240906576,3218671.8799697757,2924255.8409107346,2280498.678171867,2303491.5681565097,1578061.740867639,3700154.0798231177,2476629.011910583,1843314.5455627344,3237144.4170522736,1868146.2849576555,2891907.058158272,2356559.1406873097,2333486.6132423584,3656013.6407011473,1857105.182590516,1564136.8866163157,2212777.000708526,2645226.225746897,2860017.795365044,2534535.0085675893,2126262.4601411293,1780697.5436678343,2545635.0141901323,1953768.6324686501,2972026.2306469735,2218492.255252148,1489532.4274794476,2089355.3352590164,1812908.357798637,1861305.9634350494,2044267.9540919212,1809175.5256019102,2246622.0444887374,2036885.0491258781,1575105.2291608744,2544349.218000117,2699347.811647958,2825061.4419407137,2781838.627766078,2084577.659228294,1969491.7611924056,2508557.4354075035,2345459.8764475374,2317819.5062605534,2537027.6820962005,2900287.293930152,1958277.1770297438,2209393.930616793,2071912.1549148806,2981950.902104843,4627558.927074981,2711548.8200364215,3166715.462967358,2283940.0311845783,2842597.6942836447,1891672.6994425089,2621059.0811890787,2244464.9320785413,2214282.515083635
2039-11-01,2201769.3791921902,2059203.3205525978,2536248.598191799,3845809.816576013,2054322.2137533966,2715041.8523900122,3439438.0549880234,1801524.2037188124,1941408.282435267,1607868.0201320455,2326960.706358177,2182208.1141244015,3239227.573100661,2101886.023572096,4045641.4772372954,3231404.792209717,3404173.6308473772,2082899.2681474993,1920096.2038989814,1854090.8445868958,2748257.9258073694,1777337.0287529929,3458434.7169183968,1523739.2607119873,3164148.619777082,3194552.809602426,2653276.5900962953,2735878.2369820806,1392394.395502779,2681352.3212450305,2536214.573226802,1918269.989609496,2073937.005349462,3609383.439164743,2514910.840807708,1800445.5980021816,4327106.503550779,2219874.9151287065,2288260.695464136,2426219.772273628,2419478.0999403307,3230204.3632344357,2938297.1867637085,2297776.654928804,2319231.8132649865,1567588.4917621864,3741014.032866242,2489357.718029689,1900923.7301323544,3278983.702552758,1871295.2694321529,2912113.377706722,2334401.8538617766,2370031.4214414335,3687044.8626061925,1858965.9588520627,1579615.1240986711,2236003.4381221114,2664889.3552993895,2875084.349319226,2590126.1689166185,2129012.3825831087,1811302.8496533015,2537302.9315181132,1932440.1084565679,2984906.0844115843,2183557.9193660077,1491754.0055958927,2073260.20790091,1823570.5582346898,1853544.8174703969,2052857.044892234,1764975.5752465802,2245563.3946263953,2039377.399114871,1593718.4098756865,2541569.20856199,2682095.982010042,2831931.7586959405,2780584.4253847576,2073019.2523747028,1979119.1328294345,2520050.914018766,2359010.91076594,2314846.643123951,2549223.0365269124,2925985.003942902,1923069.2653305796,2215222.0557612777,2064609.63360805,3027505.485524021,4629607.535431571,2729131.6522276085,3213998.815778928,2275310.105899289,2827181.630440534,1933655.7416437643,2678286.4353198563,2230052.9465729985,2260926.410461688
2039-12-01,2200310.977298394,2038492.8908485675,2560641.4095336064,3905051.3100463445,2070986.6114282385,2687782.884898247,3438892.5823587254,1787844.4228998723,1921131.4997509734,1589670.3463482817,2324788.6265127864,2203440.240489066,3228818.269101244,2103724.6112198965,4071585.2383805057,3269813.9493250214,3435453.7650526585,2091935.9211876045,1927203.924729744,1832329.4979034208,2762014.389115991,1769308.338227123,3445468.9662597217,1520460.6808558383,3140790.3376472336,3208575.537791303,2667619.6384435683,2770087.6053016437,1388439.8403885139,2673939.9733775523,2541081.808154124,1947875.4304866872,2039242.7191591538,3613894.455710472,2492796.8787520123,1825185.0178829888,4331085.287623075,2199017.002011315,2323782.808261674,2402324.845242449,2404533.074824611,3246187.4392273594,2965166.9100343185,2319335.92215952,2356984.291778604,1532742.0101523735,3790130.0739114736,2490013.234434037,1956032.4841805052,3291666.7334055076,1859316.3567605875,2933766.1895785052,2266031.691139566,2359990.178010454,3718865.990141421,1858137.4777818655,1583128.350092614,2231808.722357911,2683604.2449706113,2889517.590728812,2637268.5390933654,2122569.5685439897,1825278.4816157687,2554635.636530329,1920683.4203195153,3009843.533485578,2139112.4785849876,1492527.4694007735,2050304.4763185172,1853044.7817402359,1867356.5902257941,2074496.48970129,1726089.76435471,2251617.1487075225,2053924.4688268788,1599110.568331154,2513193.904352999,2660135.4333344293,2853932.5415902035,2781985.2216266803,2080828.496840854,1981214.1785862767,2554471.1850721673,2363715.3323032944,2278322.0575744514,2541495.9124076567,2917487.9655142636,1895398.9842851558,2209229.277249784,2087181.0577721184,3077113.565453469,4627485.952447766,2722999.550689987,3240320.05892249,2253416.1718360437,2776418.0927406084,1949760.5827892309,2699570.3539371816,2236838.4865496885,2270623.8445508573
2040-01-01,2214622.0607088474,2029783.8788356585,2626443.283525769,3928091.0438856385,2088225.3364963715,2719358.541591796,3472177.2962349276,1800775.7670782816,1905665.329367754,1576871.622922164,2346396.097499601,2273361.049251233,3229330.908928636,2118630.4774932633,4134358.134778988,3337027.3745407583,3427386.7008256908,2080909.2689081067,1954727.5235335082,1831375.463069626,2760564.8160598194,1764643.4215886504,3486142.1924229036,1542792.4390036208,3149894.196005448,3241453.9986530445,2690235.7786066206,2772589.0065495274,1397631.9121335663,2689827.832426595,2562491.522497681,1968769.4714471141,2062720.2166686535,3655328.2552776444,2497749.0042583565,1842983.1574454906,4346988.340564567,2232772.5525209666,2355926.523911728,2390668.6860864116,2379389.5633831113,3277397.102636312,2983246.877603155,2342749.3764270796,2443548.56465314,1511600.732686872,3843060.378653235,2502294.909058672,2008418.1210188067,3313063.799585712,1888696.356140304,2957881.7490682136,2239315.3309478993,2357344.6453007474,3722186.779801852,1861202.8627283094,1598424.9534153517,2232026.1372220684,2726798.4272587164,2919328.049648703,2684724.068414972,2102786.286865925,1821022.610220964,2560379.6369796726,1926391.819098929,3040653.405940093,2139717.9266071436,1506593.323701254,2048774.8804991657,1866770.4171560742,1877744.5703022485,2066142.7093840027,1739666.7158122056,2272682.479808781,2082884.7460324767,1619263.6554605118,2499103.1314419108,2663094.2927965582,2851426.3656541226,2818135.1802986967,2102503.7690625973,1997115.518852656,2587482.9237457193,2390813.840357391,2264371.883225256,2544488.0401222147,2891444.825099822,1884999.4695179416,2205504.2926469226,2135755.132729292,3084686.2064490854,4609719.9454178065,2723862.38469894,3264538.8585338886,2279334.0056828195,2771916.687317399,1956729.7959224016,2690592.6054482656,2264790.1087578014,2311692.5457487293
2040-02-01,2261111.6485455697,2019592.388364817,2685773.63604213,4021302.442281747,2089978.6640228562,2744411.7233378035,3519098.2960818307,1824020.6253938018,1926302.7718109845,1568723.0822437208,2366969.99115126,2357365.212353077,3294929.274841366,2142089.644137139,4287584.356115765,3332064.3375707413,3466447.852427844,2078083.4727452998,1988318.465026406,1825277.1313268868,2775632.0791879552,1762753.9041846958,3485283.8404114866,1574009.5006451858,3180960.0727995606,3310690.385043845,2710903.387458494,2736190.7076022085,1398879.585271172,2690641.623219207,2614899.4727573986,2005205.523365587,2059865.137201969,3716492.305870182,2539739.3061569203,1870634.4463399693,4394439.248671634,2284975.6699873395,2393964.0498579205,2424947.9966713837,2404164.622928177,3325364.5048237867,3025632.1687809257,2378172.6083785547,2555468.4623668734,1505846.560091595,3906208.2125047725,2526033.469490418,2072216.6555050153,3323124.0042296466,1893151.0166285376,2951382.816458979,2234494.239594284,2361878.8783100136,3730927.006720414,1874737.8058667232,1616812.1658621721,2272023.2244320908,2776618.708426621,2943805.323741536,2749231.4479682636,2118166.1253965953,1824270.9375092012,2613446.9900708348,1954804.3124835151,3086863.4571022657,2160416.1356878625,1519110.9230446904,2052073.6429905237,1874749.5789580033,1904932.2721671497,2082430.7812698542,1792118.6284191592,2311852.264647965,2135459.307689106,1639321.2886711366,2498685.8958197897,2684204.8587419013,2851104.601275909,2891544.7539876997,2134215.7259483947,2029828.1305852497,2628293.364412814,2415424.2087570657,2308434.751418682,2508885.1935962327,2909405.827412868,1893905.419853027,2228675.0604947256,2202757.5429675533,3167012.299720655,4627454.238636006,2770368.9129733997,3287459.8841593894,2275364.6185096996,2833018.0527285812,1995428.7371010857,2703762.605682923,2305650.562218549,2356165.4262843803
2040-03-01,2296322.892570315,2016286.1764022298,2736209.1337523023,4075171.0041799843,2120015.4520197427,2766923.471402957,3602411.4496019226,1845345.0065818764,1947303.226213386,1563420.7224650446,2377723.857968931,2398987.685269019,3324003.038611191,2157075.3949830043,4426670.125602198,3351324.1104984814,3491620.216915994,2052668.6133132817,2021129.9203702481,1829241.0444709107,2770851.397607676,1761213.8302970857,3525798.550258721,1596629.4170645687,3179989.2208239087,3362459.5446325084,2743163.1221440905,2715247.997788513,1401109.2772056859,2701274.7900115377,2657779.9057630883,2030326.857600567,2054556.015028295,3775383.805470566,2538316.741861088,1886105.568127485,4397637.090329593,2296919.5017395555,2403315.6762987706,2428406.6214674986,2372017.4180810982,3340843.0758380275,3037731.02796657,2401347.7051912695,2618514.1585051594,1496995.618784629,3931401.898876618,2546388.632307544,2108622.725417545,3327674.704452152,1863996.7913584085,2993546.7702927236,2230070.417156149,2371217.6514901305,3750592.5938968803,1882804.8668222097,1623653.6859080333,2294138.2632734645,2795544.370413139,2955962.194132026,2813398.5698155733,2101772.614151167,1811961.8707368858,2601868.8864622503,1951072.7819967603,3090936.2305689007,2176609.409940366,1520743.8492773448,2037359.5305893042,1867370.6347039796,1922789.368648893,2101606.1757686334,1843243.9651412803,2312797.287999975,2211981.040531785,1668208.8374278438,2481571.565377748,2701707.3027322036,2856388.4251936404,2970796.1445279135,2152727.5132243657,2043727.2283695082,2627567.253083951,2447571.3403203133,2314978.886308947,2490062.594515324,2954034.135092074,1897160.3384742127,2240099.215842076,2219607.325279354,3234650.8008073606,4623794.027623599,2770798.699045439,3284667.5238733925,2251637.619153486,2890606.5987174534,1987920.2545638275,2723532.2087686965,2336845.714296202,2412871.7031154344
2040-04-01,2319495.196007921,2000840.3642349832,2750109.904009351,4114953.866126657,2147274.8379320237,2811536.356524835,3665288.6341022733,1861716.2267332033,1940672.517766016,1557207.5410203226,2388318.9133744636,2394078.116913178,3364147.7906892407,2155195.7348628026,4522209.588002372,3353812.2337483265,3558773.666598854,2038095.568896808,2047353.5498547729,1823147.3203307693,2765569.497909033,1778158.1477474354,3520841.3259925228,1631021.061596096,3156888.890679642,3414130.198656147,2768200.1997817336,2726224.487750362,1419992.078845722,2714631.1012544204,2734522.6540221153,2024904.4143540005,2097322.082159326,3808571.8778407644,2557169.5270467415,1916316.721530241,4445083.6873705685,2296839.1655420223,2406177.1219364763,2417150.1902964916,2406791.6966701853,3363219.1795823285,3054920.9626738387,2436201.7882915037,2650647.9382661283,1479337.6958264317,3985549.808409156,2571694.5884074625,2146138.933840513,3326923.560236,1839135.291086348,3051111.3531767284,2226724.969638706,2386069.351453789,3830816.192575761,1882427.8296891486,1631690.9702876168,2316458.9458385585,2828769.5267611686,2945956.158248819,2888892.789620306,2074343.8927930738,1809468.87611012,2602342.449917512,1950637.4617182445,3093955.6972790584,2175514.8136575725,1516131.2991659539,2072593.828163995,1893653.6566361794,1957734.108388458,2116772.0314128213,1893590.9836259854,2326142.611167456,2268691.9612384834,1696390.0216781294,2491969.000949978,2746803.5288265343,2864405.449495381,3074104.2894550976,2163802.17485853,2054142.4534630978,2646085.377063845,2507642.998608644,2333841.950555734,2494854.1707457644,3021658.377192482,1873188.4990866438,2272090.1249440676,2236735.7323492235,3278326.561436792,4670592.060170165,2756118.00788301,3267960.8144181394,2255874.6317168903,2949240.8362296647,2006808.6137413764,2755893.67832505,2375468.9515831703,2449655.4074242976
2040-05-01,2345560.6745197834,2002043.4241771146,2779049.9430147246,4145425.895285258,2161050.3624098767,2831644.0050741164,3708463.9426351306,1855584.410593003,1937922.8922800433,1566841.9466039753,2408674.598262894,2383666.362746046,3350220.3666947023,2185429.8067958867,4617114.452494162,3394488.513431052,3581335.266112711,2013162.776376658,2079406.933665832,1813374.987135554,2773406.768998135,1788815.9395109192,3530182.023657972,1642672.1288742265,3147245.052382765,3447564.361556852,2825116.860458081,2727531.2171279895,1452076.7130908323,2737560.237309161,2799979.5782827474,2053973.987043774,2121553.0775429374,3834553.7301998804,2598524.471375663,1909688.1218722207,4517608.312495235,2317291.254547427,2416233.2345596724,2395582.3959824196,2415302.449196743,3444800.169582631,3091601.582155823,2474210.1493483405,2670726.7302130503,1501508.0730492817,4023797.738357771,2591488.0067524193,2174365.184773959,3304292.95074375,1829910.3365202735,3116462.647529625,2229957.677760093,2403810.264410403,3867792.744200751,1889011.4279549196,1632995.856907575,2347288.1307878336,2835498.732673332,2939869.335231162,2928469.42208253,2076813.1557065398,1823320.8323913252,2628033.753321787,1938226.9773347413,3071513.993864381,2175333.760161539,1517017.766489878,2107480.182749782,1902442.443992471,1968826.9173717927,2146499.3727586134,1919915.5847097489,2320702.2998238476,2308778.297635161,1724227.1724470141,2492619.3018403607,2824269.0083262995,2837967.401721892,3144375.0235819663,2211820.105626451,2073206.8338758824,2647739.9793744134,2538732.0542379296,2327540.2619162374,2488186.6789678345,3080005.95664118,1865694.7882527334,2330022.6445889734,2252133.075000946,3291968.1566663976,4735306.532654274,2738234.9913315647,3280450.4648601958,2269871.7825400843,3003492.562277755,2036049.0146443627,2828925.7188808876,2392742.6269423794,2481851.9799326346
2040-06-01,2375497.929074131,2010214.833981693,2781023.6766971163,4138948.0942949266,2185821.852532626,2847896.93408878,3726326.842849125,1857277.5282977712,1922616.7764445627,1554525.9110666474,2406399.746860917,2377575.3143156255,3356139.131220593,2220467.420824982,4650338.3622973915,3409810.2952902582,3582604.8843156896,1998420.1042272476,2109348.7886288473,1816426.5145703475,2801889.7296200404,1782458.1283833873,3533594.1740816464,1629747.3390172084,3147450.3175134016,3459298.5902611804,2871225.4817551556,2712471.607325039,1492170.8993834753,2762614.4105646354,2829481.9379610666,2050701.7892763272,2142178.7694783555,3854547.460889216,2603349.8663430205,1914198.6610880238,4545641.6985327145,2340175.8213009634,2416310.9247289016,2364569.816851089,2415062.725675902,3510090.7077107043,3139058.5885134763,2499962.6110131615,2657373.2428663694,1511994.4081299317,4070615.4426810457,2619591.8866192736,2194382.0181093174,3288651.37443816,1824889.235807469,3189289.4597101607,2249453.4970778106,2403458.7113241903,3925978.621909997,1903015.202223854,1629354.2348458292,2369572.0358393285,2867026.424482368,2936229.4456879343,2966107.111309107,2051660.607912967,1837021.0164131408,2640426.5517525747,1925418.0692827895,3048222.9152250905,2179283.8757180898,1519620.9007174966,2122820.3730799113,1883231.0883515629,1975345.4421979033,2188030.305640018,1914379.0554382107,2354161.6897888957,2328836.8440996627,1739164.1623954896,2515338.0016431734,2860964.718753381,2840506.346251753,3189419.455554611,2204829.6910631903,2056137.0570052147,2619854.558458589,2574953.773742985,2313396.5024700267,2473913.5058048274,3084346.330659028,1852653.932040929,2349298.159892364,2262300.2117235446,3298419.1161393155,4732997.404670257,2740797.086475944,3330639.316686268,2262714.509980942,3065515.854892847,2063542.05939174,2885725.783271797,2392806.19806803,2516389.9250638233
2040-07-01,2368720.7623686763,2018585.0937563954,2763694.3223795695,4097540.932264723,2168201.6179922153,2864137.395372442,3691437.4987064777,1835811.3134744377,1900317.197609681,1545336.1013776464,2428697.962133442,2373826.835178138,3363970.838328905,2218690.128735344,4585553.026491599,3456642.5379386377,3549046.2574593946,1996171.2235655843,2136375.941291429,1812372.3550021052,2877940.480763395,1806141.7801142847,3500640.6147561516,1612325.627408827,3136331.1952470946,3438652.8475008286,2882974.599137714,2659504.9720593565,1525630.700537849,2790326.7553565563,2875349.302432958,2034057.8386475993,2125133.392072135,3889323.29158351,2607019.9784058575,1885803.5109934749,4562348.436998501,2368647.811188126,2435019.9679041845,2329334.3473434336,2435501.5167302527,3564867.11510257,3179275.2548939297,2524765.331918844,2630390.2785970904,1526036.2571252107,4081672.152091134,2604642.1610081987,2200574.5684492085,3246168.855253751,1828478.2003243566,3231373.337952665,2246539.637388921,2342517.937523667,3915232.614720388,1900035.1160192597,1627044.8202834737,2392356.06109616,2906026.6408770746,2934091.997893495,3009446.4532800787,2045366.945049041,1851830.6863491463,2634696.224603666,1929503.2994987317,3014676.663032919,2208905.7737259544,1505656.5952704516,2114259.021557814,1863375.861296058,1943883.1608528888,2222408.692143836,1911771.17382351,2370546.964638196,2337136.641384387,1750197.7552926904,2511923.761447123,2867838.770979265,2812296.339166644,3191242.598792172,2221649.356833674,2007163.659503657,2589374.5851028725,2606439.1714350837,2282246.831633807,2467156.0781097785,3075918.4191774493,1848513.598582407,2349798.1283238,2269203.4972086498,3312126.7917845086,4715283.068060851,2786391.975731522,3375374.6459325613,2259234.6552025094,3124272.3507044306,2066615.565209482,2909387.9405012853,2374756.2319849366,2532666.7630012515
2040-08-01,2349499.6990198977,2052786.4452317567,2754179.9276670828,4035842.669096882,2186598.5095689767,2874388.2391680987,3723032.0902842116,1834805.620050436,1915992.2803334198,1537226.4852092327,2430840.2739480725,2408324.005723045,3390706.5093230135,2223513.3282062868,4499193.066623282,3486041.175830945,3565521.060294579,2023050.076965104,2133865.1996149267,1844900.9640508401,2937236.689794256,1826770.929843929,3508010.106934258,1587446.0244448907,3130801.463333995,3392155.1117716213,2843490.0583653254,2633006.08177177,1553110.8228811172,2791661.1531252586,2929904.5350047615,2026599.6903561766,2104934.9756644773,3936781.3582875514,2612755.0292537827,1893758.6388930946,4598168.5845251465,2387861.6090810667,2474180.681525557,2305143.752396087,2431159.97093765,3622569.7068962045,3192625.3901429484,2545782.110780501,2630102.447131318,1550986.3594881988,4123108.0042795124,2585492.433917645,2238581.729878921,3244573.619837592,1863176.4687156267,3272681.030726476,2234854.3728619977,2295513.095142035,3922997.8516046726,1899491.4318161476,1659422.9740182674,2422583.8126404877,2957394.565936138,2902099.228342094,3071617.4231598717,2035998.204337609,1889384.4770069388,2601638.8756840113,1957883.4758072875,3002609.879391713,2228060.4428474656,1506961.2027758327,2125267.494042643,1855247.4265694274,1927620.534784972,2218862.419032977,1911062.946553614,2443711.576281319,2372583.067911127,1739305.0038320234,2544827.896802946,2853560.14934309,2798862.1757829827,3237918.654539179,2213939.8501755097,1966591.7356718625,2571598.511771637,2661296.943661419,2273018.8584719296,2509769.693780337,3074915.2600637563,1849577.361769199,2344894.2671218864,2300718.130059271,3341338.1179716834,4692964.410013746,2836225.4103087853,3421051.61285738,2235672.3212677976,3201343.29109155,2060553.8675986698,2924487.889769448,2367307.741584513,2560992.885562203
2040-09-01,2353729.3835601644,2072578.183588053,2774003.150251891,4046730.3960203985,2198601.0848644353,2849011.9220621674,3763760.309563011,1850352.9685138543,1954660.714529819,1538108.555038032,2458527.5059565855,2452963.6681118566,3421886.1169724753,2206139.7171744322,4441815.368979522,3497728.6842231387,3572618.421306973,2038764.384440057,2150126.491113731,1876355.5200119745,3001897.219416747,1863189.9548655786,3519387.3733745245,1581811.428740193,3107030.487402964,3372315.2341350312,2806445.9706549617,2644938.2128778645,1569460.0941175602,2808217.6794238226,3035854.888541083,2033140.038770986,2106043.0135366796,3980334.578364392,2612489.474241321,1892068.3282763432,4603953.482428324,2374118.2692662072,2494650.3560392475,2303189.3464528597,2411390.6166981077,3690009.544873946,3212679.8350778185,2574901.6562958164,2642262.142510696,1586378.1644602278,4101514.6251830654,2573385.0666074553,2292808.0071880342,3263627.0865604854,1878962.6562236105,3307160.491887343,2203364.2997099096,2251975.3083420573,3941028.606236768,1893424.9858052612,1700616.9525251638,2454722.56496406,3038466.243763007,2908478.7184620863,3124815.4849473513,2049881.8236674,1927930.2615063766,2609256.1111267577,1935744.411102901,2988137.498537304,2245018.8166223597,1498593.6618814708,2144027.6728840913,1866941.601334896,1911644.2868137865,2206140.115349574,1919103.8204567032,2472123.465745855,2388924.266679609,1746207.6518083368,2562194.0800191015,2823810.004930369,2784969.9632580755,3298907.1688915817,2242932.2431458593,1936569.7515665272,2572889.289939715,2729107.7481163037,2282347.5684827673,2551293.7205134416,3132459.1386336377,1854631.0106921443,2333852.789587871,2336425.5332914176,3360373.007034835,4764927.101149177,2857989.319478435,3419539.8927864963,2238314.4712180635,3268531.5459464565,2039024.102420452,2910647.969739903,2383398.0214338545,2574125.5721866284
2040-10-01,2357101.6018164014,2097000.1522743297,2782440.2378724962,4020741.877704423,2224189.9685377125,2809926.4957549595,3843390.811094039,1884661.3575450336,2012469.0059490527,1526037.661465424,2458887.03027012,2490992.7360468362,3412748.8192613674,2224604.6092255684,4414061.116770234,3457064.522058717,3577094.538309605,2016674.311213589,2144411.6751199784,1867600.9400475856,3061273.661579368,1881935.387692107,3564526.563657783,1590507.9243276373,3121476.8495155443,3396825.2317272346,2802966.3787379363,2690127.7504653987,1581212.1585067336,2800546.0594220543,3095043.932672167,2037177.6590911637,2087071.772323554,3994788.367757892,2579362.977732406,1894238.7704367368,4589748.611601068,2365864.296054522,2533424.8325606007,2311470.438896517,2374908.339230943,3736594.283536954,3208010.7064094576,2589324.2276677527,2658315.018086929,1600772.0019073726,4051738.3320017476,2574033.10499002,2345371.8313396047,3287475.497763534,1904440.175040405,3312007.014986738,2200635.81692784,2255278.834151978,3949557.3411645987,1881905.4586196898,1767607.9933123542,2468698.5970291835,3058715.4015051643,2914183.633926064,3136975.2514934265,2035710.1401724124,1957646.296395707,2616347.794058529,1936686.0353056095,2995189.806343909,2246148.586036081,1478790.7661314334,2147387.3211652115,1845294.412528418,1908468.4547021445,2176042.6090783593,1893024.9109933998,2480783.396937038,2436549.2458525086,1753858.6251281954,2608417.98811037,2837135.7410801235,2777539.710147258,3343393.41408137,2261892.7710221587,1905775.1741469277,2618073.212345938,2764829.412724257,2268428.145336263,2596197.0843984503,3170080.574994076,1855625.5128939322,2356766.3600786333,2371004.7895052023,3345234.845134662,4802062.00522221,2886904.3653249666,3393832.5148181743,2261565.082496878,3290733.921332984,2027355.1940233603,2923335.4166669813,2393223.9805430584,2565976.0727465195
2040-11-01,2372249.154971834,2096621.4354311225,2839335.651432125,4003413.109595603,2240343.346277996,2745668.4489508383,3882246.4752706923,1892480.777237262,2050043.2126625166,1518762.3690146015,2452129.057360703,2495152.021465173,3383083.312094267,2221795.0964787737,4371706.377898077,3429298.606559017,3575561.8957545036,1984953.4108929117,2154071.320211997,1870717.7791302297,3071685.864872435,1899528.3091552423,3580850.9041279717,1587789.0945919747,3137215.45510069,3422619.4701843564,2839872.668259595,2751614.3326032963,1586541.4268073626,2810104.0515769566,3132905.2318909806,1998638.068402156,2081874.3514737159,3958329.461770387,2530843.7707531834,1873971.260936297,4612729.9648438385,2351806.0679111276,2603436.0742427805,2309611.5225014742,2359162.654779348,3753202.3559563784,3206114.004210745,2598273.256423521,2680092.981141741,1611166.4076531727,3999867.850357036,2580808.6083741207,2374664.576948917,3281816.189614483,1900223.326771314,3289157.309485903,2177240.717552371,2261232.1053696442,3947314.335858599,1883370.5208761585,1812121.8372435041,2441093.9327532835,3041290.88538072,2927452.7882025884,3179483.92286134,2040271.7461228634,1952039.400649974,2618560.5145316934,1920115.7932650992,2968757.807584172,2246182.622678632,1465633.1310409382,2129918.871284124,1843000.5777645728,1894265.9285239629,2164111.365453683,1869312.523673819,2441078.8060817877,2465069.1329444945,1749880.9896198357,2616797.354450113,2850965.8410314834,2764330.391243412,3339751.3431680375,2272952.3948930474,1889886.2003872301,2671087.3319795327,2810364.662665863,2217237.3060634583,2642071.722151266,3193267.6278101048,1844020.1784754973,2390865.461010219,2377075.1457880735,3347253.0731694535,4866335.672552025,2915623.917449001,3355437.080169004,2301592.5549537144,3262081.6251041437,2027719.5602166997,2907583.0544041796,2394971.367207106,2535700.2883491707
2040-12-01,2407974.1754168808,2082616.8855342169,2852771.224936287,3975184.234353447,2257251.2144580046,2685816.7323426344,3921644.683838417,1886847.1207449865,2097021.5374541085,1518584.3536113559,2472045.8690084615,2468618.985712823,3331052.1440234664,2232935.627966734,4315697.547126418,3423523.680883139,3594467.314181347,1965026.4000553405,2145493.5787523706,1889327.8368857922,3064110.539621843,1897181.553162376,3548101.2926979545,1604302.4892281247,3140676.965297637,3468181.11448283,2887673.072190793,2797240.4341464275,1586253.7513039522,2808399.707382953,3128556.1243551266,1979013.190931892,2051341.7280039568,3926636.2448911443,2522233.6063375003,1843934.0531474655,4713853.110989252,2387208.7874667416,2669906.1935902857,2297496.9903284586,2354298.348918901,3769778.747149233,3165239.8873632005,2599763.8382982737,2652809.007129773,1589820.7643457812,3993587.126653277,2584023.258435803,2393873.133935405,3266271.4049080075,1908831.4531779916,3259464.9255625443,2180268.705834812,2300469.680068945,3985213.5730602294,1867500.192748265,1843940.2058993955,2411537.6743058255,3015195.4537700927,2923187.387389067,3221079.7396717467,2052572.6198045814,1936417.98061843,2615333.6735366024,1916712.5734005119,2964550.368372654,2239125.013209896,1459942.882975209,2113558.0915007265,1852750.132516627,1885220.3662232172,2138869.9164730115,1870366.8470067931,2383754.139499224,2500547.9910883657,1749083.2323586755,2584005.572681179,2870318.8926991345,2732621.5692288536,3333051.350244769,2255685.392991947,1889548.5495430143,2739684.083121294,2803495.8894729516,2166531.5486198924,2668730.2524979794,3244660.003883752,1821853.6996398235,2410675.3715336886,2405854.9283589115,3295842.145750751,4898472.723271642,2982313.6978893126,3322771.1006653584,2329361.821422219,3272888.513604436,2018987.995149627,2865563.548199446,2377418.5015030964,2531328.520458982
2041-01-01,2438699.037910879,2103377.156734727,2873146.6423212844,3961290.93987283,2260321.7118240325,2664655.381842668,4004151.9201730173,1896787.48903736,2163022.706599112,1522752.3085638494,2494339.1820439002,2475730.6193529125,3337958.24775049,2218143.885427147,4346942.754392938,3435711.159087953,3648701.5924771666,1976461.1254970562,2133986.590858282,1917382.0437022606,3094089.2924141507,1929845.6342753333,3589928.125666294,1621034.6703254224,3196786.7312577283,3564124.8861244116,2936882.7491024868,2813549.3490296206,1599849.8687292011,2815829.7437767116,3144767.534754059,2007885.316484326,2073796.7905809642,3898796.4361133245,2545230.7178977625,1829682.5380723798,4801758.29557735,2432124.3801492928,2733022.275335213,2300483.564265208,2359402.8899165187,3816417.972441231,3174267.5138560045,2586247.541676754,2631097.8542565494,1578237.671207916,4040526.570027081,2610018.2164254915,2447774.838116321,3292992.7530654543,1923426.132190453,3264665.4646978676,2170816.238455386,2345095.6528370515,4041640.8439434124,1861134.980452075,1888573.0227866978,2384570.372333472,3020432.089155141,2963557.7180504166,3289643.280776087,2071015.6424608966,1949800.1110694164,2650592.652470504,1927565.9436146782,3008560.751146442,2255026.5289992457,1479642.1334339618,2107880.5000351677,1862125.5958936824,1877887.384288156,2121696.4500922225,1873817.0400104064,2374805.040591134,2521768.920114997,1759955.3974645094,2575731.3061548825,2919691.5559449377,2720788.953920421,3388940.9184834277,2262989.492051698,1909234.895494323,2806413.463674816,2799042.0499730348,2165555.331476808,2710779.4072885364,3318766.815473486,1793829.2381162192,2450730.2107542525,2447466.8089519925,3271306.754360375,4968379.711651884,3036460.322232633,3312445.9232222834,2359430.449438432,3304116.7844902147,2041373.8294628568,2892321.8944641044,2366920.064065741,2553215.1500128508
2041-02-01,2463581.397763214,2135274.0146804717,2869928.8573082313,3973200.587505322,2261131.4144106917,2678267.786443557,4091617.5814666906,1909213.9543531088,2215549.418668315,1533369.5603112073,2532519.7642610213,2510001.0000322806,3342285.439935358,2231973.425540106,4409947.147815316,3464475.7143388954,3736201.911398022,2005627.8385319137,2151336.6493506203,1944744.0095327795,3141150.2399482257,1949576.7197496244,3675020.912113717,1652872.6498478882,3246942.5785888294,3658249.0640605427,3016778.181668253,2817218.3211828126,1602967.407918331,2833024.583750129,3194584.604890898,2034367.0133270393,2090590.867318941,3917591.04062883,2553285.0591912717,1839249.7628528657,4898948.323633015,2486386.8634162378,2778028.84499562,2318948.7622212963,2383290.9889241657,3871031.164614167,3171550.267199658,2588664.1083070906,2614918.3235536874,1592401.2170876763,4117533.0811603945,2676782.9171475302,2524260.1020530257,3331028.2809895,1956554.463534853,3268990.529553166,2195901.3237603316,2375686.8656828874,4088944.8616587697,1864139.4063981217,1930940.6026695843,2384348.5770107084,3024193.394561318,3026044.2877829582,3340651.5866715806,2109465.766238134,1986867.3795428593,2677285.3563948064,1954640.6849625614,3081432.6545690577,2288607.7444675285,1501458.09547674,2147938.418248308,1857818.3644971927,1872303.4773453716,2122248.8380675158,1894555.3496547984,2428542.2979148743,2560911.9580566725,1767986.252329051,2618525.42274159,2983989.4757727664,2721795.8448165385,3468347.7367976047,2299391.1931256927,1929899.4905901565,2881518.9568740786,2831785.9819278694,2179699.6732338914,2726252.087032439,3394470.881128359,1785689.922649663,2498266.2594557605,2482931.4670224315,3206954.6852190373,5031609.876069745,3133056.815333953,3332078.4457509066,2376965.5051835943,3358382.4264973006,2096867.190165595,2912545.622211312,2357738.5332651427,2587864.271916181
2041-03-01,2453443.9498491134,2178376.321881246,2859507.685797514,3907206.917156343,2252164.371049175,2691632.8482552026,4188641.340092024,1899102.1401336188,2248730.1751532555,1528039.7761216112,2567273.0444991807,2564490.816625317,3354168.5925861336,2236338.0831180103,4457488.829642472,3421984.815190172,3794324.8486667112,2012210.420385942,2169090.125250898,1970615.464086012,3177383.4245121907,1961367.987910545,3814135.7175480085,1662301.1357697311,3276434.7342369086,3675845.669051879,3040624.4144642553,2839214.9757247954,1614265.0404622531,2831046.1116169943,3238165.4389848635,2023627.7695568402,2103900.5665804935,3939458.4638505816,2528688.643140834,1857009.265065753,4944015.922364885,2489548.8162532332,2820385.5680124913,2323999.9591175746,2397276.9965104335,3895641.846214824,3184063.65632695,2591468.503556399,2619849.1763493884,1589097.9604197424,4141343.8254434303,2731569.6605749815,2558182.952777205,3343783.604226298,1976232.3069350738,3256249.7626336594,2187387.8655364146,2366044.9505681004,4082616.729796032,1899214.2167670378,1978927.6729907475,2367166.6730408533,3042255.409585867,3045715.5137850363,3379251.253390492,2141506.424331519,2015469.5261640851,2699832.7803872814,1980756.379472504,3098975.8808296868,2328078.6947343075,1515098.4902179297,2162361.589844933,1869721.137396921,1883331.9581341045,2108869.5854167817,1888721.3826670388,2471812.685391933,2575432.705455992,1778678.9824392127,2629883.3108119075,2989840.742376143,2706534.3249548245,3519989.3199923025,2293170.214824068,1945045.7816372013,2945424.008121942,2859283.035078286,2229453.2773129656,2738517.5378632643,3469141.6714106863,1765137.3513276856,2521890.8643929465,2497163.439432116,3171374.6599107995,5067410.270217666,3176552.3743190193,3345540.7492339252,2373568.247048092,3396209.596450807,2143476.7184904264,2888145.239263565,2360209.308455048,2584375.3639875064
2041-04-01,2441653.8364319177,2183283.9757612403,2871130.374787609,3901299.7549810633,2266980.765666835,2726952.929762708,4263251.059560649,1918786.2556920014,2273341.273062124,1536729.2560764255,2606302.476908885,2626796.444574521,3401452.37793045,2229473.792929117,4484359.087565764,3404820.199656905,3819578.326246551,2030245.7390054187,2191416.6739098923,1982135.57437152,3186100.184402837,1977485.2945483942,3950391.8912267582,1663804.2590857279,3301468.660734776,3696038.0044182367,3067966.647205071,2856131.8878412494,1638595.7440259568,2807328.647580962,3317453.4220826905,2045531.3742604638,2137897.6948575913,3973066.7145379777,2509793.843112045,1905547.8896834883,4955846.240001198,2520910.604806495,2844218.4500360293,2319167.202476237,2403690.9756559185,3895342.0943735125,3223029.7598179937,2576579.3736885395,2668539.792597522,1608111.0277844416,4132543.6052958313,2792388.1101426524,2576203.2945514186,3342303.47966448,1996579.3529363326,3295072.5942010134,2174868.7334893113,2385388.8216469656,4093014.85125281,1943367.563178439,2002124.8002077462,2360336.2091781697,3043050.447110766,3040248.1953868517,3427995.087486395,2191406.126865441,2032356.0346664311,2732814.3059444805,1999261.1179993916,3154710.7584374542,2377042.728853735,1521654.9860790444,2173257.778064822,1874927.3968399013,1887827.3520547906,2086960.168707558,1896056.8479133262,2479788.945755819,2586249.8168430077,1775583.2521558045,2678202.7159083164,2978889.211774055,2689499.9032683657,3530290.159716041,2295252.3884137967,1969407.5624184448,2967845.5953898407,2893777.002427088,2244508.6435814616,2764855.6745562837,3546386.699816172,1781388.4114263728,2544511.854049719,2503165.434295623,3163853.6072192495,5109177.091753338,3254094.9291865025,3368416.7606848497,2399814.1847743504,3400219.142774581,2173664.620133207,2865645.7455094983,2377462.5349745634,2591761.2984913136
2041-05-01,2481453.1829633624,2191155.023237269,2898626.58764013,3903894.146499022,2277583.6352343834,2694629.20214986,4331206.726379347,1923744.44439919,2305908.4923356166,1561680.8805108094,2667750.8371660463,2650968.106846503,3448563.039356835,2272688.071961282,4522880.371344303,3491927.3830181486,3800772.0894537005,2054255.9610875333,2223074.1894591074,1989963.0171783709,3225005.3456921317,2025305.8429266077,4046120.280094731,1687038.6499855833,3318858.2040949417,3725382.2277528816,3060700.3365848097,2871172.2329169186,1656264.0627118638,2808011.3666920587,3390960.320652586,2067854.0056990518,2153666.076566097,4001171.3870489015,2531317.4413366765,1910010.572738867,5062578.509413592,2542064.0472229174,2838758.9841007167,2320253.4908701894,2436339.395709496,3920742.1240761904,3295788.4828384803,2586957.7761192904,2695484.2829124215,1609191.1031163046,4119942.2678359873,2866270.484475427,2600811.0224954137,3388320.905796273,1980040.5229235506,3309745.385946551,2176503.670010298,2417687.5792795545,4096767.076107867,2003663.172979303,2036099.7489707777,2367524.660309384,3046316.697608458,3053578.428790625,3466947.3762512,2220446.6189915556,2040927.0211735694,2764043.3379796864,2028791.705864465,3215735.9552639136,2399664.464817551,1555655.4286271534,2186446.019815499,1883988.9619122597,1914013.756078855,2093488.7691684035,1908833.46976555,2487611.024812146,2611813.1514280573,1773737.8487433179,2706495.619349999,2990201.355794689,2725715.987953443,3566995.4511237545,2292604.033706483,1997924.7991782716,2985040.210041586,2915923.510515425,2254343.444916066,2827159.121110175,3590864.218202819,1795606.513001775,2559597.4184806617,2501117.3827429498,3146810.071423583,5133733.12660434,3291625.343926025,3413420.420077976,2449897.426909138,3446316.0901605855,2194033.4431174253,2833301.233113901,2410051.7962423326,2614409.3112399424
2041-06-01,2499373.723658098,2163498.8435400072,2925379.8822316183,3956023.8664389257,2281684.178700546,2619438.038899104,4376692.168241776,1946763.760817972,2302849.1237785676,1553918.065945801,2771289.405284809,2661119.164578218,3443591.5468648444,2302274.2743825363,4579032.385952151,3601456.8528861227,3768517.9045312735,2043757.6383501545,2251227.0146961706,2009147.9944194732,3211611.0610918,2048411.6497793207,4110773.055859261,1704419.9163685145,3298985.0150649566,3735437.1388826785,3073740.3494536644,2845899.686351276,1671877.7382416455,2799182.080623616,3424653.2651386587,2065986.2277153193,2141446.0517922896,3999959.71006679,2547272.4014353687,1921669.9639781893,5065912.416758648,2514525.7333205957,2852324.7597917197,2277701.424493689,2455204.2460210077,3940551.4423786174,3331787.892423632,2561645.3288894207,2730768.240246263,1597904.9039223013,4202520.226254583,2928996.105200435,2643603.45927357,3352932.1641409006,1980374.9150905758,3355116.149287007,2179112.6190806087,2437175.5195650174,4082268.0046946653,2017320.16910435,2045813.9470625012,2370198.186752838,3088774.133532505,3030436.1997459056,3456075.2183876876,2243469.919220622,2027146.7938814326,2789603.3190813432,2023702.4235671936,3202371.897400043,2415666.131687587,1559638.5793205937,2149513.4250385384,1885749.860246101,1921088.228566649,2073651.2482615372,1887168.057451542,2455160.044789409,2636988.1910713757,1764818.4955476597,2720955.9787681364,2944896.7651740997,2731607.071583472,3593272.4638819704,2309176.863548417,2003035.7205014944,3003368.920607179,2923372.504023394,2251098.572284141,2866548.9157546973,3640458.7912688856,1816964.1725564236,2563994.045145022,2498558.9234224954,3138584.917276212,5084103.855741251,3331992.03477841,3414216.493965706,2477196.4045490595,3485583.959091404,2204660.3923321893,2778102.873317246,2400531.5254695243,2605872.326317895
2041-07-01,2523982.210771839,2121276.6203847933,2889589.455505174,3995649.5874949927,2226220.388214346,2573251.3213351686,4414048.640169486,1936362.0041102585,2283998.91008627,1561372.1452516788,2880661.6361157703,2670749.5032979134,3444002.6831977917,2336050.1246561557,4542513.613112684,3654547.2384439623,3738550.243442029,2017926.078241398,2263231.5350568104,2047066.2861678617,3172997.240093971,2068431.9083127063,4128036.978701338,1710389.5270534465,3269408.4833604195,3737652.5171566713,3069845.307861196,2781829.471270424,1679327.4941888403,2805046.557706533,3422610.186724385,2052379.9382754704,2122840.0057664043,3924075.3863618965,2556657.723744975,1896268.6605761482,5053120.447792617,2477212.1459285906,2860716.373329645,2265059.016811966,2456228.392380702,3914876.796195623,3361226.076980633,2538197.9751208485,2751011.9999405267,1589954.6549850747,4226065.410355448,2922162.5278288266,2684600.9527133214,3370538.441596191,1968762.4375087891,3383638.5686674896,2156244.4908212097,2432280.6489340332,4079874.457534226,1990177.2131359135,2024639.6528023253,2356305.601715304,3086437.0820820676,3035100.496061477,3469730.358942627,2222533.1191695314,2023192.215971892,2791796.6383987223,2010790.0439820404,3220220.926259008,2443383.6286281426,1561649.7974090478,2151303.3372405674,1885961.533539614,1905713.8919740974,2053235.3471953447,1882161.2755444308,2407626.8991671517,2652747.894852918,1777091.5405800096,2699463.042766102,2885528.4107178655,2706901.5814751284,3560044.2143083476,2357472.0095834523,1992211.2314045357,3026327.443833019,2898713.4207709567,2268039.157724045,2893781.5977175734,3651204.568634096,1846184.7612827732,2560748.664281269,2486102.0888138795,3115392.3766365005,5046527.065523889,3383471.8895957805,3405861.033723342,2504032.1486867126,3522247.1644486524,2218527.70700519,2743140.6425095624,2395617.9600634356,2595505.4937833617
2041-08-01,2515858.365919185,2089977.9599523966,2835335.074900146,4019659.087777819,2200477.2990876283,2558101.639448315,4479147.691362611,1923058.228566781,2270230.078576934,1568205.366919883,2993000.914304622,2691426.993789917,3444106.795583102,2336979.2480282364,4479194.11172769,3630503.790772682,3750852.6853098525,2002642.491900415,2266321.115053313,2096193.6495993247,3141388.3274018657,2074126.9541998475,4150341.3129757806,1727232.2308872575,3276513.4042902635,3779046.450573595,3100414.2869716836,2727045.0248404043,1692949.6168862132,2819306.0420308686,3411333.5236561443,2027439.6805210134,2091433.27947004,3946994.8427590276,2548997.36557152,1898143.2385027525,4990663.622120666,2440701.231304022,2823595.1597308693,2273104.886544841,2424114.275694193,3923483.2857506247,3422498.8904125034,2482868.960495718,2756742.6198700243,1610253.4605570785,4221160.725194897,2892648.1412146576,2687129.838918973,3358681.0494831684,1955806.5218094,3369380.131219319,2157546.341428741,2423058.7483017887,4070431.395288882,1985795.9920120568,1994374.7624951086,2324413.938324482,3065326.4050441724,3089038.38857795,3476098.4453090066,2201459.0501790545,1977924.8768661788,2818454.1129769776,2037658.6151064953,3277624.018724419,2473721.204419313,1562431.8477129575,2137968.16034869,1880395.0198889044,1882910.0125657972,2039036.045291997,1865357.4278935094,2339387.420136271,2648399.8209976447,1788280.013559916,2703750.0563760344,2857671.3064898727,2756952.4719275115,3539329.521577058,2401003.7237577066,1973656.3166777464,3058120.461778848,2928729.8144855043,2289617.7407135493,2872907.3085589325,3677616.840092971,1861086.6661106874,2567657.849412093,2479217.571709424,3092028.4780777427,5037688.688318403,3439031.290696642,3394885.8442615527,2530857.6119226,3535751.3823028104,2223630.338993313,2727792.6019002465,2378380.937121258,2595265.1142790006
2041-09-01,2517911.542491792,2102775.0180602674,2815917.0626623873,4029937.906554117,2196875.6979064136,2571831.490717009,4534597.338438613,1915207.6491093044,2278562.234102843,1567188.7930311908,3047515.234412167,2727402.27994171,3434667.4366670316,2346992.2681813487,4449470.157355286,3594297.4087244635,3737115.313627734,2003418.9780576196,2262734.34103956,2095221.5782754421,3130249.904420573,2096638.572612415,4231419.735303601,1731990.4815742688,3292750.4480540887,3874099.307817588,3117403.870809969,2719135.5008673766,1698888.6767257466,2801368.357242667,3453856.9577820045,2036936.8596510445,2073934.7790903116,3963111.7642131066,2578890.2824361175,1893628.4078182618,5032382.3450244805,2454316.8830988035,2814405.1271677027,2295140.271842215,2407700.409447908,3960043.0269551934,3471527.979543067,2474755.6870883317,2783423.062423559,1632947.7585581602,4191154.6199831706,2904647.029455959,2715808.6190594994,3365923.083476798,1958221.757959147,3454819.665856779,2182996.9693849967,2458759.433213988,4069032.724190705,1977709.5338770773,1998592.6435398106,2290445.6567773647,3061523.0471731704,3186049.7336548395,3567465.7358499914,2228179.39672104,1961259.938834608,2864462.743583184,2086673.209035257,3304780.287768775,2526757.189685645,1598589.9394640818,2163018.8210094366,1888819.445340761,1880375.316494307,2044839.1923318557,1894519.7872510087,2328608.1932432414,2629480.538571861,1810309.5798147316,2669944.9603224983,2839118.410431403,2831043.410362284,3527640.9950025817,2478896.0779898297,1984054.6773391115,3072811.140594867,2973675.882169343,2292242.0573201813,2861522.9139050418,3711471.8954809685,1882098.7069569705,2600640.2454879736,2474240.6556196543,3098708.2083704947,5056682.51221997,3489176.3545842804,3396735.0283934213,2575056.988633776,3503985.5534307403,2257618.6339737745,2718226.6783571322,2366906.260865381,2567823.8246632423
2041-10-01,2520235.9178391704,2120993.63766168,2823012.9350228137,3988492.334915363,2202268.8492674124,2557206.022097015,4625877.312129482,1899163.3859745022,2307411.2489659744,1570813.5141926429,3088631.774206068,2754021.2255471796,3426602.4921762724,2339052.4981119903,4400409.39179504,3584571.268212939,3727578.023252812,1989670.9113088686,2270698.4321818193,2083814.1202924573,3102761.0474150586,2088538.28476396,4303234.05878592,1721807.5676380296,3335293.6870482652,3970814.6868362846,3157632.8867455,2727681.6333794664,1692457.7860452102,2783522.1284017907,3501832.422670689,2057002.481300495,2051097.2682963025,4024836.303728131,2625085.3881074754,1920850.5096028592,5108776.05939427,2462309.758347461,2800185.071536945,2307599.459521838,2381065.2209503264,4050716.0649657845,3538444.383377604,2449991.169118885,2752091.2557948045,1629454.180901785,4172940.120693573,2934062.5976038803,2694206.7956581763,3390017.2212241343,1978041.3298707039,3477702.51071317,2206513.758471292,2504794.371504437,4058898.620131853,1976280.2028571859,2021510.7778905265,2257804.4859409407,3036960.0542992176,3266407.001170651,3640312.3739205175,2244126.2183148246,1957300.1316779142,2905941.932639892,2131995.9896414424,3296770.2814703644,2588345.44311788,1639412.684834062,2159589.1248411657,1909574.2718481356,1880614.3221381165,2021476.0591171207,1893602.3201740016,2313352.8089303467,2635510.8008637335,1809873.823603973,2642525.888534316,2806097.362802623,2940413.8232302996,3570046.557060822,2544289.753244809,1962978.072530488,3116270.1826021234,3013872.059219361,2289379.376926115,2839631.474296355,3741671.320645286,1883607.8572613816,2615389.258208273,2454864.7733100643,3119716.574849279,5099906.885510594,3519494.0269849407,3417582.433061006,2622449.287128022,3505812.3032555855,2254142.14663072,2728109.7170702904,2378209.3233702187,2534204.817645263
2041-11-01,2522883.7485639066,2136662.734611639,2830869.3012271477,4001868.0157601265,2215976.166566129,2551171.2782914094,4648191.236111162,1879555.3797580819,2321837.2693575537,1539771.5256993705,3116908.9066762114,2742079.5040178555,3442181.1842687884,2338946.185256933,4310233.467206599,3562757.1420259136,3643133.0550920623,1990033.764489583,2262310.9944335846,2048892.66169777,3068978.497406058,2066019.6752139695,4395852.072239124,1695572.726732273,3338548.5568585186,4030044.3281941814,3161132.99814548,2725466.1356560844,1702054.8651910597,2787321.460870705,3527699.5897087404,2036516.3985952165,2047444.5928825059,4056825.313240813,2671161.6619962775,1947160.8186712689,5225719.845537134,2456813.998119639,2786150.6296113827,2295136.356868418,2364903.154244666,4119844.628318682,3546888.4415687122,2472965.3060255367,2759847.3733398067,1614907.582648331,4091410.4386567436,2953120.2798343496,2696843.4393891506,3365564.6507128663,1998927.3786725767,3474213.8043631003,2221369.0220749825,2545453.439495813,4036469.4979915093,1960031.0816802783,2026725.5379560292,2223838.0667509544,3039192.12031241,3288880.7978572897,3671191.6145810587,2246309.7975343415,1972598.1659866509,2935342.557761644,2158908.6142763738,3299205.9824078074,2688274.540792975,1682062.5238438302,2143779.37541866,1948280.4511085453,1873209.8763349452,1991087.1667932242,1889922.1651832843,2291816.177649621,2633896.0790904537,1791252.5823916264,2607511.9243111233,2804012.1661531795,2997875.656967394,3572700.989215775,2573700.495444103,1947378.029739693,3162021.8275718642,3019553.6397209307,2265866.773704858,2822758.1477742502,3762263.7518520188,1868553.8443123165,2623778.5286657787,2428331.7885042285,3138323.2553004036,5082037.847493605,3512086.4045575075,3422707.0130607253,2649373.572856459,3493691.258332077,2256228.636057992,2665365.2687407495,2384050.5995038226,2513527.601474257
2041-12-01,2556592.680166115,2154826.1076542474,2811341.589060307,3974893.977380902,2211911.656993538,2527380.4889827133,4646512.9603271205,1854724.70549397,2335422.0049746283,1549648.5968017818,3120872.0300731757,2765495.9013332794,3408964.5462595965,2346868.0886817765,4253836.5171171855,3566534.8732148157,3586572.5022709486,1981137.3414190433,2269989.1327990564,2042173.1822925215,3046110.2510503004,2055139.9641678592,4411617.896786215,1680458.6967555303,3366532.2713859337,4035671.6514524324,3189615.132932272,2725201.633333386,1735984.1560249738,2796611.3805286996,3519484.5361855347,2015065.5814018971,2043494.7992393472,4086455.6413306464,2670845.9177804277,1956773.0065960705,5262514.0965292435,2443964.915180699,2787405.392328545,2258990.014378382,2368359.547339815,4121550.3265596638,3579198.557150643,2513867.272857612,2776085.0651886156,1598821.3813821778,3999059.3631985644,2937116.3444205634,2739787.518708189,3420802.879879868,2003636.5101403098,3436364.485209096,2241620.887179381,2598869.8259028867,4011416.097110245,1932442.570442569,2030757.0506974105,2201125.8048109426,3037151.58034247,3285262.8727290183,3680463.3246584143,2255777.3974419665,2011920.1089466978,2907869.2391408565,2151007.1957019116,3360423.0289520123,2737918.9114078237,1706104.3015001325,2124301.3683243594,1973643.5335477379,1876407.7602380938,1970546.738540477,1903237.9602836063,2270006.8049530927,2595910.7867412916,1826403.4649393368,2587094.7040263186,2792188.1792945946,3064815.2187073515,3570473.729604924,2559470.6400083876,1943574.605648338,3216962.031925699,3013336.6957656103,2223620.751304291,2807522.602573605,3798919.3323596627,1836656.243734203,2647400.6213774118,2364217.1157036214,3151321.987664047,5003810.992364563,3545743.1848958936,3455287.5887427744,2649988.8484990164,3513718.707642335,2272568.9988653865,2651178.7122171023,2393231.195477414,2495070.763925088
2042-01-01,2603468.2458455283,2146252.53845074,2834467.8998190397,4004073.5722897444,2250388.80456115,2568076.3379610092,4678921.830903259,1846274.4031732827,2366939.2104995274,1554834.5049439613,3150774.1649011676,2806685.108517641,3418849.0617997646,2376664.865060934,4233956.605614902,3558334.656660416,3586443.9981140015,1982123.518652424,2310758.9749143026,2047678.4989631174,3004489.1890009516,2075562.0692784565,4454842.124039377,1691720.6941106669,3438097.1342863278,4068222.3943774435,3201087.1164031904,2758375.860895634,1774168.5283630802,2864664.111624058,3510335.037933415,2023428.275496416,2043636.629988387,4081665.9567058966,2685518.4435395706,1989223.409813594,5316241.881846581,2469447.630212438,2815330.301470476,2277994.056249196,2382048.4706334225,4190149.2908505886,3641824.447363725,2550359.1096681226,2839241.722207057,1599301.4161836752,3929402.080798093,2937880.1691921623,2806890.887793075,3507010.2392988573,2015050.1303789073,3465621.061605495,2284993.317372395,2663505.5895882384,4018032.016430612,1935597.1509790134,2031026.0884323,2231925.591339102,3046129.0385640063,3328928.4012831696,3712789.2914749924,2300918.630722074,2052345.5226970569,2916072.016914935,2143572.597119017,3448629.8400505786,2806886.3102699057,1738245.2963420788,2105891.614328633,1996990.5800835593,1901989.859145179,1994239.8512115004,1913347.082506463,2243873.2096337476,2599266.375573016,1874398.670092078,2569713.718708668,2814962.6666584797,3125881.116281381,3572818.3484725105,2536543.5063205906,1968864.8460343785,3247391.19456268,3067180.3756757085,2219225.751572145,2803350.3263610094,3854921.2028224734,1854543.3137960748,2693532.8724818067,2374556.155362947,3167666.740089013,4970996.147062108,3586940.844780077,3484581.612311334,2655749.046882452,3544260.1557734143,2308308.5402157963,2664990.3571850746,2382192.7479071678,2493938.3458129778
2042-02-01,2635264.4803400785,2148188.1632133024,2881053.1869004257,3973137.8627705066,2312853.7498428426,2600050.8509004274,4765352.6637771,1855822.9315797377,2401968.8073507454,1571746.9496656237,3182304.812524445,2880261.6967097768,3444020.3023605845,2414145.439606864,4228540.542965141,3553365.4911840283,3601134.2702230294,2013378.535988293,2347589.776490098,2070648.4293174457,2998416.6813526726,2120470.1572186705,4452309.352304019,1708348.6013267802,3496299.366937048,4086390.13984516,3224336.8680251483,2835937.7098752796,1808144.4555776152,2933526.868293594,3542203.2588609112,2053003.4944499268,2047762.6981923773,4106544.2739639706,2741525.034307284,2001170.0066468776,5306590.62597567,2492542.576860838,2873135.1993488376,2327346.581880569,2339933.7506472184,4235588.754743191,3713410.4443482873,2570562.0329354904,2869069.99017032,1581093.377072315,3905865.8286244776,2950056.1140734567,2849458.3333772114,3658593.4895376414,2039823.8898182022,3487351.4731253562,2332150.8880639914,2717113.024282836,4038264.4264195305,1916626.1854839763,2038615.6624125899,2288881.877637656,3079471.810238794,3375472.4882853995,3811128.2680687276,2385525.762622721,2082662.159148779,2950352.2385187824,2136792.0911397072,3550804.3221502677,2853505.0520873806,1775556.8072471751,2134557.781118994,2036476.3994688233,1913919.8283501845,2052975.7344466073,1913934.2427729361,2215570.5725841257,2613209.7111434904,1977533.0070360932,2567025.4655838176,2873540.6116825524,3182124.8341984823,3588325.549454152,2567317.855575259,1963925.2205158074,3281934.230321685,3099181.580127868,2210722.8596607554,2853159.113452536,3912337.9257982983,1884914.7061178703,2723295.17548378,2407471.054821151,3212909.382485435,4977913.6710867975,3620816.3285726076,3485697.3078215816,2661225.5967962295,3574409.309126693,2336496.1741715497,2736532.2266213284,2418856.650387202,2526434.621586663
2042-03-01,2628583.7308176793,2158550.380999432,2900109.587522601,3932748.2808525744,2344990.6625326565,2550090.6206980343,4779797.679815656,1857267.9527361288,2424121.841615268,1584949.6915323674,3202824.9877277794,2925409.675106982,3474877.340950894,2393178.3486686833,4186606.5405781143,3507639.5111300503,3589938.4702163246,2017785.3029948035,2385959.248463899,2070278.1817659133,2992075.461219793,2130977.6134779467,4465235.975274135,1718986.2220633035,3523872.3454859583,4094112.9325093036,3268483.5300733806,2881387.1953867553,1809209.8871426824,2991972.62856659,3588969.3605039855,2072491.6496516005,2023944.7108899215,4111975.4207431953,2768540.0891289585,1997292.3901374217,5267480.587586346,2510080.7949780286,2902654.522314758,2362353.78998052,2352113.5903148996,4271368.813246002,3752665.7121627997,2598028.6739563025,2882935.0235697953,1576644.5176431048,3864079.41297156,2946303.364243914,2880951.1274932288,3731007.9152536104,2074000.3482712996,3516104.7847286495,2374814.8054365856,2730206.583994525,4075391.7442283323,1913913.889908799,2038693.9767026978,2352665.2156644054,3091152.860723553,3389010.6499357824,3883415.3232562803,2455561.573437946,2121261.873423475,2966607.3399040843,2131782.2703331998,3601233.639780844,2888450.3477677675,1819377.5596770039,2139612.806119449,2059949.943265019,1927827.0460801078,2085960.969801018,1934015.7425197049,2200803.4479449177,2612842.7488584323,2019198.156909885,2611297.030663793,2898139.195003851,3228221.868165642,3617318.056366011,2574552.4032981736,1943720.8863580227,3322976.746737508,3120818.22533318,2185370.178544209,2902216.3162646745,3924119.656996818,1919070.491510744,2697427.1285649114,2452127.1706655906,3207093.9651479055,4947412.345231226,3617436.8809842607,3457561.989783311,2642629.220027495,3581268.31839225,2350235.0014202627,2738792.4760845453,2414022.929460378,2556193.440525082
2042-04-01,2601231.1629274953,2176657.3121276437,2911526.7215527506,3907071.461496045,2359076.5239485665,2525162.7576192115,4820132.110062816,1869693.3208101473,2471228.273254656,1607506.9631290564,3219177.6083403016,2944719.9520428455,3562684.436309536,2358621.034145108,4192913.190075007,3463288.0960787847,3572742.471271658,2018593.596238658,2403058.0860449546,2093120.3230404023,2991605.9467793102,2144091.2839403986,4486034.374773713,1749382.4934895781,3522684.084992019,4078206.7525484897,3323538.7411856703,2896503.797405997,1805365.6509384932,3033848.9983613533,3643633.2350766333,2064724.9961219016,2034161.4796749589,4115880.1378124817,2820699.4177708765,1990442.348140621,5239255.927534552,2527950.500738783,2933955.879082982,2363008.610111288,2340578.333354052,4327220.151409204,3787389.9066323414,2618337.4123772597,2913203.253589133,1570646.6921319384,3834874.5258327904,2942053.5603010315,2909766.955159472,3766537.516417214,2088192.0605278139,3565074.9209207757,2391940.092820215,2720906.2684517456,4114520.8670026725,1904649.833449713,2064001.4160313632,2426802.6333778077,3124937.2092608707,3378316.0074926256,3925705.387976402,2517738.056949464,2158573.190751541,2970756.444096486,2139772.1048040823,3628962.1756258947,2893594.101586051,1863669.4049111395,2183134.968930056,2076609.2763552489,1913754.5005083731,2140777.574751653,1966023.837756707,2176391.963242954,2628208.785466877,2053691.9939848557,2681869.1142650875,2934071.741137533,3280425.550406869,3670598.799505091,2612693.340316978,1951416.4630681844,3377258.241518943,3166993.5882949275,2163650.9803339806,2928060.154481954,4001044.862734988,1976112.813748296,2708981.9953905633,2479167.332054651,3258291.9892468676,4909390.527071602,3666422.0237981067,3468318.5553260986,2663506.851395068,3599670.7424147506,2357763.948974078,2720976.1551908436,2436958.136980744,2563633.0313902604
2042-05-01,2625740.12692809,2183809.5216380586,2936271.213639596,3919882.076753177,2359766.0579380933,2502544.555280293,4879720.846795748,1882242.172434655,2487186.935793877,1614786.8057937964,3244363.0204981863,2938569.970183314,3626960.6992709595,2338979.772038583,4206828.882038422,3505223.0527508548,3587651.558760062,2035680.3036810965,2441010.0191186867,2088275.29210511,2982332.230393299,2126545.319357224,4557317.985817271,1781226.6313123899,3547999.232422509,4046559.550710345,3423556.546292538,2916868.5524633834,1815353.0083932057,3040773.955302052,3681708.304494048,2088133.2261185797,2037994.7244592803,4163822.9330653436,2856298.2092297967,1981671.7724113746,5293047.283155223,2559982.488294963,2968279.1340128635,2367086.1666263426,2363526.871505922,4336735.114946074,3836653.4369439096,2623067.6734376564,2949715.6161760497,1569482.9571450506,3835158.5104081295,2941890.439224276,2959682.7817745423,3771498.5830477993,2107599.2677135547,3603594.517129272,2399335.437845042,2745219.0863830745,4144548.3622618215,1902522.2116321956,2081065.3895104383,2486151.175447425,3112658.7698237095,3427488.632908066,3971022.994791337,2547017.8448582133,2185959.062913359,2993358.8403336294,2153218.518456632,3668641.402992393,2895595.180275699,1894021.2067700007,2203232.9200039124,2089866.4423531457,1949196.4710061057,2187089.5061638383,1976153.4614454866,2170397.918116388,2679496.588813026,2067135.3836946352,2767678.640843297,2962791.532897057,3287838.2147643412,3726306.9896585983,2595548.6388699804,1960115.836986379,3432055.9254869795,3204115.5760070505,2141574.7153529185,2954446.037848974,4083718.1531477766,2022402.7104848078,2748362.8586264667,2492775.998104583,3272264.5291212667,4906107.775485148,3732519.695450449,3507595.3829682614,2690397.8399207834,3596186.658830328,2382220.75405033,2699953.837668856,2486863.1089026355,2590104.34339193
2042-06-01,2606141.9959545205,2177053.7143877232,2929557.231434486,3887447.7587595233,2359835.200431707,2471606.4842115035,4943432.427137265,1899310.5824679327,2501010.565665496,1626072.4336532806,3272965.382102351,2915879.294632817,3667469.3747952455,2323343.5076939976,4247487.857109204,3517720.1935170926,3541035.136777728,2048917.5889968209,2444887.8781954907,2080970.5838249251,2972813.7829834456,2083428.9195923407,4570981.033447081,1805834.7459235848,3543708.7635125634,4025104.9243808156,3485810.730719726,2902442.0674029775,1786235.6301653038,2991956.9943654984,3703854.210167152,2079312.6607527388,2030216.2995938156,4177771.501825992,2907491.331530032,1985853.4787796638,5246239.932317537,2568368.1332460176,3016685.433259294,2331555.399790283,2365693.023013417,4333664.360600579,3848630.2038345505,2612044.9601830756,2968160.5900973612,1542222.9984303745,3844837.609857118,2919078.2986280993,2970491.781165911,3763355.198435775,2108104.4971729387,3586598.088426824,2362286.501462109,2756460.345245091,4129414.743434473,1896942.2092996936,2087241.3953224947,2482962.817783566,3145743.023660586,3421687.767454971,3993683.6749446145,2588310.863332783,2207270.2058194866,3070697.7694589165,2160846.4692716165,3702309.115034867,2884503.5629164795,1915627.8063311598,2196647.914978953,2088132.3996163448,1967053.0654228989,2188693.3081684387,1947842.4292597452,2198440.2803523038,2696125.817934681,2051266.244740342,2767213.431895053,2973859.503097966,3290335.934916484,3795417.528674243,2557074.4728815667,1965863.599661233,3478377.7054674495,3208936.7275810624,2126251.3753584716,2956125.1942469617,4158998.5714870454,2048973.282953149,2775090.6058315737,2474782.0841359776,3289510.983506162,4929981.03287883,3798237.971605402,3555082.637693098,2691600.935663679,3614689.2562304283,2418968.158070966,2687159.962754436,2503716.9901851853,2587940.837565928
2042-07-01,2594508.7456603195,2188447.28780483,2907498.4160121805,3893148.972150847,2358646.4413588913,2452373.356946835,5046184.189305119,1893282.6057117102,2512378.5242539844,1618592.5832502816,3276136.156109701,2841756.8215272725,3640026.8322825325,2329007.1431745593,4236751.872777359,3520730.571909836,3526697.3822710165,2046457.667604183,2434259.857318377,2072262.661063509,2998531.920403875,2077955.2421900956,4608975.602196433,1799620.3545319368,3518156.5630207933,4020322.4022918157,3571249.211327048,2878346.521667443,1749365.2046667852,2962149.7183867414,3718957.5854277085,2039186.1362010268,2030722.5727667455,4243535.809439235,2933842.601536258,1974795.1646283893,5214320.243584391,2561196.8498927522,3066355.2418905287,2338889.9193555447,2374602.6879631514,4393867.287140007,3833995.7704604072,2565547.011956791,2965021.6691719336,1534768.6923459813,3845763.165006915,2932475.1259362125,2959195.781866787,3782143.028395344,2087265.7496905266,3548956.4270361764,2312326.3429227876,2754088.572965457,4109269.705229678,1882779.6163497304,2098285.291710069,2467450.5666115563,3120204.438616433,3424435.8679570784,3992537.1155213933,2625478.622164243,2230285.6561153694,3125531.8669594275,2179968.486485437,3699617.9516345314,2862698.090189145,1915231.3549134382,2190246.219604301,2083310.4707579755,1956237.1238606311,2187716.259360719,1940160.3413498672,2209379.3677087426,2692875.127900602,2055453.470306257,2714393.8955331272,2985884.7588478085,3275318.059591607,3817724.9119932014,2512219.591777957,1977050.0343918882,3531466.851254437,3177198.5630579954,2155986.1989590703,2915895.5381503166,4172604.961776233,2092361.3642827992,2811220.152978683,2460371.4167291503,3309361.0954207582,5002772.1544598695,3835819.5517233135,3562694.772527574,2644987.8273497294,3568565.9704950927,2444608.933733969,2726101.495190829,2514548.476584929,2565585.499028956
2042-08-01,2580364.30085473,2199279.986008728,2920211.1927372445,3871926.2328119506,2364821.2342377985,2502094.403335735,5090393.492197837,1898475.3851641342,2528322.532738061,1621784.6274585356,3257424.7800075915,2794211.3138361867,3671454.3923488734,2328115.263571279,4234416.089390536,3547935.822725063,3449302.8268111614,2033958.218975734,2443121.314911541,2059752.0333784951,3032047.661187403,2066632.1321908957,4623503.71640026,1789770.0690934984,3529899.772576214,3996638.9969379273,3645906.250911507,2849254.716745561,1709867.6782124715,2950321.30987873,3717033.8583571524,1986694.6507219493,2058309.284896899,4272468.929776861,2975612.0996811134,1948031.9827343568,5191298.553981585,2525425.190554168,3125592.479992291,2321479.793932109,2398331.9032451753,4453090.477974006,3793797.972340439,2584110.3821600904,2944363.7116739624,1502070.488426064,3853424.261569408,2939670.229537783,2956041.432746875,3818876.2172266697,2055356.3302422308,3547829.2411346976,2279956.017839571,2754511.7859332687,4072540.966695611,1866674.2142203278,2099012.261663085,2457218.7950033196,3105239.235616575,3473906.7487440733,3983633.557557692,2618732.1114715827,2269337.2027690196,3145472.48743077,2159142.097649929,3682076.750752007,2850208.6636725366,1915147.8042814857,2166274.0474527664,2109086.5683794883,1923886.426945924,2189644.3380638286,1945577.8603910326,2241616.6686430825,2641085.0489741676,2042835.7541466854,2675311.497870185,2957251.302883514,3269057.707793557,3850902.4616951086,2465054.4491622825,1976798.8403762274,3558919.9998086374,3219071.334283669,2156686.9646381955,2918301.9600612787,4201137.416504933,2114924.699236747,2817919.353143305,2469348.8097857093,3326642.784715048,5053851.791116332,3853158.0014724145,3548073.24457556,2607256.8887903574,3533709.8593882346,2477633.269981348,2772365.7373953345,2505348.544838826,2578927.1437325184
2042-09-01,2555471.4479178027,2204050.0022459966,2933511.1211221614,3892911.412389086,2396198.7891110126,2580863.370274849,5132582.728423542,1931264.430088532,2546030.907353747,1642285.1900228825,3245711.9480335033,2812321.9433384715,3686834.655526688,2335980.8610693687,4215192.32685632,3611563.478208183,3437176.09541804,2033501.3489511171,2478286.8830126044,2068749.8474578753,3119028.655651105,2063423.1928275242,4618682.740811716,1797585.957243063,3558757.5616209274,3975261.937246427,3724700.162176414,2881943.4666713034,1683999.3291395458,2933364.501908035,3738044.073800134,1985050.3095863846,2121331.9680240056,4343389.281505838,3052700.601431374,1940975.3794798513,5295545.9178222,2522852.3704669164,3219455.8877694313,2309538.3531374508,2442571.5239230795,4524272.662100075,3744729.595862028,2603460.8342461083,2938730.731369311,1489988.0368150868,3907880.0121722464,2924047.2441972173,2936155.565555937,3850760.962964562,2047638.9721360572,3602968.192000938,2283612.652455842,2783051.5198574043,4051151.3912206595,1858510.8497252907,2095112.0902856588,2445366.916377518,3050290.7771563474,3508155.790990967,3961597.295165215,2605959.3490955643,2309267.383129024,3191972.7999165286,2137626.1238448825,3694821.7899669623,2864174.9264687574,1904259.6511562474,2158667.1267274627,2135344.4333077758,1902050.9903990282,2200550.6848168173,1957359.4507240688,2220627.8070872203,2613862.191808104,2038202.0184296533,2673499.629769358,2989706.8556164443,3259892.798757888,3905773.308718915,2505726.04140329,1959650.5861339548,3542936.2337062256,3288579.727922601,2146969.274206428,2966862.704840162,4256440.557529355,2135661.9638771736,2800915.699640564,2502094.79233307,3362173.198034836,5054652.046330236,3888283.638369906,3569400.716782505,2627030.3587609474,3533335.04388866,2508175.8693339764,2818836.8956696205,2488419.1353016733,2640960.79243125
2042-10-01,2552380.4647848643,2217873.1683077617,2991500.3617796237,3886322.9023024198,2389768.852118243,2632422.4158160235,5135353.026161344,1930095.4412638394,2541682.6914935675,1657865.7042384758,3227699.446932684,2863477.8891291544,3734399.312023846,2342623.598286668,4201030.638453213,3664026.071586476,3418142.7433417183,2014446.464408709,2481108.4984876937,2067927.0669901003,3187066.0567276427,2040200.5908282667,4556661.260940014,1793985.629827417,3622602.424651843,3975455.091826299,3784507.7188479127,2887282.851744074,1655284.2501182645,2922943.257777849,3777715.1121891197,1991054.7179333738,2176932.212149958,4409302.938882786,3111742.8248473993,1935275.5369760427,5317289.271272819,2532104.897124469,3279781.420948064,2296486.5271833627,2471459.3622241435,4601310.394315303,3697518.3443642175,2603935.375648114,2930164.849418905,1481003.2257516906,3950380.0470675593,2927634.1529798843,2945452.3280514497,3878190.7665101374,2034852.5430980315,3712390.4582933285,2303017.087741603,2834269.253208598,4009170.713474556,1848553.3562086285,2118203.5402763286,2415257.3100035447,3004220.8404057696,3508826.084856615,4012157.3237559055,2605213.1140980357,2318330.246865114,3211788.809157146,2102957.4014379033,3712705.834530277,2844351.9409362255,1892585.0392151843,2138361.562303916,2156219.1509452406,1890613.853928222,2215006.2028064937,1954315.7839475619,2208225.857861506,2589068.053867704,2015180.1074444295,2667589.1277524377,2990477.57862298,3220993.727519155,3960685.5772281657,2535915.019593679,1978860.1432631307,3534743.2171727284,3387574.567845168,2144595.7887043324,3063927.3288159166,4300994.774892514,2124340.945791875,2788742.211466562,2572286.631221861,3432893.863361289,5014977.08051864,3874733.4645000007,3553689.5506612775,2668547.2840141924,3537979.238345752,2508702.077573656,2837310.474778926,2496723.670405732,2705862.4455801793
2042-11-01,2532293.677637605,2216046.8868683144,3048294.0463750837,3852302.0227620117,2399942.1021086015,2648770.2158154687,5039752.344639692,1921555.1666672495,2528022.435882647,1666927.1458915526,3243637.762903968,2918251.8862784375,3755789.9133318504,2332267.892839022,4164957.9935808363,3704773.7520981207,3405604.3864099537,2007189.1643249085,2452641.448549617,2042666.264334199,3240994.4574177074,2022674.074717987,4460435.125282498,1784465.693349693,3625145.7395198965,3988092.1748019946,3795670.0745600946,2901366.3910441995,1653689.5244751163,2867244.170227355,3831781.2789826035,2019791.8289506729,2165370.6509382003,4455002.782099377,3144670.3232544675,1973986.936951923,5365603.0533364015,2540578.6264359043,3301452.0654058107,2312854.2914637346,2432259.8348521073,4631033.852705723,3606952.3103446164,2600730.836288657,2931187.5443645674,1457533.0155725048,3929855.9083241383,2908922.623196462,2975412.881511613,3841287.1120783826,1999978.9957427871,3793856.3785430547,2325629.246645806,2825470.2568915305,3988601.8861750457,1858402.7846832075,2097249.4516542666,2377718.2698978707,3004772.817317854,3509583.446817078,4036279.740471044,2606967.2167410357,2313702.297317512,3232574.9147771164,2087923.026561285,3692496.5545064453,2843276.4686532347,1878652.7428430817,2117758.854842049,2161984.762956364,1864348.0251854456,2197579.9089961974,1955295.235092912,2178919.7996840435,2570032.9287229967,2008559.005015892,2634624.9446374895,3014773.899625891,3137569.2053980855,4002864.6413962473,2566358.1574369743,1980396.9918561846,3531992.6989436117,3407857.105442064,2140644.5808333815,3139796.3831959544,4302869.362125939,2128254.9323547943,2760377.9354885058,2614343.9235812044,3506004.5297457343,4934192.456993154,3813309.011208027,3555917.69273726,2724170.9114109376,3517400.001664195,2518069.0986070815,2845757.765758708,2544225.3897704394,2743280.493367772
2042-12-01,2515506.629662636,2210836.6589129525,3104776.0859716577,3828557.876517773,2414824.9494270775,2620183.4458330455,5032915.569778504,1914418.8471353212,2513023.9136059573,1649401.8538688684,3228263.635551083,2953356.922019558,3775235.187402984,2314114.847888225,4127812.8535576244,3701613.413646851,3380603.8162493776,1985338.0319997915,2433173.346143438,2052571.9420873362,3264422.0972396,2013395.3467920942,4399790.65188734,1777990.0149965347,3610376.0388559676,3981608.44650629,3788015.8651405545,2867225.649241771,1658031.8707148742,2830399.720805993,3848259.482958345,2035530.9502053447,2119391.915173815,4491260.670776237,3131342.0574865085,1994121.3067202158,5414800.003710393,2543151.5066813473,3290698.314867857,2323776.129771958,2374856.8362384033,4649496.606803801,3552260.1906335945,2592844.7577577843,2968060.0054590893,1431236.548163657,3893047.1658370164,2895505.022335748,2982002.2352089086,3846889.847165397,1984939.2820501365,3802478.844013331,2345992.3259010664,2818376.3907881724,4031079.3752984614,1848459.5291050568,2090635.295726226,2353888.6264062575,2971575.1578781563,3489620.99339367,4083047.854496498,2597849.431720022,2299589.6910959645,3247946.8388953684,2070411.457505341,3642582.2681778516,2828021.8103985256,1884178.267337952,2101987.8241223632,2155632.1145385923,1838574.3067912462,2171518.0626776963,1960206.375038274,2151456.729135049,2578238.6404735497,2029548.0402781032,2587716.7156539406,2991581.97694277,3060219.658909622,4020709.805969756,2549954.3669827436,1978596.2709245074,3565500.669404016,3383347.154654247,2157249.1904524113,3190911.5502366093,4309018.850479325,2109461.6829959997,2768628.3769744765,2641727.5900197676,3561600.04164928,4877047.941038602,3767572.9490309604,3604062.7625585976,2700557.1408183957,3481908.714640904,2494296.0680994377,2858238.7000709223,2569248.833855399,2760653.139617245
2043-01-01,2523667.319605637,2245679.168915879,3127440.8271984216,3842346.047494024,2465548.8840972343,2626578.227150004,5109938.73203249,1954963.0658274137,2500074.510735099,1648413.6149927934,3235385.453595081,3007486.196041712,3741167.0679469937,2328004.708094545,4160592.833116202,3698951.0420794645,3419623.2814710415,1956912.0532908945,2438803.859442113,2067068.4845699265,3315245.9619438485,2062380.375288276,4369828.027555062,1783002.948462604,3595476.012659813,3953269.9463650957,3841974.9600303625,2842743.5742283394,1681837.1638698068,2828777.2684602193,3928773.9996089404,2066227.8269247245,2113622.176110498,4535642.53451943,3150178.674088235,2041897.407302238,5509639.445368444,2561149.3206395754,3311209.238457642,2370626.738174958,2384207.501653229,4681677.873072443,3529037.9122175453,2634662.067585356,3023735.0065972307,1427949.7342818847,3877975.960715921,2878907.9478539266,3008342.7260697903,3904051.733257033,1988001.659751489,3804288.237179138,2399344.6537025496,2858921.4671142376,4137196.1250046743,1848288.808859539,2111798.7048154287,2341927.2746873023,2968470.9086849554,3519254.5438596597,4145875.78947227,2610578.8079379583,2314226.2937710937,3271291.9722132944,2067473.9046079144,3614948.0231251046,2883091.2001430914,1905627.9492088165,2110223.23591682,2164769.229176196,1825985.5437801187,2170804.0264674346,1976785.4127231329,2173431.3554516477,2655894.372572377,2035476.2272052488,2582365.6666638614,2981771.6279802043,3077240.1245419383,4085612.3970111627,2556871.2883061203,1979032.1761305998,3635319.2108685616,3396950.896027379,2183137.1138908863,3221177.9140678765,4354992.826215018,2135155.9620423685,2803258.3122913684,2675451.1385939955,3588850.049583912,4796903.957845845,3764017.790518038,3681345.548556382,2739830.075403772,3521157.483189585,2501813.5527889044,2868962.567807102,2594686.7504164255,2792791.145566346
2043-02-01,2534540.586749219,2285241.0533808433,3154529.212728147,3839944.3257620777,2478726.8729997664,2666156.796004221,5267640.518279636,2013488.8698844945,2521728.0062025185,1679509.265371688,3286715.6967048007,3069041.1057538027,3725590.2064060112,2337125.323715073,4243996.042534602,3692668.8760999967,3471003.262650219,1958562.3843936226,2479224.2755664317,2084343.3065747812,3380839.934426393,2131107.2479122407,4379516.933210155,1808399.7264264624,3642841.2949601263,4023397.920125738,3899182.7364043263,2817078.9730846644,1719918.4969308528,2848118.6993802283,4005265.9967954364,2098756.2216566666,2136216.2118093707,4588959.860943602,3134756.9713162933,2068001.6836837577,5665657.348018174,2630483.732482026,3385587.0767079378,2404481.667886871,2412868.5463830517,4738240.199576461,3561042.6935255863,2659743.4815235827,3072721.541138574,1418117.1675307998,3912757.9269949202,2886973.964768996,3009185.5025309175,4020020.8818820124,1996493.4343209013,3854380.7209746134,2452765.685168518,2891485.569750555,4262633.76499363,1857045.142844982,2125248.08920953,2367904.496095483,2995052.8180026663,3562991.637305302,4211541.6435934715,2631138.1516573257,2335941.0582154095,3346623.6891147606,2070600.4470661466,3605807.530211619,2946935.3145326204,1921059.8552314145,2150477.2478144704,2176461.4551375094,1829304.0523845495,2174717.365922819,1996459.970667733,2181603.9610434743,2764115.480184708,2062049.2256512002,2623040.657230513,2982160.2896955195,3099014.4548227396,4137876.8736984762,2630778.541881049,1967279.2564286673,3688144.981228863,3456726.9828589763,2224569.3022080683,3260422.152778438,4434391.7200474115,2170196.0272330423,2835971.7461871835,2744075.436302089,3636361.818906736,4773369.879528979,3796602.6397998296,3790049.4969901955,2745994.6448880974,3579811.509547626,2525428.6897430765,2902730.2870998606,2632115.5801521777,2821156.565113811
2043-03-01,2527251.174293582,2294668.6043828,3203298.316435243,3812574.8549716575,2506446.281670665,2706361.5492555765,5353795.450105298,2049886.9472179222,2557497.848259547,1705517.3065810972,3258435.0538715674,3111968.0875941957,3670096.9377247305,2357135.7402874497,4328616.399516813,3695994.7032254906,3502471.6943871262,1961571.792697139,2497205.4146283395,2084773.5407882787,3418672.052005126,2192319.320433694,4355767.458237457,1825661.1027064228,3632859.56510079,4075481.078501483,3914137.4058821765,2800564.608634106,1736210.4790572461,2834398.047338935,4054356.317792247,2100510.3455199087,2157474.5951804416,4571333.709155058,3140000.1130822147,2070057.2927886685,5850202.714901272,2702295.981681642,3437907.2154689725,2405650.8190123397,2477856.162521351,4768682.621367601,3595299.6112324926,2650692.8865256873,3103241.1366653945,1421511.7228151239,3994950.420169965,2917502.411447154,3016242.595598773,4122387.577359729,1994525.4429292295,3877327.207236345,2493880.893352102,2875833.836281383,4295579.759990751,1859659.4174911566,2124988.725090631,2381310.6289154943,3027312.319210901,3621369.8559844755,4194286.0586943803,2654059.066072109,2333889.72697386,3365166.56633143,2082573.784094634,3582018.901508128,2981624.5602312093,1908090.4146704294,2190979.5049286755,2210581.256282667,1832328.065661601,2205755.9267369513,2009611.1382567498,2202835.2480697487,2820125.394589939,2058565.098135667,2677452.8321076017,3025081.581975878,3086192.3187091323,4200682.562192727,2688495.1698414567,1954837.9263527775,3682077.4866964053,3485262.397638963,2226363.503944359,3305342.5136640104,4516267.514165368,2175269.4291812982,2879897.1868522153,2801422.2189603946,3672767.653388956,4767895.624262332,3791091.116797855,3875572.404466168,2774054.669139218,3589932.098089411,2549519.9532312076,2961617.549945758,2659781.059265588,2849888.8331790767
2043-04-01,2547550.2221902516,2311908.0161646428,3227103.544912855,3826098.9540578234,2528906.0875693085,2725286.6093225535,5432610.571091645,2076750.2428567228,2594064.3266356084,1739525.7989709754,3248150.034800797,3135626.3596486715,3651643.6718704207,2367101.1452533267,4406556.774235721,3665600.4376237774,3501920.7042359887,1991534.6756048521,2536244.3220429705,2091744.9371272195,3469770.3347792253,2236816.4740997683,4377903.607115654,1845374.999795506,3654186.520192041,4168101.826761222,3924158.792756226,2829875.2991615003,1749139.347903426,2846812.483305772,4155447.951228105,2126175.50944755,2181890.7921895175,4580217.104563349,3148023.1320442823,2067390.2921929343,6002215.569298614,2744503.3264729455,3475305.9975868165,2381287.784793771,2482959.0694671487,4837610.342337516,3579400.802026153,2664420.857241604,3086213.41917024,1435115.1462466586,4037014.2152682017,2966500.7179327747,3024355.7983721104,4249520.289888233,1976376.2207144885,3889871.710577872,2539165.654038473,2862907.641766998,4330215.644741121,1870488.268798371,2123237.5050267675,2380334.3010677397,3055138.9296077746,3671985.6938448492,4176264.419782056,2659731.839571209,2339886.4787538922,3392135.763688298,2124429.5915792123,3601788.158050772,2999678.731353904,1913855.9719652496,2244933.6998787243,2219301.081451788,1823198.4733923133,2255294.8972391346,2020442.4477682628,2213774.286210202,2846411.488841504,2052385.5845516417,2707383.238284054,3071779.3996296357,3079665.2545633903,4267726.565916385,2753452.6615400934,1967301.9191296368,3669027.2586077377,3487976.2405730914,2266704.364549568,3360141.8327344176,4657321.749317553,2214038.158187713,2883870.168627,2830538.575817064,3726524.133333357,4745663.84559925,3816491.436933719,3959962.4230977935,2799688.2581206225,3571193.6695827344,2604808.086034866,3016763.1179206213,2697699.8688072804,2877894.064795819
2043-05-01,2569801.878025525,2342274.4277173528,3269402.9782415386,3838298.2152688135,2569566.394852733,2734745.1160423183,5536737.841185952,2102217.994015923,2641040.598015938,1775796.975658753,3230501.272576672,3200342.684717302,3641243.694756233,2403527.951324021,4472154.671224185,3643581.160146191,3502446.1085216766,2013973.1029029877,2530472.361735515,2109358.002390602,3496912.9186649253,2233789.298639814,4352641.544430574,1846671.5929837672,3639570.752510065,4222089.443751736,3957575.977731039,2877596.4854123117,1770964.4746097615,2868959.0953849396,4254308.106714172,2174646.259792466,2184230.216372053,4589569.839918716,3180094.5687382943,2092551.0769740145,6165064.483218375,2806910.189119897,3512907.4667951018,2394052.8100147177,2509630.9889251143,4878579.507840673,3625131.920234367,2665917.296461786,3131395.1394449538,1451582.6633824387,4071343.419747996,3036927.6097332877,3055673.951120011,4314006.163119504,2017124.7956781252,3920316.3765048264,2564707.9500748287,2830673.4619353106,4379234.934865905,1892783.528360072,2131496.0247363406,2406096.2127414676,3062995.169496054,3708064.387282609,4189797.666600881,2649708.0879599983,2355352.1784544773,3425231.793011629,2156844.4584464706,3606695.9109178744,3017909.039155007,1904810.7174891024,2286468.073699801,2226295.4025541353,1842361.9215277159,2287885.435763103,2030772.877374565,2242715.643960555,2881330.2529583196,2063807.6745818139,2749694.671123448,3102458.70424691,3111263.1762372875,4363647.474450691,2804953.9596444108,1995224.9151755183,3670535.4821481397,3490935.958364685,2299640.8151239255,3411958.7617458897,4861319.177751447,2264608.73088787,2916329.6720103626,2858104.8658758146,3807641.6187355695,4747788.213609285,3852283.1112749805,3960385.9053552044,2830384.6055033696,3580078.9304757635,2640050.0147495605,3061628.817797264,2767096.854249299,2927802.3693729644
2043-06-01,2601283.5702260113,2342657.661318463,3324113.385143859,3828600.2641227827,2578742.6122340523,2696313.295090905,5607018.7836365225,2136410.234160848,2670520.906485213,1796096.5073631974,3205841.808983273,3263907.642804597,3624801.1881909757,2413471.641560986,4431184.858309002,3605851.6007672874,3449447.2559757717,2026610.0092872235,2497349.615011537,2113315.2318032808,3531957.062240469,2258056.356069285,4329266.676217549,1830157.5743907543,3635380.529466584,4261295.659541538,3961184.573620104,2902355.683789744,1772053.1774325245,2915030.743914102,4324693.002696983,2216297.426044423,2180561.0347636784,4604236.020575834,3185445.9753999165,2121244.5402442846,6211649.461226786,2821172.822923671,3526239.1793544255,2381635.1364516276,2510857.085297478,4875421.4609424425,3650607.4103825204,2663571.8059067894,3102414.808080722,1453593.8200385747,4043876.6885420238,3064411.633526063,3061062.362733147,4351256.261105237,2046866.415419732,3953582.784186758,2537721.9244936877,2769833.7049561925,4422280.720549975,1908319.6170870292,2103531.0045671454,2405421.0050829863,3079435.1129763233,3751897.9143274613,4162151.318560468,2623349.93096362,2388284.5021600407,3402356.3769971463,2187175.9281951697,3609979.392509737,3050770.710826897,1892664.6120623797,2297608.333594398,2240468.6652192906,1841441.151002083,2289586.082955551,1996474.9119981928,2245713.8697288944,2911625.6817490784,2083400.6822722366,2780860.1061706813,3096540.0881490647,3137551.476916237,4431351.250111988,2842892.3414191217,2031339.2812060132,3675669.1271767477,3503761.509334832,2352470.9639287973,3440880.836342575,4987961.054141434,2304953.3307527415,2907422.500680059,2853765.5842828667,3844246.937534021,4787815.955101688,3888119.3018395514,3967364.39157736,2835262.280649565,3521238.168658892,2672799.1126835253,3105852.075704896,2849834.635380463,2976482.7261851225
2043-07-01,2603578.8544948795,2332807.843124905,3354662.687478356,3835254.295883087,2572576.069736912,2629242.752850051,5651404.720015692,2132136.1626914665,2716529.5531831756,1789627.1183726469,3145171.2127845855,3323178.2139285994,3612632.8309949203,2432898.3172851233,4341614.538037957,3564427.3211967177,3393966.448998469,2037376.0395774809,2481414.558382291,2121663.4979470572,3515056.2234260114,2261942.2319157943,4312275.94254564,1802126.301643729,3653638.9697857704,4265658.361908071,3930984.696413698,2898760.823706877,1767814.2540019283,2937815.349898316,4340709.158191926,2228549.8029948184,2191658.342068498,4614192.557736237,3179562.0075081317,2158700.331923074,6217058.668056916,2823713.594035218,3505176.771542285,2367622.0902160075,2548504.423866593,4912190.188663744,3665737.8561852896,2674038.7969844313,3148288.502195074,1461930.3706901972,3998535.3428877643,3055452.354981556,3082443.663396321,4339076.417798496,2057839.4726870793,3975562.114504302,2504178.7899122234,2720671.654913475,4500162.822524995,1945630.4816749466,2062645.5116864918,2378402.0333027905,3063636.5307345265,3803175.906153168,4103572.37465838,2625471.771613974,2430269.7727055335,3376115.807025318,2194090.0863774577,3590210.4552480555,3077922.6801629355,1877401.885956889,2308711.552877882,2256386.160917043,1822117.780062636,2269497.911606964,1946753.368861998,2280268.210481343,2914994.06043852,2079025.6161576624,2812172.6211044393,3066849.9521302525,3157760.4856012682,4507126.149181528,2875500.984419122,2056320.9859651816,3658334.9675239692,3513024.8047643737,2381400.2674109684,3472136.02390905,5110087.121397826,2316831.150432848,2915545.7380992747,2870216.8960497007,3877798.1356644724,4727878.038854236,3929694.5653162054,3914559.7408064757,2856779.7261827714,3451633.9926938363,2672541.159150644,3091112.351764767,2873450.023802909,2993377.468897108
2043-08-01,2613068.5899249623,2295234.1506345477,3384299.6630466455,3816456.9947990295,2551950.4950750126,2588829.295320399,5729642.423919279,2169275.642299196,2740158.296430253,1775618.4202901036,3112363.948493108,3378069.7122230968,3610547.018167561,2470776.0204355908,4257011.797774075,3597959.354297853,3324549.3968769168,2047097.575346229,2491949.587417545,2141330.273391327,3540831.7162010795,2306567.218546252,4385613.421681038,1813977.4451557638,3679429.763907767,4274905.0572905,3921780.9861245374,2897726.1781932176,1760479.3716481586,2986469.216804627,4388984.931389876,2239615.3057398684,2206842.36006271,4620815.420004499,3164821.932172084,2174093.9265183066,6198484.31981801,2817479.5777671877,3513748.6581829577,2373151.8521899204,2586200.4675920224,4949881.18248089,3721482.244558325,2679092.668496987,3168495.2842880925,1474180.3342352067,3932222.9107353827,3035221.384000096,3105251.8199776853,4359728.01868055,2067401.9350416053,3990768.9622089607,2491109.97559171,2685230.560767874,4529684.841790875,1933815.0290598162,2038836.9320211418,2380862.367271264,3071143.962685798,3854957.0516174566,4057576.5018733027,2602415.024676635,2461701.4416768197,3343538.9659945834,2219076.7151386505,3607639.2882743813,3120903.422546071,1866148.8360887393,2297415.237617359,2296097.1864437493,1805457.1277942306,2230101.8249767455,1910860.3774173304,2336678.5713586495,2881198.30019003,2077254.5968576914,2838763.622057946,3074440.4516819594,3157822.8786882884,4605658.309397516,2912891.7212611437,2055553.3847106704,3681295.9468951602,3570338.4933834556,2422783.716789976,3517904.965286724,5165346.857909754,2313150.867618872,2879985.98256167,2907670.147157001,3950303.4805193343,4720291.063771231,3988892.2288150424,3928548.624853997,2862771.5399487317,3408222.9475447023,2716098.4361711005,3073536.605352716,2861420.8907348504,3041367.9247208987
2043-09-01,2624811.925168154,2323823.760529634,3448656.0521979197,3862607.6532800286,2571909.769977564,2583051.6267471453,5814206.392025,2208637.015637131,2769522.9986972595,1819679.4113504528,3078070.792782516,3438776.070263375,3608958.401262935,2518695.593348027,4254805.461431833,3628180.0728302486,3260700.7988865105,2078015.2990982237,2543130.3006556183,2171317.0198704214,3526896.2323407857,2324182.031021072,4490703.025528674,1820540.3456297677,3706222.5654717227,4279565.232827493,3973577.642371496,2903591.9428391294,1779893.2438227837,3026733.920310801,4394660.463972334,2266591.175032322,2221695.2313429117,4646662.297027227,3126099.421967578,2185795.5613959096,6176460.379786588,2809448.8280197927,3528596.861890022,2414014.486947587,2606904.3829665817,4990604.78063527,3795036.1060043075,2673531.38903584,3211200.8405197454,1474369.600691568,3875508.9064245545,3048557.5151050854,3115661.597397507,4392172.284491897,2075825.2545945523,4021883.199550293,2541441.223776542,2681716.6672576377,4570218.413929891,1943120.662415929,2059571.221311081,2427683.5709672826,3040776.894747427,3855884.6447126046,4005872.6623969185,2613892.0707150223,2494582.525853877,3363033.510244525,2237125.116566933,3682584.3074531755,3167378.946988117,1845546.9950058386,2316478.62329379,2374285.175760016,1786634.1914089744,2217289.4507626877,1913245.8087566348,2373724.5861849776,2893322.2990266574,2097859.254280928,2868419.6736994283,3105636.868657729,3171893.620681226,4678527.639901202,2956332.054974151,2055144.74524155,3674687.3218682567,3644100.0803326615,2461629.5035113916,3579660.1195101375,5221334.783706589,2315458.0122888247,2915995.2150478195,2934855.913869482,4051928.62494229,4769894.399997396,4015955.0723676467,4008984.8053588225,2872185.41286879,3369951.2663082792,2768816.775722058,3080033.476270467,2824907.725187076,3114591.3411855227
2043-10-01,2651283.670254045,2312986.6442197673,3497688.8198571904,3875558.7615607046,2552650.9092539595,2597984.712830315,5931985.966119121,2245174.7920125606,2800918.5214313455,1870061.3310802993,3042614.038339084,3480028.192002971,3579964.5647265306,2537343.472558889,4250726.200931314,3658551.4245304805,3204499.27134248,2082181.1977974223,2582858.0047349874,2198695.496856465,3537117.605446869,2352679.9189690254,4571892.755066568,1797011.420588141,3704334.7196184183,4257818.784892597,4003385.732920689,2935479.683255251,1801630.9361196079,3039649.800419716,4427576.051798519,2284302.145116332,2233525.8013113434,4659193.9778745985,3082972.7093242058,2176063.7195698107,6187692.701149921,2822636.3065649946,3521262.107241019,2409114.1049378454,2564873.677235048,5054173.2610451095,3836854.728285377,2672319.8626965764,3241146.5050113364,1469169.9641926726,3890176.8883682196,3106630.444407312,3117012.5678186975,4379800.7544726385,2094841.922228581,4078687.326807633,2572245.6640720614,2697565.804761864,4536046.482110429,1908180.7141677153,2075743.6668687325,2504198.1008728943,3050316.056626097,3828964.0794481034,3955246.643235269,2620173.259724757,2495361.004827897,3394227.190128882,2269853.0213735783,3751583.3852134557,3175123.609188534,1832880.8735032144,2330327.832011855,2413849.2243555593,1766976.0148330934,2239154.491333892,1916086.3234333291,2404354.069236213,2925427.5106767677,2109066.404868111,2930750.127699058,3154574.056136479,3186875.1959955185,4801708.137315682,2954761.6961586424,2075722.1480178295,3678175.2241855795,3680634.31884037,2514492.2718137433,3657829.127619423,5207532.773858017,2309625.3513214705,2948538.941976787,2971500.6530891415,4101498.04797325,4824916.568714217,4028091.057860337,4107369.560512432,2875496.498803886,3365483.299193874,2805031.7330732984,3129303.1928582606,2773086.5546661457,3159941.931552319
2043-11-01,2692230.589874203,2311296.5370829557,3565782.4820047147,3896699.5203837138,2542696.453878201,2609274.548333733,6030530.428683095,2249273.445192684,2826677.778755132,1909977.5786218552,3029499.8851536033,3511573.803882997,3571994.1568944957,2525277.760909765,4259142.638487238,3651861.105129398,3177745.6904404997,2056821.4078207759,2617526.2239960777,2210929.100914106,3504652.1933852527,2379299.1898532226,4492234.989370635,1776629.7135111764,3663767.7196808346,4215068.893531999,4051663.599230904,2966492.298864842,1818337.2156251217,3055300.128335103,4443239.224304828,2310646.7702261144,2235347.5578665077,4763213.684914311,3061445.734657127,2150134.136887657,6231057.302203836,2810336.4060317236,3519076.933133201,2377949.720326973,2517410.7799698217,5065346.187842886,3807387.2984534255,2677243.7657102635,3240845.368475859,1449346.4798837528,3851469.0623476845,3147013.763717869,3113197.7645995,4371321.111291115,2112995.6521677836,4091670.5502563547,2566193.8701267303,2697405.0352905123,4555101.359396837,1926181.5842776645,2077701.2910035176,2567804.1096788407,2997152.574123746,3788977.6951917782,3932241.174600185,2632037.268452281,2486022.1919380547,3370245.62930774,2295228.046603072,3767223.439503544,3161869.8394698766,1811044.1987648,2326712.558487735,2368961.8366228524,1757048.5249843397,2265617.9776519886,1909786.105169444,2401681.4753660653,2944417.0353473444,2139448.53106981,2991438.253103674,3180019.49628441,3156605.8755081957,4927043.368139798,2927663.5599688212,2117504.284841697,3687706.7922396637,3716540.463768292,2556808.6756004323,3756802.6373696313,5178649.5334656825,2306773.5765607934,2935877.990666032,2999164.179209281,4149491.8231847477,4835912.614824537,4070780.6380516067,4125352.6205669004,2885373.054847439,3349315.472373241,2809811.670753318,3158070.333656261,2727377.2900039325,3184241.9977108347
2043-12-01,2697111.4504449912,2297432.1337465458,3624819.227433534,3888998.8710851762,2504583.873980361,2636872.6947067757,6157042.508006476,2234233.5672800695,2870309.9999986454,1923656.3443950573,3025254.5779920467,3498738.631529161,3592978.700772422,2532526.393671769,4267504.345598804,3657501.7421887084,3166750.2253278955,2057622.1138518003,2599629.9510317254,2226916.8450834323,3504978.3658059374,2365382.0105401897,4367039.305285791,1769773.5042203276,3616631.2321851123,4168311.461316526,4011946.0800020513,2986720.2411847846,1850615.5798136073,3067120.7185214763,4497786.362083719,2322913.6929284725,2231631.0576709663,4854042.283358325,3071136.02948234,2166854.133707426,6338167.961532108,2769265.886308904,3506788.903363213,2347207.177972541,2528597.6461395,5045644.475659451,3760155.261960778,2722520.8889313005,3192142.377649472,1457588.8695370622,3808523.580000171,3158128.83529382,3073295.034485008,4360397.064879976,2123107.5833340404,4124862.753283326,2592140.2903306996,2735256.9357159403,4550417.227895137,1929339.6727899963,2101458.6918256353,2603066.0049115517,2962767.7573124836,3819916.6941904537,3939667.713130926,2603362.588170674,2497226.2361519197,3342878.515630136,2321430.7284354526,3724340.381541679,3145064.096544162,1809913.0028205747,2322283.0590958395,2329341.7257571947,1777204.2533484418,2278494.0172576774,1897483.392833224,2370379.8476395984,2952813.3324976456,2136115.462249588,3044671.9042400336,3176438.0800042343,3124116.574227288,5066061.613468574,2857872.888090741,2134866.2435029997,3664643.165875121,3763739.340650652,2622887.7278175517,3868415.9412672473,5171806.473847692,2334621.550884723,2867975.4465819807,2983787.310634728,4156643.918595776,4792121.280735711,4132320.8425537986,4107057.868515922,2875663.1128069777,3391024.594538663,2826305.2289808826,3132889.809946368,2707770.1232685074,3227710.171039797
2044-01-01,2741184.4863261473,2282455.151936274,3689449.371302132,3948125.2170711076,2509007.8105047406,2685470.8205580465,6293595.834990643,2273903.876264457,2929152.7431731406,1916570.6435079738,3062465.8571090093,3457196.874006909,3624626.347447588,2561241.868748539,4299142.054003933,3768610.6971485987,3159415.092466515,2046503.9188418512,2603129.451756095,2229261.9586676583,3511688.2500230833,2347509.7831551475,4282987.021308075,1780688.1430855137,3605277.9773224196,4156486.504249885,3982576.0047053304,3015929.4002813576,1881414.8164957017,3132377.0397828054,4565880.996697459,2336367.820095066,2264179.795976917,4994772.627997484,3093738.781473801,2184342.6745105255,6467720.10376001,2773206.737459452,3580735.704966769,2397949.40426982,2575046.073669928,5047899.813149953,3783280.093716847,2790187.315726185,3184210.7858453994,1485344.7674525732,3822030.8068103134,3191096.9354687803,3087220.497225254,4409678.927999735,2134659.810618117,4198165.429167004,2592179.8468006174,2801484.701576982,4617442.79425928,1942263.0606663376,2111624.37766695,2648974.2727288646,2933541.911361463,3906782.006793132,3980566.181910086,2613284.7048757346,2500677.224399101,3377582.704021545,2357804.0668276045,3708951.3334450694,3145757.5822285647,1844627.0510645523,2319741.5808047797,2282554.2232191795,1810538.2172800135,2303793.453023418,1900577.1071182583,2409642.594585003,2954743.958215823,2135811.100430919,3091867.9962643697,3168232.8186663757,3133811.0831572767,5207931.314952959,2849474.9340896625,2171640.36249402,3667342.478279549,3819973.1954899863,2681599.1876318594,3938194.0540115414,5269341.329126326,2385663.420847827,2834085.24470324,2971400.1773912827,4192245.8140691547,4775162.304290257,4213894.260301907,4112764.7661160985,2864560.211740513,3400241.3266587416,2829857.362929744,3115694.2493864815,2736439.816629336,3247452.618508958
2044-02-01,2743847.8216072265,2303469.7119880905,3717261.120500944,3974507.8117176,2504619.020512142,2764918.233679529,6372249.574222994,2320295.4625815116,2935363.5720411437,1904602.433838835,3103868.3497587945,3477012.4003195795,3677868.9919918934,2634464.584448966,4334584.6706174435,3895705.7421528916,3162449.8625866105,2034019.1987135573,2625721.323295267,2233058.6398034035,3573517.1739668557,2319088.857883222,4258673.988574561,1793226.5228540557,3582989.1822684826,4164310.35942599,3988159.8169355392,3055856.027019349,1924502.0184661096,3225356.104755228,4659227.068973298,2364804.241940646,2334259.4079799796,5116570.315063336,3144957.4326338195,2242874.3840168957,6649721.216541749,2763682.781141303,3663974.711042237,2441349.697411357,2656732.787817046,5010555.452242011,3842548.7236146377,2853854.080510886,3213775.472033462,1517405.138974225,3891441.1791056534,3260334.0167058487,3103057.533449368,4515618.35270941,2155591.590157455,4341527.567806151,2599635.6901220027,2884016.400391244,4691431.9441724345,1936362.080402606,2141783.8032892686,2673694.2069286206,2965549.779693269,4035077.272309624,3994721.9248578143,2631667.739081592,2550311.5468477863,3420740.891093309,2388336.701763249,3732845.2863419084,3188969.645676606,1909362.8081063796,2344945.063567248,2270046.732647758,1860644.2986336015,2343262.022096966,1912127.832587421,2466258.4874998964,3022173.0103743114,2162545.658139761,3134162.162516716,3189170.4484063857,3184477.0250668637,5363353.440097587,2880834.8300773,2204251.2580400375,3730124.4172434728,3876555.7314167107,2755785.33878527,4006241.845479983,5424783.547449722,2431310.4380690716,2822052.6587086627,2982255.237270768,4240880.640758342,4807897.107391719,4205271.403358768,4154838.896313767,2875553.1827019006,3443178.5995470593,2849513.4606410004,3119726.6667637415,2828796.051571368,3262407.0513042905
2044-03-01,2727962.7422436294,2358963.972449881,3742889.942877799,4018026.2427906576,2513786.6606447664,2799467.906092541,6322586.837984006,2403867.5369369,2969877.493283101,1871651.6597970694,3132209.73250036,3489412.2588347606,3780733.882602859,2688936.4601062164,4354108.643176622,3941751.0022870363,3158287.3095133533,2052751.1488890029,2637841.1211121567,2248653.4930602703,3601781.1809062185,2288021.259545381,4318316.426830414,1794526.6821517402,3561273.220349329,4155910.9074796564,3953612.688546492,3050805.9077375354,1935465.3875989092,3270528.161408094,4726451.378917832,2402532.0071622697,2384064.1061272384,5192598.494564982,3160084.1523263543,2266161.2446420775,6753179.02220516,2770089.1301286574,3745036.1592721096,2461913.789415426,2713085.6031938125,5010343.578278373,3936759.363947807,2895115.4740866474,3227645.7089836914,1524896.9204264004,3938809.5227490817,3300693.737686333,3100959.1222669375,4605748.685707399,2170395.8397220266,4517233.611528087,2602013.9129195404,2917969.4342469103,4755545.752732476,1931425.60517153,2168786.6618449697,2700464.85900267,2943494.05904786,4164562.041862159,3994035.3008009205,2636502.7566777337,2593071.5428018263,3408485.470366396,2425753.150569779,3755082.0843320945,3188608.8549059555,1932748.5414597674,2384466.346479411,2262392.1064742357,1861219.1855986747,2364709.0617813948,1914726.136084414,2540107.653293026,3094077.1093559465,2175253.9328595903,3204880.3460976062,3163682.991905395,3183515.847088683,5490865.426293889,2893243.1592263696,2232794.4275406618,3704471.9007158116,3884282.1960037723,2793915.1431160187,4022734.4433774883,5569967.65867102,2447934.823037418,2819873.1728336373,2944074.951203742,4308359.290157709,4793446.362264793,4180964.3178365817,4189578.491212531,2918876.2957097646,3458382.631142671,2866266.224656286,3110609.189820409,2898772.251971893,3282963.47509248
2044-04-01,2725377.391827583,2425468.7465171125,3812169.3033281155,4050931.1665984103,2551982.935603965,2815594.1267769984,6302514.359867989,2462005.81603175,2973248.11014778,1861559.547925537,3145023.0095786774,3534716.217214266,3868724.660863947,2704650.0541536435,4374071.045584498,3951563.7512345,3163397.088085687,2086011.9244226043,2621768.3261825857,2256541.886256727,3604006.923739259,2306481.6554695913,4400052.6617037505,1811137.4792526711,3536924.467642812,4128475.532025467,3912205.1804653583,3052575.9555108855,1938705.9736108608,3310552.0280566,4779944.907011063,2466145.398587845,2417483.419843241,5242306.262303245,3142336.5302907107,2307618.0494249444,6838557.652949661,2775623.053152538,3837642.7131551923,2483306.5732606505,2749249.588260669,4951920.27409937,4002032.9657299183,2915064.4113937714,3257249.840442567,1535338.629508684,3951910.8927886877,3348075.3897335296,3132080.5285462127,4698062.649239687,2193826.6926040724,4606267.8548960695,2617378.6250370243,2966330.5434662886,4819035.73378561,1934365.3698155314,2172672.638863333,2721011.710992891,2908521.859217339,4223477.92512731,3992024.8360262066,2649537.8843726832,2654023.55053621,3431602.7648525024,2473295.464957891,3812901.2763204775,3199502.9462266173,1952530.4850712547,2418297.127760473,2281271.895361029,1874983.5073733586,2410771.9505566945,1943179.2355189947,2571388.5654797778,3156487.8832928757,2242605.681084311,3315788.800374148,3215664.571738558,3245239.3658029772,5602398.657582114,2900033.289139399,2242044.0998235983,3710861.183424249,3867524.951002366,2827590.2303522048,4035492.542317932,5693812.038451066,2454426.016835002,2829018.6736528305,2936788.549489541,4376260.742062595,4771601.710884343,4178281.0372116957,4202396.336532632,2936023.638216077,3465534.44385379,2910818.6628424576,3086805.825323605,2929764.828221531,3311332.6328344336
2044-05-01,2752078.1402324876,2475081.648408608,3938365.583297904,4059065.7734155315,2585280.890422075,2795079.5074873148,6331280.004271287,2520410.8965863567,3008205.4659365257,1869153.933702093,3193348.673266273,3598332.915112551,3957449.7054123273,2709991.2336598877,4432756.315127509,3998489.6120802485,3170201.4879502,2113402.7167652883,2598901.4379186295,2274373.0710753826,3698632.658282166,2321947.890916709,4499609.052590157,1838401.373728545,3565186.994321727,4150605.950818826,3918967.4765193257,3034448.431931601,1956354.99322638,3323769.1591991945,4822032.910181186,2518432.9541950794,2437517.6539933854,5297883.653294261,3143175.95244767,2341730.988403209,6886632.110594704,2785206.980644748,3937558.1998345214,2509661.490770635,2792840.963528607,4944864.952901085,4016321.6198100518,2886276.7010021983,3301734.5963253146,1535112.7122590055,3964575.8038222226,3395883.6051665065,3162529.574422338,4835446.977183777,2203700.5914397067,4675477.219467747,2622989.6477511697,2970397.7163457097,4885215.703807916,1949850.8966201155,2221700.7627632455,2771407.288495882,2886241.4878719863,4259187.572567524,3957519.029442386,2659472.8159242347,2675907.5107914405,3455465.111342284,2504503.0628965353,3857371.245614658,3263273.1914291554,1936590.845679197,2428988.574298001,2340613.7089726455,1867637.8332658957,2468193.723268214,1936822.2531193218,2610705.18217958,3203922.082433977,2261243.987491639,3398196.7158677,3262934.2975898576,3263552.9347449346,5751691.408149679,2886050.2051544767,2244016.527012339,3725879.666663594,3877716.2816142063,2818702.6051657046,4083296.427882252,5729896.929378932,2478810.3492324925,2837162.281788324,2963132.847997199,4456167.327125349,4740445.156752819,4175116.3186375373,4214958.819491731,2935299.3013851587,3543848.996655107,2958434.061498315,3054437.6232235027,2964051.712519966,3401584.496924106
2044-06-01,2747601.257505042,2486620.219819259,4066388.1134712826,4056404.5401063114,2598198.659566638,2775019.2558211903,6330856.774794234,2546120.9163864204,3033339.160822912,1893663.4768146845,3208807.553864299,3646540.3490080135,3922111.6632158346,2700307.7180998046,4463040.52582765,4062832.082491044,3193358.5591672454,2112582.3765066424,2590227.1061342913,2301766.671420352,3802905.247014476,2316937.586185055,4552744.834374736,1865811.3106093516,3574041.240636912,4098131.37766279,3919409.7110598423,2981062.866205826,1970619.6209951434,3321997.6106777363,4802322.370454484,2548123.293988547,2424740.0367651796,5276201.836595413,3127666.3627584833,2353416.7771525513,6884333.712857117,2774369.188564328,4013343.594572648,2505040.3077167114,2820829.06521613,4936231.062217197,3998306.7536689728,2863404.655260949,3309816.791011263,1544040.195675017,3936413.5357006574,3414950.7383559416,3187919.3807513793,4928094.326735264,2207531.9323610277,4674504.514324854,2627278.1375807263,2938681.691822735,4954880.7604861995,1954602.543805255,2254854.4867190146,2807319.9440557268,2859764.8023570627,4188739.370573099,3898485.5934744733,2666757.982738141,2717015.5973333493,3468904.9886953076,2517132.6182291815,3912874.783457671,3269311.9869465544,1911093.9674852807,2365130.5294539775,2419009.5322289807,1858345.1293637336,2514642.389138533,1932122.6516890784,2630624.42903577,3204885.3739051362,2274771.884653287,3445433.10466248,3296500.412955653,3286863.1735470523,5942441.680240216,2863791.1551281684,2237257.627495899,3772544.2589548477,3858782.7349781124,2795464.7229530094,4163913.603655294,5665041.70410408,2477131.8788323384,2847745.269384426,2994724.26972538,4426774.9754443895,4651101.408157631,4167873.7072286895,4206566.5163395135,2956301.359511173,3557730.6228138153,2996009.2412838945,3006810.2300724136,2950755.6192731527,3464032.395670694
2044-07-01,2715552.070930124,2498577.9190830123,4149786.565101793,4035264.9142825934,2579235.8908556737,2763418.95526946,6329110.962761142,2562610.032324881,3022572.282230328,1877697.6334991301,3228316.495500712,3652774.077535337,3894133.5253278962,2686994.7631132808,4515419.764812209,4096304.752251135,3186742.690022689,2102594.9358390747,2552902.8692123904,2309613.9456070554,3936246.345744687,2260306.1308504245,4607841.193877557,1878928.9815606342,3571788.787203263,4124660.1662536147,3893487.5684282873,2954481.8624429116,1959077.08711269,3266945.087318447,4739647.687057794,2535420.7044789945,2385821.1716941856,5269746.184629251,3125753.68604471,2346432.0518154246,6916420.877359069,2757588.7213716106,4050184.2743258756,2516010.178214275,2851111.1662876303,4970782.076370426,4000312.427399082,2851004.885618202,3302993.7535410197,1555166.6278376302,3841124.8433961305,3336178.596100615,3202904.884484396,4991562.043114524,2168222.6735282294,4667311.221520521,2658194.433261737,2906597.6534808693,5019855.341130362,1945970.390853822,2262697.9839488217,2810962.8279977967,2813045.701283034,4139400.317625588,3872260.9566784715,2662199.8838742436,2760005.0010174825,3471559.366882704,2543402.56083567,3922819.0656451182,3304407.7763130274,1921399.960139498,2296490.480812188,2438422.1588127124,1866538.2132155476,2544987.409231411,1936838.5345927088,2658322.5331469285,3176480.7296038144,2270541.231783268,3523635.669955729,3297747.6921139588,3272224.400811191,6057054.572679022,2877654.901546421,2234972.28205299,3777964.282756463,3874764.283653939,2775364.3337771073,4218457.261667529,5594339.230121313,2479566.1222152505,2843382.5901168645,3031937.882887484,4412874.460581054,4631324.059939355,4120635.330446223,4177626.67117887,2984066.8570843046,3525652.1059874943,3029856.6680074367,2954224.1607682006,2960454.9927036157,3465476.7182497033
2044-08-01,2725129.763451707,2525083.967284897,4195669.1372493515,4006314.898680346,2599528.2648394043,2781153.7127700667,6350491.389222473,2558400.9815230123,3016914.670982309,1845749.3385487846,3248880.9975384995,3591876.709159925,3833800.5656299433,2669688.834450505,4548914.155585486,4154482.135263117,3173015.640996952,2134635.4469735157,2493421.7535663703,2330305.5006620656,4015420.4717846597,2247010.511281048,4618611.179365509,1893683.3980549567,3558827.2717723767,4134803.9464644045,3912848.3504382093,2962118.6596345776,1947058.0204220216,3188141.609458253,4671887.997008738,2485651.756222326,2382467.2231814624,5234338.558054155,3141269.0420170333,2342856.69414725,6930041.473097863,2747520.0166894854,4097481.6411151257,2545675.349497907,2897959.0760389143,4972975.5116953775,4031112.309360534,2847334.2331690993,3293136.0979596227,1566129.7294202412,3769115.3979503,3239547.304297172,3208159.351590271,5095972.143633144,2156478.850996859,4623789.334048374,2666082.267060782,2852868.9603483644,5094684.828213342,1922663.621404445,2269159.763352524,2799069.1766416174,2759631.584584237,4067742.3696434842,3844694.9605831527,2674245.1535420846,2790402.382256648,3533869.593980104,2569922.0105059138,3909467.930375509,3283132.5688511436,1926950.3081570787,2248648.76560748,2460065.293476136,1857642.3996205104,2582815.4364584065,1950731.6380344138,2710529.9484715373,3123196.7861808436,2269976.077747659,3540114.0923634316,3321978.874581648,3236619.9763935986,6121328.571602107,2890626.994654053,2236975.424033837,3780734.4623628072,3854776.762097477,2781056.3472764683,4266349.571130828,5517474.648647796,2482487.142659527,2836704.2860744963,3041747.4453450665,4383784.500256656,4608902.905189292,4130052.9630838614,4177157.220071541,3022134.615714773,3461390.0863450724,3070675.6498851078,2896956.58025991,2981638.0389451818,3471229.595823941
2044-09-01,2696111.5823187446,2557437.4172459133,4270243.270700562,3989945.7674646657,2630337.8652130566,2808635.2717422755,6401940.147378524,2588481.714964593,2999324.8930431404,1831280.8306601052,3279541.9948374913,3538128.1189478147,3847669.8675391064,2640137.190534202,4628171.012129501,4228797.39409034,3218910.481285411,2223844.4978970364,2448394.2163539003,2349944.069856132,4038707.53882482,2235197.7781569045,4660228.89734749,1878866.152877231,3619086.992746732,4169736.54153924,3928043.289785321,2982800.002003054,1961997.449988851,3132052.6129294964,4677375.236277448,2480604.211466417,2389102.2147532343,5271233.876376955,3206026.4873182033,2334488.202143565,6912829.969951779,2772325.03371221,4182223.99216386,2588407.0930699017,2923903.709343448,4908413.675098822,4104534.694493032,2838715.338223021,3340504.786588247,1578269.521893771,3716164.630406985,3175145.294937174,3239869.5656742766,5129141.432389336,2141912.321440208,4596795.328932009,2639502.166816544,2830837.7162506403,5090072.361865844,1921620.7628417495,2280508.285043686,2816691.132767345,2746029.393597277,4101280.6770965494,3853624.4461790416,2686579.2886030637,2804776.264554205,3591739.4028301667,2585932.7597972155,3948396.663749101,3321694.452568804,1949543.0121473542,2230750.5621484336,2482252.3913616473,1872175.7289015928,2612444.5528459745,1979508.172603209,2773225.093430481,3118281.916674581,2260027.731861343,3615873.6980866115,3343374.7958067805,3260315.0598179763,6195471.815734966,2920182.7400390804,2267365.8385063857,3767067.2351682177,3851596.9460103223,2823415.1642962527,4261514.210374841,5463939.503221272,2530182.3210775563,2820063.60170538,3012712.2924756855,4397980.508005805,4623122.328675074,4217421.629243005,4198656.614004507,3055527.2384235826,3477812.7985754586,3146700.0962717524,2891196.0608823854,3076295.204356917,3481433.7196013224
2044-10-01,2659548.2400154746,2592532.4041880206,4324962.891906739,3986456.986978487,2644442.170038206,2845623.322464219,6522815.197564673,2611382.904009825,3022818.5717542376,1806969.5537999556,3305590.7992790835,3526815.002196762,3869008.721863398,2611026.2230419223,4685097.707622095,4289622.059798513,3238725.1137668695,2299031.6893420173,2449419.18728191,2383442.163420835,3968805.589087377,2265951.6564659444,4676270.933451235,1854822.9425911228,3625366.693640615,4157913.630962634,3946738.035635628,3012723.1355900345,2006920.9775686546,3064200.789125997,4651521.977527863,2507130.968507945,2382977.7249494893,5296892.54436305,3193123.5531566916,2317823.063699621,6844565.87716148,2827908.619401262,4259515.095994219,2591172.0715040388,2942719.4336729296,4838139.481275686,4178467.5978332367,2871558.0956878266,3373782.1409926964,1587579.0203171885,3673518.5801328155,3154051.615194918,3245454.100431628,5113109.217615136,2141046.3017615825,4591928.81901184,2605168.0396025847,2806023.2319126637,5050926.136248302,1913852.0233953223,2317784.0838376447,2799748.550700596,2727885.6624294277,4145120.879373289,3877534.699187412,2727421.633429055,2794140.4035202293,3583278.4622401674,2591895.2551949164,3958262.270081261,3362517.060416732,1967344.7495353618,2206968.815600321,2503195.351590735,1884142.496112651,2622721.516865746,2017132.6419318276,2793678.897705286,3127360.6045900327,2240847.9470385476,3639342.0051738285,3389207.702583049,3327473.1727510653,6302302.43068013,2955506.8814500924,2284107.513047663,3795308.453217131,3760414.4845960196,2824298.8776284214,4253417.688207499,5477718.884465376,2557658.3367254348,2786666.9666362437,2987948.3129653586,4370240.062840181,4634383.515648328,4397609.330853237,4208101.719237473,3082145.8200027873,3485073.4984519947,3175990.711219105,2906514.177411643,3157200.5410397174,3511373.9316736753
2044-11-01,2603127.0406516967,2631954.331949114,4348497.699191134,3951351.5848857723,2634935.369356183,2855838.2869568323,6548680.493707612,2606249.870126328,3048967.0996679836,1790168.3930054056,3297589.284578134,3529034.3295527683,3930424.8046170236,2619499.0395742385,4728422.15535038,4311859.472657835,3263560.1678540763,2316004.6595521336,2444177.8731482127,2403837.822859426,3903156.225027212,2282164.0074304,4717570.170650632,1832172.9321864455,3636145.785037403,4154778.4185229684,3957199.069001009,3037429.530851064,2066288.068564065,3022243.2548238137,4661508.595512245,2546829.1114420337,2345880.5528398063,5266651.569769299,3189672.371738428,2280169.64216792,6783853.347995487,2870485.869355393,4250418.508413523,2628364.559459464,2965328.2432677806,4867497.1067344,4265272.58518553,2877263.7916652644,3396614.186707997,1608662.6942304792,3588614.7640356305,3152580.837155026,3220111.4777050656,5047991.455780028,2116496.780809115,4653947.083757434,2546711.7231216743,2779442.922953859,4944471.544033864,1917748.1744248217,2323244.0587043283,2794921.8035225533,2766654.110742299,4250600.473512079,3886549.8999986895,2697871.5459321532,2784605.8925317307,3578807.6839059643,2588584.0667818855,4001681.7527451375,3419062.3357400196,1997135.380249274,2192048.5918259374,2514772.512461831,1894047.1794022212,2609138.252351205,2037392.5190866718,2798952.296498719,3155847.4801989277,2222584.907785909,3708703.4509537774,3403469.964912092,3379387.082544839,6349868.130955968,2947242.7225860916,2289801.334823999,3805714.3234611987,3686548.704188319,2839747.950355584,4280267.864995246,5475571.501019051,2558583.4237685553,2733124.901797052,2997717.6751937503,4314543.450871645,4683775.253541956,4509326.28510602,4237069.442702843,3078922.7391877514,3480303.7413344006,3210245.123186044,2906615.685473493,3188135.3862198,3491959.511348429
2044-12-01,2596357.0696255243,2650018.8241581502,4414577.898018431,3963789.854988776,2630840.361373702,2853885.8081280407,6570327.622162054,2590863.3209697143,3095983.0901949657,1792815.0551193103,3255785.148631081,3571581.5419040835,4017631.6029482945,2645243.956345715,4733405.452950233,4373244.732970859,3289891.652982023,2313616.95378618,2452016.389311127,2402907.0262180343,3864611.6561318533,2273590.1007940085,4751810.129710152,1820525.64673309,3628961.7770375675,4136518.3549231812,3976775.9544226765,3059471.3386712633,2117765.6642081095,2970860.5565234195,4597480.852435457,2557777.327582815,2296159.237169837,5152840.575551888,3115805.44784145,2290102.92578857,6650495.633651433,2918908.994189067,4315652.260112039,2650149.5824642945,2990276.557136372,4957986.62728247,4306850.239576727,2894879.0401495374,3383658.204007423,1619849.2166078521,3568070.287955765,3152647.030607664,3226579.6082841763,5002993.580837779,2088806.0234833322,4741465.727487807,2514053.251066916,2789957.734758758,4952921.805333077,1890175.013360796,2344626.839615031,2769736.0175218508,2800551.8557121744,4283460.228871612,3840111.5310496776,2696560.517057128,2769628.2600005786,3549808.132038308,2592600.3805761184,4010526.5001141797,3491732.4752353504,2021970.099358002,2209197.891576368,2514093.6822661455,1891747.6712822989,2626048.601164858,2032767.9765710682,2796012.0363761713,3168707.827152688,2182742.2736965367,3718217.5628032857,3428062.8446452282,3430700.2099813092,6448203.767132372,2935475.517009322,2327779.8947418868,3859686.2830231655,3631178.322008585,2845343.65333647,4330914.047163921,5453374.303286902,2582566.9723531813,2683468.279568515,3008786.4954461437,4292778.280506385,4741587.950329632,4567336.605594476,4275326.374264344,3081584.391302837,3444157.593740487,3225119.7916857726,2910656.557523551,3211050.6913360674,3466401.7665059795
2045-01-01,2623703.3546007145,2666513.2374778274,4453914.904163095,3971398.8891669773,2636316.939375146,2808985.2893636487,6629730.036981475,2609744.0892437072,3168098.090951746,1823715.3034336213,3240833.4565176284,3588320.7169803,4070234.1399364467,2680726.409009222,4769141.725323804,4409824.368878846,3338341.4769788575,2303092.4058223055,2470377.4055304904,2437977.8396423543,3844492.476965385,2319617.5196263874,4802320.628733706,1814100.6904087479,3625253.2043714896,4127343.617256033,3984377.4943094836,3126222.611777563,2136898.024332923,2984405.2603889187,4578073.543726461,2562153.2510592574,2300663.343478421,5054345.345288867,3088882.7134885574,2292815.4498561616,6591396.218673821,2980783.768327233,4412375.677489013,2703377.375700769,3029177.354297732,5015780.939723997,4356344.32007546,2920176.200553023,3423457.7640851433,1634097.8772555937,3593677.2871424733,3152675.289706284,3231518.405480866,4989995.080161197,2074392.0696685351,4815057.707583373,2510542.8132049544,2837499.9307785267,5001357.623720177,1893967.7984301548,2407545.6763317822,2775588.6095121326,2878083.397590461,4307191.468051286,3810877.3576381984,2689108.6511710407,2774924.6603528317,3555731.219339442,2636428.5649352865,4045512.6894335393,3555586.8316203603,2056673.6034082412,2199631.9293956757,2529721.7349072234,1897635.0937369904,2642283.106331702,2007701.0701829263,2808667.7542672106,3228121.5986894383,2190275.058514755,3732180.8454093053,3415894.7338266987,3468133.1660208744,6565182.880197457,2972473.5297310394,2343916.598001549,3919425.942898364,3610945.1008599824,2845859.478884456,4349843.139071155,5459087.981558821,2602660.4169957917,2658283.2301403084,3012661.950098687,4301792.446345073,4820615.9238917595,4569446.112169387,4290113.276060722,3093607.577806927,3504059.2247089115,3256445.710059707,2880156.6591566107,3229220.7313310537,3482274.974753645
2045-02-01,2679024.4628701527,2690411.0879322314,4488098.043705619,3991816.689130596,2665857.5430866703,2800882.092039949,6720426.442647079,2661233.9387174654,3252261.066116658,1879582.5914592522,3232511.9718578346,3603230.13071826,4103123.494950944,2700121.8003098853,4856872.061075524,4496270.005870953,3393972.909894612,2344940.560990026,2514548.8164945724,2486699.566743079,3899582.4057669267,2317340.7991259783,4876460.339347821,1811817.8326743166,3642390.272359319,4128484.202642221,4022240.8985542045,3173462.380559858,2197061.7680339073,3000149.170322392,4552629.002520724,2574221.3153108433,2319530.914976672,5021892.817981863,3079572.6889528055,2328254.7364252,6575826.22821539,3067656.8818124025,4537740.081243843,2779499.6303838263,3025891.7702992246,5102103.522891827,4415641.4958275035,2972825.955210373,3490561.7175232475,1651638.4475072643,3657317.4860282624,3176264.2742461213,3263508.6435264726,5053249.22807497,2080575.7138421084,4850379.233499088,2521360.627849881,2922490.565533981,5169574.287402369,1890218.3032386492,2504249.8332874994,2793129.117851883,2938126.5164309754,4298604.711004937,3796942.4084225483,2663839.6348124235,2796394.820807463,3590837.007081297,2701457.4176818654,4093377.818042494,3614761.3587763566,2094761.1576212111,2197964.391377572,2557935.7196903764,1891214.6480361978,2681065.634118493,1985787.693170144,2874902.284592328,3305486.6714925477,2198471.4995821556,3759925.6093788715,3435909.785924329,3496466.623891639,6696216.834509922,3035875.916053084,2375715.568165637,4007164.654449164,3644565.5089144045,2874151.4065234866,4396631.302396477,5497527.831786301,2643974.546348385,2647937.533108099,3003227.47836067,4353436.361353344,4942510.266695867,4564112.689398466,4269724.57966995,3087973.215994092,3552438.2208068175,3282120.919599109,2883510.9097653464,3272671.078278914,3548146.0770714767
2045-03-01,2680814.3188897152,2688626.6083113835,4511503.213663016,3968189.8510536742,2663225.890804546,2783093.579143954,6846249.688528306,2673231.248944185,3292551.212514566,1903691.4020004484,3239559.005747616,3587972.4816647763,4082760.1899901074,2721462.6030790224,4920943.892216005,4490293.0438707275,3474792.4248882993,2373508.5991446376,2529106.3785480103,2537104.2990531554,3982835.450781074,2327252.2624624246,4900181.061254974,1812661.8506169056,3653148.4786454043,4108703.3670994053,4009150.5481537953,3204328.6341803004,2236067.9240863305,2988177.842708614,4519968.9261596445,2598461.006377442,2351507.864901555,4927955.354131373,3061774.205371016,2356902.708036953,6564383.855295648,3118346.5162225473,4595693.56229771,2847215.929674676,3010027.437552191,5108508.746421411,4462166.611591301,3026641.758337728,3533023.5695870817,1693107.999309131,3676418.423172497,3206429.9863816844,3229316.838804237,5063876.0443808,2099618.464595258,4869222.013603667,2534101.288270467,2967244.762195982,5258533.542884065,1894439.572270922,2582832.1161916615,2790329.4796115896,3017015.1223207503,4285986.379945705,3798089.5459989747,2676441.8202573443,2808153.140297483,3609791.1455632886,2733479.9208465777,4073006.7529199803,3655854.1592720505,2102186.00523621,2179090.3675379986,2581414.38639485,1854600.8223120635,2679215.3695555623,1960824.4823367575,2900328.7614724613,3340441.960513649,2223472.48613695,3743795.31511142,3451292.1471913895,3507292.825211952,6717221.679281048,3103461.782656345,2382333.7810874423,4059459.178895249,3663077.164422297,2876513.322367077,4415577.99092113,5439643.59603931,2665595.305031016,2628521.9750985294,2986387.0601639724,4367517.2776536,5002023.305023827,4570450.077722481,4200511.600062915,3052911.8172048214,3622837.538081754,3304593.974979427,2892197.2700435678,3287834.590335406,3597468.8358262926
2045-04-01,2722461.5806321595,2703634.5387300327,4531109.845017154,3964270.378734861,2618669.7977898302,2816743.0344921933,6943013.153326003,2680327.73551024,3296594.355778474,1905135.1869746915,3231698.65838479,3620465.557539723,4102465.2434797883,2775453.7497450016,5025913.068182121,4546597.861503509,3495263.3901695423,2445188.40120732,2539303.078286568,2574525.4947112156,4123016.4236273468,2369590.269031305,4994586.236047247,1803515.6673908643,3684854.4210717916,4149901.7240887107,4047395.315105277,3226792.9033320877,2270395.0939925043,2991055.1681280127,4573221.591793449,2641512.09973385,2360113.186523995,4880499.966413594,3078327.8933534385,2386077.9480148614,6533456.304920226,3171694.5479237796,4625960.462392628,2888170.181482078,3011910.004977862,5094946.066032236,4478553.611706732,3067596.259184233,3589316.8788094497,1738165.8188816092,3686026.8205092885,3220171.136836188,3234643.7649879972,5000288.44006416,2095086.4446282748,4946321.9630699,2550478.2981065214,2983693.569251421,5275034.770217373,1897201.4348686847,2641012.8734840387,2799014.718304929,3048481.080967486,4278116.602269129,3854409.7490283963,2671500.0453947987,2812647.15059035,3667684.500356993,2781039.247374761,4047274.9381950605,3720987.1946304943,2118054.221957505,2211222.5381398248,2584123.3547785296,1828041.885510377,2694793.8746905727,1954080.3366844407,2915976.15110591,3434167.2739351033,2257580.849466478,3805086.0698136333,3466507.042816602,3514867.429852386,6804380.733220146,3155666.4530190416,2378251.166731924,4111474.3010721775,3674518.661908825,2909294.934984629,4487659.396961417,5392062.585680137,2694511.4850156084,2623802.1156432456,2997941.980001537,4391777.75448962,5086360.408899392,4696397.338061267,4165237.908261684,3032689.457782486,3637863.514369344,3311174.2450612984,2922511.7235239455,3347180.9581437907,3650782.5793752125
2045-05-01,2764682.594367127,2736504.281625997,4589728.578590541,4013597.70641157,2627646.8733342285,2842783.496972933,7006931.159287131,2711819.1188219483,3309113.0471584853,1907205.1673621258,3231136.719760207,3628982.5828878134,4111562.250913993,2793638.233843514,5081930.548217651,4595221.419089668,3532212.272338326,2498952.9196589715,2578016.7365987394,2571468.8067057882,4216824.868890054,2397997.1657114285,5090346.15625807,1816984.230982194,3681949.3393368665,4174729.338761296,4103084.0559793147,3221633.4261286287,2304672.879265057,2969377.8803541865,4621365.202426648,2662539.0202681185,2404252.057771126,4843527.452273831,3126234.505267832,2400415.4708998115,6558205.320042543,3236959.3553255466,4641193.687518434,2928096.191776639,2978699.8831194416,5093578.917930144,4480290.163429291,3092671.2028079354,3604333.095364537,1775755.8493927745,3711237.2993324935,3229002.7374260817,3282107.337807687,4972979.256793799,2111059.258494195,5004451.161462272,2564823.975576829,3012660.858656489,5328656.712547459,1857385.1998967307,2700699.7284490108,2821335.0137626873,3086785.9319095723,4273813.6726280525,3845883.1508829887,2682383.0847431957,2840370.807932423,3751506.776606629,2798184.8270265483,4035150.5301691866,3742895.4808544815,2130063.8357458203,2240033.077505735,2618795.4539219085,1825428.6201590055,2693592.364532415,1962635.3268188229,2945851.3826765483,3509233.114450022,2293949.087610485,3846967.1524386643,3494494.2775845174,3556887.86505797,6907677.119169307,3210097.8972599646,2366849.126245411,4175101.855569398,3723182.375917951,2938484.724695753,4574951.913871455,5388788.173496877,2725720.6302769366,2659939.4619356883,3018683.3252938883,4386805.937480834,5088213.966226309,4874748.669776789,4177394.989824463,3065023.9112854707,3637973.1244457304,3335669.403390228,2967628.132650029,3347850.0430733897,3695117.1255920143
2045-06-01,2784739.762810096,2725108.4439571183,4626236.719270977,4028481.0513051525,2660354.3354324377,2882213.838408144,6974544.526107852,2669338.0420050863,3280318.768536157,1920603.085938999,3252758.7150007603,3640658.417361834,4076159.4623692846,2794917.0000839736,5127288.317296108,4595449.806451231,3550941.795991549,2516217.028228952,2620765.142091724,2556564.6704983334,4268434.864565203,2398807.7242005444,5090364.61423882,1829990.758917359,3663646.9798017177,4191608.7091434295,4224525.436439513,3202218.111905751,2352162.1381290928,2956370.6978476895,4672751.605536229,2676265.982382119,2444516.3963150466,4815788.8680274,3161555.8970480966,2402400.1644171854,6551541.353956573,3294292.467439179,4627794.632586981,2942902.3131974167,2963185.4822526346,5072009.463141293,4447209.780907672,3074635.2672413285,3606221.9391736435,1797425.7190324087,3657908.317497527,3214289.5011122306,3321550.557713259,4973138.307268973,2103655.505374658,5045175.437967638,2592822.6811840967,3002880.231016487,5328442.829097311,1836067.773743471,2750352.7645896724,2799545.03263133,3126020.8816589504,4187301.3160468913,3820837.52331222,2693966.78858066,2840643.7595312805,3811878.0765988734,2784145.142727985,4019282.0289380844,3764704.8618940553,2132131.4937614365,2243159.6407462903,2633991.8227197495,1816118.6931203692,2692848.7524295645,1943304.1779397638,2957220.786145886,3593116.517651604,2321300.923101806,3827140.2519487995,3474558.15257569,3612015.3812636645,6973742.518099596,3229764.942629248,2350098.174304856,4195758.701576443,3733489.676468447,3002603.0511280764,4657874.264779118,5427008.87926494,2764712.893910658,2669628.103405414,3047287.108734553,4326231.684173571,5002297.034020708,5072644.013665466,4135224.2234627465,3099962.769650541,3635589.598679423,3327463.7673618435,2981431.044093975,3369105.8755151224,3700631.6199492863
2045-07-01,2774131.6394352885,2718052.654015537,4635067.643225643,3995204.6606369675,2683066.5536913616,2886645.6256578346,6941606.501003842,2627675.923909566,3276613.594279483,1917078.126777733,3270275.8715046174,3615077.758827154,4066860.9975495576,2745597.203621132,5101873.632141407,4599443.009014555,3554862.765111562,2499668.706450409,2631293.733102658,2518153.1393948034,4297651.046604289,2389544.7368693054,5068059.110601334,1853940.9725533738,3580004.681780309,4194088.321649812,4281809.364314178,3175857.8357057115,2394531.0738554187,2966581.2614402818,4644698.063306453,2689624.368968842,2494406.1438835375,4739472.314695639,3167355.892866405,2397939.589933073,6519299.44465664,3342205.5223449827,4602035.728041633,2975240.1881813095,2888658.407298882,5053509.976931076,4440769.755736791,3043531.272440365,3594800.121862768,1817953.2708079785,3634933.987265109,3156798.1598151834,3312225.4690274373,5007202.188892985,2092176.205578483,4959336.009163475,2567666.332371224,3028902.4704700178,5353223.589176447,1833348.5503363514,2755727.855724665,2821328.2974488596,3132424.768383977,4142312.819277413,3786240.064331136,2670800.3250529594,2836742.5651401905,3824401.6008047946,2758703.023491849,4001939.1732244124,3711620.1174256704,2134085.2308427175,2241596.263322259,2627303.448943308,1823490.569288916,2663618.4018990747,1944361.489600136,2929174.8196140365,3596915.855759735,2330867.722066094,3833083.698776781,3472872.8104380146,3640699.3691637674,7006144.746212032,3210869.317082993,2310082.9834677745,4140254.5432408773,3746412.392194426,3044407.8224051823,4731258.67844158,5408343.33748999,2779314.169647898,2647576.1790875974,3045591.0251063225,4247963.386328651,4918184.316542844,5209170.419212409,4058906.2670749626,3163836.0387987797,3641872.109686081,3311986.966476184,2992187.5304279514,3338787.0550789195,3718160.6234105513
2045-08-01,2787161.01621212,2695161.5521639683,4606642.084965568,3988161.9806508753,2653547.685185467,2883741.8505833563,6882741.445188508,2573977.4039908657,3253413.6940209875,1897977.1770041634,3227700.4343031836,3604957.797368803,4083943.994048515,2735146.696388203,5135062.845619804,4675119.7292414205,3539160.9031948606,2498110.76836216,2600992.4920340898,2512955.352253447,4335745.192456595,2362349.9080130747,5005589.877941965,1865017.2254004632,3600195.791895279,4240723.36430494,4306213.422918569,3166835.551679975,2406853.6430139127,3034261.55103951,4690762.380089292,2700283.9158203,2498263.956361616,4783468.695640052,3185720.2612512866,2414195.473912127,6572362.336998289,3355626.3396299314,4654261.661979133,3038024.1897655437,2850006.5405672546,5123633.3813245995,4450590.2283543255,3036371.523042176,3622650.8092991137,1821061.1512574847,3616251.076916474,3119185.142852662,3274616.5952715133,5071424.889389576,2062475.228915753,4896024.272313862,2533377.130852574,3032861.597175165,5308821.694344948,1829299.9022926474,2779582.076734143,2811680.7996932333,3125612.1316082957,4199105.615039612,3864200.9521938935,2681950.2353226906,2881586.8420034647,3776716.1105528735,2754804.985555671,3972034.3482542615,3684102.255045121,2142804.5117943306,2251235.2815466914,2582413.9710484426,1822470.6652252947,2618935.063636153,1924323.0946493512,2899519.4476913135,3648398.0177306007,2329068.7527472447,3791883.1930956016,3476516.698018862,3625443.5456624636,7049775.132859157,3172537.466716231,2294825.172970325,4098701.8025908335,3700800.2953023496,3095711.5050608884,4735903.105103317,5454267.412921195,2790427.181407759,2654026.05296279,3047630.415549101,4170602.126750657,4835504.5190718975,5267584.52939672,4030127.439232473,3191843.639353213,3641588.3427338046,3307743.7154309233,3015818.858562348,3317632.5048104054,3718285.091158597
2045-09-01,2815299.13044242,2699917.505044298,4592149.707748994,3996506.1626066775,2631836.123343773,2870165.8709199703,6885591.576220596,2559891.5425466066,3246707.370114299,1882908.3624710012,3184444.97057884,3602624.7220491525,4155774.85575343,2695191.394642322,5119272.244718255,4755161.191460476,3549082.5008163704,2507922.0284952642,2580345.5842015594,2541148.3187278137,4334214.090646412,2367404.6864187564,4966123.706373304,1872576.7242365198,3658476.833084913,4247442.153458585,4376933.549399023,3169643.1013429128,2441732.922474774,3156457.050363652,4742680.818158422,2720471.5344616827,2510418.3006977323,4830703.755653309,3262423.8233476444,2443590.46360047,6641211.746608663,3404076.373771177,4707136.481150403,3104234.5416704486,2824760.456566277,5128965.416274284,4489171.567419137,3046169.482789828,3672200.536143049,1834701.142756137,3680564.4829804767,3080036.477104383,3333341.722400904,5104542.532067651,2050428.2479765255,4857499.005088095,2516911.265743313,3079722.5920982775,5274906.113736565,1842745.263322372,2787410.956184054,2839673.6738090757,3132417.186634613,4289022.236217872,3996756.773059239,2724228.9895627894,2897379.5347040948,3751538.926505365,2752150.0729216207,3959452.7001683214,3700829.3175410586,2167829.4578003124,2272519.6276242323,2564458.201569736,1863305.2389826705,2573265.1578569803,1922991.8483049439,2874766.8220561417,3675490.321868339,2314595.805451624,3772741.014895458,3496003.147620877,3583004.0368282143,7118319.124262007,3150903.70976598,2295573.7493435433,4083479.0738687487,3721287.5658337967,3145927.40929962,4728124.728912977,5519555.109604352,2796918.39265345,2679632.2146634324,3054888.7227613223,4143407.5056938548,4786514.708460488,5277183.810816053,4048281.897315164,3213975.8435768187,3614099.4643195863,3303264.686652002,3081633.4340982474,3324506.252202257,3724936.4556573546
2045-10-01,2848695.917760208,2736525.821818333,4605881.737100275,4071878.280114107,2660799.8956280234,2872638.468195143,6857199.188564105,2555674.967525947,3257855.402158953,1861350.8563052642,3105873.657546893,3640768.2661274364,4180776.80509226,2673610.7554387925,5080586.717838747,4817469.672801175,3570686.7629099903,2528362.547081198,2514724.2786817444,2557142.094512269,4320331.45972615,2339065.8696427066,4933280.328923412,1884907.6018418276,3712817.548710776,4258296.282588912,4438405.976574619,3153793.361973786,2497883.592464568,3245025.7718751743,4740492.936217604,2754289.227702304,2535532.040676352,4891945.477758263,3282403.860080052,2446417.935383495,6787983.858269692,3444895.465877049,4753555.745845086,3131991.1234320616,2780518.791760147,5190323.888255796,4532986.448682244,3042438.657028431,3703507.411063472,1847953.2235948448,3724043.52398111,3082858.8382128463,3365592.1551290173,5085439.192337055,2039550.2110969932,4791552.100295218,2532164.0483726724,3110834.1944132834,5261892.750881426,1861270.6437244324,2815204.827838798,2831769.3829848785,3182990.4626133954,4328428.748266792,4131237.008536664,2783890.3682887424,2873968.0485707293,3700389.1440854785,2807307.4584579105,3969508.614649221,3742889.4355704044,2187292.3386533144,2279094.8291590535,2536231.1205669697,1886884.3961200658,2519714.9959236532,1938351.2542267775,2834508.5641052257,3759488.734305358,2355998.718849571,3737505.1540145995,3484334.1719265287,3569660.4507977455,7172232.893398304,3154015.855326832,2300156.9765315237,4114389.8080407255,3729486.2261162433,3152655.7758518145,4714805.637958941,5577886.85267111,2816032.788293196,2675624.4052475053,3117825.4108920023,4097749.8772533517,4802598.797387274,5377592.094751116,4112820.9269058164,3211006.4289542055,3605103.8016605745,3298063.1518119434,3147310.357173921,3325990.763721224,3749913.6954662325
2045-11-01,2843896.281307303,2747805.5406543566,4552800.14161039,4153784.830851038,2692474.863434954,2846708.549499521,6831697.312137495,2565673.6125254715,3270108.056569282,1861987.0122933043,3064463.9839851726,3650996.7283557467,4159426.216488867,2631160.4870677344,5026749.263295785,4835300.729296063,3573553.444459071,2546285.1188366245,2469225.1975708613,2579532.800030189,4343268.832638402,2339807.5034741126,4913248.185106514,1897926.7933097521,3709468.2151560364,4294661.660698072,4515273.627703367,3105166.7355838194,2577311.0316259335,3260669.9231954967,4761269.924219806,2778777.0406288295,2550086.0423181327,4901843.811472826,3319137.6961007575,2440049.9239384397,6924603.381316538,3500603.1913441415,4766003.9056021,3118656.238337663,2724866.4781747567,5259038.327757758,4590792.155805916,3023742.852073752,3698397.2002484887,1839090.6096036443,3740873.867620644,3108905.967607475,3393580.2782076453,5014884.336683727,2083125.6640274122,4776340.651779256,2556158.6861395263,3139763.17442954,5229004.902252144,1869353.2345245818,2817094.32501205,2834616.0528070526,3200962.2768614814,4325413.020519029,4156332.961769263,2790942.7402892075,2813419.731635983,3679968.072497106,2866331.530611101,3975318.072536776,3784761.6513655446,2192389.815683409,2255764.6253701514,2530771.942638914,1903246.3844392162,2460519.3215619787,1916990.3934354358,2819518.966109978,3783001.9626889788,2394877.809938529,3684987.555748333,3408733.6194393067,3519898.848816932,7174058.175639556,3158914.4942556797,2326013.100022823,4158922.4441393274,3736620.2979379348,3143654.698561187,4749739.317796437,5538290.829992081,2830744.6799266874,2677269.1443432732,3151700.6109780497,4089482.279446571,4810239.313129116,5475350.558499771,4104430.0016971095,3199082.2474164646,3591722.6162399556,3277522.9169345926,3192254.4779657433,3319444.3476488153,3738943.6606057687
2045-12-01,2806373.777494512,2750031.7230091398,4613981.966103311,4233138.544915851,2738126.8913028724,2832593.2110538525,6827890.183163519,2561234.2955230614,3280943.743025089,1888798.8361150254,3051263.7441618256,3673453.1363948155,4139707.698125801,2663454.605283684,5006237.82243437,4885076.26869799,3579952.556820806,2548247.031898916,2456984.7287611784,2589439.132242107,4386954.287325684,2342550.0025944025,4925319.923738645,1906810.5939185899,3715201.435622121,4304320.405217276,4575854.7580272695,3063362.4179914217,2632340.1356453206,3258650.9388121865,4798678.772660551,2832668.464105875,2561102.327696,4916838.12509759,3333714.9984573806,2432416.711073801,6985667.858465538,3550951.1262857853,4786085.344299546,3103975.8048014627,2722780.0520726647,5375917.352708133,4582547.648766833,2976055.1837829235,3691832.358945765,1839720.660317814,3762664.650587845,3147979.2078672657,3448216.7244911743,5025814.893611382,2150952.9298918876,4663578.202993538,2516224.456653429,3164496.475606836,5212066.097382153,1871395.3115953456,2818342.3839456565,2835839.1969699287,3201101.2179115782,4309025.781953961,4138919.3240470607,2795036.924513333,2825106.499901673,3653444.3416420408,2912730.4005688345,3986148.7069178214,3792260.640826613,2179854.3917896156,2246321.1450012946,2529943.1860150252,1907252.4414623927,2426179.500362374,1941149.8590785575,2801840.684727654,3841973.0956421494,2407580.7812905796,3661271.1181435357,3377516.5851388047,3542747.7104912787,7316353.974850574,3164652.4757187655,2363930.0853852862,4213602.03040721,3754226.2185098436,3135544.9099355177,4818623.40074057,5578865.1367579745,2832780.6123442505,2665669.8831171077,3191168.648089465,4042833.9517871886,4847806.074618631,5537796.734438584,4134521.1909198617,3195692.538272972,3597796.3901505335,3271035.697506324,3218152.2588786115,3330701.2595160645,3738515.2987014735
2046-01-01,2838471.5575746414,2760046.8274965542,4611044.578410216,4351224.155372025,2762120.2795719774,2830754.4008799847,6879945.815511109,2610554.5539814606,3322383.924865981,1939259.825327762,3058505.56191771,3680587.426535602,4186665.8308553305,2680865.6853127945,4968492.077030867,4883172.777250088,3574646.5703993556,2555188.8621769403,2500539.2903481494,2608589.3889754023,4533424.428191766,2372740.142318288,4991717.923587385,1928886.613835431,3695480.8401020975,4313310.524746862,4699062.65492003,3039967.0063755233,2670128.3981380793,3324555.101257265,4911215.279057537,2894054.2572208764,2592282.2916619964,4946937.961327531,3342156.357462104,2438545.818963481,7074942.1535987,3613388.8404791816,4845457.767032975,3138275.346200667,2759364.868706974,5506957.729068018,4538522.930098733,2993018.0134787015,3728291.8605414117,1843248.2655760979,3807299.884274242,3211671.183571645,3496342.700422133,5073094.208701027,2230130.053826712,4617609.50330777,2479668.2944292612,3215622.516764246,5235272.506529015,1885033.088446343,2845534.2397400253,2838220.318013748,3239893.8908195356,4335981.070021921,4108572.807732661,2783441.440720213,2813024.6030020015,3635354.1405972103,2949776.7784012607,3994159.7912353715,3808249.4934461587,2209276.292310395,2254447.0748785324,2556879.8729182826,1920213.684418768,2420451.31933326,1948658.6244960246,2833843.456411135,3862076.1977970796,2420451.626576719,3611554.2171378033,3374352.931082113,3558746.963328258,7440238.521164702,3193159.8483265606,2391652.713816192,4222952.304958251,3798110.2115233922,3171856.5502183014,4945567.502270892,5604467.893604708,2845470.7940243115,2670205.153865097,3226101.5660758005,4090900.7302550254,4880995.036480383,5637593.409180686,4148137.0119297234,3215603.6373957256,3587443.6234368277,3293507.4786442956,3274986.4493173044,3304335.5165886953,3731953.0741999014
2046-02-01,2854119.206133925,2778202.538417474,4647902.498531108,4441576.772207674,2765312.3078963445,2910714.4623387544,6961114.295357967,2659662.921295634,3368751.058641459,1988284.5686411178,3092045.6585769267,3745274.3459810177,4211847.668174964,2726987.370794306,5014868.69234079,4854254.052142504,3591683.642544826,2608344.545494627,2583396.7253262824,2650734.966112656,4763442.590996518,2418780.8088727775,5045823.048745851,1953475.4918813077,3693006.624983353,4347552.655214904,4845397.87456374,3078074.422296301,2696599.7107680845,3418325.5102640274,4985987.962053314,2955559.272106177,2621582.275733811,4945113.07297813,3362804.9598071063,2458255.4756266116,7114051.784780086,3686047.6349874428,4931551.014257625,3222792.926300884,2831327.174103705,5605035.011763495,4541424.877214983,3018555.705541726,3792946.2817430883,1850885.5995142262,3889938.7303682985,3273274.4193141945,3544810.4422952547,5185822.969200316,2293520.1077862633,4608243.004596275,2490856.6717485026,3277963.067445011,5314217.736091541,1891408.7818637057,2891003.2469516085,2816960.360976001,3313881.488482427,4396804.826169207,4140149.6685930965,2799132.2974196407,2803313.0725719803,3648524.338917939,2948966.1744844597,4023819.779293533,3831802.9721087497,2273162.1244621384,2291909.489566253,2582226.2461743355,1956886.965966481,2428714.534658644,1955650.1542962482,2854955.359811169,3917690.90778627,2443623.308422244,3612971.93184189,3405973.2810262474,3568101.1759585035,7554093.387827001,3244086.244187686,2428572.2113990863,4296304.779910558,3862805.55382783,3245942.7274511512,5019544.868628341,5779361.229760405,2864258.244266333,2705110.757683712,3296492.7666288214,4175514.8670555567,4903421.173863758,5699089.925777748,4139343.5610468145,3242346.925723469,3627203.8093433827,3322844.5259668548,3326014.5457547046,3287841.1413976853,3764836.716070605
2046-03-01,2842533.7027205345,2796582.8737372793,4689023.78257489,4450717.549117505,2773812.1134379916,2927501.3354671975,6937007.513394988,2662234.496974293,3409703.4856702774,2026955.422058743,3099706.4017275693,3748964.26118505,4154131.89300831,2746225.7937962012,5027448.780643309,4805089.388275566,3595460.236181224,2629062.90175709,2623223.78828319,2659666.862407793,4933471.399110131,2456947.420046211,5092341.254900643,1966891.0598707774,3743451.6185413674,4412301.06856859,4953382.687946436,3084705.141365243,2752347.3227570574,3576055.828921923,5032291.098395799,3018876.271366511,2641490.661007907,4939311.861075846,3357724.459266829,2471678.4735581265,7136065.007042199,3722317.094054039,4983981.287608714,3266323.5288152304,2877016.4311629953,5655549.991281805,4561550.759804709,3023823.628542583,3758615.5039994414,1870726.8810000557,3920843.8896867326,3281597.9779512864,3552539.471129755,5241975.967539647,2343698.378802598,4605026.312556093,2506429.3909346876,3315183.9398008673,5423908.927710952,1891386.7056333078,2910054.0672635417,2820174.880925846,3375255.403537768,4426303.909234011,4182130.374357882,2836314.020419937,2816453.638074332,3628065.113247378,2930433.955470636,4006931.0605198573,3838978.769165575,2337176.8804272637,2320747.448299472,2553868.867974026,1963481.313235542,2470155.1747951824,1945068.947195317,2891842.4604627495,3950698.4368683593,2464842.5649111695,3581113.415799454,3450232.219711006,3562224.945705096,7614516.598057107,3263336.1141212382,2442061.5454634386,4350518.789388249,3884967.275177604,3271572.7069139597,5147663.168767083,5746327.46325125,2883468.9466180466,2718860.222602149,3349935.184785674,4233273.105641112,4908496.120960359,5683756.294715846,4217248.803468722,3282965.0952396,3603933.223681244,3354597.2906922083,3350648.390723826,3275685.524011813,3844059.568558386
2046-04-01,2829241.2344131293,2793360.2235730276,4776455.556088646,4494107.729354147,2785946.566823375,2939508.953990572,7022071.824295036,2669918.738080612,3424247.519129434,2032018.0324044563,3082991.102656667,3740426.705412668,4157971.64561338,2775254.912945689,5048907.339091851,4792687.083497687,3622771.727806357,2672011.825577314,2633612.085431643,2684281.9628641494,5070816.451678954,2458431.2811393095,5088603.863548299,1984953.8811830059,3787950.250361418,4479335.842101455,5090906.904438558,3086336.7079915786,2797017.0291229216,3797761.9622890092,5065219.861677934,3100573.193061393,2660484.4108392056,5026003.554486863,3369516.75593258,2500633.969191687,7141386.845324072,3780734.039575843,4996636.748339583,3282049.429403557,2897272.765662874,5675919.686072811,4557680.050626721,3095040.2371696974,3773738.4735568045,1874586.19628221,3936463.762201977,3285643.761288741,3555007.7018310092,5279611.951674388,2374694.887315142,4592439.302624101,2568781.608069627,3369572.9731307235,5582567.833695083,1897702.7249479247,2968106.1344570653,2821345.1539858994,3430110.349306754,4435197.157277652,4230774.626671091,2863863.384823488,2820743.9203093946,3692736.70517143,2969839.9768145825,4009946.844997435,3804274.3367402526,2385797.646074158,2355976.720631148,2511490.451103477,1968422.7348958706,2501101.4957062597,1932058.7017297042,2886748.927559528,4026833.83087348,2465674.4221653086,3559202.8734732675,3492874.4448370454,3618772.189150257,7650137.239329423,3323100.0656023873,2479554.718522458,4430308.390050748,3925517.0238968413,3305326.9145436552,5265647.358894651,5739959.092583759,2897291.93598461,2737140.878425838,3420752.545156544,4263683.019424775,4894656.282208818,5626331.614636942,4323009.732370528,3293757.3205528455,3613364.5149732437,3385225.415706202,3383639.8016879978,3271078.7115238598,3878260.849851748
2046-05-01,2856406.9977646107,2784598.2405590992,4864942.230212288,4487714.979525204,2818567.931163113,2922760.5858501066,7098475.00129911,2721474.199612983,3500580.405287343,2042119.4145112913,3086577.5636709835,3712522.7649636515,4157145.224483899,2806208.1461086427,5108112.599638003,4820845.496355702,3654102.3015213627,2676164.661980441,2642912.4228175376,2708186.8135765437,5151284.58652347,2521665.1981687173,5141786.289409054,2010659.0227102838,3857293.3684435803,4526995.233235193,5226917.868479048,3074041.067019349,2848118.3590215817,4004637.3725296305,5133180.129710876,3162626.934788716,2695747.449198626,5080728.960662021,3323468.340486543,2543505.7170772078,7156209.700718333,3839680.2553387284,5012467.903998577,3275079.2272913866,2928383.61020033,5694439.897406114,4590769.740093775,3135302.0585420434,3815165.905153459,1900395.749352027,3938291.08368993,3292514.5747419572,3616159.2053856724,5283193.67392469,2399837.4236923773,4606162.995097709,2589811.505744571,3429355.373018059,5621108.679581326,1908804.6432798107,3019748.527552955,2836708.130501339,3490397.7043846687,4384195.784441918,4307868.449013673,2886050.9903563936,2859797.485886742,3704553.583062391,3004300.2438479424,4092987.1234785677,3864292.7379813204,2426942.3221667614,2351705.0367428674,2484490.2368054413,1986543.578202909,2528490.4004678205,1928721.0567620548,2913196.5145214275,4108717.855697916,2472807.5321809566,3590717.2542980756,3527117.4471275904,3676981.1296668905,7665873.647254501,3356378.2392181717,2522756.1795233036,4450055.070836813,3958211.1867085113,3378778.929895741,5360767.675830709,5723016.865371119,2921904.2325022444,2789306.9161052224,3458750.6747824764,4355712.11903434,4977271.276935351,5547344.573566573,4461474.122524635,3290034.309606158,3661118.5987964375,3415183.0810570177,3446192.779051214,3311876.815224652,3883137.070835767
2046-06-01,2869924.9723017938,2786193.1610664297,4884968.81332549,4471466.830019498,2821862.0029738983,2939527.925578532,7175726.08929749,2724267.03658986,3554772.0675955373,2026069.2125755094,3016451.4605466574,3713703.0858276975,4172420.800575593,2782217.8168767537,5205196.73332354,4749987.086269446,3663832.297374172,2682573.6648806934,2632782.4869873584,2695860.3898671726,5229916.53037879,2514443.968950743,5184291.231547087,2037346.0471837835,3883517.8901150487,4552147.1350092795,5344554.209444775,3050739.1235465826,2855822.363957839,4070301.996364229,5229010.771800143,3228696.74452644,2735226.6617608666,5114236.976689212,3313401.2442543013,2582477.8149954765,7099067.686648237,3870658.7300973115,4966599.213493695,3263995.467807443,2905991.7083238945,5737122.320028945,4647755.749863721,3150018.7627529604,3868641.300668506,1904679.2880575473,3962696.0660677105,3303056.8152648984,3605414.902268466,5197892.279760027,2427166.3369919453,4608090.032244557,2602715.0488213487,3536617.968727334,5623579.92987516,1888152.4206664024,3092006.7744371146,2810477.5358343883,3521146.7141748816,4341934.766749531,4327266.57111031,2871780.533260412,2869127.265202042,3653734.2791285324,3023651.7753132433,4177084.9945730423,3899125.0163792134,2443657.8031211076,2315943.5601158673,2462181.1278724736,2002917.2001709077,2492709.1769586983,1942899.1551055212,2893028.0460000965,4193078.5054335715,2465442.240143532,3647605.6805276102,3513578.8609689,3654876.978760571,7685173.686010315,3376998.0919674016,2530751.4763850914,4454825.463083661,4010781.89368138,3451343.0203592866,5376850.1507838275,5679640.0902819,2919522.584607772,2806354.97534336,3450509.2736427183,4360963.82407863,5026355.506036508,5535344.851076328,4514890.245881274,3273260.527410438,3664194.630566139,3414170.900742816,3522951.5737035996,3364889.657834388,3833628.0154303424
2046-07-01,2879144.3802603134,2788435.6604888113,4881950.193485112,4478908.6190059865,2830019.465650651,2950695.201690223,7222643.168868835,2709267.325593972,3612211.825117734,2010913.2742904609,3002205.3095885827,3697235.521078568,4106293.2232397865,2792349.820332035,5339301.286386644,4745423.602946855,3612296.2104011434,2677343.726754264,2645708.4109268393,2662251.172750601,5402587.066860286,2489889.3164465553,5171376.71361672,2050109.0524888074,3913110.92583962,4543153.798060649,5421703.202890791,3027059.8310988513,2842674.9620796274,4080267.70526726,5327646.624007833,3266160.0631774035,2773840.337283391,5080760.033903699,3310102.3117095837,2622753.925199808,6969166.865119214,3891712.9651822355,4872413.616695061,3238422.040744101,2871220.6102639493,5790152.25253067,4669349.578797902,3176758.879368228,3882075.042983783,1900611.571354344,3992417.562873633,3331558.8053996437,3572423.1808106806,5170312.246249967,2459725.056781701,4602609.611585905,2591809.8223833297,3648870.3753563063,5614412.84129633,1874491.9807919986,3115107.8945846977,2801981.3542201524,3561820.2299214276,4278305.216585664,4264773.756964268,2877192.598675424,2909249.047854965,3633938.4538370855,2976019.959651297,4178457.9850648083,3966712.6491622915,2455910.7119152383,2272399.774180869,2470661.1612607986,2032354.5859549178,2474458.552181797,1943586.8554185939,2899457.5364027703,4178973.0521776183,2463603.826464603,3691716.0097091184,3503697.107484228,3666171.964502075,7764606.489054454,3390639.7635158002,2537083.0306695383,4442984.534449647,3990455.073316449,3490547.751399921,5338408.83102279,5601472.724964282,2940713.618624114,2766021.0639197817,3474731.8029877366,4325753.675509933,5080636.375207647,5532720.485689021,4510078.554630589,3213461.9071574025,3673786.6711393106,3377711.758036299,3600659.0682398966,3431292.6174238403,3803331.8246091106
2046-08-01,2864093.763281339,2762186.891039513,4857088.805955101,4506906.631055631,2874966.08439247,2977003.286357332,7307616.240403189,2683854.149806355,3720706.4433097127,2027593.0106806047,2996026.687328658,3699113.5841539735,4112314.7914072857,2788356.746150632,5422107.837193257,4794855.390497801,3610339.414671539,2675940.8787556086,2641134.7832013606,2632481.0631799074,5581455.278076515,2457031.982988963,5186063.889051927,2050245.7951692243,3942185.7029742054,4498863.418665238,5484102.641239865,2995111.9458708656,2811255.6139899814,4086505.6557821487,5428271.993421396,3316042.7830657223,2795085.9127756217,5081851.431021304,3290205.2376390765,2656892.945922216,6882229.752141172,3900332.6505123964,4838013.458441928,3233261.5788368545,2840829.4834755408,5843330.784847977,4646896.05729605,3164980.351258258,3868456.4121139697,1905907.4128906997,4045769.2021107427,3321177.3285133275,3563354.493802221,5146624.775644182,2493921.1413944764,4642188.55571321,2598866.161622361,3710161.855112991,5561307.6635862235,1877056.7057856265,3152834.0428399523,2853404.616332035,3630234.2889914885,4280553.651523703,4181547.7832372277,2879632.4541814947,2949603.8894657767,3594380.1024452318,2945217.926146625,4122764.9435973233,4028319.9820948765,2469418.4617805337,2257331.8334490648,2504943.054202211,2049127.1322860362,2475812.405074754,1960125.867912865,2860407.4351472044,4162028.7751807556,2480786.553400834,3698979.3145749243,3519979.7870621113,3654990.7075703684,7739135.8616395695,3401116.3078965284,2556800.9309481014,4474479.151600542,3987485.9232235807,3566830.4601071817,5377791.158722044,5597160.326153831,2967562.8913595015,2740795.8054132075,3485943.5974434856,4329702.718070195,5146616.349077149,5509875.487181668,4500060.865584754,3162799.688090106,3690930.763608102,3352106.91190239,3689026.8415859705,3447838.740699123,3780876.508326987
2046-09-01,2863629.009323832,2791490.122298865,4857982.236787718,4604190.471984346,2961517.7596258707,3008413.3196949214,7400084.816367797,2676044.8201998207,3839875.8574653096,2039480.3510900587,2984106.175535927,3696608.9711492327,4131718.9989712443,2827820.328785285,5422004.316043618,4876722.807793053,3606706.0933631686,2691235.293931513,2652017.8523858255,2637902.9272530377,5732766.072021986,2442662.572340142,5186524.536161691,2043198.3952465735,4052831.883818975,4530303.059968801,5548040.5515134325,3006166.7268262566,2839381.2931923186,4144233.494155422,5453355.865692629,3359028.347916215,2818455.6520170104,5114455.083734734,3296196.802926139,2692302.3939349367,6905705.4551649,3885240.9813876953,4827126.032054841,3227594.104614391,2833818.660626809,5852853.142121505,4617513.75646845,3167090.203747234,3893171.4792654603,1906803.5452282913,4094887.9768423075,3314699.4041246953,3562848.3575184452,5161741.240675672,2520814.370172276,4606057.932633253,2618684.6391648287,3715688.207849986,5577741.552599314,1887606.8588739615,3187530.403639054,2920264.941257026,3670003.4611218767,4336996.654611001,4193896.553975577,2901326.427883951,2968558.919250891,3583541.11009123,2920882.33365302,4112712.2787160655,4103874.779779082,2481324.908695056,2276854.6453159554,2512199.289504077,2080360.4448146182,2529945.8668507123,1967500.8695973167,2839302.5629610494,4149582.1930806255,2523729.93743949,3728712.8844153723,3595762.0264094956,3687488.483484704,7770016.519350638,3399007.5596867166,2585121.3810283574,4552281.580643234,3993050.022011074,3627983.4486607797,5413769.569636028,5614699.234391423,2997499.4591090935,2748917.591024209,3516152.251792179,4393304.888689366,5273490.753903511,5521478.045601119,4575776.790275702,3137799.071764643,3703427.0585678504,3349683.662391167,3739945.546185081,3491718.3995677847,3784391.630395879
2046-10-01,2857457.074218888,2830073.9896434657,4898440.323307191,4659728.444546727,3058020.700656948,3026217.8139981437,7460964.07668999,2685247.544611672,3904654.062980924,2056143.6019022989,2970130.929348786,3702971.0027797353,4169634.507678244,2878203.2275408683,5419464.976713987,4898474.090667507,3653415.6904156944,2723360.4889604864,2663035.9248616095,2661663.445578246,5813011.352104204,2452619.2214131234,5197623.572248225,2038959.0978467437,4135387.8759465767,4551348.251898562,5540602.092984221,2976660.954939429,2865112.191789289,4158205.636536476,5448908.888172519,3371006.3345064595,2802457.33471493,5153501.710043133,3290900.574532682,2742373.706042377,6825105.20035478,3853786.05719603,4864904.862685004,3242757.5527343163,2799529.50083303,5833297.095237705,4594474.473343898,3153042.203339261,3913724.983397953,1916687.7519642503,4137076.3865943304,3279991.4508975013,3601626.6276952433,5129928.7944885455,2527232.9384318367,4542259.7385967225,2630124.3465004917,3679000.1711075054,5555746.576513293,1906875.7894486482,3216823.8211294445,2997147.566003683,3675144.5907608694,4389082.738455727,4206858.3965534335,2895414.152755244,2949227.6164283454,3607646.985240474,2935669.983719393,4103878.1115497043,4108840.752946389,2481668.5080747176,2315210.6308588674,2518582.796263651,2106250.164106201,2561687.981713604,1939598.719401727,2869645.8753634864,4178520.1474035853,2560427.69141597,3749368.3837350174,3672301.800062911,3684541.187085371,7713238.314615243,3411711.5877451305,2598035.681399108,4612125.267372837,4076168.571976536,3711567.3348752884,5486917.958391771,5651035.641855831,3010100.0122024952,2751143.9358305284,3515821.8089527623,4423454.209969578,5356876.932353083,5570460.803439188,4653316.423467324,3161745.719284967,3695452.9948988417,3356551.5868055196,3783122.706171363,3478352.7956663473,3800479.4217347405
2046-11-01,2852265.6570946807,2858682.373084883,4880078.187982352,4717351.41885261,3106464.6449446296,3033915.265971484,7461635.474338443,2709052.6286770543,3937112.5953171505,2049485.724788291,2993399.4899370745,3691090.92074286,4192585.8191776355,2900490.1516613397,5388149.567699147,4875816.943192064,3703888.19731373,2745300.6763511063,2632389.261777419,2686573.1742305607,5794212.958864496,2455153.669542998,5268384.360065328,2015563.6426460375,4127173.5041286144,4533192.586427897,5467539.066643992,2990584.435243954,2886252.902911215,4127522.4421280846,5421624.13053302,3406106.6412914353,2801254.156062022,5212985.367397303,3259529.640797788,2770443.7786190948,6710851.035500172,3789281.7522466816,4844536.497123146,3284036.7327719103,2765678.3670328693,5814421.274704295,4542308.622729476,3163972.2202350697,3965829.3694317015,1913513.531148145,4161594.9374863403,3237616.3564748517,3657273.0180881564,5095057.335812203,2503015.400823641,4490479.630949385,2625919.385682364,3629775.395363595,5498107.697540573,1909839.0113190543,3226183.029686835,2996521.6311133304,3694401.299762045,4397486.666510715,4153708.102475438,2930070.979169521,2918079.614229727,3610960.6723157833,2954523.7092481353,4102275.1829048777,4042815.1134246937,2489332.0728128515,2347090.8168101567,2506835.284750885,2150650.517413629,2548329.968944991,1904839.5599022615,2869645.2241380503,4150715.7802855363,2579228.2253425424,3757690.4900932806,3733666.860752292,3708230.640947098,7557699.517389178,3413119.4921377227,2587634.417006178,4662658.146256759,4125002.396878541,3775502.746327259,5542554.3492810195,5680256.046650281,2997369.1437173625,2732879.7261294723,3524831.8595320294,4406974.979066504,5454668.292594026,5703014.997340316,4700007.250177722,3186941.646355369,3725688.812887336,3371283.9847723255,3783492.234007341,3444531.506387249,3813649.845530966
2046-12-01,2882775.310631791,2894095.1064237985,4869976.362451072,4742981.747086248,3070797.757606775,3056626.403150406,7478033.611342275,2754390.285596309,3958821.8806949174,2025540.207819019,3004442.8065205747,3716897.711591386,4167648.5047853943,2889072.824370133,5369922.753380931,4860201.179769094,3764312.544901971,2755711.064555878,2586705.8068777598,2697395.2354199076,5800770.981883128,2500691.7354708253,5360716.027296421,2005442.3396695638,4150729.995096395,4503770.9124751305,5441119.181416774,2993662.61722842,2918027.8703256757,4074311.522415668,5448705.512276785,3454615.8834759863,2868157.6726928963,5308659.241387777,3214958.3837389345,2750076.9705749904,6683294.16015792,3760351.72454577,4862090.155399627,3328054.329206878,2741096.279399185,5884487.308371968,4488292.489468279,3133864.5347735137,3969792.0972800585,1919863.1157331625,4160035.660163054,3201599.778359761,3701113.170492384,5106702.424589265,2483346.582965552,4498612.276562314,2607569.4934445317,3609028.0754376026,5463028.303791739,1932911.6886867548,3243939.723924359,3014542.5980941732,3717954.115946661,4396655.1574971825,4117204.6322535584,2961423.312826291,2947951.3247150434,3597657.47695404,2991920.7736831675,4075206.3217403754,3950400.607182865,2537626.29291534,2335327.0989974937,2492611.877133891,2190899.8580747093,2534753.491554652,1905952.7511707277,2889940.5190536464,4127135.269824252,2593160.4701578165,3742062.5460523856,3770860.137888677,3711920.5976142497,7523036.538139177,3441404.3378774696,2585089.1309915087,4657706.87619635,4169415.163539179,3809655.293855038,5573415.578556275,5721145.983684503,2975221.766001554,2734268.6076284465,3471513.911950053,4393883.977121297,5483279.0733527625,5830829.892703007,4679145.667715986,3199517.499017806,3767642.2322291606,3428692.5441677794,3814045.2298258943,3444645.7118414217,3846285.87021507
2047-01-01,2933488.8510283045,2943338.884665554,4869415.38563826,4792434.185174564,3049746.4879296194,3106740.9448496485,7588969.584423037,2780278.9782660124,4001260.892417236,2047203.1071819342,3084710.1871278626,3771658.25135022,4159223.0483388477,2881143.331890144,5364929.450535393,4968391.167854534,3810189.397868662,2787829.038735729,2599708.603943982,2729817.6385014304,5875334.529819329,2557351.812390369,5464984.679365158,2003342.488526846,4219805.2894505905,4549342.757035618,5434165.543120489,2999893.684944178,2958699.3927410073,4046241.8121151803,5489294.161344648,3521210.8224653546,2968131.2780627804,5408306.462287569,3195288.656193768,2763551.823098326,6751044.161009285,3797691.670173211,4885513.385868834,3368078.1837734343,2724175.6300221724,6022819.81333205,4504575.621408212,3156182.3948323806,4013917.2635916355,1923881.7033982517,4203225.928324272,3194660.982899922,3757803.469385048,5150653.828784251,2493024.874454519,4503766.2264270075,2623039.5560290795,3646307.1787583064,5503943.060255701,1969031.9506956239,3288152.9962071073,3026485.5251279133,3765557.6930722846,4402372.614645994,4112489.310957962,2984131.4869098137,2969203.8003385826,3630718.3998256177,3016986.8241858874,4133011.229957979,4013918.122025378,2605269.6045028763,2341907.3108807663,2518449.822557941,2218148.7601510547,2558725.586509801,1925246.3800410456,2889955.77551918,4158459.4393303758,2604899.6361494604,3798980.4442596417,3835804.0463556168,3771570.477596849,7567421.011775441,3447885.596554446,2560799.7238733205,4664258.050695956,4200973.635378783,3828717.0437085396,5650046.730343747,5772487.832828952,3010508.915455845,2718472.0868859454,3468059.5783281904,4480022.997117924,5552952.040202911,5924707.85464914,4721539.747536132,3218566.1078766324,3814950.108174154,3481941.5806238423,3824763.624046833,3490248.338931528,3825892.243056809
2047-02-01,2989591.887546648,2987335.1917342735,4857531.404804489,4813963.1769816615,3056844.345902188,3208277.1282252106,7708079.980056132,2807595.219273648,4071823.070929447,2090638.6636673461,3145586.8828207864,3842768.0863583186,4133698.588629945,2844578.8827012703,5371528.251988195,5104624.141285943,3865483.8050237047,2823419.3876003698,2600649.238048626,2802937.1078689406,6027083.651865744,2598379.038643383,5513406.367853064,2006486.7377850371,4316676.893243015,4608690.03315421,5483748.248977773,2989850.2486416316,3005867.56756417,4058049.8124078703,5510151.580149826,3557589.4766640496,3087403.5699354773,5525247.718994267,3210944.237251699,2802684.003649003,6860280.364425783,3910970.0260401876,4882049.323429268,3407222.9407406594,2680389.286953881,6191957.0612888085,4513976.211259187,3199306.0022924505,4043631.7616186836,1944467.42504067,4269781.053654779,3193679.1773390896,3872011.0116637237,5200934.547680747,2547065.7042371663,4553929.492857546,2633394.88989232,3700150.6838054773,5588059.620816237,1998294.9157772784,3336653.9954611505,3068663.3723094817,3833419.751014475,4450197.026317292,4137225.9123691567,3006139.692917545,3015928.802435785,3664861.167358061,3069276.4233375248,4191059.171803592,4174409.0999220875,2660731.843071027,2360484.6535308617,2538470.8216355247,2240222.86417235,2565561.7074269233,1973375.6033142072,2851315.8262013076,4252777.107111655,2649718.004863792,3901747.646408996,3885693.9549608734,3823034.580362719,7724615.692240001,3513210.902233643,2566276.5034655808,4668371.389541683,4212645.478417563,3862079.941802522,5687320.382411593,5789563.605401092,3059264.0382005363,2747309.8373012226,3485790.5389759187,4583180.764236047,5662077.4754489325,5975109.414516707,4784501.97923572,3270421.279410784,3876366.6867362563,3528241.539066113,3858656.4466861477,3553080.7908869907,3887319.488366857
2047-03-01,3060990.870160958,2965692.4693004163,4833389.924761143,4805458.937379902,3064754.8796260813,3243340.1548196836,7795069.19811328,2817938.117451724,4115390.5606616545,2117995.392488455,3159235.405524972,3928280.490905723,4145028.388875211,2848481.0436301073,5324204.823623294,5163393.799529118,3861065.9663831983,2838732.571370003,2607486.069377044,2828586.727104968,6097315.521992951,2607520.1389934486,5507967.5216840245,2016234.0894041315,4388564.330518191,4651095.7759088995,5482190.526855766,2948592.2486609416,3030583.267513476,4022492.456335148,5521023.166386405,3539125.21494667,3098459.667148599,5521354.701862053,3198961.680450818,2846885.5579061913,6846165.108694059,3977873.5031991377,4922697.81529096,3357547.4491078937,2661155.0036831577,6193233.2233220795,4517727.929453199,3203154.659272608,4052745.1173536493,1939375.6547536897,4327449.215547721,3221125.5811884166,3932489.1491074245,5212224.299313373,2594917.1727406476,4562389.282532067,2668288.952378336,3695338.7643516874,5628815.234694336,2030816.40234326,3334617.578993739,3102665.030349917,3884646.6771956566,4451708.582525484,4086635.0667511444,2974017.4495061883,3046175.1388316224,3673827.970517959,3086864.454137297,4192048.384762494,4342126.407640724,2687183.17457094,2378088.4915434937,2549152.937640762,2252896.6039918116,2543807.36158389,2003864.153042644,2853108.3792170333,4329253.6774831945,2684044.761323002,3990503.1891859896,3905209.2519917754,3848850.3779870155,7787632.865437535,3569094.4793013185,2534857.316899053,4617600.808356436,4159534.109144585,3866119.165297043,5702650.326610917,5884718.922883354,3117934.853252649,2783304.4997985866,3490198.8645441853,4679165.78446565,5819172.470577307,5944189.920495766,4881290.466197095,3311378.01451205,3905781.9058375536,3545038.7901000315,3851760.566583795,3602181.1046273857,3872045.472725503
2047-04-01,3114588.6541026975,2975061.5055051493,4800258.980560111,4874878.178256902,3060094.8502932675,3262242.154297538,7876244.656863565,2825977.685050185,4139804.6114052194,2150317.1922558453,3183836.6335278833,4019035.0395728685,4181467.6255426914,2853302.0551340203,5306544.532556239,5180066.149237202,3847481.5102967005,2841938.7810343043,2570827.603760646,2844174.278324574,6141611.07659964,2609570.963498381,5519042.684306794,2036366.5158254104,4476509.324298971,4658424.000283713,5485719.441881943,2962698.176195615,3073231.533868234,4008782.449228874,5569942.387696859,3556436.492701094,3096124.2483920893,5512347.0485204235,3221197.4758824627,2881935.7174135307,6940056.773420449,3999859.5646086615,5003837.196888111,3360637.1477879314,2634512.716176274,6209103.130738095,4502796.46054122,3259708.1406581905,4108213.4322254714,1953522.9394812116,4360433.068263093,3238320.6108833123,4014386.4084554333,5261561.337767654,2635979.5150803365,4581039.869915149,2699383.2365810852,3716608.706186303,5618724.445603318,2055375.5729672762,3363155.7495448547,3139421.7905633063,3977234.1197702154,4517504.425502208,4014746.908841611,2965791.548236734,3062582.9877446783,3719940.808485045,3076669.5209828303,4164904.3464942975,4476354.739560116,2726277.3316452797,2415534.649762784,2548792.0160472332,2272405.2697314518,2573498.941452426,2012010.1202149556,2813351.9234614833,4364256.098183691,2713150.550252974,4022535.0099534583,3918396.8771326058,3893731.2504317407,7762049.9030549545,3617326.946945346,2522046.527094761,4587574.39669791,4122740.099286291,3910845.993959205,5793212.915041549,5903094.771821783,3149920.257434378,2791558.7241887324,3466320.4989299304,4774192.257283231,5915934.947208351,5911946.467028382,4958377.120348101,3367656.32358897,3993571.6357989353,3583914.808028179,3841246.8799066325,3653768.5494552953,3899754.785272681
2047-05-01,3170111.616817443,2982545.2216933942,4866592.2566283615,4988262.726237821,3067148.2864987403,3318074.874306446,7960428.3286346365,2865153.9973676237,4094313.9322525016,2166382.2883269624,3188073.237922832,4060617.1057452806,4256161.927677829,2869184.3454569136,5345183.649430185,5242133.132397578,3768012.0882664323,2888757.932157492,2571730.256870719,2829433.2119671428,6204656.860945709,2616612.033872242,5625408.983904402,2079980.4468182698,4580715.58658945,4709081.265265323,5462581.412958632,2956781.819271145,3121205.9529080773,4048415.779712435,5570599.490600411,3559567.6440413473,3114602.000232891,5474804.1013910975,3252900.429001125,2895251.248596686,7046154.449679399,4023240.19424496,5045859.490265265,3365221.224970417,2632671.8535885713,6279428.972452041,4529857.465900426,3276668.065485264,4166673.7843082505,1969410.998564891,4388145.03899815,3284634.412810157,4054710.410636267,5361874.709764829,2651584.4848679705,4591136.043777022,2722951.095491521,3717637.8959116573,5598251.224075017,2071964.772535717,3390784.490909342,3197258.988188122,4082109.210188303,4552117.519080733,3986924.318553749,2958663.081336069,3086041.1270559435,3731688.535442888,3075584.503998447,4149914.8345587095,4557451.853783665,2750753.291736235,2448796.8595550656,2563266.658382151,2283904.3508082824,2557296.1985195396,2005222.350321548,2816256.495583474,4391053.326928264,2721480.504844192,4099681.9588095387,3969583.9010088923,3992331.710615908,7789949.742508993,3655997.0393165895,2547843.4978216225,4553341.803130333,4081929.0058729625,3888001.4327041507,5834748.737113362,5978670.446624666,3214877.653664689,2785296.0988461375,3484458.9100704836,4825856.995402673,5997268.973331557,5951272.592579055,5014721.281566771,3409711.306914176,4069623.5742699523,3644106.5743227936,3839855.6146511165,3730322.66242191,3908083.7796654394
2047-06-01,3205348.9521930935,3012100.022324583,4933838.657661881,5150504.451803911,3028913.5860664006,3333295.10500266,8074295.968529129,2878274.993526759,4038525.67834613,2183369.391427326,3204427.876531745,4142216.1747372313,4317326.536345508,2892130.4248645883,5405767.175046713,5264241.328690126,3667990.035435635,2912429.240416752,2555829.7318466445,2817934.5970040676,6295163.388333704,2586129.8657196383,5739976.235375499,2124963.601636857,4671958.227463829,4695026.922631108,5427992.626024056,2985739.84346711,3141904.8467880646,4120869.833262907,5600695.539072617,3587417.2840297488,3115359.153838336,5447804.459563789,3285258.5100852656,2890745.1998759946,7076285.314386227,4083656.436810304,5122257.5084951,3393301.109017871,2631848.280928592,6357244.5691391565,4544719.9510499425,3317698.937268326,4226578.011196212,1936102.6410005982,4391797.312730964,3312165.9222993744,4107604.4504507384,5453554.162840343,2612855.9182156348,4615867.19215892,2723917.5102836583,3693310.3825431755,5527947.578987006,2069225.5360053359,3417718.5037675067,3232083.0478605167,4190838.9530948633,4552708.002189698,3963343.8436205685,2915770.49402744,3085971.743785971,3747961.661602036,3045245.885264542,4128019.442449879,4584972.6435495345,2750377.490965359,2474231.321342009,2588133.239049746,2272121.0523385224,2553132.7855548,1973170.3537319568,2806389.783224716,4454742.363946252,2725692.105178782,4103470.237107396,3951457.696431688,4064662.9202193026,7744990.079453226,3686068.869941233,2619760.479207054,4470108.569744704,4069635.1637153425,3870613.8649997097,5858226.344496267,5933653.665155664,3256995.9860010943,2774427.6023481023,3511017.3050058256,4868437.487803834,5967598.403952128,6023925.757396681,5057418.914247498,3437609.7239563814,4123911.4632485937,3663851.1246185056,3802764.4557818975,3789443.468813916,3939860.9060258535
2047-07-01,3225924.930490004,3053314.6111457385,4981235.7509469995,5248293.670038354,2978822.858657718,3347565.0251144283,8221621.564436581,2865800.191016134,4001353.2916908637,2201050.528462237,3247446.7602238506,4186819.756991328,4365430.542321159,2895663.267480195,5331780.903358053,5226174.225637037,3640135.1963299513,2929876.168641443,2563395.9430465926,2798274.3595462753,6342854.904866066,2538965.586586435,5809408.784263958,2143354.809099897,4713140.514505403,4622200.776326716,5365979.629353221,3001700.1724521746,3154842.995132344,4154703.364436855,5544328.699273306,3633540.2230003895,3086989.7232570834,5402365.26737179,3309381.403485837,2869280.2573076542,7031185.791931305,4057529.194862085,5183774.321806658,3414589.8484307462,2596798.2565581743,6383534.452207372,4499961.58165934,3300468.388752869,4239243.462849557,1902679.1047191592,4407211.168300935,3323887.322501235,4120857.8394168383,5428732.777577003,2547450.7139429036,4589960.298537129,2692086.96822979,3662286.570539946,5465360.332451643,2063565.006586543,3447869.15714709,3222440.3544027847,4280559.388608499,4537921.682729628,3914111.8227626034,2901642.3677136116,3104485.1616435065,3756467.924970461,3030317.745238124,4046276.6928650383,4624906.513532395,2729992.904939502,2442937.417291814,2604074.9618630167,2276467.941395493,2519681.2124126535,1979026.7496639905,2750391.4441088205,4510509.1294928435,2721380.083692346,4126958.2265301496,3916403.916426373,4110819.560840411,7659190.502723961,3688854.595098464,2660224.2878406597,4425149.617447045,4032883.110862898,3785242.819233699,5851263.020277508,5874637.278518558,3283424.71510097,2789154.8669068823,3557546.905081957,4932940.195646857,5817115.627684579,6041526.853558151,5071403.014118215,3450926.541843717,4171548.555639639,3660928.0775240175,3771600.9571621064,3808472.743605295,3938480.5578114954
2047-08-01,3235815.493281,3079779.008479454,5016998.263912957,5279346.55479828,2908203.4073038553,3330891.0690338155,8260535.052868362,2857367.8475509696,4027165.2074400624,2207730.1024754643,3293945.605728986,4257628.93080268,4405505.668278051,2922435.342820437,5354786.961517061,5279514.44975516,3657861.7482019356,2938567.3419708926,2574258.00682497,2787100.6177964034,6326937.492402297,2528477.157938814,5893749.112322267,2160902.5482598487,4801110.556194402,4583454.9537097765,5315968.962022183,3074724.1661448027,3172176.4587769043,4233300.987958528,5495977.6250063395,3672012.894254743,3039528.117906114,5311910.765547111,3336373.8309851023,2849067.4539272375,6976233.167743298,4021000.0245649396,5352579.112841229,3418347.070349317,2563263.9464361174,6395204.993337104,4432944.1208077995,3268321.0889306418,4303952.224412595,1856487.0730876366,4406363.593616488,3360142.0308982898,4171772.413612872,5475977.617451981,2496825.915916308,4609051.170478152,2661356.801695307,3657943.3774789507,5375768.661378522,2062443.6514276667,3448866.1829781765,3201500.5757788424,4302778.432677243,4502645.701857184,3871994.6278191106,2884164.7916896194,3117291.6717981845,3803977.151408785,3036162.3184481,4027946.624829051,4673316.087854544,2731783.2091812547,2394044.123626972,2577207.914249585,2269340.374956049,2521873.6634522406,2005121.447991579,2730897.570313506,4582243.088809153,2751357.904790962,4145051.374449802,3907997.777324009,4131237.567746941,7571312.055840886,3700783.83548082,2715289.371673361,4375140.601307511,4025110.670482468,3719376.097127897,5887080.287564609,5780431.990926173,3285513.651458802,2793698.846892326,3650287.8680310426,5002225.064752501,5687518.132468748,6045082.381897452,5111220.337501497,3456188.0853038477,4195360.405887245,3649998.536292662,3784733.758547,3828391.3206440858,3959046.4874436576
2047-09-01,3256743.171172138,3147970.433960242,5032816.732178627,5288087.314485335,2891138.0135943335,3310498.689524243,8279860.4385523135,2841156.202939296,4057240.6681516445,2228615.552886957,3351539.484689265,4272900.073730483,4473754.785678544,2967869.567105667,5376402.571040786,5357005.399847767,3709392.1826387295,2956542.8380796188,2591381.3334817495,2794757.2378487103,6277121.322785376,2517050.737103388,5964432.783533597,2187254.382778853,4867387.292075215,4625939.203120489,5285847.567451786,3105785.8055772376,3241625.714795275,4322554.426237924,5508729.384925091,3740980.8854325027,2989045.0559506323,5320855.512807294,3357868.907381802,2853639.326585126,6928389.853738564,4020522.795802847,5481426.971130321,3404596.012994623,2558657.781242613,6475942.447622323,4350585.1102406625,3258338.4136828855,4406901.296842396,1857771.3715433402,4352750.148872528,3451390.8786828644,4191624.1674932833,5514013.958182067,2457981.7715441245,4652404.744788845,2648043.4810890486,3631547.1263498953,5288344.718130354,2069282.0209090246,3451119.1350107044,3204119.4432411743,4346660.223241884,4472033.88948114,3877041.357491061,2922361.9663778753,3132494.6131349336,3849440.5647199135,3028769.7964238115,4016371.0935824723,4757866.1018410865,2772730.379165725,2373473.2296653287,2572493.8235655595,2270552.54871152,2567566.599608391,2074553.088636422,2720427.0630972404,4634956.834344698,2759937.456585503,4208375.174267957,3999400.53759887,4152471.4124918077,7494839.644089218,3759867.491628216,2754735.3119791704,4360834.475442036,4056593.9299601777,3731945.664028443,5986295.190762858,5774552.197047185,3275991.22981707,2830079.9553053747,3747223.26370895,5092308.330190223,5643318.319612608,6031605.412321364,5123452.0197587125,3446636.2563304887,4247082.997190867,3692973.974090471,3862893.6319473637,3794790.9516453026,3997706.6790473512
2047-10-01,3278849.8477464425,3208837.213192033,5076246.444895965,5260338.691910175,2859637.6851853123,3309722.2566915248,8279459.036228253,2848397.5402865256,4072142.0582226138,2250527.8797898283,3368012.7105064983,4307436.68703024,4638020.492510151,3025370.422844168,5366181.367984432,5407275.911286047,3739233.620366499,2964212.438711062,2585499.3536319938,2805950.7767421994,6314653.144204147,2514665.505365335,6050784.295398316,2200584.9702034467,4868364.213836944,4749868.837856154,5368066.953709171,3076020.6236851276,3262275.371449818,4402612.381601556,5561690.680619474,3791591.2405993487,2943183.213010486,5314518.72408962,3391237.2066442827,2838712.743557068,6918724.808185323,4036473.5860034414,5571046.219092307,3382924.7172659514,2571657.1674806303,6583887.335990231,4353785.053366082,3265050.2396191494,4486406.184476943,1882289.5171048492,4300503.212081709,3526519.549523542,4256947.851702909,5622875.35045841,2440598.1429662225,4735407.1453651255,2654277.587217455,3618513.55069204,5249289.623993465,2054910.443744935,3460485.752835533,3243399.164199425,4367406.826259362,4468044.073642819,3921538.078081761,2921504.372495719,3091056.177004328,3892537.4750641496,3056318.4362176396,4045390.218012396,4801473.10716177,2807027.522439762,2368109.6688515744,2581803.0962078683,2247542.8794436483,2667775.0698142448,2127144.512870458,2764382.4190989523,4676181.03453528,2800428.5765398154,4249779.255486112,4113468.86205619,4198047.6363302395,7499669.261654872,3820459.2210728345,2769270.4038112964,4370615.169771443,4089379.8966014907,3727308.830738989,6091400.590223626,5880896.008019211,3256996.380187081,2852677.3681955044,3837770.993570652,5154199.20798356,5658572.717224868,6011356.623933387,5165362.603891692,3469587.98006856,4256284.034998283,3721710.548404077,3947762.326741688,3775666.345976621,3999558.2926728614
2047-11-01,3321216.857716142,3223367.014775689,5139388.554182575,5268576.489296433,2843089.7032596357,3249343.281353702,8189587.2263982,2857737.0262994706,4019979.737202026,2272028.4411470615,3349131.861858486,4266750.137218313,4828591.666894897,3052314.588406819,5366461.344962433,5441645.714150877,3740923.0023855353,2946579.9684475753,2588877.890023011,2822479.8005931033,6311921.895411234,2513593.3736230903,6128561.694431331,2200309.092622464,4862426.476796709,4871918.130983117,5419598.053587475,3046356.6117405365,3258459.7278741794,4434860.428656147,5586571.450444886,3831333.9653802803,2924357.5666175745,5364358.40234227,3400030.835147571,2822098.2173385164,6951809.084792517,4059623.225848496,5596499.790414317,3356400.9677292714,2581108.9466943513,6652181.665055545,4370585.112463996,3292217.82917715,4505307.795141947,1922567.3685618697,4251974.032495606,3566329.9017055933,4331265.116227975,5683558.289017678,2448680.974279766,4780431.826017573,2662202.6315171947,3620603.6745421877,5199079.462659801,2021115.5148228284,3462232.3132878463,3300734.280545169,4391036.110954713,4465680.466515673,3944718.673650514,2915196.3963123974,3079021.892642098,3945079.664087229,3030782.905353566,4066036.9818426482,4807055.355176236,2831816.37607374,2400816.1258483427,2541669.099470063,2220537.596736304,2726457.3338050917,2140939.294105795,2818597.338452905,4687790.974024772,2828689.165070193,4231574.6507953545,4207492.945012118,4209513.885702782,7497594.430448794,3846171.5538008222,2763485.8288176944,4348834.197224181,4097768.3989298567,3756546.3099786537,6175690.062752472,6050491.54497757,3233026.0037191925,2832524.643655756,3849431.6517746146,5219018.97052346,5756384.659805608,6052381.094629931,5160442.716984495,3497142.057866478,4270003.85196801,3730860.2936546244,3935739.496989221,3776057.543982218,3998923.4624602613
2047-12-01,3348995.988044721,3215266.826597844,5236260.989911299,5253196.716457324,2820308.7695368556,3251860.228374002,8046861.5552982455,2878383.9219239717,4004735.3278286867,2267704.960777403,3302216.2876060978,4235653.564194703,4986985.045963024,3013788.165238646,5385840.483579342,5410860.09886459,3792013.7335798005,2933949.058272444,2620925.7918860903,2823264.469690265,6361160.563214488,2488668.522794749,6229714.776963178,2205640.1169542,4814428.992808816,4916102.281573301,5452196.26073798,3026020.61263763,3203993.668889359,4472018.366878376,5569452.444449016,3859995.861238022,2947771.1364357355,5415190.238468549,3391113.1567071714,2784557.975112033,6984807.012599789,4093209.732961201,5593573.148713588,3387792.069479136,2615267.1084321216,6761885.864004877,4414563.424133689,3294588.2769189035,4497496.092453226,1944120.9830886524,4257354.733524957,3551260.8165878025,4366161.208138729,5739865.449847939,2471595.3082610387,4800607.034952865,2646263.257028993,3632677.862244209,5189958.370811155,2037091.2615160174,3467311.6268513855,3343199.8714738917,4413367.939253359,4442522.479654214,3936786.5770513383,2891138.1095444066,3086605.674737967,3953485.6184764984,3011593.1378548155,4028773.7709670016,4799592.807664741,2833117.722998087,2407627.937576131,2518498.4782077405,2178219.7542150617,2730793.3532709153,2114634.9751436273,2836998.288106308,4712273.326349062,2845142.019397998,4199356.062581651,4269537.184806831,4243563.961023514,7496425.354062431,3848041.46997853,2743439.675109688,4352302.167908999,4068833.3121437756,3750835.625280166,6165316.146363095,6217495.490609614,3207640.7557996274,2823506.2570711276,3821852.233772077,5232746.311628345,5796836.999079761,6132019.295858603,5173022.122206768,3485362.9213649193,4244148.942689071,3652531.7621160597,3869738.090008395,3804225.1394724096,3985705.2315420317
2048-01-01,3379895.639738535,3239196.228923201,5347909.616833085,5287092.11355368,2846356.8571890322,3265425.189931744,8017209.504730854,2914756.299560073,4023524.5593248904,2296117.855492205,3266775.3408133956,4240651.2274182495,5129452.497135391,3029531.8921531136,5441811.356474343,5437589.19128074,3831424.5262333388,2923650.8892128947,2644491.0192056145,2820536.5819190494,6332546.875491479,2518913.152574288,6262636.459870503,2214180.2484014854,4829790.695341322,4979958.860879259,5475123.618698709,3069641.265346086,3207204.6446102434,4575976.527659418,5621219.995929679,3911805.5510072922,2986347.762757268,5456022.978010324,3431148.3451174907,2817209.2702638237,7039512.169479082,4160768.4651688826,5590817.5300000515,3402850.6218610764,2641381.2139182473,6812834.666635732,4464536.713383687,3263439.7053781543,4551789.897207666,1996892.8879958391,4323388.746480194,3512143.5483344975,4473844.661551609,5828071.625677846,2486134.3678766517,4857755.7832234455,2690364.169509266,3640392.010597912,5204244.648343489,2066480.6610311007,3523715.5651458097,3405951.1873399955,4488547.404131852,4485156.397375317,3938100.4729690333,2876673.2011864292,3082791.222458275,4004004.3363222806,3052214.101593027,4019812.638935897,4827388.205447391,2889085.816293271,2420396.3553934894,2540984.9785248376,2179640.585522267,2715252.668955917,2085023.124589423,2907441.118140576,4789681.624793248,2852681.930044767,4286491.288280788,4284315.868412087,4260766.431721328,7463051.955297913,3893040.101338056,2779868.0340094985,4360615.429923657,4091456.44075877,3764299.9638838684,6232386.472852498,6312432.27515863,3205559.175403915,2819160.8293059384,3848724.803228225,5268760.527432229,5804214.8680400355,6237847.540828265,5269612.964961448,3485802.7829256607,4279733.0422152225,3597158.4436170203,3844225.9537920044,3901425.434301733,3989344.5056236503
2048-02-01,3442762.9952517576,3279238.483636108,5435033.971163155,5268154.934996705,2859027.3316235556,3342533.9619728755,8071677.030921292,2920302.1348990398,4082968.280274196,2349743.8170285714,3260500.5436724336,4271820.270475767,5221473.824805437,3038998.469983575,5476152.9206903195,5419663.606452406,3871372.6798483985,2926860.222017282,2684925.6737067304,2831663.8279067753,6396535.47252021,2556789.3056085194,6262955.043860334,2246846.3846114012,4893413.6413283,4993049.961085789,5597825.438412235,3140223.9005481843,3229360.699748456,4726124.686391838,5613147.934631221,3927685.7193697677,3036078.570534259,5538046.822087242,3512372.4840191044,2832154.673206063,7165471.462629472,4184665.6460723,5654141.551716051,3467620.4780996437,2661008.300995436,6822906.125641371,4492476.296608142,3290550.947984279,4607816.172225416,2044689.4991869838,4350623.79653333,3498491.301709395,4630446.520476041,5956204.636160969,2519664.2209344795,4954222.659787025,2744814.7370220018,3651974.802077719,5286245.011902391,2103109.4427282135,3568393.6571827554,3482316.0430141496,4584166.289292181,4521262.648491522,3944486.3178953435,2892401.1664101635,3100576.615824653,4050417.8847311665,3106358.707463643,4054655.9025355084,4834261.3070906475,2950058.689603313,2452059.016055567,2569966.3436542717,2228926.755375073,2709247.607183462,2127277.0887993034,2947964.2516489313,4866862.568727199,2872899.485144024,4428287.71795055,4353199.968112169,4367150.165677354,7525763.601178946,3999033.005051532,2825676.7190296818,4358564.66603258,4102377.75807523,3881738.0253484454,6328963.109019925,6385429.633386023,3245897.818583997,2834443.2673465805,3841673.9001553315,5287266.878587562,5837848.091215859,6301050.363633646,5379650.2142287465,3463587.4238638985,4295510.113482236,3607924.497722877,3923531.546295675,4015103.513912577,4016768.190159571
2048-03-01,3515804.1532457573,3316048.489798277,5503076.285361417,5283151.814285477,2877943.2256095316,3339446.5712832045,8171487.083467002,2912781.959856035,4118538.667282661,2367387.554301356,3259573.2007140755,4318967.676994763,5310516.535683384,3051051.5172688025,5479041.552850746,5386716.420810623,3881569.837841922,2894100.4825154003,2669565.2981302696,2845767.757886205,6424339.068291789,2581421.9985332163,6158730.690346326,2288689.699141486,4908666.722580164,4938900.153802582,5723154.641905818,3148449.188471094,3244727.347361901,4761322.436929077,5567805.9830629425,3877117.9509356474,3086610.7293842062,5601933.180053427,3568114.506850965,2829614.21458283,7269127.653395843,4198080.239539624,5721124.991487898,3475389.674482573,2669783.2253306773,6898343.094659836,4516184.117058225,3295566.268076494,4654010.104003183,2092826.9111094328,4386537.458955319,3500241.066111587,4857787.90373225,6016549.649912218,2549935.7087488803,4931682.550787727,2767422.4742689095,3700765.7194846934,5378067.90018434,2089544.5686395643,3595158.393935668,3557464.726312533,4656646.183646324,4552491.338811583,3964687.432509085,2869303.770444961,3097282.3885536706,4123963.684354481,3134383.010280321,4078153.6462065172,4849980.053644965,2995296.250885309,2465873.6430465956,2564056.673984057,2268659.9649386755,2729089.8287704703,2134662.102481998,2961285.496097981,4919753.615132708,2852402.6052932795,4478700.169369692,4423680.256592614,4424610.359750889,7510435.310791039,4074266.3886442934,2842640.07029739,4327942.528088666,4121502.527655886,3986726.4005891057,6333329.530276395,6477289.145017652,3246975.1122294753,2867236.292787979,3820395.988999525,5291469.490988739,5895998.615456935,6341699.584335016,5450449.949856171,3391823.097648233,4296034.012809866,3593522.8577855225,3978212.7389819804,4077734.111405671,4014932.9228904243
2048-04-01,3581035.1402682853,3390623.289314108,5556287.1277248645,5242716.819684235,2890824.3565038596,3356310.7852175673,8263472.218155311,2915266.84949087,4149953.4607044104,2377838.75057129,3275491.3044238403,4343739.803239136,5409224.796074716,3049013.47418605,5481633.889924536,5414908.564999412,3905571.1429002592,2875115.3575794385,2693487.8521611565,2874519.277583993,6419269.902981887,2570460.958270511,6211258.76883635,2343956.314859129,4959696.46949589,4922809.358913287,5730450.48346189,3161237.8905564975,3298620.1923301313,4798610.484573861,5610442.0506081,3907259.999753968,3134599.4774886477,5741700.2822639765,3603920.5281635234,2860239.805760327,7278963.224998603,4173819.802123327,5744710.380891953,3468196.409791159,2685177.1422680747,6920403.821719373,4562338.107191585,3365151.579073492,4707500.566080003,2130264.5912198233,4457324.994900941,3520530.079661641,5026640.872921567,6033490.682531832,2583299.3716580034,4960551.474464354,2795986.6976634907,3701554.8580901218,5465953.803209438,2091468.67842713,3593000.461429317,3599583.8908482995,4714122.882158069,4569984.232296074,3976031.6603763853,2871059.7335368902,3139184.189744372,4146047.591095948,3158638.5519272224,4072573.547326528,4854828.200022473,3047500.2190738777,2533891.1334220115,2580108.3363569714,2284158.2318018544,2739114.640816176,2154648.051441447,2964000.8557604314,4925574.3958843695,2815531.9319749717,4479168.46070576,4560208.107566026,4482956.051001392,7569932.499809114,4140690.785076506,2883562.5335176517,4339947.299832574,4100618.3214269956,4108408.5207342873,6282782.620508989,6613213.814233209,3251708.9088064735,2873020.9545877967,3850706.6876714393,5365800.4740009615,5973467.67644065,6349329.953522224,5529477.4878469175,3402695.2315249317,4313610.189678584,3574231.5575090195,4008025.022866893,4095948.6471523214,4035959.005050622
2048-05-01,3635344.468297154,3432622.2959561064,5603815.955291455,5289353.164629672,2920088.377615171,3368125.955940008,8365258.7461468335,2930997.4230822963,4213334.026927745,2415192.6424721363,3310515.895577798,4311496.702441767,5558195.377100183,2987617.667415924,5565837.4618855445,5428266.093620065,3903470.0206156834,2862818.5713945534,2718040.207348686,2901831.3992931694,6549568.321579996,2597147.741066565,6326240.448082715,2409145.0748605058,5049935.109118109,4898398.032102482,5692018.812124103,3178472.8022373505,3358448.8297992437,4810249.492557611,5582735.984072754,3881893.349269219,3177125.678835128,5873908.471192602,3610191.7532699807,2890221.8268724848,7303416.589295804,4219026.4050307805,5833328.716998454,3504923.9053978883,2699160.1372635933,7077500.229746005,4628885.113866479,3402570.448163468,4775568.419868313,2176821.8181184786,4530667.796212156,3578748.7188642663,5211612.443106541,5979822.614798838,2616108.5861912593,4997122.450653942,2852754.6142670806,3640353.0970824584,5509042.629825238,2108479.990676478,3547066.2458774988,3668033.1052624304,4766327.906396515,4622146.478815891,4027512.96017713,2863955.960057092,3145636.116838407,4196796.177469757,3195541.06359993,4105079.1160526113,4873427.078435157,3108135.5047911666,2591650.7680666475,2619003.517954215,2308062.637506655,2794499.2079114947,2187922.2251024414,2959552.0634106165,4897550.5326039605,2846429.83824309,4414665.808979335,4640993.839436476,4508348.760489677,7619342.237033596,4131691.374622764,2926912.6264859335,4358044.02178979,4148123.565216723,4185085.6920269267,6209559.691789877,6736034.05338661,3287382.7187347524,2903455.8800271866,3935673.5954190986,5413579.650193797,6094046.790773238,6467755.504574338,5609060.505852873,3407312.90466619,4317020.07360539,3599666.57358866,4000360.9159327354,4120434.3281070963,4049173.0596305667
2048-06-01,3610616.481079724,3447591.633346301,5559185.420368826,5318399.784326578,2943117.2026321166,3371277.2921237196,8354525.753665176,2962259.838937326,4222950.573293404,2425154.171026953,3352003.832577318,4267942.334287535,5714478.230783697,2953879.99409325,5585656.48915499,5466297.448371613,3870640.912817643,2876734.9825873207,2730489.8277451694,2941515.4825492157,6596274.845640189,2618876.4094368233,6508501.339282053,2424774.932065229,5065508.737996582,4840064.111684118,5586898.088859047,3181199.0704317247,3417234.4179906654,4809223.60030172,5529931.167995678,3851459.2870927616,3200283.6130782785,5990219.7749145795,3568081.992276826,2914602.8456273326,7248819.646388777,4193838.173393294,5775292.906591733,3514966.3592865756,2663502.719926112,7107390.348582795,4674785.783044241,3460394.7585102785,4812219.620680601,2196169.3737411494,4588938.45700501,3655030.32228185,5270497.283257797,5857122.381797659,2631365.4758901405,5010596.236377179,2936013.9694098183,3574545.159884466,5464154.21909505,2115155.3824812463,3467986.0242175437,3688649.104516326,4834570.007960229,4615199.3858239325,4010832.3521879595,2857321.589466931,3096468.381302217,4184003.824164855,3214106.8893677834,4118778.3426113045,4863167.042483413,3119583.4867076105,2644752.211937786,2606261.7057222305,2293110.490646095,2812051.934307024,2223583.974113089,2965284.6754280017,4847374.297994519,2863544.8444533646,4343268.337590339,4658425.476188312,4503480.9894300215,7653237.92858534,4107282.9822227913,2973822.6174414004,4376268.906850191,4092547.699322605,4203993.193944136,6189836.111286668,6808064.987672026,3353884.958886413,2875928.7065446964,4067364.792434179,5446039.3733645305,6131468.374002118,6536212.4269063715,5687526.854307511,3447309.283719157,4343487.458097177,3564688.995590634,4012810.4728902886,4120685.0935174776,4091587.9967814926
2048-07-01,3599117.087750652,3427899.3353245133,5575464.084325593,5342401.321701152,2941077.1733236155,3345606.014924141,8322362.291520454,2969088.0556971855,4183688.712524164,2425610.411804713,3358157.814165872,4248714.5132874455,5832782.783655268,2904744.4164439836,5589647.492201698,5384456.965401677,3849714.060225435,2908883.784882763,2723586.3347742134,2963829.2316073645,6613702.562439494,2631598.3930151006,6537775.980659474,2438683.5867152824,5012897.937960289,4766716.513586417,5482347.473380172,3188709.2785174656,3446956.680479322,4763453.45678938,5447034.641980895,3847837.6240482125,3189624.3507243874,6037590.995674954,3564818.8435884602,2891184.7318309504,7143978.875065208,4177630.6039744467,5715655.6860848665,3529767.540619581,2644987.1331237196,7224537.803054992,4635025.861744542,3449801.746939471,4843131.3563413005,2197940.1795112314,4594203.432377638,3681076.2139353547,5269982.6686077835,5725927.772665807,2651523.5976338508,4937713.543837263,2973447.018670325,3519566.3847322594,5505565.860705597,2115565.8988566888,3414457.745332644,3698388.6618665867,4882042.915819826,4539387.103542692,3971597.5021669487,2826761.433717881,3045042.4498200673,4155851.6378099294,3216933.63940664,4073040.2747701127,4816756.932188994,3132526.7900572876,2663567.9168311553,2609097.494273563,2271843.404347649,2781538.5879027722,2237125.2657557596,2995836.1417193357,4847417.455089521,2881180.2473215214,4289289.286314354,4659485.584017081,4438750.293388391,7723456.156988085,4064016.3540625665,3025197.73526583,4324130.015763672,4062467.7922650436,4144266.4732958255,6143531.775569516,6848113.403523802,3383535.638107194,2827201.572930574,4110159.2103371797,5432388.333051682,6108738.413025517,6551161.372416818,5661826.33223961,3434604.4202113426,4353164.961531854,3527272.46511055,3999201.4230711777,4132985.141070261,4111760.1675659227
2048-08-01,3649761.096615951,3442245.5176645434,5537899.35005555,5356714.856963044,2947783.5643697097,3374752.236914299,8121505.363004877,2941359.0962135796,4184855.902207557,2411185.793844776,3336095.2796469214,4233301.845595093,5950467.039843212,2913443.398261075,5568463.880008672,5329156.280528477,3852040.103380207,2894663.8988411133,2750275.7197263567,3021293.012237587,6537338.331601089,2644063.716475629,6581108.343148085,2452809.1046014642,4968732.566045579,4705983.106377438,5435731.838782584,3172164.4695528084,3460891.87556662,4714732.607393388,5420836.14784029,3878761.8548475835,3234174.416341119,6018511.48862246,3534992.7681603776,2905554.264594447,7029695.672323065,4134958.371863807,5579516.357005753,3577489.6916762698,2640288.943256369,7334684.0971258925,4543665.446845684,3468008.959014671,4849721.11211779,2205519.0224736445,4640132.44560122,3699631.924415121,5287404.230362661,5695297.8193269735,2678834.388430765,4888047.461722779,3008538.4808974024,3490854.4286407935,5459549.352853183,2120251.365763431,3373083.929062284,3665311.2471521134,4867961.451334163,4474620.325757434,3958838.3848034684,2765243.1333723133,2961563.054907025,4137413.3031900353,3246225.061032144,4094753.72639839,4784153.954356696,3125913.2802302996,2677358.09827546,2607583.857815151,2257747.178943059,2751947.3766546967,2261642.268811915,3008351.2561797826,4843104.639798187,2889583.8878397876,4321297.703656397,4697396.561359068,4403692.102530522,7930827.387303166,3993569.6135717756,3091332.0559303463,4362857.186676693,4063247.3811492003,4064724.2042300077,6079138.60318377,6850853.264644499,3392755.3124142075,2791195.8799360036,4136913.7880943697,5363847.316816446,6118759.501181054,6525197.119385562,5639163.0156742055,3421396.5206260323,4383098.770238438,3530729.9982958585,4027899.6513863127,4162857.7275444046,4152721.0493837437
2048-09-01,3683343.579289692,3443790.036813992,5583459.173217456,5356798.077195158,2949374.727610604,3440816.6761810384,8081259.4773456,2933640.2504059956,4236933.297236181,2413131.720877392,3309177.1740084216,4341447.348657361,5975468.684101572,2959493.6003258405,5584412.097144234,5346534.18945469,3897981.665132629,2916048.652515898,2775365.1481864606,3058436.7685114252,6522797.531212147,2692768.828800272,6524722.609509196,2472748.278584117,4981069.880461539,4768494.611633807,5450224.190375903,3142541.3215582212,3495624.250622668,4659763.21669235,5430011.337961711,3920639.239020296,3253922.7568826973,6069728.974699605,3528644.271465485,2898154.5546086137,6992964.954946161,4180423.9450608953,5596713.304820856,3601941.8877102723,2696078.317571374,7463019.281120511,4545261.192158743,3504313.9105340387,4853821.885020828,2231676.861711407,4678204.253507161,3719732.6892471113,5362920.679816271,5743362.0468075145,2734727.976433575,4884199.03015758,2997603.9992613182,3515501.1755187055,5439089.199551594,2160438.5846654396,3368387.298600089,3676720.1437712014,4884198.234339065,4479997.5892084995,4026268.13490006,2719873.2022893,2994307.611414259,4073384.545605341,3248292.859442071,4183722.2554028463,4797778.232550084,3200533.5290670027,2696444.5867365655,2645290.570838006,2265381.5856497856,2728212.557756714,2290432.1023310265,3002672.0342206666,4901310.4643137185,2874169.2967464905,4350219.688721277,4751787.808948037,4391064.689951797,8106101.469321016,3988457.1911641345,3133609.6008954025,4367631.807810069,4096101.1714621536,3972316.8372545266,6060777.769486075,6974662.129415536,3459418.9785349104,2786112.959199597,4163496.1458576634,5433043.322208508,6209052.527756916,6514036.693259626,5593135.537192244,3433576.5506515335,4414971.187483593,3524217.2933943896,4059821.1312849913,4208803.590899022,4215546.176619503
2048-10-01,3716729.47179229,3463653.413298333,5643478.022076827,5364808.208919246,2947598.222756787,3476478.037234913,7986599.050430931,2899873.786874312,4239408.034999108,2429807.6532526626,3286611.635515369,4455336.2376291845,5990574.624898322,3021426.5720253596,5529642.753691084,5385666.762435405,3900037.528678139,2940207.4133833055,2826482.239226449,3090839.547565387,6525427.341642139,2752929.6933801803,6521195.33197516,2487682.8576242886,4970492.0810375195,4849205.418168807,5491496.352561557,3092637.988786325,3543078.936073221,4638525.5948598115,5457290.572740809,3937997.593600828,3254024.8736228882,6123288.208934384,3533270.005260027,2888160.6516659213,6994598.945166184,4173778.097134161,5632905.314526412,3579690.76509563,2736116.8043608423,7564313.769632051,4514195.691920923,3505812.6386497393,4860152.099019447,2257128.2807587227,4702868.585392993,3694582.392450344,5433915.019950459,5830741.892941173,2776219.4387374804,4929169.128139396,3038245.451024552,3541984.1526208357,5405605.346243615,2175925.214279325,3375939.5098817227,3640652.5926941675,4901094.979229139,4545584.235448175,4130023.0700420635,2687465.098359917,3041960.2540224874,4105250.2600007546,3234141.5653909724,4312585.399497112,4793848.5262456555,3272298.12238941,2719914.585632406,2678723.70242921,2240685.3402507775,2724719.285514738,2299704.6336367484,2999095.26409112,4868332.104674123,2893801.4067336563,4318038.610507147,4815466.329276143,4379646.275731276,8211951.739689745,3985892.598257359,3140243.6812499654,4429460.109171159,4096166.83682436,3973180.566492725,6041438.121893138,7108849.599984441,3533099.9467380545,2785184.341176299,4149289.7192603406,5528406.017071335,6295927.071192666,6477818.099832688,5586751.082786119,3466187.2309922795,4415843.035057149,3489703.448696781,4058079.1872418653,4268836.147324689,4198080.889935395
2048-11-01,3706471.228183281,3466160.2409854373,5662406.8605873175,5358780.952297485,2962803.437427348,3459640.9793596556,7978812.975229691,2895395.3702713805,4301480.5017080335,2424350.8806883693,3245794.447144518,4564510.589185682,6009802.3861840665,3013786.365564337,5418209.4623646885,5398095.934790441,3921242.8020985457,2917881.0686373315,2825542.2509369166,3114907.0041287765,6492886.03379317,2788329.975210432,6448783.8074634615,2510626.3826500433,5004276.388730898,4946402.773238807,5523726.47784786,3053755.8123814324,3516035.327080494,4635289.336787542,5480319.970647779,3873076.415327046,3268860.2655669157,6117911.31821843,3495006.8759481977,2875471.226487255,7043100.988490906,4185440.4489661264,5750892.283031634,3541109.7687873817,2751027.548217464,7659910.549660714,4495885.9422822045,3498379.9174976596,4836906.565586741,2245302.4240760137,4689706.919937786,3684493.485312359,5432256.654528021,5840677.265370083,2812187.350044304,4973520.528294976,3049922.284845537,3512882.555179398,5380080.068093561,2176822.506189563,3391031.231833524,3616333.022473357,4917400.009107252,4587939.501886753,4197288.545074971,2684215.455811208,3100329.4517562054,4192918.056088451,3214874.7183412495,4336933.588232456,4830341.388371787,3350167.245650983,2749934.2718188805,2689267.5114651746,2215358.701766279,2738603.8995816605,2311022.1266340427,2972616.688935396,4873736.052224674,2923733.800407443,4274337.095599158,4845593.811071582,4398219.413930017,8220894.5900342185,4002685.4499841435,3112667.178355034,4458258.321507795,4055339.146652666,4032851.0383294257,6052049.569266385,7198784.652897368,3602497.4787489073,2788325.994373586,4118103.614518862,5689348.045664754,6404216.251861794,6480373.85931165,5552080.123368619,3448162.238274878,4408574.06343539,3487045.561512288,4037412.7863097433,4269652.016424832,4142075.0138372155
2048-12-01,3692815.405374761,3496271.398142751,5626395.924502946,5351833.04435529,2968469.766293943,3417581.838280285,8048589.99637804,2917809.5114361215,4343317.5185302785,2398790.3184267897,3218066.418180427,4620507.062077303,6000240.35515204,2969488.9755995492,5434833.779527959,5435693.123219355,3939043.0880777314,2883147.0059677386,2849202.5381275127,3135008.7312620264,6462046.156940675,2815376.2019784367,6457650.060127022,2548139.7964409804,5036426.777200307,4947976.090634054,5428251.363620108,3019504.381725984,3529835.2557136468,4689740.522631078,5518838.909333024,3822509.8944881503,3298956.9968910785,6122521.450945531,3436476.752302252,2843486.9412588347,7121046.950043729,4189494.5140494714,5821263.422174735,3530532.5609779935,2737363.4010589067,7724470.417333829,4510360.169877424,3536459.992584488,4820916.331821343,2235792.8524460793,4649241.665005689,3715368.28197248,5462714.058932215,5790752.527662387,2817392.031030885,4968111.394315997,3069374.8245300916,3535207.847942618,5337336.724235133,2153895.9821449406,3424647.7709422875,3596863.098882514,5007159.733572651,4568704.2632352915,4201252.943749813,2678909.311435516,3079336.6249577594,4335353.25058043,3215688.474246059,4315156.876834578,4889994.974507364,3408129.987551287,2788614.699461156,2737027.3714854363,2214217.4816099005,2792615.6820877404,2300089.492136778,2945486.1139722415,4837158.166568294,2938871.9861472053,4332292.324695768,4907136.112666874,4420767.898568206,8210837.347260578,4000253.8136592186,3102102.7375033614,4500072.5131490985,4045929.7769527296,4108395.4411696903,6031049.477478463,7232312.926717526,3628143.2862163014,2799077.405420116,4180202.50639519,5772047.1816248195,6471451.894292756,6460582.4960531285,5503447.686021144,3444165.486036073,4347255.041828365,3496995.6383889164,4044418.288574368,4293244.302192919,4050036.164647809
2049-01-01,3699738.788176328,3563017.0781754474,5622339.136053885,5379978.606130965,2998736.0862265266,3400778.772320605,8173463.447668556,2951263.0164234103,4418365.579572834,2395585.234521756,3258774.469988507,4672965.310705743,6012442.280251628,2984059.9070682456,5477243.819969646,5485577.886837453,3931323.96408366,2880244.1374615734,2846744.589411384,3148748.3591565695,6424016.004300309,2861235.214114817,6485356.541853163,2631050.6486134795,5075142.954347669,5007397.522398519,5431767.944959404,3004957.0041560335,3538730.0549938027,4783629.589403174,5525505.737439835,3890844.1920834836,3351775.148176856,6137425.196702781,3418446.4648707057,2868862.8388922624,7213099.159086387,4225733.173766427,5935389.602181061,3544973.0695999754,2763485.0129716727,7732055.85959969,4525242.6772495685,3629824.611783817,4816403.654906571,2241571.331071963,4600414.415549805,3735148.202442743,5493843.575995432,5757674.356770051,2849031.508065265,5052874.020355238,3125614.6744941897,3558031.447964988,5384011.01626561,2154574.6051125685,3423952.8993304395,3664692.79385709,5159883.62259468,4578361.1951172715,4202697.537748086,2685462.57161126,3128859.4376685075,4480631.569046001,3256573.1905325707,4332944.297971417,4923719.935401524,3462011.3645220725,2802600.5550101018,2780511.1620192425,2217192.6999713317,2844843.672868363,2328227.931633105,2987421.6998260496,4863397.74508108,3000758.567466837,4421936.207957611,4905742.89887098,4406906.345005469,8256604.942752144,3991305.0745746763,3085216.0411949786,4522136.322603841,4095834.5133188707,4192216.5395185756,6142189.3848488685,7251127.7549908245,3641623.934077578,2804431.26332382,4227875.696119151,5837898.891861745,6592209.470925358,6440408.077426548,5498477.569731175,3463865.671656498,4423803.160971966,3488839.2479483304,4077926.272236767,4320857.080567146,4005347.9905806384
2049-02-01,3750384.5279727457,3688626.2591387127,5772578.77132858,5447020.120870104,3009184.5746288537,3372469.3330300665,8181472.15260562,2967464.7028368264,4489817.145743138,2383543.248740632,3313164.2811324717,4716997.076166183,6037458.929305827,3010267.5439745705,5654007.037325966,5508156.745687797,4015608.38154855,2906754.7876417027,2866193.2637517885,3171006.3826706014,6492175.063572916,2906277.8201963366,6582129.914417807,2717656.0297437995,5099915.739533434,5098067.69485368,5434496.748961854,3004836.6906349524,3581684.559605947,4845302.764541548,5597025.457635078,3997222.0118082347,3396838.796331809,6214757.7751173265,3408710.756368357,2936472.0165537004,7317198.353770207,4230973.2981236875,6076284.01972029,3593509.2737273187,2785129.4825814166,7739594.195098659,4602903.236082666,3763493.595779747,4853079.402042446,2258592.1528780656,4565755.473652935,3780736.3004153394,5478163.181289375,5787361.733719081,2905777.143292237,5088668.867627198,3178115.8535784315,3639860.3784691095,5489782.613425205,2159600.597725101,3456420.1779760076,3761809.72939869,5377787.031154043,4548717.869121072,4281811.6735869665,2687541.9841550635,3174612.3196793906,4609377.546970966,3295650.349907006,4360199.452498665,4945544.332701561,3516912.3870285056,2814138.696142185,2840898.5904198084,2225319.0813392373,2920176.14749287,2364539.6148000574,3013872.4938666504,4854114.929312948,3041250.127145182,4522204.269825242,4917739.204810598,4415499.325322303,8299203.296945732,3965803.6510913647,3093248.162133802,4622049.477922977,4135206.8168036323,4293382.088784104,6261654.582325653,7311348.084184991,3708429.9307402074,2816544.508901831,4278473.690018621,5896393.019154251,6702842.336459038,6517300.015403132,5457094.242858262,3491408.3622230603,4510312.149191488,3453292.475447594,4192022.442205108,4340848.283489952,3986977.716815391
2049-03-01,3767711.5319620683,3816623.3262429214,5901099.644752564,5492862.241148238,3035089.1023200117,3325081.2356416904,8209168.872991154,2969353.342484056,4603968.961493125,2365861.1922285543,3385332.599114211,4814270.667159988,6058931.761986943,3008556.6199016576,5702857.9313869495,5564372.205179555,4002296.080637996,2892483.9803388016,2833279.2095623654,3205244.484818624,6448199.914994108,2929994.4382986026,6661491.485722022,2757971.2711426285,5067681.906898296,5166329.339663139,5383786.718465029,3003897.4672607984,3583009.1643731953,4784978.699442426,5654558.866685331,4020661.0029673716,3415490.6494121696,6297463.586960904,3381155.373406698,2992916.3264387054,7402544.270877305,4232152.613107348,6168224.3658965,3560403.5098565305,2774678.7400618824,7714024.409725488,4625935.352384403,3864626.208480513,4928695.847323633,2279577.0465749283,4545182.549117882,3835294.1706490377,5453489.266595048,5825442.222544217,2931222.610727758,5072417.231317637,3215928.0907049207,3651966.9961708207,5597661.492009669,2182829.1572627663,3493400.34834125,3837881.9716062997,5518637.197569288,4496589.27059893,4333584.2696262775,2686672.565301644,3227274.7795177298,4723200.959598986,3305242.7882788028,4417950.007345288,4972212.687287616,3513812.125990249,2803706.9691190175,2859632.4156119265,2214796.183095286,2978762.589962618,2387340.23200828,3063895.215565776,4831609.928992652,3088078.4097184087,4518991.796007546,4898819.4673330365,4428461.646205234,8298533.29589612,3964191.990724648,3094839.933104177,4673835.413487678,4180414.0170655227,4369509.916751397,6227382.0198580185,7377246.793340102,3756779.3320301976,2811626.410432416,4332364.261561059,5987606.566666876,6793079.699037116,6572726.971926384,5409020.876952537,3455049.670304307,4557958.129579406,3452612.724477796,4265714.724225286,4327584.889498663,3912780.219609653
2049-04-01,3797103.2824659413,3924180.7367612408,6001560.958741374,5501564.732116655,3074657.0383144007,3284548.886196566,8256698.42570189,2993083.1437331312,4712627.460028618,2389320.312894217,3439619.9809034048,4902579.669423831,6089029.224964479,3034096.6130348993,5709349.5634489935,5636443.027893597,3987708.81154907,2873493.689081947,2828247.4118593526,3236198.96312219,6479493.866835162,2927659.601722493,6703888.594241314,2802010.039993975,5113128.242492686,5238925.485349723,5387431.042634136,3001256.680577549,3547888.41273174,4865004.911562499,5733382.348360327,4069829.063546638,3454586.4597010207,6416381.956301831,3361888.4722554237,3025282.0277637974,7530731.675177473,4285719.743990018,6234368.674592965,3559378.8021945297,2768343.333255959,7757282.098070016,4651780.659878031,3956049.7336439095,5083975.876615362,2297526.332591085,4602172.95260652,3906875.791084042,5487680.672084616,5902444.426520038,2982692.02640816,5107583.967372942,3249793.6398863834,3671701.7060192823,5608292.225714809,2173450.6221407596,3532235.7875362975,3877368.494569643,5599959.877381919,4599063.925930252,4420188.854190048,2698728.2623645607,3251603.1011651503,4812832.755053136,3344136.689910646,4451659.99350003,4978746.427964875,3553220.5923575894,2825564.7988769063,2936709.065361872,2211788.219663214,2991434.377913859,2387111.024218094,3082313.904342478,4866103.364073471,3102836.3709092326,4551554.670371386,4910431.652484195,4415254.144861046,8229760.2590627065,3981958.1150807845,3087861.677313152,4759374.438374389,4182183.7038337938,4413559.810822225,6271177.026157658,7362241.433906055,3791038.7261436493,2812040.0028901757,4394544.027659158,6091386.028332604,6833222.145296406,6683753.424118889,5396775.834924145,3483701.5944862613,4582641.099717191,3481392.0398103707,4377363.32660411,4355951.098771792,3882900.949750282
2049-05-01,3803342.475630845,3990183.3165945024,6044602.324871073,5617816.882699064,3103032.4051692085,3237517.8752832804,8308463.119025085,3003706.0189594273,4814270.646295872,2414701.529438123,3483217.586080223,5030616.429026725,6058815.352520081,3039464.705611997,5631786.409066115,5709297.6314116465,4026624.123980788,2886708.985852015,2853947.491923945,3277361.8319781977,6501565.815251957,2916870.1090377867,6823290.258553354,2837575.650473084,5116425.674045833,5306786.5458092205,5421415.0442986125,3018690.6746390974,3508070.55050235,4860732.470823831,5756468.99029999,4110540.037311587,3498843.2912368225,6537919.661216889,3377525.1659873473,3018620.2407541056,7786511.492769208,4295844.090030958,6266229.488196894,3574396.079116155,2746282.957886525,7815918.502986229,4699809.405746574,4021198.273155942,5224053.490773994,2295157.8787544826,4668839.977876168,4008374.598423428,5511074.967066687,5956392.966544629,3065058.157460104,5176532.706514364,3278566.889499425,3622120.338904963,5614970.877420936,2173955.649469113,3570068.241345391,3962715.108180489,5678442.241734262,4721987.811681827,4517212.0212044325,2687027.455441031,3289515.3364865407,4917141.589051804,3385397.1651853975,4500241.4512264915,4997622.908608803,3590228.204071092,2882687.681690395,2991542.3895407314,2206342.196341711,3000344.431296245,2406801.1179756466,3113688.4108971194,4954999.167051339,3146734.1690607574,4613824.787057345,4946601.25706482,4368040.997968559,8257640.269069519,4037221.6027782597,3039544.1676179636,4830367.737821217,4199579.495944491,4431767.979862018,6314927.324117413,7330895.017510135,3849894.3564194064,2848585.8018568964,4440386.095379256,6142252.502410547,6839051.799694023,6670952.898568248,5352376.469592521,3476321.4252291075,4568128.712923003,3533779.8299382515,4423425.826116535,4405988.837884297,3939115.6079339543
2049-06-01,3817994.616052255,4006200.549902137,6029660.312825206,5647259.373367096,3104438.382762804,3209163.514732566,8272638.076341516,3008697.7770601814,4919881.871810526,2418385.847814092,3509500.5581025956,5149433.962978023,6026972.494652367,3034899.8049913477,5538491.193443154,5709537.36480326,4031943.8191782483,2905303.6651032725,2814039.5442535924,3318033.7486557164,6498864.114829216,2862052.82866387,6931670.687087117,2850740.579005452,5174315.4893111335,5394109.46980191,5427534.838890566,3043011.503925511,3509759.117558104,4795839.1726514,5772534.460243155,4040452.9886929733,3500838.8305997327,6613541.036233291,3413772.596513215,2986542.9732185663,7985609.796811855,4311330.763981944,6242533.453061128,3619049.2627260443,2728447.16383454,7923387.880594977,4675411.159258946,4039117.4677536553,5331210.424015759,2276719.9872273887,4788840.945781621,4085887.6882567927,5659802.606401231,5945634.146024987,3099483.539130636,5195726.429417055,3297781.9046379705,3578233.994328312,5635636.5590677755,2155668.16875953,3596802.133660824,4007864.6932762815,5771289.218232955,4871750.213880396,4594998.3311711345,2685457.075329701,3301003.692019307,4966965.099195819,3388696.033106847,4514603.349109253,4975066.732148977,3610248.4853735864,2919489.695098028,3037891.3872029367,2202186.207393829,3020202.6616209834,2426129.7704933663,3109290.0546164094,5084761.3146642605,3187290.9600857375,4617066.29400502,4947686.736489428,4310475.750777492,8349517.886694795,4060025.016650096,3031836.74035177,4914437.575458803,4138889.2491464093,4383822.470834862,6422332.986342959,7373572.950213241,3886523.5245990944,2851909.6512815915,4548702.533442542,6212087.709052501,6795071.11745917,6655576.208333331,5298340.903173706,3449968.9721690333,4564934.624538813,3561547.5439165486,4358127.0039303,4345868.821561208,3968108.4221994486
2049-07-01,3816592.73445155,4032078.3455893616,6018024.935687275,5599606.514045558,3075193.266222794,3226008.4117876636,8355307.713624369,3016701.6060915794,5036456.870178219,2407350.9335615276,3482916.8766844817,5271747.501941979,6009998.061205609,2982399.735320309,5537255.15999505,5623558.586036262,4055481.5039860504,2890946.3272491465,2821228.691661705,3395291.746549078,6595873.217347848,2836089.887840201,7060099.738830051,2874928.474710229,5144546.045749336,5435784.142389018,5492471.203255721,3069918.712724496,3488945.870651398,4729316.307040895,5752767.07297937,3930928.743150004,3512758.731136116,6568568.626146895,3373775.160686455,2944076.3830134408,8088391.5218581315,4296257.191364574,6219958.90936675,3697317.626404189,2726932.785865584,7979850.475110199,4667336.205831354,4097590.45469188,5399895.35300362,2243515.403108174,4843103.02932111,4123004.8410333153,5789389.027804333,5868555.2006007945,3100220.7782410774,5196379.921714045,3268456.9668015987,3523831.295918486,5652316.452829153,2147088.3393988055,3567413.6288152314,4042924.239997638,5789016.373388085,4922604.783843281,4640993.872978462,2686970.357594062,3330025.9861496105,5005161.937731213,3340006.961846235,4501242.032056707,4944328.77899117,3610907.066207724,2961639.3282420407,3019669.9255384174,2178358.5754427784,3079582.8354686447,2428184.9184534107,3138470.725445358,5109660.951685093,3230790.285625677,4580951.433234579,4971172.556147081,4228426.403491817,8467618.252899542,4070198.47125334,2989919.4547450403,4915455.217220949,4101850.940418171,4299762.770670573,6455324.492155485,7433638.511543928,3877235.237855592,2840001.0739464713,4563651.535646959,6257230.623527364,6685980.408764795,6628041.030360129,5261523.243405194,3378856.6728589935,4610396.80273849,3581752.4596448494,4244576.201958555,4282989.445257998,3988864.388122208
2049-08-01,3882729.400782275,4061915.360652042,5888795.160685572,5452222.095848207,3056386.0428008144,3263907.6020505135,8405436.663157705,3008335.179004988,5117928.440413573,2394146.7009807364,3476270.02312558,5377150.4317091955,6034859.503429069,2897290.402783462,5581190.447143258,5646445.756116713,4065813.3452474256,2890178.016589873,2833624.3846910633,3464021.9061368867,6656460.178441818,2817096.5444277767,7205625.162555484,2911050.9835782177,5102322.684084053,5455721.572101796,5500295.075954406,3049470.6671521575,3519397.856745817,4687614.733997646,5825581.610617253,3877996.860265116,3503822.487818131,6522440.010277356,3334183.760859012,2920013.7848030017,8135725.750689795,4266695.406172718,6214981.232813669,3719435.0698422203,2759207.887732363,7975392.522680748,4601057.90303223,4155572.5843094615,5460700.362429326,2251310.117420925,4881016.774357047,4141609.095737458,5908064.450683495,5781570.36367465,3091506.1717992714,5219227.905814026,3221760.0618593884,3496031.2811001334,5662657.59108047,2154071.300030101,3578157.9430279927,4037868.117106261,5793292.6003935635,4947430.278620442,4625378.717856566,2719454.785047931,3394049.761026183,5037279.455484696,3299689.3340384755,4485242.448813861,4882020.131340596,3661837.9569812757,2968135.073773008,3023214.448429864,2175020.1197574153,3106495.828103597,2444319.994802262,3175426.9348271075,5116651.622731111,3267173.575969565,4552366.481044773,5012804.987789463,4155060.275218705,8577457.491286697,4147482.5871532955,2963537.849775249,4958009.054447672,4082156.352095321,4278682.243123836,6456412.03282847,7548967.648037079,3831064.733226565,2842283.674697559,4592841.425743298,6307560.397816872,6637580.584595187,6579801.603471225,5213567.724352293,3342878.1812495077,4591664.945720967,3584661.6697535072,4217676.4223443335,4226060.55892017,4007298.904519089
2049-09-01,3962910.995498139,4127283.5830064,5852349.652555274,5302801.193215393,3071563.5392087027,3328580.470536279,8452664.015298985,3001790.8690385204,5200872.8631181605,2374984.6706874203,3482630.7048466657,5476106.993272755,6052278.740902496,2862154.030792911,5602730.923715029,5700342.382374133,4105259.0575979343,2921394.7485430595,2870985.711289255,3501670.822804267,6709180.045634765,2784986.235132322,7261824.980539097,2990155.2480890565,5090456.295861838,5524207.914909178,5561913.121484326,3058475.974162543,3527048.192362181,4709351.574934501,5829571.19753659,3881435.1987923244,3495772.275435538,6503148.628085526,3338910.8549098186,2941941.370423915,8250175.008298495,4316408.826535803,6229481.912385694,3763169.5966090485,2805334.3467582115,8033469.796960085,4639974.601494387,4220935.944279844,5584703.456262977,2277535.084665399,4830040.263139857,4178748.5803011553,5998784.086410698,5757363.911758983,3135144.571576856,5267717.629485659,3173668.5594343077,3543151.6148292464,5662281.124931124,2172602.711214359,3592906.7215201547,4082451.5121331466,5823173.869807368,4987935.480145083,4623500.105316501,2764187.5516134906,3462161.4320955714,5079881.780482627,3294772.1890389887,4514781.245192545,4900835.077216365,3696414.290145603,2961223.1352618923,3036568.0939308517,2162471.0547615606,3139280.7652685945,2439380.0743080494,3197460.14871121,5142067.65713013,3295602.794998054,4600856.914708222,5119192.507116217,4141037.268516012,8697498.461815609,4179766.8381552575,2986124.5633130297,5009221.07614929,4107972.0009157695,4240136.736686934,6472282.542902953,7634532.417746406,3796971.0879053758,2857083.0512757264,4614431.501109974,6369086.288926539,6578428.771716725,6622963.737931184,5135141.282699208,3321397.28502393,4585837.67524319,3585530.88536273,4208919.904746847,4254127.881775253,4000733.8397066826
2049-10-01,4018790.1031594253,4200874.4645114215,5793588.61782141,5288872.841448174,3071718.431935892,3321750.401685588,8422896.78289305,3014913.725151781,5248419.046431706,2378082.6319725765,3470559.9676537346,5558222.147634368,6130739.408856744,2838381.164575127,5509301.926953797,5745001.024360295,4062227.408262344,2939101.359960859,2927293.713796726,3532497.6848532762,6671942.762426588,2747135.4802267966,7344946.433115886,3035865.423390774,5065388.230594,5617682.94349106,5552068.883554434,3058529.4968475085,3526997.7671792144,4761658.182033555,5889048.211795049,3924997.7996619437,3515957.2413548925,6531536.26331622,3356504.4301320217,2977871.481015581,8320273.8933774475,4371180.213488742,6286670.091935021,3759009.405383893,2870320.2708050706,8171069.463064933,4663907.713183621,4247465.501636712,5636175.239503154,2322797.966295222,4848385.483203213,4208378.379119203,6012738.542630243,5777195.544113478,3161293.5530081145,5368972.542557601,3189700.9637013595,3590863.0900652665,5635167.563683144,2164507.0619868976,3628906.486657075,4069591.0257315044,5817171.073867729,5079279.6726199845,4612572.555382365,2745686.9526999528,3522078.1038229554,5063957.541989532,3243328.4899109914,4524268.264205282,4955578.93666574,3739737.6870504357,2952929.9427182064,3033104.8986598942,2154312.0000905334,3158618.02647826,2426406.5305722114,3214077.6368868155,5180811.450392838,3299136.8813995295,4727467.528478511,5198583.598095228,4163501.548774844,8800064.292133903,4221093.242364659,2969327.8445637883,4982983.395296704,4102445.2470597443,4284548.485190654,6450663.5941156605,7624026.725764751,3763147.5269690645,2867588.2016180735,4635565.061375734,6392717.657709958,6520127.121377809,6606745.17074036,5091932.20987854,3358392.0150989904,4641831.821638176,3576084.2204661355,4267010.074150529,4248409.019604597,4016120.2192624705
2049-11-01,4067688.382741174,4274709.820066502,5806662.941454772,5325530.249909701,3035890.230503356,3303440.244607453,8347397.342695209,3024301.443616031,5330146.274266716,2369955.9905362455,3480506.8933017654,5669005.71926264,6208351.567231517,2842489.5425158306,5468022.74662251,5843604.328205196,4026352.970501738,2914769.0679752324,2944293.824634068,3510421.681444829,6580587.646166025,2685237.8478029296,7357717.5109076025,3059077.3062097146,5043894.755466937,5661561.506239751,5648065.834150968,3073272.377335975,3519853.032711933,4766742.795413677,5967537.482884351,3910458.4596878556,3501636.821036883,6526527.155395023,3339139.3384273974,3013113.359634669,8359271.8414131785,4426004.679514113,6291753.358887509,3738234.739789041,2877719.4870706024,8242036.820817916,4717234.793998533,4270341.797927379,5697696.1581279645,2354429.696094634,4838797.608897602,4265773.971325148,5932141.996909766,5754488.437488646,3183648.043603636,5354586.851074179,3164210.7112803743,3583745.44784203,5600003.134585239,2126863.3918947214,3641915.974862619,4036459.3294770727,5781013.288703614,5108978.855172337,4619205.082199034,2714110.2374464427,3534666.679043283,5001424.653359627,3177076.9181505963,4440017.2896412555,4979540.972834375,3722668.712902582,2924299.748911163,3061033.6013374706,2149368.0797330732,3193202.4760476546,2382534.946371355,3221578.8769824626,5160290.021500446,3262570.8918420193,4870262.916598767,5260024.433486734,4217669.481347673,8745840.033779895,4217267.831076165,2938653.2607985605,4885628.10998646,4059815.2011836115,4227072.706884618,6486876.993317918,7608218.2676333515,3717912.46702551,2877001.878085176,4668614.660728518,6387526.72708741,6520512.17832486,6560767.856458704,4996067.877282101,3371967.926117976,4706910.56903751,3543343.583265366,4300034.220877832,4257112.31095259,4040938.844080073
2049-12-01,4105452.704635139,4321919.127179863,5699443.962899469,5372342.106009472,3006557.3851447087,3298259.7987940894,8305188.775575256,3034786.0953934086,5396243.03732493,2342861.550275689,3501362.968099931,5759377.846232529,6234688.682261076,2821008.6304700254,5432635.818794241,6029161.53236628,3953906.42181849,2902768.2157111564,2975469.35382605,3489028.5415572436,6549454.131650186,2670232.022793619,7326410.936317283,3047377.377673721,5006903.528236627,5687856.559070384,5716932.434466698,3113224.5071464563,3537824.9276986253,4754360.171883176,6063758.714612193,3890013.094817924,3542326.180211067,6556175.836163197,3351561.7286177413,2998300.217249676,8394082.33599488,4469758.974560551,6272378.274356053,3695075.682881692,2822079.3319799528,8127363.431881582,4734554.20328833,4257299.326554235,5684651.956747272,2374347.404140412,4833986.543399296,4300082.269605971,5805128.553115109,5715567.093282984,3174762.940401218,5339223.807553932,3163072.0176508445,3569256.401868327,5518638.798589515,2115999.7529636524,3638153.85462357,4041256.441873057,5678377.635328501,5112806.298423674,4619900.188480829,2683916.214582777,3581219.1684120656,4989113.68597856,3139757.8688241136,4411076.632605255,4971973.490527589,3679268.410880812,2893890.541468363,3102018.9047009796,2148014.8923560744,3220261.758079118,2343585.267288218,3234957.888348043,5135259.001460785,3237292.453450009,4974022.850331501,5265944.976948542,4224388.829462393,8660703.115525832,4239796.919046581,2905796.7405600925,4765645.667820507,4002699.9648140264,4193662.1736462163,6480681.2701023305,7634281.053163788,3661733.071450872,2881971.2279392267,4727031.42384667,6411943.550060506,6501654.276311932,6587841.074516202,4883907.321471137,3377606.842065408,4774330.1157416105,3562951.238739797,4330740.204505322,4275694.964965235,4011978.1356546516
2050-01-01,4168936.482855192,4372860.178301582,5722389.349654684,5381458.949559482,2971770.386722774,3328928.921492757,8329913.352511869,2999216.35270185,5420858.538046936,2360424.8204777483,3523047.273513259,5872218.488597476,6228325.133278064,2824249.580629264,5412280.320275632,6178166.165650515,3954031.275505608,2947897.0605935175,3002904.1584774517,3536232.3924575173,6526532.824836707,2636335.8931477955,7394071.120331268,3062939.0773621323,5001607.3167816205,5740404.261195232,5747961.659120874,3157490.89734804,3572879.9367819806,4797665.533540389,6189216.637116383,3896196.504904839,3617887.111414953,6602963.759348619,3395193.646014521,3026389.666892647,8437216.034980292,4495427.908495134,6416934.190295452,3721179.576856834,2813052.9555165926,8151392.33041052,4804745.008411521,4286792.361125176,5668328.705163516,2353668.244685909,4869936.319089606,4389591.659350296,5739738.139886589,5717546.427169491,3183042.0154589782,5348897.914142706,3165228.2674077023,3582913.975899337,5524660.835715941,2144192.564347067,3685346.613293459,4115315.711571981,5601800.6965984525,5162148.597854904,4577326.251855666,2706772.3451112197,3650410.2379138214,5018819.943573098,3116629.512852444,4450985.684165694,4934068.5970186,3666126.181103996,2911764.556079478,3141866.4684539936,2171635.9727840866,3266774.4867175566,2339729.806145318,3276164.9635726833,5078481.058229531,3256755.2627495457,5058669.350932366,5308401.465662519,4206697.129042012,8639350.920062628,4231180.072824008,2904418.570152627,4707574.669178318,4075001.9000817016,4156805.859810066,6469623.009361612,7712918.757401815,3672723.407340598,2895155.6288292813,4778823.014715395,6514389.431726882,6552853.686560852,6697862.859515678,4868998.383205171,3394574.600182502,4824433.883251667,3593131.7686976134,4341414.606075854,4349625.733389295,4035787.8670806345
2050-02-01,4237953.181701623,4476954.207514193,5713256.211465927,5421339.0663878685,2934201.575950032,3363517.489662938,8424714.917296225,3030179.808137033,5505785.297018652,2385236.182721898,3565102.7744517676,5989125.796713087,6260670.285738806,2837306.5414473754,5440567.833148147,6407049.489888788,4000583.0400005127,3028912.2006304557,3030349.955669364,3623504.0049823923,6552321.196737712,2641060.2214265415,7526251.404453049,3089966.94324079,5034400.234132198,5787040.07426279,5786115.564486657,3183697.7988417046,3672272.804482377,4867366.626848593,6377744.889822332,3914582.6732972953,3694115.9020524444,6563619.4128433615,3448584.3789617824,3056721.4824717073,8573911.452429121,4536042.981677778,6536376.700688442,3761025.97549029,2812291.082988149,8206673.154615795,4877935.88713573,4299291.214886538,5602789.131025334,2370391.720356144,4954179.104504703,4465305.561225471,5747922.8432069,5757053.349259925,3207614.421186001,5330656.879635811,3179951.353453661,3597700.9893173072,5574635.803195329,2186455.699713582,3719716.1499868296,4257768.689733788,5603807.69858983,5187289.33958229,4580333.869905277,2710522.8343941844,3768956.750099785,5035137.498970086,3104888.3465184853,4601538.0227891095,4935656.837400603,3705374.270936573,2933964.10164817,3181956.2625656626,2225925.816577838,3309823.2817798043,2359810.730905377,3314458.756601922,5053611.62138746,3285695.965549436,5155051.900937537,5358046.401187032,4244180.525003855,8727333.871138839,4232386.379873965,2915223.3915258874,4679760.052888319,4203519.949966249,4124352.554981873,6503141.5147153335,7898088.9532914115,3729964.399867803,2899171.7366099865,4804786.686199345,6654819.114306994,6572618.815261427,6762539.555658674,4899954.090778746,3422193.0228905473,4918306.765144801,3628061.2622538083,4341827.174924176,4376644.2844606945,4071651.245599027
2050-03-01,4271476.6420035185,4558533.538241721,5706153.014276071,5468506.359625334,2912925.3601375953,3393175.211239642,8517964.279731898,3052710.7541866046,5499741.6731489105,2435009.288433719,3582885.5369017604,6023652.060443328,6253763.730279852,2856555.900778533,5459066.814458094,6557018.331921818,4016898.460835911,3116120.378954957,3023757.1354827946,3710622.3946811035,6596848.744895722,2610756.694315384,7572151.579482647,3109384.4368302985,5072621.148782054,5838008.137234262,5764570.9659806825,3202110.9908281355,3750273.8687638654,4834155.170508798,6477910.747128739,3933734.7455917164,3713922.9487631796,6520016.773149523,3478406.3675532695,3110608.474956324,8682133.05880458,4548013.401766398,6585601.931224156,3772517.460185748,2809130.757297793,8315036.163816794,4981736.2542463895,4258463.389117627,5540929.107295688,2398615.5654352033,4987654.350921812,4558533.598988472,5783450.879910142,5809443.306533738,3226509.212328234,5327509.123776732,3150540.5262152613,3583250.398657695,5571743.467021283,2231662.445422117,3729662.7269522096,4290008.05632622,5548713.726560634,5189614.034217821,4574440.187654472,2718471.008313265,3881391.7359467633,5005861.266884591,3080242.928392599,4689955.248765185,4901823.164087165,3710637.4170605554,2957290.211020497,3158348.2870812532,2256718.3730763393,3312115.8458626526,2372522.4982308163,3335267.3350322465,5014037.996937726,3302410.95103278,5190985.2173887985,5391944.882034033,4309277.321667344,8689723.746947533,4247246.691685403,2921117.866202958,4706187.611529263,4267450.722735465,4113821.4784125765,6545618.51932624,7978344.841374959,3745011.9744692426,2850243.571040821,4865035.698600439,6715378.123505174,6573725.203006653,6736371.744707398,4924957.390186675,3415676.6528024767,5017810.247982528,3682159.5510586565,4395402.379525624,4272761.281318708,4078685.885923937
