,iter_0,iter_1,iter_2,iter_3,iter_4,iter_5,iter_6,iter_7,iter_8,iter_9,iter_10,iter_11,iter_12,iter_13,iter_14,iter_15,iter_16,iter_17,iter_18,iter_19
2025-04-01,1123866.9749562459,1113716.2701503031,1111284.1152476,1105947.271686873,1109275.2678212076,1096162.6709838691,1108825.6860606675,1109750.946364996,1104339.9239362972,1118689.5577836384,1107372.907050978,1102500.251092739,1113834.5076388344,1107127.4976006348,1110087.0402529298,1114537.3373949798,1109317.1855700312,1114958.7875595528,1100038.1645674913,1094389.1823149016
2025-05-01,1118388.7317735401,1107719.8568094324,1102547.0951373214,1105007.7098346448,1097934.1239041456,1080194.8685743713,1096716.3465104534,1105768.8167304692,1084901.1910227465,1116019.0588050566,1099163.8781020134,1106834.6808991851,1121898.7043324246,1099811.594442768,1107002.491488836,1113504.7677541776,1107827.3841806597,1100239.5693974774,1083984.3758118267,1091021.8278661212
2025-06-01,1114800.056699422,1118413.5758073167,1098100.804496874,1110039.3393874096,1098884.7288084554,1077157.3389953654,1109007.0547470525,1103755.4078670815,1056456.436514287,1107639.792016644,1092375.2155902246,1108127.7648653134,1127694.773768561,1109543.3592488216,1098858.7734064516,1111567.0283521833,1116051.5981880566,1096710.2962697549,1091264.2130342703,1088043.440289029
2025-07-01,1100274.116661748,1115158.1341250103,1110211.1560630894,1115666.398490103,1097520.4346006038,1061793.9612428884,1118261.6659545796,1104547.1146272582,1032974.3550504564,1113049.1624168102,1076813.2361692595,1114962.295798103,1122700.8798510307,1102916.467606745,1104231.9950153595,1110222.0721080382,1134908.884410547,1081961.0602334177,1091112.023053027,1087781.974028063
2025-08-01,1102478.4866134338,1098196.4114009796,1120478.8101067003,1135880.8420563145,1088904.1201650328,1068982.4571980545,1129198.1223271752,1113456.2915555215,1016122.4111497132,1107703.2410854702,1060042.0722921004,1116781.4756434537,1125154.3370459934,1103748.7453641202,1116103.4354121017,1108305.8563025347,1145677.2398034541,1071904.5343143158,1088660.71180149,1101321.6240645677
2025-09-01,1103896.493873449,1096982.1456645352,1129337.0689327836,1148072.3697586993,1099062.1387518127,1082768.3784670122,1141023.7053485012,1123217.2418423037,1008430.3305997872,1109925.8128243966,1057456.0217562336,1111984.8501383055,1139117.8291450962,1111735.317503862,1131158.6827650615,1106940.4300232804,1169185.497687062,1077164.2235262084,1090454.4053134671,1118247.7050460475
2025-10-01,1097414.7073522399,1093733.2873860092,1144880.9105592726,1148299.7309946874,1089728.6298426643,1093562.7718266044,1146283.373973202,1125068.6215484343,997003.560496098,1118492.8899308192,1042337.6098279231,1104828.426363438,1146165.0607493909,1131008.0264206473,1139251.8952066593,1099735.4130552271,1172529.8826252676,1078971.5046778657,1082713.269365026,1131595.5812419383
2025-11-01,1089658.7437628242,1096221.9982935276,1148819.839735498,1142540.9927074148,1080109.9068090601,1095254.969241551,1146806.7099936607,1115752.4487286317,994235.6970521641,1131618.6194205226,1021803.9102242814,1101701.4684973506,1134705.6817908455,1148896.7777459624,1137410.4287396518,1107347.5320261659,1172536.1040257155,1083629.9340662593,1068422.5756304108,1115395.0962390983
2025-12-01,1081347.8848411753,1099512.4428719843,1141793.3283743118,1129102.3820366315,1068844.5630675512,1085388.7012393798,1150992.2859391149,1125201.8677012923,996438.109824836,1134885.7936786956,1007433.0951950983,1105045.5983013823,1133231.151261293,1164179.2206771716,1138935.760004473,1113078.426010873,1164861.084078299,1081489.5793405168,1077533.5947250908,1106567.8361733432
2026-01-01,1097856.3052292478,1095981.8589427741,1156485.6895608637,1127211.9922138234,1062060.2920142424,1083801.6494227448,1171240.04178903,1140286.6726508178,1004377.2718722227,1147240.8636996725,998896.5147748792,1108673.48981491,1139021.4635160402,1184194.9379167038,1144164.323990534,1115727.6839138633,1172945.8019802254,1071138.87053875,1091357.2588011704,1112162.9247494417
2026-02-01,1105467.9726639774,1098321.8125944743,1168057.5531647354,1140076.2845278566,1073970.413021036,1078182.0281342464,1189071.4119701101,1157026.6730178434,1007430.1403250124,1149291.8854758362,999090.9627227775,1127596.0652352315,1163789.0451312975,1215578.7296135712,1161525.4478250262,1122125.7616830487,1195145.4725967043,1071256.25595531,1099418.8828382606,1120696.0605837645
2026-03-01,1104239.0061315205,1094077.0050112938,1182398.6956959493,1161518.844158804,1082381.3847561136,1087528.003969537,1203432.6890303174,1153488.9773555913,1021787.7146376102,1153377.8739938147,991635.1018609478,1118073.5465410661,1163294.768719549,1240193.9336538806,1180440.4759290568,1122217.6841156348,1202957.416194855,1069089.9441100168,1097812.0356209832,1114535.8775234998
2026-04-01,1116856.9124478318,1103254.6262151184,1204305.609816322,1192238.4073296362,1094287.117534268,1112873.5466760315,1221188.3480017576,1160665.3747122227,1015397.2366092486,1161587.0200167482,988270.8808230255,1114683.6863253713,1169325.402446651,1265760.0073936726,1208078.275176259,1125653.836542597,1200649.3349786848,1091241.1227097593,1106448.0238185336,1125891.9914905713
2026-05-01,1127178.694469677,1098923.4416598757,1229069.4172537206,1212076.384271064,1113837.7642323999,1138528.7209583174,1220719.1134613068,1162597.5329588444,1025188.2699996737,1165385.4865271798,994103.92703936,1122614.131617892,1183044.7021300336,1277497.5998878474,1235912.56442505,1141261.1457828658,1201232.3142148715,1096430.7053167485,1117757.3667908998,1121471.3587514192
2026-06-01,1148176.5378175203,1077260.4865748135,1229171.2279265688,1227891.969918479,1117925.9452245745,1150232.1980853777,1205864.2565813244,1174661.4211946663,1038107.2560886665,1168434.257472466,1000589.9669745438,1128668.028850563,1185897.753128221,1275018.1938463857,1240423.331499933,1154546.611070103,1196748.039669183,1098910.545212554,1137476.9709502344,1106282.0871294902
2026-07-01,1166694.1422524806,1053359.754449282,1226562.930778725,1218409.1762451692,1122607.3383009552,1153753.0525052627,1186665.6470528995,1178533.9957092935,1032962.6163851839,1162008.0832671088,1010766.824957092,1121803.7085982144,1178806.7359336156,1259020.8557266544,1235460.0829621854,1159933.9026429085,1198760.2532402107,1097933.7029857975,1148444.7091068763,1090930.563852559
2026-08-01,1180228.7297443235,1041968.1344370267,1226600.1932879384,1217911.597193101,1116818.1139994576,1158633.4940426082,1168306.1257346075,1189305.9878554798,1026188.516091277,1163089.6306830118,1008825.858455316,1105138.6046426208,1178704.9889007767,1260441.5271285381,1239965.0127787674,1145557.1583370753,1194644.9558277952,1097845.9603297473,1153520.5152539953,1088279.5660137928
2026-09-01,1188911.1019431693,1053003.137824823,1218185.4679093978,1233761.0152169955,1120128.8826078633,1163667.2960689983,1177171.564271331,1204160.846382273,1035350.0151697245,1161519.2200416147,1013222.0934437454,1092408.9409359596,1193371.4868065212,1284374.8755591118,1246851.8890186492,1149559.010174503,1195432.3279691117,1094344.758337227,1159485.3063335917,1089210.0852251544
2026-10-01,1200074.2403366992,1061329.3412837891,1221607.0574444863,1242057.816342153,1134323.2137161312,1178044.8522189353,1195224.0960680733,1212478.777235827,1037634.6449236253,1146007.7995538383,1007412.6842101016,1092761.8996891861,1202783.263272022,1322013.0878814096,1245834.7626108413,1155556.692948108,1190167.6630137628,1078467.5149819518,1165286.605065965,1088048.6031550178
2026-11-01,1209861.56448633,1066713.431401671,1224614.248259189,1241068.052863761,1134925.1775138108,1181566.4643010218,1208009.865059727,1211737.7838010064,1045720.1179287076,1118677.9743182529,1002976.9754805061,1090056.420136574,1205450.6368719386,1350359.1193667236,1232452.393205218,1167137.5085772495,1199285.607895063,1080509.8569115687,1163165.2496518996,1090370.3783010638
2026-12-01,1219526.635316323,1062685.8666525928,1231821.9693947942,1248844.1208712233,1140341.6434723546,1198333.8813961307,1205767.8082874094,1217380.4143075612,1044961.3669863183,1108769.7571398527,1000052.7419322781,1082821.4067254153,1206705.4040746675,1355267.7623066723,1229719.7028366523,1171663.6295088662,1213579.5752295684,1084291.4372071663,1170374.3410640478,1102684.9050840505
2027-01-01,1248609.475636347,1072995.4775293414,1233018.3459575893,1278642.5878278585,1156424.806051767,1219156.564709233,1193835.7908056895,1235741.1392156847,1048437.3206339843,1099367.7230770253,1011401.5799593175,1076565.631114298,1219105.2262232287,1353852.256164901,1220747.7607870246,1176572.7677099672,1238767.153524603,1100705.6938725812,1172054.5238779644,1124388.449387699
2027-02-01,1257991.1775873387,1074874.7046283516,1255485.435531983,1313078.5074556957,1176053.0885694572,1238742.1205682324,1187622.5550947972,1238493.6043499599,1056895.66425409,1107581.199172035,1033443.1747303652,1087322.358629889,1230810.9911616493,1352007.0767254618,1228856.1967446597,1179499.4901428227,1263098.6484180428,1115779.7003423702,1192456.7547279305,1144325.8251319758
2027-03-01,1260911.5224053045,1068972.7080028492,1268341.784447591,1312154.7156980778,1175189.21381163,1257760.4414310332,1182418.855955596,1230471.8657726524,1067890.9377975857,1122400.9883195737,1031277.0746924783,1083145.121445927,1234202.3055275707,1347742.5525193482,1246878.4634974678,1172664.3530074307,1265780.378549241,1115314.5502900318,1208515.562217124,1173703.6870947292
2027-04-01,1251983.1285395431,1089587.135401088,1295180.0926375692,1314552.7692376554,1177749.5612438458,1275259.6119266292,1190115.6405948356,1226153.857189519,1081713.3867382717,1120513.695479725,1035837.1613310967,1092086.8002862625,1236637.6324693398,1342147.1676624091,1262966.2691027028,1159369.8768141859,1269782.1291123375,1101174.6433330188,1245267.3847033773,1187137.4895450599
2027-05-01,1255279.073484079,1105644.206167692,1316940.2098634655,1319814.9084553034,1185622.3645258683,1290253.0275750924,1199549.5414666124,1221298.1760280286,1085463.3658932818,1127542.4631197155,1027259.3982357874,1102922.757794646,1250617.8275843365,1358218.6007220794,1278508.2233954964,1150399.216868599,1274720.2209452908,1096787.9063008071,1261133.1148686684,1190027.000430406
2027-06-01,1265692.06535939,1120862.005132604,1327975.6406261288,1331577.892600227,1185042.8050674011,1305324.7258298039,1203420.4915973747,1223584.101643799,1072581.8196523078,1121930.3146624393,1029820.6029879618,1122951.8419985212,1261787.2255186294,1351587.530835706,1288611.0970010802,1137546.2926089573,1303533.625838225,1098343.5088873613,1274325.2842846513,1185903.583613359
2027-07-01,1282162.6969299656,1127128.663066107,1318982.7311374124,1337086.5359924908,1167278.5388973658,1314974.1797713288,1205158.4358441934,1233962.7626742213,1035949.6880691651,1121915.2789342836,1041741.5081801243,1135943.7276903316,1266259.2332002036,1346615.1571504623,1291575.7993888545,1127994.0560644513,1338568.9101280023,1097161.0029875012,1263804.4879869274,1180010.496719963
2027-08-01,1296403.268897152,1130076.0423117399,1304212.8382740708,1336007.6246671183,1144171.5416693324,1338223.7927671582,1201594.6428612578,1252749.7683961813,1015948.9065631949,1130325.7350196815,1045483.8219641468,1146610.9626118306,1266847.7882904036,1342242.685355797,1287302.261274267,1128408.1437774617,1369786.0993864147,1090077.7315583448,1253959.2927149576,1168344.0276171654
2027-09-01,1316955.978272357,1136565.0260975473,1315419.9494390944,1336510.6807365203,1141154.536510212,1356310.5031867393,1200138.0533320569,1263547.6176699775,1017895.900226063,1156766.961134955,1060039.9918814786,1141433.0719440617,1269445.3206736592,1343567.10539271,1289220.197314916,1149809.2806045793,1387221.7087528543,1098047.9089880819,1240888.9135640261,1170899.3726498666
2027-10-01,1325435.1788798003,1123626.0108255565,1322893.8309772925,1343025.4793545832,1138492.0073664582,1383109.1279881082,1180407.2544684468,1263854.4736092268,1032259.448807416,1169091.7395383152,1065813.7029225694,1130777.7811810058,1261227.4353893143,1332631.5308276166,1284895.1928603945,1170338.3740536734,1387322.6594255292,1109299.2169820438,1229415.4511962964,1172963.5087761667
2027-11-01,1324711.437192668,1108786.9400320323,1320707.0471140626,1341004.7478273867,1129469.6930838106,1396635.5625704546,1175271.8378087566,1259098.966548808,1041381.7785075123,1166902.130338396,1061614.839840092,1108879.1131087102,1265956.1046248232,1329978.1811081206,1290500.74883328,1184390.2537955428,1397419.5820369583,1124972.10119776,1220906.2224070986,1185487.3533955596
2027-12-01,1309035.4438532148,1104821.1698407102,1319283.4161143368,1336646.246456078,1124678.0576112054,1401028.4092578306,1173758.067165487,1248423.1541696147,1034375.6247815517,1157287.5920134028,1053524.115956261,1111949.9338099724,1259784.1600350025,1328295.6832096942,1305413.1129099552,1188646.9395450896,1397131.019988185,1116588.5671631915,1218623.2084073243,1185219.9551329168
2028-01-01,1311089.66591949,1104180.0524921494,1326330.2578182349,1363623.6793449824,1114154.2940060059,1405666.497041611,1180582.336966877,1244544.3293036455,1045044.9871153516,1172752.241591288,1051534.649526974,1127336.4768458444,1274674.1804775598,1330533.0022898668,1338506.6710901954,1188386.5206661746,1404021.7777462355,1131576.458049269,1215445.3999917984,1214381.426767466
2028-02-01,1330818.9309525983,1106234.0634194713,1357172.2391359676,1397266.484801988,1125443.4130954877,1423431.807536879,1199287.8100529583,1235239.595700575,1055971.579042923,1197131.541066528,1055461.1425764482,1163376.7780367625,1290724.0046427976,1349945.6136607556,1362795.1370423152,1203257.1103541981,1431702.0613916973,1141640.341066928,1222201.4442712103,1236301.883673279
2028-03-01,1369512.4878678895,1114672.9486463561,1358002.2088192485,1411497.6205273035,1142200.7878046941,1438491.3257235326,1227618.761028049,1231535.7908083303,1076744.5132802408,1208027.9378145528,1058785.6948602924,1192643.298086677,1318149.2128747627,1373059.320154149,1372246.1554960907,1213595.1833084712,1470319.7167772918,1149996.0244098078,1218616.6825472699,1251631.0457274478
2028-04-01,1416978.5047742345,1118460.7357429783,1365918.5697864986,1427772.5267836326,1159130.5536746853,1462614.4492609545,1247838.4852255885,1213142.8542907524,1085927.7444707542,1218379.5312396982,1068432.0841553255,1213552.6346673116,1331200.213594324,1397709.8146356703,1369260.919094553,1237872.05596268,1505057.7780769619,1149229.3136883196,1212662.2934161257,1274783.707082085
2028-05-01,1445755.1244140249,1127723.9010557304,1402472.641661662,1454967.640623046,1176715.924478679,1478913.6426172697,1270857.798588688,1204103.0028579968,1106030.6582246658,1223096.8481924878,1078969.5354831405,1233981.9180587914,1340286.7709984353,1413261.7958828183,1380768.669637684,1246209.0022866994,1538614.131263213,1156971.9298698227,1200362.4218036837,1281909.2712290154
2028-06-01,1447924.1567184639,1118684.9066072435,1425817.887040268,1469035.5794697332,1166615.2930315512,1508595.7721843412,1286575.5184426,1183505.0822662911,1097086.7237054303,1214352.3837592746,1068121.401143529,1240169.6491620436,1335938.130960043,1412510.543599516,1389551.6847928725,1267740.6530544397,1563267.0648111885,1156212.491773716,1191155.134825148,1278222.7003454806
2028-07-01,1431482.2136440272,1106522.5958660424,1454264.8493026204,1474319.8685833178,1157044.1306771862,1523429.7710437428,1299471.5416274243,1177421.8909968385,1108192.300220939,1226537.1455364465,1061460.200488662,1237013.410148596,1310464.3232849676,1399635.9909809881,1402562.8215813355,1286826.812296694,1592555.3562464744,1152336.0832196441,1178618.8154410112,1285106.7424153367
2028-08-01,1427588.9806512587,1097336.44003083,1484023.1309313283,1489502.7332862788,1155955.4098081954,1542798.5532507938,1301296.1629467576,1181032.2293140881,1120123.4094017693,1234474.3436530593,1058000.4678909509,1242409.0126725761,1291558.3382347268,1376582.869447219,1402677.738799619,1313173.5527803616,1601035.7915202407,1128553.736974671,1174625.733372151,1308796.1917931787
2028-09-01,1436561.284602334,1100529.261207871,1510977.6553483368,1534397.955010197,1171567.001864582,1553013.7816495192,1320695.1423698273,1189707.3754758283,1136691.3467880464,1251780.4970292302,1072500.982786437,1238909.2517774634,1285333.5165965883,1380138.19578538,1409478.7136478112,1341443.8244651025,1639540.967031964,1110097.497610559,1162246.3772561036,1367540.4627952366
2028-10-01,1431286.8334648444,1111150.145907774,1525573.2649821998,1571858.0607071982,1179933.9382567795,1547340.0416574923,1335154.018791969,1197840.122904618,1131835.319585788,1261033.2876101888,1079667.6850949386,1239883.5472250707,1282177.2333564959,1394679.6275978968,1430661.3307843662,1350815.856959218,1674713.9375260668,1102339.8762590932,1148567.2533346268,1422265.1250519538
2028-11-01,1417216.4663477782,1114183.763189617,1507399.7367113833,1615315.1708386797,1174028.9748883282,1544566.1458833516,1350309.3817665854,1182905.5034346238,1111483.8965359011,1270631.1493366135,1087699.463603687,1251568.4916088488,1291955.8290647373,1420744.325241963,1445306.0023958287,1342591.4352435505,1711914.4643175665,1112587.641441948,1130083.8013648812,1453278.216880338
2028-12-01,1401090.0058051755,1111783.1263083539,1489669.7879950479,1637476.375882328,1159501.4559495174,1561581.8196213832,1364650.029322678,1187593.6734956922,1108168.3751180028,1283158.36943755,1100175.0690767386,1283504.8722531141,1293445.1636240187,1438267.1664940063,1462590.7339596383,1329414.6484789422,1754508.6470715068,1121506.2446802119,1122925.21772465,1465665.9633109067
2029-01-01,1405906.3265818197,1115539.8316208187,1484814.0340366124,1664804.7621839105,1165212.7234777196,1585424.9389448802,1356005.9722414801,1198239.234708175,1113108.019094462,1289258.02681264,1110765.0997782424,1308647.2693647651,1293953.5577233713,1457679.2273276148,1502387.9221610804,1327301.534233475,1799874.9167712028,1128531.7909879098,1122782.0933726602,1475265.8721158162
2029-02-01,1427705.4450837786,1109528.7342704416,1470552.8342807135,1691242.4354434134,1181626.8956326249,1623814.1609372832,1365906.646765031,1218563.6924584794,1145820.26654947,1303873.9982695342,1124339.4691992118,1311333.6408912719,1294963.9992145656,1477547.257941637,1537602.4536257929,1332790.8209408554,1861363.574168254,1125058.2604169445,1121800.1738922142,1468647.6158877471
2029-03-01,1451110.8476998725,1102901.3792431916,1464668.9579179217,1714606.8478769953,1194431.9066005114,1663883.9125005752,1371662.8282387382,1208272.3494054729,1171626.194968336,1319523.1539881057,1144398.0267229422,1314259.7450646455,1303882.9012696182,1477654.0302142624,1549895.155909118,1333824.3427887561,1881848.6747194214,1123529.2975883195,1108990.1883867744,1467242.1010516505
2029-04-01,1457884.7409113976,1110561.423826539,1474882.6921765849,1738629.184321206,1191357.394106991,1706694.8015143806,1370659.899972766,1222862.3364328605,1183695.9854374912,1315278.3115455143,1160666.4979054898,1318093.7741239874,1318648.9337872388,1464826.2250121688,1569909.4283916769,1336601.1311162596,1894008.0984453529,1127140.8946002326,1103186.11586118,1481233.2098979244
2029-05-01,1473760.3424648114,1118224.426617559,1488306.365912468,1765720.4678498881,1199220.0703761275,1723186.655601258,1369862.3371247519,1232527.623188276,1187537.3229202237,1315158.5368251351,1195346.1883968906,1336986.6246292577,1337845.7278261774,1472994.9294378636,1596080.0371761136,1358027.1838528912,1902945.635170954,1119344.6249331252,1104384.1176364273,1484030.301711563
2029-06-01,1457454.8084916752,1123763.9464961844,1467976.168746066,1789518.2857346141,1186715.9213054103,1724428.8685949855,1374663.256869944,1223511.2179243937,1180279.779044613,1302491.8423249973,1212388.4360222144,1355623.385134906,1357783.0940827755,1480385.2476695403,1630517.0868306009,1375650.4532622031,1900398.3801009837,1137121.0714868724,1110916.6504816185,1487736.4845235066
2029-07-01,1448761.3184059646,1120586.4295886778,1447784.1928575896,1801812.4805053035,1170073.6845448567,1693610.903930115,1363045.2751525939,1224302.867910791,1163900.4553939973,1287359.1793336263,1216880.2529036822,1374919.0160227611,1373123.3261709379,1468496.1114360557,1658721.8036785522,1385814.2962568132,1894692.190373813,1145849.3570504594,1118169.4796480387,1475837.307876053
2029-08-01,1440192.2494573356,1109298.3251861096,1438072.8419862993,1817321.015205683,1146471.5120431834,1655702.7674324815,1366349.849412042,1228865.476144863,1150338.3609548279,1265845.775654773,1211804.443389241,1389095.6359346998,1387513.0087015333,1451066.2739879547,1701227.5921558666,1383146.568867183,1895080.3190148189,1165629.926504514,1104839.8531468492,1480447.9370277175
2029-09-01,1423554.8808052375,1099032.5539922016,1438289.9878708029,1863627.7703792835,1138775.5485082897,1653712.7399080102,1355228.3271936432,1233631.914269521,1151479.2019149538,1270767.1429367296,1222515.7813123674,1414417.8663397122,1402363.062562992,1433797.9418196057,1731091.9030306812,1391613.8973413275,1912687.0740914019,1175076.2132850336,1088694.8652164433,1513505.299615734
2029-10-01,1414447.5457404505,1085771.3113915082,1442376.621549683,1929232.6247793667,1148512.4961790629,1657105.1687382343,1340896.5985280983,1248600.708747249,1153158.7327900876,1276578.1209192607,1240558.4140490112,1449398.272074208,1394654.3428844858,1423747.378743965,1730537.8610362958,1404972.7180206631,1898834.4374819517,1172998.6201319366,1083444.7395572208,1540128.4904720723
2029-11-01,1393319.0231115667,1084642.960041908,1451193.572518782,1992575.0740628117,1151870.9276519862,1668252.8988990085,1307567.893547103,1256208.6161486611,1145936.8749018041,1291163.0904521071,1239725.6895926574,1456133.8628413603,1387865.4395995648,1396889.8316398154,1726384.6056357916,1407585.0951537022,1871600.1106542912,1168361.141664392,1066390.81769669,1548679.4549796707
2029-12-01,1385583.4742796144,1085256.6564929278,1453206.5569919948,2038372.5988997295,1143902.5459034708,1682503.1706227378,1284927.8364385474,1252296.4084121229,1149712.607569221,1307106.5765852276,1226385.816071157,1466621.540473718,1414021.1662600888,1385252.595914883,1701790.8774735276,1400256.385201397,1863108.0221813235,1177409.5871691175,1052996.6946313307,1545127.300530072
2030-01-01,1389637.540440607,1105979.2846000048,1453467.9133417176,2069848.1554092746,1156893.9704422005,1690726.7123150788,1285634.7924555794,1255039.3865329556,1153358.612411811,1315222.067951545,1235226.5182900524,1482693.1684814636,1444210.14918591,1393901.5082861406,1689220.061008866,1387180.9286991928,1855522.0274392052,1189707.7787528133,1048011.7455054076,1547743.68733965
2030-02-01,1394213.0208180905,1120171.2598243202,1459943.697675168,2078197.6348552802,1170485.0513930412,1700823.6949480418,1325504.0596195273,1242389.1906754556,1168309.1056765995,1322836.9284513716,1261454.4193384585,1511677.964304963,1513336.275811013,1410876.0506830642,1675643.8515229048,1396031.7594242657,1869174.5627013638,1203541.368223469,1064790.533241944,1540031.4551260015
2030-03-01,1397353.25071852,1129386.0731882008,1478998.8068699292,2072818.9356996284,1189573.640979559,1700317.0176176415,1345818.3364424414,1228273.321717248,1181643.6104973403,1326124.50299397,1297060.066147164,1529733.0077342093,1566869.2390574608,1406683.3254628368,1680307.0935064736,1405697.9557261872,1883094.1656499149,1227677.5963913358,1072652.4890909821,1532204.471202014
2030-04-01,1403730.5304115876,1132596.8078262024,1497062.7503796627,2078376.527766966,1191639.6172084094,1708407.0874679151,1357294.4093894246,1217634.18427293,1188932.4952557015,1320176.905032186,1332402.2373244956,1555802.7695078158,1612416.6631024666,1418031.4542572391,1695295.6939091256,1416999.2287055815,1902634.9374435015,1256331.9907003613,1087671.5175614196,1554261.0409232045
2030-05-01,1424244.4956327374,1153827.1513370236,1506398.239071303,2082298.043612414,1203326.5859706127,1707289.343588543,1361014.3068630192,1222995.6629161774,1199144.2704134146,1313004.42153964,1378540.8117060163,1572220.7450357699,1645995.9956163093,1416541.239749117,1731737.591023843,1400615.0832592442,1923586.3950255637,1288717.9530150068,1111236.130395436,1586945.444176311
2030-06-01,1443302.8290273468,1169596.818941878,1508707.8684331842,2078139.1150291085,1201496.1505467999,1701352.1125406337,1352203.8721054678,1208205.1479003385,1192544.529331306,1294816.0583828485,1403587.4030420748,1575900.0467922846,1681469.1659214455,1407381.1208838949,1776024.1451075785,1392500.6431679446,1941517.3389690465,1316216.6879649123,1116186.8968760474,1618639.5770271025
2030-07-01,1451313.6529706614,1178456.3593978395,1542874.7401745063,2063546.1094790096,1189352.9034746464,1713208.074040806,1342038.26520014,1198201.6826081236,1186299.6521905204,1255652.731610609,1401635.3730326944,1557985.4208027143,1714311.587938256,1396035.667911964,1805551.8658741135,1380708.0517508064,1956158.5164239472,1334782.3904261645,1118543.4949280382,1624044.6068397134
2030-08-01,1435202.6930878542,1172166.1828437715,1585318.003784655,2054123.7514028132,1168099.7055959404,1713469.9942383734,1339106.767298445,1186038.960101731,1196470.6055443909,1250529.8569099929,1393187.1330649043,1559900.21475531,1740668.6690219229,1381853.1347488784,1836005.5172731888,1384887.6506993268,1954222.211202835,1357178.3722573114,1114785.8650195024,1622465.7151701879
2030-09-01,1435886.1360862032,1181324.2218073797,1612812.3903823423,2046625.4240896537,1181099.6321570268,1755454.5434158947,1323496.3204789762,1177000.5210159423,1213968.7089508725,1248914.3600043193,1383032.8640160179,1557507.7525614586,1748224.9379825694,1407467.1289374777,1834911.7828296334,1415302.5723193276,1953630.9382494432,1388976.0064063133,1127639.576644769,1633631.5763509816
2030-10-01,1430101.4066623426,1200423.5503801352,1616587.9336687007,2045157.9159853696,1190097.8005693774,1787003.7555339583,1321418.702385405,1162275.736112662,1241097.2485741093,1253817.5164630562,1382373.7560118958,1531726.1266907316,1743338.4631298739,1443610.626740152,1838943.4619273292,1456259.5626259854,1923991.9664148071,1430023.2145083451,1126082.333969652,1658198.4586559173
2030-11-01,1436630.8300389082,1224577.2246956443,1591823.5421032652,2040881.0553710659,1181810.1333468321,1788988.3039262416,1305868.8156742076,1150022.7363027562,1244022.358685645,1243222.5359140811,1383331.1865446072,1517375.273495009,1739068.73198374,1474977.8424978873,1852415.2886280194,1490818.9042140397,1906874.1780666013,1457350.0736211417,1116579.929260584,1684108.2219009576
2030-12-01,1443241.433815056,1242490.0721429922,1582579.000394834,2040249.7672772112,1176953.9419647928,1781986.1982093405,1307804.574256816,1149284.520920077,1230409.5909401705,1223912.4649821934,1391202.0927824208,1512371.2234884375,1756747.5411138732,1485138.2268594746,1853195.4102316953,1488305.3266570175,1923755.1991039421,1475370.1400760475,1100308.9308480958,1681577.4173579183
2031-01-01,1445105.9697245162,1268109.2265441096,1605187.1638419032,2074323.8288748194,1169415.6642665484,1768636.8947321358,1299436.6104972074,1160695.632008528,1216784.5837179504,1220773.6770383446,1388151.2460494738,1524462.3123358903,1776883.609476251,1485375.8363475974,1863470.2699350244,1502872.5553775122,1980525.1834763396,1494395.4132331326,1102646.3675389255,1699621.1573560971
2031-02-01,1449350.1497888828,1302081.8147761675,1651790.9212003164,2119795.991848428,1175009.6372490362,1803492.5618533404,1295067.071210343,1186582.2341786218,1232565.123334857,1231746.7713947291,1387635.0655552691,1529410.3300076174,1790023.0573681877,1509582.3992597025,1905532.863923517,1517161.2600161734,2055345.336964375,1515795.2814011646,1106146.788387529,1703110.191852269
2031-03-01,1459012.5102825535,1321099.6204244876,1684538.3957574056,2165288.943899382,1178830.5141064844,1840316.5950672668,1312090.467957299,1205238.343889834,1239416.5528443563,1236353.925943141,1390325.1039516216,1526254.4080857695,1810540.6870400433,1525878.4485300605,1942719.7260455377,1525894.4640128557,2095896.7259809668,1530734.9161824654,1101546.237506401,1702808.2622488083
2031-04-01,1474216.0355731028,1323215.9442635714,1724522.2802630104,2176589.425925437,1194939.103926232,1891607.4168881108,1333415.5862645777,1233640.5624856227,1271571.8898117025,1237926.5255055067,1391073.76094717,1538479.065881931,1841324.6152533074,1545869.3789439974,1978645.0810931178,1551495.4160047953,2112347.1320822802,1536958.6028404734,1086580.2019624226,1704775.5344115223
2031-05-01,1513771.2151444023,1334326.0017629382,1737515.5144683293,2185932.014833669,1214196.9783034287,1916576.654973024,1351143.6335410618,1246679.0012018653,1293649.472965308,1245567.2732218124,1390913.1148051042,1551319.1618750219,1880359.0111369265,1560272.3347314335,1995813.3201735297,1566049.7463569464,2129357.354057146,1530156.3543648948,1081157.0571369613,1709244.2742844012
2031-06-01,1528367.09503667,1333648.6584591323,1738203.6196913605,2215368.8245186373,1214860.0658173787,1914205.5322741566,1352142.5280437483,1258102.736701071,1310953.730218996,1235819.4202964415,1393011.7226713388,1550416.1507398773,1915585.1826409611,1573371.80712941,2025551.5023049763,1555448.7088169141,2141872.2759779543,1518287.657829769,1078177.4561832133,1702633.5003793964
2031-07-01,1535167.6367521866,1340712.113035067,1724699.7567288398,2234328.505528979,1210672.1635762283,1897370.7254321538,1344360.443778413,1253696.8212470263,1310507.6090958188,1224201.466692046,1377971.0717287287,1529731.5411347272,1963083.476761673,1568435.3489613151,2016576.7681104091,1524754.3116711464,2172773.132640214,1487587.89244173,1076499.524541827,1710070.1138833251
2031-08-01,1555414.209273644,1355899.37912492,1724852.9823261416,2270480.136506892,1210850.6688230294,1883181.9574368102,1329481.2494945626,1267082.808677691,1303770.098301717,1229362.9528608397,1396634.9650754128,1507962.688851503,1997869.9860964983,1549414.9307810445,2022260.424653077,1501028.0757891221,2197005.517173507,1436381.67181461,1072903.6198339981,1731898.0777659335
2031-09-01,1594293.7646652812,1387013.06598471,1714059.9978203818,2296626.0764536564,1224859.2140544178,1904329.9764531676,1345273.4389202385,1273131.6490062214,1322489.0061522434,1237083.503138597,1410939.9631084,1494793.016795009,2042951.4762485214,1550886.8428891595,2024162.8668038812,1497193.753185045,2206457.6126622874,1402188.7764890445,1086291.2081893228,1747363.2014428985
2031-10-01,1612426.3860205999,1390769.2813707225,1727120.4065670276,2288885.602429078,1233882.5604897882,1927098.9430272635,1361499.926173241,1284398.494592063,1339248.5203207196,1232425.2970561353,1410643.5635568625,1500735.918535367,2090052.0708147283,1534668.8419020425,2043997.5867543186,1501388.3226345726,2211852.933079933,1372791.6690600123,1089131.53411811,1757447.8767371196
2031-11-01,1618428.7089160867,1386801.0858392576,1754192.2460973472,2261583.0199185302,1232186.5097353323,1930220.6772331512,1359403.8152332096,1293003.9580633405,1352793.0002670847,1231093.2705894564,1426353.1668041514,1499548.1388293025,2088553.9931095343,1518109.8370483927,2070013.7981612498,1503512.5107186968,2216312.851612972,1362292.2239625077,1095476.6962112887,1737247.9389320388
2031-12-01,1615419.8704565584,1369289.1745115996,1774598.5962908438,2240754.0283672223,1231991.2081360384,1922014.5042534363,1358291.6830937243,1311717.121994826,1351137.039845892,1223634.8047418154,1431030.1774459537,1485387.4238442548,2065309.0213905144,1498487.313607172,2092927.181106108,1511930.618207392,2234976.1549936873,1351962.0482653906,1103853.3045838305,1716128.2632940358
2032-01-01,1631567.076086176,1363920.6755996468,1806552.553374211,2274724.7445726087,1238346.287641588,1902688.484003654,1368155.9856639428,1321203.634175501,1348907.5520822608,1239729.2087853027,1438328.4460471005,1475589.4543443108,2050814.0217845906,1496715.2492292179,2096525.6525923803,1518337.2826775224,2266022.57595793,1327691.332355688,1113424.6613063659,1705237.641103128
2032-02-01,1648082.4356545205,1372832.6625454412,1827596.8203786616,2348387.142137751,1271072.027141611,1900910.3188181925,1388150.470071714,1341078.8078196486,1367668.7632599105,1258083.2076321917,1429061.254951544,1466849.4028833727,2057468.5942919196,1489697.2309349973,2097968.0484431386,1526748.9813368653,2316955.422324265,1315995.4356995244,1128302.9162490442,1709520.6300033936
2032-03-01,1642297.736185953,1368727.6083401875,1849878.0023493588,2424394.0972809894,1286948.2319392564,1895416.769814284,1409916.7227536654,1349837.7147579174,1402454.8375984973,1289667.3684522987,1417730.3562866098,1470193.1856286228,2058732.238090035,1493298.8929448125,2084157.711746114,1539938.7399664698,2323233.667524955,1308345.2029353362,1131042.1191985004,1725576.1055978264
2032-04-01,1619088.4956961824,1374438.6401085197,1861628.7387918083,2477747.093540454,1314905.4270806836,1923305.9136923582,1426690.0314933828,1365835.3483064985,1434303.0111185014,1300842.080006534,1414751.4702573884,1479410.484365067,2073809.1219863815,1492910.899968828,2105310.5819071713,1562401.6060081276,2331424.9842701643,1320435.670207716,1132181.4329038896,1734012.6285358432
2032-05-01,1588862.2610045893,1363001.3924264833,1881709.3138487914,2521352.2791677853,1332789.33378652,1940475.4931945864,1424279.7151379844,1371809.8379941343,1461995.0835600237,1304424.4177034409,1437981.610100389,1491583.6731248403,2084930.8441090798,1489051.222550927,2126794.3141542086,1595555.2705578026,2335432.1674213842,1332034.6656098359,1153658.79035433,1736942.4191418218
2032-06-01,1572798.351577624,1372177.7995920088,1888427.5689741382,2494485.3350652307,1345854.2291437318,1934021.6632265316,1413248.9341078976,1366651.107711672,1484017.6122860105,1295240.0070068135,1464657.1647433562,1487678.5625918654,2099406.499500781,1500890.2091997296,2163731.3558026263,1615736.0922430265,2313508.2300973097,1346223.2958693006,1179485.4207706552,1723361.7819624753
2032-07-01,1572986.2422111272,1360410.7712341927,1920746.8946558405,2490770.1938259657,1338947.979962136,1915006.6144519798,1400739.9144749055,1351489.7683793544,1493710.0325228057,1289692.8652703308,1470581.9155538979,1457045.5994802194,2073574.0535312216,1493675.7581990329,2175256.5396885523,1615104.7582380755,2299503.2090728125,1352935.1569015877,1194761.2903475908,1739767.6415325142
2032-08-01,1566778.3318068625,1362313.0081006454,1953138.858895605,2485962.7204226647,1317830.9025293866,1917861.054596112,1407953.168759284,1348243.9704098578,1500894.288946257,1289160.0218495345,1470281.325934646,1441643.1141924413,2077988.4674164767,1476456.1515688924,2191365.954603211,1609849.572506965,2274319.101844907,1360149.6369374683,1195396.7033198222,1733951.0205811025
2032-09-01,1569413.4927246242,1390858.9368400583,1989155.0772585287,2501652.614212968,1303118.2397049144,1926000.4315860143,1407113.415775461,1361705.3398252667,1510376.5980773494,1285002.0214232828,1462614.2884198593,1436116.8128829226,2094666.8609110175,1451635.6218866494,2239393.058366605,1616127.8111513585,2308542.3147080783,1361088.868383683,1225834.3039244476,1744561.4463162944
2032-10-01,1558881.6258445582,1426125.0802567427,2042359.020171871,2516987.111869704,1290849.029234065,1953276.4940190413,1436426.949929512,1379648.6909985042,1513480.9286081835,1293449.7278320405,1444682.0671109788,1446811.5200722665,2121969.543749037,1428938.0503006128,2252247.7471696124,1637144.3731703006,2311248.855675983,1370697.7714857247,1234409.9715841748,1734220.5964903582
2032-11-01,1533225.2667870186,1423663.201813055,2091083.034702363,2477868.8337208373,1291798.6241591896,1987250.5259657525,1450007.6292471814,1396675.2851135924,1533009.6799422156,1292436.588140376,1445858.7001324885,1456679.2926471909,2150343.8074875125,1406288.396278666,2268851.855013994,1646544.4770269396,2348505.34527968,1364286.643284724,1246862.0468669476,1721368.0944709703
2032-12-01,1514703.9649852272,1409599.5701363105,2129369.121950689,2453904.011468796,1317899.464544397,2011950.3953655756,1455236.9104280872,1397910.0744211196,1524153.5416564674,1278716.8563612646,1451732.089266236,1468205.6402432183,2174478.367068771,1399361.605183348,2275708.321646787,1652251.2341772325,2347384.6653767163,1359046.1240504005,1252716.1842050483,1710337.9937153365
2033-01-01,1517870.539824277,1404281.3958726735,2154483.199160817,2442131.01646642,1363856.7052762094,2065687.8723997453,1461565.0145190451,1401801.2279687603,1524565.0395447956,1271381.59160564,1469253.6840550236,1475363.4116994478,2213126.5787061444,1406555.030350976,2291500.3470119573,1660788.4276912573,2381747.545125005,1377872.4574438408,1272518.5408655345,1695029.351538897
2033-02-01,1530915.2230651712,1416274.3922139262,2183121.9426790327,2463817.9575285357,1397737.1522441835,2114561.2626849664,1481367.3693773304,1408027.1875329253,1524960.7282687966,1279067.4978492097,1498534.9058226713,1509304.4752634086,2264807.664865295,1425055.0382291118,2324299.4247083487,1659233.368075224,2426658.114627051,1408232.9630229874,1294491.5225576148,1676546.4571004605
2033-03-01,1561173.4050490118,1435195.4743035862,2200928.9616832524,2447203.829771549,1396418.9477319287,2148849.761769479,1498493.9748010158,1413077.658554294,1517139.5835611292,1282859.0714609602,1510525.6221672518,1507298.3600026036,2293846.022240547,1446490.2674441845,2326116.7494110772,1653934.4440873356,2482369.8060237975,1434384.7868747246,1304775.031618293,1660956.2246484563
2033-04-01,1589466.496421995,1436533.4051100914,2237255.0344881313,2460982.022010171,1409185.8427289883,2172090.272803179,1519226.0065064197,1433665.6094834325,1515734.339372671,1293126.312350927,1530803.288236915,1519417.904181518,2327540.405650421,1474208.2368900357,2313851.4468619158,1665302.4729574195,2537761.981727324,1438625.1715749186,1306963.6643197439,1663216.3637945119
2033-05-01,1636379.9335164246,1423932.3060056285,2267607.9644137877,2470629.7684095674,1418108.3110884572,2165508.1936519295,1538021.7943950533,1459603.0754249291,1529121.4885294337,1285539.5189022347,1545351.1552423835,1534886.4724404411,2358722.49680076,1469782.8889884986,2313042.934533806,1669684.7400565103,2564147.945255095,1446213.7447972575,1305448.2106012334,1688471.4016893504
2033-06-01,1652842.5889046844,1409305.6363693352,2257951.047426151,2492360.013448671,1430186.8036694436,2156656.8062893758,1556775.9277417518,1473980.2591178266,1517273.299871647,1276103.6658951563,1539938.762605582,1546863.3522286178,2376495.752840479,1459969.1246264374,2325814.3419648227,1651703.2950861163,2543293.968895871,1443276.2556126055,1306235.9646515555,1683223.5152591192
2033-07-01,1670213.750272124,1398201.5074629628,2254934.714722183,2492494.632679909,1452666.226010317,2148170.488281859,1554573.8223202066,1470839.8098132468,1512504.5689210403,1264447.1521137592,1527147.4810421676,1541214.6974758247,2372655.2614228274,1444172.133196039,2348808.87883923,1607637.8740850638,2505617.509150391,1435010.7601450894,1305234.2551191326,1659087.4577165586
2033-08-01,1686158.9652907578,1398757.4723707952,2285661.166133649,2504574.952698157,1465481.042678694,2161701.769216491,1565887.7589649644,1451616.2814394857,1500253.2914772683,1241907.7804468733,1533654.136247829,1543669.6820168782,2360913.473920158,1437063.9449789622,2357611.7237451137,1578025.6421809422,2497291.19546127,1439830.5707990527,1322789.0379738729,1630198.1030150887
2033-09-01,1713829.9927475315,1405209.1102607758,2319550.7023731656,2531665.271900086,1475331.1708740871,2175139.444127911,1601035.8983970014,1446272.4211212213,1495977.5618960224,1240419.5143221389,1536041.5469385455,1556349.589068885,2356915.115042361,1432477.9864601076,2357395.3890195144,1553337.3421366834,2506271.0851527993,1444088.958597908,1342296.2114755183,1628657.521416676
2033-10-01,1741904.9278572397,1424021.0071376723,2354041.9127983996,2558952.446998285,1474785.2775005489,2195046.8007348534,1634930.0219212645,1440210.035226823,1505521.570688977,1233405.7643869144,1554053.0566170923,1551337.6284398953,2346072.012175806,1431566.3547480528,2372862.0565845994,1545274.4809632935,2521274.2625460187,1433673.389859191,1365481.1236512326,1620795.187612982
2033-11-01,1749685.3791996888,1425093.2565507013,2380374.7822675584,2587694.7990206233,1472203.27932549,2197766.581399286,1656701.8863490133,1448906.3356725036,1517882.582181196,1229802.361492695,1555555.8084739882,1552913.2846261193,2325544.2452685186,1419575.7793788773,2376983.8753047446,1553996.9423459382,2526200.29090136,1405897.9013033162,1372751.91544255,1610230.6362219837
2033-12-01,1739723.6004330148,1428150.5601930094,2414700.542041875,2613381.278275861,1481189.994234849,2140183.848205896,1675477.0033340422,1439074.3192917113,1556304.062334016,1220531.6818268136,1576534.474614367,1556752.0441951572,2277914.592418043,1418367.1524161508,2359239.852490267,1543492.0329854898,2545826.478309903,1398758.6589095842,1374032.2873768965,1589792.3511955866
2034-01-01,1738160.6152188624,1430257.980035772,2426818.620593193,2636199.5870897654,1520533.3377638462,2138186.019668476,1688365.0950125582,1427118.4866586905,1596190.0246533023,1227299.4394046674,1604840.403412117,1568768.758777658,2282408.7967284764,1426661.6855955676,2387505.088949698,1551679.993597338,2577298.546014554,1404275.7161717326,1394523.1062456267,1598109.8313661783
2034-02-01,1741777.3843518137,1444881.5616791018,2447976.9802814936,2655133.834275155,1570131.6534348682,2149530.059258657,1701829.8456809288,1417105.74913024,1627878.7565218,1239202.1638412562,1668306.1339309905,1589433.7243188568,2314065.4684419064,1434321.4755402643,2412244.3252441157,1561413.0647243056,2604001.4264457924,1401138.7335121965,1415905.3306325625,1624558.631565538
2034-03-01,1729115.845335196,1459515.7951625308,2448155.9166042954,2681162.887620285,1609796.915875726,2183313.262839106,1698373.1945104143,1395399.1251077773,1639743.0320250506,1250099.4809961272,1692926.845056736,1605517.2321334584,2327930.4457089333,1435478.9377939973,2436855.6672654864,1590184.4362034262,2601809.480930718,1386619.8544149231,1426332.8156406262,1642328.0808689946
2034-04-01,1732544.518288618,1493634.9632064884,2469105.6624216787,2730388.9796766923,1634077.0904343543,2202959.131408172,1699312.340015803,1390319.801950974,1635764.225453426,1256701.234082115,1706044.807407261,1610356.7890165627,2340899.1249494287,1431447.84521961,2488377.879107437,1604990.886603869,2594582.5776211442,1400683.9278181752,1440205.8994126543,1669203.8149287659
2034-05-01,1734243.277760902,1513972.798918415,2515705.352444497,2773282.142430772,1644622.3934663783,2204066.345434454,1704447.4842778542,1387630.2928463523,1640248.139977249,1264567.326656174,1697884.9732512152,1622033.4953067284,2392636.616004197,1454713.3584587981,2554881.993041185,1597491.3977634616,2556549.963372451,1419472.690297583,1461043.8764791796,1676633.3119263987
2034-06-01,1751713.429295155,1525514.489548709,2543416.769630931,2808048.2566818553,1640096.6129721159,2231350.36583008,1726603.5921033993,1384896.7995551503,1641879.7845093433,1270680.339045106,1703081.912948166,1638161.5189294568,2423085.5730099306,1481678.0787510881,2629543.404419504,1576226.248071092,2546318.5300202803,1417049.9324388234,1472096.9272500414,1672919.3078256357
2034-07-01,1751619.9617373818,1519920.026175873,2546969.3259927663,2810220.5783539168,1637473.3615180994,2225098.139722183,1743390.1782144655,1367805.378670419,1633298.5825074366,1273019.051174417,1717789.0484876633,1664454.5191082293,2460308.7320372197,1481926.1638322035,2635897.384920002,1554425.9565453948,2494288.7969405805,1410247.3478096542,1477900.9610348435,1665813.876872199
2034-08-01,1754488.7872465735,1526024.8858781385,2541750.6769697047,2821724.9591182778,1645952.052262676,2225897.5676250453,1740309.230365456,1367514.851835214,1629338.3858841208,1271684.4467190471,1735055.9047206207,1674208.1056636355,2441934.9418437853,1475708.7690459338,2651957.950359768,1554716.2242877544,2469826.3774689613,1404081.4562459944,1473745.5200665626,1675159.7924148375
2034-09-01,1761829.6359911303,1520041.0615439415,2520308.919000034,2838454.785968101,1691863.1932010842,2247912.4882955938,1717515.2409750822,1361741.2284493377,1620958.3221965183,1276253.871032855,1741635.9684295799,1704943.6390432836,2415981.219643338,1455329.3258633115,2679228.680465596,1584107.7355054314,2427892.575552953,1395577.0791843785,1474364.161786023,1695630.1681395741
2034-10-01,1751433.205480112,1509607.0445213402,2504423.6194450255,2845901.853351356,1728361.2214707392,2242197.5596177233,1703907.7564993373,1358290.0095067932,1627471.10780455,1269078.5688169138,1727603.4813234846,1716886.5343684503,2393590.392665743,1448873.85292293,2714020.1344274934,1603647.7909563005,2421678.8765262733,1397105.2121667287,1464928.5559980515,1727639.5610595364
2034-11-01,1750191.050216794,1486331.183103095,2462088.999113735,2808748.0430920534,1739137.6196202147,2219422.7124293717,1702085.0195174858,1355668.5137872475,1616445.434289845,1278959.138645525,1704543.3314899143,1742159.1012018723,2366365.562599514,1458968.397284376,2751017.763769106,1613445.9239568464,2397356.234362926,1405209.1751176417,1432787.81611514,1741322.8529625977
2034-12-01,1742905.749224938,1467995.7619666224,2468249.964153742,2778860.2125063515,1748641.7777116834,2201456.1946519935,1684391.847236104,1358306.5283910332,1609672.619359572,1283889.5212492421,1689705.7012387319,1730295.1205093688,2330745.699525547,1475848.5117941762,2776258.7844741833,1616466.0012192884,2397119.3651961535,1401585.909027308,1424938.7920314707,1762416.6068457488
2035-01-01,1735974.0484789356,1467867.0618995228,2494801.782516852,2799724.682888854,1763472.8535374454,2212659.4655495742,1690492.1708803303,1359114.7229651327,1620655.1682023262,1285266.5398437376,1691263.7347932167,1743774.414274129,2334986.3796618306,1481682.5091534143,2828525.9466326796,1632962.590447795,2416924.125187399,1432223.060824995,1439657.191246747,1763910.9191692856
2035-02-01,1724865.4439584492,1472279.8043471798,2566573.524508279,2870482.1787522146,1786609.6046178802,2212296.176431331,1706905.5185985933,1375983.3756650568,1623421.8774944323,1277968.2429564982,1714684.1384356488,1750133.971830054,2309887.704163953,1482583.8679513722,2879419.706361954,1629770.103805629,2485720.4980790196,1451732.7048394536,1444860.7519003532,1762064.2624730854
2035-03-01,1727562.1247213855,1485224.846746114,2571269.504485326,2949028.508289934,1805747.783180379,2216653.9708616235,1707838.2926989037,1390606.5521942056,1603069.3977817849,1270119.9992190113,1744158.2043087035,1758223.5552819672,2288272.1620645025,1474288.0733955067,2921636.585957704,1634671.6454253087,2537090.5230145026,1460908.8311220591,1427598.1127040018,1750397.2248874318
2035-04-01,1753433.7848220146,1509100.0548579372,2570098.2102319803,3001485.7843705667,1816831.7936196795,2241583.327204123,1716840.756443217,1413470.1672255022,1606568.1935677894,1263358.19705332,1778217.7183930671,1749855.4191685217,2312714.8296568925,1502720.9109432206,2934498.838959198,1651104.1513208924,2578027.8205830744,1469711.4843183474,1425990.3264701732,1750858.1189429278
2035-05-01,1790113.905836846,1524407.393252194,2523120.371088796,3024673.7238335684,1817414.2054602276,2276791.0393158854,1731593.2132578983,1433952.7067152997,1613709.1746743247,1266755.7543858879,1795507.0096701735,1778494.0842788718,2356162.1976493155,1527417.918668649,3002994.2403102824,1662565.255700125,2598945.3380258125,1476793.4543244173,1426684.1034181,1739192.390739989
2035-06-01,1796196.9803461707,1539777.1482471447,2486021.6437715148,3023056.533939693,1797908.4888629492,2289039.526912911,1740122.5975721537,1446637.7152826192,1616253.4169432598,1282415.469546156,1810332.390792271,1794427.8543479082,2416239.520427023,1529156.124172121,3059636.692833259,1676316.7800692273,2585234.6832574997,1478021.7440159435,1449059.8636526223,1726754.9480233511
2035-07-01,1772245.1986852102,1538414.6594471876,2446671.003979333,2998455.927109996,1787403.368654333,2313635.748761102,1759212.8434534792,1427470.279307067,1610894.1621820044,1304924.7647832322,1823674.1610683536,1813479.071743713,2437914.671494639,1537620.49277312,3119873.192185583,1689121.0999174921,2594534.5901541505,1478001.9836281142,1458325.1090292663,1720380.13514494
2035-08-01,1784137.4417373897,1548920.9863719074,2433425.7991278046,2983676.046972732,1748353.2201692262,2351537.222695608,1778970.55250036,1407780.5458363334,1607429.9503815838,1320959.3793282947,1822313.8043200185,1792672.7062991902,2461104.02177579,1544710.5260802316,3138108.235413493,1701980.4514516797,2593578.7120290278,1468567.7285276132,1464886.2032208294,1719499.6198264454
2035-09-01,1784933.0795187799,1546491.198872369,2405188.49743881,2973801.290097255,1749570.1276199108,2391525.1530635855,1805491.8921167494,1401299.5052716418,1630726.994861173,1325849.436162089,1829288.7194032606,1783102.427807772,2466496.9492505966,1562467.1428035817,3116552.347071838,1730515.6210873672,2608562.212691555,1470226.0596797531,1477666.3249412759,1711459.6373559218
2035-10-01,1799832.459517347,1543159.349737378,2372713.13085558,2934304.8579197167,1759967.1985977448,2388307.5990495305,1821313.545568895,1411897.3397814075,1668790.0284957238,1314199.6129912995,1824858.2835571768,1730840.8045155373,2462907.1424585255,1563613.64046503,3087783.8337350995,1741582.7402643897,2618817.0148502598,1460384.367393254,1497508.7975706581,1709122.4807801524
2035-11-01,1795536.949005955,1530634.0641020916,2344701.241494267,2875726.6081787623,1772907.9819195631,2365029.8342302875,1819648.4483214556,1447260.2401062613,1691106.3251342343,1295777.5508063128,1850430.9351847111,1713783.5927957715,2453261.544774515,1572211.333080209,3073045.375149701,1753001.634472416,2618492.189771318,1447586.7987390119,1519898.5036560134,1711697.5707335135
2035-12-01,1799843.6108777549,1528917.5224784445,2369565.8368580407,2826565.8461819477,1797025.2671089626,2346578.003585531,1818311.2330406052,1495347.9352454403,1697106.1031088068,1299805.6896187717,1878023.7268782586,1706061.2355399495,2439482.209930513,1566802.7139229472,3082640.9337532385,1751488.4402335703,2615205.438088488,1460238.2724607463,1549656.8674212417,1735982.9357533155
2036-01-01,1826043.2124197353,1549194.8026645905,2393193.6382470583,2815724.977381178,1800497.0818813422,2363327.4938642657,1825047.9648513687,1547886.617603326,1696823.4407917254,1325371.8312186028,1895250.338487501,1726811.2586229797,2416481.5070784125,1586249.6246325346,3123537.1082462114,1776263.7240388498,2619733.409078963,1473126.8222046585,1581439.994602051,1781793.1787666108
2036-02-01,1878016.4443601638,1579124.1001435379,2414526.407625506,2808432.854034197,1817693.5842992829,2363343.895888894,1841013.9792700862,1595644.0811704183,1703145.9872986116,1375614.2731189963,1950702.831512053,1744537.7377601832,2378833.016588963,1606864.3534547773,3183228.9887754233,1800094.8836075529,2643007.1283972426,1486963.7130512402,1622949.9354499588,1800153.0642549358
2036-03-01,1908882.6527164602,1614611.729703726,2420737.7020888194,2844754.0844856882,1821747.5541143238,2342331.6662975154,1827778.167762506,1619173.946271854,1676502.3618380832,1401114.5409351068,1971696.4573338232,1750573.9650880303,2362269.177492152,1613409.5326771697,3209398.1685255123,1818966.681230242,2668991.9348333785,1478826.070514895,1651297.0880371877,1792836.7898936411
2036-04-01,1946668.3186082665,1646723.2459455885,2460335.8569645416,2923985.827047026,1819070.8882205056,2363529.130024158,1847862.2427729757,1648546.82283984,1654960.9051177043,1397528.1988905752,1992443.97404936,1763927.6228106949,2358896.118152083,1610396.166971148,3281732.0313574867,1836226.0729427196,2691719.4378005397,1472392.6280757287,1661281.35245684,1800553.6878142012
2036-05-01,1967643.6852930307,1672161.4953566974,2480993.1557243164,2972668.81647735,1810389.1184131135,2405393.3342702156,1884449.3580147394,1657270.9692332777,1653150.6687618596,1368218.0864882022,2010409.871663078,1776508.5712960071,2358764.6997518567,1619739.6527091095,3346573.368918204,1886414.2344989013,2726003.8246383844,1491687.8579514332,1652189.288299412,1815560.9270814538
2036-06-01,1967444.0550248772,1669976.1571359527,2487844.453125297,2973816.5799926315,1795948.659927708,2455386.1347231683,1935281.444797674,1662587.8505236139,1662691.8087238444,1317762.5029270512,2015697.8497259275,1796575.434932809,2351920.175210391,1619281.551694321,3384070.7596746264,1927803.3373771592,2751570.312037894,1510161.2495737753,1630213.6730049844,1813200.063646005
2036-07-01,1946707.276735018,1642340.8925347114,2506534.5394305144,2973393.966891748,1752037.528124359,2508911.7644456634,1963515.9421635354,1678835.8110183885,1664504.1296421445,1311115.1105762245,2015100.332716631,1804376.0937514259,2351881.570825089,1636694.0458543533,3385074.049859614,1934826.4086755682,2800364.34632021,1529173.581633982,1615653.8647340063,1808863.811996795
2036-08-01,1934283.3505060542,1612320.0176243645,2493659.5461051087,2950719.4019582747,1721415.2778386937,2553610.7249863343,1988814.0458946838,1702625.414745316,1664400.8656510198,1304348.509015611,2026426.8029126574,1836856.313388708,2366716.1432937095,1637596.6117411982,3375530.455241092,1918343.6932128023,2862928.216700189,1532834.792533256,1614163.4994745036,1794742.4652225208
2036-09-01,1950587.897200192,1616507.0574649058,2504621.071295464,2937021.8694603555,1699164.965298083,2591149.7437916673,2024351.6813189574,1724487.1531165622,1678933.3705455165,1329158.0069116505,2054922.6661490006,1875203.4194248954,2396820.846167018,1644421.060617645,3375766.9782191897,1921200.3541772063,2907163.3762212778,1526229.229264704,1623465.3516338482,1796783.5664559305
2036-10-01,1959422.1543538987,1642754.5747638578,2503117.98993967,2936807.2080676057,1702703.3998696217,2620268.235387027,2059136.6637815896,1722012.344783224,1681589.419158907,1358908.2373462077,2068604.7590210366,1908271.1663819612,2424037.4790582857,1637891.9521664071,3347287.698616258,1935591.2137346475,2931431.6299252915,1528033.4078295124,1636252.957451867,1807507.5207387295
2036-11-01,1979988.129828918,1696570.4337979946,2496844.2704604,2975173.044967452,1709107.8577414087,2607466.789668893,2089601.5637230347,1695554.7198639868,1674028.802031758,1385573.0086413494,2057486.6562194854,1901513.6459115099,2428919.1420474495,1637155.296594968,3341325.2885694173,1943946.060829621,2930241.6615146864,1499022.051702592,1648423.5408562713,1799076.7023547646
2036-12-01,1997379.8803933007,1751999.00389602,2522176.8321118937,3044887.4615519936,1732414.75577457,2619902.2879350237,2116663.646415251,1659496.879326237,1655660.4203388502,1403158.9426333548,2072094.0590740615,1867049.4747652072,2441109.4573722477,1660500.4008445784,3346038.632890936,1970107.1342878416,2900707.0386178265,1490048.4971483492,1647868.921477703,1784372.7689265413
2037-01-01,1999887.9984844043,1778193.9559106426,2538133.2806543573,3118907.8438450834,1772341.14316006,2602628.1033381172,2138880.35086868,1648190.3407858028,1664454.48498536,1427891.2433709353,2108404.582404109,1826135.0799741026,2480849.001307868,1683908.9791159597,3365769.7692717505,1989411.8689752873,2908195.9427736015,1500900.260054827,1664667.059830877,1761090.516817075
2037-02-01,2010668.6448155323,1777518.2597222296,2582397.330919817,3203083.679938446,1814971.1083786944,2581964.21270689,2179174.721244252,1651570.1507469148,1684706.7391290644,1448398.5156405207,2177136.8579858495,1798079.7561530233,2533071.1929457737,1715393.0367927758,3348140.12513308,2006701.4272027046,2952339.4704339877,1536812.7772858911,1690141.8138469378,1758277.298052671
2037-03-01,2002470.5210184297,1769707.064514327,2591924.9930022997,3268027.7518384005,1808693.9885430045,2537238.814546612,2203288.8736706846,1654137.3438267764,1683953.6494162113,1440336.9156316197,2216725.6272171843,1815291.609072143,2543505.9475893434,1737581.4119168185,3308903.7501464644,2002967.2881928985,2985404.3773988676,1568981.0709494357,1708249.549462537,1760230.5097536698
2037-04-01,2025803.2920976328,1787037.6413122786,2621808.6590590086,3338346.619532668,1825973.38746915,2529546.302875127,2251171.964773457,1663172.1454235727,1680395.3328845787,1450094.5905800308,2234243.4089785297,1855820.3162082187,2541140.133608795,1765794.0496184276,3308654.710275253,2001398.9202815215,3000526.7858189796,1603022.953372197,1709318.197801539,1776046.9502658842
2037-05-01,2037400.2141843487,1805612.6338444005,2654308.0671729213,3391682.3823162653,1868437.3857733966,2565925.071826044,2278689.599778679,1671557.4656580938,1681820.4012121565,1453607.7886636262,2250390.1234852984,1890186.7073576434,2593666.1443955367,1785400.5667971692,3322842.2513801125,2027888.0899623698,3035263.501070275,1618814.7800568559,1724723.6359896082,1814761.3574934849
2037-06-01,2036593.6251584291,1815505.005018704,2650810.608964141,3401292.8802139694,1925172.8863265929,2580480.34203029,2295020.358977095,1660250.1098087227,1681136.6420256589,1447744.2085629164,2261861.120392597,1893287.1373725422,2620796.7348866784,1777357.9354438554,3343328.090999982,2029155.6427384934,3085684.0394798317,1644958.1272446092,1744192.8706457308,1843815.5152670897
2037-07-01,2022199.7082392862,1835224.9167168674,2635477.6846705005,3399564.0109910504,1969771.799309037,2555303.762112144,2322924.278091386,1664489.5483351697,1671898.0201752249,1432072.5346974991,2297533.781397868,1856575.0724647313,2672375.9586285274,1766585.3732861404,3356992.527175616,2022748.446739596,3133678.9087875346,1647282.2225322642,1749602.4445548032,1864387.8781606017
2037-08-01,2011292.8565933898,1850601.7467301525,2600603.6781132626,3432028.696644261,1982134.379354662,2545694.8895524964,2358927.9355666353,1657210.4956728278,1670281.1198592647,1428087.146800714,2347881.4490231853,1849226.799072685,2744033.5806857883,1748551.8249481693,3336599.5500518074,2025495.8352814068,3191262.7197942254,1651690.131242905,1758318.2047444687,1856313.4188232294
2037-09-01,2041109.9951063385,1893475.7396662158,2606911.216600993,3465647.288087786,2003673.6221022508,2557226.5903505515,2390388.6835239814,1644165.6054641635,1675383.5294247095,1441099.771695209,2409462.9347198945,1873662.9607990303,2831381.316637075,1745154.9518602118,3322801.4147591586,2033256.3971573492,3232542.889337949,1662038.885900302,1777194.2148925923,1864875.9638640324
2037-10-01,2044314.5593431734,1916240.8301327548,2608886.3332787333,3473610.8393748105,2017880.9499770894,2563506.593155661,2432362.0101927244,1632095.4105174255,1696370.2963184728,1444474.44200065,2451098.3359324457,1917504.85842403,2861592.7558739875,1752201.0972017378,3323578.3176837647,2068440.2602506443,3267986.585013322,1664028.9383519595,1797133.9034442094,1839545.8401518243
2037-11-01,2039558.6536338087,1944408.7726511888,2616631.211503427,3473824.134580275,2015421.2131130206,2584424.8307012157,2465954.8251313805,1634865.9377223956,1687966.9050799892,1453016.6116446732,2508640.2853498072,1946351.4015205072,2838212.8688295935,1752158.1654988267,3345036.9496559002,2103726.1265948745,3256576.956427383,1670101.709694252,1809962.8917443582,1809883.9968406097
2037-12-01,2018979.6041630453,1928628.2118242548,2632178.2054171353,3458650.020526614,2014147.9246072343,2597957.3744188924,2452898.2064925693,1663818.0607264233,1686143.3786618954,1463283.4587944958,2561320.160706332,1957949.837170166,2812773.479972384,1751725.4268116008,3340134.4412224097,2142670.2217766587,3258934.6453096773,1686025.3819091145,1803562.1419519149,1781179.3939456302
2038-01-01,2041445.5346054356,1904144.405156151,2679092.3004822694,3469446.9448598013,2015884.0080447565,2613084.5261192443,2463634.8399693063,1702203.6021960953,1708783.7768529977,1481252.692757518,2588020.622625942,1984563.6081999224,2842607.289599143,1738394.9013424534,3388094.475946091,2194121.382075284,3289870.935460428,1719202.1991312655,1814187.3271247807,1783976.3945176213
2038-02-01,2081365.5100965265,1900065.5353671883,2691482.8185702306,3456241.2309692632,2020825.7436766396,2614676.1725772065,2524986.19580691,1722167.9964514347,1741407.878342467,1500652.9648494811,2617511.0414814604,1985648.1679716469,2872498.851857835,1754233.4411040954,3455253.8419851605,2254480.870084635,3329788.66060066,1739849.5860008849,1839107.1740137099,1802162.3591867585
2038-03-01,2107835.3571230834,1891599.6563055804,2699463.1462606583,3465126.2914295364,1997899.8176476606,2639771.784103098,2620763.442729861,1719447.8076207659,1765168.1407801076,1516565.4553192405,2614729.5037109233,1976393.727196557,2890246.052284588,1756578.5187672756,3504138.853916441,2289806.705620326,3338609.914932254,1746012.2656822759,1885343.448928513,1835458.9493334475
2038-04-01,2091769.7133546222,1906631.4476740777,2695379.86878,3455236.0853701537,1979410.4004403742,2631602.750422423,2723704.5161622125,1731284.9807789903,1778643.7974588699,1546478.5652520978,2644922.539435192,1972491.0481273448,2908357.231017742,1775441.3698278756,3568169.068686749,2325310.0055643898,3359299.8010575916,1743622.8022971575,1931982.2654263626,1861514.5788991044
2038-05-01,2123975.0468718344,1901022.4515440692,2683595.660933402,3460519.620445928,1966921.041400071,2641042.332672322,2789368.00228569,1755597.021655861,1800664.382396176,1540873.034629838,2653887.412727733,1973260.995339527,2956623.7551321136,1782140.5555049514,3627740.1478207097,2371648.7787890634,3370478.4480360947,1750043.6454071216,1965030.433907791,1901487.3957727381
2038-06-01,2136899.820653932,1906492.8377619013,2654638.2851815834,3464105.9805688136,1963938.6071443458,2653689.6637915485,2829424.199874116,1768536.4153588251,1825371.4349220626,1545799.100851942,2646359.0529140555,1996210.7755276712,3032330.4195808037,1771625.6399861958,3676957.339694346,2365441.5375316557,3372336.32357726,1734374.9473675913,1968973.65663739,1906764.2978659105
2038-07-01,2122161.82813919,1880750.9955886863,2619391.2535089464,3503005.292855473,1961982.7610228092,2677825.6105241827,2827609.20126654,1774489.8229685354,1807011.707283933,1538018.3483499472,2624990.521415702,2022364.2727644856,3075063.2153568063,1779390.736476639,3649095.3303352334,2377599.591555624,3394143.1342093763,1697158.1610314501,1966322.6535102234,1902640.3735520844
2038-08-01,2121547.3436728246,1862169.8326838491,2573975.89063483,3555373.9696193007,1992840.5065537489,2746552.577570809,2844629.977059591,1749778.8131823444,1797343.7607761647,1523921.4254265162,2635045.7356138336,2063250.067190378,3112351.8177955197,1794026.414449221,3639463.8620841806,2425384.6161031537,3399060.5620929142,1666258.4594347712,1970451.1686931592,1905086.8709249713
2038-09-01,2133285.2741933074,1900757.499527735,2544733.642233,3611410.988850852,2027871.9606682837,2818495.686815899,2890416.6573165334,1753386.485498331,1780663.5452938476,1517840.4872813798,2636114.4473792715,2075689.2216848454,3142303.389019685,1833419.1314501613,3643082.53796985,2486730.5555453827,3399023.263204957,1638071.1625772684,1960108.8716958417,1903673.698394921
2038-10-01,2127803.1579525853,1958386.1062194405,2514462.769355145,3598422.0141756744,2028096.218940954,2881734.1313482695,2945138.517885583,1767711.7614013348,1790455.2277108615,1497451.4339462789,2608322.7318666866,2076973.6356411779,3130838.8495077756,1836498.8252184798,3661235.475869963,2541425.9357596105,3395370.320287486,1634638.4802739418,1932003.2327871108,1921871.1380356834
2038-11-01,2096045.908875735,2018883.9954794236,2486825.687787443,3568408.1932205027,2008839.4734856377,2896381.1425963053,3006930.789484456,1769051.4269711159,1776489.4804171429,1495489.9958643715,2539253.9711263794,2069422.8676287937,3122914.885771365,1826646.1971324075,3638161.193455238,2624967.584874436,3388662.0733634527,1660042.598967355,1924793.7635075634,1911013.297198669
2038-12-01,2098517.8196181995,2051668.9726110739,2476643.658313695,3583581.1930940636,1987781.9271111418,2843130.2005798263,3077124.5393117703,1767349.5843440678,1770897.1305241091,1498945.9622583126,2520068.512716032,2043601.6946045875,3139090.4552980494,1838375.025740129,3640679.0796961603,2684316.750897725,3402102.177475071,1699367.9266709434,1908912.76778336,1880206.3860809766
2039-01-01,2121151.5077199033,2064374.2958427297,2456543.0859974856,3618283.877725217,1986134.3767642456,2805489.999835524,3163981.0731411926,1795932.249296218,1771584.8495526034,1516226.1758423618,2499824.507660771,2045300.4665526485,3161608.63502695,1867242.6424487396,3642639.811325062,2761147.149333102,3401655.9649382336,1737533.9552295692,1899835.8211642613,1875056.5402161188
2039-02-01,2145860.713219682,2085095.9988312041,2442449.6944247657,3638363.960490456,2027468.1844602523,2796250.3370791594,3235181.3849986964,1833901.419317146,1797900.1722584686,1541860.9496719395,2535634.203594755,2052935.6849500504,3199574.278032857,1915911.5325860928,3716819.2506505107,2814793.25225048,3406532.289983005,1784749.2405694525,1904334.6537728908,1868711.4714445898
2039-03-01,2161185.8012972698,2073249.5179901037,2397998.308809531,3711323.766277169,2061380.2323241748,2789526.6641887366,3240918.1688483167,1838275.4349147237,1804359.5045413575,1556084.3666752812,2524835.7858567038,2058893.6278427523,3228822.386545867,1961218.047762,3757691.363265133,2884272.335175903,3451262.4572825497,1814865.5517489624,1908897.0416189048,1857854.3928296464
2039-04-01,2180198.5402049073,2059274.1929743572,2390359.405753192,3780873.7577716256,2074744.5666686222,2765882.9133047075,3238976.464462776,1838044.0539650412,1808014.9690449252,1559126.158770923,2547550.8098747977,2094388.737721217,3255635.662230228,2003121.607955402,3830416.469396236,2930276.352619692,3494719.7638708786,1861408.0345597588,1920242.3863151353,1853478.85042852
2039-05-01,2184846.893402997,2072129.9979817523,2379386.800897345,3844066.208384911,2074721.6300317904,2739295.1513244235,3231751.288317565,1851036.7937143256,1843534.4519328452,1565822.4350082316,2534896.9464993314,2130937.191158051,3239560.0097369216,2043516.913122596,3932959.8541790023,2986296.840914222,3541534.1466140333,1906613.0551696573,1919058.5811250173,1824284.839474141
2039-06-01,2218856.6270649033,2084823.464340171,2358560.530131034,3841376.283879866,2066648.3801816422,2709236.4005904114,3233659.8827619622,1851544.3720956368,1879558.212573113,1589371.9635061123,2496254.0578759196,2169269.6262238743,3258448.8631356303,2059549.9629301147,3985197.3773080916,3013082.9109599204,3543111.5896283984,1952885.0451695756,1930971.4071623425,1847976.7267462832
2039-07-01,2229387.5287638805,2087672.7412581188,2373258.084902766,3804563.877556954,2040067.5727194392,2675052.3888088996,3201029.12288019,1841051.4041960249,1904714.0282350385,1609208.9810515004,2472713.822143014,2184336.2702035634,3276447.5823685434,2048404.5443782012,4022794.6937008365,3034214.100894402,3483510.546917171,1996293.0102844862,1935385.6227654116,1869968.941153334
2039-08-01,2220577.971872992,2092953.5838766817,2410143.92489458,3757074.55629948,2039678.1953729433,2693077.43204627,3214067.448674027,1822040.7035408306,1922124.7642652444,1615373.40601127,2436549.7026869357,2185430.6554746516,3281961.1938751535,2064283.5461257796,4045149.968309169,3019107.6451343875,3410576.5115971235,2020562.3116083585,1931222.7401964206,1886628.9762754277
2039-09-01,2206962.0416587587,2107372.910556379,2468584.8115472184,3772926.6541815363,2033478.9950829938,2708975.2506114477,3267116.253599499,1817226.5944381338,1927803.1390069977,1627174.1096851204,2403403.9249149244,2194041.140138469,3304296.1596289044,2084419.994135147,4048740.548015811,3056877.9418210997,3376739.7453571125,2054498.3838555599,1955251.3716997448,1886867.1782962487
2039-10-01,2207015.273844912,2101973.72679774,2491208.3531416,3819247.5341278976,2039078.3718308404,2706596.4535324164,3371236.3599822004,1805932.5492776583,1933870.574186506,1623931.4131989423,2363537.513529068,2192977.3720258833,3279181.4246266275,2102474.751107379,4053765.797649776,3126859.9876793907,3390393.3440061263,2077809.2924813845,1927374.7740792376,1881583.6507128412
2039-11-01,2201769.3791921902,2059203.3205525978,2536248.598191799,3845809.816576013,2054322.2137533966,2715041.8523900122,3439438.0549880234,1801524.2037188124,1941408.282435267,1607868.0201320455,2326960.706358177,2182208.1141244015,3239227.573100661,2101886.023572096,4045641.4772372954,3231404.792209717,3404173.6308473772,2082899.2681474993,1920096.2038989814,1854090.8445868958
2039-12-01,2200310.977298394,2038492.8908485675,2560641.4095336064,3905051.3100463445,2070986.6114282385,2687782.884898247,3438892.5823587254,1787844.4228998723,1921131.4997509734,1589670.3463482817,2324788.6265127864,2203440.240489066,3228818.269101244,2103724.6112198965,4071585.2383805057,3269813.9493250214,3435453.7650526585,2091935.9211876045,1927203.924729744,1832329.4979034208
2040-01-01,2214622.0607088474,2029783.8788356585,2626443.283525769,3928091.0438856385,2088225.3364963715,2719358.541591796,3472177.2962349276,1800775.7670782816,1905665.329367754,1576871.622922164,2346396.097499601,2273361.049251233,3229330.908928636,2118630.4774932633,4134358.134778988,3337027.3745407583,3427386.7008256908,2080909.2689081067,1954727.5235335082,1831375.463069626
2040-02-01,2261111.6485455697,2019592.388364817,2685773.63604213,4021302.442281747,2089978.6640228562,2744411.7233378035,3519098.2960818307,1824020.6253938018,1926302.7718109845,1568723.0822437208,2366969.99115126,2357365.212353077,3294929.274841366,2142089.644137139,4287584.356115765,3332064.3375707413,3466447.852427844,2078083.4727452998,1988318.465026406,1825277.1313268868
2040-03-01,2296322.892570315,2016286.1764022298,2736209.1337523023,4075171.0041799843,2120015.4520197427,2766923.471402957,3602411.4496019226,1845345.0065818764,1947303.226213386,1563420.7224650446,2377723.857968931,2398987.685269019,3324003.038611191,2157075.3949830043,4426670.125602198,3351324.1104984814,3491620.216915994,2052668.6133132817,2021129.9203702481,1829241.0444709107
2040-04-01,2319495.196007921,2000840.3642349832,2750109.904009351,4114953.866126657,2147274.8379320237,2811536.356524835,3665288.6341022733,1861716.2267332033,1940672.517766016,1557207.5410203226,2388318.9133744636,2394078.116913178,3364147.7906892407,2155195.7348628026,4522209.588002372,3353812.2337483265,3558773.666598854,2038095.568896808,2047353.5498547729,1823147.3203307693
2040-05-01,2345560.6745197834,2002043.4241771146,2779049.9430147246,4145425.895285258,2161050.3624098767,2831644.0050741164,3708463.9426351306,1855584.410593003,1937922.8922800433,1566841.9466039753,2408674.598262894,2383666.362746046,3350220.3666947023,2185429.8067958867,4617114.452494162,3394488.513431052,3581335.266112711,2013162.776376658,2079406.933665832,1813374.987135554
2040-06-01,2375497.929074131,2010214.833981693,2781023.6766971163,4138948.0942949266,2185821.852532626,2847896.93408878,3726326.842849125,1857277.5282977712,1922616.7764445627,1554525.9110666474,2406399.746860917,2377575.3143156255,3356139.131220593,2220467.420824982,4650338.3622973915,3409810.2952902582,3582604.8843156896,1998420.1042272476,2109348.7886288473,1816426.5145703475
2040-07-01,2368720.7623686763,2018585.0937563954,2763694.3223795695,4097540.932264723,2168201.6179922153,2864137.395372442,3691437.4987064777,1835811.3134744377,1900317.197609681,1545336.1013776464,2428697.962133442,2373826.835178138,3363970.838328905,2218690.128735344,4585553.026491599,3456642.5379386377,3549046.2574593946,1996171.2235655843,2136375.941291429,1812372.3550021052
2040-08-01,2349499.6990198977,2052786.4452317567,2754179.9276670828,4035842.669096882,2186598.5095689767,2874388.2391680987,3723032.0902842116,1834805.620050436,1915992.2803334198,1537226.4852092327,2430840.2739480725,2408324.005723045,3390706.5093230135,2223513.3282062868,4499193.066623282,3486041.175830945,3565521.060294579,2023050.076965104,2133865.1996149267,1844900.9640508401
2040-09-01,2353729.3835601644,2072578.183588053,2774003.150251891,4046730.3960203985,2198601.0848644353,2849011.9220621674,3763760.309563011,1850352.9685138543,1954660.714529819,1538108.555038032,2458527.5059565855,2452963.6681118566,3421886.1169724753,2206139.7171744322,4441815.368979522,3497728.6842231387,3572618.421306973,2038764.384440057,2150126.491113731,1876355.5200119745
2040-10-01,2357101.6018164014,2097000.1522743297,2782440.2378724962,4020741.877704423,2224189.9685377125,2809926.4957549595,3843390.811094039,1884661.3575450336,2012469.0059490527,1526037.661465424,2458887.03027012,2490992.7360468362,3412748.8192613674,2224604.6092255684,4414061.116770234,3457064.522058717,3577094.538309605,2016674.311213589,2144411.6751199784,1867600.9400475856
2040-11-01,2372249.154971834,2096621.4354311225,2839335.651432125,4003413.109595603,2240343.346277996,2745668.4489508383,3882246.4752706923,1892480.777237262,2050043.2126625166,1518762.3690146015,2452129.057360703,2495152.021465173,3383083.312094267,2221795.0964787737,4371706.377898077,3429298.606559017,3575561.8957545036,1984953.4108929117,2154071.320211997,1870717.7791302297
2040-12-01,2407974.1754168808,2082616.8855342169,2852771.224936287,3975184.234353447,2257251.2144580046,2685816.7323426344,3921644.683838417,1886847.1207449865,2097021.5374541085,1518584.3536113559,2472045.8690084615,2468618.985712823,3331052.1440234664,2232935.627966734,4315697.547126418,3423523.680883139,3594467.314181347,1965026.4000553405,2145493.5787523706,1889327.8368857922
2041-01-01,2438699.037910879,2103377.156734727,2873146.6423212844,3961290.93987283,2260321.7118240325,2664655.381842668,4004151.9201730173,1896787.48903736,2163022.706599112,1522752.3085638494,2494339.1820439002,2475730.6193529125,3337958.24775049,2218143.885427147,4346942.754392938,3435711.159087953,3648701.5924771666,1976461.1254970562,2133986.590858282,1917382.0437022606
2041-02-01,2463581.397763214,2135274.0146804717,2869928.8573082313,3973200.587505322,2261131.4144106917,2678267.786443557,4091617.5814666906,1909213.9543531088,2215549.418668315,1533369.5603112073,2532519.7642610213,2510001.0000322806,3342285.439935358,2231973.425540106,4409947.147815316,3464475.7143388954,3736201.911398022,2005627.8385319137,2151336.6493506203,1944744.0095327795
2041-03-01,2453443.9498491134,2178376.321881246,2859507.685797514,3907206.917156343,2252164.371049175,2691632.8482552026,4188641.340092024,1899102.1401336188,2248730.1751532555,1528039.7761216112,2567273.0444991807,2564490.816625317,3354168.5925861336,2236338.0831180103,4457488.829642472,3421984.815190172,3794324.8486667112,2012210.420385942,2169090.125250898,1970615.464086012
2041-04-01,2441653.8364319177,2183283.9757612403,2871130.374787609,3901299.7549810633,2266980.765666835,2726952.929762708,4263251.059560649,1918786.2556920014,2273341.273062124,1536729.2560764255,2606302.476908885,2626796.444574521,3401452.37793045,2229473.792929117,4484359.087565764,3404820.199656905,3819578.326246551,2030245.7390054187,2191416.6739098923,1982135.57437152
2041-05-01,2481453.1829633624,2191155.023237269,2898626.58764013,3903894.146499022,2277583.6352343834,2694629.20214986,4331206.726379347,1923744.44439919,2305908.4923356166,1561680.8805108094,2667750.8371660463,2650968.106846503,3448563.039356835,2272688.071961282,4522880.371344303,3491927.3830181486,3800772.0894537005,2054255.9610875333,2223074.1894591074,1989963.0171783709
2041-06-01,2499373.723658098,2163498.8435400072,2925379.8822316183,3956023.8664389257,2281684.178700546,2619438.038899104,4376692.168241776,1946763.760817972,2302849.1237785676,1553918.065945801,2771289.405284809,2661119.164578218,3443591.5468648444,2302274.2743825363,4579032.385952151,3601456.8528861227,3768517.9045312735,2043757.6383501545,2251227.0146961706,2009147.9944194732
2041-07-01,2523982.210771839,2121276.6203847933,2889589.455505174,3995649.5874949927,2226220.388214346,2573251.3213351686,4414048.640169486,1936362.0041102585,2283998.91008627,1561372.1452516788,2880661.6361157703,2670749.5032979134,3444002.6831977917,2336050.1246561557,4542513.613112684,3654547.2384439623,3738550.243442029,2017926.078241398,2263231.5350568104,2047066.2861678617
2041-08-01,2515858.365919185,2089977.9599523966,2835335.074900146,4019659.087777819,2200477.2990876283,2558101.639448315,4479147.691362611,1923058.228566781,2270230.078576934,1568205.366919883,2993000.914304622,2691426.993789917,3444106.795583102,2336979.2480282364,4479194.11172769,3630503.790772682,3750852.6853098525,2002642.491900415,2266321.115053313,2096193.6495993247
2041-09-01,2517911.542491792,2102775.0180602674,2815917.0626623873,4029937.906554117,2196875.6979064136,2571831.490717009,4534597.338438613,1915207.6491093044,2278562.234102843,1567188.7930311908,3047515.234412167,2727402.27994171,3434667.4366670316,2346992.2681813487,4449470.157355286,3594297.4087244635,3737115.313627734,2003418.9780576196,2262734.34103956,2095221.5782754421
2041-10-01,2520235.9178391704,2120993.63766168,2823012.9350228137,3988492.334915363,2202268.8492674124,2557206.022097015,4625877.312129482,1899163.3859745022,2307411.2489659744,1570813.5141926429,3088631.774206068,2754021.2255471796,3426602.4921762724,2339052.4981119903,4400409.39179504,3584571.268212939,3727578.023252812,1989670.9113088686,2270698.4321818193,2083814.1202924573
2041-11-01,2522883.7485639066,2136662.734611639,2830869.3012271477,4001868.0157601265,2215976.166566129,2551171.2782914094,4648191.236111162,1879555.3797580819,2321837.2693575537,1539771.5256993705,3116908.9066762114,2742079.5040178555,3442181.1842687884,2338946.185256933,4310233.467206599,3562757.1420259136,3643133.0550920623,1990033.764489583,2262310.9944335846,2048892.66169777
2041-12-01,2556592.680166115,2154826.1076542474,2811341.589060307,3974893.977380902,2211911.656993538,2527380.4889827133,4646512.9603271205,1854724.70549397,2335422.0049746283,1549648.5968017818,3120872.0300731757,2765495.9013332794,3408964.5462595965,2346868.0886817765,4253836.5171171855,3566534.8732148157,3586572.5022709486,1981137.3414190433,2269989.1327990564,2042173.1822925215
2042-01-01,2603468.2458455283,2146252.53845074,2834467.8998190397,4004073.5722897444,2250388.80456115,2568076.3379610092,4678921.830903259,1846274.4031732827,2366939.2104995274,1554834.5049439613,3150774.1649011676,2806685.108517641,3418849.0617997646,2376664.865060934,4233956.605614902,3558334.656660416,3586443.9981140015,1982123.518652424,2310758.9749143026,2047678.4989631174
2042-02-01,2635264.4803400785,2148188.1632133024,2881053.1869004257,3973137.8627705066,2312853.7498428426,2600050.8509004274,4765352.6637771,1855822.9315797377,2401968.8073507454,1571746.9496656237,3182304.812524445,2880261.6967097768,3444020.3023605845,2414145.439606864,4228540.542965141,3553365.4911840283,3601134.2702230294,2013378.535988293,2347589.776490098,2070648.4293174457
2042-03-01,2628583.7308176793,2158550.380999432,2900109.587522601,3932748.2808525744,2344990.6625326565,2550090.6206980343,4779797.679815656,1857267.9527361288,2424121.841615268,1584949.6915323674,3202824.9877277794,2925409.675106982,3474877.340950894,2393178.3486686833,4186606.5405781143,3507639.5111300503,3589938.4702163246,2017785.3029948035,2385959.248463899,2070278.1817659133
2042-04-01,2601231.1629274953,2176657.3121276437,2911526.7215527506,3907071.461496045,2359076.5239485665,2525162.7576192115,4820132.110062816,1869693.3208101473,2471228.273254656,1607506.9631290564,3219177.6083403016,2944719.9520428455,3562684.436309536,2358621.034145108,4192913.190075007,3463288.0960787847,3572742.471271658,2018593.596238658,2403058.0860449546,2093120.3230404023
2042-05-01,2625740.12692809,2183809.5216380586,2936271.213639596,3919882.076753177,2359766.0579380933,2502544.555280293,4879720.846795748,1882242.172434655,2487186.935793877,1614786.8057937964,3244363.0204981863,2938569.970183314,3626960.6992709595,2338979.772038583,4206828.882038422,3505223.0527508548,3587651.558760062,2035680.3036810965,2441010.0191186867,2088275.29210511
2042-06-01,2606141.9959545205,2177053.7143877232,2929557.231434486,3887447.7587595233,2359835.200431707,2471606.4842115035,4943432.427137265,1899310.5824679327,2501010.565665496,1626072.4336532806,3272965.382102351,2915879.294632817,3667469.3747952455,2323343.5076939976,4247487.857109204,3517720.1935170926,3541035.136777728,2048917.5889968209,2444887.8781954907,2080970.5838249251
2042-07-01,2594508.7456603195,2188447.28780483,2907498.4160121805,3893148.972150847,2358646.4413588913,2452373.356946835,5046184.189305119,1893282.6057117102,2512378.5242539844,1618592.5832502816,3276136.156109701,2841756.8215272725,3640026.8322825325,2329007.1431745593,4236751.872777359,3520730.571909836,3526697.3822710165,2046457.667604183,2434259.857318377,2072262.661063509
2042-08-01,2580364.30085473,2199279.986008728,2920211.1927372445,3871926.2328119506,2364821.2342377985,2502094.403335735,5090393.492197837,1898475.3851641342,2528322.532738061,1621784.6274585356,3257424.7800075915,2794211.3138361867,3671454.3923488734,2328115.263571279,4234416.089390536,3547935.822725063,3449302.8268111614,2033958.218975734,2443121.314911541,2059752.0333784951
2042-09-01,2555471.4479178027,2204050.0022459966,2933511.1211221614,3892911.412389086,2396198.7891110126,2580863.370274849,5132582.728423542,1931264.430088532,2546030.907353747,1642285.1900228825,3245711.9480335033,2812321.9433384715,3686834.655526688,2335980.8610693687,4215192.32685632,3611563.478208183,3437176.09541804,2033501.3489511171,2478286.8830126044,2068749.8474578753
2042-10-01,2552380.4647848643,2217873.1683077617,2991500.3617796237,3886322.9023024198,2389768.852118243,2632422.4158160235,5135353.026161344,1930095.4412638394,2541682.6914935675,1657865.7042384758,3227699.446932684,2863477.8891291544,3734399.312023846,2342623.598286668,4201030.638453213,3664026.071586476,3418142.7433417183,2014446.464408709,2481108.4984876937,2067927.0669901003
2042-11-01,2532293.677637605,2216046.8868683144,3048294.0463750837,3852302.0227620117,2399942.1021086015,2648770.2158154687,5039752.344639692,1921555.1666672495,2528022.435882647,1666927.1458915526,3243637.762903968,2918251.8862784375,3755789.9133318504,2332267.892839022,4164957.9935808363,3704773.7520981207,3405604.3864099537,2007189.1643249085,2452641.448549617,2042666.264334199
2042-12-01,2515506.629662636,2210836.6589129525,3104776.0859716577,3828557.876517773,2414824.9494270775,2620183.4458330455,5032915.569778504,1914418.8471353212,2513023.9136059573,1649401.8538688684,3228263.635551083,2953356.922019558,3775235.187402984,2314114.847888225,4127812.8535576244,3701613.413646851,3380603.8162493776,1985338.0319997915,2433173.346143438,2052571.9420873362
2043-01-01,2523667.319605637,2245679.168915879,3127440.8271984216,3842346.047494024,2465548.8840972343,2626578.227150004,5109938.73203249,1954963.0658274137,2500074.510735099,1648413.6149927934,3235385.453595081,3007486.196041712,3741167.0679469937,2328004.708094545,4160592.833116202,3698951.0420794645,3419623.2814710415,1956912.0532908945,2438803.859442113,2067068.4845699265
2043-02-01,2534540.586749219,2285241.0533808433,3154529.212728147,3839944.3257620777,2478726.8729997664,2666156.796004221,5267640.518279636,2013488.8698844945,2521728.0062025185,1679509.265371688,3286715.6967048007,3069041.1057538027,3725590.2064060112,2337125.323715073,4243996.042534602,3692668.8760999967,3471003.262650219,1958562.3843936226,2479224.2755664317,2084343.3065747812
2043-03-01,2527251.174293582,2294668.6043828,3203298.316435243,3812574.8549716575,2506446.281670665,2706361.5492555765,5353795.450105298,2049886.9472179222,2557497.848259547,1705517.3065810972,3258435.0538715674,3111968.0875941957,3670096.9377247305,2357135.7402874497,4328616.399516813,3695994.7032254906,3502471.6943871262,1961571.792697139,2497205.4146283395,2084773.5407882787
2043-04-01,2547550.2221902516,2311908.0161646428,3227103.544912855,3826098.9540578234,2528906.0875693085,2725286.6093225535,5432610.571091645,2076750.2428567228,2594064.3266356084,1739525.7989709754,3248150.034800797,3135626.3596486715,3651643.6718704207,2367101.1452533267,4406556.774235721,3665600.4376237774,3501920.7042359887,1991534.6756048521,2536244.3220429705,2091744.9371272195
2043-05-01,2569801.878025525,2342274.4277173528,3269402.9782415386,3838298.2152688135,2569566.394852733,2734745.1160423183,5536737.841185952,2102217.994015923,2641040.598015938,1775796.975658753,3230501.272576672,3200342.684717302,3641243.694756233,2403527.951324021,4472154.671224185,3643581.160146191,3502446.1085216766,2013973.1029029877,2530472.361735515,2109358.002390602
2043-06-01,2601283.5702260113,2342657.661318463,3324113.385143859,3828600.2641227827,2578742.6122340523,2696313.295090905,5607018.7836365225,2136410.234160848,2670520.906485213,1796096.5073631974,3205841.808983273,3263907.642804597,3624801.1881909757,2413471.641560986,4431184.858309002,3605851.6007672874,3449447.2559757717,2026610.0092872235,2497349.615011537,2113315.2318032808
2043-07-01,2603578.8544948795,2332807.843124905,3354662.687478356,3835254.295883087,2572576.069736912,2629242.752850051,5651404.720015692,2132136.1626914665,2716529.5531831756,1789627.1183726469,3145171.2127845855,3323178.2139285994,3612632.8309949203,2432898.3172851233,4341614.538037957,3564427.3211967177,3393966.448998469,2037376.0395774809,2481414.558382291,2121663.4979470572
2043-08-01,2613068.5899249623,2295234.1506345477,3384299.6630466455,3816456.9947990295,2551950.4950750126,2588829.295320399,5729642.423919279,2169275.642299196,2740158.296430253,1775618.4202901036,3112363.948493108,3378069.7122230968,3610547.018167561,2470776.0204355908,4257011.797774075,3597959.354297853,3324549.3968769168,2047097.575346229,2491949.587417545,2141330.273391327
2043-09-01,2624811.925168154,2323823.760529634,3448656.0521979197,3862607.6532800286,2571909.769977564,2583051.6267471453,5814206.392025,2208637.015637131,2769522.9986972595,1819679.4113504528,3078070.792782516,3438776.070263375,3608958.401262935,2518695.593348027,4254805.461431833,3628180.0728302486,3260700.7988865105,2078015.2990982237,2543130.3006556183,2171317.0198704214
2043-10-01,2651283.670254045,2312986.6442197673,3497688.8198571904,3875558.7615607046,2552650.9092539595,2597984.712830315,5931985.966119121,2245174.7920125606,2800918.5214313455,1870061.3310802993,3042614.038339084,3480028.192002971,3579964.5647265306,2537343.472558889,4250726.200931314,3658551.4245304805,3204499.27134248,2082181.1977974223,2582858.0047349874,2198695.496856465
2043-11-01,2692230.589874203,2311296.5370829557,3565782.4820047147,3896699.5203837138,2542696.453878201,2609274.548333733,6030530.428683095,2249273.445192684,2826677.778755132,1909977.5786218552,3029499.8851536033,3511573.803882997,3571994.1568944957,2525277.760909765,4259142.638487238,3651861.105129398,3177745.6904404997,2056821.4078207759,2617526.2239960777,2210929.100914106
2043-12-01,2697111.4504449912,2297432.1337465458,3624819.227433534,3888998.8710851762,2504583.873980361,2636872.6947067757,6157042.508006476,2234233.5672800695,2870309.9999986454,1923656.3443950573,3025254.5779920467,3498738.631529161,3592978.700772422,2532526.393671769,4267504.345598804,3657501.7421887084,3166750.2253278955,2057622.1138518003,2599629.9510317254,2226916.8450834323
2044-01-01,2741184.4863261473,2282455.151936274,3689449.371302132,3948125.2170711076,2509007.8105047406,2685470.8205580465,6293595.834990643,2273903.876264457,2929152.7431731406,1916570.6435079738,3062465.8571090093,3457196.874006909,3624626.347447588,2561241.868748539,4299142.054003933,3768610.6971485987,3159415.092466515,2046503.9188418512,2603129.451756095,2229261.9586676583
2044-02-01,2743847.8216072265,2303469.7119880905,3717261.120500944,3974507.8117176,2504619.020512142,2764918.233679529,6372249.574222994,2320295.4625815116,2935363.5720411437,1904602.433838835,3103868.3497587945,3477012.4003195795,3677868.9919918934,2634464.584448966,4334584.6706174435,3895705.7421528916,3162449.8625866105,2034019.1987135573,2625721.323295267,2233058.6398034035
2044-03-01,2727962.7422436294,2358963.972449881,3742889.942877799,4018026.2427906576,2513786.6606447664,2799467.906092541,6322586.837984006,2403867.5369369,2969877.493283101,1871651.6597970694,3132209.73250036,3489412.2588347606,3780733.882602859,2688936.4601062164,4354108.643176622,3941751.0022870363,3158287.3095133533,2052751.1488890029,2637841.1211121567,2248653.4930602703
2044-04-01,2725377.391827583,2425468.7465171125,3812169.3033281155,4050931.1665984103,2551982.935603965,2815594.1267769984,6302514.359867989,2462005.81603175,2973248.11014778,1861559.547925537,3145023.0095786774,3534716.217214266,3868724.660863947,2704650.0541536435,4374071.045584498,3951563.7512345,3163397.088085687,2086011.9244226043,2621768.3261825857,2256541.886256727
2044-05-01,2752078.1402324876,2475081.648408608,3938365.583297904,4059065.7734155315,2585280.890422075,2795079.5074873148,6331280.004271287,2520410.8965863567,3008205.4659365257,1869153.933702093,3193348.673266273,3598332.915112551,3957449.7054123273,2709991.2336598877,4432756.315127509,3998489.6120802485,3170201.4879502,2113402.7167652883,2598901.4379186295,2274373.0710753826
2044-06-01,2747601.257505042,2486620.219819259,4066388.1134712826,4056404.5401063114,2598198.659566638,2775019.2558211903,6330856.774794234,2546120.9163864204,3033339.160822912,1893663.4768146845,3208807.553864299,3646540.3490080135,3922111.6632158346,2700307.7180998046,4463040.52582765,4062832.082491044,3193358.5591672454,2112582.3765066424,2590227.1061342913,2301766.671420352
2044-07-01,2715552.070930124,2498577.9190830123,4149786.565101793,4035264.9142825934,2579235.8908556737,2763418.95526946,6329110.962761142,2562610.032324881,3022572.282230328,1877697.6334991301,3228316.495500712,3652774.077535337,3894133.5253278962,2686994.7631132808,4515419.764812209,4096304.752251135,3186742.690022689,2102594.9358390747,2552902.8692123904,2309613.9456070554
2044-08-01,2725129.763451707,2525083.967284897,4195669.1372493515,4006314.898680346,2599528.2648394043,2781153.7127700667,6350491.389222473,2558400.9815230123,3016914.670982309,1845749.3385487846,3248880.9975384995,3591876.709159925,3833800.5656299433,2669688.834450505,4548914.155585486,4154482.135263117,3173015.640996952,2134635.4469735157,2493421.7535663703,2330305.5006620656
2044-09-01,2696111.5823187446,2557437.4172459133,4270243.270700562,3989945.7674646657,2630337.8652130566,2808635.2717422755,6401940.147378524,2588481.714964593,2999324.8930431404,1831280.8306601052,3279541.9948374913,3538128.1189478147,3847669.8675391064,2640137.190534202,4628171.012129501,4228797.39409034,3218910.481285411,2223844.4978970364,2448394.2163539003,2349944.069856132
2044-10-01,2659548.2400154746,2592532.4041880206,4324962.891906739,3986456.986978487,2644442.170038206,2845623.322464219,6522815.197564673,2611382.904009825,3022818.5717542376,1806969.5537999556,3305590.7992790835,3526815.002196762,3869008.721863398,2611026.2230419223,4685097.707622095,4289622.059798513,3238725.1137668695,2299031.6893420173,2449419.18728191,2383442.163420835
2044-11-01,2603127.0406516967,2631954.331949114,4348497.699191134,3951351.5848857723,2634935.369356183,2855838.2869568323,6548680.493707612,2606249.870126328,3048967.0996679836,1790168.3930054056,3297589.284578134,3529034.3295527683,3930424.8046170236,2619499.0395742385,4728422.15535038,4311859.472657835,3263560.1678540763,2316004.6595521336,2444177.8731482127,2403837.822859426
2044-12-01,2596357.0696255243,2650018.8241581502,4414577.898018431,3963789.854988776,2630840.361373702,2853885.8081280407,6570327.622162054,2590863.3209697143,3095983.0901949657,1792815.0551193103,3255785.148631081,3571581.5419040835,4017631.6029482945,2645243.956345715,4733405.452950233,4373244.732970859,3289891.652982023,2313616.95378618,2452016.389311127,2402907.0262180343
2045-01-01,2623703.3546007145,2666513.2374778274,4453914.904163095,3971398.8891669773,2636316.939375146,2808985.2893636487,6629730.036981475,2609744.0892437072,3168098.090951746,1823715.3034336213,3240833.4565176284,3588320.7169803,4070234.1399364467,2680726.409009222,4769141.725323804,4409824.368878846,3338341.4769788575,2303092.4058223055,2470377.4055304904,2437977.8396423543
2045-02-01,2679024.4628701527,2690411.0879322314,4488098.043705619,3991816.689130596,2665857.5430866703,2800882.092039949,6720426.442647079,2661233.9387174654,3252261.066116658,1879582.5914592522,3232511.9718578346,3603230.13071826,4103123.494950944,2700121.8003098853,4856872.061075524,4496270.005870953,3393972.909894612,2344940.560990026,2514548.8164945724,2486699.566743079
2045-03-01,2680814.3188897152,2688626.6083113835,4511503.213663016,3968189.8510536742,2663225.890804546,2783093.579143954,6846249.688528306,2673231.248944185,3292551.212514566,1903691.4020004484,3239559.005747616,3587972.4816647763,4082760.1899901074,2721462.6030790224,4920943.892216005,4490293.0438707275,3474792.4248882993,2373508.5991446376,2529106.3785480103,2537104.2990531554
2045-04-01,2722461.5806321595,2703634.5387300327,4531109.845017154,3964270.378734861,2618669.7977898302,2816743.0344921933,6943013.153326003,2680327.73551024,3296594.355778474,1905135.1869746915,3231698.65838479,3620465.557539723,4102465.2434797883,2775453.7497450016,5025913.068182121,4546597.861503509,3495263.3901695423,2445188.40120732,2539303.078286568,2574525.4947112156
2045-05-01,2764682.594367127,2736504.281625997,4589728.578590541,4013597.70641157,2627646.8733342285,2842783.496972933,7006931.159287131,2711819.1188219483,3309113.0471584853,1907205.1673621258,3231136.719760207,3628982.5828878134,4111562.250913993,2793638.233843514,5081930.548217651,4595221.419089668,3532212.272338326,2498952.9196589715,2578016.7365987394,2571468.8067057882
2045-06-01,2784739.762810096,2725108.4439571183,4626236.719270977,4028481.0513051525,2660354.3354324377,2882213.838408144,6974544.526107852,2669338.0420050863,3280318.768536157,1920603.085938999,3252758.7150007603,3640658.417361834,4076159.4623692846,2794917.0000839736,5127288.317296108,4595449.806451231,3550941.795991549,2516217.028228952,2620765.142091724,2556564.6704983334
2045-07-01,2774131.6394352885,2718052.654015537,4635067.643225643,3995204.6606369675,2683066.5536913616,2886645.6256578346,6941606.501003842,2627675.923909566,3276613.594279483,1917078.126777733,3270275.8715046174,3615077.758827154,4066860.9975495576,2745597.203621132,5101873.632141407,4599443.009014555,3554862.765111562,2499668.706450409,2631293.733102658,2518153.1393948034
2045-08-01,2787161.01621212,2695161.5521639683,4606642.084965568,3988161.9806508753,2653547.685185467,2883741.8505833563,6882741.445188508,2573977.4039908657,3253413.6940209875,1897977.1770041634,3227700.4343031836,3604957.797368803,4083943.994048515,2735146.696388203,5135062.845619804,4675119.7292414205,3539160.9031948606,2498110.76836216,2600992.4920340898,2512955.352253447
2045-09-01,2815299.13044242,2699917.505044298,4592149.707748994,3996506.1626066775,2631836.123343773,2870165.8709199703,6885591.576220596,2559891.5425466066,3246707.370114299,1882908.3624710012,3184444.97057884,3602624.7220491525,4155774.85575343,2695191.394642322,5119272.244718255,4755161.191460476,3549082.5008163704,2507922.0284952642,2580345.5842015594,2541148.3187278137
2045-10-01,2848695.917760208,2736525.821818333,4605881.737100275,4071878.280114107,2660799.8956280234,2872638.468195143,6857199.188564105,2555674.967525947,3257855.402158953,1861350.8563052642,3105873.657546893,3640768.2661274364,4180776.80509226,2673610.7554387925,5080586.717838747,4817469.672801175,3570686.7629099903,2528362.547081198,2514724.2786817444,2557142.094512269
2045-11-01,2843896.281307303,2747805.5406543566,4552800.14161039,4153784.830851038,2692474.863434954,2846708.549499521,6831697.312137495,2565673.6125254715,3270108.056569282,1861987.0122933043,3064463.9839851726,3650996.7283557467,4159426.216488867,2631160.4870677344,5026749.263295785,4835300.729296063,3573553.444459071,2546285.1188366245,2469225.1975708613,2579532.800030189
2045-12-01,2806373.777494512,2750031.7230091398,4613981.966103311,4233138.544915851,2738126.8913028724,2832593.2110538525,6827890.183163519,2561234.2955230614,3280943.743025089,1888798.8361150254,3051263.7441618256,3673453.1363948155,4139707.698125801,2663454.605283684,5006237.82243437,4885076.26869799,3579952.556820806,2548247.031898916,2456984.7287611784,2589439.132242107
2046-01-01,2838471.5575746414,2760046.8274965542,4611044.578410216,4351224.155372025,2762120.2795719774,2830754.4008799847,6879945.815511109,2610554.5539814606,3322383.924865981,1939259.825327762,3058505.56191771,3680587.426535602,4186665.8308553305,2680865.6853127945,4968492.077030867,4883172.777250088,3574646.5703993556,2555188.8621769403,2500539.2903481494,2608589.3889754023
2046-02-01,2854119.206133925,2778202.538417474,4647902.498531108,4441576.772207674,2765312.3078963445,2910714.4623387544,6961114.295357967,2659662.921295634,3368751.058641459,1988284.5686411178,3092045.6585769267,3745274.3459810177,4211847.668174964,2726987.370794306,5014868.69234079,4854254.052142504,3591683.642544826,2608344.545494627,2583396.7253262824,2650734.966112656
2046-03-01,2842533.7027205345,2796582.8737372793,4689023.78257489,4450717.549117505,2773812.1134379916,2927501.3354671975,6937007.513394988,2662234.496974293,3409703.4856702774,2026955.422058743,3099706.4017275693,3748964.26118505,4154131.89300831,2746225.7937962012,5027448.780643309,4805089.388275566,3595460.236181224,2629062.90175709,2623223.78828319,2659666.862407793
2046-04-01,2829241.2344131293,2793360.2235730276,4776455.556088646,4494107.729354147,2785946.566823375,2939508.953990572,7022071.824295036,2669918.738080612,3424247.519129434,2032018.0324044563,3082991.102656667,3740426.705412668,4157971.64561338,2775254.912945689,5048907.339091851,4792687.083497687,3622771.727806357,2672011.825577314,2633612.085431643,2684281.9628641494
2046-05-01,2856406.9977646107,2784598.2405590992,4864942.230212288,4487714.979525204,2818567.931163113,2922760.5858501066,7098475.00129911,2721474.199612983,3500580.405287343,2042119.4145112913,3086577.5636709835,3712522.7649636515,4157145.224483899,2806208.1461086427,5108112.599638003,4820845.496355702,3654102.3015213627,2676164.661980441,2642912.4228175376,2708186.8135765437
2046-06-01,2869924.9723017938,2786193.1610664297,4884968.81332549,4471466.830019498,2821862.0029738983,2939527.925578532,7175726.08929749,2724267.03658986,3554772.0675955373,2026069.2125755094,3016451.4605466574,3713703.0858276975,4172420.800575593,2782217.8168767537,5205196.73332354,4749987.086269446,3663832.297374172,2682573.6648806934,2632782.4869873584,2695860.3898671726
2046-07-01,2879144.3802603134,2788435.6604888113,4881950.193485112,4478908.6190059865,2830019.465650651,2950695.201690223,7222643.168868835,2709267.325593972,3612211.825117734,2010913.2742904609,3002205.3095885827,3697235.521078568,4106293.2232397865,2792349.820332035,5339301.286386644,4745423.602946855,3612296.2104011434,2677343.726754264,2645708.4109268393,2662251.172750601
2046-08-01,2864093.763281339,2762186.891039513,4857088.805955101,4506906.631055631,2874966.08439247,2977003.286357332,7307616.240403189,2683854.149806355,3720706.4433097127,2027593.0106806047,2996026.687328658,3699113.5841539735,4112314.7914072857,2788356.746150632,5422107.837193257,4794855.390497801,3610339.414671539,2675940.8787556086,2641134.7832013606,2632481.0631799074
2046-09-01,2863629.009323832,2791490.122298865,4857982.236787718,4604190.471984346,2961517.7596258707,3008413.3196949214,7400084.816367797,2676044.8201998207,3839875.8574653096,2039480.3510900587,2984106.175535927,3696608.9711492327,4131718.9989712443,2827820.328785285,5422004.316043618,4876722.807793053,3606706.0933631686,2691235.293931513,2652017.8523858255,2637902.9272530377
2046-10-01,2857457.074218888,2830073.9896434657,4898440.323307191,4659728.444546727,3058020.700656948,3026217.8139981437,7460964.07668999,2685247.544611672,3904654.062980924,2056143.6019022989,2970130.929348786,3702971.0027797353,4169634.507678244,2878203.2275408683,5419464.976713987,4898474.090667507,3653415.6904156944,2723360.4889604864,2663035.9248616095,2661663.445578246
2046-11-01,2852265.6570946807,2858682.373084883,4880078.187982352,4717351.41885261,3106464.6449446296,3033915.265971484,7461635.474338443,2709052.6286770543,3937112.5953171505,2049485.724788291,2993399.4899370745,3691090.92074286,4192585.8191776355,2900490.1516613397,5388149.567699147,4875816.943192064,3703888.19731373,2745300.6763511063,2632389.261777419,2686573.1742305607
2046-12-01,2882775.310631791,2894095.1064237985,4869976.362451072,4742981.747086248,3070797.757606775,3056626.403150406,7478033.611342275,2754390.285596309,3958821.8806949174,2025540.207819019,3004442.8065205747,3716897.711591386,4167648.5047853943,2889072.824370133,5369922.753380931,4860201.179769094,3764312.544901971,2755711.064555878,2586705.8068777598,2697395.2354199076
2047-01-01,2933488.8510283045,2943338.884665554,4869415.38563826,4792434.185174564,3049746.4879296194,3106740.9448496485,7588969.584423037,2780278.9782660124,4001260.892417236,2047203.1071819342,3084710.1871278626,3771658.25135022,4159223.0483388477,2881143.331890144,5364929.450535393,4968391.167854534,3810189.397868662,2787829.038735729,2599708.603943982,2729817.6385014304
2047-02-01,2989591.887546648,2987335.1917342735,4857531.404804489,4813963.1769816615,3056844.345902188,3208277.1282252106,7708079.980056132,2807595.219273648,4071823.070929447,2090638.6636673461,3145586.8828207864,3842768.0863583186,4133698.588629945,2844578.8827012703,5371528.251988195,5104624.141285943,3865483.8050237047,2823419.3876003698,2600649.238048626,2802937.1078689406
2047-03-01,3060990.870160958,2965692.4693004163,4833389.924761143,4805458.937379902,3064754.8796260813,3243340.1548196836,7795069.19811328,2817938.117451724,4115390.5606616545,2117995.392488455,3159235.405524972,3928280.490905723,4145028.388875211,2848481.0436301073,5324204.823623294,5163393.799529118,3861065.9663831983,2838732.571370003,2607486.069377044,2828586.727104968
2047-04-01,3114588.6541026975,2975061.5055051493,4800258.980560111,4874878.178256902,3060094.8502932675,3262242.154297538,7876244.656863565,2825977.685050185,4139804.6114052194,2150317.1922558453,3183836.6335278833,4019035.0395728685,4181467.6255426914,2853302.0551340203,5306544.532556239,5180066.149237202,3847481.5102967005,2841938.7810343043,2570827.603760646,2844174.278324574
2047-05-01,3170111.616817443,2982545.2216933942,4866592.2566283615,4988262.726237821,3067148.2864987403,3318074.874306446,7960428.3286346365,2865153.9973676237,4094313.9322525016,2166382.2883269624,3188073.237922832,4060617.1057452806,4256161.927677829,2869184.3454569136,5345183.649430185,5242133.132397578,3768012.0882664323,2888757.932157492,2571730.256870719,2829433.2119671428
2047-06-01,3205348.9521930935,3012100.022324583,4933838.657661881,5150504.451803911,3028913.5860664006,3333295.10500266,8074295.968529129,2878274.993526759,4038525.67834613,2183369.391427326,3204427.876531745,4142216.1747372313,4317326.536345508,2892130.4248645883,5405767.175046713,5264241.328690126,3667990.035435635,2912429.240416752,2555829.7318466445,2817934.5970040676
2047-07-01,3225924.930490004,3053314.6111457385,4981235.7509469995,5248293.670038354,2978822.858657718,3347565.0251144283,8221621.564436581,2865800.191016134,4001353.2916908637,2201050.528462237,3247446.7602238506,4186819.756991328,4365430.542321159,2895663.267480195,5331780.903358053,5226174.225637037,3640135.1963299513,2929876.168641443,2563395.9430465926,2798274.3595462753
2047-08-01,3235815.493281,3079779.008479454,5016998.263912957,5279346.55479828,2908203.4073038553,3330891.0690338155,8260535.052868362,2857367.8475509696,4027165.2074400624,2207730.1024754643,3293945.605728986,4257628.93080268,4405505.668278051,2922435.342820437,5354786.961517061,5279514.44975516,3657861.7482019356,2938567.3419708926,2574258.00682497,2787100.6177964034
2047-09-01,3256743.171172138,3147970.433960242,5032816.732178627,5288087.314485335,2891138.0135943335,3310498.689524243,8279860.4385523135,2841156.202939296,4057240.6681516445,2228615.552886957,3351539.484689265,4272900.073730483,4473754.785678544,2967869.567105667,5376402.571040786,5357005.399847767,3709392.1826387295,2956542.8380796188,2591381.3334817495,2794757.2378487103
2047-10-01,3278849.8477464425,3208837.213192033,5076246.444895965,5260338.691910175,2859637.6851853123,3309722.2566915248,8279459.036228253,2848397.5402865256,4072142.0582226138,2250527.8797898283,3368012.7105064983,4307436.68703024,4638020.492510151,3025370.422844168,5366181.367984432,5407275.911286047,3739233.620366499,2964212.438711062,2585499.3536319938,2805950.7767421994
2047-11-01,3321216.857716142,3223367.014775689,5139388.554182575,5268576.489296433,2843089.7032596357,3249343.281353702,8189587.2263982,2857737.0262994706,4019979.737202026,2272028.4411470615,3349131.861858486,4266750.137218313,4828591.666894897,3052314.588406819,5366461.344962433,5441645.714150877,3740923.0023855353,2946579.9684475753,2588877.890023011,2822479.8005931033
2047-12-01,3348995.988044721,3215266.826597844,5236260.989911299,5253196.716457324,2820308.7695368556,3251860.228374002,8046861.5552982455,2878383.9219239717,4004735.3278286867,2267704.960777403,3302216.2876060978,4235653.564194703,4986985.045963024,3013788.165238646,5385840.483579342,5410860.09886459,3792013.7335798005,2933949.058272444,2620925.7918860903,2823264.469690265
2048-01-01,3379895.639738535,3239196.228923201,5347909.616833085,5287092.11355368,2846356.8571890322,3265425.189931744,8017209.504730854,2914756.299560073,4023524.5593248904,2296117.855492205,3266775.3408133956,4240651.2274182495,5129452.497135391,3029531.8921531136,5441811.356474343,5437589.19128074,3831424.5262333388,2923650.8892128947,2644491.0192056145,2820536.5819190494
2048-02-01,3442762.9952517576,3279238.483636108,5435033.971163155,5268154.934996705,2859027.3316235556,3342533.9619728755,8071677.030921292,2920302.1348990398,4082968.280274196,2349743.8170285714,3260500.5436724336,4271820.270475767,5221473.824805437,3038998.469983575,5476152.9206903195,5419663.606452406,3871372.6798483985,2926860.222017282,2684925.6737067304,2831663.8279067753
2048-03-01,3515804.1532457573,3316048.489798277,5503076.285361417,5283151.814285477,2877943.2256095316,3339446.5712832045,8171487.083467002,2912781.959856035,4118538.667282661,2367387.554301356,3259573.2007140755,4318967.676994763,5310516.535683384,3051051.5172688025,5479041.552850746,5386716.420810623,3881569.837841922,2894100.4825154003,2669565.2981302696,2845767.757886205
2048-04-01,3581035.1402682853,3390623.289314108,5556287.1277248645,5242716.819684235,2890824.3565038596,3356310.7852175673,8263472.218155311,2915266.84949087,4149953.4607044104,2377838.75057129,3275491.3044238403,4343739.803239136,5409224.796074716,3049013.47418605,5481633.889924536,5414908.564999412,3905571.1429002592,2875115.3575794385,2693487.8521611565,2874519.277583993
2048-05-01,3635344.468297154,3432622.2959561064,5603815.955291455,5289353.164629672,2920088.377615171,3368125.955940008,8365258.7461468335,2930997.4230822963,4213334.026927745,2415192.6424721363,3310515.895577798,4311496.702441767,5558195.377100183,2987617.667415924,5565837.4618855445,5428266.093620065,3903470.0206156834,2862818.5713945534,2718040.207348686,2901831.3992931694
2048-06-01,3610616.481079724,3447591.633346301,5559185.420368826,5318399.784326578,2943117.2026321166,3371277.2921237196,8354525.753665176,2962259.838937326,4222950.573293404,2425154.171026953,3352003.832577318,4267942.334287535,5714478.230783697,2953879.99409325,5585656.48915499,5466297.448371613,3870640.912817643,2876734.9825873207,2730489.8277451694,2941515.4825492157
2048-07-01,3599117.087750652,3427899.3353245133,5575464.084325593,5342401.321701152,2941077.1733236155,3345606.014924141,8322362.291520454,2969088.0556971855,4183688.712524164,2425610.411804713,3358157.814165872,4248714.5132874455,5832782.783655268,2904744.4164439836,5589647.492201698,5384456.965401677,3849714.060225435,2908883.784882763,2723586.3347742134,2963829.2316073645
2048-08-01,3649761.096615951,3442245.5176645434,5537899.35005555,5356714.856963044,2947783.5643697097,3374752.236914299,8121505.363004877,2941359.0962135796,4184855.902207557,2411185.793844776,3336095.2796469214,4233301.845595093,5950467.039843212,2913443.398261075,5568463.880008672,5329156.280528477,3852040.103380207,2894663.8988411133,2750275.7197263567,3021293.012237587
2048-09-01,3683343.579289692,3443790.036813992,5583459.173217456,5356798.077195158,2949374.727610604,3440816.6761810384,8081259.4773456,2933640.2504059956,4236933.297236181,2413131.720877392,3309177.1740084216,4341447.348657361,5975468.684101572,2959493.6003258405,5584412.097144234,5346534.18945469,3897981.665132629,2916048.652515898,2775365.1481864606,3058436.7685114252
2048-10-01,3716729.47179229,3463653.413298333,5643478.022076827,5364808.208919246,2947598.222756787,3476478.037234913,7986599.050430931,2899873.786874312,4239408.034999108,2429807.6532526626,3286611.635515369,4455336.2376291845,5990574.624898322,3021426.5720253596,5529642.753691084,5385666.762435405,3900037.528678139,2940207.4133833055,2826482.239226449,3090839.547565387
2048-11-01,3706471.228183281,3466160.2409854373,5662406.8605873175,5358780.952297485,2962803.437427348,3459640.9793596556,7978812.975229691,2895395.3702713805,4301480.5017080335,2424350.8806883693,3245794.447144518,4564510.589185682,6009802.3861840665,3013786.365564337,5418209.4623646885,5398095.934790441,3921242.8020985457,2917881.0686373315,2825542.2509369166,3114907.0041287765
2048-12-01,3692815.405374761,3496271.398142751,5626395.924502946,5351833.04435529,2968469.766293943,3417581.838280285,8048589.99637804,2917809.5114361215,4343317.5185302785,2398790.3184267897,3218066.418180427,4620507.062077303,6000240.35515204,2969488.9755995492,5434833.779527959,5435693.123219355,3939043.0880777314,2883147.0059677386,2849202.5381275127,3135008.7312620264
2049-01-01,3699738.788176328,3563017.0781754474,5622339.136053885,5379978.606130965,2998736.0862265266,3400778.772320605,8173463.447668556,2951263.0164234103,4418365.579572834,2395585.234521756,3258774.469988507,4672965.310705743,6012442.280251628,2984059.9070682456,5477243.819969646,5485577.886837453,3931323.96408366,2880244.1374615734,2846744.589411384,3148748.3591565695
2049-02-01,3750384.5279727457,3688626.2591387127,5772578.77132858,5447020.120870104,3009184.5746288537,3372469.3330300665,8181472.15260562,2967464.7028368264,4489817.145743138,2383543.248740632,3313164.2811324717,4716997.076166183,6037458.929305827,3010267.5439745705,5654007.037325966,5508156.745687797,4015608.38154855,2906754.7876417027,2866193.2637517885,3171006.3826706014
2049-03-01,3767711.5319620683,3816623.3262429214,5901099.644752564,5492862.241148238,3035089.1023200117,3325081.2356416904,8209168.872991154,2969353.342484056,4603968.961493125,2365861.1922285543,3385332.599114211,4814270.667159988,6058931.761986943,3008556.6199016576,5702857.9313869495,5564372.205179555,4002296.080637996,2892483.9803388016,2833279.2095623654,3205244.484818624
2049-04-01,3797103.2824659413,3924180.7367612408,6001560.958741374,5501564.732116655,3074657.0383144007,3284548.886196566,8256698.42570189,2993083.1437331312,4712627.460028618,2389320.312894217,3439619.9809034048,4902579.669423831,6089029.224964479,3034096.6130348993,5709349.5634489935,5636443.027893597,3987708.81154907,2873493.689081947,2828247.4118593526,3236198.96312219
2049-05-01,3803342.475630845,3990183.3165945024,6044602.324871073,5617816.882699064,3103032.4051692085,3237517.8752832804,8308463.119025085,3003706.0189594273,4814270.646295872,2414701.529438123,3483217.586080223,5030616.429026725,6058815.352520081,3039464.705611997,5631786.409066115,5709297.6314116465,4026624.123980788,2886708.985852015,2853947.491923945,3277361.8319781977
2049-06-01,3817994.616052255,4006200.549902137,6029660.312825206,5647259.373367096,3104438.382762804,3209163.514732566,8272638.076341516,3008697.7770601814,4919881.871810526,2418385.847814092,3509500.5581025956,5149433.962978023,6026972.494652367,3034899.8049913477,5538491.193443154,5709537.36480326,4031943.8191782483,2905303.6651032725,2814039.5442535924,3318033.7486557164
2049-07-01,3816592.73445155,4032078.3455893616,6018024.935687275,5599606.514045558,3075193.266222794,3226008.4117876636,8355307.713624369,3016701.6060915794,5036456.870178219,2407350.9335615276,3482916.8766844817,5271747.501941979,6009998.061205609,2982399.735320309,5537255.15999505,5623558.586036262,4055481.5039860504,2890946.3272491465,2821228.691661705,3395291.746549078
2049-08-01,3882729.400782275,4061915.360652042,5888795.160685572,5452222.095848207,3056386.0428008144,3263907.6020505135,8405436.663157705,3008335.179004988,5117928.440413573,2394146.7009807364,3476270.02312558,5377150.4317091955,6034859.503429069,2897290.402783462,5581190.447143258,5646445.756116713,4065813.3452474256,2890178.016589873,2833624.3846910633,3464021.9061368867
2049-09-01,3962910.995498139,4127283.5830064,5852349.652555274,5302801.193215393,3071563.5392087027,3328580.470536279,8452664.015298985,3001790.8690385204,5200872.8631181605,2374984.6706874203,3482630.7048466657,5476106.993272755,6052278.740902496,2862154.030792911,5602730.923715029,5700342.382374133,4105259.0575979343,2921394.7485430595,2870985.711289255,3501670.822804267
2049-10-01,4018790.1031594253,4200874.4645114215,5793588.61782141,5288872.841448174,3071718.431935892,3321750.401685588,8422896.78289305,3014913.725151781,5248419.046431706,2378082.6319725765,3470559.9676537346,5558222.147634368,6130739.408856744,2838381.164575127,5509301.926953797,5745001.024360295,4062227.408262344,2939101.359960859,2927293.713796726,3532497.6848532762
2049-11-01,4067688.382741174,4274709.820066502,5806662.941454772,5325530.249909701,3035890.230503356,3303440.244607453,8347397.342695209,3024301.443616031,5330146.274266716,2369955.9905362455,3480506.8933017654,5669005.71926264,6208351.567231517,2842489.5425158306,5468022.74662251,5843604.328205196,4026352.970501738,2914769.0679752324,2944293.824634068,3510421.681444829
2049-12-01,4105452.704635139,4321919.127179863,5699443.962899469,5372342.106009472,3006557.3851447087,3298259.7987940894,8305188.775575256,3034786.0953934086,5396243.03732493,2342861.550275689,3501362.968099931,5759377.846232529,6234688.682261076,2821008.6304700254,5432635.818794241,6029161.53236628,3953906.42181849,2902768.2157111564,2975469.35382605,3489028.5415572436
2050-01-01,4168936.482855192,4372860.178301582,5722389.349654684,5381458.949559482,2971770.386722774,3328928.921492757,8329913.352511869,2999216.35270185,5420858.538046936,2360424.8204777483,3523047.273513259,5872218.488597476,6228325.133278064,2824249.580629264,5412280.320275632,6178166.165650515,3954031.275505608,2947897.0605935175,3002904.1584774517,3536232.3924575173
2050-02-01,4237953.181701623,4476954.207514193,5713256.211465927,5421339.0663878685,2934201.575950032,3363517.489662938,8424714.917296225,3030179.808137033,5505785.297018652,2385236.182721898,3565102.7744517676,5989125.796713087,6260670.285738806,2837306.5414473754,5440567.833148147,6407049.489888788,4000583.0400005127,3028912.2006304557,3030349.955669364,3623504.0049823923
2050-03-01,4271476.6420035185,4558533.538241721,5706153.014276071,5468506.359625334,2912925.3601375953,3393175.211239642,8517964.279731898,3052710.7541866046,5499741.6731489105,2435009.288433719,3582885.5369017604,6023652.060443328,6253763.730279852,2856555.900778533,5459066.814458094,6557018.331921818,4016898.460835911,3116120.378954957,3023757.1354827946,3710622.3946811035
