date,ID,"MARKET PRICE (TARGET) (average, detached Single Family Homes)",sales volume,year,month,National pop.,Provincial pop.,Municipal pop.,"National GDP (real, seasonally adjusted)","Provincial GDP (real, seasonally adjusted)",National GDP (Nominal),Provincial GDP (Nominal),GDP per cap. (real),Most Recent Quarterly GDP % change (extended),"Total Labour Force Size (people 15 or over, employed or actively seeking work)",Labour Force Participation Rate,Median Income per Household in Toronto,Total Employment Rate,"CPI - National, All Products","CPI - National, Core",National Debt (Billions),Provincial Debt,National Debt-to-GDP,Provincial Debt-to-GDP,3 Month T-bill,2y bond,5y bond,10y bond,Yield curve slope,Variable mortgage rate,5-year fixed mortgage rate ,5-year fixed mortgage qualifying rate,Ontario Net International Migration (monthly),Ontario Net Interprovincial Migration (monthly),Ontario Net Non-Permanent Residents,"Housing Starts (SFH, monthly)","Under Construction (SFH, monthly)","Completions  (SFH, monthly)"
1967-01-01,1,24078,1036,1967,1,20228000,7063000,2252000,130807.5,45673.98519,23152.9275,8084.295379,6466.655132,0.225801607,7650000,58.8,63503.73913,58.6,17.7,19.5,17.5348,1.1771,0.189336748,0.036400822,4.68,4.92,5.2,5.6,0.68,5.822,7.13,7.13,5335.333333,1123.333333,838,565.75,3738,554.9166667
1967-02-01,2,24078,1036,1967,2,20228000,7063000,2252000,130807.5,45673.98519,23152.9275,8084.295379,6466.655132,0.225801607,7668000,58.75493506,63503.73913,58.6,17.7,19.5,17.6215,1.1965,0.190272915,0.037000751,4.58,5.05,5.16,5.64,0.59,5.822,7.09,7.09,5335.333333,1123.333333,838,565.75,3738,554.9166667
1967-03-01,3,24078,1036,1967,3,20228000,7063000,2252000,130807.5,45673.98519,23283.735,8129.969364,6466.655132,0.225801607,7745000,58.77974026,63503.73913,58.9,17.8,19.7,17.708,1.216,0.190132726,0.037392515,4.13,4.35,4.76,5.48,1.13,5.822,7.03,7.03,5335.333333,1123.333333,838,565.75,3738,554.9166667
1967-04-01,4,24078,1036,1967,4,20306000,7096000,2252000,133231.8,46558.30064,23848.4922,8333.935815,6561.203585,1.853334098,7680000,58.80454545,63503.73913,59,17.9,19.9,17.795,1.235,0.186542192,0.037047322,4,4.47,4.81,5.56,1.09,5.572,7,7,8815,1244.666667,1584,565.75,3738,554.9166667
1967-05-01,5,24078,1036,1967,5,20306000,7096000,2252000,133231.8,46558.30064,23981.724,8380.494115,6561.203585,1.853334098,7733000,58.82935065,63503.73913,60.6,18,19.9,17.882,1.255,0.186412787,0.037438127,4.24,4.92,5.4,5.72,0.8,5.572,6.97,6.97,8815,1244.666667,1584,565.75,3738,554.9166667
1967-06-01,6,24078,1036,1967,6,20306000,7096000,2252000,133231.8,46558.30064,24114.9558,8427.052416,6561.203585,1.853334098,7696000,58.85415584,63503.73913,61.8,18.1,20,17.968,1.274,0.186274445,0.037794947,4.28,5.34,5.68,5.87,0.53,5.572,7.08,7.08,8815,1244.666667,1584,565.75,3738,554.9166667
1967-07-01,7,24078,1036,1967,7,20412000,7142000,2252000,133651.8,46763.72504,24324.6276,8510.997958,6547.707231,0.315240055,7777000,58.87896104,63503.73913,63,18.2,20.1,18.055,1.294,0.185562964,0.038009644,4.32,5.4,5.89,5.88,0.48,5.572,7.22,7.22,7520,1885.333333,2347,565.75,3738,554.9166667
1967-08-01,8,24078,1036,1967,8,20412000,7142000,2252000,133651.8,46763.72504,24458.2794,8557.761683,6547.707231,0.315240055,7799000,58.90376623,63503.73913,63.3,18.3,20.1,18.142,1.314,0.185438228,0.038386206,4.34,5.49,5.98,5.99,0.5,5.572,7.25,7.25,7520,1885.333333,2347,565.75,3738,554.9166667
1967-09-01,9,24078,1036,1967,9,20412000,7142000,2252000,133651.8,46763.72504,24458.2794,8557.761683,6547.707231,0.315240055,7778000,58.92857143,63503.73913,61.4,18.3,20.1,18.229,1.333,0.186327498,0.038941257,4.76,5.8,6.1,6.19,0.39,5.572,7.3,7.3,7520,1885.333333,2347,565.75,3738,554.9166667
1967-10-01,10,24078,1036,1967,10,20509000,7186000,2252000,134234,47033.27924,24564.822,8607.090102,6545.12653,0.435609547,7761000,58.95337662,63503.73913,61.5,18.3,20.2,18.316,1.353,0.18640477,0.039298996,4.95,5.79,6.05,6.36,0.57,5.822,7.69,7.69,5173.333333,-108,-3300,565.75,3738,554.9166667
1967-11-01,11,24078,1036,1967,11,20509000,7186000,2252000,134234,47033.27924,24564.822,8607.090102,6545.12653,0.435609547,7817000,58.97818182,63503.73913,61,18.3,20.3,18.403,1.372,0.187290183,0.039850867,5.46,5.8,6.17,6.41,0.61,5.822,7.72,7.72,5173.333333,-108,-3300,565.75,3738,554.9166667
1967-12-01,12,24078,1036,1967,12,20509000,7186000,2252000,134234,47033.27924,24699.056,8654.123381,6545.12653,0.435609547,7859000,59.00298701,63503.73913,60.3,18.4,20.3,18.49,1.392,0.187152902,0.040212045,5.95,6.16,6.48,6.54,0.38,6.322,7.72,7.72,5173.333333,-108,-3300,565.75,3738,554.9166667
1968-01-01,13,26732,1020.416667,1968,1,20581000,7213000,2343000,135378.3,47445.88105,25044.9855,8777.487994,6577.829066,0.852466588,7810000,59.02779221,67936.43478,58.8,18.5,20.4,18.576,1.411,0.18542634,0.040188036,6.29,6.35,6.53,6.54,0.19,6.322,8.03,8.03,3390.333333,901.3333333,838,462.9166667,3407,484
1968-02-01,14,26732,1020.416667,1968,2,20581000,7213000,2343000,135378.3,47445.88105,25044.9855,8777.487994,6577.829066,0.852466588,7834000,59.0525974,67936.43478,58.9,18.5,20.6,18.663,1.431,0.186294777,0.040757675,6.8,6.51,6.77,6.72,0.21,6.822,8.04,8.04,3390.333333,901.3333333,838,462.9166667,3407,484
1968-03-01,15,26732,1020.416667,1968,3,20581000,7213000,2343000,135378.3,47445.88105,25180.3638,8824.933875,6577.829066,0.852466588,7828000,59.0774026,67936.43478,59.1,18.6,20.6,18.75,1.45,0.186156961,0.041076795,6.98,6.69,7.12,6.91,0.22,6.822,8.16,8.16,3390.333333,901.3333333,838,462.9166667,3407,484
1968-04-01,16,26732,1020.416667,1968,4,20644000,7238000,2343000,139017.8,48741.07907,25857.3108,9065.840708,6734.053478,2.688392453,7867000,59.10220779,67936.43478,59.3,18.6,20.8,18.806,1.462,0.181824786,0.040316173,6.99,6.58,6.87,6.62,0.04,6.822,8.4,8.4,5734.333333,1758.333333,1584,462.9166667,3407,484
1968-05-01,17,26732,1020.416667,1968,5,20644000,7238000,2343000,139017.8,48741.07907,25857.3108,9065.840708,6734.053478,2.688392453,7859000,59.12701299,67936.43478,60.8,18.6,20.8,18.861,1.474,0.18235655,0.040647085,6.95,6.71,7.08,6.97,0.26,7.072,8.43,8.43,5734.333333,1758.333333,1584,462.9166667,3407,484
1968-06-01,18,26732,1020.416667,1968,6,20644000,7238000,2343000,139017.8,48741.07907,25996.3286,9114.581787,6734.053478,2.688392453,7956000,59.15181818,67936.43478,62.1,18.7,20.9,18.917,1.486,0.181919919,0.040758864,6.56,6.63,6.79,6.62,-0.01,7.072,8.38,8.38,5734.333333,1758.333333,1584,462.9166667,3407,484
1968-07-01,19,26732,1020.416667,1968,7,20729000,7275000,2343000,140954,49468.87694,26640.306,9349.617741,6799.845627,1.392771285,7958000,59.17662338,67936.43478,63.2,18.9,20.9,18.972,1.497,0.178038496,0.040028374,6.03,6.17,6.44,6.49,0.32,6.822,8.34,8.34,5127,-153.6666667,2347,462.9166667,3407,484
1968-08-01,20,26732,1020.416667,1968,8,20729000,7275000,2343000,140954,49468.87694,26781.26,9399.086618,6799.845627,1.392771285,7988000,59.20142857,67936.43478,63.5,19,20.9,19.028,1.509,0.177624204,0.040136879,5.48,5.87,6.21,6.43,0.56,6.822,8.32,8.32,5127,-153.6666667,2347,462.9166667,3407,484
1968-09-01,21,26732,1020.416667,1968,9,20729000,7275000,2343000,140954,49468.87694,26781.26,9399.086618,6799.845627,1.392771285,8022000,59.22623377,67936.43478,61.6,19,21,19.084,1.521,0.178146958,0.040456059,5.66,5.94,6.25,6.6,0.66,6.572,8.23,8.23,5127,-153.6666667,2347,462.9166667,3407,484
1968-10-01,22,26732,1020.416667,1968,10,20814000,7305000,2343000,142905.8,50155.03358,27152.102,9529.456381,6865.849909,1.384707068,8054000,59.25103896,67936.43478,61.7,19,21.1,19.139,1.533,0.176220243,0.040217404,5.57,6.16,6.48,6.83,0.67,6.572,8.21,8.21,5315.333333,1333.666667,-3300,462.9166667,3407,484
1968-11-01,23,26732,1020.416667,1968,11,20814000,7305000,2343000,142905.8,50155.03358,27437.9136,9629.766448,6865.849909,1.384707068,8115000,59.27584416,67936.43478,61.2,19.2,21.1,19.195,1.544,0.174894858,0.040084046,5.66,6.13,6.53,6.95,0.82,6.572,8.29,8.29,5315.333333,1333.666667,-3300,462.9166667,3407,484
1968-12-01,24,26732,1020.416667,1968,12,20814000,7305000,2343000,142905.8,50155.03358,27437.9136,9629.766448,6865.849909,1.384707068,8088000,59.30064935,67936.43478,60.5,19.2,21.2,19.25,1.556,0.175395989,0.04039558,6.24,6.71,7.06,7.3,0.59,6.572,8.3,8.3,5315.333333,1333.666667,-3300,462.9166667,3407,484
1969-01-01,25,28929,1041.083333,1969,1,20888000,7338000,2437000,144862.3,50890.44223,27813.5616,9770.964909,6935.192455,1.36908369,8150000,59.32545455,72369.13043,59,19.2,21.3,19.306,1.568,0.173530455,0.040118863,6.38,6.71,6.99,7.16,0.45,6.822,8.65,8.65,2296,1592.333333,838,481.8333333,2676,540
1969-02-01,26,28929,1041.083333,1969,2,20888000,7338000,2437000,144862.3,50890.44223,27813.5616,9770.964909,6935.192455,1.36908369,8174000,59.35025974,72369.13043,59.1,19.2,21.3,19.361,1.58,0.174024818,0.040425895,6.43,6.82,7.03,7.2,0.38,6.822,8.65,8.65,2296,1592.333333,838,481.8333333,2676,540
1969-03-01,27,28929,1041.083333,1969,3,20888000,7338000,2437000,144862.3,50890.44223,27958.4239,9821.855351,6935.192455,1.36908369,8175000,59.37506494,72369.13043,59.3,19.3,21.4,19.417,1.591,0.173623879,0.040496422,6.58,7,7.27,7.22,0.22,7.322,8.68,8.68,2296,1592.333333,838,481.8333333,2676,540
1969-04-01,28,28929,1041.083333,1969,4,20950000,7362000,2437000,145458.3,51115.22695,28509.8268,10018.58448,6943.116945,0.411425195,8232000,59.39987013,72369.13043,59.5,19.6,21.7,19.405,1.587,0.170160627,0.039601403,6.8,7.22,7.33,7.29,0.07,7.322,8.72,8.72,4034,2556,1584,481.8333333,2676,540
1969-05-01,29,28929,1041.083333,1969,5,20950000,7362000,2437000,145458.3,51115.22695,28509.8268,10018.58448,6943.116945,0.411425195,8222000,59.42467532,72369.13043,61.1,19.6,21.8,19.394,1.583,0.170064169,0.039501588,6.74,7.54,7.69,7.48,-0.06,7.322,8.66,8.66,4034,2556,1584,481.8333333,2676,540
1969-06-01,30,28929,1041.083333,1969,6,20950000,7362000,2437000,145458.3,51115.22695,28655.2851,10069.69971,6943.116945,0.411425195,8181000,59.44948052,72369.13043,62.3,19.7,22,19.382,1.579,0.169096206,0.039201765,7.13,7.53,7.62,7.5,-0.03,7.822,8.89,8.89,4034,2556,1584,481.8333333,2676,540
1969-07-01,31,28929,1041.083333,1969,7,21028000,7399000,2437000,147072,51749.36884,29120.256,10246.37503,6994.103101,1.109390114,8170000,59.47428571,72369.13043,63.5,19.8,22,19.37,1.574,0.166293181,0.038403826,7.62,7.77,7.64,7.52,-0.25,8.322,9.1,9.1,4382.666667,4592.333333,2347,481.8333333,2676,540
1969-08-01,32,28929,1041.083333,1969,8,21028000,7399000,2437000,147072,51749.36884,29267.328,10298.1244,6994.103101,1.109390114,8188000,59.49909091,72369.13043,63.8,19.9,22,19.359,1.57,0.165363575,0.038113737,7.69,7.69,7.71,7.53,-0.16,8.322,9.19,9.19,4382.666667,4592.333333,2347,481.8333333,2676,540
1969-09-01,33,28929,1041.083333,1969,9,21028000,7399000,2437000,147072,51749.36884,29267.328,10298.1244,6994.103101,1.109390114,8180000,59.5238961,72369.13043,61.9,19.9,22,19.347,1.566,0.165261072,0.038016631,7.77,7.86,8.06,7.81,-0.05,8.322,9.31,9.31,4382.666667,4592.333333,2347,481.8333333,2676,540
1969-10-01,34,28929,1041.083333,1969,10,21111000,7442000,2437000,149150.3,52578.11248,29680.9097,10463.04438,7065.051395,1.413117385,8204000,59.5487013,72369.13043,61.9,19.9,22.2,19.335,1.561,0.162857205,0.03729794,7.6,7.73,8.02,7.82,0.09,8.322,9.41,9.41,4316,6196.333333,-3300,481.8333333,2676,540
1969-11-01,35,28929,1041.083333,1969,11,21111000,7442000,2437000,149150.3,52578.11248,29680.9097,10463.04438,7065.051395,1.413117385,8218000,59.57350649,72369.13043,61.4,19.9,22.2,19.324,1.557,0.162764553,0.037202365,7.76,7.94,8.31,8.15,0.21,8.322,9.5,9.5,4316,6196.333333,-3300,481.8333333,2676,540
1969-12-01,36,28929,1041.083333,1969,12,21111000,7442000,2437000,149150.3,52578.11248,29979.2103,10568.20061,7065.051395,1.413117385,8249000,59.59831169,72369.13043,60.8,20.1,22.3,19.312,1.553,0.161044936,0.036737569,7.81,8.07,8.29,8.33,0.26,8.322,9.7,9.7,4316,6196.333333,-3300,481.8333333,2676,540
1970-01-01,37,29492,874.8333333,1970,1,21182000,7488000,2536000,150072,53051.60684,30314.544,10716.42458,7084.883392,0.617967245,8227000,59.62311688,76801.82609,59.2,20.2,22.3,19.3,1.549,0.159164525,0.03613612,7.78,7.95,8.23,8.31,0.36,8.322,9.78,9.78,3470.333333,4661,838,270.75,1980,328.1666667
1970-02-01,38,29492,874.8333333,1970,2,21182000,7488000,2536000,150072,53051.60684,30314.544,10716.42458,7084.883392,0.617967245,8267000,59.64792208,76801.82609,59.3,20.2,22.4,19.289,1.544,0.15907381,0.036019476,7.6,7.66,8,8.13,0.47,8.322,9.74,9.74,3470.333333,4661,838,270.75,1980,328.1666667
1970-03-01,39,29492,874.8333333,1970,3,21182000,7488000,2536000,150072,53051.60684,30314.544,10716.42458,7084.883392,0.617967245,8286000,59.67272727,76801.82609,59.6,20.2,22.5,19.277,1.54,0.158974847,0.035926161,7,7.09,7.32,7.93,0.84,8.322,9.78,9.78,3470.333333,4661,838,270.75,1980,328.1666667
1970-04-01,40,29492,874.8333333,1970,4,21244000,7528000,2536000,150084.5,53183.775,30467.1535,10796.30632,7064.794766,0.008329335,8339000,59.69753247,76801.82609,59.7,20.3,22.6,19.362,1.548,0.158876017,0.035845593,6.78,6.83,7.35,8.04,1.21,8.322,9.8,9.8,4935,2389,1584,270.75,1980,328.1666667
1970-05-01,41,29492,874.8333333,1970,5,21244000,7528000,2536000,150084.5,53183.775,30467.1535,10796.30632,7064.794766,0.008329335,8415000,59.72233766,76801.82609,61.3,20.3,22.6,19.446,1.556,0.159565284,0.036030841,6.34,6.78,7.38,8.23,1.45,8.322,9.78,9.78,4935,2389,1584,270.75,1980,328.1666667
1970-06-01,42,29492,874.8333333,1970,6,21244000,7528000,2536000,150084.5,53183.775,30467.1535,10796.30632,7064.794766,0.008329335,8442000,59.74714286,76801.82609,62.5,20.3,22.6,19.531,1.564,0.160262756,0.03621609,5.94,6.52,7.07,8.09,1.57,8.322,9.73,9.73,4935,2389,1584,270.75,1980,328.1666667
1970-07-01,43,29492,874.8333333,1970,7,21324000,7566000,2536000,151086.8,53607.33112,30972.794,10989.50288,7085.293566,0.667823793,8448000,59.77194805,76801.82609,63.7,20.5,22.8,19.616,1.571,0.158332503,0.03573865,5.7,6.44,6.96,7.91,1.47,7.822,9.58,9.58,4424.666667,5308.666667,2347,270.75,1980,328.1666667
1970-08-01,44,29492,874.8333333,1970,8,21324000,7566000,2536000,151086.8,53607.33112,30972.794,10989.50288,7085.293566,0.667823793,8436000,59.79675325,76801.82609,64,20.5,22.7,19.7,1.579,0.159010517,0.035920642,5.51,6.52,7.21,8,1.48,7.822,9.6,9.6,4424.666667,5308.666667,2347,270.75,1980,328.1666667
1970-09-01,45,29492,874.8333333,1970,9,21324000,7566000,2536000,151086.8,53607.33112,30821.7072,10935.89555,7085.293566,0.667823793,8474000,59.82155844,76801.82609,62.1,20.4,22.8,19.785,1.587,0.16047943,0.036279608,5.39,6.47,7.12,7.88,1.41,7.822,9.56,9.56,4424.666667,5308.666667,2347,270.75,1980,328.1666667
1970-10-01,46,29492,874.8333333,1970,10,21400000,7613000,2536000,151637.8,53944.79306,30934.1112,11004.73778,7085.878505,0.364691025,8486000,59.84636364,76801.82609,62.1,20.4,22.9,19.87,1.595,0.160583246,0.036234394,5.01,6.36,7.08,7.94,1.58,7.822,9.55,9.55,3660,5838,-3300,270.75,1980,328.1666667
1970-11-01,47,29492,874.8333333,1970,11,21400000,7613000,2536000,151637.8,53944.79306,30934.1112,11004.73778,7085.878505,0.364691025,8514000,59.87116883,76801.82609,61.6,20.4,23,19.954,1.603,0.161262109,0.036416133,4.4,5.37,6.12,7.5,2.13,7.322,9.48,9.48,3660,5838,-3300,270.75,1980,328.1666667
1970-12-01,48,29492,874.8333333,1970,12,21400000,7613000,2536000,151637.8,53944.79306,30782.4734,10950.79299,7085.878505,0.364691025,8473000,59.89597403,76801.82609,61,20.3,23,20.039,1.611,0.162746831,0.036778158,4.44,4.89,5.42,6.99,2.1,7.322,9.36,9.36,3660,5838,-3300,270.75,1980,328.1666667
1971-01-01,49,30426,1090.416667,1971,1,21465000,7656000,2631000,151868,54167.31461,30981.072,11050.13218,7075.145586,0.151809114,8539000,59.92077922,81234.52174,59.5,20.4,23,20.124,1.619,0.162389474,0.036628521,4.68,5.05,5.37,6.67,1.62,6.822,9.14,9.14,2578,2144.333333,838,520.4166667,3817,364.25
1971-02-01,50,30426,1090.416667,1971,2,21465000,7656000,2631000,151868,54167.31461,31132.94,11104.29949,7075.145586,0.151809114,8558000,59.94558442,81234.52174,59.6,20.5,23.1,20.208,1.626,0.162271857,0.036607442,4.06,5.05,5.54,6.85,1.8,6.822,8.92,8.92,2578,2144.333333,838,520.4166667,3817,364.25
1971-03-01,51,30426,1090.416667,1971,3,21465000,7656000,2631000,151868,54167.31461,31132.94,11104.29949,7075.145586,0.151809114,8527000,59.97038961,81234.52174,59.8,20.5,23.2,20.293,1.634,0.162954414,0.036787552,3.16,4.77,5.19,6.76,1.99,6.322,8.48,8.48,2578,2144.333333,838,520.4166667,3817,364.25
1971-04-01,52,30426,1090.416667,1971,4,21523000,7683000,2631000,155498.3,55507.7563,32188.1481,11490.10555,7224.750267,2.390431164,8516000,59.99519481,81234.52174,59.9,20.7,23.2,20.442,1.67,0.158769619,0.03633561,3,4.88,5.52,6.97,2.09,6.322,8.4,8.4,3148.333333,1965,1584,520.4166667,3817,364.25
1971-05-01,53,30426,1090.416667,1971,5,21523000,7683000,2631000,155498.3,55507.7563,32188.1481,11490.10555,7224.750267,2.390431164,8564000,60.02,81234.52174,61.5,20.7,23.4,20.592,1.705,0.159934644,0.037097135,3.03,4.97,5.86,7.38,2.41,6.322,8.45,8.45,3148.333333,1965,1584,520.4166667,3817,364.25
1971-06-01,54,30426,1090.416667,1971,6,21523000,7683000,2631000,155498.3,55507.7563,32343.6464,11545.61331,7224.750267,2.390431164,8602000,60.04480519,81234.52174,62.7,20.8,23.4,20.741,1.74,0.160317422,0.037676647,3.37,5.31,6.02,7.3,1.99,6.322,8.54,8.54,3148.333333,1965,1584,520.4166667,3817,364.25
1971-07-01,55,30426,1090.416667,1971,7,21962032,7849027,2631000,159795.5,57109.43295,33557.055,11992.98092,7275.988852,2.763502881,8668000,60.06961039,81234.52174,63.9,21,23.4,20.891,1.775,0.155637913,0.037000809,3.68,5.51,6.46,7.49,1.98,6.322,8.66,8.66,3126,626,2347,520.4166667,3817,364.25
1971-08-01,56,30426,1090.416667,1971,8,21962032,7849027,2631000,159795.5,57109.43295,33876.646,12107.19979,7275.988852,2.763502881,8652000,60.09441558,81234.52174,64.2,21.2,23.5,21.04,1.81,0.155269208,0.037374456,3.79,5.33,6,7.15,1.82,6.322,8.73,8.73,3126,626,2347,520.4166667,3817,364.25
1971-09-01,57,30426,1090.416667,1971,9,21962032,7849027,2631000,159795.5,57109.43295,33716.8505,12050.09035,7275.988852,2.763502881,8705000,60.11922078,81234.52174,62.3,21.1,23.6,21.19,1.846,0.157117285,0.038298468,4.06,5.26,5.63,6.97,1.71,6.322,8.75,8.75,3126,626,2347,520.4166667,3817,364.25
1971-10-01,58,30426,1090.416667,1971,10,22039243,7882241,2631000,161001.5,57581.49789,34132.318,12207.27755,7305.219149,0.75471462,8772000,60.14402597,81234.52174,62.4,21.2,23.7,21.339,1.881,0.156296153,0.038522103,3.47,4.41,5.04,6.71,2.3,6.072,8.75,8.75,2159.333333,1458,-3300,520.4166667,3817,364.25
1971-11-01,59,30426,1090.416667,1971,11,22039243,7882241,2631000,161001.5,57581.49789,34132.318,12207.27755,7305.219149,0.75471462,8760000,60.16883117,81234.52174,61.9,21.2,23.7,21.488,1.916,0.157387494,0.039238888,3.24,4.21,4.94,6.56,2.35,5.822,8.46,8.46,2159.333333,1458,-3300,520.4166667,3817,364.25
1971-12-01,60,30426,1090.416667,1971,12,22039243,7882241,2631000,161001.5,57581.49789,34293.3195,12264.85905,7305.219149,0.75471462,8786000,60.19363636,81234.52174,61.2,21.3,23.9,21.638,1.951,0.157742093,0.039768088,3.21,4.42,5.09,6.56,2.14,5.822,8.3,8.3,2159.333333,1458,-3300,520.4166667,3817,364.25
1972-01-01,61,32513,1217.75,1972,1,22092498,7906337,2665000,161542,57811.72829,34569.988,12371.70985,7312.074895,0.335711158,8785000,60.21844156,85667.21739,59.7,21.4,23.9,21.787,1.986,0.157557185,0.040131882,3.36,4.76,5.46,6.73,1.97,5.822,8.24,8.24,1763.666667,51.66666667,838,476,4461,549
1972-02-01,62,32513,1217.75,1972,2,22092498,7906337,2665000,161542,57811.72829,34731.53,12429.52158,7312.074895,0.335711158,8771000,60.24324675,85667.21739,59.8,21.5,23.9,21.937,2.022,0.157904072,0.040669305,3.45,5.18,5.84,6.9,1.72,5.822,8.13,8.13,1763.666667,51.66666667,838,183,4022,622
1972-03-01,63,32513,1217.75,1972,3,22092498,7906337,2665000,161542,57811.72829,34893.072,12487.33331,7312.074895,0.335711158,8858000,60.26805195,85667.21739,60,21.6,23.9,22.086,2.057,0.158240581,0.041181731,3.57,5.51,6.29,7.24,1.73,5.822,8.17,8.17,1763.666667,51.66666667,838,333,3612,734
1972-04-01,64,32513,1217.75,1972,4,22148919,7927220,2665000,165565.8,59256.91096,35927.7786,12858.74968,7475.118763,2.490869248,8811000,60.29285714,85667.21739,60.2,21.7,24.1,22.242,2.092,0.154768823,0.040672695,3.64,5.73,6.43,7.27,1.54,5.822,8.23,8.23,3141.333333,2685,1584,583,3661,534
1972-05-01,65,32513,1217.75,1972,5,22148919,7927220,2665000,165565.8,59256.91096,35927.7786,12858.74968,7475.118763,2.490869248,8820000,60.31766234,85667.21739,61.7,21.7,24.3,22.398,2.127,0.155854334,0.041353165,3.73,5.96,6.53,7.34,1.38,5.822,8.36,8.36,3141.333333,2685,1584,961,3771,851
1972-06-01,66,32513,1217.75,1972,6,22148919,7927220,2665000,165565.8,59256.91096,35927.7786,12858.74968,7475.118763,2.490869248,8882000,60.34246753,85667.21739,63,21.7,24.3,22.553,2.162,0.156932886,0.042033636,3.5,5.86,6.68,7.45,1.59,5.822,8.57,8.57,3141.333333,2685,1584,1097,4285,582
1972-07-01,67,32513,1217.75,1972,7,22218463,7963117,2665000,166057,59514.97724,36532.54,13093.29499,7473.82931,0.296679628,8933000,60.36727273,85667.21739,64.1,22,24.3,22.709,2.198,0.155402553,0.041968046,3.46,5.87,6.59,7.49,1.62,5.822,8.61,8.61,2381,555,2347,843,4666,451
1972-08-01,68,32513,1217.75,1972,8,22218463,7963117,2665000,166057,59514.97724,36864.654,13212.32495,7473.82931,0.296679628,8942000,60.39207792,85667.21739,64.5,22.2,24.4,22.865,2.233,0.155060454,0.042252215,3.5,5.97,6.71,7.44,1.47,5.822,8.61,8.61,2381,555,2347,981,4838,807
1972-09-01,69,32513,1217.75,1972,9,22218463,7963117,2665000,166057,59514.97724,37030.711,13271.83992,7473.82931,0.296679628,8943000,60.41688312,85667.21739,62.6,22.3,24.5,23.02,2.268,0.155411545,0.042722034,3.62,5.85,6.57,7.46,1.61,5.822,8.58,8.58,2381,555,2347,962,5191,609
1972-10-01,70,32513,1217.75,1972,10,22288499,7992037,2665000,169957.5,60942.04138,37900.5225,13590.07523,7625.345251,2.348892248,8958000,60.44168831,85667.21739,62.6,22.3,24.6,23.176,2.303,0.152873882,0.042365476,3.57,5.66,6.21,7.26,1.6,5.822,8.55,8.55,3864.666667,-549.3333333,-3300,1092,5334,948
1972-11-01,71,32513,1217.75,1972,11,22288499,7992037,2665000,169957.5,60942.04138,37900.5225,13590.07523,7625.345251,2.348892248,9012000,60.46649351,85667.21739,62.1,22.3,24.7,23.332,2.338,0.153902891,0.043009328,3.68,5.03,5.77,7.08,2.05,5.822,8.5,8.5,3864.666667,-549.3333333,-3300,905,5340,890
1972-12-01,72,32513,1217.75,1972,12,22288499,7992037,2665000,169957.5,60942.04138,38070.48,13651.01727,7625.345251,2.348892248,9066000,60.4912987,85667.21739,61.5,22.4,24.8,23.488,2.374,0.154240241,0.043476613,3.65,5.15,6,7.12,1.97,5.822,8.42,8.42,3864.666667,-549.3333333,-3300,685,5390,635
1973-01-01,73,40605,1361.25,1973,1,22347459,8013391,2700000,174319.5,62507.79171,39396.207,14126.76093,7800.417041,2.566523984,9088000,60.5161039,90099.91304,59.9,22.6,24.9,23.644,2.409,0.150039825,0.042631853,3.9,5.48,6.25,7.16,1.68,5.822,8.29,8.29,2800.666667,-404.6666667,866,464,5067,786
1973-02-01,74,40605,1361.25,1973,2,22347459,8013391,2700000,174319.5,62507.79171,39744.846,14251.77651,7800.417041,2.566523984,9154000,60.54090909,90099.91304,60,22.8,24.9,23.799,2.444,0.149698655,0.042871848,3.99,5.45,6.3,7.21,1.76,5.822,8.22,8.22,2800.666667,-404.6666667,866,353,4805,615
1973-03-01,75,40605,1361.25,1973,3,22347459,8013391,2700000,174319.5,62507.79171,39744.846,14251.77651,7800.417041,2.566523984,9198000,60.56571429,90099.91304,60.2,22.8,25,23.955,2.479,0.150679915,0.043485807,4.46,5.77,6.5,7.3,1.53,5.822,8.27,8.27,2800.666667,-404.6666667,866,358,4523,639
1973-04-01,76,40605,1361.25,1973,4,22405392,8035129,2700000,175982.5,63111.6871,40651.9575,14578.79972,7854.470924,0.953995394,9250000,60.59051948,90099.91304,60.4,23.1,25,24.141,2.514,0.148461486,0.043110545,4.9,6.24,6.67,7.39,1.15,6.322,8.35,8.35,5827.333333,712.3333333,4267,809,4757,574
1973-05-01,77,40605,1361.25,1973,5,22405392,8035129,2700000,175982.5,63111.6871,40827.94,14641.91141,7854.470924,0.953995394,9251000,60.61532468,90099.91304,62,23.2,25.3,24.328,2.55,0.148966615,0.043539397,5.18,7.15,7.4,7.72,0.57,6.822,8.5,8.5,5827.333333,712.3333333,4267,729,4447,1030
1973-06-01,78,40605,1361.25,1973,6,22405392,8035129,2700000,175982.5,63111.6871,41179.905,14768.13478,7854.470924,0.953995394,9320000,60.64012987,90099.91304,63.2,23.4,25.4,24.514,2.585,0.148822587,0.043759758,5.48,6.94,7.19,7.74,0.8,7.572,8.72,8.72,5827.333333,712.3333333,4267,717,4273,880
1973-07-01,79,40605,1361.25,1973,7,22491777,8075547,2700000,176800.8,63479.34047,41901.7896,15044.60369,7860.686152,0.464989417,9222000,60.66493506,90099.91304,64.4,23.7,25.5,24.7,2.62,0.147368407,0.043537205,5.74,7.09,7.39,7.73,0.64,7.572,8.91,8.91,4893.666667,-976.3333333,2554,885,4429,729
1973-08-01,80,40605,1361.25,1973,8,22491777,8075547,2700000,176800.8,63479.34047,42432.192,15235.04171,7860.686152,0.464989417,9272000,60.68974026,90099.91304,64.7,24,25.6,24.886,2.655,0.146622168,0.043567324,6.18,7.27,7.54,7.82,0.55,8.072,9.11,9.11,4893.666667,-976.3333333,2554,980,4533,875
1973-09-01,81,40605,1361.25,1973,9,22491777,8075547,2700000,176800.8,63479.34047,42608.9928,15298.52105,7860.686152,0.464989417,9290000,60.71454545,90099.91304,62.8,24.1,25.7,25.072,2.69,0.147105097,0.043958498,6.5,6.94,7.25,7.72,0.78,8.822,9.33,9.33,4893.666667,-976.3333333,2554,748,4591,690
1973-10-01,82,40605,1361.25,1973,10,22570338,8107108,2700000,180061.8,64676.94278,43574.9556,15651.82015,7977.806978,1.844448668,9376000,60.73935065,90099.91304,62.8,24.2,25.9,25.259,2.726,0.144916958,0.043541262,6.53,6.61,7.09,7.6,0.99,8.822,9.33,9.33,8319,-1089.666667,-3591,784,4595,773
1973-11-01,83,40605,1361.25,1973,11,22570338,8107108,2700000,180061.8,64676.94278,43935.0792,15781.17404,7977.806978,1.844448668,9409000,60.76415584,90099.91304,62.3,24.4,26,25.445,2.761,0.144787494,0.043738824,6.43,6.57,6.98,7.64,1.07,8.822,9.28,9.28,8319,-1089.666667,-3591,674,4575,693
1973-12-01,84,40605,1361.25,1973,12,22570338,8107108,2700000,180061.8,64676.94278,44115.141,15845.85098,7977.806978,1.844448668,9444000,60.78896104,90099.91304,61.7,24.5,26,25.631,2.796,0.145250584,0.044112494,6.35,6.92,7.25,7.7,0.78,9.322,9.22,9.22,8319,-1089.666667,-3591,538,4363,750
1974-01-01,85,52806,1443.166667,1974,1,22649538,8139808,2735000,181499.5,65227.42681,44830.3765,16111.17442,8013.38641,0.798448088,9504000,60.81376623,94532.6087,60.2,24.7,26.2,25.818,2.831,0.143976038,0.043929138,6.22,6.75,6.99,7.75,1,9.322,9.22,9.22,5792.333333,563.3333333,942,511,4199,728
1974-02-01,86,52806,1443.166667,1974,2,22649538,8139808,2735000,181499.5,65227.42681,45193.3755,16241.62927,8013.38641,0.798448088,9525000,60.83857143,94532.6087,60.2,24.9,26.5,26.004,2.866,0.143848516,0.044115032,6.07,6.58,6.76,7.74,1.16,9.322,9.21,9.21,5792.333333,563.3333333,942,298,3968,538
1974-03-01,87,52806,1443.166667,1974,3,22649538,8139808,2735000,181499.5,65227.42681,45737.874,16437.31156,8013.38641,0.798448088,9531000,60.86337662,94532.6087,60.5,25.2,26.7,26.19,2.902,0.143152697,0.044137388,6.51,7.55,7.57,8.19,0.64,9.322,9.24,9.24,5792.333333,563.3333333,942,478,3918,525
1974-04-01,88,52806,1443.166667,1974,4,22723274,8172562,2735000,181552,65296.26744,46114.208,16585.25193,7989.693739,0.0289257,9592000,60.88818182,94532.6087,60.6,25.4,27,26.576,2.947,0.144077071,0.044421996,7.64,8.83,8.56,8.81,-0.02,10.322,9.9,9.9,7756.666667,-1764.666667,-1108,723,4143,498
1974-05-01,89,52806,1443.166667,1974,5,22723274,8172562,2735000,181552,65296.26744,47021.968,16911.73327,7989.693739,0.0289257,9574000,60.91298701,94532.6087,62.2,25.9,27.2,26.962,2.993,0.143347892,0.04424443,8.63,8.93,8.74,8.91,-0.02,10.822,10.46,10.46,7756.666667,-1764.666667,-1108,729,4058,814
1974-06-01,90,52806,1443.166667,1974,6,22723274,8172562,2735000,181552,65296.26744,47385.072,17042.3258,7989.693739,0.0289257,9565000,60.93779221,94532.6087,63.4,26.1,27.4,27.349,3.038,0.144291223,0.044565513,8.75,9.29,9.24,9.46,0.17,10.822,10.57,10.57,7756.666667,-1764.666667,-1108,758,4305,508
1974-07-01,91,52806,1443.166667,1974,7,22807969,8204275,2735000,182493.8,65645.00859,47995.8694,17264.63726,8001.317434,0.518749449,9634000,60.9625974,94532.6087,64.6,26.3,27.7,27.735,3.084,0.144465557,0.044657758,9.1,9.18,9.27,9.63,0.45,11.322,10.8,10.8,7683.333333,-2614.666667,2495,476,4141,640
1974-08-01,92,52806,1443.166667,1974,8,22807969,8204275,2735000,182493.8,65645.00859,48543.3508,17461.57229,8001.317434,0.518749449,9703000,60.9874026,94532.6087,64.9,26.6,27.9,28.121,3.129,0.14482416,0.044798371,9.11,9.3,9.38,9.84,0.54,11.322,11.05,11.05,7683.333333,-2614.666667,2495,777,4391,527
1974-09-01,93,52806,1443.166667,1974,9,22807969,8204275,2735000,182493.8,65645.00859,48908.3384,17592.8623,8001.317434,0.518749449,9697000,61.01220779,94532.6087,63,26.8,28.1,28.508,3.175,0.145721573,0.045117729,8.94,8.87,8.89,9.67,0.8,11.322,11.25,11.25,7683.333333,-2614.666667,2495,591,4360,622
1974-10-01,94,52806,1443.166667,1974,10,22907390,8240114,2735000,183414.3,65976.73245,49705.2753,17879.69449,8006.774233,0.504400697,9730000,61.03701299,94532.6087,63.1,27.1,28.4,28.894,3.22,0.145326627,0.045023141,8.31,7.47,7.8,9.2,1.73,11.322,11.25,11.25,6316.666667,-3571.666667,-3508,341,4142,558
1974-11-01,95,52806,1443.166667,1974,11,22907390,8240114,2735000,183414.3,65976.73245,50072.1039,18011.64796,8006.774233,0.504400697,9771000,61.06181818,94532.6087,62.6,27.3,28.7,29.28,3.266,0.146189184,0.045331777,7.49,6.98,7.32,8.87,1.89,10.822,11.2,11.2,6316.666667,-3571.666667,-3508,240,3689,690
1974-12-01,96,52806,1443.166667,1974,12,22907390,8240114,2735000,183414.3,65976.73245,50622.3468,18209.57816,8006.774233,0.504400697,9840000,61.08662338,94532.6087,61.9,27.6,28.9,29.666,3.311,0.146506444,0.045456847,7.12,6.66,6.96,8.77,2.11,10.822,11.08,11.08,6316.666667,-3571.666667,-3508,188,3456,421
1975-01-01,97,57581,1835,1975,1,22979190,8260161,2770000,183449.5,65943.24715,50632.062,18200.33621,7983.288358,0.019191524,9810000,61.11142857,96200,60.4,27.6,28.9,30.052,3.357,0.148384239,0.046111786,6.4,6.16,6.4,8.3,2.14,10.322,11.01,11.01,5129.333333,-1847,920,275,3323,405
1975-02-01,98,57581,1835,1975,2,22979190,8260161,2770000,183449.5,65943.24715,51182.4105,18398.16595,7983.288358,0.019191524,9824000,61.13623377,96200,60.5,27.9,29.3,30.439,3.403,0.148679008,0.046241022,6.26,6.22,6.38,8.17,1.95,9.322,10.15,10.15,5129.333333,-1847,920,130,3108,345
1975-03-01,99,57581,1835,1975,3,22979190,8260161,2770000,183449.5,65943.24715,51365.86,18464.1092,7983.288358,0.019191524,9808000,61.16103896,96200,60.7,28,29.5,30.825,3.448,0.150026691,0.046685166,6.33,6.56,6.8,8.47,1.91,8.822,9.85,9.85,5129.333333,-1847,920,375,3020,463
1975-04-01,100,57581,1835,1975,4,23048990,8284503,2770000,183828,66073.33412,51839.496,18632.68022,7975.533852,0.206323811,9851000,61.18584416,96200,60.9,28.2,29.6,31.158,3.571,0.150261878,0.047913128,6.85,7.23,7.55,9.04,1.81,8.822,9.87,9.87,6020,-1364.666667,4244,424,3144,300
1975-05-01,101,57581,1835,1975,5,23048990,8284503,2770000,183828,66073.33412,52390.98,18830.90023,7975.533852,0.206323811,9950000,61.21064935,96200,62.4,28.5,29.9,31.491,3.693,0.150269188,0.049028458,6.87,7.09,7.31,8.71,1.62,8.822,10.19,10.19,6020,-1364.666667,4244,863,3508,495
1975-06-01,102,57581,1835,1975,6,23048990,8284503,2770000,183828,66073.33412,52942.464,19029.12023,7975.533852,0.206323811,10012000,61.23545455,96200,63.7,28.8,30.1,31.824,3.816,0.150276345,0.050133689,6.99,7.35,7.53,8.88,1.53,8.822,10.43,10.43,6020,-1364.666667,4244,983,3932,559
1975-07-01,103,57581,1835,1975,7,23143275,8319795,2770000,187354.8,67352.33143,54707.6016,19666.88078,8095.43161,1.918532541,9983000,61.26025974,96200,64.8,29.2,30.2,32.157,3.939,0.146949414,0.050071489,7.44,7.9,8.1,9.34,1.44,8.822,10.55,10.55,6131,-1831.333333,2700,743,4172,503
1975-08-01,104,57581,1835,1975,8,23143275,8319795,2770000,187354.8,67352.33143,55269.666,19868.93777,8095.43161,1.918532541,9984000,61.28506494,96200,65.1,29.5,30.5,32.49,4.062,0.146961264,0.051109929,7.87,8.37,8.36,9.39,1.02,8.822,10.72,10.72,6131,-1831.333333,2700,798,4386,583
1975-09-01,105,57581,1835,1975,9,23143275,8319795,2770000,187354.8,67352.33143,55457.0208,19936.2901,8095.43161,1.918532541,10034000,61.30987013,96200,63.2,29.6,30.6,32.824,4.184,0.147970444,0.052467134,8.41,8.76,8.85,9.72,0.96,9.572,11.14,11.14,6131,-1831.333333,2700,637,4427,595
1975-10-01,106,57581,1835,1975,10,23240585,8352911,2770000,189522.8,68116.49022,56477.7944,20298.71409,8154.820543,1.157162774,10090000,61.33467532,96200,63.3,29.8,31.1,33.157,4.307,0.146770073,0.053045232,8.16,8.21,8.3,9.33,1.12,9.572,11.35,11.35,4248,-3309.333333,-3796,662,4608,481
1975-11-01,107,57581,1835,1975,11,23240585,8352911,2770000,189522.8,68116.49022,57046.3628,20503.06356,8154.820543,1.157162774,10145000,61.35948052,96200,62.8,30.1,31.2,33.49,4.43,0.146766588,0.054016318,8.52,8.48,8.64,9.58,1.1,9.572,11.17,11.17,4248,-3309.333333,-3796,840,4866,580
1975-12-01,108,57581,1835,1975,12,23240585,8352911,2770000,189522.8,68116.49022,57235.8856,20571.18005,8154.820543,1.157162774,10177000,61.38428571,96200,62.1,30.2,31.4,33.823,4.552,0.147735113,0.055320113,8.64,8.36,8.41,9.49,1.13,9.572,11.09,11.09,4248,-3309.333333,-3796,608,4750,717
1976-01-01,109,61389,1585.416667,1976,1,23304197,8366498,2807000,192825.5,69226.76461,58426.1265,20975.70968,8274.282096,1.742639936,10369700,61.5,102100,60.6,30.3,31.7,34.156,4.675,0.14615037,0.055719211,8.59,8.13,8.21,9.29,1.16,9.572,11.04,11.04,2991.333333,-285.6666667,996,284,4410,623
1976-02-01,110,61389,1585.416667,1976,2,23304197,8366498,2807000,192825.5,69226.76461,58811.7775,21114.16321,8274.282096,1.742639936,10389800,61.5,102100,60.8,30.5,31.8,34.489,4.798,0.14660754,0.056810208,8.79,8.36,8.38,9.27,0.91,9.572,11,11,2991.333333,-285.6666667,996,198,4209,398
1976-03-01,111,61389,1585.416667,1976,3,23304197,8366498,2807000,192825.5,69226.76461,59004.603,21183.38997,8274.282096,1.742639936,10395700,61.4,102100,61.4,30.6,32.1,34.822,4.921,0.147539337,0.058076163,9.07,8.63,8.53,9.39,0.76,10.072,11.1,11.1,2991.333333,-285.6666667,996,583,4472,315
1976-04-01,112,61389,1585.416667,1976,4,23369845,8387985,2807000,196983.8,70702.10177,60474.0266,21705.54524,8428.97332,2.156509383,10451300,61.6,102100,61.7,30.7,32.3,35.247,5.043,0.145711316,0.058084235,8.99,8.46,8.46,9.34,0.88,10.072,11.23,11.23,4535.333333,-884.3333333,-1638,581,4392,661
1976-05-01,113,61389,1585.416667,1976,5,23369845,8387985,2807000,196983.8,70702.10177,60867.9942,21846.94945,8428.97332,2.156509383,10446100,61.4,102100,63.4,30.9,32.5,35.671,5.166,0.146509674,0.059115805,8.94,8.25,8.35,9.32,1.07,10.072,11.19,11.19,4535.333333,-884.3333333,-1638,682,4175,898
1976-06-01,114,61389,1585.416667,1976,6,23369845,8387985,2807000,196983.8,70702.10177,61261.9618,21988.35365,8428.97332,2.156509383,10469600,61.4,102100,65,31.1,32.7,36.096,5.289,0.147301845,0.060134106,8.98,8.4,8.5,9.35,0.95,10.072,11.13,11.13,4535.333333,-884.3333333,-1638,556,4123,608
1976-07-01,115,61389,1585.416667,1976,7,23449808,8413779,2807000,197893.3,71004.01384,61940.6029,22224.25633,8439.015791,0.461713095,10539400,61.7,102100,66.1,31.3,32.9,36.521,5.411,0.147403312,0.060868178,9.07,8.44,8.55,9.37,0.93,10.072,11.06,11.06,3769,-2464.666667,2614,529,4211,440
1976-08-01,116,61389,1585.416667,1976,8,23449808,8413779,2807000,197893.3,71004.01384,61940.6029,22224.25633,8439.015791,0.461713095,10524100,61.5,102100,65.9,31.3,33.2,36.945,5.534,0.149114629,0.062251802,9.13,8.45,8.43,9.24,0.79,10.072,11.03,11.03,3769,-2464.666667,2614,503,4211,502
1976-09-01,117,61389,1585.416667,1976,9,23449808,8413779,2807000,197893.3,71004.01384,62336.3895,22366.26436,8439.015791,0.461713095,10531900,61.4,102100,63.5,31.5,33.4,37.37,5.657,0.149872331,0.063231391,9.11,8.3,8.49,9.16,0.86,10.072,10.96,10.96,3769,-2464.666667,2614,483,3910,781
1976-10-01,118,61389,1585.416667,1976,10,23533565,8438765,2807000,198213,71076.05358,62833.521,22531.10899,8422.565812,0.161551705,10565100,61.5,102100,63.3,31.7,33.7,37.795,5.779,0.150377535,0.064122454,9.01,8.35,8.44,9.09,0.74,10.072,10.8,10.8,2461.666667,502.6666667,-3675,605,3947,566
1976-11-01,119,61389,1585.416667,1976,11,23533565,8438765,2807000,198213,71076.05358,63031.734,22602.18504,8422.565812,0.161551705,10609500,61.6,102100,62.9,31.8,33.9,38.219,5.902,0.151586342,0.065281299,8.59,8.01,8.15,8.82,0.81,9.572,10.76,10.76,2461.666667,502.6666667,-3675,869,4207,606
1976-12-01,120,61389,1585.416667,1976,12,23533565,8438765,2807000,198213,71076.05358,63229.947,22673.26109,8422.565812,0.161551705,10657300,61.8,102100,62.3,31.9,34,38.644,6.025,0.152791525,0.066432879,8.14,7.5,7.71,8.47,0.97,9.072,10.47,10.47,2461.666667,502.6666667,-3675,343,4158,369
1977-01-01,121,64559,1709.333333,1977,1,23591713,8458617,2856000,201253.3,72157.73542,64803.5626,23234.7908,8530.6777,1.533854994,10681100,61.8,101000,60.7,32.2,34.2,39.069,6.148,0.15072088,0.0661508,8.04,7.57,7.74,8.52,0.95,9.072,9.95,9.95,2462.333333,335,964,163,3997,286
1977-02-01,122,64559,1709.333333,1977,2,23591713,8458617,2856000,201253.3,72157.73542,65206.0692,23379.10628,8530.6777,1.533854994,10716100,61.9,101000,60.9,32.4,34.4,39.493,6.27,0.15141612,0.067047045,7.65,7.42,7.68,8.62,1.2,8.572,9.45,9.45,2462.333333,335,964,46,3681,362
1977-03-01,123,64559,1709.333333,1977,3,23591713,8458617,2856000,201253.3,72157.73542,66011.0824,23667.73722,8530.6777,1.533854994,10701700,61.8,101000,61.2,32.8,34.6,39.918,6.393,0.15117916,0.067528636,7.54,7.46,7.85,8.83,1.37,8.572,9.45,9.45,2462.333333,335,964,162,3432,408
1977-04-01,124,64559,1709.333333,1977,4,23656739,8481322,2856000,202280.3,72520.74593,66752.499,23931.84616,8550.641743,0.510302191,10741500,61.9,101000,61.5,33,34.8,40.284,6.516,0.150870756,0.068068296,7.58,7.56,8.01,8.85,1.29,8.572,9.45,9.45,3201,-507,-1104,515,3501,446
1977-05-01,125,64559,1709.333333,1977,5,23656739,8481322,2856000,202280.3,72520.74593,67561.6202,24221.92914,8550.641743,0.510302191,10749700,61.8,101000,63.6,33.4,35,40.65,6.638,0.15041824,0.068512297,7.05,7.33,7.74,8.77,1.44,8.572,9.58,9.58,3201,-507,-1104,690,3843,348
1977-06-01,126,64559,1709.333333,1977,6,23656739,8481322,2856000,202280.3,72520.74593,67763.9005,24294.44989,8550.641743,0.510302191,10749000,61.7,101000,64.7,33.5,35.2,41.016,6.761,0.151319507,0.069573504,7.07,7.31,7.76,8.72,1.41,8.072,9.55,9.55,3201,-507,-1104,842,4172,522
1977-07-01,127,64559,1709.333333,1977,7,23725843,8504080,2856000,203469.3,72929.72497,68976.0927,24723.17677,8575.851235,0.587798219,10784300,61.8,101000,65.8,33.9,35.4,41.382,6.884,0.14998675,0.069610795,7.14,7.37,7.81,8.7,1.33,8.072,9.6,9.6,2346.333333,-580,2555,670,4311,531
1977-08-01,128,64559,1709.333333,1977,8,23725843,8504080,2856000,203469.3,72929.72497,68976.0927,24723.17677,8575.851235,0.587798219,10819400,61.9,101000,65.6,33.9,35.6,41.748,7.006,0.151313297,0.070844456,7.14,7.36,7.9,8.57,1.21,8.072,9.53,9.53,2346.333333,-580,2555,720,4354,664
1977-09-01,129,64559,1709.333333,1977,9,23725843,8504080,2856000,203469.3,72929.72497,69586.5006,24941.96594,8575.851235,0.587798219,10839000,61.9,101000,63.2,34.2,35.7,42.114,7.129,0.151300898,0.071455875,7.1,7.43,8.01,8.61,1.18,8.072,9.52,9.52,2346.333333,-580,2555,538,4292,596
1977-10-01,130,64559,1709.333333,1977,10,23801445,8530102,2856000,206693.5,74076.03352,71309.2575,25556.23157,8684.073593,1.584612519,10875500,62,101000,63.3,34.5,36,42.479,7.252,0.148925264,0.070941602,7.24,7.52,8.12,8.7,1.18,8.072,9.54,9.54,1105.666667,1558.333333,-3592,556,4299,548
1977-11-01,131,64559,1709.333333,1977,11,23801445,8530102,2856000,206693.5,74076.03352,71722.6445,25704.38363,8684.073593,1.584612519,10901700,62.1,101000,62.7,34.7,36.3,42.845,7.375,0.149342653,0.07172901,7.26,7.6,8.11,8.74,1.14,8.072,9.54,9.54,1105.666667,1558.333333,-3592,365,4200,462
1977-12-01,132,64559,1709.333333,1977,12,23801445,8530102,2856000,206693.5,74076.03352,72136.0315,25852.5357,8684.073593,1.584612519,10928900,62.1,101000,62,34.9,36.3,43.211,7.497,0.149755258,0.072497724,7.17,7.59,8.1,8.77,1.18,8.072,9.53,9.53,1105.666667,1558.333333,-3592,205,4026,379
1978-01-01,133,67333,1765.333333,1978,1,23849503,8548453,2906000,208478.5,74725.60995,73175.9535,26228.68909,8741.419056,0.863597549,10918100,62,103200,60.5,35.1,36.4,43.577,7.62,0.148877459,0.072630393,7.13,7.7,8.36,9.06,1.36,8.072,9.52,9.52,1429,1276.333333,942,121,3803,344
1978-02-01,134,67333,1765.333333,1978,2,23849503,8548453,2906000,208478.5,74725.60995,73801.389,26452.86592,8741.419056,0.863597549,10981400,62.2,103200,61,35.4,36.6,43.943,7.743,0.148855599,0.073177326,7.3,7.82,8.46,9.15,1.33,8.072,9.51,9.51,1429,1276.333333,942,119,3612,310
1978-03-01,135,67333,1765.333333,1978,3,23849503,8548453,2906000,208478.5,74725.60995,74426.8245,26677.04275,8741.419056,0.863597549,11041600,62.5,103200,61.5,35.7,36.9,44.309,7.865,0.148834108,0.073705696,7.73,8.28,8.69,9.17,0.89,8.572,9.53,9.53,1429,1276.333333,942,227,3590,249
1978-04-01,136,67333,1765.333333,1978,4,23903687,8569298,2906000,209897.5,75246.72771,75143.305,26938.32852,8780.967555,0.680645726,11060300,62.5,103200,61.8,35.8,36.8,44.727,7.988,0.148805672,0.074132291,8.19,8.58,8.82,9.22,0.64,9.072,9.62,9.62,1739,582,-1629,369,3648,311
1978-05-01,137,67333,1765.333333,1978,5,23903687,8569298,2906000,209897.5,75246.72771,76192.7925,27314.56216,8780.967555,0.680645726,11100500,62.6,103200,63.8,36.3,37,45.146,8.111,0.148130809,0.074236958,8.2,8.58,8.85,9.23,0.65,9.072,9.63,9.63,1739,582,-1629,537,3899,284
1978-06-01,138,67333,1765.333333,1978,6,23903687,8569298,2906000,209897.5,75246.72771,76822.485,27540.30234,8780.967555,0.680645726,11146100,62.7,103200,65.4,36.6,37.1,45.564,8.233,0.148276901,0.074735926,8.26,8.6,8.86,9.23,0.63,9.072,9.52,9.52,1739,582,-1629,709,4236,372
1978-07-01,139,67333,1765.333333,1978,7,23963203,8590144,2906000,211855.5,75944.32398,78598.3905,28175.3442,8840.867392,0.932836265,11188400,62.9,103200,66.9,37.1,37.4,45.983,8.356,0.146259356,0.074142839,8.66,8.63,8.86,9.17,0.54,9.072,9.51,9.51,231.6666667,-2206.666667,2469,677,4467,446
1978-08-01,140,67333,1765.333333,1978,8,23963203,8590144,2906000,211855.5,75944.32398,78810.246,28251.28852,8840.867392,0.932836265,11235500,63,103200,66.8,37.2,37.5,46.401,8.479,0.147192156,0.075031976,8.8,8.63,8.86,9.16,0.53,9.572,9.51,9.51,231.6666667,-2206.666667,2469,844,4858,453
1978-09-01,141,67333,1765.333333,1978,9,23963203,8590144,2906000,211855.5,75944.32398,78598.3905,28175.3442,8840.867392,0.932836265,11252700,63,103200,64.4,37.1,37.7,46.82,8.602,0.148921625,0.076325598,9.17,8.77,8.96,9.15,0.38,10.072,9.87,9.87,231.6666667,-2206.666667,2469,719,5263,314
1978-10-01,142,67333,1765.333333,1978,10,24025447,8604263,2906000,213864.3,76591.48583,80412.9768,28798.39867,8901.574235,0.948193462,11293700,63.2,103200,64.7,37.6,38.2,47.238,8.724,0.146860625,0.075733378,9.85,9.48,9.51,9.48,0,10.822,10.13,10.13,684.3333333,593.3333333,-3472,957,5698,522
1978-11-01,143,67333,1765.333333,1978,11,24025447,8604263,2906000,213864.3,76591.48583,80840.7054,28951.58164,8901.574235,0.948193462,11332900,63.3,103200,64.1,37.8,38.5,47.656,8.847,0.14737625,0.07639479,10.36,10.07,9.84,9.54,-0.53,11.322,10.45,10.45,684.3333333,593.3333333,-3472,528,5759,471
1978-12-01,144,67333,1765.333333,1978,12,24025447,8604263,2906000,213864.3,76591.48583,81054.5697,29028.17313,8901.574235,0.948193462,11366100,63.4,103200,63.5,37.9,38.6,48.075,8.97,0.148279734,0.077252536,10.46,10.14,9.92,9.68,-0.46,11.322,10.73,10.73,684.3333333,593.3333333,-3472,450,5763,446
1979-01-01,145,70830,1955.5,1979,1,24071889,8619239,2956000,215570.5,77187.69644,82132.3605,29408.51234,8955.279746,0.797795612,11421200,63.6,103500,62.2,38.1,38.7,48.493,9.092,0.147606253,0.077290547,10.85,10.08,9.88,9.82,-0.26,11.822,10.48,10.48,1043.666667,490,911,193,5344,612
1979-02-01,146,70830,1955.5,1979,2,24071889,8619239,2956000,215570.5,77187.69644,83210.213,29794.45083,8955.279746,0.797795612,11407300,63.4,103500,62.6,38.6,38.9,48.912,9.215,0.146953115,0.077321445,10.82,10.07,10,9.97,-0.1,11.822,10.45,10.45,1043.666667,490,911,143,5090,397
1979-03-01,147,70830,1955.5,1979,3,24071889,8619239,2956000,215570.5,77187.69644,84072.495,30103.20161,8955.279746,0.797795612,11440800,63.5,103500,63.2,39,39.2,49.33,9.338,0.146688878,0.077549891,10.92,10.1,9.89,9.91,-0.19,11.822,10.31,10.31,1043.666667,490,911,227,4935,382
1979-04-01,148,70830,1955.5,1979,4,24128180,8638099,2956000,218430.3,78199.95358,85843.1079,30732.58176,9052.912404,1.326619366,11474900,63.6,103500,63.6,39.3,39.5,49.983,9.46,0.145564977,0.07695416,10.82,9.76,9.52,9.66,-0.1,11.822,10.25,10.25,1775,-318.3333333,4198,444,4933,445
1979-05-01,149,70830,1955.5,1979,5,24128180,8638099,2956000,218430.3,78199.95358,86716.8291,31045.38157,9052.912404,1.326619366,11483200,63.5,103500,65.6,39.7,39.9,50.636,9.583,0.145980891,0.077169288,10.84,9.76,9.65,9.68,-0.08,11.822,10.26,10.26,1775,-318.3333333,4198,709,4979,664
1979-06-01,150,70830,1955.5,1979,6,24128180,8638099,2956000,218430.3,78199.95358,87153.6897,31201.78148,9052.912404,1.326619366,11496100,63.5,103500,67,39.9,40.2,51.29,9.706,0.147125154,0.077767995,10.78,9.87,9.73,9.73,-0.14,11.822,10.36,10.36,1775,-318.3333333,4198,745,5140,582
1979-07-01,151,70830,1955.5,1979,7,24201544,8662088,2956000,220031.5,78752.50504,88452.663,31658.50703,9091.630683,0.733048483,11537000,63.6,103500,68.6,40.2,40.3,51.943,9.829,0.146810164,0.077617368,11.24,10.06,9.92,9.84,-0.22,12.322,10.4,10.4,2073,-4524.666667,2672,750,5080,810
1979-08-01,152,70830,1955.5,1979,8,24201544,8662088,2956000,220031.5,78752.50504,88672.6945,31737.25953,9091.630683,0.733048483,11563800,63.7,103500,68.6,40.3,40.6,52.596,9.951,0.148286911,0.078385785,11.45,10.89,10.52,10.15,-0.74,12.322,11,11,2073,-4524.666667,2672,852,5171,761
1979-09-01,153,70830,1955.5,1979,9,24201544,8662088,2956000,220031.5,78752.50504,89552.8205,32052.26955,9091.630683,0.733048483,11569100,63.6,103500,66.1,40.7,40.9,53.249,10.074,0.148652493,0.078574779,11.64,11.17,10.89,10.38,-0.79,12.822,11.45,11.45,2073,-4524.666667,2672,692,5232,631
1979-10-01,154,70830,1955.5,1979,10,24279044,8674941,2956000,220771.8,78882.11494,90516.438,32341.66713,9093.10103,0.336451826,11652200,63.9,103500,66.3,41,41.2,53.902,10.197,0.148873512,0.078822467,13.61,12.78,11.75,11.16,-1.62,14.572,12.7,12.7,3806.666667,-733.3333333,-3757,1093,5476,849
1979-11-01,155,70830,1955.5,1979,11,24279044,8674941,2956000,220771.8,78882.11494,91399.5252,32657.19559,9093.10103,0.336451826,11678100,64,103500,65.8,41.4,41.7,54.555,10.319,0.149221235,0.078994842,13.62,12.41,11.6,10.94,-1.47,14.822,13.66,13.66,3806.666667,-733.3333333,-3757,988,5311,1153
1979-12-01,156,70830,1955.5,1979,12,24279044,8674941,2956000,220771.8,78882.11494,91841.0688,32814.95982,9093.10103,0.336451826,11708100,64,103500,65,41.6,41.9,55.208,10.442,0.150281352,0.079552132,13.66,12.24,11.68,11.32,-0.92,14.822,12.78,12.78,3806.666667,-733.3333333,-3757,584,5175,720
1980-01-01,157,75694,2168.083333,1980,1,24345365,8693157,3008000,221507.8,79095.22335,92590.2604,33061.80336,9098.561472,0.333375911,11760100,64.2,106700,63.8,41.8,42,55.862,10.565,0.150831199,0.079888262,13.5,12.79,12.49,12.13,-0.66,14.822,12.46,12.46,3685.333333,-570.3333333,986,421,4850,746
1980-02-01,158,75694,2168.083333,1980,2,24345365,8693157,3008000,221507.8,79095.22335,93697.7994,33457.27948,9098.561472,0.333375911,11796900,64.3,106700,63.9,42.3,42.4,56.515,10.688,0.150790628,0.079863039,13.55,13.62,13.16,12.91,-0.71,14.822,12.7,12.7,3685.333333,-570.3333333,986,244,4517,575
1980-03-01,159,75694,2168.083333,1980,3,24345365,8693157,3008000,221507.8,79095.22335,94362.3228,33694.56515,9098.561472,0.333375911,11798900,64.2,106700,64.3,42.6,42.8,57.168,10.81,0.151458756,0.080205813,15.24,14.27,13.88,13.45,-0.82,15.572,13.89,13.89,3685.333333,-570.3333333,986,161,4028,645
1980-04-01,160,75694,2168.083333,1980,4,24418295,8715218,3008000,222763,79507.11167,95565.327,34108.55091,9122.790924,0.566661761,11846700,64.4,106700,64.7,42.9,43.1,58.038,10.933,0.151828079,0.080133865,15.15,12.35,11.77,12.01,-0.34,16.572,16.14,16.14,4108,-1625.666667,7881,443,4047,422
1980-05-01,161,75694,2168.083333,1980,5,24418295,8715218,3008000,222763,79507.11167,96679.142,34506.08646,9122.790924,0.566661761,11815500,64.1,106700,66.1,43.4,43.6,58.908,11.056,0.152328617,0.080101811,11.58,10.85,10.86,11.42,0.57,13.572,13.19,13.19,4108,-1625.666667,7881,643,3704,986
1980-06-01,162,75694,2168.083333,1980,6,24418295,8715218,3008000,222763,79507.11167,97792.957,34903.62202,9122.790924,0.566661761,11855100,64.2,106700,67.9,43.9,44,59.778,11.178,0.152817754,0.080063324,10.38,10.48,10.51,11.29,0.81,13.072,12.12,12.12,4108,-1625.666667,7881,762,3858,608
1980-07-01,163,75694,2168.083333,1980,7,24515667,8746013,3008000,222828,79494.33253,98489.976,35136.49498,9089.208138,0.029178993,11840600,64,106700,68.8,44.2,44.3,60.649,11.301,0.153947139,0.080407849,10.06,11.11,11.53,12.32,1.21,12.072,12.29,12.29,3029.666667,-6081.333333,3057,655,3846,667
1980-08-01,164,75694,2168.083333,1980,8,24515667,8746013,3008000,222828,79494.33253,99604.116,35533.96664,9089.208138,0.029178993,11878100,64.1,106700,68.8,44.7,44.7,61.519,11.424,0.15440878,0.080373802,10.49,11.98,12.3,12.4,0.42,12.072,12.64,12.64,3029.666667,-6081.333333,3057,848,3909,785
1980-09-01,165,75694,2168.083333,1980,9,24515667,8746013,3008000,222828,79494.33253,100272.6,35772.44964,9089.208138,0.029178993,11928100,64.3,106700,66.7,45,44.9,62.389,11.546,0.155548475,0.080690588,10.95,12.69,12.97,12.98,0.29,12.072,13.7,13.7,3029.666667,-6081.333333,3057,687,3960,636
1980-10-01,166,75694,2168.083333,1980,10,24603534,8757388,3008000,222948.3,79356.27325,101218.5282,36027.74806,9061.637243,0.053987829,11956200,64.3,106700,66.8,45.4,45.2,63.259,11.669,0.156243627,0.08097231,11.91,13.11,13.22,13.22,0.11,12.572,14.07,14.07,2896,-1503.666667,-4299,1121,4147,933
1980-11-01,167,75694,2168.083333,1980,11,24603534,8757388,3008000,222948.3,79356.27325,102556.218,36503.8857,9061.637243,0.053987829,11984700,64.4,106700,66.3,46,45.7,64.129,11.792,0.156326455,0.080758526,13.7,13.08,13.08,13.01,-0.07,13.572,14.2,14.2,2896,-1503.666667,-4299,889,4314,721
1980-12-01,168,75694,2168.083333,1980,12,24603534,8757388,3008000,222948.3,79356.27325,103002.1146,36662.59824,9061.637243,0.053987829,12014100,64.4,106700,65.5,46.2,45.9,65,11.915,0.157763751,0.081247651,17.01,12.95,12.53,12.67,-0.28,18.072,14.8,14.8,2896,-1503.666667,-4299,673,4368,619
1981-01-01,169,90203,2468.75,1981,1,24665355,8770591,3062000,223045.8,79311.38579,104608.4802,37197.03994,9042.878158,0.043732112,12098800,64.8,105000,64.5,46.9,46.3,65.87,12.037,0.157420316,0.080900255,16.86,13.06,13.06,12.96,-0.1,18.072,14.37,14.37,2415,-1145.666667,1128,541,4061,848
1981-02-01,170,90203,2468.75,1981,2,24665355,8770591,3062000,223045.8,79311.38579,105723.7092,37593.59686,9042.878158,0.043732112,12183100,65.1,105000,65.1,47.4,46.7,66.74,12.16,0.157817013,0.080864835,16.83,13.66,13.56,13.38,-0.28,18.072,14.47,14.47,2415,-1145.666667,1128,421,3780,701
1981-03-01,171,90203,2468.75,1981,3,24665355,8770591,3062000,223045.8,79311.38579,107061.984,38069.46518,9042.878158,0.043732112,12181200,65.1,105000,65.4,48,47.2,67.61,12.283,0.157875834,0.080661758,16.44,14.04,13.95,13.48,-0.56,17.572,14.95,14.95,2415,-1145.666667,1128,661,3691,750
1981-04-01,172,90203,2468.75,1981,4,24732826,8787156,3062000,224379.8,79718.35915,108375.4434,38503.96747,9072.145658,0.598083443,12184100,65,105000,65.8,48.3,47.5,68.527,12.405,0.158077785,0.080543648,17.35,15.78,15.41,15.07,-0.71,18.072,15.65,15.65,2915.333333,-2351.666667,7010,1730,4716,705
1981-05-01,173,90203,2468.75,1981,5,24732826,8787156,3062000,224379.8,79718.35915,109272.9626,38822.84091,9072.145658,0.598083443,12223000,65.1,105000,67.7,48.7,48.1,69.444,12.528,0.158877362,0.080674158,18.43,16.22,15.45,14.96,-1.26,19.322,17.02,17.02,2915.333333,-2351.666667,7010,1664,5578,796
1981-06-01,174,90203,2468.75,1981,6,24732826,8787156,3062000,224379.8,79718.35915,111068.001,39460.58778,9072.145658,0.598083443,12263600,65.2,105000,69.5,49.5,48.6,70.362,12.651,0.158375948,0.080149592,18.83,16.19,15.65,15.03,-1.16,19.822,17.75,17.75,2915.333333,-2351.666667,7010,2079,6736,918
1981-07-01,175,90203,2468.75,1981,7,24819915,8812286,3062000,224821.8,79822.75526,112186.0782,39831.55488,9058.121271,0.196987429,12215800,64.9,105000,70.2,49.9,49,71.279,12.773,0.15884101,0.080168851,20.29,18.77,17.96,17.07,-1.7,20.822,18.1,18.1,2718.666667,-3140.666667,14755,1312,7152,886
1981-08-01,176,90203,2468.75,1981,8,24819915,8812286,3062000,224821.8,79822.75526,113085.3654,40150.8459,9058.121271,0.196987429,12215000,64.8,105000,70.1,50.3,49.5,72.196,12.896,0.159605091,0.080297187,20.82,18.82,17.63,16.77,-2.05,22.572,20.5,20.5,2718.666667,-3140.666667,14755,1379,7276,1248
1981-09-01,177,90203,2468.75,1981,9,24819915,8812286,3062000,224821.8,79822.75526,113984.6526,40470.13692,9058.121271,0.196987429,12332600,65.3,105000,67.3,50.7,49.8,73.114,13.019,0.160359308,0.080423499,19.35,18.94,18.78,17.66,-1.28,21.072,20.66,20.66,2718.666667,-3140.666667,14755,1120,7187,1204
1981-10-01,178,90203,2468.75,1981,10,24920120,8846005,3062000,225845.3,80169.30308,115632.7936,41046.68318,9062.769361,0.455249446,12320500,65.2,105000,67,51.2,50.5,74.031,13.142,0.160056239,0.080043008,17.96,17.33,17.15,16.66,-0.67,19.822,19.74,19.74,2688.666667,231.6666667,-5344,631,6782,1027
1981-11-01,179,90203,2468.75,1981,11,24920120,8846005,3062000,225845.3,80169.30308,116536.1748,41367.36039,9062.769361,0.455249446,12311000,65,105000,66.3,51.6,51.2,74.948,13.264,0.160782693,0.080159816,15.07,13.57,13.52,14.32,0.75,17.072,18,18,2688.666667,231.6666667,-5344,402,6258,926
1981-12-01,180,90203,2468.75,1981,12,24920120,8846005,3062000,225845.3,80169.30308,116987.8654,41527.69899,9062.769361,0.455249446,12307700,64.9,105000,65.1,51.8,51.4,75.865,13.387,0.162121515,0.080590788,14.41,15.22,15.24,15.27,0.05,17.072,16.99,16.99,2688.666667,231.6666667,-5344,603,5747,1114
1982-01-01,181,95496,2111.333333,1982,1,24979229,8865774,3133000,227440.3,80724.44103,118723.8366,42138.15822,9105.176945,0.70623564,12265300,64.6,98000,63.5,52.2,51.7,76.782,13.51,0.161681938,0.080153005,14.34,15.95,16.17,15.94,-0.01,16.323,17.41,17.41,2340.666667,1433.333333,-286,306,5194,843
1982-02-01,182,95496,2111.333333,1982,2,24979229,8865774,3133000,227440.3,80724.44103,120088.4784,42622.50486,9105.176945,0.70623564,12259700,64.5,98000,63.5,52.8,52.2,77.7,13.632,0.161755734,0.07995776,14.58,15.03,15,15.01,-0.02,16.323,18.17,18.17,2340.666667,1433.333333,-286,216,4408,987
1982-03-01,183,95496,2111.333333,1982,3,24979229,8865774,3133000,227440.3,80724.44103,121680.5605,43187.57595,9105.176945,0.70623564,12280200,64.6,98000,63.7,53.5,52.7,78.617,13.755,0.161523336,0.079623594,15.07,15.43,15.21,15.06,-0.37,16.822,18.61,18.61,2340.666667,1433.333333,-286,252,4187,467
1982-04-01,184,95496,2111.333333,1982,4,25042069,8892646,3133000,228806.3,81251.01119,123097.7894,43713.04402,9136.876829,0.600597168,12281100,64.5,98000,63.4,53.8,53,80.023,14.021,0.162519165,0.080187735,14.98,15.18,15.08,14.75,-0.43,16.822,18.48,18.48,3034.666667,-412.6666667,-57,588,4284,491
1982-05-01,185,95496,2111.333333,1982,5,25042069,8892646,3133000,228806.3,81251.01119,124699.4335,44281.8011,9136.876829,0.600597168,12293300,64.5,98000,64.8,54.5,53.6,81.429,14.286,0.163250541,0.080653901,15.18,14.71,14.88,14.72,0.01,16.822,18.31,18.31,3034.666667,-412.6666667,-57,534,4088,731
1982-06-01,186,95496,2111.333333,1982,6,25042069,8892646,3133000,228806.3,81251.01119,126072.2713,44769.30716,9136.876829,0.600597168,12304800,64.4,98000,65.8,55.1,54,82.836,14.552,0.164262925,0.08126103,16.33,16.4,15.98,16.03,-0.01,18.072,18.3,18.3,3034.666667,-412.6666667,-57,793,4139,741
1982-07-01,187,95496,2111.333333,1982,7,25116942,8920288,3133000,230073.3,81710.5879,127460.6082,45267.6657,9160.084058,0.553743494,12358800,64.7,98000,66.3,55.4,54.3,84.242,14.817,0.165231441,0.081829932,15.25,15.74,15.83,15.62,0.14,17.072,18.42,18.42,1175.333333,1995,5710,623,4054,713
1982-08-01,188,95496,2111.333333,1982,8,25116942,8920288,3133000,230073.3,81710.5879,127920.7548,45431.08687,9160.084058,0.553743494,12314300,64.3,98000,65.5,55.6,54.7,85.648,15.083,0.167384879,0.082999335,13.7,13.64,13.79,13.96,0.62,15.822,17.92,17.92,1175.333333,1995,5710,591,3990,669
1982-09-01,189,95496,2111.333333,1982,9,25116942,8920288,3133000,230073.3,81710.5879,128610.9747,45676.21864,9160.084058,0.553743494,12333700,64.4,98000,63.3,55.9,55,87.054,15.349,0.169219618,0.0840098,12.73,12.62,13.08,13.48,0.91,14.822,16.69,16.69,1175.333333,1995,5710,660,3833,811
1982-10-01,190,95496,2111.333333,1982,10,25193538,8957042,3133000,230710.8,82024.45903,129890.1804,46179.77043,9157.538731,0.277085607,12389300,64.6,98000,63.1,56.3,55.6,88.46,15.614,0.170259214,0.084528354,11.21,11.38,12.3,12.63,1.2,13.572,15.22,15.22,1931,2786.666667,-5453,1246,4354,723
1982-11-01,191,95496,2111.333333,1982,11,25193538,8957042,3133000,230710.8,82024.45903,130582.3128,46425.84381,9157.538731,0.277085607,12364600,64.4,98000,62.3,56.6,56.1,89.866,15.88,0.172048569,0.085512716,10.72,10.55,11.6,12.18,1.33,12.822,13.99,13.99,1931,2786.666667,-5453,1495,5122,726
1982-12-01,192,95496,2111.333333,1982,12,25193538,8957042,3133000,230710.8,82024.45903,130582.3128,46425.84381,9157.538731,0.277085607,12398500,64.5,98000,61.7,56.6,56.2,91.272,16.145,0.174740357,0.086939723,9.8,10.03,10.42,11.69,1.28,12.322,13.54,13.54,1931,2786.666667,-5453,1458,5613,955
1983-01-01,193,101626,2503.833333,1983,1,25242830,8982933,3205000,231136.3,82252.34242,130592.0095,46472.57347,9156.512958,0.184430031,12374000,64.3,97200,60.3,56.5,56,92.679,16.411,0.177420886,0.088283254,9.58,10.17,10.72,12.28,1.41,11.822,13.25,13.25,1654.333333,1938.333333,1310,1039,5743,875
1983-02-01,194,101626,2503.833333,1983,2,25242830,8982933,3205000,231136.3,82252.34242,131285.4184,46719.33049,9156.512958,0.184430031,12391800,64.3,97200,60.7,56.8,56.4,94.085,16.676,0.179161176,0.089235012,9.23,10.02,10.48,11.8,1.17,11.322,12.8,12.8,1654.333333,1938.333333,1310,774,5793,723
1983-03-01,195,101626,2503.833333,1983,3,25242830,8982933,3205000,231136.3,82252.34242,132672.2362,47212.84455,9156.512958,0.184430031,12429600,64.5,97200,61.4,57.4,56.7,95.491,16.942,0.179937798,0.089710756,9.17,10.2,10.41,11.7,0.99,11.322,12.65,12.65,1654.333333,1938.333333,1310,1149,5803,1137
1983-04-01,196,101626,2503.833333,1983,4,25300372,9010994,3205000,231376.8,82407.28463,132810.2832,47301.78138,9145.193596,0.104051159,12486300,64.7,97200,61.8,57.4,56.9,100.642,17.212,0.189446927,0.09096909,9.12,9.92,10.26,11.18,0.98,10.822,12.46,12.46,1236.666667,1141.666667,1410,1692,6592,899
1983-05-01,197,101626,2503.833333,1983,5,25300372,9010994,3205000,231376.8,82407.28463,133041.66,47384.18866,9145.193596,0.104051159,12509000,64.7,97200,64,57.5,57,105.792,17.482,0.198794874,0.092235409,9.25,9.59,10.32,11.3,1.27,10.822,12.36,12.36,1236.666667,1141.666667,1410,2707,7914,1385
1983-06-01,198,101626,2503.833333,1983,6,25300372,9010994,3205000,231376.8,82407.28463,134429.9208,47878.63237,9145.193596,0.104051159,12578700,65,97200,65.5,58.1,57.3,110.943,17.752,0.206321255,0.092692706,9.17,9.82,10.66,11.56,1.47,10.822,12.18,12.18,1236.666667,1141.666667,1410,1747,8125,1535
1983-07-01,199,101626,2503.833333,1983,7,25366451,9039564,3205000,233233.3,83114.79372,136208.2472,48539.03953,9194.557804,0.802370851,12566200,64.9,97200,66.7,58.4,57.5,116.094,18.022,0.213081811,0.092822191,9.24,10.27,10.95,12.03,1.38,10.822,12.28,12.28,251.6666667,2972.333333,3575,872,7590,1405
1983-08-01,200,101626,2503.833333,1983,8,25366451,9039564,3205000,233233.3,83114.79372,136907.9471,48788.38391,9194.557804,0.802370851,12599500,65,97200,66.6,58.7,57.8,121.245,18.292,0.221398762,0.093731328,9.29,10.74,11.44,12.34,1.27,10.822,12.77,12.77,251.6666667,2972.333333,3575,847,6907,1528
1983-09-01,201,101626,2503.833333,1983,9,25366451,9039564,3205000,233233.3,83114.79372,136907.9471,48788.38391,9194.557804,0.802370851,12606300,65,97200,64.8,58.7,58,126.396,18.562,0.230804717,0.095114854,9.24,10.1,10.8,11.76,1.56,10.822,13.08,13.08,251.6666667,2972.333333,3575,864,5744,2020
1983-10-01,202,101626,2503.833333,1983,10,25434150,9074145,3205000,234253.3,83574.58028,138443.7003,49392.57694,9210.187877,0.437330347,12582500,64.8,97200,64.7,59.1,58.4,131.546,18.832,0.237544214,0.095317967,9.24,9.88,10.76,11.73,1.66,10.822,12.3,12.3,1385.666667,3254.666667,-4566,1395,5786,1346
1983-11-01,203,101626,2503.833333,1983,11,25434150,9074145,3205000,234253.3,83574.58028,138443.7003,49392.57694,9210.187877,0.437330347,12577900,64.7,97200,64,59.1,58.6,136.697,19.102,0.246845829,0.096684569,9.48,10.09,10.81,11.8,1.53,10.822,12.04,12.04,1385.666667,3254.666667,-4566,1296,5729,1352
1983-12-01,204,101626,2503.833333,1983,12,25434150,9074145,3205000,234253.3,83574.58028,138677.9536,49476.15152,9210.187877,0.437330347,12616500,64.8,97200,63.4,59.2,58.6,141.848,19.372,0.255714763,0.097885544,9.71,10.33,10.98,12.02,1.39,10.822,11.75,11.75,1385.666667,3254.666667,-4566,771,5397,1100
1984-01-01,205,102318,2658.75,1984,1,25482358,9100590,3280000,238310.5,85108.53482,142033.058,50724.68675,9351.979907,1.731971332,12591900,64.6,96200,61.7,59.6,58.6,146.998,19.642,0.258739061,0.096806906,9.73,10.23,11.02,11.92,1.47,10.822,11.75,11.75,1222.666667,2338,1612,659,5113,941
1984-02-01,206,102318,2658.75,1984,2,25482358,9100590,3280000,238310.5,85108.53482,142747.9895,50980.01236,9351.979907,1.731971332,12629300,64.7,96200,62.3,59.9,58.8,152.149,19.912,0.266464348,0.097646112,9.82,10.81,11.53,12.4,1.49,10.822,11.72,11.72,1222.666667,2338,1612,619,4811,921
1984-03-01,207,102318,2658.75,1984,3,25482358,9100590,3280000,238310.5,85108.53482,142986.3,51065.12089,9351.979907,1.731971332,12630600,64.7,96200,62.6,60,59.1,157.3,20.182,0.275026349,0.09880521,10.53,11.44,12.14,13.06,1.56,11.322,12.02,12.02,1222.666667,2338,1612,665,4744,729
1984-04-01,208,102318,2658.75,1984,4,25539861,9129833,3280000,242935.3,86843.02232,146247.0506,52279.49944,9512.005567,1.940661448,12654500,64.7,96200,62.9,60.2,59.2,160.233,20.404,0.273908088,0.097571707,10.59,11.71,12.52,13.31,1.6,11.322,12.71,12.71,1864,3568.333333,1086,1439,5394,798
1984-05-01,209,102318,2658.75,1984,5,25539861,9129833,3280000,242935.3,86843.02232,146247.0506,52279.49944,9512.005567,1.940661448,12739500,65.1,96200,64.9,60.2,59.4,163.167,20.626,0.278923574,0.098633309,11.29,13.25,13.39,13.93,0.65,11.822,13.46,13.46,1864,3568.333333,1086,1353,5916,833
1984-06-01,210,102318,2658.75,1984,6,25539861,9129833,3280000,242935.3,86843.02232,147218.7918,52626.87152,9512.005567,1.940661448,12757400,65.1,96200,66.5,60.6,59.5,166.1,20.848,0.282063176,0.099036858,12.11,13.08,13.42,13.81,0.78,12.322,13.73,13.73,1864,3568.333333,1086,1581,6355,1142
1984-07-01,211,102318,2658.75,1984,7,25607053,9167484,3280000,243979.8,87346.28357,148339.7184,53106.54041,9527.835944,0.429949867,12783700,65.2,96200,67.7,60.8,59.8,169.033,21.07,0.284874816,0.099187406,12.73,13.04,13.24,13.41,0.4,13.322,14.16,14.16,1212.333333,4498,2520,1511,6296,1566
1984-08-01,212,102318,2658.75,1984,8,25607053,9167484,3280000,243979.8,87346.28357,148339.7184,53106.54041,9527.835944,0.429949867,12790400,65.2,96200,67.2,60.8,59.9,171.967,21.293,0.289819547,0.100237183,12.13,12.6,12.68,12.89,0.41,12.822,13.65,13.65,1212.333333,4498,2520,1480,6110,1663
1984-09-01,213,102318,2658.75,1984,9,25607053,9167484,3280000,243979.8,87346.28357,148583.6982,53193.8867,9527.835944,0.429949867,12901700,65.7,96200,65.2,60.9,60.1,174.9,21.515,0.294278582,0.101115943,12.02,12.21,12.4,12.63,0.47,12.822,13.19,13.19,1212.333333,4498,2520,1033,5689,1454
1984-10-01,214,102318,2658.75,1984,10,25677668,9210346,3280000,247787.5,88879.12288,151398.1625,54305.14408,9649.922259,1.560661989,12843300,65.3,96200,65.2,61.1,60.3,177.833,21.737,0.293651186,0.100068789,11.42,11.55,11.81,12.18,0.77,12.322,12.92,12.92,1328,1590.666667,-6769,1391,5549,1529
1984-11-01,215,102318,2658.75,1984,11,25677668,9210346,3280000,247787.5,88879.12288,152141.525,54571.78145,9649.922259,1.560661989,12853400,65.3,96200,64.6,61.4,60.5,180.767,21.959,0.297037577,0.100596863,10.5,10.61,11.28,11.81,1.11,11.822,12.45,12.45,1328,1590.666667,-6769,1221,5544,1225
1984-12-01,216,102318,2658.75,1984,12,25677668,9210346,3280000,247787.5,88879.12288,152141.525,54571.78145,9649.922259,1.560661989,12856200,65.2,96200,64.2,61.4,60.5,183.7,22.181,0.301857103,0.101613872,9.84,10.18,10.9,11.66,1.34,11.072,11.94,11.94,1328,1590.666667,-6769,958,5555,947
1985-01-01,217,109094,3792.416667,1985,1,25721170,9230294,3356000,251594.5,90287.15271,155233.8065,55707.17322,9781.611801,1.536397114,12846400,65.1,102600,63.1,61.7,60.5,186.633,22.403,0.300567583,0.100539117,9.5,10.21,10.62,11.38,0.96,10.822,11.64,11.64,1265.666667,1631.333333,1478,703,5031,1319
1985-02-01,218,109094,3792.416667,1985,2,25721170,9230294,3356000,251594.5,90287.15271,156240.1845,56068.32184,9781.611801,1.536397114,12892300,65.3,102600,63.5,62.1,60.9,189.567,22.625,0.303326255,0.100881386,11.27,11.69,11.66,12.3,0.48,11.322,11.77,11.77,1265.666667,1631.333333,1478,492,4609,913
1985-03-01,219,109094,3792.416667,1985,3,25721170,9230294,3356000,251594.5,90287.15271,156491.779,56158.60899,9781.611801,1.536397114,12952900,65.5,102600,63.9,62.2,61.1,192.5,22.847,0.307524142,0.101707469,10.4,11.16,11.58,11.93,0.74,11.572,12.63,12.63,1265.666667,1631.333333,1478,889,4683,814
1985-04-01,220,109094,3792.416667,1985,4,25774717,9256175,3356000,252403.8,90642.84754,157752.375,56651.77971,9792.689479,0.321668399,12975900,65.6,102600,64.4,62.5,61.3,195.458,23.208,0.309754449,0.102415141,9.77,10.7,10.99,11.5,0.68,10.572,11.97,11.97,1437,3575,2693,1604,5516,770
1985-05-01,221,109094,3792.416667,1985,5,25774717,9256175,3356000,252403.8,90642.84754,158257.1826,56833.06541,9792.689479,0.321668399,12985500,65.6,102600,66.5,62.7,61.6,198.417,23.569,0.31344075,0.103676442,9.51,10.14,10.45,10.76,0.47,10.322,11.58,11.58,1437,3575,2693,1865,6513,864
1985-06-01,222,109094,3792.416667,1985,6,25774717,9256175,3356000,252403.8,90642.84754,159014.394,57104.99395,9792.689479,0.321668399,13018300,65.7,102600,67.6,63,62,201.375,23.929,0.316598697,0.104758789,9.33,10.01,10.41,10.88,0.73,10.322,11.09,11.09,1437,3575,2693,2174,7518,1167
1985-07-01,223,109094,3792.416667,1985,7,25842116,9294657,3356000,255608,91934.75822,161799.864,58194.70196,9891.140493,1.269473756,13039500,65.7,102600,68.9,63.3,62.2,204.333,24.29,0.315718745,0.104347987,9.06,9.95,10.44,10.91,0.78,10.322,10.95,10.95,1074,4521.333333,3630,1570,7563,1509
1985-08-01,224,109094,3792.416667,1985,8,25842116,9294657,3356000,255608,91934.75822,161799.864,58194.70196,9891.140493,1.269473756,13060200,65.7,102600,68.7,63.3,62.5,207.292,24.65,0.320290751,0.105894519,8.95,9.81,10.21,10.79,0.72,10.072,10.97,10.97,1074,4521.333333,3630,2004,8051,1502
1985-09-01,225,109094,3792.416667,1985,9,25842116,9294657,3356000,255608,91934.75822,162055.472,58286.63671,9891.140493,1.269473756,13055100,65.6,102600,66.6,63.4,62.6,210.25,25.011,0.324348813,0.107275876,8.75,9.95,10.39,10.96,0.8,10.072,11.05,11.05,1074,4521.333333,3630,1605,8347,1308
1985-10-01,226,109094,3792.416667,1985,10,25914797,9338435,3356000,259301.5,93439.67476,164915.754,59427.63315,10005.92441,1.444986072,13109400,65.8,102600,66.6,63.6,62.8,213.208,25.371,0.323207448,0.106730651,8.53,9.4,9.95,10.72,1.07,9.822,11.16,11.16,1768,1592.666667,-4356,2236,8945,1638
1985-11-01,227,109094,3792.416667,1985,11,25914797,9338435,3356000,259301.5,93439.67476,165434.357,59614.5125,10005.92441,1.444986072,13169200,66,102600,66.3,63.8,63.2,216.167,25.732,0.326665821,0.107909966,8.85,9.26,9.52,10.34,0.62,9.822,10.95,10.95,1768,1592.666667,-4356,2344,9816,1469
1985-12-01,228,109094,3792.416667,1985,12,25914797,9338435,3356000,259301.5,93439.67476,166212.2615,59894.83152,10005.92441,1.444986072,13186600,66.1,102600,66,64.1,63.2,219.125,26.092,0.329586094,0.108907561,9.24,8.98,9.2,10.06,0.65,9.822,10.81,10.81,1768,1592.666667,-4356,1291,9642,1456
1986-01-01,229,138925,4409.916667,1986,1,25962414,9362036,3434000,259373.5,93529.97932,167036.534,60233.30668,9990.346044,0.027766905,13203700,66.1,109000,64.9,64.4,63.2,222.083,26.453,0.332386866,0.109793906,10.55,9.78,9.8,10.49,0.4,10.822,10.87,10.87,1863.333333,1692,3892,1187,9173,1636
1986-02-01,230,138925,4409.916667,1986,2,25962414,9362036,3434000,259373.5,93529.97932,167814.6545,60513.89662,9990.346044,0.027766905,13221700,66.1,109000,65.2,64.7,63.7,225.042,26.813,0.335253796,0.110772077,11.55,9.71,9.49,9.96,-0.02,12.822,11.14,11.14,1863.333333,1692,3892,1436,9364,1236
1986-03-01,231,138925,4409.916667,1986,3,25962414,9362036,3434000,259373.5,93529.97932,168333.4015,60700.95658,9990.346044,0.027766905,13224900,66.1,109000,65.6,64.9,64.2,228,27.174,0.338613724,0.111917511,10.19,9.22,8.97,9.54,-0.02,11.822,10.86,10.86,1863.333333,1692,3892,1563,9739,1182
1986-04-01,232,138925,4409.916667,1986,4,26019615,9391784,3434000,259505,93668.3693,168418.745,60790.77168,9973.437347,0.050699088,13292300,66.3,109000,66.3,64.9,64.6,230.858,27.534,0.342684539,0.113232647,8.72,8.78,8.56,9.32,0.09,11.072,10.32,10.32,2193.666667,3381.333333,7251,2920,11175,1471
1986-05-01,233,138925,4409.916667,1986,5,26019615,9391784,3434000,259505,93668.3693,169456.765,61165.44515,9973.437347,0.050699088,13236700,66,109000,67.9,65.3,65.1,233.717,27.895,0.344803289,0.114014538,8.33,8.95,8.95,9.52,0.13,10.072,9.8,9.8,2193.666667,3381.333333,7251,2567,12209,1531
1986-06-01,234,138925,4409.916667,1986,6,26019615,9391784,3434000,259505,93668.3693,169716.27,61259.11352,9973.437347,0.050699088,13289800,66.2,109000,69.5,65.4,65.2,236.575,28.255,0.348486035,0.115309373,8.59,8.69,8.8,9.42,0.22,10.072,10.07,10.07,2193.666667,3381.333333,7251,2170,12847,1531
1986-07-01,235,138925,4409.916667,1986,7,26100278,9437359,3434000,260864.3,94323.51829,171909.5737,62159.19856,9994.694309,0.523804936,13288400,66.1,109000,70.1,65.9,65.6,239.433,28.616,0.34819614,0.115091574,8.26,9,8.88,9.36,-0.02,9.572,10.26,10.26,1884.666667,5556.666667,11815,2341,13281,1908
1986-08-01,236,138925,4409.916667,1986,8,26100278,9437359,3434000,260864.3,94323.51829,172170.438,62253.52207,9994.694309,0.523804936,13302200,66.1,109000,69.9,66,66,242.292,28.976,0.35181998,0.116362894,8.33,8.96,8.8,9.16,-0.15,9.572,10.2,10.2,1884.666667,5556.666667,11815,1773,13448,1566
1986-09-01,237,138925,4409.916667,1986,9,26100278,9437359,3434000,260864.3,94323.51829,172170.438,62253.52207,9994.694309,0.523804936,13300500,66,109000,67.8,66,66,245.15,29.337,0.355969937,0.117812611,8.35,9.1,9.04,9.45,-0.01,9.572,10.3,10.3,1884.666667,5556.666667,11815,2427,13713,2157
1986-10-01,238,138925,4409.916667,1986,10,26187639,9493289,3434000,261192.3,94684.90033,173431.6872,62870.77382,9973.87737,0.125735871,13313100,66,109000,67.8,66.4,66.3,248.008,29.697,0.357500991,0.11808746,8.3,8.86,9.01,9.53,0.26,9.572,10.45,10.45,3408,3166.666667,1748,1947,13765,1894
1986-11-01,239,138925,4409.916667,1986,11,26187639,9493289,3434000,261192.3,94684.90033,174215.2641,63154.82852,9973.87737,0.125735871,13332800,66.1,109000,67.2,66.7,66.6,250.867,30.058,0.359995723,0.11898536,8.24,8.61,8.72,9.26,0.18,9.572,10.45,10.45,3408,3166.666667,1748,2083,13656,2191
1986-12-01,240,138925,4409.916667,1986,12,26187639,9493289,3434000,261192.3,94684.90033,174476.4564,63249.51342,9973.87737,0.125735871,13346600,66.1,109000,66.7,66.8,66.8,253.725,30.418,0.363551916,0.120230174,8.24,8.55,8.63,9.23,0.19,9.572,10.37,10.37,3408,3166.666667,1748,1951,13700,1906
1987-01-01,241,189105,3622.916667,1987,1,26256140,9531478,3524000,265295,96307.12877,177747.65,64525.77628,10104.11279,1.570758403,13376200,66.1,112800,65.4,67,66.7,256.583,30.779,0.360881002,0.119250793,7.24,7.68,8.06,8.94,0.58,9.072,10.05,10.05,4795.333333,1772.333333,10281,2076,14053,2284
1987-02-01,242,189105,3622.916667,1987,2,26256140,9531478,3524000,265295,96307.12877,178543.535,64814.69766,10104.11279,1.570758403,13406700,66.2,112800,65.8,67.3,67,259.442,31.139,0.363275545,0.120107789,7.28,7.81,8.08,9.1,0.58,9.072,9.66,9.66,4795.333333,1772.333333,10281,1617,13473,2192
1987-03-01,243,189105,3622.916667,1987,3,26256140,9531478,3524000,265295,96307.12877,179074.125,65007.31192,10104.11279,1.570758403,13441300,66.3,112800,66.3,67.5,67.3,262.3,31.5,0.366189141,0.121140219,6.8,7.54,7.73,8.98,0.7,8.572,9.4,9.4,4795.333333,1772.333333,10281,2085,13832,1721
1987-04-01,244,189105,3622.916667,1987,4,26346370,9577947,3524000,268693.5,97680.70904,182442.8865,66325.20144,10198.50173,1.281026782,13466600,66.4,112800,67,67.9,67.6,265.075,31.708,0.363230111,0.119517164,8.08,9.01,9.18,9.82,0.39,9.072,9.59,9.59,6329.666667,3704.666667,8482,2713,14709,1832
1987-05-01,245,189105,3622.916667,1987,5,26346370,9577947,3524000,268693.5,97680.70904,183517.6605,66715.92427,10198.50173,1.281026782,13486800,66.4,112800,69,68.3,67.9,267.85,31.917,0.364883139,0.119600382,8.19,9.38,9.26,9.92,0.14,9.322,10.24,10.24,6329.666667,3704.666667,8482,3358,16166,1898
1987-06-01,246,189105,3622.916667,1987,6,26346370,9577947,3524000,268693.5,97680.70904,184055.0475,66911.28569,10198.50173,1.281026782,13523200,66.5,112800,70.5,68.5,68,270.625,32.125,0.367587039,0.120028332,8.29,9.04,9.04,9.78,0.27,9.322,10.46,10.46,6329.666667,3704.666667,8482,2881,16738,2305
1987-07-01,247,189105,3622.916667,1987,7,26446601,9637945,3524000,272798.8,99416.17187,187958.3732,68497.74242,10315.07981,1.527874697,13524700,66.4,112800,71.2,68.9,68.6,273.4,32.333,0.363644348,0.118007539,8.97,9.77,9.7,10.23,0.13,9.322,10.46,10.46,5479,6253.333333,9393,2950,16942,2739
1987-08-01,248,189105,3622.916667,1987,8,26446601,9637945,3524000,272798.8,99416.17187,188231.172,68597.15859,10315.07981,1.527874697,13543200,66.4,112800,71.2,69,68.8,276.175,32.542,0.366802954,0.118598207,8.99,9.9,9.91,10.44,0.21,9.822,10.69,10.69,5479,6253.333333,9393,2125,16761,2302
1987-09-01,249,189105,3622.916667,1987,9,26446601,9637945,3524000,272798.8,99416.17187,188231.172,68597.15859,10315.07981,1.527874697,13568000,66.5,112800,69.2,69,68.9,278.95,32.75,0.370488582,0.119356256,9.35,10.58,10.75,11.14,0.32,9.822,10.92,10.92,5479,6253.333333,9393,2132,15876,3015
1987-10-01,250,189105,3622.916667,1987,10,26542370,9702789,3524000,276323,101012.2218,191215.516,69900.45747,10410.63778,1.291867853,13617000,66.7,112800,69.5,69.2,69.2,281.725,32.958,0.368334388,0.117874765,7.84,9.38,9.62,10.21,0.42,9.572,11.17,11.17,5188.333333,2034,-6003,2089,15793,2170
1987-11-01,251,189105,3622.916667,1987,11,26542370,9702789,3524000,276323,101012.2218,192044.485,70203.49413,10410.63778,1.291867853,13632600,66.7,112800,69,69.5,69.5,284.5,33.167,0.370356899,0.118110218,8.31,9.57,9.88,10.5,0.53,9.572,10.69,10.69,5188.333333,2034,-6003,2383,16102,2074
1987-12-01,252,189105,3622.916667,1987,12,26542370,9702789,3524000,276323,101012.2218,192320.808,70304.50635,10410.63778,1.291867853,13680400,66.8,112800,68.8,69.6,69.5,287.275,33.375,0.373432031,0.118680159,8.41,9.62,9.78,10.34,0.4,9.572,10.76,10.76,5188.333333,2034,-6003,1416,15439,2071
1988-01-01,253,229635,4115.083333,1988,1,26602328,9735171,3616000,280349,102594.2337,195403.253,71508.18086,10538.51377,1.456990551,13708400,66.9,115600,67.4,69.7,69.5,290.05,33.583,0.37109157,0.117409643,8.37,8.98,9.02,9.74,0.33,9.572,10.93,10.93,5003.333333,1042.333333,6231,959,13873,2522
1988-02-01,254,229635,4115.083333,1988,2,26602328,9735171,3616000,280349,102594.2337,196244.3,71815.96356,10538.51377,1.456990551,13711000,66.8,115600,68,70,70.1,292.825,33.792,0.373036312,0.117634013,8.32,8.77,8.77,9.61,0.36,9.572,10.69,10.69,5003.333333,1042.333333,6231,694,12647,1897
1988-03-01,255,229635,4115.083333,1988,3,26602328,9735171,3616000,280349,102594.2337,197365.696,72226.3405,10538.51377,1.456990551,13730400,66.9,115600,68.3,70.4,70.6,295.6,34,0.374431836,0.117685597,8.53,8.95,9.14,10.13,0.66,9.572,10.28,10.28,5003.333333,1042.333333,6231,1401,11934,2084
1988-04-01,256,229635,4115.083333,1988,4,26679165,9774964,3616000,282524,103513.8067,199461.944,73080.74754,10589.68675,0.775818712,13732300,66.8,115600,68.7,70.6,70.8,298.167,34.125,0.373714146,0.116737312,8.87,9.23,9.41,10.36,0.61,10.072,10.24,10.24,6745,2408.666667,15266,1505,11514,1922
1988-05-01,257,229635,4115.083333,1988,5,26679165,9774964,3616000,282524,103513.8067,200592.04,73494.80277,10589.68675,0.775818712,13747100,66.8,115600,70.7,71,71.2,300.733,34.25,0.374806747,0.116504837,8.92,9.44,9.49,10.38,0.42,10.072,10.49,10.49,6745,2408.666667,15266,2017,11619,1912
1988-06-01,258,229635,4115.083333,1988,6,26679165,9774964,3616000,282524,103513.8067,201157.088,73701.83038,10589.68675,0.775818712,13742000,66.7,115600,71.8,71.2,71.2,303.3,34.375,0.376944212,0.116601582,9.19,9.43,9.5,10.13,0.27,10.572,10.61,10.61,6745,2408.666667,15266,1960,11685,1885
1988-07-01,259,229635,4115.083333,1988,7,26791747,9838620,3616000,282836.8,103864.9625,202511.1488,74367.31314,10556.8629,0.110716258,13781500,66.8,115600,72.5,71.6,71.7,305.867,34.5,0.377592792,0.115978373,9.29,9.57,9.75,10.42,0.39,10.572,10.6,10.6,6510.666667,1863.333333,31890,2003,12030,1658
1988-08-01,260,229635,4115.083333,1988,8,26791747,9838620,3616000,282836.8,103864.9625,202793.9856,74471.17811,10556.8629,0.110716258,13797700,66.8,115600,72.3,71.7,72,308.433,34.625,0.380229472,0.116236244,9.98,10.36,10.23,10.65,0.04,11.072,11.12,11.12,6510.666667,1863.333333,31890,2129,12653,1505
1988-09-01,261,229635,4115.083333,1988,9,26791747,9838620,3616000,282836.8,103864.9625,203076.8224,74575.04307,10556.8629,0.110716258,13816800,66.8,115600,70.3,71.8,72.1,311,34.75,0.382860038,0.116493396,10.33,10.1,9.97,10.46,0.1,11.572,11.36,11.36,6510.666667,1863.333333,31890,2315,13258,1707
1988-10-01,262,229635,4115.083333,1988,10,26932655,9917210,3616000,282878.8,104162.3436,204238.4936,75205.21208,10503.19027,0.014849553,13842900,66.9,115600,70.5,72.2,72.6,313.567,34.875,0.38382456,0.115932789,10.29,9.66,9.61,10.13,0.11,11.572,10.99,10.99,5783.666667,292.3333333,16581,1458,12849,1864
1988-11-01,263,229635,4115.083333,1988,11,26932655,9917210,3616000,282878.8,104162.3436,204521.3724,75309.37442,10503.19027,0.014849553,13872600,67,115600,69.8,72.3,73,316.133,35,0.386430274,0.116187395,10.76,10.31,9.98,10.32,-0.26,11.572,10.98,10.98,5783.666667,292.3333333,16581,1317,12071,2091
1988-12-01,264,229635,4115.083333,1988,12,26932655,9917210,3616000,282878.8,104162.3436,204521.3724,75309.37442,10503.19027,0.014849553,13884500,67,115600,69.5,72.3,73.1,318.7,35.125,0.389568088,0.11660235,10.94,10.56,10.27,10.36,-0.39,12.072,11.33,11.33,5783.666667,292.3333333,16581,1394,11714,1747
1989-01-01,265,273698,3249.166667,1989,1,27032356,9969308,3710000,283880,104692.5823,206380.76,76111.50733,10501.4894,0.353932497,13971600,67.3,121400,68.7,72.7,73.3,321.267,35.25,0.389167818,0.115784069,11.18,10.54,10.1,10.18,-0.53,12.072,11.44,11.44,6523.333333,-129.6666667,25678,1397,11290,1816
1989-02-01,266,273698,3249.166667,1989,2,27032356,9969308,3710000,283880,104692.5823,207800.16,76634.97024,10501.4894,0.353932497,13997700,67.4,121400,68.8,73.2,73.8,323.833,35.375,0.389596668,0.115400971,11.61,11.36,10.7,10.55,-0.94,12.572,11.43,11.43,6523.333333,-129.6666667,25678,1041,10961,1365
1989-03-01,267,273698,3249.166667,1989,3,27032356,9969308,3710000,283880,104692.5823,208935.68,77053.74057,10501.4894,0.353932497,14041500,67.5,121400,69.2,73.6,74.3,326.4,35.5,0.390550814,0.115179353,12.14,11.62,10.82,10.49,-1.04,13.322,11.61,11.61,6523.333333,-129.6666667,25678,1902,11280,1593
1989-04-01,268,273698,3249.166667,1989,4,27147776,10031922,3710000,284256.5,105041.3498,209781.297,77520.51618,10470.71038,0.132626462,14049700,67.5,121400,69.4,73.8,74.5,329.125,35.492,0.392223955,0.114460022,12.37,10.78,10.24,10.19,-0.59,13.322,11.92,11.92,8050.666667,1220.333333,21277,1671,11457,1490
1989-05-01,269,273698,3249.166667,1989,5,27147776,10031922,3710000,284256.5,105041.3498,212055.349,78360.84698,10470.71038,0.132626462,14039600,67.3,121400,71.3,74.6,75.1,331.85,35.483,0.391230405,0.113203856,12.17,10.37,9.78,9.85,-0.66,13.322,11.49,11.49,8050.666667,1220.333333,21277,2139,12287,1305
1989-06-01,270,273698,3249.166667,1989,6,27147776,10031922,3710000,284256.5,105041.3498,212908.1185,78675.97102,10470.71038,0.132626462,14030700,67.2,121400,72.5,74.9,75.5,334.575,35.475,0.392863131,0.112725015,12.08,10.01,9.42,9.6,-0.61,13.322,11.13,11.13,8050.666667,1220.333333,21277,1372,12153,1506
1989-07-01,271,273698,3249.166667,1989,7,27276781,10103305,3710000,284756,105473.4691,214706.024,79526.99572,10439.50164,0.175721575,14025900,67.1,121400,73.1,75.4,75.9,337.3,35.467,0.392746316,0.111493587,12.11,9.86,9.35,9.62,-0.55,13.322,11.05,11.05,7362,630.6666667,16745,1334,11962,1523
1989-08-01,272,273698,3249.166667,1989,8,27276781,10103305,3710000,284756,105473.4691,214990.78,79632.46919,10439.50164,0.175721575,14058800,67.1,121400,73.2,75.5,76.1,340.025,35.458,0.395394863,0.111317658,12.16,10.39,9.59,9.62,-0.88,13.322,10.96,10.96,7362,630.6666667,16745,1283,11881,1357
1989-09-01,273,273698,3249.166667,1989,9,27276781,10103305,3710000,284756,105473.4691,215275.536,79737.94266,10439.50164,0.175721575,14062100,67.1,121400,71.3,75.6,76.3,342.75,35.45,0.398036403,0.111145331,12.23,10.46,9.92,9.91,-0.72,13.322,10.95,10.95,7362,630.6666667,16745,1450,11554,1745
1989-10-01,274,273698,3249.166667,1989,10,27402695,10167642,3710000,284820,105681.1308,216178.38,80211.97827,10393.86819,0.022475382,14048500,66.9,121400,71.2,75.9,76.6,345.475,35.442,0.399525383,0.110463552,12.17,10.17,9.56,9.54,-0.79,13.322,10.95,10.95,7108,-437,-16080,1208,11308,1437
1989-11-01,275,273698,3249.166667,1989,11,27402695,10167642,3710000,284820,105681.1308,216748.02,80423.34054,10393.86819,0.022475382,14114900,67.2,121400,70.5,76.1,77,348.2,35.433,0.401618432,0.110145263,12.21,11.03,10.07,9.8,-1.3,13.322,10.95,10.95,7108,-437,-16080,891,10847,1350
1989-12-01,276,273698,3249.166667,1989,12,27402695,10167642,3710000,284820,105681.1308,216748.02,80423.34054,10393.86819,0.022475382,14150000,67.3,121400,70,76.1,77.1,350.925,35.425,0.404761483,0.110120395,12.22,10.92,9.77,9.69,-1.36,13.322,11.15,11.15,7108,-437,-16080,841,10337,1365
1990-01-01,277,255020,2231.583333,1990,1,27463550,10189985,3807000,284957,105729.5053,218562.019,81094.53058,10375.82541,0.048100555,14220500,67.5,109500,68.7,76.7,77.3,353.65,35.417,0.404519049,0.109184305,12.34,10.96,10.02,10.04,-1.03,13.322,11.21,11.21,6580,-695,11649,777,10036,1076
1990-02-01,278,255020,2231.583333,1990,2,27463550,10189985,3807000,284957,105729.5053,219986.804,81623.1781,10375.82541,0.048100555,14228500,67.5,109500,69,77.2,77.7,356.375,35.408,0.404995883,0.108449588,13.16,11.92,11.09,10.64,-1.28,14.072,11.62,11.62,6580,-695,11649,439,9404,1068
1990-03-01,279,255020,2231.583333,1990,3,27463550,10189985,3807000,284957,105729.5053,220841.675,81940.36662,10375.82541,0.048100555,14159900,67.1,109500,69.1,77.5,78,359.1,35.4,0.406512946,0.108005375,13.26,12.22,11.29,10.91,-1.34,14.072,12.12,12.12,6580,-695,11649,502,8815,1090
1990-04-01,280,255020,2231.583333,1990,4,27567161,10238884,3807000,285281.8,105958.2181,221093.395,82117.61902,10348.61007,0.11398211,14218100,67.2,109500,69.6,77.5,78.1,362.342,35.65,0.409715994,0.108533347,13.55,12.74,12.23,11.54,-1.23,14.572,12.87,12.87,9660.333333,-1485.666667,7699,716,8429,1101
1990-05-01,281,255020,2231.583333,1990,5,27567161,10238884,3807000,285281.8,105958.2181,222234.5222,82541.4519,10348.61007,0.11398211,14207100,67.1,109500,71.1,77.9,78.4,365.583,35.9,0.411258112,0.108733246,13.67,12.03,11.39,10.86,-1.17,14.572,13.41,13.41,9660.333333,-1485.666667,7699,711,8245,880
1990-06-01,282,255020,2231.583333,1990,6,27567161,10238884,3807000,285281.8,105958.2181,223090.3676,82859.32655,10348.61007,0.11398211,14215200,67.1,109500,72.4,78.2,78.6,368.825,36.15,0.413313452,0.109070401,13.58,11.53,11.09,10.72,-0.89,14.572,13.23,13.23,9660.333333,-1485.666667,7699,555,7822,978
1990-07-01,283,255020,2231.583333,1990,7,27691138,10295832,3807000,286647.8,106578.4148,225018.523,83664.05562,10351.6078,0.478824797,14242100,67.1,109500,73,78.5,78.9,372.067,36.4,0.413373747,0.108768335,13.23,11.56,11.04,10.78,-0.91,14.572,13.17,13.17,9034.333333,-1834.333333,2511,646,7693,772
1990-08-01,284,255020,2231.583333,1990,8,27691138,10295832,3807000,286647.8,106578.4148,225305.1708,83770.63403,10351.6078,0.478824797,14262000,67.1,109500,72.6,78.6,79.2,375.308,36.65,0.41644406,0.109376037,12.67,10.79,10.63,10.83,-0.07,14.072,12.76,12.76,9034.333333,-1834.333333,2511,234,6984,934
1990-09-01,285,255020,2231.583333,1990,9,27691138,10295832,3807000,286647.8,106578.4148,225878.4664,83983.79086,10351.6078,0.478824797,14307600,67.2,109500,70.7,78.8,79.4,378.55,36.9,0.418975308,0.109842624,12.4,11.14,11.25,11.54,0.28,13.572,12.6,12.6,9034.333333,-1834.333333,2511,906,6773,1116
1990-10-01,286,255020,2231.583333,1990,10,27807591,10344678,3807000,286827,106702.2655,228027.465,84828.30104,10314.70148,0.062515742,14299400,67.1,109500,70.4,79.5,79.9,381.792,37.15,0.418581156,0.109485866,12.36,10.99,10.88,11.15,0.03,13.572,12.41,12.41,7442,-978.3333333,-27852,628,6596,801
1990-11-01,287,255020,2231.583333,1990,11,27807591,10344678,3807000,286827,106702.2655,229461.6,85361.81237,10314.70148,0.062515742,14291600,67,109500,69.2,80,80.2,385.033,37.4,0.419496116,0.109533757,12.01,10.42,10.43,10.7,0.12,13.072,12.24,12.24,7442,-978.3333333,-27852,502,6257,844
1990-12-01,288,255020,2231.583333,1990,12,27807591,10344678,3807000,286827,106702.2655,229174.773,85255.1101,10314.70148,0.062515742,14289800,66.9,109500,68.4,79.9,80.2,388.275,37.65,0.423557745,0.110403939,11.47,10.46,10.27,10.51,-0.12,12.572,11.69,11.69,7442,-978.3333333,-27852,451,5901,811
1991-01-01,289,234313,3178.666667,1991,1,27854861,10355101,3904000,288111,107105.8479,236251.02,87826.79524,10343.2934,0.447656601,14291800,66.8,104500,66.7,82,81.9,391.517,37.9,0.414301915,0.107882793,10.48,9.94,9.93,10.22,0.11,12.072,11.33,11.33,7736.666667,-66.33333333,-11279,236,4889,1246
1991-02-01,290,234313,3178.666667,1991,2,27854861,10355101,3904000,288111,107105.8479,236251.02,87826.79524,10343.2934,0.447656601,14297000,66.8,104500,66.7,82,82.3,394.758,38.15,0.41773153,0.108594421,9.72,9.35,9.46,9.89,0.24,11.072,10.78,10.78,7736.666667,-66.33333333,-11279,183,4470,598
1991-03-01,291,234313,3178.666667,1991,3,27854861,10355101,3904000,288111,107105.8479,237115.353,88148.11278,10343.2934,0.447656601,14308800,66.7,104500,66.6,82.3,83,398,38.4,0.419626982,0.108907607,9.67,9.29,9.4,9.88,0.26,11.072,10.65,10.65,7736.666667,-66.33333333,-11279,418,4374,516
1991-04-01,292,234313,3178.666667,1991,4,27928837,10385937,3904000,288461.3,107270.5207,237403.6499,88283.63857,10328.43938,0.121585084,14326100,66.7,104500,67.2,82.3,83,401.5,39.317,0.422803104,0.111337165,9.241,9.3,9.42,9.91,0.29,10.572,10.47,10.47,8004.333333,-996.6666667,899,640,4454,558
1991-05-01,293,234313,3178.666667,1991,5,27928837,10385937,3904000,288461.3,107270.5207,238557.4951,88712.72065,10328.43938,0.121585084,14347100,66.7,104500,68.9,82.7,83.3,405,40.233,0.424425986,0.11338002,8.812,9.11,9.36,9.91,0.48,9.572,10.43,10.43,8004.333333,-996.6666667,899,819,4753,520
1991-06-01,294,234313,3178.666667,1991,6,27928837,10385937,3904000,288461.3,107270.5207,239711.3403,89141.80274,10328.43938,0.121585084,14396700,66.9,104500,70,83.1,83.4,408.5,41.15,0.426033244,0.115406012,8.65,9.4,9.73,10.36,0.69,9.572,10.44,10.44,8004.333333,-996.6666667,899,1367,5562,557
1991-07-01,295,234313,3178.666667,1991,7,28037420,10431316,3904000,289223,107605.3541,240633.536,89527.65462,10315.60679,0.264056218,14383000,66.7,104500,70.7,83.2,83.6,412,42.067,0.428036764,0.11746929,8.656,9.33,9.66,10.17,0.57,9.572,10.51,10.51,6295.333333,-2004,3442,1517,6444,637
1991-08-01,296,234313,3178.666667,1991,8,28037420,10431316,3904000,289223,107605.3541,240922.759,89635.25997,10315.60679,0.264056218,14388000,66.7,104500,70.5,83.3,83.8,415.5,42.983,0.431154784,0.119883068,8.534,9,9.41,9.97,0.67,9.572,10.67,10.67,6295.333333,-2004,3442,1169,6916,697
1991-09-01,297,234313,3178.666667,1991,9,28037420,10431316,3904000,289223,107605.3541,240344.313,89420.04927,10315.60679,0.264056218,14333300,66.4,104500,68.7,83.1,83.9,419,43.9,0.435833071,0.122735338,8.339,8.48,8.97,9.59,0.78,9.322,10.58,10.58,6295.333333,-2004,3442,915,6843,989
1991-10-01,298,234313,3178.666667,1991,10,28127327,10465562,3904000,289231.8,107616.8146,240062.394,89321.95613,10282.94655,0.003042635,14340600,66.3,104500,68.6,83,84.1,422.5,44.817,0.43998978,0.125436684,7.79,7.43,8.19,9.12,1.31,8.572,10.04,10.04,11138,-362.3333333,-22886,885,6496,1232
1991-11-01,299,234313,3178.666667,1991,11,28127327,10465562,3904000,289231.8,107616.8146,240930.0894,89644.80657,10282.94655,0.003042635,14304100,66.1,104500,67.6,83.3,84.4,426,45.733,0.442036942,0.127539458,7.406,7.63,8.16,9.18,1.04,8.322,9.34,9.34,11138,-362.3333333,-22886,784,6017,1261
1991-12-01,300,234313,3178.666667,1991,12,28127327,10465562,3904000,289231.8,107616.8146,239773.1622,89214.33931,10282.94655,0.003042635,14286100,65.9,104500,66.9,82.9,84.1,429.5,46.65,0.447819093,0.130724501,7.422,7.31,7.87,8.97,1.01,7.822,9.04,9.04,11138,-362.3333333,-22886,526,5555,988
1992-01-01,301,214971,3475.25,1992,1,28181477,10488022,3976000,289698.3,107814.1555,241318.6839,89809.19154,10279.74155,0.161289319,14280100,65.8,103900,65.3,83.3,84.3,433,47.567,0.448576953,0.13241128,7.04,7.25,7.93,8.92,1.03,7.322,8.91,8.91,8933.666667,-277.3333333,474,430,4987,1004
1992-02-01,302,214971,3475.25,1992,2,28181477,10488022,3976000,289698.3,107814.1555,241318.6839,89809.19154,10279.74155,0.161289319,14268000,65.7,103900,65.5,83.3,84.6,436.5,48.483,0.452202864,0.13496113,7.25,7.35,7.97,8.97,0.99,7.322,8.88,8.88,8933.666667,-277.3333333,474,352,4542,797
1992-03-01,303,214971,3475.25,1992,3,28181477,10488022,3976000,289698.3,107814.1555,242187.7788,90132.63401,10279.74155,0.161289319,14299200,65.8,103900,65.4,83.6,84.9,440,49.4,0.454193026,0.137020294,7.239,7.96,8.52,9.28,0.71,8.072,9.26,9.26,8933.666667,-277.3333333,474,405,4301,644
1992-04-01,304,214971,3475.25,1992,4,28269699,10528346,3976000,290276,108106.0737,242961.012,90484.78368,10268.09659,0.199414356,14260900,65.5,103900,65.6,83.7,84.9,443.983,50.433,0.456845932,0.139341108,6.719,7.72,8.49,9.51,1.14,7.572,9.57,9.57,10381,-1038,-2737,995,4717,579
1992-05-01,305,214971,3475.25,1992,5,28269699,10528346,3976000,290276,108106.0737,243251.288,90592.88976,10268.09659,0.199414356,14301400,65.7,103900,67.3,83.8,84.9,447.967,51.467,0.460395301,0.142028254,6.081,7.01,7.91,9.17,1.48,7.322,9.34,9.34,10381,-1038,-2737,1025,5110,631
1992-06-01,306,214971,3475.25,1992,6,28269699,10528346,3976000,290276,108106.0737,243831.84,90809.10191,10268.09659,0.199414356,14350500,65.8,103900,68.6,84,84.9,451.95,52.5,0.463382879,0.14453397,5.596,6.42,7.45,8.87,1.73,6.822,8.92,8.92,10381,-1038,-2737,947,5040,967
1992-07-01,307,214971,3475.25,1992,7,28371264,10572205,3976000,290292.8,108174.0663,244426.5376,91082.56379,10231.93045,0.005787595,14354100,65.7,103900,69,84.2,85.2,455.933,53.533,0.466329275,0.146935368,5.17,5.5,6.53,8.21,1.93,6.572,8.46,8.46,10180.66667,-2518.333333,-1819,968,5400,593
1992-08-01,308,214971,3475.25,1992,8,28371264,10572205,3976000,290292.8,108174.0663,244426.5376,91082.56379,10231.93045,0.005787595,14371500,65.8,103900,68.7,84.2,85.3,459.917,54.567,0.470404119,0.149773452,4.821,5.41,6.53,8.19,1.97,6.322,7.92,7.92,10180.66667,-2518.333333,-1819,853,5237,1008
1992-09-01,309,214971,3475.25,1992,9,28371264,10572205,3976000,290292.8,108174.0663,244426.5376,91082.56379,10231.93045,0.005787595,14368200,65.7,103900,67.1,84.2,85.3,463.9,55.6,0.47447794,0.152608792,7.371,6.93,7.35,8.53,0.86,6.072,7.74,7.74,10180.66667,-2518.333333,-1819,765,4769,1225
1992-10-01,310,214971,3475.25,1992,10,28474177,10610665,3976000,291310.8,108554.5443,245575.0044,91511.48088,10230.70131,0.350680416,14347200,65.5,103900,67.1,84.3,85.5,467.883,56.633,0.476313745,0.15471556,6.055,5.84,6.76,8.33,1.67,7.572,8.43,8.43,10604,-676.3333333,-23079,714,4506,976
1992-11-01,311,214971,3475.25,1992,11,28474177,10610665,3976000,291310.8,108554.5443,246740.2476,91945.69906,10230.70131,0.350680416,14453600,65.9,103900,66.3,84.7,85.9,471.867,57.667,0.478100963,0.15679635,8.566,7.1,7.37,8.66,0.78,9.572,8.53,8.53,10604,-676.3333333,-23079,796,4501,798
1992-12-01,312,214971,3475.25,1992,12,28474177,10610665,3976000,291310.8,108554.5443,246740.2476,91945.69906,10230.70131,0.350680416,14404700,65.6,103900,65.8,84.7,85.8,475.85,58.7,0.482136584,0.159605073,7.111,6.93,7.34,8.54,0.93,7.072,8.68,8.68,10604,-676.3333333,-23079,777,4517,763
1993-01-01,313,206490,3246.666667,1993,1,28533602,10629994,4048000,292484.3,108962.9818,248611.655,92618.53449,10250.52147,0.402834361,14359100,65.4,"96,600",64.4,85,86.1,479.833,59.733,0.482512576,0.161233927,6.562,6.91,7.39,8.67,1.07,6.572,8.67,8.67,10143.66667,-527,-14149,501,4135,894
1993-02-01,314,206490,3246.666667,1993,2,28533602,10629994,4048000,292484.3,108962.9818,249489.1079,92945.42344,10250.52147,0.402834361,14333200,65.2,"96,600",64.9,85.3,86.4,483.817,60.767,0.484807738,0.163448069,5.843,6.56,6.92,8.19,0.89,6.322,8.64,8.64,10143.66667,-527,-14149,543,3993,648
1993-03-01,315,206490,3246.666667,1993,3,28533602,10629994,4048000,292484.3,108962.9818,249196.6236,92836.46045,10250.52147,0.402834361,14390300,65.4,"96,600",65,85.2,86.5,487.8,61.8,0.489372602,0.166421683,5.113,6.41,6.88,8.27,1.11,5.822,8.17,8.17,10143.66667,-527,-14149,439,3796,590
1993-04-01,316,206490,3246.666667,1993,4,28600864,10656924,4048000,292937,109150.8056,249582.324,92996.48635,10242.24303,0.154777538,14417000,65.4,"96,600",65.1,85.2,86.5,492.217,63.367,0.493040725,0.170347834,5.345,6.5,6.97,8.27,1.04,5.822,8.09,8.09,11514,-1008,-15389,876,4078,589
1993-05-01,317,206490,3246.666667,1993,5,28600864,10656924,4048000,292937,109150.8056,250168.198,93214.78796,10242.24303,0.154777538,14431600,65.4,"96,600",66.7,85.4,86.4,496.633,64.933,0.496299094,0.17414887,4.848,6.28,6.86,8.12,1.21,5.822,8.08,8.08,11514,-1008,-15389,1038,4456,665
1993-06-01,318,206490,3246.666667,1993,6,28600864,10656924,4048000,292937,109150.8056,250168.198,93214.78796,10242.24303,0.154777538,14469700,65.5,"96,600",68.3,85.4,86.4,501.05,66.5,0.500713124,0.178351529,4.539,5.89,6.68,7.96,1.45,5.822,8.06,8.06,11514,-1008,-15389,707,4436,685
1993-07-01,319,206490,3246.666667,1993,7,28684764,10690038,4048000,295738.5,110213.7638,253152.156,94342.98178,10309.95061,0.956348976,14470800,65.5,"96,600",68.6,85.6,86.7,505.467,68.067,0.499173114,0.180371128,4.156,5.39,6.45,7.79,1.79,5.572,7.88,7.88,8920,-2241,2125,780,4468,739
1993-08-01,320,206490,3246.666667,1993,8,28684764,10690038,4048000,295738.5,110213.7638,253447.8945,94453.19554,10309.95061,0.956348976,14430900,65.2,"96,600",68.4,85.7,86.9,509.883,69.633,0.502946573,0.18430557,4.74,5.3,6.18,7.4,1.51,5.572,7.78,7.78,8920,-2241,2125,636,4091,1022
1993-09-01,321,206490,3246.666667,1993,9,28684764,10690038,4048000,295738.5,110213.7638,253447.8945,94453.19554,10309.95061,0.956348976,14505000,65.5,"96,600",67.1,85.7,87.2,514.3,71.2,0.507303484,0.188453126,4.648,5.65,6.36,7.55,1.34,5.572,7.77,7.77,8920,-2241,2125,606,3840,868
1993-10-01,322,206490,3246.666667,1993,10,28786619,10728737,4048000,297003.5,110692.834,255126.0065,95085.14444,10317.41519,0.427742752,14453500,65.2,"96,600",66.9,85.9,87.2,518.717,72.767,0.508294908,0.191320633,4.383,5.06,5.97,7.35,1.73,5.572,7.75,7.75,6915,-481,-15204,626,3646,830
1993-11-01,323,206490,3246.666667,1993,11,28786619,10728737,4048000,297003.5,110692.834,256314.0205,95527.91578,10317.41519,0.427742752,14505300,65.4,"96,600",66.4,86.3,87.8,523.133,74.333,0.510246181,0.194532141,4.09,5.02,6.01,7.45,1.9,5.322,7.04,7.04,6915,-481,-15204,597,3552,694
1993-12-01,324,206490,3246.666667,1993,12,28786619,10728737,4048000,297003.5,110692.834,255720.0135,95306.53011,10317.41519,0.427742752,14496100,65.3,"96,600",65.7,86.1,87.6,527.55,75.9,0.515749621,0.199094437,3.856,4.61,5.73,7.12,1.96,5.322,6.91,6.91,6915,-481,-15204,688,3686,556
1994-01-01,325,208921,3686.416667,1994,1,28835772,10744762,4122000,301382.8,112301.0148,259490.5908,96691.17371,10451.69867,1.474494408,14513200,65.3,"99,700",64.1,86.1,87.5,531.967,77.467,0.512510876,0.200294911,3.632,4.18,5.4,6.86,2.21,5.322,6.53,6.53,6990.666667,13.33333333,109,434,3399,723
1994-02-01,326,208921,3686.416667,1994,2,28835772,10744762,4122000,301382.8,112301.0148,257380.9112,95905.0666,10451.69867,1.474494408,14492100,65.1,"99,700",64.7,85.4,86.6,536.383,79.033,0.521001147,0.206018834,3.85,5.02,6.12,7.33,1.92,5.322,6.4,6.4,6990.666667,13.33333333,109,293,3241,452
1994-03-01,327,208921,3686.416667,1994,3,28835772,10744762,4122000,301382.8,112301.0148,257380.9112,95905.0666,10451.69867,1.474494408,14458400,64.9,"99,700",64.9,85.4,86.6,540.8,80.6,0.525291481,0.210103603,5.388,6.71,7.47,8.25,1.24,6.072,7.09,7.09,6990.666667,13.33333333,109,487,3231,498
1994-04-01,328,208921,3686.416667,1994,4,28907448,10776819,4122000,305782.5,113997.0106,261138.255,97353.44705,10577.98322,1.459837788,14527700,65.1,"99,700",65.2,85.4,86.6,544.383,81.442,0.521163588,0.209140001,5.818,6.84,7.44,8.18,1.11,6.572,8.63,8.63,8627.666667,-431.3333333,973,975,3685,522
1994-05-01,329,208921,3686.416667,1994,5,28907448,10776819,4122000,305782.5,113997.0106,260526.69,97125.45303,10577.98322,1.459837788,14565800,65.2,"99,700",67.5,85.2,86.3,547.967,82.283,0.525826164,0.211795666,6.335,7.42,8.01,8.55,0.99,6.572,8.68,8.68,8627.666667,-431.3333333,973,1035,4035,669
1994-06-01,330,208921,3686.416667,1994,6,28907448,10776819,4122000,305782.5,113997.0106,261138.255,97353.44705,10577.98322,1.459837788,14543500,65.1,"99,700",68.7,85.4,86.4,551.55,83.125,0.528024896,0.213461882,6.672,8.36,8.82,9.29,0.75,7.822,9,9,8627.666667,-431.3333333,973,1012,4526,522
1994-07-01,331,208921,3686.416667,1994,7,29000663,10819146,4122000,309702.8,115539.4209,265415.2996,99017.28374,10679.16275,1.282055055,14564700,65.1,"99,700",69.4,85.7,86.6,555.133,83.967,0.522890919,0.212000867,5.794,8.27,8.96,9.5,1.09,7.322,9.89,9.89,8210.666667,-802.3333333,1726,1232,4922,831
1994-08-01,332,208921,3686.416667,1994,8,29000663,10819146,4122000,309702.8,115539.4209,265725.0024,99132.82316,10679.16275,1.282055055,14601300,65.2,"99,700",69.2,85.8,86.7,558.717,84.808,0.525653396,0.213874672,5.354,7.6,8.32,8.89,1.14,7.072,9.53,9.53,8210.666667,-802.3333333,1726,1130,5292,760
1994-09-01,333,208921,3686.416667,1994,9,29000663,10819146,4122000,309702.8,115539.4209,266034.7052,99248.36258,10679.16275,1.282055055,14664800,65.4,"99,700",68.1,85.9,87,562.3,85.65,0.528408502,0.215746632,5.291,7.46,8.36,9.04,1.42,6.822,9.21,9.21,8210.666667,-802.3333333,1726,1179,5496,975
1994-10-01,334,208921,3686.416667,1994,10,29096372,10860406,4122000,311952.5,116438.2557,267343.2925,99787.58513,10721.35385,0.72640609,14626200,65.1,"99,700",67.9,85.7,86.9,565.883,86.492,0.529172618,0.216690282,5.374,7.64,8.55,9.29,1.5,6.822,9.04,9.04,6410.666667,-288.6666667,-15012,1343,5810,1032
1994-11-01,335,208921,3686.416667,1994,11,29096372,10860406,4122000,311952.5,116438.2557,268903.055,100369.7764,10721.35385,0.72640609,14676600,65.3,"99,700",67.6,86.2,87.4,569.467,87.333,0.529435227,0.217528132,5.789,8.01,8.81,9.24,1.15,6.822,9.05,9.05,6410.666667,-288.6666667,-15012,981,5672,1121
1994-12-01,336,208921,3686.416667,1994,12,29096372,10860406,4122000,311952.5,116438.2557,269215.0075,100486.2147,10721.35385,0.72640609,14653200,65.1,"99,700",67,86.3,87.6,573.05,88.175,0.532149011,0.219370887,7.181,8.84,8.99,9.16,0.23,7.822,9.45,9.45,6410.666667,-288.6666667,-15012,710,5247,1132
1995-01-01,337,199759,1791,1995,1,29141902,10875308,4198000,314818.8,117485.5167,272633.0808,101742.4575,10802.95994,0.918825783,14672000,65.1,"98,800",65.8,86.6,87.8,576.633,89.017,0.528762869,0.218731202,7.979,8.9,9.18,9.41,0.44,9.072,9.8,9.8,8217.333333,120,-4807,446,4924,772
1995-02-01,338,208225,2455,1995,2,29141902,10875308,4198000,314818.8,117485.5167,273892.356,102212.3995,10802.95994,0.918825783,14662700,65,"98,800",65.9,87,88.1,580.217,89.858,0.529603134,0.219782532,7.768,8.06,8.46,8.86,0.7,9.322,9.68,9.68,8217.333333,120,-4807,456,4775,601
1995-03-01,339,207556,3218,1995,3,29141902,10875308,4198000,314818.8,117485.5167,274521.9936,102447.3706,10802.95994,0.918825783,14719600,65.2,"98,800",66.2,87.2,88.4,583.8,90.7,0.531651392,0.221333157,8.217,7.97,8.23,8.7,0.6,9.572,9.13,9.13,8217.333333,120,-4807,375,4414,740
1995-04-01,340,212541,3204,1995,4,29211541,10906895,4198000,314952.5,117595.7765,275583.4375,102896.3045,10781.78313,0.042468874,14656500,64.9,"98,800",66.2,87.5,88.4,586.933,91.633,0.532445822,0.222634332,7.917,7.65,7.93,8.44,0.66,9.572,8.86,8.86,8482,24,1224,669,4445,639
1995-05-01,341,212626,3785,1995,5,29211541,10906895,4198000,314952.5,117595.7765,276213.3425,103131.496,10781.78313,0.042468874,14660600,64.8,"98,800",68,87.7,88.6,590.067,92.567,0.534068154,0.224390714,7.394,7.04,7.41,8.11,0.84,9.072,8.18,8.18,8482,24,1224,687,4525,609
1995-06-01,342,202297,4172,1995,6,29211541,10906895,4198000,314952.5,117595.7765,276213.3425,103131.496,10781.78313,0.042468874,14672900,64.8,"98,800",69.2,87.7,88.6,593.2,93.5,0.536903825,0.226652389,6.721,6.74,7.33,8.02,1.07,8.572,7.87,7.87,8482,24,1224,875,4690,709
1995-07-01,343,202686,3721,1995,7,29302311,10950119,4198000,315368.8,117851.6564,277209.1752,103591.606,10762.59139,0.132178662,14698900,64.8,"98,800",69.5,87.9,88.9,596.333,94.433,0.537800561,0.227897326,6.623,7.21,7.79,8.5,1.06,8.072,7.74,7.74,6974.333333,43,5595,391,4283,798
1995-08-01,344,198594,4179,1995,8,29302311,10950119,4198000,315368.8,117851.6564,276578.4376,103355.9027,10762.59139,0.132178662,14701600,64.8,"98,800",69.4,87.7,89.1,599.467,95.367,0.541859847,0.23067623,6.338,7.05,7.58,8.24,0.95,7.822,8.14,8.14,6974.333333,43,5595,544,3971,855
1995-09-01,345,195099,3841,1995,9,29302311,10950119,4198000,315368.8,117851.6564,276893.8064,103473.7544,10762.59139,0.132178662,14688100,64.6,"98,800",68.1,87.8,89.3,602.6,96.3,0.544071397,0.232667696,6.456,7.05,7.54,8.11,0.84,7.822,8.15,8.15,6974.333333,43,5595,621,3825,767
1995-10-01,346,201526,3344,1995,10,29396274,10993416,4198000,316641.5,118415.4064,277694.5955,103850.3114,10771.48417,0.403559261,14716600,64.7,"98,800",68,87.7,89.2,605.733,97.233,0.545323,0.234070073,5.929,6.98,7.54,8.11,0.88,7.822,7.95,7.95,6657,-775,-12243,601,3681,744
1995-11-01,347,197999,3295,1995,11,29396274,10993416,4198000,316641.5,118415.4064,278644.52,104205.5576,10771.48417,0.403559261,14672000,64.4,"98,800",67.2,88,89.5,608.867,98.167,0.546275771,0.23551287,5.816,6.07,6.74,7.44,1.12,7.572,7.86,7.86,6657,-775,-12243,590,3845,425
1995-12-01,348,197119,2268,1995,12,29396274,10993416,4198000,316641.5,118415.4064,278011.237,103968.7268,10771.48417,0.403559261,14736500,64.7,"98,800",66.8,87.8,89.2,612,99.1,0.550337467,0.238292809,5.541,5.89,6.64,7.43,1.22,7.322,7.66,7.66,6657,-775,-12243,624,3864,604
1996-01-01,349,195169,2222,1996,1,29446857,11009307,4274000,317101,118554.6647,279048.88,104328.105,10768.58559,0.145116796,14769600,64.7,"101,900",65.5,88,89.3,615.133,100.033,0.551097894,0.239707699,5.119,5.41,6.33,7.35,1.6,7.072,7.22,7.22,7938,19.33333333,-5981,522,3773,598
1996-02-01,350,192406,4207,1996,2,29446857,11009307,4274000,317101,118554.6647,279365.981,104446.6596,10768.58559,0.145116796,14810200,64.8,"101,900",65.8,88.1,89.5,618.267,100.967,0.553276922,0.241671204,5.18,5.8,6.87,7.84,1.73,6.822,6.99,6.99,7938,19.33333333,-5981,349,3615,505
1996-03-01,351,197523,5350,1996,3,29446857,11009307,4274000,317101,118554.6647,280634.385,104920.8783,10768.58559,0.145116796,14790300,64.7,"101,900",65.8,88.5,89.7,621.4,101.9,0.553567233,0.242802009,5.025,6.14,7.02,7.94,1.5,6.572,7.36,7.36,7938,19.33333333,-5981,535,3611,542
1996-04-01,352,198445,5070,1996,4,29514217,11037392,4274000,319358.5,119430.0683,283270.9895,105934.4706,10820.49712,0.711918285,14780800,64.6,"101,900",66.3,88.7,89.8,621.017,102.475,0.548076774,0.241835824,4.726,6.1,7.09,8.07,1.66,6.322,7.68,7.68,9015,-228,2913,713,3915,410
1996-05-01,353,201847,5514,1996,5,29514217,11037392,4274000,319358.5,119430.0683,284229.065,106292.7608,10820.49712,0.711918285,14793600,64.5,"101,900",67.9,89,90,620.633,103.05,0.545891568,0.242373044,4.645,6.06,7.01,7.92,1.66,6.322,7.67,7.67,9015,-228,2913,1031,4481,466
1996-06-01,354,204392,4979,1996,6,29514217,11037392,4274000,319358.5,119430.0683,284229.065,106292.7608,10820.49712,0.711918285,14866200,64.8,"101,900",68.9,89,89.8,620.25,103.625,0.545554692,0.243725441,4.695,6.29,7.05,7.98,1.48,6.322,7.68,7.68,9015,-228,2913,1125,5036,566
1996-07-01,355,199856,4539,1996,7,29610218,11082903,4274000,322040.8,120537.6789,286616.312,107278.5342,10876.00233,0.839902492,14891600,64.8,"101,900",69.5,89,90.2,619.867,104.2,0.540676659,0.242825838,4.425,6.01,6.96,7.86,1.61,6.072,7.68,7.68,8085.333333,-123.3333333,5871,1147,5505,678
1996-08-01,356,197622,4372,1996,8,29610218,11082903,4274000,322040.8,120537.6789,286616.312,107278.5342,10876.00233,0.839902492,14859500,64.6,"101,900",69.4,89,90.3,619.483,104.775,0.540341716,0.244165808,4.033,5.48,6.6,7.6,1.86,5.572,7.21,7.21,8085.333333,-123.3333333,5871,847,5557,795
1996-09-01,357,195486,4123,1996,9,29610218,11082903,4274000,322040.8,120537.6789,286938.3528,107399.0719,10876.00233,0.839902492,14889600,64.7,"101,900",67.8,89.1,90.4,619.1,105.35,0.539401577,0.245230238,3.962,4.95,6.28,7.48,2.21,5.572,7.14,7.14,8085.333333,-123.3333333,5871,1034,5322,1266
1996-10-01,358,199882,5398,1996,10,29708206,11130574,4274000,324592.3,121612.8168,289860.9239,108600.2454,10926.01485,0.792290915,14892200,64.6,"101,900",67.5,89.3,90.4,618.717,105.925,0.53363264,0.24384153,3.193,4.28,5.59,6.81,2.19,4.822,6.7,6.7,7197.666667,-236.6666667,-15036,1053,5429,946
1996-11-01,359,195801,5878,1996,11,29708206,11130574,4274000,324592.3,121612.8168,291159.2931,109086.6967,10926.01485,0.792290915,14912800,64.6,"101,900",67,89.7,90.8,618.333,106.5,0.530923291,0.244071924,2.69,3.68,5.1,6.42,2.37,4.572,6.21,6.21,7197.666667,-236.6666667,-15036,911,5384,956
1996-12-01,360,196016,4127,1996,12,29708206,11130574,4274000,324592.3,121612.8168,291159.2931,109086.6967,10926.01485,0.792290915,14918800,64.6,"101,900",66.8,89.7,90.8,617.95,107.075,0.530594433,0.245389684,2.799,4.03,5.44,6.77,2.34,4.572,6.14,6.14,7197.666667,-236.6666667,-15036,885,5458,811
1997-01-01,361,198798,4080,1997,1,29751536,11146270,4355000,328941.5,123236.3523,295718.4085,110789.4808,11056.2863,1.339896233,14951900,64.7,"99,400",65.6,89.9,90.8,617.567,107.65,0.522090426,0.242915661,2.841,4.44,5.67,7.07,2.21,4.572,6.34,6.34,7868,267.3333333,351,542,5072,927
1997-02-01,362,207221,5200,1997,2,29751536,11146270,4355000,328941.5,123236.3523,296376.2915,111035.9535,11056.2863,1.339896233,14961800,64.7,"99,400",65.8,90.1,90.9,617.183,108.225,0.520607601,0.243671074,2.858,4.29,5.44,6.78,2.09,4.572,6.32,6.32,7868,267.3333333,351,840,5156,756
1997-03-01,363,210207,5550,1997,3,29751536,11146270,4355000,328941.5,123236.3523,296705.233,111159.1898,11056.2863,1.339896233,14968100,64.6,"99,400",66.1,90.2,91.3,616.8,108.8,0.519707719,0.244694119,3.186,4.64,5.75,6.97,1.95,4.572,6.26,6.26,7868,267.3333333,351,787,5295,650
1997-04-01,364,213107,6423,1997,4,29818012,11179959,4355000,332643.3,124721.2073,300044.2566,112498.529,11155.78396,1.125367277,14986500,64.6,"99,400",66.4,90.2,91.4,615.35,109.125,0.51271603,0.242503171,3.138,4.8,5.92,6.97,1.88,4.572,6.76,6.76,8370,751.6666667,5658,1272,5682,884
1997-05-01,365,216904,5797,1997,5,29818012,11179959,4355000,332643.3,124721.2073,300376.8999,112623.2502,11155.78396,1.125367277,15045200,64.8,"99,400",68.2,90.3,91.4,613.9,109.45,0.510941421,0.24295605,3.005,4.66,5.86,6.95,1.99,4.572,6.66,6.66,8370,751.6666667,5658,1524,6437,770
1997-06-01,366,215638,5046,1997,6,29818012,11179959,4355000,332643.3,124721.2073,301042.1865,112872.6926,11155.78396,1.125367277,15066200,64.8,"99,400",69.6,90.5,91.7,612.45,109.775,0.508608118,0.243138968,2.861,4.27,5.32,6.49,1.87,4.572,6.42,6.42,8370,751.6666667,5658,1065,6668,829
1997-07-01,367,213634,5024,1997,7,29905948,11227651,4355000,336586.8,126365.4682,304611.054,114360.7487,11254.84469,1.185504112,15075900,64.8,"99,400",70,90.5,91.6,611,110.1,0.501459149,0.240685727,3.321,4.49,5.18,6.11,1.31,4.572,6.18,6.18,8340.333333,1278.666667,7776,1469,6908,1213
1997-08-01,368,211785,4317,1997,8,29905948,11227651,4355000,336586.8,126365.4682,304947.6408,114487.1142,11254.84469,1.185504112,15143700,65,"99,400",70.2,90.6,91.7,609.55,110.425,0.499716934,0.241129757,3.13,4.26,5.36,6.38,1.8,4.572,6.2,6.2,8340.333333,1278.666667,7776,1495,7101,1302
1997-09-01,369,213567,4298,1997,9,29905948,11227651,4355000,336586.8,126365.4682,304947.6408,114487.1142,11254.84469,1.185504112,15155200,65,"99,400",68.9,90.6,91.8,608.1,110.75,0.498528205,0.241839444,3.099,4.47,5.17,5.99,1.23,4.572,6.16,6.16,8340.333333,1278.666667,7776,1561,7278,1387
1997-10-01,370,211791,5077,1997,10,29994790,11278893,4355000,339839.5,127789.3047,307894.587,115777.11,11329.95097,0.966377766,15180500,65.1,"99,400",68.7,90.6,91.9,606.65,111.075,0.4925793,0.239846633,3.628,4.38,4.99,5.8,1.11,5.072,5.93,5.93,6435,-23.33333333,-15825,1465,7540,1202
1997-11-01,371,212127,4185,1997,11,29994790,11278893,4355000,339839.5,127789.3047,307554.7475,115649.3207,11329.95097,0.966377766,15205800,65.1,"99,400",68.3,90.5,91.7,605.2,111.4,0.491944934,0.240814212,3.574,4.63,5.17,5.78,0.93,5.322,5.89,5.89,6435,-23.33333333,-15825,1209,7505,1247
1997-12-01,372,205710,3017,1997,12,29994790,11278893,4355000,339839.5,127789.3047,307214.908,115521.5314,11329.95097,0.966377766,15158000,64.8,"99,400",68,90.4,91.5,603.75,111.725,0.491309165,0.241783931,4.46,5.04,5.34,5.8,0.57,5.822,6.1,6.1,6435,-23.33333333,-15825,974,7354,1125
1998-01-01,373,206209,3006,1998,1,30028506,11292059,4437000,344638,129599.2758,313275.942,117805.7417,11477.02786,1.411990072,15202800,65,"105,700",66.4,90.9,91.9,602.3,112.05,0.480646548,0.237785524,4.183,4.73,5.09,5.63,0.68,5.822,6.1,6.1,6404,743.3333333,176,889,7095,1151
1998-02-01,374,214577,4341,1998,2,30028506,11292059,4437000,344638,129599.2758,313620.58,117935.3409,11477.02786,1.411990072,15217100,65,"105,700",67,91,92.3,600.85,112.375,0.478962509,0.238213158,4.571,5.05,5.26,5.64,0.42,6.322,6.04,6.04,6404,743.3333333,176,817,6752,1162
1998-03-01,375,221564,5005,1998,3,30028506,11292059,4437000,344638,129599.2758,313965.218,118064.9402,11477.02786,1.411990072,15222900,64.9,"105,700",67.2,91.1,92.5,599.4,112.7,0.477282168,0.238639853,4.565,4.87,5.11,5.54,0.47,6.322,6.04,6.04,6404,743.3333333,176,626,6467,950
1998-04-01,376,222194,5825,1998,4,30080180,11322038,4437000,344820.5,129788.8112,313786.655,118107.8182,11463.37888,0.052954114,15238500,65,"105,700",67.7,91,92.5,597.667,112.867,0.476173055,0.238906708,4.825,5.12,5.32,5.64,0.37,6.322,5.99,5.99,6624,1078.333333,5278,1467,6729,1203
1998-05-01,377,222148,5912,1998,5,30080180,11322038,4437000,344820.5,129788.8112,314821.1165,118497.1847,11463.37888,0.052954114,15257600,65,"105,700",69.2,91.3,92.7,595.933,113.033,0.473231439,0.23847191,4.75,5.09,5.21,5.49,0.25,6.322,6.12,6.12,6624,1078.333333,5278,1316,7130,918
1998-06-01,378,225323,5410,1998,6,30080180,11322038,4437000,344820.5,129788.8112,315165.937,118626.9735,11463.37888,0.052954114,15284100,65,"105,700",70.4,91.4,92.6,594.2,113.2,0.471339008,0.238562944,4.882,5.2,5.28,5.45,0.15,6.322,6.1,6.1,6624,1078.333333,5278,987,7179,938
1998-07-01,379,210459,5026,1998,7,30155173,11365901,4437000,347962.5,131151.8699,318037.725,119872.8091,11539.06496,0.911198725,15333400,65.2,"105,700",70.9,91.4,92.8,592.467,113.367,0.465720694,0.23643185,4.926,5.24,5.42,5.56,0.23,6.322,6.1,6.1,5394.333333,1335.666667,8014,597,7056,718
1998-08-01,380,208617,4462,1998,8,30155173,11365901,4437000,347962.5,131151.8699,318037.725,119872.8091,11539.06496,0.911198725,15341400,65.2,"105,700",71,91.4,93,590.733,113.533,0.464357648,0.23677805,4.876,5.41,5.62,5.78,0.26,6.322,6.28,6.28,5394.333333,1335.666667,8014,1051,7255,852
1998-09-01,381,213917,4492,1998,9,30155173,11365901,4437000,347962.5,131151.8699,317341.8,119610.5054,11539.06496,0.911198725,15405400,65.4,"105,700",69.7,91.2,93,589,113.7,0.464010729,0.23764635,4.936,4.7,4.78,5.15,0.25,7.072,6.52,6.52,5394.333333,1335.666667,8014,1139,7514,880
1998-10-01,382,217908,4688,1998,10,30231639,11408804,4437000,352677.3,133093.2203,323052.4068,121913.3898,11665.83459,1.354973596,15392500,65.2,"105,700",69.6,91.6,93.2,587.267,113.867,0.454467284,0.233499782,4.744,4.51,4.69,5.27,0.49,6.822,5.93,5.93,5057.333333,664.6666667,-14754,1361,7876,996
1998-11-01,383,214465,3905,1998,11,30231639,11408804,4437000,352677.3,133093.2203,323052.4068,121913.3898,11665.83459,1.354973596,15439100,65.4,"105,700",69.3,91.6,93,585.533,114.033,0.453125397,0.233840188,4.815,4.94,5.03,5.35,0.24,6.572,6.14,6.14,5057.333333,664.6666667,-14754,1194,8032,1035
1998-12-01,384,215131,3272,1998,12,30231639,11408804,4437000,352677.3,133093.2203,321994.3749,121514.1102,11665.83459,1.354973596,15459000,65.4,"105,700",69,91.3,92.8,583.8,114.2,0.453268788,0.234952138,4.697,4.72,4.76,5.08,0.17,6.572,5.89,5.89,5057.333333,664.6666667,-14754,1252,8135,1149
1999-01-01,385,211723,2449,1999,1,30260117,11419589,4521000,359045,135496.7111,328526.175,123979.4907,11865.2879,1.805531572,15499400,65.5,"112,300",67.8,91.5,92.8,582.067,114.367,0.44293807,0.230616772,4.658,4.73,4.76,5.08,0.16,6.572,5.92,5.92,5965.333333,1449,3420,666,7864,935
1999-02-01,386,221354,4393,1999,2,30260117,11419589,4521000,359045,135496.7111,328885.22,124114.9874,11865.2879,1.805531572,15486600,65.4,"112,300",68,91.6,93.1,580.333,114.533,0.441136424,0.230699375,4.835,5.17,5.22,5.37,0.09,6.572,5.99,5.99,5965.333333,1449,3420,912,7398,1379
1999-03-01,387,227174,5795,1999,3,30260117,11419589,4521000,359045,135496.7111,330321.4,124656.9743,11865.2879,1.805531572,15497700,65.4,"112,300",68.2,92,93.5,578.6,114.7,0.437906839,0.230031253,4.749,4.82,4.95,5.23,0.23,6.572,6.23,6.23,5965.333333,1449,3420,874,6813,1446
1999-04-01,388,233053,6594,1999,4,30314696,11452857,4521000,362006.3,136765.5604,334855.8275,126508.1434,11941.61076,0.824771268,15592500,65.7,"112,300",68.7,92.5,93.8,577.533,116.342,0.431180341,0.229910101,4.601,4.78,4.98,5.34,0.36,6.322,5.91,5.91,7229,2119.333333,9709,1564,7131,1319
1999-05-01,389,231908,6296,1999,5,30314696,11452857,4521000,362006.3,136765.5604,335579.8401,126781.6745,11941.61076,0.824771268,15591500,65.7,"112,300",70.3,92.7,94,576.467,117.983,0.429455923,0.232649948,4.42,5.14,5.34,5.54,0.28,6.072,6.19,6.19,7229,2119.333333,9709,1566,7557,1123
1999-06-01,390,230692,6304,1999,6,30314696,11452857,4521000,362006.3,136765.5604,336303.8527,127055.2056,11941.61076,0.824771268,15553300,65.4,"112,300",71.5,92.9,94.1,575.4,119.625,0.427738186,0.235379966,4.622,5.1,5.35,5.63,0.36,6.072,6.55,6.55,7229,2119.333333,9709,1481,7789,1249
1999-07-01,391,222102,5472,1999,7,30401286,11504759,4521000,367680.5,139141.3357,342310.5455,129540.5836,12094.24167,1.567431285,15610200,65.6,"112,300",71.9,93.1,94.2,574.333,121.267,0.419453189,0.234032835,4.636,5.34,5.53,5.74,0.28,6.072,6.62,6.62,7346.333333,1837,12607,1514,8084,1218
1999-08-01,392,225976,4679,1999,8,30401286,11504759,4521000,367680.5,139141.3357,343045.9065,129818.8662,12094.24167,1.567431285,15610600,65.5,"112,300",71.7,93.3,94.4,573.267,122.908,0.417777176,0.236691329,4.834,5.37,5.51,5.69,0.18,6.072,7,7,7346.333333,1837,12607,1390,7742,1722
1999-09-01,393,228431,4818,1999,9,30401286,11504759,4521000,367680.5,139141.3357,344148.948,130236.2902,12094.24167,1.567431285,15645900,65.6,"112,300",70.6,93.6,94.8,572.2,124.55,0.415663046,0.239084666,4.687,5.43,5.67,5.92,0.34,6.072,6.87,6.87,7346.333333,1837,12607,1347,7920,1178
1999-10-01,394,230864,4767,1999,10,30492106,11559464,4521000,372831.5,141339.2798,349343.1155,132434.9052,12227.14823,1.40094457,15640300,65.5,"112,300",70.6,93.7,94.7,571.133,126.192,0.408719232,0.238215144,4.85,5.99,6.2,6.38,0.27,6.072,7.1,7.1,7277,736,-14844,1250,7901,1286
1999-11-01,395,236214,4119,1999,11,30492106,11559464,4521000,372831.5,141339.2798,348970.284,132293.5659,12227.14823,1.40094457,15633500,65.4,"112,300",70.3,93.6,94.5,570.067,127.833,0.408392223,0.241570705,4.815,5.76,5.98,6.12,0.26,6.322,7.33,7.33,7277,736,-14844,1450,7942,1407
1999-12-01,396,231992,3271,1999,12,30492106,11559464,4521000,372831.5,141339.2798,349343.1155,132434.9052,12227.14823,1.40094457,15671100,65.5,"112,300",70.2,93.7,94.4,569,129.475,0.407192796,0.244412528,4.93,5.85,6.11,6.25,0.33,6.322,7.33,7.33,7277,736,-14844,1521,8388,1076
2000-01-01,397,229758,2694,2000,1,30525872,11576994,4607000,378669,143610.9259,354055.515,134276.2157,12404.85448,1.565720708,15720800,65.7,"115,100",68.9,93.5,94.2,567.933,131.117,0.401019738,0.244118065,5.076,6.07,6.38,6.36,0.37,6.322,7.54,7.54,7332,2123.666667,7571,1058,8299,1148
2000-02-01,398,245134,4731,2000,2,30525872,11576994,4607000,378669,143610.9259,356327.529,135137.8812,12404.85448,1.565720708,15753300,65.7,"115,100",69.3,94.1,94.6,566.867,132.758,0.397714851,0.245597309,5.051,6.08,6.29,5.98,0.11,6.572,7.63,7.63,7332,2123.666667,7571,802,7886,1206
2000-03-01,399,245553,6133,2000,3,30525872,11576994,4607000,378669,143610.9259,358978.212,136143.1577,12404.85448,1.565720708,15779800,65.8,"115,100",69.5,94.8,95,565.8,134.4,0.394035056,0.246799035,5.277,6.01,6.13,5.96,0.02,6.822,7.44,7.44,7332,2123.666667,7571,1180,7698,1359
2000-04-01,400,247303,5996,2000,4,30594030,11621255,4607000,383125.8,145531.7465,362053.881,137527.5005,12522.89417,1.176964579,15787200,65.7,"115,100",69.8,94.5,95,564.475,134.242,0.389772786,0.244027557,5.449,6.03,6.17,6.03,0.07,6.822,7.43,7.43,9977,2759.666667,10470,1870,8549,1011
2000-05-01,401,247014,5892,2000,5,30594030,11621255,4607000,383125.8,145531.7465,363586.3842,138109.6274,12522.89417,1.176964579,15783800,65.6,"115,100",71.5,94.9,95.3,563.15,134.083,0.387218846,0.242711175,5.751,6.19,6.17,5.94,-0.19,7.322,7.7,7.7,9977,2759.666667,10470,1487,8922,1118
2000-06-01,402,247929,5754,2000,6,30594030,11621255,4607000,383125.8,145531.7465,365885.139,138982.8179,12522.89417,1.176964579,15807800,65.7,"115,100",72.3,95.5,95.5,561.825,133.925,0.383880718,0.240902081,5.551,6.01,6.04,5.9,-0.08,7.322,7.54,7.54,9977,2759.666667,10470,1531,9234,1221
2000-07-01,403,236526,4729,2000,7,30685730,11683290,4607000,387053,147366.6243,370796.774,141177.2261,12613.45257,1.025041905,15818500,65.6,"115,100",72.6,95.8,95.7,560.5,133.767,0.377902425,0.236877795,5.625,5.95,6,5.83,-0.09,7.322,7.38,7.38,10647.66667,2022,14622,1585,9334,1482
2000-08-01,404,230093,4961,2000,8,30685730,11683290,4607000,387053,147366.6243,370409.721,141029.8595,12613.45257,1.025041905,15883500,65.8,"115,100",72.5,95.7,95.8,559.175,133.608,0.377403027,0.236843461,5.622,5.88,5.92,5.79,-0.11,7.322,7.28,7.28,10647.66667,2022,14622,1490,9347,1477
2000-09-01,405,248604,4857,2000,9,30685730,11683290,4607000,387053,147366.6243,371957.933,141619.326,12613.45257,1.025041905,15916300,65.9,"115,100",71.3,96.1,96,557.85,133.45,0.374941593,0.235578723,5.564,5.69,5.76,5.83,0.06,7.322,7.28,7.28,10647.66667,2022,14622,1382,9046,1679
2000-10-01,406,245321,4696,2000,10,30783969,11748348,4607000,387818.5,148006.4737,373469.2155,142530.2342,12598.06687,0.197776532,15955700,66,"115,100",71.3,96.3,96.1,556.525,133.292,0.372537399,0.23379601,5.619,5.69,5.75,5.79,0.03,7.322,7.28,7.28,9702.333333,858.6666667,-14515,1421,9161,1312
2000-11-01,407,246154,4880,2000,11,30783969,11748348,4607000,387818.5,148006.4737,374632.671,142974.2536,12598.06687,0.197776532,15982100,66,"115,100",71,96.6,96.2,555.2,133.133,0.370496251,0.232791913,5.736,5.64,5.59,5.63,-0.1,7.322,7.24,7.24,9702.333333,858.6666667,-14515,1816,9508,1469
2000-12-01,408,238956,3026,2000,12,30783969,11748348,4607000,387818.5,148006.4737,375020.4895,143122.2601,12598.06687,0.197776532,16003200,66,"115,100",70.8,96.7,96.2,553.875,132.975,0.369229826,0.232275189,5.557,5.27,5.3,5.59,0.08,7.322,7.01,7.01,9702.333333,858.6666667,-14515,1497,9992,1008
2001-01-01,409,235535,3103,2001,1,30824441,11771945,4694000,390001.5,148942.724,375571.4445,143431.8432,12652.34623,0.562892178,15994500,65.9,"115,500",69.4,96.3,96,552.55,132.817,0.367806184,0.231498454,5.142,4.88,5.14,5.71,0.51,7.072,6.78,6.78,10552.33333,1349,10911,1134,9319,1808
2001-02-01,410,252072,4761,2001,2,30824441,11771945,4694000,390001.5,148942.724,377521.452,144176.5568,12652.34623,0.562892178,16004400,65.9,"115,500",69.5,96.8,96.5,551.225,132.658,0.365028926,0.230026994,4.804,4.81,5.09,5.63,0.55,7.072,6.72,6.72,10552.33333,1349,10911,876,8845,1354
2001-03-01,411,248601,6328,2001,3,30824441,11771945,4694000,390001.5,148942.724,378691.4565,144623.385,12652.34623,0.562892178,16033200,66,"115,500",69.7,97.1,96.6,549.9,132.5,0.36302641,0.22904318,4.604,4.69,5.03,5.74,0.72,6.572,6.39,6.39,10552.33333,1349,10911,1057,8721,1186
2001-04-01,412,249692,6163,2001,4,30910996,11827345,4694000,390953,149588.7098,382352.034,146297.7582,12647.69987,0.243973421,16066900,66,"115,500",70.1,97.8,97,548.792,132.517,0.35882639,0.226450838,4.41,4.76,5.23,5.94,0.9,6.322,6.42,6.42,12555,1978,13140,1506,8958,1258
2001-05-01,413,255460,7485,2001,5,30910996,11827345,4694000,390953,149588.7098,385479.658,147494.4678,12647.69987,0.243973421,16076900,66,"115,500",71.7,98.6,97.3,547.683,132.533,0.355195786,0.224640629,4.401,4.99,5.61,6.08,0.97,6.072,6.58,6.58,12555,1978,13140,1464,9160,1250
2001-06-01,414,258797,7176,2001,6,30910996,11827345,4694000,390953,149588.7098,385870.611,147644.0566,12647.69987,0.243973421,16085100,65.9,"115,500",72.3,98.7,97.4,546.575,132.55,0.354118054,0.224441815,4.242,4.87,5.39,5.97,0.86,6.072,6.67,6.67,12555,1978,13140,1535,9412,1279
2001-07-01,415,250095,5807,2001,7,31020855,11897473,4694000,391228,150048.2358,384968.352,147647.4641,12611.7736,0.070340936,16083900,65.8,"115,500",72.5,98.4,97.8,545.467,132.567,0.354228469,0.22446542,4.029,4.73,5.36,6.01,1.03,5.822,6.66,6.66,10840,548,16528,1112,9256,1267
2001-08-01,416,247472,5845,2001,8,31020855,11897473,4694000,391228,150048.2358,384968.352,147647.4641,12611.7736,0.070340936,16112400,65.8,"115,500",72.2,98.4,97.9,544.358,132.583,0.35350828,0.224492511,3.805,4.26,4.93,5.72,1.1,5.572,6.59,6.59,10840,548,16528,1671,8433,2499
2001-09-01,417,245530,5021,2001,9,31020855,11897473,4694000,391228,150048.2358,385750.808,147947.5605,12611.7736,0.070340936,16131500,65.8,"115,500",71,98.6,98.1,543.25,132.6,0.352073145,0.224065878,3.039,3.38,4.62,5.86,1.94,5.072,6.23,6.23,10840,548,16528,1316,7847,1901
2001-10-01,418,251479,5402,2001,10,31128873,11961546,4694000,393297.8,151128.1737,385825.1418,148256.7384,12634.50174,0.529052113,16159800,65.9,"115,500",70.8,98.1,98,542.142,132.617,0.351287372,0.223627272,2.54,2.92,4.08,5.32,1.94,4.322,5.94,5.94,8176,-41.66666667,-14608,2027,7417,2456
2001-11-01,419,257947,5759,2001,11,31128873,11961546,4694000,393297.8,151128.1737,382285.4616,146896.5849,12634.50174,0.529052113,16199700,66,"115,500",70.4,97.2,97.8,541.033,132.633,0.353814789,0.225725125,2.207,3.37,4.68,5.66,1.99,3.822,5.71,5.71,8176,-41.66666667,-14608,1823,7906,1334
2001-12-01,420,255584,4762,2001,12,31128873,11961546,4694000,393297.8,151128.1737,383072.0572,147198.8412,12634.50174,0.529052113,16276100,66.2,"115,500",69.9,97.4,97.7,539.925,132.65,0.352365169,0.225290496,1.996,3.21,4.69,5.75,2.23,3.822,5.84,5.84,8176,-41.66666667,-14608,1323,7888,1341
2002-01-01,421,262919,4869,2002,1,31168896,11979906,4777000,399048.5,153376.0939,389471.336,149695.0676,12802.77941,1.462174464,16327400,66.3,"113,500",68.9,97.6,97.6,538.817,132.667,0.345864349,0.221562076,1.966,3.25,4.71,5.72,2.17,3.572,5.82,5.82,11140.33333,1043.333333,5604,1120,7820,1185
2002-02-01,422,270883,6866,2002,2,31168896,11979906,4777000,399048.5,153376.0939,391865.627,150615.3242,12802.77941,1.462174464,16338500,66.3,"113,500",69.2,98.2,98.2,537.708,132.683,0.343043612,0.220234894,2.07,3.23,4.58,5.68,2.08,3.572,5.79,5.79,11140.33333,1043.333333,5604,1055,7537,1333
2002-03-01,423,274874,7602,2002,3,31168896,11979906,4777000,399048.5,153376.0939,394658.9665,151688.9569,12802.77941,1.462174464,16412200,66.5,"113,500",69.6,98.9,98.7,536.6,132.7,0.339913727,0.218704121,2.343,4.5,5.28,6,1.29,3.572,6,6,11140.33333,1043.333333,5604,1441,7527,1444
2002-04-01,424,277664,8181,2002,4,31252682,12029818,4777000,401406.3,154509.7708,399399.2685,153737.222,12843.89929,0.590855498,16432500,66.5,"113,500",70.1,99.5,99.2,535.3,132.7,0.335065711,0.215790292,2.41,4.21,5.05,5.89,1.43,3.822,6.2,6.2,13788,235,8886,1964,8279,1219
2002-05-01,425,278323,8042,2002,5,31252682,12029818,4777000,401406.3,154509.7708,400202.0811,154046.2415,12843.89929,0.590855498,16503600,66.7,"113,500",71.8,99.7,99.6,534,132.7,0.333581474,0.215357413,2.622,4.15,4.9,5.76,1.34,3.822,6.2,6.2,13788,235,8886,2254,8835,1690
2002-06-01,426,278698,6627,2002,6,31252682,12029818,4777000,401406.3,154509.7708,401004.8937,154355.261,12843.89929,0.590855498,16543300,66.8,"113,500",72.9,99.9,100,532.7,132.7,0.332103179,0.214926267,2.738,3.84,4.67,5.73,1.53,4.072,6.18,6.18,13788,235,8886,2256,9683,1394
2002-07-01,427,274348,5727,2002,7,31359199,12093412,4777000,404877.3,156137.5339,406901.6865,156918.2216,12910.95796,0.864709896,16592800,66.9,"113,500",73.3,100.5,100.6,531.4,132.7,0.326491643,0.211415855,2.849,3.32,4.3,5.7,1.91,4.322,6.1,6.1,7142.333333,412.3333333,15138,2150,10014,1817
2002-08-01,428,266154,5418,2002,8,31359199,12093412,4777000,404877.3,156137.5339,408521.1957,157542.7718,12910.95796,0.864709896,16641800,67.1,"113,500",73.4,100.9,100.9,530.1,132.7,0.324401773,0.210577735,2.996,3.53,4.49,5.55,1.61,4.322,5.81,5.81,7142.333333,412.3333333,15138,2135,9917,2232
2002-09-01,429,282765,5846,2002,9,31359199,12093412,4777000,404877.3,156137.5339,408521.1957,157542.7718,12910.95796,0.864709896,16665100,67.1,"113,500",72.2,100.9,101,528.8,132.7,0.32360622,0.210577735,2.826,3.48,4.2,5.38,1.44,4.322,5.69,5.69,7142.333333,412.3333333,15138,1811,9577,2149
2002-10-01,430,279771,6455,2002,10,31450677,12145100,4777000,407101,157207.5016,411986.212,159093.9916,12944.10928,0.549228124,16686500,67.1,"113,500",72.1,101.2,101.2,527.5,132.7,0.320095664,0.208524531,2.805,3.39,4.34,5.61,1.77,4.322,5.7,5.7,5738.666667,-344.6666667,-13301,2524,10083,2014
2002-11-01,431,285323,5537,2002,11,31450677,12145100,4777000,407101,157207.5016,413207.515,159565.6141,12944.10928,0.549228124,16723400,67.2,"113,500",71.8,101.5,101.4,526.2,132.7,0.318363038,0.207908202,2.734,3.47,4.39,5.55,1.71,4.322,5.67,5.67,5738.666667,-344.6666667,-13301,1677,9967,1799
2002-12-01,432,275002,3589,2002,12,31450677,12145100,4777000,407101,157207.5016,411579.111,158936.7841,12944.10928,0.549228124,16792700,67.4,"113,500",71.7,101.1,101.5,524.9,132.7,0.318832993,0.208730787,2.669,3.18,4.06,5.37,1.7,4.322,5.59,5.59,5738.666667,-344.6666667,-13301,1728,9764,1929
2003-01-01,433,281292,4403,2003,1,31479415,12155691,4861000,408772.3,157846.3186,416947.746,161003.2449,12985.38426,0.410536943,16797000,67.4,"109,000",70.4,102,101.5,523.6,132.7,0.313948214,0.206051748,2.813,3.51,4.27,5.45,1.51,4.322,5.46,5.46,6746,161.6666667,10450,926,9271,1414
2003-02-01,434,289954,5965,2003,2,31479415,12155691,4861000,408772.3,157846.3186,420217.9244,162266.0155,12985.38426,0.410536943,16859000,67.6,"109,000",70.8,102.8,102.1,522.3,132.7,0.310731629,0.204448232,2.861,3.45,4.18,5.39,1.48,4.322,5.49,5.49,6746,161.6666667,10450,1002,8916,1355
2003-03-01,435,290185,6986,2003,3,31479415,12155691,4861000,408772.3,157846.3186,421444.2413,162739.5544,12985.38426,0.410536943,16852400,67.5,"109,000",70.9,103.1,102.3,521,132.7,0.309056305,0.203853329,3.142,3.84,4.47,5.52,1.29,4.572,5.53,5.53,6746,161.6666667,10450,1031,8738,1200
2003-04-01,436,292783,7307,2003,4,31549344,12194269,4861000,409366,158225.7661,419190.784,162023.1845,12975.42034,0.145239783,16876800,67.5,"109,000",71.1,102.4,102.3,520.108,133.342,0.310185732,0.205745246,3.241,3.65,4.18,5.34,1.25,4.822,5.64,5.64,9011,-17,9708,1828,9081,1483
2003-05-01,437,298451,8025,2003,5,31549344,12194269,4861000,409366,158225.7661,419600.15,162181.4102,12975.42034,0.145239783,16899500,67.5,"109,000",72.5,102.5,102.5,519.217,133.983,0.309352249,0.20653261,3.197,3.17,3.72,5.01,1.33,4.822,5.3,5.3,9011,-17,9708,2004,9836,1248
2003-06-01,438,295053,8033,2003,6,31549344,12194269,4861000,409366,158225.7661,419600.15,162181.4102,12975.42034,0.145239783,16912600,67.5,"109,000",73.7,102.5,102.3,518.325,134.625,0.30882079,0.207522243,3.127,3.05,3.55,4.98,1.32,4.822,4.82,4.82,9011,-17,9708,2160,10486,1509
2003-07-01,439,289880,8084,2003,7,31642461,12243641,4861000,410300.5,158760.4714,420968.313,162888.2436,12966.76956,0.228279828,16954400,67.6,"109,000",73.8,102.6,102.4,517.433,135.267,0.30728738,0.207607064,2.808,2.85,3.76,5.35,1.93,4.572,4.91,4.91,8575.666667,-1108,8479,1988,10985,1488
2003-08-01,440,285366,6549,2003,8,31642461,12243641,4861000,410300.5,158760.4714,422199.2145,163364.5251,12966.76956,0.228279828,16967300,67.5,"109,000",73.6,102.9,102.6,516.542,135.908,0.305863904,0.207982731,2.7,3.18,3.97,5.4,1.78,4.572,5.07,5.07,8575.666667,-1108,8479,1757,11094,1635
2003-09-01,441,297398,6751,2003,9,31642461,12243641,4861000,410300.5,158760.4714,423019.8155,163682.046,12966.76956,0.228279828,17010100,67.6,"109,000",72.4,103.1,102.9,515.65,136.55,0.304743407,0.208559832,2.597,3.02,3.86,5.19,1.62,4.322,5.17,5.17,8575.666667,-1108,8479,1701,11334,1460
2003-10-01,442,304844,7227,2003,10,31736141,12290116,4861000,413121,159984.9526,424688.388,164464.5312,13017.36717,0.687422999,17019100,67.6,"109,000",72.5,102.8,103,514.758,137.192,0.303021,0.208543445,2.651,3.14,4.07,5.33,1.71,4.322,5.03,5.03,7676.333333,-670.6666667,-15529,1993,11488,1837
2003-11-01,443,301612,5847,2003,11,31736141,12290116,4861000,413121,159984.9526,425927.751,164944.4861,13017.36717,0.687422999,17045500,67.6,"109,000",72.3,103.1,103.3,513.867,137.833,0.301616295,0.208908166,2.714,3.18,4.07,5.24,1.61,4.322,5.22,5.22,7676.333333,-670.6666667,-15529,1758,11516,1730
2003-12-01,444,284955,4194,2003,12,31736141,12290116,4861000,413121,159984.9526,426340.872,165104.471,13017.36717,0.687422999,17074400,67.7,"109,000",72.2,103.2,103.2,512.975,138.475,0.300800975,0.209677847,2.59,2.96,3.91,5.14,1.7,4.322,5.2,5.2,7676.333333,-670.6666667,-15529,1478,11195,1797
2004-01-01,445,295989,4256,2004,1,31775723,12303516,4948000,416125,161123.0245,429857.125,166440.0843,13095.68944,0.727147736,17069900,67.6,"109,000",70.8,103.3,103.1,512.083,139.117,0.297821631,0.208959579,2.26,2.64,3.71,5.15,1.97,4.072,4.98,4.98,7774.333333,-301.6666667,5620,824,10236,1805
2004-02-01,446,310196,6060,2004,2,31775723,12303516,4948000,416125,161123.0245,430689.375,166762.3304,13095.68944,0.727147736,17075400,67.6,"109,000",70.9,103.5,103.2,511.192,139.758,0.296728936,0.209516741,2.133,2.39,3.47,4.98,2.02,4.072,4.71,4.71,7774.333333,-301.6666667,5620,1129,9996,1363
2004-03-01,447,307155,9076,2004,3,31775723,12303516,4948000,416125,161123.0245,432353.875,167406.8225,13095.68944,0.727147736,17087200,67.5,"109,000",71,103.9,103.5,510.3,140.4,0.295070791,0.209668874,1.99,2.43,3.35,4.94,1.9,3.822,4.51,4.51,7774.333333,-301.6666667,5620,1458,10098,1355
2004-04-01,448,321131,9168,2004,4,31844704,12339813,4948000,421055.5,163158.8767,438318.7755,169848.3906,13222.15148,1.184860318,17113600,67.6,"109,000",71.5,104.1,103.6,509,140.608,0.290313824,0.206961043,1.944,2.84,3.81,5.23,1.87,3.572,4.76,4.76,10060,-231.3333333,6397,1620,10310,1406
2004-05-01,449,325501,9193,2004,5,31844704,12339813,4948000,421055.5,163158.8767,442108.275,171316.8205,13222.15148,1.184860318,17108600,67.5,"109,000",73.1,105,103.9,507.7,140.817,0.287090306,0.205492081,2.018,3.08,3.96,5.23,1.69,3.572,5.02,5.02,10060,-231.3333333,6397,2268,11274,1301
2004-06-01,450,316510,9275,2004,6,31844704,12339813,4948000,421055.5,163158.8767,442529.3305,171479.9794,13222.15148,1.184860318,17164000,67.6,"109,000",74.2,105.1,103.8,506.4,141.025,0.286082732,0.205599803,2.042,3.22,4.07,5.3,1.61,3.572,5.26,5.26,10060,-231.3333333,6397,1835,11749,1355
2004-07-01,451,312418,7329,2004,7,31938807,12389641,4948000,426033.8,165266.2179,447335.49,173529.5288,13339.06429,1.182338195,17148300,67.4,"109,000",74.1,105,104,505.1,141.233,0.282282544,0.203471134,2.084,3.25,4.07,5.29,1.57,3.572,5.3,5.3,8560,-1334,9195,2050,11818,1971
2004-08-01,452,304509,6743,2004,8,31938807,12389641,4948000,426033.8,165266.2179,446483.4224,173198.9963,13339.06429,1.182338195,17146800,67.3,"109,000",73.8,104.8,103.8,503.8,141.442,0.28209334,0.204161114,2.14,3.03,3.83,5.14,1.65,3.572,5.17,5.17,8560,-1334,9195,1945,12002,1760
2004-09-01,453,320911,6588,2004,9,31938807,12389641,4948000,426033.8,165266.2179,447335.49,173529.5288,13339.06429,1.182338195,17170700,67.4,"109,000",72.7,105,104.1,502.5,141.65,0.280829496,0.204071896,2.412,3.28,4,5.02,1.3,3.822,5.14,5.14,8560,-1334,9195,1611,11944,1626
2004-10-01,454,324215,6666,2004,10,32038207,12435931,4948000,429108.5,166562.4951,451422.142,175223.7449,13393.64903,0.721703301,17203400,67.4,"109,000",72.8,105.2,104.1,501.2,141.858,0.277567244,0.202395515,2.583,3.23,3.94,4.96,1.29,4.072,5.15,5.15,6392.666667,-1209.333333,-15908,1825,12081,1682
2004-11-01,455,318837,6301,2004,11,32038207,12435931,4948000,429108.5,166562.4951,453138.576,175889.9949,13393.64903,0.721703301,17249100,67.5,"109,000",72.4,105.6,104.6,499.9,142.067,0.275798633,0.201925926,2.556,3.17,3.85,4.87,1.27,4.072,5.07,5.07,6392.666667,-1209.333333,-15908,1385,11624,1843
2004-12-01,456,315761,4232,2004,12,32038207,12435931,4948000,429108.5,166562.4951,452280.359,175556.8699,13393.64903,0.721703301,17252000,67.5,"109,000",72.1,105.4,104.6,498.6,142.275,0.27560339,0.202605287,2.477,3.05,3.74,4.86,1.34,4.072,4.89,4.89,6392.666667,-1209.333333,-15908,1126,11038,1712
2005-01-01,457,323141,4153,2005,1,32075011,12444755,5035000,430611.3,167072.4954,453433.6989,175927.3377,13425.13335,0.350214456,17226100,67.3,"108,000",70.9,105.3,104.3,497.3,142.483,0.27418562,0.202474217,2.437,2.81,3.52,4.69,1.4,4.072,4.8,4.8,7862,-582.6666667,2540,886,10333,1588
2005-02-01,458,334272,6171,2005,2,32075011,12444755,5035000,430611.3,167072.4954,455156.1441,176595.6277,13425.13335,0.350214456,17254400,67.4,"108,000",71.1,105.7,104.7,496,142.692,0.27243398,0.202003869,2.464,2.94,3.63,4.71,1.34,4.072,4.79,4.79,7862,-582.6666667,2540,767,9608,1489
2005-03-01,459,330545,7904,2005,3,32075011,12444755,5035000,430611.3,167072.4954,457739.8119,177598.0626,13425.13335,0.350214456,17230800,67.2,"108,000",71.1,106.3,105.1,494.7,142.9,0.270186243,0.201156474,2.546,3.36,3.83,4.75,1.03,4.072,4.8,4.8,7862,-582.6666667,2540,900,8986,1518
2005-04-01,460,342032,8834,2005,4,32140569,12476560,5035000,433723.5,168365.945,462349.251,179478.0973,13494.58063,0.722739975,17233300,67.1,"108,000",71.4,106.6,104.8,493.575,143.917,0.266884287,0.200465965,2.461,3.07,3.54,4.55,1.07,4.072,4.87,4.87,11520,-598,4652,1855,9491,1347
2005-05-01,461,346474,9209,2005,5,32140569,12476560,5035000,433723.5,168365.945,462782.9745,179646.4633,13494.58063,0.722739975,17285100,67.2,"108,000",73.1,106.7,105.1,492.45,144.933,0.266026424,0.201691975,2.451,3,3.44,4.41,1.02,4.072,4.75,4.75,11520,-598,4652,1748,9912,1324
2005-06-01,462,345065,9153,2005,6,32140569,12476560,5035000,433723.5,168365.945,463650.4215,179983.1952,13494.58063,0.722739975,17277700,67.1,"108,000",73.9,106.9,105.2,491.325,145.95,0.264922114,0.20272726,2.473,2.86,3.2,4.27,0.95,4.072,4.51,4.51,11520,-598,4652,1698,10434,1171
2005-07-01,463,326034,7387,2005,7,32242732,12527581,5035000,438979.8,170561.0741,470147.3658,182670.9104,13614.84504,1.211901131,17300700,67.1,"108,000",73.9,107.1,105.1,490.2,146.967,0.260662951,0.201136294,2.581,3.04,3.37,4.31,0.87,4.072,4.46,4.46,10244,-1574.333333,7076,1408,10484,1356
2005-08-01,464,323255,7498,2005,8,32242732,12527581,5035000,438979.8,170561.0741,471903.285,183353.1547,13614.84504,1.211901131,17349000,67.2,"108,000",73.8,107.5,105.3,489.075,147.983,0.259097052,0.201773185,2.758,2.97,3.35,4.11,0.81,4.072,4.52,4.52,10244,-1574.333333,7076,1270,10314,1436
2005-09-01,465,338267,7326,2005,9,32242732,12527581,5035000,438979.8,170561.0741,475854.1032,184888.2043,13614.84504,1.211901131,17331900,67.1,"108,000",72.6,108.4,105.7,487.95,149,0.256354835,0.201473102,2.813,3.3,3.58,4.21,0.64,4.322,4.5,4.5,10244,-1574.333333,7076,1393,10006,1701
2005-10-01,466,342450,7174,2005,10,32353311,12578240,5035000,443339.5,172360.4311,478363.3205,185976.9052,13703.06427,0.993143648,17372500,67.2,"108,000",72.8,107.9,105.6,486.825,150.017,0.254422203,0.201660792,3.025,3.6,3.86,4.38,0.56,4.572,4.59,4.59,7973,-1749.333333,-19403,1357,10078,1285
2005-11-01,467,341177,6646,2005,11,32353311,12578240,5035000,443339.5,172360.4311,477476.6415,185632.1843,13703.06427,0.993143648,17338100,67,"108,000",72.5,107.7,106.1,485.7,151.033,0.254305634,0.203403575,3.304,3.77,3.89,4.2,0.29,4.572,4.76,4.76,7973,-1749.333333,-19403,1152,9798,1429
2005-12-01,468,327216,4255,2005,12,32353311,12578240,5035000,443339.5,172360.4311,477033.302,185459.8239,13703.06427,0.993143648,17373600,67,"108,000",72.2,107.6,106,484.575,152.05,0.253952396,0.204963529,3.395,3.8,3.87,4.04,0.13,4.822,4.8,4.8,7973,-1749.333333,-19403,1363,9886,1273
2006-01-01,469,332687,4587,2006,1,32394909,12587149,5126000,444950.8,172887.1045,481436.7656,187063.8471,13735.20759,0.363446072,17436600,67.2,"106,100",71,108.2,105.8,483.45,153.067,0.25104543,0.204565182,3.49,3.83,3.98,4.22,0.28,5.072,4.85,4.85,6919.666667,-1352,5229,956,9693,1149
2006-02-01,470,353928,6756,2006,2,32394909,12587149,5126000,444950.8,172887.1045,480546.864,186718.0729,13735.20759,0.363446072,17439100,67.1,"106,100",71.2,108,106.1,482.325,154.083,0.250925059,0.206304347,3.712,3.91,4.02,4.17,0.19,5.072,4.95,4.95,6919.666667,-1352,5229,841,9404,1130
2006-03-01,471,353134,8707,2006,3,32394909,12587149,5126000,444950.8,172887.1045,483216.5688,187755.3955,13735.20759,0.363446072,17479800,67.2,"106,100",71.5,108.6,106.6,481.2,155.1,0.248956695,0.206518699,3.788,3.98,4.13,4.26,0.25,5.322,4.98,4.98,6919.666667,-1352,5229,828,9076,1154
2006-04-01,472,366683,8361,2006,4,32470171,12618321,5126000,446939,173686.174,488057.388,189665.302,13764.60259,0.44683592,17516900,67.3,"106,100",71.9,109.2,106.6,480.042,155.225,0.245894239,0.204603845,3.974,4.19,4.38,4.59,0.33,5.572,5.08,5.08,9273.333333,-1158,7324,1061,8935,1202
2006-05-01,473,365537,9434,2006,5,32470171,12618321,5126000,446939,173686.174,490292.083,190533.7329,13764.60259,0.44683592,17544900,67.3,"106,100",73.9,109.7,107,478.883,155.35,0.244182507,0.203835297,4.175,4.18,4.31,4.51,0.27,5.822,5.25,5.25,9273.333333,-1158,7324,1320,9027,1224
2006-06-01,474,358035,8730,2006,6,32470171,12618321,5126000,446939,173686.174,489398.205,190186.3605,13764.60259,0.44683592,17538700,67.2,"106,100",74.5,109.5,106.7,477.725,155.475,0.24403696,0.204371911,4.3,4.45,4.53,4.69,0.18,5.822,5.32,5.32,9273.333333,-1158,7324,1487,9085,1429
2006-07-01,475,342034,7082,2006,7,32571193,12661953,5126000,446940.8,173746.8874,489847.1168,190426.5886,13721.96591,0.00040274,17587900,67.3,"106,100",74.5,109.6,106.5,476.567,155.6,0.243222316,0.204278196,4.157,4.15,4.25,4.46,0.23,5.822,5.46,5.46,7834,-2818,7613,1386,9068,1400
2006-08-01,476,338192,6976,2006,8,32571193,12661953,5126000,446940.8,173746.8874,490740.9984,190774.0824,13721.96591,0.00040274,17584700,67.2,"106,100",74.1,109.8,106.8,475.408,155.725,0.242188854,0.204069911,4.129,4.02,4.03,4.22,0.1,5.822,5.44,5.44,7834,-2818,7613,1231,8713,1584
2006-09-01,477,349142,6622,2006,9,32571193,12661953,5126000,446940.8,173746.8874,488059.3536,189731.6011,13721.96591,0.00040274,17613000,67.2,"106,100",73,109.2,107.4,474.25,155.85,0.242926396,0.205355881,4.165,3.89,3.88,4.08,0.09,5.822,5.33,5.33,7834,-2818,7613,1296,8864,1144
2006-10-01,478,356423,6876,2006,10,32680839,12701324,5126000,447162.5,173788.5552,487407.125,189429.5252,13682.71176,0.049603885,17605400,67.1,"106,100",73.1,109,107.5,473.092,155.975,0.242657511,0.205848323,4.169,4.08,4.08,4.25,0.09,5.822,5.21,5.21,7410,-1985.666667,-20703,1387,9375,875
2006-11-01,479,355727,6281,2006,11,32680839,12701324,5126000,447162.5,173788.5552,488301.45,189777.1023,13682.71176,0.049603885,17641300,67.2,"106,100",72.7,109.2,107.7,471.933,156.1,0.2416197,0.205635978,4.177,3.9,3.85,4.03,0.04,5.822,5.19,5.19,7410,-1985.666667,-20703,1252,9168,1458
2006-12-01,480,336217,4447,2006,12,32680839,12701324,5126000,447162.5,173788.5552,489195.775,190124.6794,13682.71176,0.049603885,17671400,67.2,"106,100",72.7,109.4,107.6,470.775,156.225,0.240586195,0.20542441,4.161,3.98,3.95,4.11,0.07,5.822,5.09,5.09,7410,-1985.666667,-20703,1075,9213,1030
2007-01-01,481,353724,5173,2007,1,32717848,12703327,5217000,448421.3,174108.1017,490572.9022,190474.2633,13705.70888,0.2815084,17743500,67.4,"107,900",71.7,109.4,107.6,469.617,156.35,0.239320699,0.205211451,4.156,4.1,4.08,4.23,0.07,5.822,5.11,5.11,5183,-728.3333333,6181,1169,8851,1532
2007-02-01,482,368687,6772,2007,2,32717848,12703327,5217000,448421.3,174108.1017,494160.2726,191867.1281,13705.70888,0.2815084,17748800,67.4,"107,900",71.9,110.2,108,468.458,156.475,0.236996996,0.203884586,4.184,3.97,3.95,4.1,0.06,5.822,5.2,5.2,5183,-728.3333333,6181,599,8534,914
2007-03-01,483,365285,8518,2007,3,32717848,12703327,5217000,448421.3,174108.1017,498196.0643,193434.101,13705.70888,0.2815084,17783700,67.5,"107,900",72.1,111.1,108.5,467.3,156.6,0.234496032,0.20239451,4.173,3.96,3.99,4.21,0.14,5.822,5.11,5.11,5183,-728.3333333,6181,715,8256,991
2007-04-01,484,379025,9452,2007,4,32785964,12727090,5217000,449802.8,174607.668,501979.9248,194862.1575,13719.37089,0.308080816,17775400,67.4,"107,900",72.4,111.6,108.7,466.492,156.883,0.232326024,0.201274329,4.168,4.13,4.11,4.21,0.02,5.822,5.12,5.12,7270,-1150.333333,8980,1113,8259,1110
2007-05-01,485,382787,11146,2007,5,32785964,12727090,5217000,449802.8,174607.668,504228.9388,195735.1959,13719.37089,0.308080816,17775600,67.3,"107,900",74.1,112.1,109,465.683,157.167,0.230888672,0.200739319,4.286,4.56,4.53,4.43,-0.08,5.822,5.21,5.21,7270,-1150.333333,8980,1350,8582,1092
2007-06-01,486,381963,10451,2007,6,32785964,12727090,5217000,449802.8,174607.668,503329.3332,195385.9805,13719.37089,0.308080816,17822300,67.4,"107,900",74.9,111.9,109,464.875,157.45,0.230900014,0.201460207,4.418,4.64,4.62,4.59,-0.02,5.822,5.71,5.71,7270,-1150.333333,8980,1546,9053,1073
2007-07-01,487,366012,8912,2007,7,32888886,12765133,5217000,450207,174738.4278,504231.84,195707.0392,13688.72755,0.089861602,17872300,67.5,"107,900",75.2,112,109.1,464.067,157.733,0.230086125,0.20149122,4.562,4.69,4.63,4.52,-0.11,6.072,5.8,5.8,7458.333333,-1400.666667,9221,1655,9493,1215
2007-08-01,488,361890,8059,2007,8,32888886,12765133,5217000,450207,174738.4278,502881.219,195182.8239,13688.72755,0.089861602,17886200,67.5,"107,900",74.9,111.7,109.2,463.258,158.017,0.2303019,0.202396139,4.009,4.23,4.3,4.44,0.15,6.072,5.82,5.82,7458.333333,-1400.666667,9221,1319,9724,1083
2007-09-01,489,380132,6866,2007,9,32888886,12765133,5217000,450207,174738.4278,503781.633,195532.3007,13688.72755,0.089861602,17915200,67.5,"107,900",73.6,111.9,109.7,462.45,158.3,0.229489311,0.202396227,4.105,4.16,4.29,4.5,0.25,6.072,5.81,5.81,7458.333333,-1400.666667,9221,1245,9723,1244
2007-10-01,490,394646,7915,2007,10,33001918,12807497,5217000,452133.8,175465.6286,504581.3208,195819.6415,13700.22797,0.427980907,17967300,67.6,"107,900",73.9,111.6,109.6,461.642,158.583,0.228725272,0.202460538,3.968,4.17,4.23,4.39,0.14,6.072,5.89,5.89,6399.333333,-1196,-15710,1331,9812,1242
2007-11-01,491,393747,7313,2007,11,33001918,12807497,5217000,452133.8,175465.6286,505937.7222,196346.0384,13700.22797,0.427980907,18009200,67.7,"107,900",73.6,111.9,109.6,460.833,158.867,0.227712315,0.202279355,3.92,3.76,3.91,4.22,0.31,6.072,5.93,5.93,6399.333333,-1196,-15710,1801,10244,1367
2007-12-01,492,394931,4646,2007,12,33001918,12807497,5217000,452133.8,175465.6286,506389.856,196521.504,13700.22797,0.427980907,18017000,67.7,"107,900",73.3,112,109.4,460.025,159.15,0.227110098,0.20245876,3.862,3.87,3.98,4.18,0.22,5.822,5.95,5.95,6399.333333,-1196,-15710,926,9951,1219
2008-01-01,493,374449,5075,2008,1,33050262,12814686,5309000,453080.3,175674.3041,506543.7754,196403.872,13708.82627,0.209340686,18039400,67.7,"112,600",72.1,111.8,109,459.217,159.433,0.226642307,0.202940246,3.455,3.17,3.5,4.17,0.71,5.572,6.01,6.01,5497.333333,-1152.666667,6397,922,9926,946
2008-02-01,494,382048,6015,2008,2,33050262,12814686,5309000,453080.3,175674.3041,508356.0966,197106.5692,13708.82627,0.209340686,18073500,67.7,"112,600",72.4,112.2,109.4,458.408,159.717,0.225436462,0.202576962,3.239,3.05,3.4,4.14,0.76,5.572,5.92,5.92,5497.333333,-1152.666667,6397,784,9683,1027
2008-03-01,495,380338,6631,2008,3,33050262,12814686,5309000,453080.3,175674.3041,510168.4178,197809.2664,13708.82627,0.209340686,18085700,67.7,"112,600",72.4,112.6,109.6,457.6,160,0.224239675,0.202214996,2.025,2.6,2.93,3.91,0.86,5.072,5.8,5.8,5497.333333,-1152.666667,6397,801,9601,880
2008-04-01,496,398687,8762,2008,4,33127394,12840482,5309000,457455.8,177314.0672,519212.333,201251.4663,13808.98842,0.965722853,18089500,67.6,"112,600",72.7,113.5,109.9,458.125,160.8,0.220586536,0.199750097,2.702,2.73,3.04,4.02,0.85,4.572,5.6,5.6,8140.333333,-1167.333333,10862,1102,9700,1004
2008-05-01,497,398148,9411,2008,5,33127394,12840482,5309000,457455.8,177314.0672,524244.3468,203201.921,13808.98842,0.965722853,18103000,67.6,"112,600",74.2,114.6,110.3,458.65,161.6,0.218719574,0.198817018,2.727,3.09,3.34,4.07,0.59,4.572,5.41,5.41,8140.333333,-1167.333333,10862,1313,9837,1170
2008-06-01,498,395866,8600,2008,6,33127394,12840482,5309000,457455.8,177314.0672,527903.9932,204620.4335,13808.98842,0.965722853,18109600,67.5,"112,600",75.1,115.4,110.3,459.175,162.4,0.217451945,0.198416157,2.691,3.23,3.42,4.07,0.48,4.572,5.4,5.4,8140.333333,-1167.333333,10862,1070,9655,1251
2008-07-01,499,371427,7806,2008,7,33247298,12883824,5309000,457611.5,177331.2835,529914.117,205349.6263,13763.87038,0.034036075,18094600,67.4,"112,600",74.8,115.8,110.4,459.7,163.2,0.216874766,0.198685533,2.417,3.05,3.37,4.18,0.76,4.572,5.57,5.57,6948,-976,11246,968,9497,1124
2008-08-01,500,364886,6318,2008,8,33247298,12883824,5309000,457611.5,177331.2835,528998.894,204994.9637,13763.87038,0.034036075,18119700,67.4,"112,600",74.7,115.6,110.5,460.225,164,0.217498092,0.200004914,2.518,2.75,3.03,4.02,0.77,4.572,5.45,5.45,6948,-976,11246,1092,9190,1399
2008-09-01,501,368549,6424,2008,9,33247298,12883824,5309000,457611.5,177331.2835,529456.5055,205172.295,13763.87038,0.034036075,18176300,67.5,"112,600",73.6,115.7,110.8,460.75,164.8,0.217558003,0.200806839,1.877,2.85,3.13,4.14,0.81,4.572,5.36,5.36,6948,-976,11246,816,8626,1380
2008-10-01,502,352974,5155,2008,10,33372978,12927520,5309000,459169.8,177866.2597,525749.421,203656.8674,13758.73019,0.34052903,18241600,67.7,"112,600",73.8,114.5,110.6,461.275,165.6,0.219341659,0.203283103,2.215,2.07,2.8,4.31,1.67,3.822,5.66,5.66,5562.333333,-1751,-12856,978,8198,1404
2008-11-01,503,368582,3640,2008,11,33372978,12927520,5309000,459169.8,177866.2597,523912.7418,202945.4024,13758.73019,0.34052903,18201900,67.5,"112,600",73.1,114.1,111.3,461.8,166.4,0.220361123,0.204981239,1.835,1.73,2.48,4,1.63,3.822,5.71,5.71,5562.333333,-1751,-12856,725,7796,1128
2008-12-01,504,361415,2577,2008,12,33372978,12927520,5309000,459169.8,177866.2597,520239.3834,201522.4723,13758.73019,0.34052903,18250700,67.6,"112,600",72.6,113.3,111,462.325,167.2,0.222169358,0.207421036,0.945,1.09,1.69,3.45,1.6,3.322,5.37,5.37,5562.333333,-1751,-12856,737,7364,1169
2009-01-01,505,343632,2670,2009,1,33427754,12932742,5403000,459773.3,177880.0175,519543.829,201004.4198,13754.23847,0.13143286,18196400,67.3,"106,800",70.8,113,110.3,462.85,168,0.22271942,0.208950629,0.927,1.37,2.03,3.74,1.6,2.822,4.98,4.98,5021.666667,-1385.666667,7738,451,6876,912
2009-02-01,506,362112,4120,2009,2,33427754,12932742,5403000,459773.3,177880.0175,523222.0154,202427.4599,13754.23847,0.13143286,18261400,67.5,"106,800",70.7,113.8,110.8,463.375,168.8,0.221404579,0.20846974,0.801,1.25,2.11,3.7,1.7,2.822,4.48,4.48,5021.666667,-1385.666667,7738,364,6514,726
2009-03-01,507,362050,6171,2009,3,33427754,12932742,5403000,459773.3,177880.0175,524141.562,202783.22,13754.23847,0.13143286,18284400,67.5,"106,800",70.5,114,111.1,463.9,169.6,0.221266559,0.209090279,0.416,1.12,1.95,3.63,1.84,2.322,4.34,4.34,5021.666667,-1385.666667,7738,303,6056,761
2009-04-01,508,385641,8107,2009,4,33512305,12956924,5403000,460007.8,177853.6601,523948.8842,202575.3189,13726.53418,0.051003397,18269000,67.4,"106,800",70.8,113.9,111.2,468.433,171.6,0.22351083,0.211773084,0.247,0.98,2.01,3.72,2.1,2.072,3.99,3.99,7849.333333,-1087.666667,10405,440,5707,789
2009-05-01,509,395609,9589,2009,5,33512305,12956924,5403000,460007.8,177853.6601,527628.9466,203998.1482,13726.53418,0.051003397,18327200,67.5,"106,800",72.2,114.7,111.7,472.967,173.6,0.224100195,0.212747029,0.197,1.27,2.57,4.11,2.3,2.072,3.82,3.82,7849.333333,-1087.666667,10405,682,5610,779
2009-06-01,510,403972,10955,2009,6,33512305,12956924,5403000,460007.8,177853.6601,529468.9778,204709.5628,13726.53418,0.051003397,18325400,67.4,"106,800",72.9,115.1,111.7,477.5,175.6,0.225461746,0.214450167,0.243,1.27,2.57,3.96,2.18,2.072,4.1,4.1,7849.333333,-1087.666667,10405,633,5403,840
2009-07-01,511,395414,9967,2009,7,33630069,12998941,5403000,460118.3,177848.301,527755.6901,203992.0013,13681.75308,0.024021332,18309000,67.2,"106,800",72.5,114.7,111.5,482.033,177.6,0.228340977,0.217655593,0.241,1.45,2.66,4.1,2.08,2.072,4.34,4.34,8109.333333,-429.3333333,10995,686,5346,743
2009-08-01,512,387600,8035,2009,8,33630069,12998941,5403000,460118.3,177848.301,527755.6901,203992.0013,13681.75308,0.024021332,18302900,67.1,"106,800",72.4,114.7,111.5,486.567,179.6,0.230488751,0.220106669,0.238,1.29,2.65,3.96,2.1,2.072,4.33,4.33,8109.333333,-429.3333333,10995,558,5251,651
2009-09-01,513,406877,8196,2009,9,33630069,12998941,5403000,460118.3,177848.301,527755.6901,203992.0013,13681.75308,0.024021332,18302600,67,"106,800",71.5,114.7,111.8,491.1,181.6,0.232636052,0.222557746,0.222,1.26,2.57,3.87,2.05,2.072,4.17,4.17,8109.333333,-429.3333333,10995,906,5491,665
2009-10-01,514,423559,8476,2009,10,33758581,13048442,5403000,460187.3,177872.6213,527374.6458,203842.024,13631.71337,0.014996143,18324200,67.1,"106,800",71.5,114.6,112,495.633,183.6,0.23495299,0.225174373,0.232,1.43,2.7,3.98,2.02,2.072,4.2,4.2,5882.666667,-175,-13027,1009,5853,644
2009-11-01,515,418460,7446,2009,11,33758581,13048442,5403000,460187.3,177872.6213,530135.7696,204909.2597,13631.71337,0.014996143,18403600,67.3,"106,800",71.4,115.2,112.2,500.167,185.6,0.235867408,0.226441695,0.228,1.15,2.41,3.84,2.1,2.072,4.26,4.26,5882.666667,-175,-13027,1044,6215,682
2009-12-01,516,411931,5541,2009,12,33758581,13048442,5403000,460187.3,177872.6213,528295.0204,204197.7692,13631.71337,0.014996143,18374600,67.1,"106,800",70.9,114.8,111.7,504.7,187.6,0.238834354,0.229679297,0.202,1.43,2.74,4.08,2.17,2.072,4.03,4.03,5882.666667,-175,-13027,1054,6608,660
2010-01-01,517,409058,4986,2010,1,33809016,13059426,5499000,461794.8,178377.7149,531525.8148,205312.7499,13658.92459,0.34931429,18361400,67,"116,000",69.8,115.1,111.6,509.233,189.6,0.239514707,0.230867299,0.179,1.22,2.46,3.92,2.13,2.072,4,4,6246.666667,-465.3333333,6160,947,6929,623
2010-02-01,518,431456,7291,2010,2,33809016,13059426,5499000,461794.8,178377.7149,533834.7888,206204.6384,13658.92459,0.34931429,18356700,66.9,"116,000",70,115.6,112.4,513.767,191.6,0.24060206,0.232293514,0.17,1.34,2.54,3.98,2.11,2.072,3.93,3.93,6246.666667,-465.3333333,6160,703,6976,656
2010-03-01,519,434696,10430,2010,3,33809016,13059426,5499000,461794.8,178377.7149,533834.7888,206204.6384,13658.92459,0.34931429,18393400,67,"116,000",70,115.6,112.1,518.3,193.6,0.242724908,0.234718289,0.289,1.73,2.9,3.99,1.83,2.072,3.91,3.91,6246.666667,-465.3333333,6160,730,7018,688
2010-04-01,520,437600,10898,2010,4,33890461,13088924,5499000,463228,178904.5031,537344.48,207529.2237,13668.38887,0.310354296,18441500,67.1,"116,000",70.7,116,112.5,521.25,195.617,0.242512029,0.235649944,0.401,1.97,3.09,3.99,1.69,2.072,4.35,4.35,9658.333333,-484.3333333,8619,743,7026,734
2010-05-01,521,446593,9470,2010,5,33890461,13088924,5499000,463228,178904.5031,538734.164,208065.9372,13668.38887,0.310354296,18454100,67.1,"116,000",72.2,116.3,112.8,524.2,197.633,0.24325541,0.237464386,0.427,1.62,2.55,3.58,1.63,2.072,4.5,4.5,9658.333333,-484.3333333,8619,897,6892,1027
2010-06-01,522,435034,8442,2010,6,33890461,13088924,5499000,463228,178904.5031,538270.936,207887.0327,13668.38887,0.310354296,18510900,67.2,"116,000",73.3,116.2,112.7,527.15,199.65,0.24483488,0.24009434,0.579,1.39,2.32,3.59,1.69,2.322,4.38,4.38,9658.333333,-484.3333333,8619,921,6742,1071
2010-07-01,523,418683,6564,2010,7,34005902,13136481,5499000,465589.5,179857.2383,543808.536,210073.2544,13691.43215,0.509792154,18551200,67.2,"116,000",73,116.8,113,530.1,201.667,0.243697903,0.239996044,0.641,1.6,2.44,3.71,1.62,2.572,4.22,4.22,8538,296.6666667,13203,874,6652,964
2010-08-01,524,418329,6161,2010,8,34005902,13136481,5499000,465589.5,179857.2383,543342.9465,209893.3971,13691.43215,0.509792154,18590500,67.3,"116,000",72.8,116.7,113,533.05,203.683,0.245264065,0.242602915,0.692,1.23,2.08,3.39,1.6,2.572,4.02,4.02,8538,296.6666667,13203,835,6571,916
2010-09-01,525,427329,6310,2010,9,34005902,13136481,5499000,465589.5,179857.2383,544274.1255,210253.1116,13691.43215,0.509792154,18579000,67.2,"116,000",71.9,116.9,113.4,536,205.7,0.246199468,0.244586154,0.893,1.39,2.01,3.25,1.35,2.822,3.8,3.8,8538,296.6666667,13203,771,6535,817
2010-10-01,526,443729,6681,2010,10,34132531,13189987,5499000,468424.5,181015.3799,549930.363,212512.056,13723.69661,0.608905484,18541700,67,"116,000",71.8,117.4,113.9,538.95,207.717,0.245008294,0.244359078,0.915,1.45,2.06,3.38,1.44,2.822,3.72,3.72,5725,-650,-12917,705,6479,761
2010-11-01,527,438030,6510,2010,11,34132531,13189987,5499000,468424.5,181015.3799,550398.7875,212693.0714,13723.69661,0.608905484,18545900,66.9,"116,000",71.7,117.5,113.9,541.9,209.733,0.246139714,0.246520724,0.982,1.74,2.48,3.6,1.45,2.822,3.65,3.65,5725,-650,-12917,1051,6635,894
2010-12-01,528,430253,4375,2010,12,34132531,13189987,5499000,468424.5,181015.3799,550398.7875,212693.0714,13723.69661,0.608905484,18571700,67,"116,000",71.5,117.5,113.5,544.85,211.75,0.247479651,0.248891511,0.998,1.69,2.45,3.51,1.47,2.822,3.7,3.7,5725,-650,-12917,759,6741,653
2011-01-01,529,425762,4199,2011,1,34166633,13199081,5593000,471992,182337.5642,556006.576,214793.6507,13814.41361,0.761595519,18646500,67.2,"110,600",70.5,117.8,113.4,547.8,213.767,0.246310036,0.248805073,0.986,1.67,2.56,3.71,1.64,2.822,3.75,3.75,4480.666667,-334.3333333,6154,788,6838,690
2011-02-01,530,453355,6057,2011,2,34166633,13199081,5593000,471992,182337.5642,557422.552,215340.6634,13814.41361,0.761595519,18633500,67.1,"110,600",70.7,118.1,113.7,550.75,215.783,0.247007408,0.250513531,0.967,1.79,2.61,3.69,1.53,2.822,3.88,3.88,4480.666667,-334.3333333,6154,607,6848,597
2011-03-01,531,456254,8985,2011,3,34166633,13199081,5593000,471992,182337.5642,563558.448,217711.0517,13814.41361,0.761595519,18633900,67,"110,600",70.5,119.4,114.4,553.7,217.8,0.245626697,0.25010214,0.918,1.77,2.71,3.66,1.52,2.822,3.9,3.9,4480.666667,-334.3333333,6154,516,6711,652
2011-04-01,532,476802,8778,2011,4,34230555,13222146,5593000,472848.8,182646.0561,566472.8624,218809.9752,13813.6469,0.1815285,18675600,67.1,"110,600",71.2,119.8,114.4,556.467,219.808,0.245584139,0.251140287,0.979,1.78,2.65,3.67,1.49,2.822,4.07,4.07,6702,-648,9290,773,6927,557
2011-05-01,533,485362,9766,2011,5,34230555,13222146,5593000,472848.8,182646.0561,570255.6528,220271.1437,13813.6469,0.1815285,18625000,66.8,"110,600",72.6,120.6,115,559.233,221.817,0.245167671,0.251754493,0.959,1.59,2.4,3.41,1.49,2.822,4.03,4.03,6702,-648,9290,785,6796,916
2011-06-01,534,474223,9959,2011,6,34230555,13222146,5593000,472848.8,182646.0561,566472.8624,218809.9752,13813.6469,0.1815285,18654800,66.9,"110,600",73.4,119.8,114.3,562,223.825,0.248026003,0.255729886,0.915,1.56,2.3,3.47,1.53,2.822,3.8,3.8,6702,-648,9290,1347,7398,742
2011-07-01,535,458646,7683,2011,7,34339221,13262345,5593000,479318.5,185120.3122,575182.2,222144.3746,13958.33936,1.368238642,18642900,66.8,"110,600",73.2,120,114.3,564.767,225.833,0.245473087,0.254151158,0.934,1.47,2.15,3.28,1.41,2.822,3.77,3.77,6240,-278,14511,1049,7607,837
2011-08-01,536,450323,7330,2011,8,34339221,13262345,5593000,479318.5,185120.3122,576620.1555,222699.7356,13958.33936,1.368238642,18654200,66.7,"110,600",73.1,120.3,114.7,567.533,227.842,0.246060164,0.255772643,0.932,1.08,1.68,3,1.41,2.822,3.72,3.72,6240,-278,14511,1030,7852,782
2011-09-01,537,463976,7421,2011,9,34339221,13262345,5593000,479318.5,185120.3122,578058.111,223255.0965,13958.33936,1.368238642,18665500,66.7,"110,600",72.2,120.6,115.5,570.3,229.85,0.246644753,0.257384942,0.868,0.92,1.44,2.74,1.27,2.822,3.62,3.62,6240,-278,14511,900,7961,791
2011-10-01,538,474241,7425,2011,10,34457713,13310604,5593000,483127.8,186626.5131,583618.3824,225444.8278,14020.88989,0.794732521,18665000,66.7,"110,600",72,120.8,115.6,573.067,231.858,0.245480188,0.257111687,0.865,1.08,1.6,2.91,1.3,2.822,3.55,3.55,5714.333333,-653.6666667,-8801,1129,8352,738
2011-11-01,539,477582,6908,2011,11,34457713,13310604,5593000,483127.8,186626.5131,584101.5102,225631.4544,14020.88989,0.794732521,18669100,66.6,"110,600",71.7,120.9,115.7,575.833,233.867,0.246461013,0.259124997,0.886,1.01,1.46,2.61,1.14,2.822,3.58,3.58,5714.333333,-653.6666667,-8801,1249,8605,1001
2011-12-01,540,449566,4585,2011,12,34457713,13310604,5593000,483127.8,186626.5131,580719.6156,224325.0688,14020.88989,0.794732521,18660400,66.5,"110,600",71.4,120.2,115,578.6,235.875,0.249087505,0.262871869,0.826,0.93,1.28,2.42,1.03,2.822,3.56,3.56,5714.333333,-653.6666667,-8801,1074,8875,803
2012-01-01,541,462655,4432,2012,1,34516032,13325337,5660000,483432.8,186635.1548,583503.3896,225268.6319,14006.03638,0.063130294,18708800,66.6,"114,700",70.2,120.7,115.2,581.367,237.883,0.249084671,0.263999251,0.877,1.02,1.36,2.55,1.02,2.822,3.51,3.51,4700.666667,-1114,6630,718,8549,1040
2012-02-01,542,500249,6809,2012,2,34516032,13325337,5660000,483432.8,186635.1548,585920.5536,226201.8077,14006.03638,0.063130294,18665500,66.4,"114,700",70.4,121.2,115.6,584.133,239.892,0.249237288,0.265130507,0.941,1.1,1.44,2.48,0.88,2.822,3.43,3.43,4700.666667,-1114,6630,561,8308,786
2012-03-01,543,500894,9386,2012,3,34516032,13325337,5660000,483432.8,186635.1548,588337.7176,227134.9834,14006.03638,0.063130294,18715500,66.5,"114,700",70.7,121.7,116.1,586.9,241.9,0.249389076,0.266251368,0.926,1.19,1.57,2.56,0.93,2.822,3.41,3.41,4700.666667,-1114,6630,605,8122,790
2012-04-01,544,515869,10022,2012,4,34592192,13350123,5660000,485004.3,187177.1254,592675.2546,228730.4473,14020.62928,0.325071034,18814600,66.8,"114,700",71.5,122.2,116.6,588.192,243.4,0.248108891,0.266033669,1.042,1.43,1.69,2.55,0.67,2.822,3.56,3.56,7193,-1491.333333,12737,963,8209,874
2012-05-01,545,514546,10546,2012,5,34592192,13350123,5660000,485004.3,187177.1254,592190.2503,228543.2701,14020.62928,0.325071034,18834900,66.8,"114,700",72.9,122.1,116.7,589.483,244.9,0.248857103,0.267892378,1.006,1.11,1.31,2.2,0.68,2.822,3.55,3.55,7193,-1491.333333,12737,879,7995,1087
2012-06-01,546,507366,9133,2012,6,34592192,13350123,5660000,485004.3,187177.1254,589765.2288,227607.3845,14020.62928,0.325071034,18799000,66.6,"114,700",73.5,121.6,116.2,590.775,246.4,0.250428039,0.270641483,0.902,0.99,1.21,2.24,0.73,2.822,3.45,3.45,7193,-1491.333333,12737,960,7922,1026
2012-07-01,547,475507,7339,2012,7,34713395,13392364,5660000,485668,187369.8219,590086.62,227654.3336,13990.7952,0.136844148,18818900,66.6,"114,700",73.4,121.5,115.8,592.067,247.9,0.250839021,0.272232902,0.972,0.96,1.16,2.14,0.64,2.822,3.43,3.43,5562.333333,-1230.666667,15070,1033,7879,1074
2012-08-01,548,477533,6252,2012,8,34713395,13392364,5660000,485668,187369.8219,591543.624,228216.4431,13990.7952,0.136844148,18884100,66.8,"114,700",73.4,121.8,116,593.358,249.4,0.250766797,0.273205555,1.034,1.15,1.38,2.28,0.65,2.822,3.43,3.43,5562.333333,-1230.666667,15070,1008,8005,880
2012-09-01,549,501704,5696,2012,9,34713395,13392364,5660000,485668,187369.8219,592514.96,228591.1827,13990.7952,0.136844148,18929000,66.9,"114,700",72.6,122,116.4,594.65,250.9,0.250900838,0.27439816,1,1.09,1.31,2.24,0.66,2.822,3.4,3.4,5562.333333,-1230.666667,15070,981,8244,739
2012-10-01,550,502274,6735,2012,10,34834973,13436625,5660000,486667.5,187718.4948,594707.685,229392.0006,13970.65817,0.205799023,18942800,66.9,"114,700",72.6,122.2,116.7,595.942,252.4,0.250518875,0.27507498,1,1.07,1.34,2.27,0.71,2.822,3.37,3.37,6231,-543.3333333,-14668,1058,8231,1070
2012-11-01,551,485544,5691,2012,11,34834973,13436625,5660000,486667.5,187718.4948,593247.6825,228828.8451,13970.65817,0.205799023,18967000,66.9,"114,700",72.4,121.9,116.7,597.233,253.9,0.251679449,0.277390728,0.988,1.09,1.31,2.2,0.63,2.822,3.35,3.35,6231,-543.3333333,-14668,957,8369,818
2012-12-01,552,478739,3690,2012,12,34834973,13436625,5660000,486667.5,187718.4948,589841.01,227514.8157,13970.65817,0.205799023,18989600,66.9,"114,700",72.4,121.2,116,598.525,255.4,0.253680649,0.280641064,0.98,1.12,1.37,2.27,0.7,2.822,3.35,3.35,6231,-543.3333333,-14668,976,8491,852
2013-01-01,553,482028,4230,2013,1,34881794,13446276,5728000,491023.8,189280.4463,595611.8694,229597.1814,14076.79318,0.895128604,18955700,66.7,"108,000",71.2,121.3,115.9,599.817,256.9,0.251765047,0.279729044,0.934,1.16,1.5,2.47,0.83,3.57,3.34,3.34,6084.333333,-1523.666667,4473,510,8229,769
2013-02-01,554,509447,5615,2013,2,34881794,13446276,5728000,491023.8,189280.4463,602486.2026,232247.1077,14076.79318,0.895128604,19019700,66.9,"108,000",71.6,122.7,116.9,601.108,258.4,0.249428119,0.278152011,0.96,1,1.32,2.39,0.86,3.52,3.31,3.31,6084.333333,-1523.666667,4473,602,8147,682
2013-03-01,555,517247,7536,2013,3,34881794,13446276,5728000,491023.8,189280.4463,603468.2502,232625.6685,14076.79318,0.895128604,18991600,66.8,"108,000",71.3,122.9,117.2,602.4,259.9,0.249557454,0.279311395,0.978,1,1.29,2.34,0.76,3.51,3.22,3.22,6084.333333,-1523.666667,4473,579,7818,906
2013-04-01,556,524823,9537,2013,4,34956567,13469151,5728000,492031.5,189585.1664,603722.6505,232620.9991,14075.50976,0.205224268,19011200,66.8,"108,000",71.9,122.7,117.2,602.825,261.258,0.249628285,0.280776457,0.993,0.94,1.19,2.19,0.78,3.52,3.22,3.22,7995,-1336,11574,996,7986,825
2013-05-01,557,540581,9945,2013,5,34956567,13469151,5728000,492031.5,189585.1664,605198.745,233189.7546,14075.50976,0.205224268,19036000,66.8,"108,000",73.5,123,117.3,603.25,262.617,0.249194998,0.281548605,0.999,1.07,1.47,2.48,1,3.5,3.22,3.22,7995,-1336,11574,919,8160,746
2013-06-01,558,529614,8821,2013,6,34956567,13469151,5728000,492031.5,189585.1664,605198.745,233189.7546,14075.50976,0.205224268,19044900,66.8,"108,000",74.1,123,117.2,603.675,263.975,0.24937056,0.2830045,1.024,1.23,1.84,2.9,1.27,3.49,3.2,3.2,7995,-1336,11574,955,8288,825
2013-07-01,559,512286,8367,2013,7,35080992,13511902,5728000,493851.5,190213.3517,607931.1965,234152.636,14077.46679,0.369895017,19044400,66.7,"108,000",73.7,123.1,117.1,604.1,265.333,0.248424494,0.28329064,1.013,1.15,1.74,2.88,1.3,3.31,3.28,3.28,5460.666667,-687.3333333,17453,842,8336,787
2013-08-01,560,501742,7390,2013,8,35080992,13511902,5728000,493851.5,190213.3517,607931.1965,234152.636,14077.46679,0.369895017,19060200,66.7,"108,000",73.7,123.1,117.1,604.525,266.692,0.248599267,0.284741616,0.995,1.2,1.9,3,1.43,3.13,3.34,3.34,5460.666667,-687.3333333,17453,758,8052,1039
2013-09-01,561,532556,7256,2013,9,35080992,13511902,5728000,493851.5,190213.3517,608918.8995,234533.0627,14077.46679,0.369895017,19018200,66.5,"108,000",72.8,123.3,117.5,604.95,268.05,0.248370514,0.285727305,0.986,1.21,1.89,3,1.36,3.03,3.53,3.53,5460.666667,-687.3333333,17453,790,8061,780
2013-10-01,562,539354,7940,2013,10,35209597,13559499,5728000,497912.5,191750.1085,612432.375,235852.6335,14141.38594,0.82231197,19048000,66.5,"108,000",72.7,123,117.8,605.375,269.408,0.247119121,0.285568149,0.915,1.1,1.71,2.87,1.32,2.95,3.6,3.6,5445,-448.6666667,-17698,832,8065,827
2013-11-01,563,538347,6354,2013,11,35209597,13559499,5728000,497912.5,191750.1085,612432.375,235852.6335,14141.38594,0.82231197,19049800,66.5,"108,000",72.5,123,117.5,605.8,270.767,0.247292609,0.287008667,0.939,1.1,1.73,3.01,1.44,2.88,3.59,3.59,5445,-448.6666667,-17698,836,7904,996
2013-12-01,564,520189,4058,2013,12,35209597,13559499,5728000,497912.5,191750.1085,610938.6375,235277.3832,14141.38594,0.82231197,19076700,66.5,"108,000",71.9,122.7,117.1,606.225,272.125,0.248071149,0.289153378,0.888,1.13,1.9,3.09,1.59,2.86,3.59,3.59,5445,-448.6666667,-17698,802,7929,776
2014-01-01,565,526965,4103,2014,1,35247023,13563311,5797000,503123.5,193605.5848,619345.0285,238328.4749,14274.21261,1.046569427,19051000,66.4,"114,000",70.8,123.1,117.3,606.65,273.483,0.244875623,0.286876128,0.891,0.96,1.57,2.8,1.4,2.83,3.58,3.58,6194.333333,-1447,1013,623,7918,633
2014-02-01,566,552857,5696,2014,2,35247023,13563311,5797000,503123.5,193605.5848,624376.2635,240264.5308,14274.21261,1.046569427,19047500,66.3,"114,000",71,124.1,118.2,607.075,274.842,0.243072581,0.285978541,0.866,1,1.63,2.8,1.44,2.83,3.52,3.52,6194.333333,-1447,1013,343,7514,744
2014-03-01,567,557982,8052,2014,3,35247023,13563311,5797000,503123.5,193605.5848,627898.128,241619.7699,14274.21261,1.046569427,19051200,66.3,"114,000",71.1,124.8,118.6,607.5,276.2,0.241878409,0.285779595,0.88,1.06,1.69,2.82,1.39,2.84,3.36,3.36,6194.333333,-1447,1013,370,7125,760
2014-04-01,568,578364,9661,2014,4,35320540,13583220,5797000,503973.8,193813.2033,630975.1976,242654.1305,14268.57574,0.169004231,19050300,66.2,"114,000",71.4,125.2,118.8,607.9,277.733,0.240857328,0.286140812,0.939,1.06,1.67,2.76,1.34,2.88,3.22,3.22,7142,-2271.666667,9924,615,7035,700
2014-05-01,569,584902,11017,2014,5,35320540,13583220,5797000,503973.8,193813.2033,633999.0404,243817.0097,14268.57574,0.169004231,19079800,66.3,"114,000",72.9,125.8,119.1,608.3,279.267,0.239866294,0.286348972,0.915,1.04,1.5,2.6,1.18,2.87,3.22,3.22,7142,-2271.666667,9924,993,7180,847
2014-06-01,570,569187,10136,2014,6,35320540,13583220,5797000,503973.8,193813.2033,634503.0142,244010.823,14268.57574,0.169004231,19098600,66.2,"114,000",73.8,125.9,119.1,608.7,280.8,0.239833376,0.287692157,0.928,1.11,1.57,2.72,1.15,2.88,3.2,3.2,7142,-2271.666667,9924,943,7183,940
2014-07-01,571,550677,9157,2014,7,35434066,13617763,5797000,508567.8,195449.0848,639269.7246,245679.4996,14352.51038,0.911555323,19130600,66.3,"114,000",73.6,125.7,118.9,609.1,282.333,0.238201489,0.287298086,0.946,1.1,1.52,2.59,1.06,2.87,3.21,3.21,4325.666667,-433,16577,960,7359,785
2014-08-01,572,546683,7571,2014,8,35434066,13617763,5797000,508567.8,195449.0848,639269.7246,245679.4996,14352.51038,0.911555323,19059800,66,"114,000",73.3,125.7,119.4,609.5,283.867,0.238357917,0.288859063,0.936,1.1,1.52,2.44,0.9,2.85,3.21,3.21,4325.666667,-433,16577,834,7459,731
2014-09-01,573,574421,8005,2014,9,35434066,13617763,5797000,508567.8,195449.0848,639778.2924,245874.9487,14352.51038,0.911555323,19097300,66.1,"114,000",72.8,125.8,119.7,609.9,285.4,0.238324748,0.290188164,0.918,1.14,1.66,2.61,1.06,2.88,3.22,3.22,4325.666667,-433,16577,697,7202,952
2014-10-01,574,588018,8525,2014,10,35555305,13661282,5797000,512709.5,196996.4556,645501.2605,248018.5376,14420.0563,0.814385024,19083500,66,"114,000",72.8,125.9,120.2,610.3,286.933,0.236366696,0.289225357,0.878,1.04,1.56,2.46,1.01,2.84,3.2,3.2,4443,-728.6666667,-20697,906,7267,841
2014-11-01,575,578353,6498,2014,11,35555305,13661282,5797000,512709.5,196996.4556,642937.713,247033.5554,14420.0563,0.814385024,19084700,66,"114,000",72.6,125.4,119.8,610.7,288.467,0.237464683,0.291930988,0.895,1,1.46,2.36,0.93,2.8,3.2,3.2,4443,-728.6666667,-20697,856,7228,892
2014-12-01,576,556602,4446,2014,12,35555305,13661282,5797000,512709.5,196996.4556,638323.3275,245260.5873,14420.0563,0.814385024,19094200,66,"114,000",72.3,124.5,119.3,611.1,290,0.239337955,0.295603957,0.912,1.01,1.34,2.22,0.78,2.76,3.18,3.18,4443,-728.6666667,-20697,690,7185,732
2015-01-01,577,552925,4318,2015,1,35571043,13657423,5867000,513442.8,197135.2233,638209.4004,245039.0826,14434.2914,0.143024461,19106300,66,"115,500",71.1,124.3,119.5,611.5,291.533,0.239537368,0.297435206,0.592,0.44,0.69,1.75,0.91,2.66,3.16,3.16,4315,-1091.666667,-569,440,6707,919
2015-02-01,578,596320,6294,2015,2,35571043,13657423,5867000,513442.8,197135.2233,643857.2712,247207.5701,14434.2914,0.143024461,19148100,66.1,"115,500",71.4,125.4,120.3,611.9,293.067,0.237591477,0.296377453,0.467,0.47,0.74,1.76,0.85,2.55,3.11,3.11,4315,-1091.666667,-569,358,6292,772
2015-03-01,579,613818,8886,2015,3,35571043,13657423,5867000,513442.8,197135.2233,648478.2564,248981.7871,14434.2914,0.143024461,19183900,66.2,"115,500",71.5,126.3,121,612.3,294.6,0.236052633,0.295804769,0.528,0.49,0.75,1.79,0.84,2.53,3.04,3.04,4315,-1091.666667,-569,370,6030,632
2015-04-01,580,636094,11254,2015,4,35606734,13669290,5867000,514113,197366.0288,648810.606,249075.9284,14438.64523,0.130530606,19156600,66.1,"115,500",71.7,126.2,121,612.65,295.583,0.236066579,0.296679613,0.647,0.68,0.98,2.01,0.91,2.56,2.96,2.96,7034,-645,9882,893,6272,652
2015-05-01,581,649648,11640,2015,5,35606734,13669290,5867000,514113,197366.0288,652409.397,250457.4906,14438.64523,0.130530606,19168400,66.1,"115,500",73.3,126.9,121.3,613,296.567,0.234898517,0.296025285,0.665,0.63,0.96,2.08,1.04,2.57,2.94,2.94,7034,-645,9882,1060,6755,576
2015-06-01,582,639309,11905,2015,6,35606734,13669290,5867000,514113,197366.0288,653951.736,251049.5887,14438.64523,0.130530606,19163300,66,"115,500",74.1,127.2,121.3,613.35,297.55,0.234478313,0.296306002,0.576,0.6,0.95,2.29,1.17,2.56,2.92,2.92,7034,-645,9882,1020,7338,432
2015-07-01,583,608875,9813,2015,7,35704498,13709293,5867000,514545.5,197567.6852,655016.4215,251503.6633,14411.22348,0.084125474,19199200,66,"115,500",73.9,127.3,121.3,613.7,298.533,0.234230769,0.296748163,0.427,0.46,0.83,2.09,1.06,2.38,2.91,2.91,6269,637,14504,915,7595,656
2015-08-01,584,603534,7943,2015,8,35704498,13709293,5867000,514545.5,197567.6852,655016.4215,251503.6633,14411.22348,0.084125474,19247300,66.1,"115,500",73.8,127.3,121.5,614.05,299.517,0.234364353,0.29772628,0.376,0.39,0.72,2.08,1.06,2.28,2.91,2.91,6269,637,14504,1084,8087,594
2015-09-01,585,627867,8147,2015,9,35704498,13709293,5867000,514545.5,197567.6852,653987.3305,251108.5279,14411.22348,0.084125474,19258600,66.1,"115,500",72.9,127.1,121.9,614.4,300.5,0.234866935,0.299173432,0.413,0.53,0.81,2.09,0.92,2.26,2.91,2.91,6269,637,14504,1022,8563,545
2015-10-01,586,630254,8759,2015,10,35823591,13759762,5867000,514886.5,197766.7648,654935.628,251559.3249,14372.83325,0.066272079,19250600,66,"115,500",72.9,127.2,122.2,614.75,301.483,0.234660467,0.299614216,0.393,0.54,0.82,2.13,0.93,2.28,2.92,2.92,6547,442,-12144,1043,8926,679
2015-11-01,587,632774,7337,2015,11,35823591,13759762,5867000,514886.5,197766.7648,654420.7415,251361.5581,14372.83325,0.066272079,19246800,66,"115,500",72.4,127.1,121.9,615.1,302.467,0.234978799,0.300828617,0.442,0.63,0.92,2.17,0.96,2.37,2.92,2.92,6547,442,-12144,1011,9204,731
2015-12-01,588,608714,4917,2015,12,35823591,13759762,5867000,514886.5,197766.7648,651331.4225,250174.9575,14372.83325,0.066272079,19264800,66,"115,500",72.1,126.5,121.3,615.45,303.45,0.236227663,0.303237785,0.497,0.48,0.74,2.04,0.92,2.46,2.95,2.95,6547,442,-12144,1007,9527,683
2016-01-01,589,630193,4640,2016,1,35871484,13774364,5938000,515353,197891.4452,653467.604,250926.3525,14366.64845,0.090602492,19267700,65.9,"115,600",71,126.8,121.6,615.8,304.433,0.235589338,0.303309115,0.481,0.42,0.68,1.9,0.82,2.69,2.96,2.96,8237.333333,537,11582,643,9197,973
2016-02-01,590,685738,7583,2016,2,35871484,13774364,5938000,515353,197891.4452,655013.663,251520.0269,14366.64845,0.090602492,19297100,66,"115,600",71.1,127.1,122.3,616.15,305.417,0.23516685,0.303571254,0.462,0.49,0.64,1.78,0.66,2.8,2.95,2.95,8237.333333,537,11582,731,9250,678
2016-03-01,591,688011,10260,2016,3,35871484,13774364,5938000,515353,197891.4452,659136.487,253103.1584,14366.64845,0.090602492,19290000,65.9,"115,600",71.2,127.9,123.1,616.5,306.4,0.233828658,0.302643398,0.462,0.53,0.66,1.86,0.69,2.98,2.93,2.93,8237.333333,537,11582,551,8974,825
2016-04-01,592,739767,12017,2016,4,35970407,13816652,5938000,516991.5,198582.4526,663300.0945,254781.2867,14372.68975,0.317937414,19333500,66,"115,600",71.6,128.3,123.3,617.783,307.04,0.232844456,0.301278014,0.541,0.68,0.89,1.94,0.82,3.01,2.9,2.9,8756.333333,1409.666667,15968,742,8855,860
2016-05-01,593,752324,12793,2016,5,35970407,13816652,5938000,516991.5,198582.4526,665885.052,255774.1989,14372.68975,0.317937414,19309500,65.8,"115,600",73.4,128.8,123.8,619.067,307.679,0.232422622,0.300733031,0.551,0.63,0.79,1.87,0.75,3.01,2.87,2.87,8756.333333,1409.666667,15968,934,8974,814
2016-06-01,594,746961,12730,2016,6,35970407,13816652,5938000,516991.5,198582.4526,667436.0265,256369.9463,14372.68975,0.317937414,19299600,65.7,"115,600",73.9,129.1,123.9,620.35,308.319,0.232363094,0.300658291,0.494,0.54,0.62,1.67,0.58,2.92,2.86,2.86,8756.333333,1409.666667,15968,1086,9238,821
2016-07-01,595,710538,9934,2016,7,36110803,13876500,5938000,517933,199029.0073,667615.637,256548.3904,14342.88238,0.182111311,19290000,65.6,"115,600",73.5,128.9,123.8,621.633,308.959,0.232781022,0.30107283,0.504,0.58,0.65,1.6,0.49,2.8,2.87,2.87,1926.333333,2550.333333,29196,1140,9693,685
2016-08-01,596,710975,9751,2016,8,36110803,13876500,5938000,517933,199029.0073,666579.771,256150.3324,14342.88238,0.182111311,19329100,65.7,"115,600",73.5,128.7,123.8,622.917,309.599,0.233624326,0.302165331,0.512,0.58,0.66,1.53,0.44,2.75,2.88,2.88,1926.333333,2550.333333,29196,1183,10212,661
2016-09-01,597,756168,9836,2016,9,36110803,13876500,5938000,517933,199029.0073,667097.704,256349.3614,14342.88238,0.182111311,19385300,65.8,"115,600",72.8,128.8,124.3,624.2,310.238,0.233923755,0.302553904,0.533,0.51,0.59,1.52,0.47,2.71,2.87,2.87,1926.333333,2550.333333,29196,1001,10540,673
2016-10-01,598,762747,9723,2016,10,36257421,13948180,5938000,520701.3,200313.0741,672225.3783,258604.1786,14361.2338,0.534489982,19392200,65.8,"115,600",73,129.1,124.5,625.483,310.878,0.232616552,0.300534587,0.504,0.56,0.68,1.68,0.59,2.67,2.88,2.88,3242,749.6666667,-37,1215,10946,807
2016-11-01,599,777181,8528,2016,11,36257421,13948180,5938000,520701.3,200313.0741,669621.8718,257602.6133,14361.2338,0.534489982,19402500,65.7,"115,600",72.8,128.6,124,626.767,311.518,0.234000346,0.302324185,0.509,0.7,1,2.06,0.88,2.68,2.9,2.9,3242,749.6666667,-37,1308,11476,777
2016-12-01,600,730472,5338,2016,12,36257421,13948180,5938000,520701.3,200313.0741,668580.4692,257201.9871,14361.2338,0.534489982,19453100,65.8,"115,600",72.5,128.4,123.5,628.05,312.158,0.234844581,0.303417174,0.473,0.78,1.16,2.24,0.95,2.73,2.94,2.94,3242,749.6666667,-37,1350,11846,977
2017-01-01,601,768427,5154,2017,1,36313068,13975516,6010000,523622.5,201522.3453,678091.1375,260971.4371,14419.67118,0.561012619,19511500,66,"119,300",71.9,129.5,124.3,629.333,312.798,0.232023752,0.299647735,0.456,0.82,1.17,2.34,1,2.71,2.93,2.93,4362,77.66666667,9956,871,11650,1066
2017-02-01,602,876363,7955,2017,2,36313068,13975516,6010000,523622.5,201522.3453,679138.3825,261374.4818,14419.67118,0.561012619,19512400,65.9,"119,300",72,129.7,124.8,630.617,313.437,0.232138625,0.299796864,0.48,0.78,1.16,2.29,0.93,2.67,2.95,2.95,4362,77.66666667,9956,790,11430,1012
2017-03-01,603,915089,11953,2017,3,36313068,13975516,6010000,523622.5,201522.3453,680185.6275,261777.5265,14419.67118,0.561012619,19549100,66,"119,300",72.1,129.9,125.2,631.9,314.077,0.232252776,0.299946489,0.513,0.72,1.07,2.14,0.87,2.66,2.86,2.86,4362,77.66666667,9956,654,11030,1022
2017-04-01,604,918130,11463,2017,4,36397141,14012209,6010000,530210.8,204121.1024,691394.8832,266173.9175,14567.37495,1.258215604,19544700,65.9,"119,300",72.4,130.4,125.2,635.192,314.826,0.229677719,0.295695764,0.548,0.74,1.03,2.01,0.74,2.6,2.82,2.82,5773.333333,1083,24597,915,10960,984
2017-05-01,605,862149,10066,2017,5,36397141,14012209,6010000,530210.8,204121.1024,691925.094,266378.0386,14567.37495,1.258215604,19615700,66,"119,300",74.2,130.5,125.5,638.483,315.576,0.230690795,0.296173064,0.529,0.69,0.94,1.87,0.72,2.55,2.79,2.79,5773.333333,1083,24597,651,10756,853
2017-06-01,606,791929,7893,2017,6,36397141,14012209,6010000,530210.8,204121.1024,691394.8832,266173.9175,14567.37495,1.258215604,19647300,66.1,"119,300",74.9,130.4,125.6,641.775,316.325,0.232058052,0.297103678,0.683,1.04,1.28,1.99,0.57,2.49,2.8,2.8,5773.333333,1083,24597,1059,10611,1201
2017-07-01,607,745816,5868,2017,7,36545075,14078499,6010000,535791.5,206406.4747,698672.116,269154.043,14661.11371,1.05254363,19653700,66,"119,300",74.7,130.4,125.6,645.067,317.074,0.23081893,0.294509788,0.74,1.28,1.58,2.29,0.68,2.75,2.92,2.92,4780.333333,1663,36892,928,10467,1068
2017-08-01,608,730969,6306,2017,8,36545075,14078499,6010000,535791.5,206406.4747,699207.9075,269360.4494,14661.11371,1.05254363,19661700,65.9,"119,300",74.5,130.5,125.6,648.358,317.823,0.231818746,0.294979275,0.742,1.24,1.51,2.19,0.6,2.67,3.02,3.02,4780.333333,1663,36892,887,10382,972
2017-09-01,609,774487,6334,2017,9,36545075,14078499,6010000,535791.5,206406.4747,700815.282,269979.6689,14661.11371,1.05254363,19668000,65.9,"119,300",73.6,130.8,125.8,651.65,318.572,0.232461398,0.294996287,1.009,1.58,1.8,2.42,0.55,2.99,3.09,3.09,4780.333333,1663,36892,1080,10255,1200
2017-10-01,610,780400,7069,2017,10,36722075,14161084,6010000,535959.8,206681.4511,701571.3782,270546.0195,14595.03037,0.031411473,19721900,66,"119,300",73.8,130.9,126.2,654.942,319.322,0.233383951,0.295071796,0.895,1.46,1.7,2.32,0.58,3.05,3.18,3.18,7605.666667,829,-1213,684,9972,967
2017-11-01,611,761410,7326,2017,11,36722075,14161084,6010000,535959.8,206681.4511,703715.2174,271372.7453,14595.03037,0.031411473,19766200,66.1,"119,300",73.9,131.3,126.2,658.233,320.071,0.233842108,0.294862883,0.872,1.43,1.62,2.16,0.45,2.97,3.24,3.24,7605.666667,829,-1213,886,9887,970
2017-12-01,612,734847,4876,2017,12,36722075,14161084,6010000,535959.8,206681.4511,701035.4184,270339.338,14595.03037,0.031411473,19818000,66.2,"119,300",73.8,130.8,125.6,661.525,320.82,0.235909978,0.296682683,1.05,1.66,1.82,2.15,0.32,2.93,3.24,3.24,7605.666667,829,-1213,767,9672,978
2018-01-01,613,735874,3987,2018,1,36801579,14199811,6082000,536725.3,207094.3157,706867.2201,272743.2137,14584.30085,0.142827876,19745700,65.8,"124,500",72.4,131.7,126.2,664.817,321.57,0.235127964,0.294755271,1.196,1.84,2.08,2.35,0.45,3.13,3.29,5.29,8003,594,13999,543,9500,714
2018-02-01,614,767799,5149,2018,2,36801579,14199811,6082000,536725.3,207094.3157,711161.0225,274399.9683,14584.30085,0.142827876,19758500,65.8,"124,500",72.5,132.5,127.1,668.108,322.319,0.234865234,0.293658015,1.171,1.78,2.04,2.35,0.45,3.23,3.35,5.35,8003,594,13999,394,9146,744
2018-03-01,615,784514,7188,2018,3,36801579,14199811,6082000,536725.3,207094.3157,713307.9237,275228.3455,14584.30085,0.142827876,19785100,65.8,"124,500",72.8,132.9,127.6,671.4,323.068,0.23531212,0.293454513,1.086,1.8,2,2.22,0.31,3.28,3.37,5.37,8003,594,13999,501,8858,785
2018-04-01,616,804926,7744,2018,4,36903671,14251136,6082000,538679,208022.3317,718059.107,277293.7681,14596.89471,0.364003709,19757100,65.6,"124,500",73,133.3,127.5,672.825,324.281,0.234251259,0.292362322,1.2,1.93,2.18,2.45,0.44,3.21,3.395,5.395,9428.333333,228.6666667,26872,520,8450,927
2018-05-01,617,803572,7717,2018,5,36903671,14251136,6082000,538679,208022.3317,718597.786,277501.7905,14596.89471,0.364003709,19781900,65.6,"124,500",74.5,133.4,127.6,674.25,325.494,0.234571416,0.293235946,1.3,1.92,2.11,2.28,0.33,2.97,3.42,5.42,9428.333333,228.6666667,26872,833,8390,885
2018-06-01,618,808108,8026,2018,6,36903671,14251136,6082000,538679,208022.3317,719675.144,277917.8351,14596.89471,0.364003709,19861200,65.8,"124,500",75.3,133.6,127.8,675.675,326.707,0.234715276,0.29388812,1.247,1.77,1.93,2.15,0.29,2.7,3.455,5.455,9428.333333,228.6666667,26872,600,8187,802
2018-07-01,619,781939,6917,2018,7,37072620,14326746,6082000,544941.3,210593.0358,731856.1659,282826.447,14699.2929,1.162529076,19936400,65.9,"124,500",75.3,134.3,128.5,677.1,327.92,0.231295448,0.289859739,1.442,2.05,2.19,2.31,0.23,2.99,3.47,5.47,6552.333333,1702.333333,35460,491,8030,648
2018-08-01,620,765320,6800,2018,8,37072620,14326746,6082000,544941.3,210593.0358,731311.2246,282615.854,14699.2929,1.162529076,19900900,65.7,"124,500",75,134.2,128.5,678.525,329.133,0.231954938,0.291148741,1.509,2.14,2.25,2.33,0.18,3.04,3.52,5.52,6552.333333,1702.333333,35460,523,7724,829
2018-09-01,621,796733,6418,2018,9,37072620,14326746,6082000,544941.3,210593.0358,728586.5181,281562.8888,14699.2929,1.162529076,19948100,65.8,"124,500",74.3,133.7,128.1,679.95,330.346,0.233311344,0.293314578,1.546,2.19,2.32,2.43,0.23,3.12,3.56,5.56,6552.333333,1702.333333,35460,509,7594,639
2018-10-01,622,808031,7463,2018,10,37259485,14413055,6082000,546807,211520.8883,733268.187,283649.5112,14675.64568,0.34236715,19933400,65.7,"124,500",74.5,134.1,128.8,681.375,331.558,0.232307569,0.292225076,1.734,2.33,2.42,2.52,0.16,3.24,3.575,5.575,7351.333333,680.6666667,-1544,403,7351,645
2018-11-01,623,788591,6236,2018,11,37259485,14413055,6082000,546807,211520.8883,729987.345,282380.3859,14675.64568,0.34236715,20006000,65.9,"124,500",74.5,133.5,128.4,682.8,332.771,0.23383967,0.294612353,1.713,2.21,2.27,2.39,0.12,3.31,3.67,5.67,7351.333333,680.6666667,-1544,548,7182,717
2018-12-01,624,750180,3781,2018,12,37259485,14413055,6082000,546807,211520.8883,729440.538,282168.865,14675.64568,0.34236715,20022600,65.9,"124,500",74.2,133.4,128.5,684.225,333.984,0.23450335,0.295907913,1.665,1.91,1.93,2.12,0.07,3.4,3.705,5.705,7351.333333,680.6666667,-1544,540,6923,799
2019-01-01,625,747175,3968,2019,1,37336956,14449986,6139000,549192,212545.8945,733720.512,283961.3151,14709.07269,0.43616852,20068300,66,"123,200",73,133.6,128.6,685.65,335.197,0.233620973,0.29510798,1.627,1.82,1.83,1.92,0.1,3.52,3.725,5.725,7061.333333,28.33333333,10330,243,6389,776
2019-02-01,626,779791,4982,2019,2,37336956,14449986,6139000,549192,212545.8945,738663.24,285874.2281,14709.07269,0.43616852,20130700,66.1,"123,200",73.3,134.5,129.6,687.075,336.41,0.23254,0.294194061,1.682,1.77,1.8,1.91,0.14,3.66,3.68,5.68,7061.333333,28.33333333,10330,183,5871,699
2019-03-01,627,788133,7132,2019,3,37336956,14449986,6139000,549192,212545.8945,743605.968,287787.1412,14709.07269,0.43616852,20109100,66,"123,200",73.2,135.4,130,688.5,337.623,0.231473398,0.293292291,1.652,1.46,1.43,1.54,0.08,3.74,3.59,5.59,7061.333333,28.33333333,10330,98,5573,396
2019-04-01,628,820373,9005,2019,4,37437243,14493612,6139000,551962.3,213689.0106,750668.728,290617.0544,14743.66849,0.504431966,20208200,66.2,"123,200",74,136,130.1,691.242,338.853,0.230208737,0.291494421,1.666,1.51,1.49,1.67,0.16,3.81,3.38,5.38,11609,-201.6666667,27010,234,5353,453
2019-05-01,629,838248,9950,2019,5,37437243,14493612,6139000,551962.3,213689.0106,753980.5018,291899.1884,14743.66849,0.504431966,20170400,66,"123,200",75.5,136.6,130.7,693.983,340.083,0.230106415,0.291267511,1.687,1.53,1.46,1.57,0.04,3.9,3.235,5.235,11609,-201.6666667,27010,371,4752,968
2019-06-01,630,831882,8826,2019,6,37437243,14493612,6139000,551962.3,213689.0106,752324.6149,291258.1214,14743.66849,0.504431966,20199900,66,"123,200",76.1,136.3,130.8,696.725,341.313,0.231524061,0.292964363,1.661,1.46,1.4,1.5,0.04,3.99,3.1,5.1,11609,-201.6666667,27010,555,4776,529
2019-07-01,631,806971,8555,2019,7,37618495,14573565,6139000,552844,214174.1175,757396.28,293418.541,14696.06905,0.159739171,20234500,66,"123,200",75.7,137,131.3,699.467,342.543,0.230878808,0.291855279,1.645,1.55,1.46,1.49,-0.06,4.08,2.95,4.95,10614.66667,1465.333333,32165,456,4821,405
2019-08-01,632,792135,7681,2019,8,37618495,14573565,6139000,552844,214174.1175,756290.592,292990.1928,14696.06905,0.159739171,20300200,66.1,"123,200",75.6,136.8,131.3,702.208,343.773,0.232122417,0.293331491,1.638,1.33,1.17,1.13,-0.2,4.15,2.88,4.88,10614.66667,1465.333333,32165,557,4952,423
2019-09-01,633,842476,7790,2019,9,37618495,14573565,6139000,552844,214174.1175,752973.528,291705.1481,14696.06905,0.159739171,20282200,66,"123,200",75,136.2,130.8,704.95,345.002,0.234055373,0.29567699,1.624,1.58,1.42,1.39,-0.19,4.16,2.825,4.825,10614.66667,1465.333333,32165,330,4826,455
2019-10-01,634,851742,8444,2019,10,37828162,14666727,6139000,553262.5,214510.8199,755756.575,293021.78,14625.67756,0.075699474,20274500,65.8,"123,200",74.9,136.6,131.4,707.692,346.232,0.23410051,0.295397837,1.662,1.56,1.46,1.45,-0.11,4.17,2.825,4.825,8112,274.3333333,13438,404,4903,325
2019-11-01,635,843307,7054,2019,11,37828162,14666727,6139000,553262.5,214510.8199,754650.05,292592.7584,14625.67756,0.075699474,20293700,65.8,"123,200",74.5,136.4,131,710.433,347.462,0.235351803,0.29688192,1.652,1.6,1.51,1.47,-0.13,4,2.855,4.855,8112,274.3333333,13438,371,4890,384
2019-12-01,636,838662,4364,2019,12,37828162,14666727,6139000,553262.5,214510.8199,754650.05,292592.7584,14625.67756,0.075699474,20326200,65.8,"123,200",74.3,136.4,130.8,713.175,348.692,0.236260171,0.297932869,1.671,1.67,1.64,1.61,-0.06,3.95,2.91,4.91,8112,274.3333333,13438,407,4953,343
2020-01-01,637,838087,4546,2020,1,37928208,14718155,6197000,554594,215211.867,758684.592,294409.834,14622.20414,0.240663338,20326200,65.8,"130,300",73.2,136.8,131,715.917,349.922,0.235907322,0.297138512,1.642,1.47,1.34,1.31,-0.16,3.9,2.94,4.94,7489.666667,-537.3333333,1621,406,5042,316
2020-02-01,638,910142,7193,2020,2,37928208,14718155,6197000,554594,215211.867,762012.156,295701.1052,14622.20414,0.240663338,20384800,65.9,"130,300",73.4,137.4,132.1,718.658,351.152,0.235776422,0.296880865,1.638,1.32,1.21,1.21,-0.11,3.91,2.93,4.93,7489.666667,-537.3333333,1621,230,4969,277
2020-03-01,639,902787,7945,2020,3,37928208,14718155,6197000,554594,215211.867,757575.404,293979.4103,14622.20414,0.240663338,19725200,63.7,"130,300",69,136.6,132.2,721.4,352.382,0.238062111,0.299665544,0.233,0.62,0.78,0.88,0.26,2.64,2.745,4.79,7489.666667,-537.3333333,1621,386,5043,309
2020-04-01,640,820222,2958,2020,4,38006941,14752374,6197000,555470.5,215605.5801,753773.4685,292576.7722,14614.9752,0.158043542,18631600,60.1,"130,300",61.7,135.7,131.8,748.675,354.059,0.248309018,0.302535124,0.272,0.32,0.41,0.56,0.24,2.31,2.68,4.79,4229,-271,-11704,182,4922,303
2020-05-01,641,863523,4594,2020,5,38006941,14752374,6197000,555470.5,215605.5801,755995.3505,293439.1945,14614.9752,0.158043542,19131200,61.6,"130,300",64.2,136.1,131.5,775.95,355.735,0.2565988,0.303073862,0.255,0.3,0.4,0.54,0.24,2.47,2.655,4.79,4229,-271,-11704,530,5051,400
2020-06-01,642,931085,8649,2020,6,38006941,14752374,6197000,555470.5,215605.5801,762105.526,295810.8559,14614.9752,0.158043542,19977700,64.3,"130,300",69.1,137.2,132.1,803.225,357.412,0.263488773,0.30206126,0.209,0.3,0.38,0.54,0.24,2.43,2.55,4.79,4229,-271,-11704,652,5227,467
2020-07-01,643,943670,11035,2020,7,38027406,14757582,6197000,556122.3,215818.5716,762999.7956,296103.0802,14624.25021,0.117341965,20094000,64.6,"130,300",70.4,137.2,131.9,830.5,359.088,0.272116718,0.303178204,0.165,0.26,0.32,0.48,0.22,2.34,2.41,4.79,3175.333333,-7,-33458,652,5542,336
2020-08-01,644,951467,10741,2020,8,38027406,14757582,6197000,556122.3,215818.5716,761887.551,295671.4431,14624.25021,0.117341965,20164100,64.8,"130,300",71.2,137,131.9,857.775,360.765,0.28146378,0.305038759,0.149,0.29,0.41,0.61,0.32,2.22,2.225,4.79,3175.333333,-7,-33458,491,5648,378
2020-09-01,645,960680,11041,2020,9,38027406,14757582,6197000,556122.3,215818.5716,761331.4287,295455.6245,14624.25021,0.117341965,20418300,65.5,"130,300",72.2,136.9,131.9,885.05,362.442,0.290625727,0.306680572,0.136,0.25,0.36,0.57,0.32,2.15,2.115,4.79,3175.333333,-7,-33458,654,5901,395
2020-10-01,646,968561,10519,2020,10,38028638,14761811,6197000,560665.5,217636.9857,770915.0625,299250.8554,14743.24429,0.816942604,20451500,65.6,"130,300",72.6,137.5,132.5,912.325,364.118,0.29585782,0.304191278,0.086,0.24,0.36,0.59,0.35,2.1,2.02,4.79,3712,-128.6666667,-3501,714,6176,438
2020-11-01,647,955971,8750,2020,11,38028638,14761811,6197000,560665.5,217636.9857,772036.3935,299686.1293,14743.24429,0.816942604,20406800,65.4,"130,300",72.4,137.7,132.7,939.6,365.795,0.304260268,0.305148424,0.109,0.27,0.45,0.7,0.43,2.07,1.98,4.79,3712,-128.6666667,-3501,522,6126,563
2020-12-01,648,932222,7180,2020,12,38028638,14761811,6197000,560665.5,217636.9857,770354.397,299033.2184,14743.24429,0.816942604,20404400,65.4,"130,300",71.9,137.4,132.2,966.875,367.471,0.313776037,0.307215869,0.115,0.2,0.41,0.7,0.5,1.98,1.955,4.79,3712,-128.6666667,-3501,429,6097,457
2021-01-01,649,966001,6887,2021,1,38058291,14772726,6255000,562233.3,218236.7697,777006.4206,301603.2158,14772.95184,0.279631973,20255600,64.9,"131,600",69.8,138.2,132.8,994.15,369.148,0.319865439,0.305988117,0.056,0.16,0.41,0.8,0.64,1.85,1.94,4.79,9001.333333,-2075,7704,338,5852,574
2021-02-01,650,1044910,10925,2021,2,38058291,14772726,6255000,562233.3,218236.7697,780942.0537,303130.8731,14772.95184,0.279631973,20361000,65.2,"131,600",71.2,138.9,133.1,1021.425,370.824,0.326984888,0.305828301,0.073,0.23,0.73,1.31,1.08,1.77,1.92,4.79,9001.333333,-2075,7704,456,5739,555
2021-03-01,651,1097319,15627,2021,3,38058291,14772726,6255000,562233.3,218236.7697,784877.6868,304658.5305,14772.95184,0.279631973,20449900,65.5,"131,600",72.2,139.6,133.4,1048.7,372.501,0.334032938,0.305670909,0.096,0.22,0.99,1.55,1.33,1.64,1.935,4.79,9001.333333,-2075,7704,505,5812,423
2021-04-01,652,1090414,13613,2021,4,38140918,14808093,6255000,563838.5,218908.5471,791065.4155,307128.6916,14783.03433,0.285504256,20350900,65.1,"131,600",71.7,140.3,134.2,1056.306,373.363,0.333823847,0.303914133,0.101,0.31,0.93,1.53,1.22,1.57,1.99,4.79,10215,-3924.333333,3180,613,5913,511
2021-05-01,653,1108137,11902,2021,5,38140918,14808093,6255000,563838.5,218908.5471,795012.285,308661.0514,14783.03433,0.285504256,20304800,65,"131,600",72.9,141,134.6,1063.912,374.224,0.334558352,0.303102706,0.109,0.31,0.87,1.45,1.14,1.59,2.07,4.79,10215,-3924.333333,3180,599,6016,494
2021-06-01,654,1089012,11052,2021,6,38140918,14808093,6255000,563838.5,218908.5471,797267.639,309536.6856,14783.03433,0.285504256,20514400,65.6,"131,600",74.7,141.4,135,1071.519,375.086,0.33599727,0.302941475,0.142,0.45,0.97,1.39,0.94,1.57,2.1,5.25,10215,-3924.333333,3180,590,6170,426
2021-07-01,655,1061653,9338,2021,7,38239864,14842488,6255000,566660.5,219944.6021,806357.8915,312981.1688,14818.58042,0.500497926,20540500,65.6,"131,600",74.7,142.3,135.6,1079.125,375.948,0.334567632,0.300296022,0.18,0.45,0.78,1.17,0.72,1.53,2.225,5.25,15616.33333,-1069.666667,42550,861,6707,318
2021-08-01,656,1070176,8550,2021,8,38239864,14842488,6255000,566660.5,219944.6021,808057.873,313641.0026,14818.58042,0.500497926,20548800,65.5,"131,600",74.7,142.6,135.9,1086.731,376.81,0.336216946,0.300351355,0.178,0.45,0.87,1.25,0.8,1.54,2.26,5.25,15616.33333,-1069.666667,42550,776,6973,504
2021-09-01,657,1135027,9010,2021,9,38239864,14842488,6255000,566660.5,219944.6021,809757.8545,314300.8364,14818.58042,0.500497926,20705600,66,"131,600",74.8,142.9,136.2,1094.338,377.672,0.337859643,0.300406455,0.146,0.53,1.11,1.51,0.98,1.48,2.255,5.25,15616.33333,-1069.666667,42550,494,7034,433
2021-10-01,658,1155624,9743,2021,10,38460257,14947417,6255000,576806,224173.2241,830023.834,322585.2694,14997.45569,1.790401837,20624400,65.6,"131,600",75,143.9,136.8,1101.944,378.533,0.331901313,0.29335887,0.146,1.07,1.42,1.6,0.53,1.45,2.17,5.25,19038.33333,-1441.666667,-11168,539,7047,525
2021-11-01,659,1162564,8979,2021,11,38460257,14947417,6255000,576806,224173.2241,831754.252,323257.7891,14997.45569,1.790401837,20699400,65.8,"131,600",75.3,144.2,136.8,1109.55,379.395,0.333496943,0.293415204,0.129,1.05,1.56,1.77,0.72,1.46,2.29,5.25,19038.33333,-1441.666667,-11168,688,7247,482
2021-12-01,660,1157837,6013,2021,12,38460257,14947417,6255000,576806,224173.2241,830600.64,322809.4427,14997.45569,1.790401837,20741200,65.8,"131,600",75.1,144,136.7,1117.156,380.257,0.33624944,0.294490301,0.174,0.99,1.3,1.47,0.48,1.46,2.445,5.25,19038.33333,-1441.666667,-11168,461,7322,386
2022-01-01,661,1242155,5593,2022,1,38565380,14997903,6313000,583642,226975.7514,848031.826,329795.7668,15133.83247,1.185147173,20630700,65.4,"131,500",73,145.3,137.5,1124.762,381.118,0.331580126,0.288904557,0.517,1.26,1.67,1.84,0.58,1.47,2.56,5.25,12790.33333,-2864,21599,478,7377,423
2022-02-01,662,1334062,9028,2022,2,38565380,14997903,6313000,583642,226975.7514,856786.456,333200.403,15133.83247,1.185147173,20764700,65.7,"131,500",74.6,146.8,138.3,1132.369,381.98,0.330411677,0.286599293,0.618,1.57,1.79,1.97,0.4,1.49,2.76,5.25,12790.33333,-2864,21599,418,7234,559
2022-03-01,663,1298671,10864,2022,3,38565380,14997903,6313000,583642,226975.7514,869042.938,337966.8938,15133.83247,1.185147173,20762700,65.6,"131,500",74.7,148.9,139.6,1139.975,382.842,0.32793978,0.283194898,0.773,2.31,2.42,2.43,0.12,1.77,2.95,5.25,12790.33333,-2864,21599,546,7308,473
2022-04-01,664,1250739,7941,2022,4,38693009,15051975,6313000,589642.8,229377.061,883284.9144,343606.8373,15239.00093,1.028164526,20826200,65.7,"131,500",75.1,149.8,140.4,1142.728,384.256,0.323431313,0.279575345,1.376,2.5,2.64,2.8,0.3,2.31,3.195,5.25,13013.66667,-4964,67950,521,7230,599
2022-05-01,665,1210700,7229,2022,5,38693009,15051975,6313000,589642.8,229377.061,895667.4132,348423.7556,15239.00093,1.028164526,20847500,65.7,"131,500",76.8,151.9,141.6,1145.481,385.669,0.319728334,0.276724099,1.477,2.53,2.6,2.76,0.23,2.51,3.36,5.36,13013.66667,-4964,67950,432,7116,542
2022-06-01,666,1145786,6424,2022,6,38693009,15051975,6313000,589642.8,229377.061,901563.8412,350717.5262,15239.00093,1.028164526,20778200,65.4,"131,500",77.1,152.9,142.2,1148.234,387.083,0.318400636,0.275922196,2.105,3.14,3.17,3.29,0.15,3.1,3.63,5.63,13013.66667,-4964,67950,466,7189,393
2022-07-01,667,1073318,4871,2022,7,38950132,15155836,6313000,591868.3,230301.1165,906150.3673,352591.0094,15195.54029,0.377431896,20794500,65.3,"131,500",76.7,153.1,143.1,1150.988,388.497,0.317548842,0.275458669,2.696,3.08,2.83,2.77,-0.31,4,4.01,6.01,11248,-1963.666667,106930,533,7213,509
2022-08-01,668,1079739,5591,2022,8,38950132,15155836,6313000,591868.3,230301.1165,903191.0258,351439.5038,15195.54029,0.377431896,20865100,65.4,"131,500",76.2,152.6,143.1,1153.741,389.91,0.319351324,0.277366372,3.318,3.64,3.34,3.11,-0.53,4.19,4.39,6.39,11248,-1963.666667,106930,689,7584,320
2022-09-01,669,1086505,5008,2022,9,38950132,15155836,6313000,591868.3,230301.1165,903782.8941,351669.8049,15195.54029,0.377431896,20862700,65.3,"131,500",75.6,152.7,143.6,1156.494,391.324,0.319903709,0.278189934,3.652,3.75,3.24,3.08,-0.67,4.92,4.7,6.7,11248,-1963.666667,106930,499,7647,436
2022-10-01,670,1090074,4940,2022,10,39284491,15305369,6313000,592680.3,230910.2259,911542.3014,355139.9274,15086.87741,0.137192683,20955300,65.5,"131,500",75.9,153.8,144.1,1159.247,392.738,0.317935602,0.276467084,4.172,3.87,3.41,3.28,-0.59,5.43,4.93,6.93,7389,-1304,80304,496,7876,267
2022-11-01,671,1079122,4534,2022,11,39284491,15305369,6313000,592680.3,230910.2259,912727.662,355601.7479,15086.87741,0.137192683,20982500,65.5,"131,500",75.8,154,144.2,1162,394.151,0.318276757,0.277101422,4.133,3.89,3.18,2.96,-0.93,5.56,5.07,7.07,7389,-1304,80304,686,8003,556
2022-12-01,672,1051216,3117,2022,12,39284491,15305369,6313000,592680.3,230910.2259,907393.5393,353523.5558,15086.87741,0.137192683,21049600,65.6,"131,500",75.7,153.1,144,1164.753,395.565,0.320906241,0.279730299,4.303,4.02,3.37,3.29,-0.73,6.03,5.14,7.14,7389,-1304,80304,565,8187,381
2023-01-01,673,1037027,3082,2023,1,39501329,15407970,6372000,599156.5,233708.2223,922101.8535,359676.9541,15168.00865,1.092697024,21193400,65.8,"131,900",75,153.9,144.3,1167.507,396.979,0.316534176,0.275927465,4.458,3.56,2.88,2.79,-0.77,6.31,5.11,7.11,15650.66667,-3258.666667,44572,390,7819,757
2023-02-01,674,1096157,4754,2023,2,39501329,15407970,6372000,599156.5,233708.2223,925696.7925,361079.2034,15168.00865,1.092697024,21240600,65.8,"131,900",75.3,154.5,145,1170.26,398.392,0.316048411,0.275834219,4.564,4.2,3.54,3.37,-0.83,6.35,4.98,6.98,15650.66667,-3258.666667,44572,468,7823,462
2023-03-01,675,1107052,6867,2023,3,39501329,15407970,6372000,599156.5,233708.2223,930490.0445,362948.8692,15168.00865,1.092697024,21284200,65.8,"131,900",75.4,155.3,145.9,1173.013,399.806,0.315160008,0.275387275,4.407,3.75,3.05,2.93,-0.82,6.59,4.975,6.975,15650.66667,-3258.666667,44572,402,7559,666
2023-04-01,676,1152519,7487,2023,4,39727297,15495050,6372000,599386,233781.7254,937439.704,365634.6186,15087.51023,0.038303849,21337700,65.8,"131,900",75.5,156.4,146.6,1178.274,400.636,0.31422661,0.273931939,4.45,3.62,2.98,2.85,-0.77,6.65,4.98,6.98,14358,-3383.666667,92882,316,7388,490
2023-05-01,677,1195274,8959,2023,5,39727297,15495050,6372000,599386,233781.7254,941036.02,367037.3089,15087.51023,0.038303849,21358500,65.7,"131,900",76.8,157,147.2,1183.536,401.465,0.314423671,0.273449722,4.563,4.22,3.44,3.18,-1.04,6.81,4.905,6.905,14358,-3383.666667,92882,325,7165,549
2023-06-01,678,1181002,7429,2023,6,39727297,15495050,6372000,599386,233781.7254,942234.792,367504.8724,15087.51023,0.038303849,21486300,65.9,"131,900",77.3,157.2,147.2,1188.798,402.295,0.31541979,0.27366644,4.932,4.52,3.61,3.22,-1.3,7.33,4.965,6.965,14358,-3383.666667,92882,370,6991,542
2023-07-01,679,1116978,5219,2023,7,40049088,15632481,6372000,599885.3,234155.0338,948418.6593,370199.1084,14978.75058,0.083301912,21527400,65.8,"131,900",76.8,158.1,148,1194.059,403.124,0.314749976,0.272234583,5.034,4.65,3.85,3.45,-1.2,7.7,5.16,7.16,9580.666667,-3130.333333,155211,472,6931,534
2023-08-01,680,1082881,5251,2023,8,40049088,15632481,6372000,599885.3,234155.0338,952017.9711,371604.0386,14978.75058,0.083301912,21589500,65.8,"131,900",76.4,158.7,148.3,1199.32,403.954,0.314941534,0.271763731,5.157,4.65,3.9,3.57,-1.08,7.56,5.325,7.325,9580.666667,-3130.333333,155211,390,6758,562
2023-09-01,681,1118200,4605,2023,9,40049088,15632481,6372000,599885.3,234155.0338,950818.2005,371135.7286,14978.75058,0.083301912,21657200,65.8,"131,900",75.8,158.5,148.2,1204.582,404.784,0.316722482,0.272665745,5.145,4.96,4.33,4.09,-0.87,7.29,5.52,7.52,9580.666667,-3130.333333,155211,406,6708,457
2023-10-01,682,1123390,4611,2023,10,40467722,15823956,6372000,600215.5,234700.23,951941.783,372234.5648,14831.95669,0.055043856,21734600,65.9,"131,900",75.7,158.6,149,1209.844,405.613,0.317730564,0.272417609,5.161,4.73,4.23,4.11,-0.62,7.06,5.66,7.66,10942.66667,-1842.666667,87753,434,6555,586
2023-11-01,683,1077891,4194,2023,11,40467722,15823956,6372000,600215.5,234700.23,953142.214,372703.9653,14831.95669,0.055043856,21763600,65.8,"131,900",75.5,158.8,149.3,1215.105,406.443,0.318710309,0.272631256,5.042,4.17,3.6,3.51,-0.66,6.88,5.82,7.82,10942.66667,-1842.666667,87753,419,6454,502
2023-12-01,684,1084757,3419,2023,12,40467722,15823956,6372000,600215.5,234700.23,950141.1365,371530.4642,14831.95669,0.055043856,21797400,65.7,"131,900",75.2,158.3,148.9,1220.366,407.272,0.321101243,0.274050205,5.037,3.91,3.18,3.06,-0.85,6.83,5.74,7.74,10942.66667,-1842.666667,87753,329,6347,434
2024-01-01,685,1025226,4177,2024,1,40724526,15946146,6431000,600741,235226.8924,950973.003,372364.1706,14751.33191,0.087551888,21817200,65.6,,74.1,158.3,148.8,1225.628,408.102,0.322203679,0.27399387,5.031,4,3.43,3.35,-0.65,6.83,5.47,7.47,12938.66667,-4234,66838,281,5943,684
2024-02-01,686,1109444,5563,2024,2,40724526,15946146,6431000,600741,235226.8924,953976.708,373540.3051,14751.33191,0.087551888,21894800,65.6,,74.4,158.8,149.1,1230.89,408.931,0.322568148,0.273685995,4.981,4.19,3.6,3.52,-0.67,6.85,5.32,7.32,12938.66667,-4234,66838,237,5714,465
2024-03-01,687,1120984,6519,2024,3,40724526,15946146,6431000,600741,235226.8924,959984.118,375892.574,14751.33191,0.087551888,21956900,65.6,,74.3,159.8,150.1,1236.151,409.761,0.321919649,0.272525336,4.999,4.13,3.5,3.44,-0.69,6.97,5.245,7.245,12938.66667,-4234,66838,352,5588,475
2024-04-01,688,1154348,7070,2024,4,40990297,16046534,6431000,604005.5,236450.9531,970032.833,379740.2306,14735.3287,0.543412219,22060100,65.7,,74.7,160.6,150.5,1238.679,411.202,0.319236359,0.270712692,4.94,4.27,3.82,3.79,-0.48,6.98,5.11,7.11,14323.33333,-5022.666667,57908,305,5432,459
2024-05-01,689,1165077,6977,2024,5,40990297,16046534,6431000,604005.5,236450.9531,975468.8825,381868.2892,14735.3287,0.543412219,22081900,65.6,,75.7,161.5,151.4,1241.206,412.643,0.31810497,0.270147464,4.872,4.31,3.81,3.75,-0.56,6.98,5.115,7.115,14323.33333,-5022.666667,57908,290,5212,511
2024-06-01,690,1161144,6177,2024,6,40990297,16046534,6431000,604005.5,236450.9531,974864.877,381631.8382,14735.3287,0.543412219,22140400,65.5,,75.8,161.4,151.4,1243.734,414.083,0.318950356,0.271258159,4.659,4.04,3.51,3.47,-0.57,6.73,5.035,7.035,14323.33333,-5022.666667,57908,324,5188,347
2024-07-01,691,1106685,5361,2024,7,41262329,16144797,6431000,607606.3,237739.3765,984929.8123,385375.5293,14725.44848,0.596153512,22138200,65.3,,75.2,162.1,152,1246.262,415.524,0.316332693,0.269557852,4.409,3.46,3.09,3.18,-0.28,6.46,4.98,6.98,10782.66667,-1407.666667,37045,502,5303,388
2024-08-01,692,1074083,4946,2024,8,41262329,16144797,6431000,607606.3,237739.3765,983106.9934,384662.3112,14725.44848,0.596153512,22220900,65.4,,74.9,161.8,151.8,1248.79,416.965,0.317562078,0.270994186,4.205,3.27,2.97,3.08,-0.19,6.19,4.92,6.92,10782.66667,-1407.666667,37045,544,5484,363
2024-09-01,693,1106542,4969,2024,9,41262329,16144797,6431000,607606.3,237739.3765,978853.7493,382998.1355,14725.44848,0.596153512,22237600,65.2,,74.5,161.1,151.7,1251.318,418.406,0.319587579,0.273112296,3.979,2.95,2.79,3.01,0.06,5.89,4.72,6.72,10782.66667,-1407.666667,37045,554,5716,321
2024-10-01,694,1134859,6625,2024,10,41494132,16228152,6431000,610704.3,238843.4636,988119.5574,386448.7242,14717.84733,0.509869631,22259000,65.2,,74.4,161.8,152.4,1253.845,419.846,0.317230084,0.271605244,3.643,3.09,3.05,3.25,0.16,5.37,4.605,6.605,12176,-694,-14011,533,5890,359
2024-11-01,695,1106148,5867,2024,11,41494132,16228152,6431000,610704.3,238843.4636,988119.5574,386448.7242,14717.84733,0.509869631,22367000,65.4,,74.1,161.8,152.2,1256.373,421.287,0.317869683,0.27253745,3.481,3.2,3.09,3.23,0.03,5.3,4.475,6.475,12176,-694,-14011,473,6024,336
2024-12-01,696,1067186,3359,2024,12,41494132,16228152,6431000,610704.3,238843.4636,984455.3316,385015.6634,14717.84733,0.509869631,22422800,65.4,,74,161.2,152.1,1258.901,422.728,0.3196948,0.274487534,3.14,3.03,3.05,3.29,0.26,4.83,4.405,6.405,12176,-694,-14011,328,6008,340
2025-01-01,697,1041171,3820,2025,1,41574517,16255550,6491000,614059.8,240096.1094,990478.4574,387275.0245,14770.10064,0.54944758,22484000,65.5,,73.4,161.3,152,1261.428,424.168,0.31838855,0.273815747,2.962,2.79,2.87,3.18,0.39,4.59,4.435,6.435,10959,-1773.333333,-34301,219,5782,439
2025-02-01,698,1086744,4128,2025,2,41574517,16255550,6491000,614059.8,240096.1094,1000917.474,391356.6583,14770.10064,0.54944758,22467200,65.3,,73.6,163,153.4,1263.956,425.609,0.315699354,0.271880515,2.838,2.65,2.7,2.98,0.33,4.57,4.415,6.415,10959,-1773.333333,-34301,167,5604,343
2025-03-01,699,1090326,4957,2025,3,41574517,16255550,6491000,614059.8,240096.1094,1003987.773,392557.1389,14770.10064,0.54944758,22470700,65.2,,73.4,163.5,153.7,1266.484,427.05,0.315363402,0.271966777,2.645,2.61,2.76,3.12,0.51,4.34,4.32,6.32,10959,-1773.333333,-34301,160,5244,511
,,,,,,,,,,,,,,,,,,,,,,,,,,,,,,,,,,,,,,
,,,,,,,,,,,,,,,,,,,,,,,,,,,,,,,,,,,,,,
,,,,,,,,,,,,,,,,,,,,,,,,,,,,,,,,,,,,,,
,,,,,,,,,,,,,,,,,,,,,,,,,,,,,,,,,,,,,,
,,,,,,,,,,,,,,,,,,,,,,,,,,,,,,,,,,,,,,
