date,ID,"MARKET PRICE (TARGET) (average, detached Single Family Homes)",sales volume,year,month,National pop.,Provincial pop.,Municipal pop.,"National GDP (real, seasonally adjusted)",GDP per cap. (real),Most Recent Quarterly GDP % change (extended),GDP Construction (real),"GDP Construction (real, monthly)","GDP Finance, Insurance, Real Estate, Renting/Leasing (real, monthly)","GDP Finance, Insurance, Real Estate, Renting/Leasing (real)","Total Labour Force Size (people 15 or over, employed or actively seeking work)",Labour Force Participation Rate,Total Employment Rate,Labour Productivity,Labour Compensation,Median Income per Household in Toronto,"CPI - National, All Products","CPI - National, Core",National Debt (Billions),Provincial Debt,3 Month T-bill,2y bond,5y bond,10y bond,Yield curve slope,Variable mortgage rate,5-year fixed mortgage rate ,5-year fixed mortgage qualifying rate,Ontario Net International Migration (monthly),Ontario Net Interprovincial Migration (monthly),Ontario Net Non-Permanent Residents,"Housing Starts (SFH, monthly)","Under Construction (SFH, monthly)","Completions  (SFH, monthly)"
1967-01-01,1,24078,1036,1967,1,20228000,7063000,2252000,130807.5,6466.655132,0.225801607,29.155,2.429583333,15.672,1.306,7650000,58.8,58.6,421.999,102189.23,63503.73913,17.7,19.5,17.5348,1.1771,4.68,4.92,5.2,5.6,0.68,5.822,7.13,7.13,5335.333333,1123.333333,838,565.75,3738,554.9166667
1967-02-01,2,24078,1036,1967,2,20228000,7063000,2252000,130807.5,6466.655132,0.225801607,29.155,2.429583333,15.672,1.306,7668000,58.75493506,58.6,421.999,102189.23,63503.73913,17.7,19.5,17.6215,1.1965,4.58,5.05,5.16,5.64,0.59,5.822,7.09,7.09,5335.333333,1123.333333,838,565.75,3738,554.9166667
1967-03-01,3,24078,1036,1967,3,20228000,7063000,2252000,130807.5,6466.655132,0.225801607,29.155,2.429583333,15.672,1.306,7745000,58.77974026,58.9,421.999,102189.23,63503.73913,17.8,19.7,17.708,1.216,4.13,4.35,4.76,5.48,1.13,5.822,7.03,7.03,5335.333333,1123.333333,838,565.75,3738,554.9166667
1967-04-01,4,24078,1036,1967,4,20306000,7096000,2252000,133231.8,6561.203585,1.853334098,29.155,2.429583333,15.672,1.306,7680000,58.80454545,59,421.999,102189.23,63503.73913,17.9,19.9,17.795,1.235,4,4.47,4.81,5.56,1.09,5.572,7,7,8815,1244.666667,1584,565.75,3738,554.9166667
1967-05-01,5,24078,1036,1967,5,20306000,7096000,2252000,133231.8,6561.203585,1.853334098,29.155,2.429583333,15.672,1.306,7733000,58.82935065,60.6,421.999,102189.23,63503.73913,18,19.9,17.882,1.255,4.24,4.92,5.4,5.72,0.8,5.572,6.97,6.97,8815,1244.666667,1584,565.75,3738,554.9166667
1967-06-01,6,24078,1036,1967,6,20306000,7096000,2252000,133231.8,6561.203585,1.853334098,29.155,2.429583333,15.672,1.306,7696000,58.85415584,61.8,421.999,102189.23,63503.73913,18.1,20,17.968,1.274,4.28,5.34,5.68,5.87,0.53,5.572,7.08,7.08,8815,1244.666667,1584,565.75,3738,554.9166667
1967-07-01,7,24078,1036,1967,7,20412000,7142000,2252000,133651.8,6547.707231,0.315240055,29.155,2.429583333,15.672,1.306,7777000,58.87896104,63,421.999,102189.23,63503.73913,18.2,20.1,18.055,1.294,4.32,5.4,5.89,5.88,0.48,5.572,7.22,7.22,7520,1885.333333,2347,565.75,3738,554.9166667
1967-08-01,8,24078,1036,1967,8,20412000,7142000,2252000,133651.8,6547.707231,0.315240055,29.155,2.429583333,15.672,1.306,7799000,58.90376623,63.3,421.999,102189.23,63503.73913,18.3,20.1,18.142,1.314,4.34,5.49,5.98,5.99,0.5,5.572,7.25,7.25,7520,1885.333333,2347,565.75,3738,554.9166667
1967-09-01,9,24078,1036,1967,9,20412000,7142000,2252000,133651.8,6547.707231,0.315240055,29.155,2.429583333,15.672,1.306,7778000,58.92857143,61.4,421.999,102189.23,63503.73913,18.3,20.1,18.229,1.333,4.76,5.8,6.1,6.19,0.39,5.572,7.3,7.3,7520,1885.333333,2347,565.75,3738,554.9166667
1967-10-01,10,24078,1036,1967,10,20509000,7186000,2252000,134234,6545.12653,0.435609547,29.155,2.429583333,15.672,1.306,7761000,58.95337662,61.5,421.999,102189.23,63503.73913,18.3,20.2,18.316,1.353,4.95,5.79,6.05,6.36,0.57,5.822,7.69,7.69,5173.333333,-108,-3300,565.75,3738,554.9166667
1967-11-01,11,24078,1036,1967,11,20509000,7186000,2252000,134234,6545.12653,0.435609547,29.155,2.429583333,15.672,1.306,7817000,58.97818182,61,421.999,102189.23,63503.73913,18.3,20.3,18.403,1.372,5.46,5.8,6.17,6.41,0.61,5.822,7.72,7.72,5173.333333,-108,-3300,565.75,3738,554.9166667
1967-12-01,12,24078,1036,1967,12,20509000,7186000,2252000,134234,6545.12653,0.435609547,29.155,2.429583333,15.672,1.306,7859000,59.00298701,60.3,421.999,102189.23,63503.73913,18.4,20.3,18.49,1.392,5.95,6.16,6.48,6.54,0.38,6.322,7.72,7.72,5173.333333,-108,-3300,565.75,3738,554.9166667
1968-01-01,13,26732,1020.416667,1968,1,20581000,7213000,2343000,135378.3,6577.829066,0.852466588,30.938,2.578166667,16.834,1.402833333,7810000,59.02779221,58.8,442.849,109090.946,67936.43478,18.5,20.4,18.576,1.411,6.29,6.35,6.53,6.54,0.19,6.322,8.03,8.03,3390.333333,901.3333333,838,462.9166667,3407,484
1968-02-01,14,26732,1020.416667,1968,2,20581000,7213000,2343000,135378.3,6577.829066,0.852466588,30.938,2.578166667,16.834,1.402833333,7834000,59.0525974,58.9,442.849,109090.946,67936.43478,18.5,20.6,18.663,1.431,6.8,6.51,6.77,6.72,0.21,6.822,8.04,8.04,3390.333333,901.3333333,838,462.9166667,3407,484
1968-03-01,15,26732,1020.416667,1968,3,20581000,7213000,2343000,135378.3,6577.829066,0.852466588,30.938,2.578166667,16.834,1.402833333,7828000,59.0774026,59.1,442.849,109090.946,67936.43478,18.6,20.6,18.75,1.45,6.98,6.69,7.12,6.91,0.22,6.822,8.16,8.16,3390.333333,901.3333333,838,462.9166667,3407,484
1968-04-01,16,26732,1020.416667,1968,4,20644000,7238000,2343000,139017.8,6734.053478,2.688392453,30.938,2.578166667,16.834,1.402833333,7867000,59.10220779,59.3,442.849,109090.946,67936.43478,18.6,20.8,18.806,1.462,6.99,6.58,6.87,6.62,0.04,6.822,8.4,8.4,5734.333333,1758.333333,1584,462.9166667,3407,484
1968-05-01,17,26732,1020.416667,1968,5,20644000,7238000,2343000,139017.8,6734.053478,2.688392453,30.938,2.578166667,16.834,1.402833333,7859000,59.12701299,60.8,442.849,109090.946,67936.43478,18.6,20.8,18.861,1.474,6.95,6.71,7.08,6.97,0.26,7.072,8.43,8.43,5734.333333,1758.333333,1584,462.9166667,3407,484
1968-06-01,18,26732,1020.416667,1968,6,20644000,7238000,2343000,139017.8,6734.053478,2.688392453,30.938,2.578166667,16.834,1.402833333,7956000,59.15181818,62.1,442.849,109090.946,67936.43478,18.7,20.9,18.917,1.486,6.56,6.63,6.79,6.62,-0.01,7.072,8.38,8.38,5734.333333,1758.333333,1584,462.9166667,3407,484
1968-07-01,19,26732,1020.416667,1968,7,20729000,7275000,2343000,140954,6799.845627,1.392771285,30.938,2.578166667,16.834,1.402833333,7958000,59.17662338,63.2,442.849,109090.946,67936.43478,18.9,20.9,18.972,1.497,6.03,6.17,6.44,6.49,0.32,6.822,8.34,8.34,5127,-153.6666667,2347,462.9166667,3407,484
1968-08-01,20,26732,1020.416667,1968,8,20729000,7275000,2343000,140954,6799.845627,1.392771285,30.938,2.578166667,16.834,1.402833333,7988000,59.20142857,63.5,442.849,109090.946,67936.43478,19,20.9,19.028,1.509,5.48,5.87,6.21,6.43,0.56,6.822,8.32,8.32,5127,-153.6666667,2347,462.9166667,3407,484
1968-09-01,21,26732,1020.416667,1968,9,20729000,7275000,2343000,140954,6799.845627,1.392771285,30.938,2.578166667,16.834,1.402833333,8022000,59.22623377,61.6,442.849,109090.946,67936.43478,19,21,19.084,1.521,5.66,5.94,6.25,6.6,0.66,6.572,8.23,8.23,5127,-153.6666667,2347,462.9166667,3407,484
1968-10-01,22,26732,1020.416667,1968,10,20814000,7305000,2343000,142905.8,6865.849909,1.384707068,30.938,2.578166667,16.834,1.402833333,8054000,59.25103896,61.7,442.849,109090.946,67936.43478,19,21.1,19.139,1.533,5.57,6.16,6.48,6.83,0.67,6.572,8.21,8.21,5315.333333,1333.666667,-3300,462.9166667,3407,484
1968-11-01,23,26732,1020.416667,1968,11,20814000,7305000,2343000,142905.8,6865.849909,1.384707068,30.938,2.578166667,16.834,1.402833333,8115000,59.27584416,61.2,442.849,109090.946,67936.43478,19.2,21.1,19.195,1.544,5.66,6.13,6.53,6.95,0.82,6.572,8.29,8.29,5315.333333,1333.666667,-3300,462.9166667,3407,484
1968-12-01,24,26732,1020.416667,1968,12,20814000,7305000,2343000,142905.8,6865.849909,1.384707068,30.938,2.578166667,16.834,1.402833333,8088000,59.30064935,60.5,442.849,109090.946,67936.43478,19.2,21.2,19.25,1.556,6.24,6.71,7.06,7.3,0.59,6.572,8.3,8.3,5315.333333,1333.666667,-3300,462.9166667,3407,484
1969-01-01,25,28929,1041.083333,1969,1,20888000,7338000,2437000,144862.3,6935.192455,1.36908369,30.694,2.557833333,17.638,1.469833333,8150000,59.32545455,59,453.939,120238.052,72369.13043,19.2,21.3,19.306,1.568,6.38,6.71,6.99,7.16,0.45,6.822,8.65,8.65,2296,1592.333333,838,481.8333333,2676,540
1969-02-01,26,28929,1041.083333,1969,2,20888000,7338000,2437000,144862.3,6935.192455,1.36908369,30.694,2.557833333,17.638,1.469833333,8174000,59.35025974,59.1,453.939,120238.052,72369.13043,19.2,21.3,19.361,1.58,6.43,6.82,7.03,7.2,0.38,6.822,8.65,8.65,2296,1592.333333,838,481.8333333,2676,540
1969-03-01,27,28929,1041.083333,1969,3,20888000,7338000,2437000,144862.3,6935.192455,1.36908369,30.694,2.557833333,17.638,1.469833333,8175000,59.37506494,59.3,453.939,120238.052,72369.13043,19.3,21.4,19.417,1.591,6.58,7,7.27,7.22,0.22,7.322,8.68,8.68,2296,1592.333333,838,481.8333333,2676,540
1969-04-01,28,28929,1041.083333,1969,4,20950000,7362000,2437000,145458.3,6943.116945,0.411425195,30.694,2.557833333,17.638,1.469833333,8232000,59.39987013,59.5,453.939,120238.052,72369.13043,19.6,21.7,19.405,1.587,6.8,7.22,7.33,7.29,0.07,7.322,8.72,8.72,4034,2556,1584,481.8333333,2676,540
1969-05-01,29,28929,1041.083333,1969,5,20950000,7362000,2437000,145458.3,6943.116945,0.411425195,30.694,2.557833333,17.638,1.469833333,8222000,59.42467532,61.1,453.939,120238.052,72369.13043,19.6,21.8,19.394,1.583,6.74,7.54,7.69,7.48,-0.06,7.322,8.66,8.66,4034,2556,1584,481.8333333,2676,540
1969-06-01,30,28929,1041.083333,1969,6,20950000,7362000,2437000,145458.3,6943.116945,0.411425195,30.694,2.557833333,17.638,1.469833333,8181000,59.44948052,62.3,453.939,120238.052,72369.13043,19.7,22,19.382,1.579,7.13,7.53,7.62,7.5,-0.03,7.822,8.89,8.89,4034,2556,1584,481.8333333,2676,540
1969-07-01,31,28929,1041.083333,1969,7,21028000,7399000,2437000,147072,6994.103101,1.109390114,30.694,2.557833333,17.638,1.469833333,8170000,59.47428571,63.5,453.939,120238.052,72369.13043,19.8,22,19.37,1.574,7.62,7.77,7.64,7.52,-0.25,8.322,9.1,9.1,4382.666667,4592.333333,2347,481.8333333,2676,540
1969-08-01,32,28929,1041.083333,1969,8,21028000,7399000,2437000,147072,6994.103101,1.109390114,30.694,2.557833333,17.638,1.469833333,8188000,59.49909091,63.8,453.939,120238.052,72369.13043,19.9,22,19.359,1.57,7.69,7.69,7.71,7.53,-0.16,8.322,9.19,9.19,4382.666667,4592.333333,2347,481.8333333,2676,540
1969-09-01,33,28929,1041.083333,1969,9,21028000,7399000,2437000,147072,6994.103101,1.109390114,30.694,2.557833333,17.638,1.469833333,8180000,59.5238961,61.9,453.939,120238.052,72369.13043,19.9,22,19.347,1.566,7.77,7.86,8.06,7.81,-0.05,8.322,9.31,9.31,4382.666667,4592.333333,2347,481.8333333,2676,540
1969-10-01,34,28929,1041.083333,1969,10,21111000,7442000,2437000,149150.3,7065.051395,1.413117385,30.694,2.557833333,17.638,1.469833333,8204000,59.5487013,61.9,453.939,120238.052,72369.13043,19.9,22.2,19.335,1.561,7.6,7.73,8.02,7.82,0.09,8.322,9.41,9.41,4316,6196.333333,-3300,481.8333333,2676,540
1969-11-01,35,28929,1041.083333,1969,11,21111000,7442000,2437000,149150.3,7065.051395,1.413117385,30.694,2.557833333,17.638,1.469833333,8218000,59.57350649,61.4,453.939,120238.052,72369.13043,19.9,22.2,19.324,1.557,7.76,7.94,8.31,8.15,0.21,8.322,9.5,9.5,4316,6196.333333,-3300,481.8333333,2676,540
1969-12-01,36,28929,1041.083333,1969,12,21111000,7442000,2437000,149150.3,7065.051395,1.413117385,30.694,2.557833333,17.638,1.469833333,8249000,59.59831169,60.8,453.939,120238.052,72369.13043,20.1,22.3,19.312,1.553,7.81,8.07,8.29,8.33,0.26,8.322,9.7,9.7,4316,6196.333333,-3300,481.8333333,2676,540
1970-01-01,37,29492,874.8333333,1970,1,21182000,7488000,2536000,150072,7084.883392,0.617967245,31.351,2.612583333,19.018,1.584833333,8227000,59.62311688,59.2,473.069,127780.679,76801.82609,20.2,22.3,19.3,1.549,7.78,7.95,8.23,8.31,0.36,8.322,9.78,9.78,3470.333333,4661,838,270.75,1980,328.1666667
1970-02-01,38,29492,874.8333333,1970,2,21182000,7488000,2536000,150072,7084.883392,0.617967245,31.351,2.612583333,19.018,1.584833333,8267000,59.64792208,59.3,473.069,127780.679,76801.82609,20.2,22.4,19.289,1.544,7.6,7.66,8,8.13,0.47,8.322,9.74,9.74,3470.333333,4661,838,270.75,1980,328.1666667
1970-03-01,39,29492,874.8333333,1970,3,21182000,7488000,2536000,150072,7084.883392,0.617967245,31.351,2.612583333,19.018,1.584833333,8286000,59.67272727,59.6,473.069,127780.679,76801.82609,20.2,22.5,19.277,1.54,7,7.09,7.32,7.93,0.84,8.322,9.78,9.78,3470.333333,4661,838,270.75,1980,328.1666667
1970-04-01,40,29492,874.8333333,1970,4,21244000,7528000,2536000,150084.5,7064.794766,0.008329335,31.351,2.612583333,19.018,1.584833333,8339000,59.69753247,59.7,473.069,127780.679,76801.82609,20.3,22.6,19.362,1.548,6.78,6.83,7.35,8.04,1.21,8.322,9.8,9.8,4935,2389,1584,270.75,1980,328.1666667
1970-05-01,41,29492,874.8333333,1970,5,21244000,7528000,2536000,150084.5,7064.794766,0.008329335,31.351,2.612583333,19.018,1.584833333,8415000,59.72233766,61.3,473.069,127780.679,76801.82609,20.3,22.6,19.446,1.556,6.34,6.78,7.38,8.23,1.45,8.322,9.78,9.78,4935,2389,1584,270.75,1980,328.1666667
1970-06-01,42,29492,874.8333333,1970,6,21244000,7528000,2536000,150084.5,7064.794766,0.008329335,31.351,2.612583333,19.018,1.584833333,8442000,59.74714286,62.5,473.069,127780.679,76801.82609,20.3,22.6,19.531,1.564,5.94,6.52,7.07,8.09,1.57,8.322,9.73,9.73,4935,2389,1584,270.75,1980,328.1666667
1970-07-01,43,29492,874.8333333,1970,7,21324000,7566000,2536000,151086.8,7085.293566,0.667823793,31.351,2.612583333,19.018,1.584833333,8448000,59.77194805,63.7,473.069,127780.679,76801.82609,20.5,22.8,19.616,1.571,5.7,6.44,6.96,7.91,1.47,7.822,9.58,9.58,4424.666667,5308.666667,2347,270.75,1980,328.1666667
1970-08-01,44,29492,874.8333333,1970,8,21324000,7566000,2536000,151086.8,7085.293566,0.667823793,31.351,2.612583333,19.018,1.584833333,8436000,59.79675325,64,473.069,127780.679,76801.82609,20.5,22.7,19.7,1.579,5.51,6.52,7.21,8,1.48,7.822,9.6,9.6,4424.666667,5308.666667,2347,270.75,1980,328.1666667
1970-09-01,45,29492,874.8333333,1970,9,21324000,7566000,2536000,151086.8,7085.293566,0.667823793,31.351,2.612583333,19.018,1.584833333,8474000,59.82155844,62.1,473.069,127780.679,76801.82609,20.4,22.8,19.785,1.587,5.39,6.47,7.12,7.88,1.41,7.822,9.56,9.56,4424.666667,5308.666667,2347,270.75,1980,328.1666667
1970-10-01,46,29492,874.8333333,1970,10,21400000,7613000,2536000,151637.8,7085.878505,0.364691025,31.351,2.612583333,19.018,1.584833333,8486000,59.84636364,62.1,473.069,127780.679,76801.82609,20.4,22.9,19.87,1.595,5.01,6.36,7.08,7.94,1.58,7.822,9.55,9.55,3660,5838,-3300,270.75,1980,328.1666667
1970-11-01,47,29492,874.8333333,1970,11,21400000,7613000,2536000,151637.8,7085.878505,0.364691025,31.351,2.612583333,19.018,1.584833333,8514000,59.87116883,61.6,473.069,127780.679,76801.82609,20.4,23,19.954,1.603,4.4,5.37,6.12,7.5,2.13,7.322,9.48,9.48,3660,5838,-3300,270.75,1980,328.1666667
1970-12-01,48,29492,874.8333333,1970,12,21400000,7613000,2536000,151637.8,7085.878505,0.364691025,31.351,2.612583333,19.018,1.584833333,8473000,59.89597403,61,473.069,127780.679,76801.82609,20.3,23,20.039,1.611,4.44,4.89,5.42,6.99,2.1,7.322,9.36,9.36,3660,5838,-3300,270.75,1980,328.1666667
1971-01-01,49,30426,1090.416667,1971,1,21465000,7656000,2631000,151868,7075.145586,0.151809114,31.776,2.648,19.229,1.602416667,8539000,59.92077922,59.5,479.714,139256.975,81234.52174,20.4,23,20.124,1.619,4.68,5.05,5.37,6.67,1.62,6.822,9.14,9.14,2578,2144.333333,838,520.4166667,3817,364.25
1971-02-01,50,30426,1090.416667,1971,2,21465000,7656000,2631000,151868,7075.145586,0.151809114,31.776,2.648,19.229,1.602416667,8558000,59.94558442,59.6,479.714,139256.975,81234.52174,20.5,23.1,20.208,1.626,4.06,5.05,5.54,6.85,1.8,6.822,8.92,8.92,2578,2144.333333,838,520.4166667,3817,364.25
1971-03-01,51,30426,1090.416667,1971,3,21465000,7656000,2631000,151868,7075.145586,0.151809114,31.776,2.648,19.229,1.602416667,8527000,59.97038961,59.8,479.714,139256.975,81234.52174,20.5,23.2,20.293,1.634,3.16,4.77,5.19,6.76,1.99,6.322,8.48,8.48,2578,2144.333333,838,520.4166667,3817,364.25
1971-04-01,52,30426,1090.416667,1971,4,21523000,7683000,2631000,155498.3,7224.750267,2.390431164,31.776,2.648,19.229,1.602416667,8516000,59.99519481,59.9,479.714,139256.975,81234.52174,20.7,23.2,20.442,1.67,3,4.88,5.52,6.97,2.09,6.322,8.4,8.4,3148.333333,1965,1584,520.4166667,3817,364.25
1971-05-01,53,30426,1090.416667,1971,5,21523000,7683000,2631000,155498.3,7224.750267,2.390431164,31.776,2.648,19.229,1.602416667,8564000,60.02,61.5,479.714,139256.975,81234.52174,20.7,23.4,20.592,1.705,3.03,4.97,5.86,7.38,2.41,6.322,8.45,8.45,3148.333333,1965,1584,520.4166667,3817,364.25
1971-06-01,54,30426,1090.416667,1971,6,21523000,7683000,2631000,155498.3,7224.750267,2.390431164,31.776,2.648,19.229,1.602416667,8602000,60.04480519,62.7,479.714,139256.975,81234.52174,20.8,23.4,20.741,1.74,3.37,5.31,6.02,7.3,1.99,6.322,8.54,8.54,3148.333333,1965,1584,520.4166667,3817,364.25
1971-07-01,55,30426,1090.416667,1971,7,21962032,7849027,2631000,159795.5,7275.988852,2.763502881,31.776,2.648,19.229,1.602416667,8668000,60.06961039,63.9,479.714,139256.975,81234.52174,21,23.4,20.891,1.775,3.68,5.51,6.46,7.49,1.98,6.322,8.66,8.66,3126,626,2347,520.4166667,3817,364.25
1971-08-01,56,30426,1090.416667,1971,8,21962032,7849027,2631000,159795.5,7275.988852,2.763502881,31.776,2.648,19.229,1.602416667,8652000,60.09441558,64.2,479.714,139256.975,81234.52174,21.2,23.5,21.04,1.81,3.79,5.33,6,7.15,1.82,6.322,8.73,8.73,3126,626,2347,520.4166667,3817,364.25
1971-09-01,57,30426,1090.416667,1971,9,21962032,7849027,2631000,159795.5,7275.988852,2.763502881,31.776,2.648,19.229,1.602416667,8705000,60.11922078,62.3,479.714,139256.975,81234.52174,21.1,23.6,21.19,1.846,4.06,5.26,5.63,6.97,1.71,6.322,8.75,8.75,3126,626,2347,520.4166667,3817,364.25
1971-10-01,58,30426,1090.416667,1971,10,22039243,7882241,2631000,161001.5,7305.219149,0.75471462,31.776,2.648,19.229,1.602416667,8772000,60.14402597,62.4,479.714,139256.975,81234.52174,21.2,23.7,21.339,1.881,3.47,4.41,5.04,6.71,2.3,6.072,8.75,8.75,2159.333333,1458,-3300,520.4166667,3817,364.25
1971-11-01,59,30426,1090.416667,1971,11,22039243,7882241,2631000,161001.5,7305.219149,0.75471462,31.776,2.648,19.229,1.602416667,8760000,60.16883117,61.9,479.714,139256.975,81234.52174,21.2,23.7,21.488,1.916,3.24,4.21,4.94,6.56,2.35,5.822,8.46,8.46,2159.333333,1458,-3300,520.4166667,3817,364.25
1971-12-01,60,30426,1090.416667,1971,12,22039243,7882241,2631000,161001.5,7305.219149,0.75471462,31.776,2.648,19.229,1.602416667,8786000,60.19363636,61.2,479.714,139256.975,81234.52174,21.3,23.9,21.638,1.951,3.21,4.42,5.09,6.56,2.14,5.822,8.3,8.3,2159.333333,1458,-3300,520.4166667,3817,364.25
1972-01-01,61,32513,1217.75,1972,1,22092498,7906337,2665000,161542,7312.074895,0.335711158,31.842,2.6535,20.198,1.683166667,8785000,60.21844156,59.7,498.355,155269.406,85667.21739,21.4,23.9,21.787,1.986,3.36,4.76,5.46,6.73,1.97,5.822,8.24,8.24,1763.666667,51.66666667,838,476,4461,549
1972-02-01,62,32513,1217.75,1972,2,22092498,7906337,2665000,161542,7312.074895,0.335711158,31.842,2.6535,20.198,1.683166667,8771000,60.24324675,59.8,498.355,155269.406,85667.21739,21.5,23.9,21.937,2.022,3.45,5.18,5.84,6.9,1.72,5.822,8.13,8.13,1763.666667,51.66666667,838,183,4022,622
1972-03-01,63,32513,1217.75,1972,3,22092498,7906337,2665000,161542,7312.074895,0.335711158,31.842,2.6535,20.198,1.683166667,8858000,60.26805195,60,498.355,155269.406,85667.21739,21.6,23.9,22.086,2.057,3.57,5.51,6.29,7.24,1.73,5.822,8.17,8.17,1763.666667,51.66666667,838,333,3612,734
1972-04-01,64,32513,1217.75,1972,4,22148919,7927220,2665000,165565.8,7475.118763,2.490869248,31.842,2.6535,20.198,1.683166667,8811000,60.29285714,60.2,498.355,155269.406,85667.21739,21.7,24.1,22.242,2.092,3.64,5.73,6.43,7.27,1.54,5.822,8.23,8.23,3141.333333,2685,1584,583,3661,534
1972-05-01,65,32513,1217.75,1972,5,22148919,7927220,2665000,165565.8,7475.118763,2.490869248,31.842,2.6535,20.198,1.683166667,8820000,60.31766234,61.7,498.355,155269.406,85667.21739,21.7,24.3,22.398,2.127,3.73,5.96,6.53,7.34,1.38,5.822,8.36,8.36,3141.333333,2685,1584,961,3771,851
1972-06-01,66,32513,1217.75,1972,6,22148919,7927220,2665000,165565.8,7475.118763,2.490869248,31.842,2.6535,20.198,1.683166667,8882000,60.34246753,63,498.355,155269.406,85667.21739,21.7,24.3,22.553,2.162,3.5,5.86,6.68,7.45,1.59,5.822,8.57,8.57,3141.333333,2685,1584,1097,4285,582
1972-07-01,67,32513,1217.75,1972,7,22218463,7963117,2665000,166057,7473.82931,0.296679628,31.842,2.6535,20.198,1.683166667,8933000,60.36727273,64.1,498.355,155269.406,85667.21739,22,24.3,22.709,2.198,3.46,5.87,6.59,7.49,1.62,5.822,8.61,8.61,2381,555,2347,843,4666,451
1972-08-01,68,32513,1217.75,1972,8,22218463,7963117,2665000,166057,7473.82931,0.296679628,31.842,2.6535,20.198,1.683166667,8942000,60.39207792,64.5,498.355,155269.406,85667.21739,22.2,24.4,22.865,2.233,3.5,5.97,6.71,7.44,1.47,5.822,8.61,8.61,2381,555,2347,981,4838,807
1972-09-01,69,32513,1217.75,1972,9,22218463,7963117,2665000,166057,7473.82931,0.296679628,31.842,2.6535,20.198,1.683166667,8943000,60.41688312,62.6,498.355,155269.406,85667.21739,22.3,24.5,23.02,2.268,3.62,5.85,6.57,7.46,1.61,5.822,8.58,8.58,2381,555,2347,962,5191,609
1972-10-01,70,32513,1217.75,1972,10,22288499,7992037,2665000,169957.5,7625.345251,2.348892248,31.842,2.6535,20.198,1.683166667,8958000,60.44168831,62.6,498.355,155269.406,85667.21739,22.3,24.6,23.176,2.303,3.57,5.66,6.21,7.26,1.6,5.822,8.55,8.55,3864.666667,-549.3333333,-3300,1092,5334,948
1972-11-01,71,32513,1217.75,1972,11,22288499,7992037,2665000,169957.5,7625.345251,2.348892248,31.842,2.6535,20.198,1.683166667,9012000,60.46649351,62.1,498.355,155269.406,85667.21739,22.3,24.7,23.332,2.338,3.68,5.03,5.77,7.08,2.05,5.822,8.5,8.5,3864.666667,-549.3333333,-3300,905,5340,890
1972-12-01,72,32513,1217.75,1972,12,22288499,7992037,2665000,169957.5,7625.345251,2.348892248,31.842,2.6535,20.198,1.683166667,9066000,60.4912987,61.5,498.355,155269.406,85667.21739,22.4,24.8,23.488,2.374,3.65,5.15,6,7.12,1.97,5.822,8.42,8.42,3864.666667,-549.3333333,-3300,685,5390,635
1973-01-01,73,40605,1361.25,1973,1,22347459,8013391,2700000,174319.5,7800.417041,2.566523984,32.931,2.74425,20.956,1.746333333,9088000,60.5161039,59.9,503.296,178843.137,90099.91304,22.6,24.9,23.644,2.409,3.9,5.48,6.25,7.16,1.68,5.822,8.29,8.29,2800.666667,-404.6666667,866,464,5067,786
1973-02-01,74,40605,1361.25,1973,2,22347459,8013391,2700000,174319.5,7800.417041,2.566523984,32.931,2.74425,20.956,1.746333333,9154000,60.54090909,60,503.296,178843.137,90099.91304,22.8,24.9,23.799,2.444,3.99,5.45,6.3,7.21,1.76,5.822,8.22,8.22,2800.666667,-404.6666667,866,353,4805,615
1973-03-01,75,40605,1361.25,1973,3,22347459,8013391,2700000,174319.5,7800.417041,2.566523984,32.931,2.74425,20.956,1.746333333,9198000,60.56571429,60.2,503.296,178843.137,90099.91304,22.8,25,23.955,2.479,4.46,5.77,6.5,7.3,1.53,5.822,8.27,8.27,2800.666667,-404.6666667,866,358,4523,639
1973-04-01,76,40605,1361.25,1973,4,22405392,8035129,2700000,175982.5,7854.470924,0.953995394,32.931,2.74425,20.956,1.746333333,9250000,60.59051948,60.4,503.296,178843.137,90099.91304,23.1,25,24.141,2.514,4.9,6.24,6.67,7.39,1.15,6.322,8.35,8.35,5827.333333,712.3333333,4267,809,4757,574
1973-05-01,77,40605,1361.25,1973,5,22405392,8035129,2700000,175982.5,7854.470924,0.953995394,32.931,2.74425,20.956,1.746333333,9251000,60.61532468,62,503.296,178843.137,90099.91304,23.2,25.3,24.328,2.55,5.18,7.15,7.4,7.72,0.57,6.822,8.5,8.5,5827.333333,712.3333333,4267,729,4447,1030
1973-06-01,78,40605,1361.25,1973,6,22405392,8035129,2700000,175982.5,7854.470924,0.953995394,32.931,2.74425,20.956,1.746333333,9320000,60.64012987,63.2,503.296,178843.137,90099.91304,23.4,25.4,24.514,2.585,5.48,6.94,7.19,7.74,0.8,7.572,8.72,8.72,5827.333333,712.3333333,4267,717,4273,880
1973-07-01,79,40605,1361.25,1973,7,22491777,8075547,2700000,176800.8,7860.686152,0.464989417,32.931,2.74425,20.956,1.746333333,9222000,60.66493506,64.4,503.296,178843.137,90099.91304,23.7,25.5,24.7,2.62,5.74,7.09,7.39,7.73,0.64,7.572,8.91,8.91,4893.666667,-976.3333333,2554,885,4429,729
1973-08-01,80,40605,1361.25,1973,8,22491777,8075547,2700000,176800.8,7860.686152,0.464989417,32.931,2.74425,20.956,1.746333333,9272000,60.68974026,64.7,503.296,178843.137,90099.91304,24,25.6,24.886,2.655,6.18,7.27,7.54,7.82,0.55,8.072,9.11,9.11,4893.666667,-976.3333333,2554,980,4533,875
1973-09-01,81,40605,1361.25,1973,9,22491777,8075547,2700000,176800.8,7860.686152,0.464989417,32.931,2.74425,20.956,1.746333333,9290000,60.71454545,62.8,503.296,178843.137,90099.91304,24.1,25.7,25.072,2.69,6.5,6.94,7.25,7.72,0.78,8.822,9.33,9.33,4893.666667,-976.3333333,2554,748,4591,690
1973-10-01,82,40605,1361.25,1973,10,22570338,8107108,2700000,180061.8,7977.806978,1.844448668,32.931,2.74425,20.956,1.746333333,9376000,60.73935065,62.8,503.296,178843.137,90099.91304,24.2,25.9,25.259,2.726,6.53,6.61,7.09,7.6,0.99,8.822,9.33,9.33,8319,-1089.666667,-3591,784,4595,773
1973-11-01,83,40605,1361.25,1973,11,22570338,8107108,2700000,180061.8,7977.806978,1.844448668,32.931,2.74425,20.956,1.746333333,9409000,60.76415584,62.3,503.296,178843.137,90099.91304,24.4,26,25.445,2.761,6.43,6.57,6.98,7.64,1.07,8.822,9.28,9.28,8319,-1089.666667,-3591,674,4575,693
1973-12-01,84,40605,1361.25,1973,12,22570338,8107108,2700000,180061.8,7977.806978,1.844448668,32.931,2.74425,20.956,1.746333333,9444000,60.78896104,61.7,503.296,178843.137,90099.91304,24.5,26,25.631,2.796,6.35,6.92,7.25,7.7,0.78,9.322,9.22,9.22,8319,-1089.666667,-3591,538,4363,750
1974-01-01,85,52806,1443.166667,1974,1,22649538,8139808,2735000,181499.5,8013.38641,0.798448088,34.014,2.8345,21.915,1.82625,9504000,60.81376623,60.2,514.978,212924.248,94532.6087,24.7,26.2,25.818,2.831,6.22,6.75,6.99,7.75,1,9.322,9.22,9.22,5792.333333,563.3333333,942,511,4199,728
1974-02-01,86,52806,1443.166667,1974,2,22649538,8139808,2735000,181499.5,8013.38641,0.798448088,34.014,2.8345,21.915,1.82625,9525000,60.83857143,60.2,514.978,212924.248,94532.6087,24.9,26.5,26.004,2.866,6.07,6.58,6.76,7.74,1.16,9.322,9.21,9.21,5792.333333,563.3333333,942,298,3968,538
1974-03-01,87,52806,1443.166667,1974,3,22649538,8139808,2735000,181499.5,8013.38641,0.798448088,34.014,2.8345,21.915,1.82625,9531000,60.86337662,60.5,514.978,212924.248,94532.6087,25.2,26.7,26.19,2.902,6.51,7.55,7.57,8.19,0.64,9.322,9.24,9.24,5792.333333,563.3333333,942,478,3918,525
1974-04-01,88,52806,1443.166667,1974,4,22723274,8172562,2735000,181552,7989.693739,0.0289257,34.014,2.8345,21.915,1.82625,9592000,60.88818182,60.6,514.978,212924.248,94532.6087,25.4,27,26.576,2.947,7.64,8.83,8.56,8.81,-0.02,10.322,9.9,9.9,7756.666667,-1764.666667,-1108,723,4143,498
1974-05-01,89,52806,1443.166667,1974,5,22723274,8172562,2735000,181552,7989.693739,0.0289257,34.014,2.8345,21.915,1.82625,9574000,60.91298701,62.2,514.978,212924.248,94532.6087,25.9,27.2,26.962,2.993,8.63,8.93,8.74,8.91,-0.02,10.822,10.46,10.46,7756.666667,-1764.666667,-1108,729,4058,814
1974-06-01,90,52806,1443.166667,1974,6,22723274,8172562,2735000,181552,7989.693739,0.0289257,34.014,2.8345,21.915,1.82625,9565000,60.93779221,63.4,514.978,212924.248,94532.6087,26.1,27.4,27.349,3.038,8.75,9.29,9.24,9.46,0.17,10.822,10.57,10.57,7756.666667,-1764.666667,-1108,758,4305,508
1974-07-01,91,52806,1443.166667,1974,7,22807969,8204275,2735000,182493.8,8001.317434,0.518749449,34.014,2.8345,21.915,1.82625,9634000,60.9625974,64.6,514.978,212924.248,94532.6087,26.3,27.7,27.735,3.084,9.1,9.18,9.27,9.63,0.45,11.322,10.8,10.8,7683.333333,-2614.666667,2495,476,4141,640
1974-08-01,92,52806,1443.166667,1974,8,22807969,8204275,2735000,182493.8,8001.317434,0.518749449,34.014,2.8345,21.915,1.82625,9703000,60.9874026,64.9,514.978,212924.248,94532.6087,26.6,27.9,28.121,3.129,9.11,9.3,9.38,9.84,0.54,11.322,11.05,11.05,7683.333333,-2614.666667,2495,777,4391,527
1974-09-01,93,52806,1443.166667,1974,9,22807969,8204275,2735000,182493.8,8001.317434,0.518749449,34.014,2.8345,21.915,1.82625,9697000,61.01220779,63,514.978,212924.248,94532.6087,26.8,28.1,28.508,3.175,8.94,8.87,8.89,9.67,0.8,11.322,11.25,11.25,7683.333333,-2614.666667,2495,591,4360,622
1974-10-01,94,52806,1443.166667,1974,10,22907390,8240114,2735000,183414.3,8006.774233,0.504400697,34.014,2.8345,21.915,1.82625,9730000,61.03701299,63.1,514.978,212924.248,94532.6087,27.1,28.4,28.894,3.22,8.31,7.47,7.8,9.2,1.73,11.322,11.25,11.25,6316.666667,-3571.666667,-3508,341,4142,558
1974-11-01,95,52806,1443.166667,1974,11,22907390,8240114,2735000,183414.3,8006.774233,0.504400697,34.014,2.8345,21.915,1.82625,9771000,61.06181818,62.6,514.978,212924.248,94532.6087,27.3,28.7,29.28,3.266,7.49,6.98,7.32,8.87,1.89,10.822,11.2,11.2,6316.666667,-3571.666667,-3508,240,3689,690
1974-12-01,96,52806,1443.166667,1974,12,22907390,8240114,2735000,183414.3,8006.774233,0.504400697,34.014,2.8345,21.915,1.82625,9840000,61.08662338,61.9,514.978,212924.248,94532.6087,27.6,28.9,29.666,3.311,7.12,6.66,6.96,8.77,2.11,10.822,11.08,11.08,6316.666667,-3571.666667,-3508,188,3456,421
1975-01-01,97,57581,1835,1975,1,22979190,8260161,2770000,183449.5,7983.288358,0.019191524,37.25,3.104166667,22.926,1.9105,9810000,61.11142857,60.4,531.451,243983.809,96200,27.6,28.9,30.052,3.357,6.4,6.16,6.4,8.3,2.14,10.322,11.01,11.01,5129.333333,-1847,920,275,3323,405
1975-02-01,98,57581,1835,1975,2,22979190,8260161,2770000,183449.5,7983.288358,0.019191524,37.25,3.104166667,22.926,1.9105,9824000,61.13623377,60.5,531.451,243983.809,96200,27.9,29.3,30.439,3.403,6.26,6.22,6.38,8.17,1.95,9.322,10.15,10.15,5129.333333,-1847,920,130,3108,345
1975-03-01,99,57581,1835,1975,3,22979190,8260161,2770000,183449.5,7983.288358,0.019191524,37.25,3.104166667,22.926,1.9105,9808000,61.16103896,60.7,531.451,243983.809,96200,28,29.5,30.825,3.448,6.33,6.56,6.8,8.47,1.91,8.822,9.85,9.85,5129.333333,-1847,920,375,3020,463
1975-04-01,100,57581,1835,1975,4,23048990,8284503,2770000,183828,7975.533852,0.206323811,37.25,3.104166667,22.926,1.9105,9851000,61.18584416,60.9,531.451,243983.809,96200,28.2,29.6,31.158,3.571,6.85,7.23,7.55,9.04,1.81,8.822,9.87,9.87,6020,-1364.666667,4244,424,3144,300
1975-05-01,101,57581,1835,1975,5,23048990,8284503,2770000,183828,7975.533852,0.206323811,37.25,3.104166667,22.926,1.9105,9950000,61.21064935,62.4,531.451,243983.809,96200,28.5,29.9,31.491,3.693,6.87,7.09,7.31,8.71,1.62,8.822,10.19,10.19,6020,-1364.666667,4244,863,3508,495
1975-06-01,102,57581,1835,1975,6,23048990,8284503,2770000,183828,7975.533852,0.206323811,37.25,3.104166667,22.926,1.9105,10012000,61.23545455,63.7,531.451,243983.809,96200,28.8,30.1,31.824,3.816,6.99,7.35,7.53,8.88,1.53,8.822,10.43,10.43,6020,-1364.666667,4244,983,3932,559
1975-07-01,103,57581,1835,1975,7,23143275,8319795,2770000,187354.8,8095.43161,1.918532541,37.25,3.104166667,22.926,1.9105,9983000,61.26025974,64.8,531.451,243983.809,96200,29.2,30.2,32.157,3.939,7.44,7.9,8.1,9.34,1.44,8.822,10.55,10.55,6131,-1831.333333,2700,743,4172,503
1975-08-01,104,57581,1835,1975,8,23143275,8319795,2770000,187354.8,8095.43161,1.918532541,37.25,3.104166667,22.926,1.9105,9984000,61.28506494,65.1,531.451,243983.809,96200,29.5,30.5,32.49,4.062,7.87,8.37,8.36,9.39,1.02,8.822,10.72,10.72,6131,-1831.333333,2700,798,4386,583
1975-09-01,105,57581,1835,1975,9,23143275,8319795,2770000,187354.8,8095.43161,1.918532541,37.25,3.104166667,22.926,1.9105,10034000,61.30987013,63.2,531.451,243983.809,96200,29.6,30.6,32.824,4.184,8.41,8.76,8.85,9.72,0.96,9.572,11.14,11.14,6131,-1831.333333,2700,637,4427,595
1975-10-01,106,57581,1835,1975,10,23240585,8352911,2770000,189522.8,8154.820543,1.157162774,37.25,3.104166667,22.926,1.9105,10090000,61.33467532,63.3,531.451,243983.809,96200,29.8,31.1,33.157,4.307,8.16,8.21,8.3,9.33,1.12,9.572,11.35,11.35,4248,-3309.333333,-3796,662,4608,481
1975-11-01,107,57581,1835,1975,11,23240585,8352911,2770000,189522.8,8154.820543,1.157162774,37.25,3.104166667,22.926,1.9105,10145000,61.35948052,62.8,531.451,243983.809,96200,30.1,31.2,33.49,4.43,8.52,8.48,8.64,9.58,1.1,9.572,11.17,11.17,4248,-3309.333333,-3796,840,4866,580
1975-12-01,108,57581,1835,1975,12,23240585,8352911,2770000,189522.8,8154.820543,1.157162774,37.25,3.104166667,22.926,1.9105,10177000,61.38428571,62.1,531.451,243983.809,96200,30.2,31.4,33.823,4.552,8.64,8.36,8.41,9.49,1.13,9.572,11.09,11.09,4248,-3309.333333,-3796,608,4750,717
1976-01-01,109,61389,1585.416667,1976,1,23304197,8366498,2807000,192825.5,8274.282096,1.742639936,41.473,3.456083333,23.855,1.987916667,10369700,61.5,60.6,565.01,279723.382,102100,30.3,31.7,34.156,4.675,8.59,8.13,8.21,9.29,1.16,9.572,11.04,11.04,2991.333333,-285.6666667,996,284,4410,623
1976-02-01,110,61389,1585.416667,1976,2,23304197,8366498,2807000,192825.5,8274.282096,1.742639936,41.473,3.456083333,23.855,1.987916667,10389800,61.5,60.8,565.01,279723.382,102100,30.5,31.8,34.489,4.798,8.79,8.36,8.38,9.27,0.91,9.572,11,11,2991.333333,-285.6666667,996,198,4209,398
1976-03-01,111,61389,1585.416667,1976,3,23304197,8366498,2807000,192825.5,8274.282096,1.742639936,41.473,3.456083333,23.855,1.987916667,10395700,61.4,61.4,565.01,279723.382,102100,30.6,32.1,34.822,4.921,9.07,8.63,8.53,9.39,0.76,10.072,11.1,11.1,2991.333333,-285.6666667,996,583,4472,315
1976-04-01,112,61389,1585.416667,1976,4,23369845,8387985,2807000,196983.8,8428.97332,2.156509383,41.473,3.456083333,23.855,1.987916667,10451300,61.6,61.7,565.01,279723.382,102100,30.7,32.3,35.247,5.043,8.99,8.46,8.46,9.34,0.88,10.072,11.23,11.23,4535.333333,-884.3333333,-1638,581,4392,661
1976-05-01,113,61389,1585.416667,1976,5,23369845,8387985,2807000,196983.8,8428.97332,2.156509383,41.473,3.456083333,23.855,1.987916667,10446100,61.4,63.4,565.01,279723.382,102100,30.9,32.5,35.671,5.166,8.94,8.25,8.35,9.32,1.07,10.072,11.19,11.19,4535.333333,-884.3333333,-1638,682,4175,898
1976-06-01,114,61389,1585.416667,1976,6,23369845,8387985,2807000,196983.8,8428.97332,2.156509383,41.473,3.456083333,23.855,1.987916667,10469600,61.4,65,565.01,279723.382,102100,31.1,32.7,36.096,5.289,8.98,8.4,8.5,9.35,0.95,10.072,11.13,11.13,4535.333333,-884.3333333,-1638,556,4123,608
1976-07-01,115,61389,1585.416667,1976,7,23449808,8413779,2807000,197893.3,8439.015791,0.461713095,41.473,3.456083333,23.855,1.987916667,10539400,61.7,66.1,565.01,279723.382,102100,31.3,32.9,36.521,5.411,9.07,8.44,8.55,9.37,0.93,10.072,11.06,11.06,3769,-2464.666667,2614,529,4211,440
1976-08-01,116,61389,1585.416667,1976,8,23449808,8413779,2807000,197893.3,8439.015791,0.461713095,41.473,3.456083333,23.855,1.987916667,10524100,61.5,65.9,565.01,279723.382,102100,31.3,33.2,36.945,5.534,9.13,8.45,8.43,9.24,0.79,10.072,11.03,11.03,3769,-2464.666667,2614,503,4211,502
1976-09-01,117,61389,1585.416667,1976,9,23449808,8413779,2807000,197893.3,8439.015791,0.461713095,41.473,3.456083333,23.855,1.987916667,10531900,61.4,63.5,565.01,279723.382,102100,31.5,33.4,37.37,5.657,9.11,8.3,8.49,9.16,0.86,10.072,10.96,10.96,3769,-2464.666667,2614,483,3910,781
1976-10-01,118,61389,1585.416667,1976,10,23533565,8438765,2807000,198213,8422.565812,0.161551705,41.473,3.456083333,23.855,1.987916667,10565100,61.5,63.3,565.01,279723.382,102100,31.7,33.7,37.795,5.779,9.01,8.35,8.44,9.09,0.74,10.072,10.8,10.8,2461.666667,502.6666667,-3675,605,3947,566
1976-11-01,119,61389,1585.416667,1976,11,23533565,8438765,2807000,198213,8422.565812,0.161551705,41.473,3.456083333,23.855,1.987916667,10609500,61.6,62.9,565.01,279723.382,102100,31.8,33.9,38.219,5.902,8.59,8.01,8.15,8.82,0.81,9.572,10.76,10.76,2461.666667,502.6666667,-3675,869,4207,606
1976-12-01,120,61389,1585.416667,1976,12,23533565,8438765,2807000,198213,8422.565812,0.161551705,41.473,3.456083333,23.855,1.987916667,10657300,61.8,62.3,565.01,279723.382,102100,31.9,34,38.644,6.025,8.14,7.5,7.71,8.47,0.97,9.072,10.47,10.47,2461.666667,502.6666667,-3675,343,4158,369
1977-01-01,121,64559,1709.333333,1977,1,23591713,8458617,2856000,201253.3,8530.6777,1.533854994,43.942,3.661833333,26.203,2.183583333,10681100,61.8,60.7,581.707,308562.073,101000,32.2,34.2,39.069,6.148,8.04,7.57,7.74,8.52,0.95,9.072,9.95,9.95,2462.333333,335,964,163,3997,286
1977-02-01,122,64559,1709.333333,1977,2,23591713,8458617,2856000,201253.3,8530.6777,1.533854994,43.942,3.661833333,26.203,2.183583333,10716100,61.9,60.9,581.707,308562.073,101000,32.4,34.4,39.493,6.27,7.65,7.42,7.68,8.62,1.2,8.572,9.45,9.45,2462.333333,335,964,46,3681,362
1977-03-01,123,64559,1709.333333,1977,3,23591713,8458617,2856000,201253.3,8530.6777,1.533854994,43.942,3.661833333,26.203,2.183583333,10701700,61.8,61.2,581.707,308562.073,101000,32.8,34.6,39.918,6.393,7.54,7.46,7.85,8.83,1.37,8.572,9.45,9.45,2462.333333,335,964,162,3432,408
1977-04-01,124,64559,1709.333333,1977,4,23656739,8481322,2856000,202280.3,8550.641743,0.510302191,43.942,3.661833333,26.203,2.183583333,10741500,61.9,61.5,581.707,308562.073,101000,33,34.8,40.284,6.516,7.58,7.56,8.01,8.85,1.29,8.572,9.45,9.45,3201,-507,-1104,515,3501,446
1977-05-01,125,64559,1709.333333,1977,5,23656739,8481322,2856000,202280.3,8550.641743,0.510302191,43.942,3.661833333,26.203,2.183583333,10749700,61.8,63.6,581.707,308562.073,101000,33.4,35,40.65,6.638,7.05,7.33,7.74,8.77,1.44,8.572,9.58,9.58,3201,-507,-1104,690,3843,348
1977-06-01,126,64559,1709.333333,1977,6,23656739,8481322,2856000,202280.3,8550.641743,0.510302191,43.942,3.661833333,26.203,2.183583333,10749000,61.7,64.7,581.707,308562.073,101000,33.5,35.2,41.016,6.761,7.07,7.31,7.76,8.72,1.41,8.072,9.55,9.55,3201,-507,-1104,842,4172,522
1977-07-01,127,64559,1709.333333,1977,7,23725843,8504080,2856000,203469.3,8575.851235,0.587798219,43.942,3.661833333,26.203,2.183583333,10784300,61.8,65.8,581.707,308562.073,101000,33.9,35.4,41.382,6.884,7.14,7.37,7.81,8.7,1.33,8.072,9.6,9.6,2346.333333,-580,2555,670,4311,531
1977-08-01,128,64559,1709.333333,1977,8,23725843,8504080,2856000,203469.3,8575.851235,0.587798219,43.942,3.661833333,26.203,2.183583333,10819400,61.9,65.6,581.707,308562.073,101000,33.9,35.6,41.748,7.006,7.14,7.36,7.9,8.57,1.21,8.072,9.53,9.53,2346.333333,-580,2555,720,4354,664
1977-09-01,129,64559,1709.333333,1977,9,23725843,8504080,2856000,203469.3,8575.851235,0.587798219,43.942,3.661833333,26.203,2.183583333,10839000,61.9,63.2,581.707,308562.073,101000,34.2,35.7,42.114,7.129,7.1,7.43,8.01,8.61,1.18,8.072,9.52,9.52,2346.333333,-580,2555,538,4292,596
1977-10-01,130,64559,1709.333333,1977,10,23801445,8530102,2856000,206693.5,8684.073593,1.584612519,43.942,3.661833333,26.203,2.183583333,10875500,62,63.3,581.707,308562.073,101000,34.5,36,42.479,7.252,7.24,7.52,8.12,8.7,1.18,8.072,9.54,9.54,1105.666667,1558.333333,-3592,556,4299,548
1977-11-01,131,64559,1709.333333,1977,11,23801445,8530102,2856000,206693.5,8684.073593,1.584612519,43.942,3.661833333,26.203,2.183583333,10901700,62.1,62.7,581.707,308562.073,101000,34.7,36.3,42.845,7.375,7.26,7.6,8.11,8.74,1.14,8.072,9.54,9.54,1105.666667,1558.333333,-3592,365,4200,462
1977-12-01,132,64559,1709.333333,1977,12,23801445,8530102,2856000,206693.5,8684.073593,1.584612519,43.942,3.661833333,26.203,2.183583333,10928900,62.1,62,581.707,308562.073,101000,34.9,36.3,43.211,7.497,7.17,7.59,8.1,8.77,1.18,8.072,9.53,9.53,1105.666667,1558.333333,-3592,205,4026,379
1978-01-01,133,67333,1765.333333,1978,1,23849503,8548453,2906000,208478.5,8741.419056,0.863597549,43.207,3.600583333,28.013,2.334416667,10918100,62,60.5,587.051,335953.585,103200,35.1,36.4,43.577,7.62,7.13,7.7,8.36,9.06,1.36,8.072,9.52,9.52,1429,1276.333333,942,121,3803,344
1978-02-01,134,67333,1765.333333,1978,2,23849503,8548453,2906000,208478.5,8741.419056,0.863597549,43.207,3.600583333,28.013,2.334416667,10981400,62.2,61,587.051,335953.585,103200,35.4,36.6,43.943,7.743,7.3,7.82,8.46,9.15,1.33,8.072,9.51,9.51,1429,1276.333333,942,119,3612,310
1978-03-01,135,67333,1765.333333,1978,3,23849503,8548453,2906000,208478.5,8741.419056,0.863597549,43.207,3.600583333,28.013,2.334416667,11041600,62.5,61.5,587.051,335953.585,103200,35.7,36.9,44.309,7.865,7.73,8.28,8.69,9.17,0.89,8.572,9.53,9.53,1429,1276.333333,942,227,3590,249
1978-04-01,136,67333,1765.333333,1978,4,23903687,8569298,2906000,209897.5,8780.967555,0.680645726,43.207,3.600583333,28.013,2.334416667,11060300,62.5,61.8,587.051,335953.585,103200,35.8,36.8,44.727,7.988,8.19,8.58,8.82,9.22,0.64,9.072,9.62,9.62,1739,582,-1629,369,3648,311
1978-05-01,137,67333,1765.333333,1978,5,23903687,8569298,2906000,209897.5,8780.967555,0.680645726,43.207,3.600583333,28.013,2.334416667,11100500,62.6,63.8,587.051,335953.585,103200,36.3,37,45.146,8.111,8.2,8.58,8.85,9.23,0.65,9.072,9.63,9.63,1739,582,-1629,537,3899,284
1978-06-01,138,67333,1765.333333,1978,6,23903687,8569298,2906000,209897.5,8780.967555,0.680645726,43.207,3.600583333,28.013,2.334416667,11146100,62.7,65.4,587.051,335953.585,103200,36.6,37.1,45.564,8.233,8.26,8.6,8.86,9.23,0.63,9.072,9.52,9.52,1739,582,-1629,709,4236,372
1978-07-01,139,67333,1765.333333,1978,7,23963203,8590144,2906000,211855.5,8840.867392,0.932836265,43.207,3.600583333,28.013,2.334416667,11188400,62.9,66.9,587.051,335953.585,103200,37.1,37.4,45.983,8.356,8.66,8.63,8.86,9.17,0.54,9.072,9.51,9.51,231.6666667,-2206.666667,2469,677,4467,446
1978-08-01,140,67333,1765.333333,1978,8,23963203,8590144,2906000,211855.5,8840.867392,0.932836265,43.207,3.600583333,28.013,2.334416667,11235500,63,66.8,587.051,335953.585,103200,37.2,37.5,46.401,8.479,8.8,8.63,8.86,9.16,0.53,9.572,9.51,9.51,231.6666667,-2206.666667,2469,844,4858,453
1978-09-01,141,67333,1765.333333,1978,9,23963203,8590144,2906000,211855.5,8840.867392,0.932836265,43.207,3.600583333,28.013,2.334416667,11252700,63,64.4,587.051,335953.585,103200,37.1,37.7,46.82,8.602,9.17,8.77,8.96,9.15,0.38,10.072,9.87,9.87,231.6666667,-2206.666667,2469,719,5263,314
1978-10-01,142,67333,1765.333333,1978,10,24025447,8604263,2906000,213864.3,8901.574235,0.948193462,43.207,3.600583333,28.013,2.334416667,11293700,63.2,64.7,587.051,335953.585,103200,37.6,38.2,47.238,8.724,9.85,9.48,9.51,9.48,0,10.822,10.13,10.13,684.3333333,593.3333333,-3472,957,5698,522
1978-11-01,143,67333,1765.333333,1978,11,24025447,8604263,2906000,213864.3,8901.574235,0.948193462,43.207,3.600583333,28.013,2.334416667,11332900,63.3,64.1,587.051,335953.585,103200,37.8,38.5,47.656,8.847,10.36,10.07,9.84,9.54,-0.53,11.322,10.45,10.45,684.3333333,593.3333333,-3472,528,5759,471
1978-12-01,144,67333,1765.333333,1978,12,24025447,8604263,2906000,213864.3,8901.574235,0.948193462,43.207,3.600583333,28.013,2.334416667,11366100,63.4,63.5,587.051,335953.585,103200,37.9,38.6,48.075,8.97,10.46,10.14,9.92,9.68,-0.46,11.322,10.73,10.73,684.3333333,593.3333333,-3472,450,5763,446
1979-01-01,145,70830,1955.5,1979,1,24071889,8619239,2956000,215570.5,8955.279746,0.797795612,44.195,3.682916667,29.262,2.4385,11421200,63.6,62.2,578.956,379719.794,103500,38.1,38.7,48.493,9.092,10.85,10.08,9.88,9.82,-0.26,11.822,10.48,10.48,1043.666667,490,911,193,5344,612
1979-02-01,146,70830,1955.5,1979,2,24071889,8619239,2956000,215570.5,8955.279746,0.797795612,44.195,3.682916667,29.262,2.4385,11407300,63.4,62.6,578.956,379719.794,103500,38.6,38.9,48.912,9.215,10.82,10.07,10,9.97,-0.1,11.822,10.45,10.45,1043.666667,490,911,143,5090,397
1979-03-01,147,70830,1955.5,1979,3,24071889,8619239,2956000,215570.5,8955.279746,0.797795612,44.195,3.682916667,29.262,2.4385,11440800,63.5,63.2,578.956,379719.794,103500,39,39.2,49.33,9.338,10.92,10.1,9.89,9.91,-0.19,11.822,10.31,10.31,1043.666667,490,911,227,4935,382
1979-04-01,148,70830,1955.5,1979,4,24128180,8638099,2956000,218430.3,9052.912404,1.326619366,44.195,3.682916667,29.262,2.4385,11474900,63.6,63.6,578.956,379719.794,103500,39.3,39.5,49.983,9.46,10.82,9.76,9.52,9.66,-0.1,11.822,10.25,10.25,1775,-318.3333333,4198,444,4933,445
1979-05-01,149,70830,1955.5,1979,5,24128180,8638099,2956000,218430.3,9052.912404,1.326619366,44.195,3.682916667,29.262,2.4385,11483200,63.5,65.6,578.956,379719.794,103500,39.7,39.9,50.636,9.583,10.84,9.76,9.65,9.68,-0.08,11.822,10.26,10.26,1775,-318.3333333,4198,709,4979,664
1979-06-01,150,70830,1955.5,1979,6,24128180,8638099,2956000,218430.3,9052.912404,1.326619366,44.195,3.682916667,29.262,2.4385,11496100,63.5,67,578.956,379719.794,103500,39.9,40.2,51.29,9.706,10.78,9.87,9.73,9.73,-0.14,11.822,10.36,10.36,1775,-318.3333333,4198,745,5140,582
1979-07-01,151,70830,1955.5,1979,7,24201544,8662088,2956000,220031.5,9091.630683,0.733048483,44.195,3.682916667,29.262,2.4385,11537000,63.6,68.6,578.956,379719.794,103500,40.2,40.3,51.943,9.829,11.24,10.06,9.92,9.84,-0.22,12.322,10.4,10.4,2073,-4524.666667,2672,750,5080,810
1979-08-01,152,70830,1955.5,1979,8,24201544,8662088,2956000,220031.5,9091.630683,0.733048483,44.195,3.682916667,29.262,2.4385,11563800,63.7,68.6,578.956,379719.794,103500,40.3,40.6,52.596,9.951,11.45,10.89,10.52,10.15,-0.74,12.322,11,11,2073,-4524.666667,2672,852,5171,761
1979-09-01,153,70830,1955.5,1979,9,24201544,8662088,2956000,220031.5,9091.630683,0.733048483,44.195,3.682916667,29.262,2.4385,11569100,63.6,66.1,578.956,379719.794,103500,40.7,40.9,53.249,10.074,11.64,11.17,10.89,10.38,-0.79,12.822,11.45,11.45,2073,-4524.666667,2672,692,5232,631
1979-10-01,154,70830,1955.5,1979,10,24279044,8674941,2956000,220771.8,9093.10103,0.336451826,44.195,3.682916667,29.262,2.4385,11652200,63.9,66.3,578.956,379719.794,103500,41,41.2,53.902,10.197,13.61,12.78,11.75,11.16,-1.62,14.572,12.7,12.7,3806.666667,-733.3333333,-3757,1093,5476,849
1979-11-01,155,70830,1955.5,1979,11,24279044,8674941,2956000,220771.8,9093.10103,0.336451826,44.195,3.682916667,29.262,2.4385,11678100,64,65.8,578.956,379719.794,103500,41.4,41.7,54.555,10.319,13.62,12.41,11.6,10.94,-1.47,14.822,13.66,13.66,3806.666667,-733.3333333,-3757,988,5311,1153
1979-12-01,156,70830,1955.5,1979,12,24279044,8674941,2956000,220771.8,9093.10103,0.336451826,44.195,3.682916667,29.262,2.4385,11708100,64,65,578.956,379719.794,103500,41.6,41.9,55.208,10.442,13.66,12.24,11.68,11.32,-0.92,14.822,12.78,12.78,3806.666667,-733.3333333,-3757,584,5175,720
1980-01-01,157,75694,2168.083333,1980,1,24345365,8693157,3008000,221507.8,9098.561472,0.333375911,47.156,3.929666667,30.462,2.5385,11760100,64.2,63.8,592.933,428680.366,106700,41.8,42,55.862,10.565,13.5,12.79,12.49,12.13,-0.66,14.822,12.46,12.46,3685.333333,-570.3333333,986,421,4850,746
1980-02-01,158,75694,2168.083333,1980,2,24345365,8693157,3008000,221507.8,9098.561472,0.333375911,47.156,3.929666667,30.462,2.5385,11796900,64.3,63.9,592.933,428680.366,106700,42.3,42.4,56.515,10.688,13.55,13.62,13.16,12.91,-0.71,14.822,12.7,12.7,3685.333333,-570.3333333,986,244,4517,575
1980-03-01,159,75694,2168.083333,1980,3,24345365,8693157,3008000,221507.8,9098.561472,0.333375911,47.156,3.929666667,30.462,2.5385,11798900,64.2,64.3,592.933,428680.366,106700,42.6,42.8,57.168,10.81,15.24,14.27,13.88,13.45,-0.82,15.572,13.89,13.89,3685.333333,-570.3333333,986,161,4028,645
1980-04-01,160,75694,2168.083333,1980,4,24418295,8715218,3008000,222763,9122.790924,0.566661761,47.156,3.929666667,30.462,2.5385,11846700,64.4,64.7,592.933,428680.366,106700,42.9,43.1,58.038,10.933,15.15,12.35,11.77,12.01,-0.34,16.572,16.14,16.14,4108,-1625.666667,7881,443,4047,422
1980-05-01,161,75694,2168.083333,1980,5,24418295,8715218,3008000,222763,9122.790924,0.566661761,47.156,3.929666667,30.462,2.5385,11815500,64.1,66.1,592.933,428680.366,106700,43.4,43.6,58.908,11.056,11.58,10.85,10.86,11.42,0.57,13.572,13.19,13.19,4108,-1625.666667,7881,643,3704,986
1980-06-01,162,75694,2168.083333,1980,6,24418295,8715218,3008000,222763,9122.790924,0.566661761,47.156,3.929666667,30.462,2.5385,11855100,64.2,67.9,592.933,428680.366,106700,43.9,44,59.778,11.178,10.38,10.48,10.51,11.29,0.81,13.072,12.12,12.12,4108,-1625.666667,7881,762,3858,608
1980-07-01,163,75694,2168.083333,1980,7,24515667,8746013,3008000,222828,9089.208138,0.029178993,47.156,3.929666667,30.462,2.5385,11840600,64,68.8,592.933,428680.366,106700,44.2,44.3,60.649,11.301,10.06,11.11,11.53,12.32,1.21,12.072,12.29,12.29,3029.666667,-6081.333333,3057,655,3846,667
1980-08-01,164,75694,2168.083333,1980,8,24515667,8746013,3008000,222828,9089.208138,0.029178993,47.156,3.929666667,30.462,2.5385,11878100,64.1,68.8,592.933,428680.366,106700,44.7,44.7,61.519,11.424,10.49,11.98,12.3,12.4,0.42,12.072,12.64,12.64,3029.666667,-6081.333333,3057,848,3909,785
1980-09-01,165,75694,2168.083333,1980,9,24515667,8746013,3008000,222828,9089.208138,0.029178993,47.156,3.929666667,30.462,2.5385,11928100,64.3,66.7,592.933,428680.366,106700,45,44.9,62.389,11.546,10.95,12.69,12.97,12.98,0.29,12.072,13.7,13.7,3029.666667,-6081.333333,3057,687,3960,636
1980-10-01,166,75694,2168.083333,1980,10,24603534,8757388,3008000,222948.3,9061.637243,0.053987829,47.156,3.929666667,30.462,2.5385,11956200,64.3,66.8,592.933,428680.366,106700,45.4,45.2,63.259,11.669,11.91,13.11,13.22,13.22,0.11,12.572,14.07,14.07,2896,-1503.666667,-4299,1121,4147,933
1980-11-01,167,75694,2168.083333,1980,11,24603534,8757388,3008000,222948.3,9061.637243,0.053987829,47.156,3.929666667,30.462,2.5385,11984700,64.4,66.3,592.933,428680.366,106700,46,45.7,64.129,11.792,13.7,13.08,13.08,13.01,-0.07,13.572,14.2,14.2,2896,-1503.666667,-4299,889,4314,721
1980-12-01,168,75694,2168.083333,1980,12,24603534,8757388,3008000,222948.3,9061.637243,0.053987829,47.156,3.929666667,30.462,2.5385,12014100,64.4,65.5,592.933,428680.366,106700,46.2,45.9,65,11.915,17.01,12.95,12.53,12.67,-0.28,18.072,14.8,14.8,2896,-1503.666667,-4299,673,4368,619
1981-01-01,169,90203,2468.75,1981,1,24665355,8770591,3062000,223045.8,9042.878158,0.043732112,49.716,4.143,33.597,2.79975,12098800,64.8,64.5,598.281,491306.959,105000,46.9,46.3,65.87,12.037,16.86,13.06,13.06,12.96,-0.1,18.072,14.37,14.37,2415,-1145.666667,1128,541,4061,848
1981-02-01,170,90203,2468.75,1981,2,24665355,8770591,3062000,223045.8,9042.878158,0.043732112,49.716,4.143,33.597,2.79975,12183100,65.1,65.1,598.281,491306.959,105000,47.4,46.7,66.74,12.16,16.83,13.66,13.56,13.38,-0.28,18.072,14.47,14.47,2415,-1145.666667,1128,421,3780,701
1981-03-01,171,90203,2468.75,1981,3,24665355,8770591,3062000,223045.8,9042.878158,0.043732112,49.716,4.143,33.597,2.79975,12181200,65.1,65.4,598.281,491306.959,105000,48,47.2,67.61,12.283,16.44,14.04,13.95,13.48,-0.56,17.572,14.95,14.95,2415,-1145.666667,1128,661,3691,750
1981-04-01,172,90203,2468.75,1981,4,24732826,8787156,3062000,224379.8,9072.145658,0.598083443,49.716,4.143,33.597,2.79975,12184100,65,65.8,598.281,491306.959,105000,48.3,47.5,68.527,12.405,17.35,15.78,15.41,15.07,-0.71,18.072,15.65,15.65,2915.333333,-2351.666667,7010,1730,4716,705
1981-05-01,173,90203,2468.75,1981,5,24732826,8787156,3062000,224379.8,9072.145658,0.598083443,49.716,4.143,33.597,2.79975,12223000,65.1,67.7,598.281,491306.959,105000,48.7,48.1,69.444,12.528,18.43,16.22,15.45,14.96,-1.26,19.322,17.02,17.02,2915.333333,-2351.666667,7010,1664,5578,796
1981-06-01,174,90203,2468.75,1981,6,24732826,8787156,3062000,224379.8,9072.145658,0.598083443,49.716,4.143,33.597,2.79975,12263600,65.2,69.5,598.281,491306.959,105000,49.5,48.6,70.362,12.651,18.83,16.19,15.65,15.03,-1.16,19.822,17.75,17.75,2915.333333,-2351.666667,7010,2079,6736,918
1981-07-01,175,90203,2468.75,1981,7,24819915,8812286,3062000,224821.8,9058.121271,0.196987429,49.716,4.143,33.597,2.79975,12215800,64.9,70.2,598.281,491306.959,105000,49.9,49,71.279,12.773,20.29,18.77,17.96,17.07,-1.7,20.822,18.1,18.1,2718.666667,-3140.666667,14755,1312,7152,886
1981-08-01,176,90203,2468.75,1981,8,24819915,8812286,3062000,224821.8,9058.121271,0.196987429,49.716,4.143,33.597,2.79975,12215000,64.8,70.1,598.281,491306.959,105000,50.3,49.5,72.196,12.896,20.82,18.82,17.63,16.77,-2.05,22.572,20.5,20.5,2718.666667,-3140.666667,14755,1379,7276,1248
1981-09-01,177,90203,2468.75,1981,9,24819915,8812286,3062000,224821.8,9058.121271,0.196987429,49.716,4.143,33.597,2.79975,12332600,65.3,67.3,598.281,491306.959,105000,50.7,49.8,73.114,13.019,19.35,18.94,18.78,17.66,-1.28,21.072,20.66,20.66,2718.666667,-3140.666667,14755,1120,7187,1204
1981-10-01,178,90203,2468.75,1981,10,24920120,8846005,3062000,225845.3,9062.769361,0.455249446,49.716,4.143,33.597,2.79975,12320500,65.2,67,598.281,491306.959,105000,51.2,50.5,74.031,13.142,17.96,17.33,17.15,16.66,-0.67,19.822,19.74,19.74,2688.666667,231.6666667,-5344,631,6782,1027
1981-11-01,179,90203,2468.75,1981,11,24920120,8846005,3062000,225845.3,9062.769361,0.455249446,49.716,4.143,33.597,2.79975,12311000,65,66.3,598.281,491306.959,105000,51.6,51.2,74.948,13.264,15.07,13.57,13.52,14.32,0.75,17.072,18,18,2688.666667,231.6666667,-5344,402,6258,926
1981-12-01,180,90203,2468.75,1981,12,24920120,8846005,3062000,225845.3,9062.769361,0.455249446,49.716,4.143,33.597,2.79975,12307700,64.9,65.1,598.281,491306.959,105000,51.8,51.4,75.865,13.387,14.41,15.22,15.24,15.27,0.05,17.072,16.99,16.99,2688.666667,231.6666667,-5344,603,5747,1114
1982-01-01,181,95496,2111.333333,1982,1,24979229,8865774,3133000,227440.3,9105.176945,0.70623564,48.684,4.057,33.222,2.7685,12265300,64.6,63.5,617.97,512813.319,98000,52.2,51.7,76.782,13.51,14.34,15.95,16.17,15.94,-0.01,16.323,17.41,17.41,2340.666667,1433.333333,-286,306,5194,843
1982-02-01,182,95496,2111.333333,1982,2,24979229,8865774,3133000,227440.3,9105.176945,0.70623564,48.684,4.057,33.222,2.7685,12259700,64.5,63.5,617.97,512813.319,98000,52.8,52.2,77.7,13.632,14.58,15.03,15,15.01,-0.02,16.323,18.17,18.17,2340.666667,1433.333333,-286,216,4408,987
1982-03-01,183,95496,2111.333333,1982,3,24979229,8865774,3133000,227440.3,9105.176945,0.70623564,48.684,4.057,33.222,2.7685,12280200,64.6,63.7,617.97,512813.319,98000,53.5,52.7,78.617,13.755,15.07,15.43,15.21,15.06,-0.37,16.822,18.61,18.61,2340.666667,1433.333333,-286,252,4187,467
1982-04-01,184,95496,2111.333333,1982,4,25042069,8892646,3133000,228806.3,9136.876829,0.600597168,48.684,4.057,33.222,2.7685,12281100,64.5,63.4,617.97,512813.319,98000,53.8,53,80.023,14.021,14.98,15.18,15.08,14.75,-0.43,16.822,18.48,18.48,3034.666667,-412.6666667,-57,588,4284,491
1982-05-01,185,95496,2111.333333,1982,5,25042069,8892646,3133000,228806.3,9136.876829,0.600597168,48.684,4.057,33.222,2.7685,12293300,64.5,64.8,617.97,512813.319,98000,54.5,53.6,81.429,14.286,15.18,14.71,14.88,14.72,0.01,16.822,18.31,18.31,3034.666667,-412.6666667,-57,534,4088,731
1982-06-01,186,95496,2111.333333,1982,6,25042069,8892646,3133000,228806.3,9136.876829,0.600597168,48.684,4.057,33.222,2.7685,12304800,64.4,65.8,617.97,512813.319,98000,55.1,54,82.836,14.552,16.33,16.4,15.98,16.03,-0.01,18.072,18.3,18.3,3034.666667,-412.6666667,-57,793,4139,741
1982-07-01,187,95496,2111.333333,1982,7,25116942,8920288,3133000,230073.3,9160.084058,0.553743494,48.684,4.057,33.222,2.7685,12358800,64.7,66.3,617.97,512813.319,98000,55.4,54.3,84.242,14.817,15.25,15.74,15.83,15.62,0.14,17.072,18.42,18.42,1175.333333,1995,5710,623,4054,713
1982-08-01,188,95496,2111.333333,1982,8,25116942,8920288,3133000,230073.3,9160.084058,0.553743494,48.684,4.057,33.222,2.7685,12314300,64.3,65.5,617.97,512813.319,98000,55.6,54.7,85.648,15.083,13.7,13.64,13.79,13.96,0.62,15.822,17.92,17.92,1175.333333,1995,5710,591,3990,669
1982-09-01,189,95496,2111.333333,1982,9,25116942,8920288,3133000,230073.3,9160.084058,0.553743494,48.684,4.057,33.222,2.7685,12333700,64.4,63.3,617.97,512813.319,98000,55.9,55,87.054,15.349,12.73,12.62,13.08,13.48,0.91,14.822,16.69,16.69,1175.333333,1995,5710,660,3833,811
1982-10-01,190,95496,2111.333333,1982,10,25193538,8957042,3133000,230710.8,9157.538731,0.277085607,48.684,4.057,33.222,2.7685,12389300,64.6,63.1,617.97,512813.319,98000,56.3,55.6,88.46,15.614,11.21,11.38,12.3,12.63,1.2,13.572,15.22,15.22,1931,2786.666667,-5453,1246,4354,723
1982-11-01,191,95496,2111.333333,1982,11,25193538,8957042,3133000,230710.8,9157.538731,0.277085607,48.684,4.057,33.222,2.7685,12364600,64.4,62.3,617.97,512813.319,98000,56.6,56.1,89.866,15.88,10.72,10.55,11.6,12.18,1.33,12.822,13.99,13.99,1931,2786.666667,-5453,1495,5122,726
1982-12-01,192,95496,2111.333333,1982,12,25193538,8957042,3133000,230710.8,9157.538731,0.277085607,48.684,4.057,33.222,2.7685,12398500,64.5,61.7,617.97,512813.319,98000,56.6,56.2,91.272,16.145,9.8,10.03,10.42,11.69,1.28,12.322,13.54,13.54,1931,2786.666667,-5453,1458,5613,955
1983-01-01,193,101626,2503.833333,1983,1,25242830,8982933,3205000,231136.3,9156.512958,0.184430031,48.015,4.00125,34.531,2.877583333,12374000,64.3,60.3,638.178,536221.666,97200,56.5,56,92.679,16.411,9.58,10.17,10.72,12.28,1.41,11.822,13.25,13.25,1654.333333,1938.333333,1310,1039,5743,875
1983-02-01,194,101626,2503.833333,1983,2,25242830,8982933,3205000,231136.3,9156.512958,0.184430031,48.015,4.00125,34.531,2.877583333,12391800,64.3,60.7,638.178,536221.666,97200,56.8,56.4,94.085,16.676,9.23,10.02,10.48,11.8,1.17,11.322,12.8,12.8,1654.333333,1938.333333,1310,774,5793,723
1983-03-01,195,101626,2503.833333,1983,3,25242830,8982933,3205000,231136.3,9156.512958,0.184430031,48.015,4.00125,34.531,2.877583333,12429600,64.5,61.4,638.178,536221.666,97200,57.4,56.7,95.491,16.942,9.17,10.2,10.41,11.7,0.99,11.322,12.65,12.65,1654.333333,1938.333333,1310,1149,5803,1137
1983-04-01,196,101626,2503.833333,1983,4,25300372,9010994,3205000,231376.8,9145.193596,0.104051159,48.015,4.00125,34.531,2.877583333,12486300,64.7,61.8,638.178,536221.666,97200,57.4,56.9,100.642,17.212,9.12,9.92,10.26,11.18,0.98,10.822,12.46,12.46,1236.666667,1141.666667,1410,1692,6592,899
1983-05-01,197,101626,2503.833333,1983,5,25300372,9010994,3205000,231376.8,9145.193596,0.104051159,48.015,4.00125,34.531,2.877583333,12509000,64.7,64,638.178,536221.666,97200,57.5,57,105.792,17.482,9.25,9.59,10.32,11.3,1.27,10.822,12.36,12.36,1236.666667,1141.666667,1410,2707,7914,1385
1983-06-01,198,101626,2503.833333,1983,6,25300372,9010994,3205000,231376.8,9145.193596,0.104051159,48.015,4.00125,34.531,2.877583333,12578700,65,65.5,638.178,536221.666,97200,58.1,57.3,110.943,17.752,9.17,9.82,10.66,11.56,1.47,10.822,12.18,12.18,1236.666667,1141.666667,1410,1747,8125,1535
1983-07-01,199,101626,2503.833333,1983,7,25366451,9039564,3205000,233233.3,9194.557804,0.802370851,48.015,4.00125,34.531,2.877583333,12566200,64.9,66.7,638.178,536221.666,97200,58.4,57.5,116.094,18.022,9.24,10.27,10.95,12.03,1.38,10.822,12.28,12.28,251.6666667,2972.333333,3575,872,7590,1405
1983-08-01,200,101626,2503.833333,1983,8,25366451,9039564,3205000,233233.3,9194.557804,0.802370851,48.015,4.00125,34.531,2.877583333,12599500,65,66.6,638.178,536221.666,97200,58.7,57.8,121.245,18.292,9.29,10.74,11.44,12.34,1.27,10.822,12.77,12.77,251.6666667,2972.333333,3575,847,6907,1528
1983-09-01,201,101626,2503.833333,1983,9,25366451,9039564,3205000,233233.3,9194.557804,0.802370851,48.015,4.00125,34.531,2.877583333,12606300,65,64.8,638.178,536221.666,97200,58.7,58,126.396,18.562,9.24,10.1,10.8,11.76,1.56,10.822,13.08,13.08,251.6666667,2972.333333,3575,864,5744,2020
1983-10-01,202,101626,2503.833333,1983,10,25434150,9074145,3205000,234253.3,9210.187877,0.437330347,48.015,4.00125,34.531,2.877583333,12582500,64.8,64.7,638.178,536221.666,97200,59.1,58.4,131.546,18.832,9.24,9.88,10.76,11.73,1.66,10.822,12.3,12.3,1385.666667,3254.666667,-4566,1395,5786,1346
1983-11-01,203,101626,2503.833333,1983,11,25434150,9074145,3205000,234253.3,9210.187877,0.437330347,48.015,4.00125,34.531,2.877583333,12577900,64.7,64,638.178,536221.666,97200,59.1,58.6,136.697,19.102,9.48,10.09,10.81,11.8,1.53,10.822,12.04,12.04,1385.666667,3254.666667,-4566,1296,5729,1352
1983-12-01,204,101626,2503.833333,1983,12,25434150,9074145,3205000,234253.3,9210.187877,0.437330347,48.015,4.00125,34.531,2.877583333,12616500,64.8,63.4,638.178,536221.666,97200,59.2,58.6,141.848,19.372,9.71,10.33,10.98,12.02,1.39,10.822,11.75,11.75,1385.666667,3254.666667,-4566,771,5397,1100
1984-01-01,205,102318,2658.75,1984,1,25482358,9100590,3280000,238310.5,9351.979907,1.731971332,46.191,3.84925,34.069,2.839083333,12591900,64.6,61.7,655.286,580660.083,96200,59.6,58.6,146.998,19.642,9.73,10.23,11.02,11.92,1.47,10.822,11.75,11.75,1222.666667,2338,1612,659,5113,941
1984-02-01,206,102318,2658.75,1984,2,25482358,9100590,3280000,238310.5,9351.979907,1.731971332,46.191,3.84925,34.069,2.839083333,12629300,64.7,62.3,655.286,580660.083,96200,59.9,58.8,152.149,19.912,9.82,10.81,11.53,12.4,1.49,10.822,11.72,11.72,1222.666667,2338,1612,619,4811,921
1984-03-01,207,102318,2658.75,1984,3,25482358,9100590,3280000,238310.5,9351.979907,1.731971332,46.191,3.84925,34.069,2.839083333,12630600,64.7,62.6,655.286,580660.083,96200,60,59.1,157.3,20.182,10.53,11.44,12.14,13.06,1.56,11.322,12.02,12.02,1222.666667,2338,1612,665,4744,729
1984-04-01,208,102318,2658.75,1984,4,25539861,9129833,3280000,242935.3,9512.005567,1.940661448,46.191,3.84925,34.069,2.839083333,12654500,64.7,62.9,655.286,580660.083,96200,60.2,59.2,160.233,20.404,10.59,11.71,12.52,13.31,1.6,11.322,12.71,12.71,1864,3568.333333,1086,1439,5394,798
1984-05-01,209,102318,2658.75,1984,5,25539861,9129833,3280000,242935.3,9512.005567,1.940661448,46.191,3.84925,34.069,2.839083333,12739500,65.1,64.9,655.286,580660.083,96200,60.2,59.4,163.167,20.626,11.29,13.25,13.39,13.93,0.65,11.822,13.46,13.46,1864,3568.333333,1086,1353,5916,833
1984-06-01,210,102318,2658.75,1984,6,25539861,9129833,3280000,242935.3,9512.005567,1.940661448,46.191,3.84925,34.069,2.839083333,12757400,65.1,66.5,655.286,580660.083,96200,60.6,59.5,166.1,20.848,12.11,13.08,13.42,13.81,0.78,12.322,13.73,13.73,1864,3568.333333,1086,1581,6355,1142
1984-07-01,211,102318,2658.75,1984,7,25607053,9167484,3280000,243979.8,9527.835944,0.429949867,46.191,3.84925,34.069,2.839083333,12783700,65.2,67.7,655.286,580660.083,96200,60.8,59.8,169.033,21.07,12.73,13.04,13.24,13.41,0.4,13.322,14.16,14.16,1212.333333,4498,2520,1511,6296,1566
1984-08-01,212,102318,2658.75,1984,8,25607053,9167484,3280000,243979.8,9527.835944,0.429949867,46.191,3.84925,34.069,2.839083333,12790400,65.2,67.2,655.286,580660.083,96200,60.8,59.9,171.967,21.293,12.13,12.6,12.68,12.89,0.41,12.822,13.65,13.65,1212.333333,4498,2520,1480,6110,1663
1984-09-01,213,102318,2658.75,1984,9,25607053,9167484,3280000,243979.8,9527.835944,0.429949867,46.191,3.84925,34.069,2.839083333,12901700,65.7,65.2,655.286,580660.083,96200,60.9,60.1,174.9,21.515,12.02,12.21,12.4,12.63,0.47,12.822,13.19,13.19,1212.333333,4498,2520,1033,5689,1454
1984-10-01,214,102318,2658.75,1984,10,25677668,9210346,3280000,247787.5,9649.922259,1.560661989,46.191,3.84925,34.069,2.839083333,12843300,65.3,65.2,655.286,580660.083,96200,61.1,60.3,177.833,21.737,11.42,11.55,11.81,12.18,0.77,12.322,12.92,12.92,1328,1590.666667,-6769,1391,5549,1529
1984-11-01,215,102318,2658.75,1984,11,25677668,9210346,3280000,247787.5,9649.922259,1.560661989,46.191,3.84925,34.069,2.839083333,12853400,65.3,64.6,655.286,580660.083,96200,61.4,60.5,180.767,21.959,10.5,10.61,11.28,11.81,1.11,11.822,12.45,12.45,1328,1590.666667,-6769,1221,5544,1225
1984-12-01,216,102318,2658.75,1984,12,25677668,9210346,3280000,247787.5,9649.922259,1.560661989,46.191,3.84925,34.069,2.839083333,12856200,65.2,64.2,655.286,580660.083,96200,61.4,60.5,183.7,22.181,9.84,10.18,10.9,11.66,1.34,11.072,11.94,11.94,1328,1590.666667,-6769,958,5555,947
1985-01-01,217,109094,3792.416667,1985,1,25721170,9230294,3356000,251594.5,9781.611801,1.536397114,48.67,4.055833333,36.762,3.0635,12846400,65.1,63.1,670.679,633443.543,102600,61.7,60.5,186.633,22.403,9.5,10.21,10.62,11.38,0.96,10.822,11.64,11.64,1265.666667,1631.333333,1478,703,5031,1319
1985-02-01,218,109094,3792.416667,1985,2,25721170,9230294,3356000,251594.5,9781.611801,1.536397114,48.67,4.055833333,36.762,3.0635,12892300,65.3,63.5,670.679,633443.543,102600,62.1,60.9,189.567,22.625,11.27,11.69,11.66,12.3,0.48,11.322,11.77,11.77,1265.666667,1631.333333,1478,492,4609,913
1985-03-01,219,109094,3792.416667,1985,3,25721170,9230294,3356000,251594.5,9781.611801,1.536397114,48.67,4.055833333,36.762,3.0635,12952900,65.5,63.9,670.679,633443.543,102600,62.2,61.1,192.5,22.847,10.4,11.16,11.58,11.93,0.74,11.572,12.63,12.63,1265.666667,1631.333333,1478,889,4683,814
1985-04-01,220,109094,3792.416667,1985,4,25774717,9256175,3356000,252403.8,9792.689479,0.321668399,48.67,4.055833333,36.762,3.0635,12975900,65.6,64.4,670.679,633443.543,102600,62.5,61.3,195.458,23.208,9.77,10.7,10.99,11.5,0.68,10.572,11.97,11.97,1437,3575,2693,1604,5516,770
1985-05-01,221,109094,3792.416667,1985,5,25774717,9256175,3356000,252403.8,9792.689479,0.321668399,48.67,4.055833333,36.762,3.0635,12985500,65.6,66.5,670.679,633443.543,102600,62.7,61.6,198.417,23.569,9.51,10.14,10.45,10.76,0.47,10.322,11.58,11.58,1437,3575,2693,1865,6513,864
1985-06-01,222,109094,3792.416667,1985,6,25774717,9256175,3356000,252403.8,9792.689479,0.321668399,48.67,4.055833333,36.762,3.0635,13018300,65.7,67.6,670.679,633443.543,102600,63,62,201.375,23.929,9.33,10.01,10.41,10.88,0.73,10.322,11.09,11.09,1437,3575,2693,2174,7518,1167
1985-07-01,223,109094,3792.416667,1985,7,25842116,9294657,3356000,255608,9891.140493,1.269473756,48.67,4.055833333,36.762,3.0635,13039500,65.7,68.9,670.679,633443.543,102600,63.3,62.2,204.333,24.29,9.06,9.95,10.44,10.91,0.78,10.322,10.95,10.95,1074,4521.333333,3630,1570,7563,1509
1985-08-01,224,109094,3792.416667,1985,8,25842116,9294657,3356000,255608,9891.140493,1.269473756,48.67,4.055833333,36.762,3.0635,13060200,65.7,68.7,670.679,633443.543,102600,63.3,62.5,207.292,24.65,8.95,9.81,10.21,10.79,0.72,10.072,10.97,10.97,1074,4521.333333,3630,2004,8051,1502
1985-09-01,225,109094,3792.416667,1985,9,25842116,9294657,3356000,255608,9891.140493,1.269473756,48.67,4.055833333,36.762,3.0635,13055100,65.6,66.6,670.679,633443.543,102600,63.4,62.6,210.25,25.011,8.75,9.95,10.39,10.96,0.8,10.072,11.05,11.05,1074,4521.333333,3630,1605,8347,1308
1985-10-01,226,109094,3792.416667,1985,10,25914797,9338435,3356000,259301.5,10005.92441,1.444986072,48.67,4.055833333,36.762,3.0635,13109400,65.8,66.6,670.679,633443.543,102600,63.6,62.8,213.208,25.371,8.53,9.4,9.95,10.72,1.07,9.822,11.16,11.16,1768,1592.666667,-4356,2236,8945,1638
1985-11-01,227,109094,3792.416667,1985,11,25914797,9338435,3356000,259301.5,10005.92441,1.444986072,48.67,4.055833333,36.762,3.0635,13169200,66,66.3,670.679,633443.543,102600,63.8,63.2,216.167,25.732,8.85,9.26,9.52,10.34,0.62,9.822,10.95,10.95,1768,1592.666667,-4356,2344,9816,1469
1985-12-01,228,109094,3792.416667,1985,12,25914797,9338435,3356000,259301.5,10005.92441,1.444986072,48.67,4.055833333,36.762,3.0635,13186600,66.1,66,670.679,633443.543,102600,64.1,63.2,219.125,26.092,9.24,8.98,9.2,10.06,0.65,9.822,10.81,10.81,1768,1592.666667,-4356,1291,9642,1456
1986-01-01,229,138925,4409.916667,1986,1,25962414,9362036,3434000,259373.5,9990.346044,0.027766905,50.129,4.177416667,38.905,3.242083333,13203700,66.1,64.9,668.946,673571.2,109000,64.4,63.2,222.083,26.453,10.55,9.78,9.8,10.49,0.4,10.822,10.87,10.87,1863.333333,1692,3892,1187,9173,1636
1986-02-01,230,138925,4409.916667,1986,2,25962414,9362036,3434000,259373.5,9990.346044,0.027766905,50.129,4.177416667,38.905,3.242083333,13221700,66.1,65.2,668.946,673571.2,109000,64.7,63.7,225.042,26.813,11.55,9.71,9.49,9.96,-0.02,12.822,11.14,11.14,1863.333333,1692,3892,1436,9364,1236
1986-03-01,231,138925,4409.916667,1986,3,25962414,9362036,3434000,259373.5,9990.346044,0.027766905,50.129,4.177416667,38.905,3.242083333,13224900,66.1,65.6,668.946,673571.2,109000,64.9,64.2,228,27.174,10.19,9.22,8.97,9.54,-0.02,11.822,10.86,10.86,1863.333333,1692,3892,1563,9739,1182
1986-04-01,232,138925,4409.916667,1986,4,26019615,9391784,3434000,259505,9973.437347,0.050699088,50.129,4.177416667,38.905,3.242083333,13292300,66.3,66.3,668.946,673571.2,109000,64.9,64.6,230.858,27.534,8.72,8.78,8.56,9.32,0.09,11.072,10.32,10.32,2193.666667,3381.333333,7251,2920,11175,1471
1986-05-01,233,138925,4409.916667,1986,5,26019615,9391784,3434000,259505,9973.437347,0.050699088,50.129,4.177416667,38.905,3.242083333,13236700,66,67.9,668.946,673571.2,109000,65.3,65.1,233.717,27.895,8.33,8.95,8.95,9.52,0.13,10.072,9.8,9.8,2193.666667,3381.333333,7251,2567,12209,1531
1986-06-01,234,138925,4409.916667,1986,6,26019615,9391784,3434000,259505,9973.437347,0.050699088,50.129,4.177416667,38.905,3.242083333,13289800,66.2,69.5,668.946,673571.2,109000,65.4,65.2,236.575,28.255,8.59,8.69,8.8,9.42,0.22,10.072,10.07,10.07,2193.666667,3381.333333,7251,2170,12847,1531
1986-07-01,235,138925,4409.916667,1986,7,26100278,9437359,3434000,260864.3,9994.694309,0.523804936,50.129,4.177416667,38.905,3.242083333,13288400,66.1,70.1,668.946,673571.2,109000,65.9,65.6,239.433,28.616,8.26,9,8.88,9.36,-0.02,9.572,10.26,10.26,1884.666667,5556.666667,11815,2341,13281,1908
1986-08-01,236,138925,4409.916667,1986,8,26100278,9437359,3434000,260864.3,9994.694309,0.523804936,50.129,4.177416667,38.905,3.242083333,13302200,66.1,69.9,668.946,673571.2,109000,66,66,242.292,28.976,8.33,8.96,8.8,9.16,-0.15,9.572,10.2,10.2,1884.666667,5556.666667,11815,1773,13448,1566
1986-09-01,237,138925,4409.916667,1986,9,26100278,9437359,3434000,260864.3,9994.694309,0.523804936,50.129,4.177416667,38.905,3.242083333,13300500,66,67.8,668.946,673571.2,109000,66,66,245.15,29.337,8.35,9.1,9.04,9.45,-0.01,9.572,10.3,10.3,1884.666667,5556.666667,11815,2427,13713,2157
1986-10-01,238,138925,4409.916667,1986,10,26187639,9493289,3434000,261192.3,9973.87737,0.125735871,50.129,4.177416667,38.905,3.242083333,13313100,66,67.8,668.946,673571.2,109000,66.4,66.3,248.008,29.697,8.3,8.86,9.01,9.53,0.26,9.572,10.45,10.45,3408,3166.666667,1748,1947,13765,1894
1986-11-01,239,138925,4409.916667,1986,11,26187639,9493289,3434000,261192.3,9973.87737,0.125735871,50.129,4.177416667,38.905,3.242083333,13332800,66.1,67.2,668.946,673571.2,109000,66.7,66.6,250.867,30.058,8.24,8.61,8.72,9.26,0.18,9.572,10.45,10.45,3408,3166.666667,1748,2083,13656,2191
1986-12-01,240,138925,4409.916667,1986,12,26187639,9493289,3434000,261192.3,9973.87737,0.125735871,50.129,4.177416667,38.905,3.242083333,13346600,66.1,66.7,668.946,673571.2,109000,66.8,66.8,253.725,30.418,8.24,8.55,8.63,9.23,0.19,9.572,10.37,10.37,3408,3166.666667,1748,1951,13700,1906
1987-01-01,241,189105,3622.916667,1987,1,26256140,9531478,3524000,265295,10104.11279,1.570758403,54.134,4.511166667,41.076,3.423,13376200,66.1,65.4,681.04,738547.231,112800,67,66.7,256.583,30.779,7.24,7.68,8.06,8.94,0.58,9.072,10.05,10.05,4795.333333,1772.333333,10281,2076,14053,2284
1987-02-01,242,189105,3622.916667,1987,2,26256140,9531478,3524000,265295,10104.11279,1.570758403,54.134,4.511166667,41.076,3.423,13406700,66.2,65.8,681.04,738547.231,112800,67.3,67,259.442,31.139,7.28,7.81,8.08,9.1,0.58,9.072,9.66,9.66,4795.333333,1772.333333,10281,1617,13473,2192
1987-03-01,243,189105,3622.916667,1987,3,26256140,9531478,3524000,265295,10104.11279,1.570758403,54.134,4.511166667,41.076,3.423,13441300,66.3,66.3,681.04,738547.231,112800,67.5,67.3,262.3,31.5,6.8,7.54,7.73,8.98,0.7,8.572,9.4,9.4,4795.333333,1772.333333,10281,2085,13832,1721
1987-04-01,244,189105,3622.916667,1987,4,26346370,9577947,3524000,268693.5,10198.50173,1.281026782,54.134,4.511166667,41.076,3.423,13466600,66.4,67,681.04,738547.231,112800,67.9,67.6,265.075,31.708,8.08,9.01,9.18,9.82,0.39,9.072,9.59,9.59,6329.666667,3704.666667,8482,2713,14709,1832
1987-05-01,245,189105,3622.916667,1987,5,26346370,9577947,3524000,268693.5,10198.50173,1.281026782,54.134,4.511166667,41.076,3.423,13486800,66.4,69,681.04,738547.231,112800,68.3,67.9,267.85,31.917,8.19,9.38,9.26,9.92,0.14,9.322,10.24,10.24,6329.666667,3704.666667,8482,3358,16166,1898
1987-06-01,246,189105,3622.916667,1987,6,26346370,9577947,3524000,268693.5,10198.50173,1.281026782,54.134,4.511166667,41.076,3.423,13523200,66.5,70.5,681.04,738547.231,112800,68.5,68,270.625,32.125,8.29,9.04,9.04,9.78,0.27,9.322,10.46,10.46,6329.666667,3704.666667,8482,2881,16738,2305
1987-07-01,247,189105,3622.916667,1987,7,26446601,9637945,3524000,272798.8,10315.07981,1.527874697,54.134,4.511166667,41.076,3.423,13524700,66.4,71.2,681.04,738547.231,112800,68.9,68.6,273.4,32.333,8.97,9.77,9.7,10.23,0.13,9.322,10.46,10.46,5479,6253.333333,9393,2950,16942,2739
1987-08-01,248,189105,3622.916667,1987,8,26446601,9637945,3524000,272798.8,10315.07981,1.527874697,54.134,4.511166667,41.076,3.423,13543200,66.4,71.2,681.04,738547.231,112800,69,68.8,276.175,32.542,8.99,9.9,9.91,10.44,0.21,9.822,10.69,10.69,5479,6253.333333,9393,2125,16761,2302
1987-09-01,249,189105,3622.916667,1987,9,26446601,9637945,3524000,272798.8,10315.07981,1.527874697,54.134,4.511166667,41.076,3.423,13568000,66.5,69.2,681.04,738547.231,112800,69,68.9,278.95,32.75,9.35,10.58,10.75,11.14,0.32,9.822,10.92,10.92,5479,6253.333333,9393,2132,15876,3015
1987-10-01,250,189105,3622.916667,1987,10,26542370,9702789,3524000,276323,10410.63778,1.291867853,54.134,4.511166667,41.076,3.423,13617000,66.7,69.5,681.04,738547.231,112800,69.2,69.2,281.725,32.958,7.84,9.38,9.62,10.21,0.42,9.572,11.17,11.17,5188.333333,2034,-6003,2089,15793,2170
1987-11-01,251,189105,3622.916667,1987,11,26542370,9702789,3524000,276323,10410.63778,1.291867853,54.134,4.511166667,41.076,3.423,13632600,66.7,69,681.04,738547.231,112800,69.5,69.5,284.5,33.167,8.31,9.57,9.88,10.5,0.53,9.572,10.69,10.69,5188.333333,2034,-6003,2383,16102,2074
1987-12-01,252,189105,3622.916667,1987,12,26542370,9702789,3524000,276323,10410.63778,1.291867853,54.134,4.511166667,41.076,3.423,13680400,66.8,68.8,681.04,738547.231,112800,69.6,69.5,287.275,33.375,8.41,9.62,9.78,10.34,0.4,9.572,10.76,10.76,5188.333333,2034,-6003,1416,15439,2071
1988-01-01,253,229635,4115.083333,1988,1,26602328,9735171,3616000,280349,10538.51377,1.456990551,56.201,4.683416667,40.426,3.368833333,13708400,66.9,67.4,687.748,815670.974,115600,69.7,69.5,290.05,33.583,8.37,8.98,9.02,9.74,0.33,9.572,10.93,10.93,5003.333333,1042.333333,6231,959,13873,2522
1988-02-01,254,229635,4115.083333,1988,2,26602328,9735171,3616000,280349,10538.51377,1.456990551,56.201,4.683416667,40.426,3.368833333,13711000,66.8,68,687.748,815670.974,115600,70,70.1,292.825,33.792,8.32,8.77,8.77,9.61,0.36,9.572,10.69,10.69,5003.333333,1042.333333,6231,694,12647,1897
1988-03-01,255,229635,4115.083333,1988,3,26602328,9735171,3616000,280349,10538.51377,1.456990551,56.201,4.683416667,40.426,3.368833333,13730400,66.9,68.3,687.748,815670.974,115600,70.4,70.6,295.6,34,8.53,8.95,9.14,10.13,0.66,9.572,10.28,10.28,5003.333333,1042.333333,6231,1401,11934,2084
1988-04-01,256,229635,4115.083333,1988,4,26679165,9774964,3616000,282524,10589.68675,0.775818712,56.201,4.683416667,40.426,3.368833333,13732300,66.8,68.7,687.748,815670.974,115600,70.6,70.8,298.167,34.125,8.87,9.23,9.41,10.36,0.61,10.072,10.24,10.24,6745,2408.666667,15266,1505,11514,1922
1988-05-01,257,229635,4115.083333,1988,5,26679165,9774964,3616000,282524,10589.68675,0.775818712,56.201,4.683416667,40.426,3.368833333,13747100,66.8,70.7,687.748,815670.974,115600,71,71.2,300.733,34.25,8.92,9.44,9.49,10.38,0.42,10.072,10.49,10.49,6745,2408.666667,15266,2017,11619,1912
1988-06-01,258,229635,4115.083333,1988,6,26679165,9774964,3616000,282524,10589.68675,0.775818712,56.201,4.683416667,40.426,3.368833333,13742000,66.7,71.8,687.748,815670.974,115600,71.2,71.2,303.3,34.375,9.19,9.43,9.5,10.13,0.27,10.572,10.61,10.61,6745,2408.666667,15266,1960,11685,1885
1988-07-01,259,229635,4115.083333,1988,7,26791747,9838620,3616000,282836.8,10556.8629,0.110716258,56.201,4.683416667,40.426,3.368833333,13781500,66.8,72.5,687.748,815670.974,115600,71.6,71.7,305.867,34.5,9.29,9.57,9.75,10.42,0.39,10.572,10.6,10.6,6510.666667,1863.333333,31890,2003,12030,1658
1988-08-01,260,229635,4115.083333,1988,8,26791747,9838620,3616000,282836.8,10556.8629,0.110716258,56.201,4.683416667,40.426,3.368833333,13797700,66.8,72.3,687.748,815670.974,115600,71.7,72,308.433,34.625,9.98,10.36,10.23,10.65,0.04,11.072,11.12,11.12,6510.666667,1863.333333,31890,2129,12653,1505
1988-09-01,261,229635,4115.083333,1988,9,26791747,9838620,3616000,282836.8,10556.8629,0.110716258,56.201,4.683416667,40.426,3.368833333,13816800,66.8,70.3,687.748,815670.974,115600,71.8,72.1,311,34.75,10.33,10.1,9.97,10.46,0.1,11.572,11.36,11.36,6510.666667,1863.333333,31890,2315,13258,1707
1988-10-01,262,229635,4115.083333,1988,10,26932655,9917210,3616000,282878.8,10503.19027,0.014849553,56.201,4.683416667,40.426,3.368833333,13842900,66.9,70.5,687.748,815670.974,115600,72.2,72.6,313.567,34.875,10.29,9.66,9.61,10.13,0.11,11.572,10.99,10.99,5783.666667,292.3333333,16581,1458,12849,1864
1988-11-01,263,229635,4115.083333,1988,11,26932655,9917210,3616000,282878.8,10503.19027,0.014849553,56.201,4.683416667,40.426,3.368833333,13872600,67,69.8,687.748,815670.974,115600,72.3,73,316.133,35,10.76,10.31,9.98,10.32,-0.26,11.572,10.98,10.98,5783.666667,292.3333333,16581,1317,12071,2091
1988-12-01,264,229635,4115.083333,1988,12,26932655,9917210,3616000,282878.8,10503.19027,0.014849553,56.201,4.683416667,40.426,3.368833333,13884500,67,69.5,687.748,815670.974,115600,72.3,73.1,318.7,35.125,10.94,10.56,10.27,10.36,-0.39,12.072,11.33,11.33,5783.666667,292.3333333,16581,1394,11714,1747
1989-01-01,265,273698,3249.166667,1989,1,27032356,9969308,3710000,283880,10501.4894,0.353932497,59.757,4.97975,40.941,3.41175,13971600,67.3,68.7,684.238,879776.585,121400,72.7,73.3,321.267,35.25,11.18,10.54,10.1,10.18,-0.53,12.072,11.44,11.44,6523.333333,-129.6666667,25678,1397,11290,1816
1989-02-01,266,273698,3249.166667,1989,2,27032356,9969308,3710000,283880,10501.4894,0.353932497,59.757,4.97975,40.941,3.41175,13997700,67.4,68.8,684.238,879776.585,121400,73.2,73.8,323.833,35.375,11.61,11.36,10.7,10.55,-0.94,12.572,11.43,11.43,6523.333333,-129.6666667,25678,1041,10961,1365
1989-03-01,267,273698,3249.166667,1989,3,27032356,9969308,3710000,283880,10501.4894,0.353932497,59.757,4.97975,40.941,3.41175,14041500,67.5,69.2,684.238,879776.585,121400,73.6,74.3,326.4,35.5,12.14,11.62,10.82,10.49,-1.04,13.322,11.61,11.61,6523.333333,-129.6666667,25678,1902,11280,1593
1989-04-01,268,273698,3249.166667,1989,4,27147776,10031922,3710000,284256.5,10470.71038,0.132626462,59.757,4.97975,40.941,3.41175,14049700,67.5,69.4,684.238,879776.585,121400,73.8,74.5,329.125,35.492,12.37,10.78,10.24,10.19,-0.59,13.322,11.92,11.92,8050.666667,1220.333333,21277,1671,11457,1490
1989-05-01,269,273698,3249.166667,1989,5,27147776,10031922,3710000,284256.5,10470.71038,0.132626462,59.757,4.97975,40.941,3.41175,14039600,67.3,71.3,684.238,879776.585,121400,74.6,75.1,331.85,35.483,12.17,10.37,9.78,9.85,-0.66,13.322,11.49,11.49,8050.666667,1220.333333,21277,2139,12287,1305
1989-06-01,270,273698,3249.166667,1989,6,27147776,10031922,3710000,284256.5,10470.71038,0.132626462,59.757,4.97975,40.941,3.41175,14030700,67.2,72.5,684.238,879776.585,121400,74.9,75.5,334.575,35.475,12.08,10.01,9.42,9.6,-0.61,13.322,11.13,11.13,8050.666667,1220.333333,21277,1372,12153,1506
1989-07-01,271,273698,3249.166667,1989,7,27276781,10103305,3710000,284756,10439.50164,0.175721575,59.757,4.97975,40.941,3.41175,14025900,67.1,73.1,684.238,879776.585,121400,75.4,75.9,337.3,35.467,12.11,9.86,9.35,9.62,-0.55,13.322,11.05,11.05,7362,630.6666667,16745,1334,11962,1523
1989-08-01,272,273698,3249.166667,1989,8,27276781,10103305,3710000,284756,10439.50164,0.175721575,59.757,4.97975,40.941,3.41175,14058800,67.1,73.2,684.238,879776.585,121400,75.5,76.1,340.025,35.458,12.16,10.39,9.59,9.62,-0.88,13.322,10.96,10.96,7362,630.6666667,16745,1283,11881,1357
1989-09-01,273,273698,3249.166667,1989,9,27276781,10103305,3710000,284756,10439.50164,0.175721575,59.757,4.97975,40.941,3.41175,14062100,67.1,71.3,684.238,879776.585,121400,75.6,76.3,342.75,35.45,12.23,10.46,9.92,9.91,-0.72,13.322,10.95,10.95,7362,630.6666667,16745,1450,11554,1745
1989-10-01,274,273698,3249.166667,1989,10,27402695,10167642,3710000,284820,10393.86819,0.022475382,59.757,4.97975,40.941,3.41175,14048500,66.9,71.2,684.238,879776.585,121400,75.9,76.6,345.475,35.442,12.17,10.17,9.56,9.54,-0.79,13.322,10.95,10.95,7108,-437,-16080,1208,11308,1437
1989-11-01,275,273698,3249.166667,1989,11,27402695,10167642,3710000,284820,10393.86819,0.022475382,59.757,4.97975,40.941,3.41175,14114900,67.2,70.5,684.238,879776.585,121400,76.1,77,348.2,35.433,12.21,11.03,10.07,9.8,-1.3,13.322,10.95,10.95,7108,-437,-16080,891,10847,1350
1989-12-01,276,273698,3249.166667,1989,12,27402695,10167642,3710000,284820,10393.86819,0.022475382,59.757,4.97975,40.941,3.41175,14150000,67.3,70,684.238,879776.585,121400,76.1,77.1,350.925,35.425,12.22,10.92,9.77,9.69,-1.36,13.322,11.15,11.15,7108,-437,-16080,841,10337,1365
1990-01-01,277,255020,2231.583333,1990,1,27463550,10189985,3807000,284957,10375.82541,0.048100555,59.953,4.996083333,41.772,3.481,14220500,67.5,68.7,678.491,915648.327,109500,76.7,77.3,353.65,35.417,12.34,10.96,10.02,10.04,-1.03,13.322,11.21,11.21,6580,-695,11649,777,10036,1076
1990-02-01,278,255020,2231.583333,1990,2,27463550,10189985,3807000,284957,10375.82541,0.048100555,59.953,4.996083333,41.772,3.481,14228500,67.5,69,678.491,915648.327,109500,77.2,77.7,356.375,35.408,13.16,11.92,11.09,10.64,-1.28,14.072,11.62,11.62,6580,-695,11649,439,9404,1068
1990-03-01,279,255020,2231.583333,1990,3,27463550,10189985,3807000,284957,10375.82541,0.048100555,59.953,4.996083333,41.772,3.481,14159900,67.1,69.1,678.491,915648.327,109500,77.5,78,359.1,35.4,13.26,12.22,11.29,10.91,-1.34,14.072,12.12,12.12,6580,-695,11649,502,8815,1090
1990-04-01,280,255020,2231.583333,1990,4,27567161,10238884,3807000,285281.8,10348.61007,0.11398211,59.953,4.996083333,41.772,3.481,14218100,67.2,69.6,678.491,915648.327,109500,77.5,78.1,362.342,35.65,13.55,12.74,12.23,11.54,-1.23,14.572,12.87,12.87,9660.333333,-1485.666667,7699,716,8429,1101
1990-05-01,281,255020,2231.583333,1990,5,27567161,10238884,3807000,285281.8,10348.61007,0.11398211,59.953,4.996083333,41.772,3.481,14207100,67.1,71.1,678.491,915648.327,109500,77.9,78.4,365.583,35.9,13.67,12.03,11.39,10.86,-1.17,14.572,13.41,13.41,9660.333333,-1485.666667,7699,711,8245,880
1990-06-01,282,255020,2231.583333,1990,6,27567161,10238884,3807000,285281.8,10348.61007,0.11398211,59.953,4.996083333,41.772,3.481,14215200,67.1,72.4,678.491,915648.327,109500,78.2,78.6,368.825,36.15,13.58,11.53,11.09,10.72,-0.89,14.572,13.23,13.23,9660.333333,-1485.666667,7699,555,7822,978
1990-07-01,283,255020,2231.583333,1990,7,27691138,10295832,3807000,286647.8,10351.6078,0.478824797,59.953,4.996083333,41.772,3.481,14242100,67.1,73,678.491,915648.327,109500,78.5,78.9,372.067,36.4,13.23,11.56,11.04,10.78,-0.91,14.572,13.17,13.17,9034.333333,-1834.333333,2511,646,7693,772
1990-08-01,284,255020,2231.583333,1990,8,27691138,10295832,3807000,286647.8,10351.6078,0.478824797,59.953,4.996083333,41.772,3.481,14262000,67.1,72.6,678.491,915648.327,109500,78.6,79.2,375.308,36.65,12.67,10.79,10.63,10.83,-0.07,14.072,12.76,12.76,9034.333333,-1834.333333,2511,234,6984,934
1990-09-01,285,255020,2231.583333,1990,9,27691138,10295832,3807000,286647.8,10351.6078,0.478824797,59.953,4.996083333,41.772,3.481,14307600,67.2,70.7,678.491,915648.327,109500,78.8,79.4,378.55,36.9,12.4,11.14,11.25,11.54,0.28,13.572,12.6,12.6,9034.333333,-1834.333333,2511,906,6773,1116
1990-10-01,286,255020,2231.583333,1990,10,27807591,10344678,3807000,286827,10314.70148,0.062515742,59.953,4.996083333,41.772,3.481,14299400,67.1,70.4,678.491,915648.327,109500,79.5,79.9,381.792,37.15,12.36,10.99,10.88,11.15,0.03,13.572,12.41,12.41,7442,-978.3333333,-27852,628,6596,801
1990-11-01,287,255020,2231.583333,1990,11,27807591,10344678,3807000,286827,10314.70148,0.062515742,59.953,4.996083333,41.772,3.481,14291600,67,69.2,678.491,915648.327,109500,80,80.2,385.033,37.4,12.01,10.42,10.43,10.7,0.12,13.072,12.24,12.24,7442,-978.3333333,-27852,502,6257,844
1990-12-01,288,255020,2231.583333,1990,12,27807591,10344678,3807000,286827,10314.70148,0.062515742,59.953,4.996083333,41.772,3.481,14289800,66.9,68.4,678.491,915648.327,109500,79.9,80.2,388.275,37.65,11.47,10.46,10.27,10.51,-0.12,12.572,11.69,11.69,7442,-978.3333333,-27852,451,5901,811
1991-01-01,289,234313,3178.666667,1991,1,27854861,10355101,3904000,288111,10343.2934,0.447656601,53.45,4.454166667,42.722,3.560166667,14291800,66.8,66.7,673.807,930349.928,104500,82,81.9,391.517,37.9,10.48,9.94,9.93,10.22,0.11,12.072,11.33,11.33,7736.666667,-66.33333333,-11279,236,4889,1246
1991-02-01,290,234313,3178.666667,1991,2,27854861,10355101,3904000,288111,10343.2934,0.447656601,53.45,4.454166667,42.722,3.560166667,14297000,66.8,66.7,673.807,930349.928,104500,82,82.3,394.758,38.15,9.72,9.35,9.46,9.89,0.24,11.072,10.78,10.78,7736.666667,-66.33333333,-11279,183,4470,598
1991-03-01,291,234313,3178.666667,1991,3,27854861,10355101,3904000,288111,10343.2934,0.447656601,53.45,4.454166667,42.722,3.560166667,14308800,66.7,66.6,673.807,930349.928,104500,82.3,83,398,38.4,9.67,9.29,9.4,9.88,0.26,11.072,10.65,10.65,7736.666667,-66.33333333,-11279,418,4374,516
1991-04-01,292,234313,3178.666667,1991,4,27928837,10385937,3904000,288461.3,10328.43938,0.121585084,53.45,4.454166667,42.722,3.560166667,14326100,66.7,67.2,673.807,930349.928,104500,82.3,83,401.5,39.317,9.241,9.3,9.42,9.91,0.29,10.572,10.47,10.47,8004.333333,-996.6666667,899,640,4454,558
1991-05-01,293,234313,3178.666667,1991,5,27928837,10385937,3904000,288461.3,10328.43938,0.121585084,53.45,4.454166667,42.722,3.560166667,14347100,66.7,68.9,673.807,930349.928,104500,82.7,83.3,405,40.233,8.812,9.11,9.36,9.91,0.48,9.572,10.43,10.43,8004.333333,-996.6666667,899,819,4753,520
1991-06-01,294,234313,3178.666667,1991,6,27928837,10385937,3904000,288461.3,10328.43938,0.121585084,53.45,4.454166667,42.722,3.560166667,14396700,66.9,70,673.807,930349.928,104500,83.1,83.4,408.5,41.15,8.65,9.4,9.73,10.36,0.69,9.572,10.44,10.44,8004.333333,-996.6666667,899,1367,5562,557
1991-07-01,295,234313,3178.666667,1991,7,28037420,10431316,3904000,289223,10315.60679,0.264056218,53.45,4.454166667,42.722,3.560166667,14383000,66.7,70.7,673.807,930349.928,104500,83.2,83.6,412,42.067,8.656,9.33,9.66,10.17,0.57,9.572,10.51,10.51,6295.333333,-2004,3442,1517,6444,637
1991-08-01,296,234313,3178.666667,1991,8,28037420,10431316,3904000,289223,10315.60679,0.264056218,53.45,4.454166667,42.722,3.560166667,14388000,66.7,70.5,673.807,930349.928,104500,83.3,83.8,415.5,42.983,8.534,9,9.41,9.97,0.67,9.572,10.67,10.67,6295.333333,-2004,3442,1169,6916,697
1991-09-01,297,234313,3178.666667,1991,9,28037420,10431316,3904000,289223,10315.60679,0.264056218,53.45,4.454166667,42.722,3.560166667,14333300,66.4,68.7,673.807,930349.928,104500,83.1,83.9,419,43.9,8.339,8.48,8.97,9.59,0.78,9.322,10.58,10.58,6295.333333,-2004,3442,915,6843,989
1991-10-01,298,234313,3178.666667,1991,10,28127327,10465562,3904000,289231.8,10282.94655,0.003042635,53.45,4.454166667,42.722,3.560166667,14340600,66.3,68.6,673.807,930349.928,104500,83,84.1,422.5,44.817,7.79,7.43,8.19,9.12,1.31,8.572,10.04,10.04,11138,-362.3333333,-22886,885,6496,1232
1991-11-01,299,234313,3178.666667,1991,11,28127327,10465562,3904000,289231.8,10282.94655,0.003042635,53.45,4.454166667,42.722,3.560166667,14304100,66.1,67.6,673.807,930349.928,104500,83.3,84.4,426,45.733,7.406,7.63,8.16,9.18,1.04,8.322,9.34,9.34,11138,-362.3333333,-22886,784,6017,1261
1991-12-01,300,234313,3178.666667,1991,12,28127327,10465562,3904000,289231.8,10282.94655,0.003042635,53.45,4.454166667,42.722,3.560166667,14286100,65.9,66.9,673.807,930349.928,104500,82.9,84.1,429.5,46.65,7.422,7.31,7.87,8.97,1.01,7.822,9.04,9.04,11138,-362.3333333,-22886,526,5555,988
1992-01-01,301,214971,3475.25,1992,1,28181477,10488022,3976000,289698.3,10279.74155,0.161289319,50.511,4.20925,43.499,3.624916667,14280100,65.8,65.3,691.528,943945.243,103900,83.3,84.3,433,47.567,7.04,7.25,7.93,8.92,1.03,7.322,8.91,8.91,8933.666667,-277.3333333,474,430,4987,1004
1992-02-01,302,214971,3475.25,1992,2,28181477,10488022,3976000,289698.3,10279.74155,0.161289319,50.511,4.20925,43.499,3.624916667,14268000,65.7,65.5,691.528,943945.243,103900,83.3,84.6,436.5,48.483,7.25,7.35,7.97,8.97,0.99,7.322,8.88,8.88,8933.666667,-277.3333333,474,352,4542,797
1992-03-01,303,214971,3475.25,1992,3,28181477,10488022,3976000,289698.3,10279.74155,0.161289319,50.511,4.20925,43.499,3.624916667,14299200,65.8,65.4,691.528,943945.243,103900,83.6,84.9,440,49.4,7.239,7.96,8.52,9.28,0.71,8.072,9.26,9.26,8933.666667,-277.3333333,474,405,4301,644
1992-04-01,304,214971,3475.25,1992,4,28269699,10528346,3976000,290276,10268.09659,0.199414356,50.511,4.20925,43.499,3.624916667,14260900,65.5,65.6,691.528,943945.243,103900,83.7,84.9,443.983,50.433,6.719,7.72,8.49,9.51,1.14,7.572,9.57,9.57,10381,-1038,-2737,995,4717,579
1992-05-01,305,214971,3475.25,1992,5,28269699,10528346,3976000,290276,10268.09659,0.199414356,50.511,4.20925,43.499,3.624916667,14301400,65.7,67.3,691.528,943945.243,103900,83.8,84.9,447.967,51.467,6.081,7.01,7.91,9.17,1.48,7.322,9.34,9.34,10381,-1038,-2737,1025,5110,631
1992-06-01,306,214971,3475.25,1992,6,28269699,10528346,3976000,290276,10268.09659,0.199414356,50.511,4.20925,43.499,3.624916667,14350500,65.8,68.6,691.528,943945.243,103900,84,84.9,451.95,52.5,5.596,6.42,7.45,8.87,1.73,6.822,8.92,8.92,10381,-1038,-2737,947,5040,967
1992-07-01,307,214971,3475.25,1992,7,28371264,10572205,3976000,290292.8,10231.93045,0.005787595,50.511,4.20925,43.499,3.624916667,14354100,65.7,69,691.528,943945.243,103900,84.2,85.2,455.933,53.533,5.17,5.5,6.53,8.21,1.93,6.572,8.46,8.46,10180.66667,-2518.333333,-1819,968,5400,593
1992-08-01,308,214971,3475.25,1992,8,28371264,10572205,3976000,290292.8,10231.93045,0.005787595,50.511,4.20925,43.499,3.624916667,14371500,65.8,68.7,691.528,943945.243,103900,84.2,85.3,459.917,54.567,4.821,5.41,6.53,8.19,1.97,6.322,7.92,7.92,10180.66667,-2518.333333,-1819,853,5237,1008
1992-09-01,309,214971,3475.25,1992,9,28371264,10572205,3976000,290292.8,10231.93045,0.005787595,50.511,4.20925,43.499,3.624916667,14368200,65.7,67.1,691.528,943945.243,103900,84.2,85.3,463.9,55.6,7.371,6.93,7.35,8.53,0.86,6.072,7.74,7.74,10180.66667,-2518.333333,-1819,765,4769,1225
1992-10-01,310,214971,3475.25,1992,10,28474177,10610665,3976000,291310.8,10230.70131,0.350680416,50.511,4.20925,43.499,3.624916667,14347200,65.5,67.1,691.528,943945.243,103900,84.3,85.5,467.883,56.633,6.055,5.84,6.76,8.33,1.67,7.572,8.43,8.43,10604,-676.3333333,-23079,714,4506,976
1992-11-01,311,214971,3475.25,1992,11,28474177,10610665,3976000,291310.8,10230.70131,0.350680416,50.511,4.20925,43.499,3.624916667,14453600,65.9,66.3,691.528,943945.243,103900,84.7,85.9,471.867,57.667,8.566,7.1,7.37,8.66,0.78,9.572,8.53,8.53,10604,-676.3333333,-23079,796,4501,798
1992-12-01,312,214971,3475.25,1992,12,28474177,10610665,3976000,291310.8,10230.70131,0.350680416,50.511,4.20925,43.499,3.624916667,14404700,65.6,65.8,691.528,943945.243,103900,84.7,85.8,475.85,58.7,7.111,6.93,7.34,8.54,0.93,7.072,8.68,8.68,10604,-676.3333333,-23079,777,4517,763
1993-01-01,313,206490,3246.666667,1993,1,28533602,10629994,4048000,292484.3,10250.52147,0.402834361,48.651,4.05425,44.604,3.717,14359100,65.4,64.4,698.115,964244.773,96600,85,86.1,479.833,59.733,6.562,6.91,7.39,8.67,1.07,6.572,8.67,8.67,10143.66667,-527,-14149,501,4135,894
1993-02-01,314,206490,3246.666667,1993,2,28533602,10629994,4048000,292484.3,10250.52147,0.402834361,48.651,4.05425,44.604,3.717,14333200,65.2,64.9,698.115,964244.773,96600,85.3,86.4,483.817,60.767,5.843,6.56,6.92,8.19,0.89,6.322,8.64,8.64,10143.66667,-527,-14149,543,3993,648
1993-03-01,315,206490,3246.666667,1993,3,28533602,10629994,4048000,292484.3,10250.52147,0.402834361,48.651,4.05425,44.604,3.717,14390300,65.4,65,698.115,964244.773,96600,85.2,86.5,487.8,61.8,5.113,6.41,6.88,8.27,1.11,5.822,8.17,8.17,10143.66667,-527,-14149,439,3796,590
1993-04-01,316,206490,3246.666667,1993,4,28600864,10656924,4048000,292937,10242.24303,0.154777538,48.651,4.05425,44.604,3.717,14417000,65.4,65.1,698.115,964244.773,96600,85.2,86.5,492.217,63.367,5.345,6.5,6.97,8.27,1.04,5.822,8.09,8.09,11514,-1008,-15389,876,4078,589
1993-05-01,317,206490,3246.666667,1993,5,28600864,10656924,4048000,292937,10242.24303,0.154777538,48.651,4.05425,44.604,3.717,14431600,65.4,66.7,698.115,964244.773,96600,85.4,86.4,496.633,64.933,4.848,6.28,6.86,8.12,1.21,5.822,8.08,8.08,11514,-1008,-15389,1038,4456,665
1993-06-01,318,206490,3246.666667,1993,6,28600864,10656924,4048000,292937,10242.24303,0.154777538,48.651,4.05425,44.604,3.717,14469700,65.5,68.3,698.115,964244.773,96600,85.4,86.4,501.05,66.5,4.539,5.89,6.68,7.96,1.45,5.822,8.06,8.06,11514,-1008,-15389,707,4436,685
1993-07-01,319,206490,3246.666667,1993,7,28684764,10690038,4048000,295738.5,10309.95061,0.956348976,48.651,4.05425,44.604,3.717,14470800,65.5,68.6,698.115,964244.773,96600,85.6,86.7,505.467,68.067,4.156,5.39,6.45,7.79,1.79,5.572,7.88,7.88,8920,-2241,2125,780,4468,739
1993-08-01,320,206490,3246.666667,1993,8,28684764,10690038,4048000,295738.5,10309.95061,0.956348976,48.651,4.05425,44.604,3.717,14430900,65.2,68.4,698.115,964244.773,96600,85.7,86.9,509.883,69.633,4.74,5.3,6.18,7.4,1.51,5.572,7.78,7.78,8920,-2241,2125,636,4091,1022
1993-09-01,321,206490,3246.666667,1993,9,28684764,10690038,4048000,295738.5,10309.95061,0.956348976,48.651,4.05425,44.604,3.717,14505000,65.5,67.1,698.115,964244.773,96600,85.7,87.2,514.3,71.2,4.648,5.65,6.36,7.55,1.34,5.572,7.77,7.77,8920,-2241,2125,606,3840,868
1993-10-01,322,206490,3246.666667,1993,10,28786619,10728737,4048000,297003.5,10317.41519,0.427742752,48.651,4.05425,44.604,3.717,14453500,65.2,66.9,698.115,964244.773,96600,85.9,87.2,518.717,72.767,4.383,5.06,5.97,7.35,1.73,5.572,7.75,7.75,6915,-481,-15204,626,3646,830
1993-11-01,323,206490,3246.666667,1993,11,28786619,10728737,4048000,297003.5,10317.41519,0.427742752,48.651,4.05425,44.604,3.717,14505300,65.4,66.4,698.115,964244.773,96600,86.3,87.8,523.133,74.333,4.09,5.02,6.01,7.45,1.9,5.322,7.04,7.04,6915,-481,-15204,597,3552,694
1993-12-01,324,206490,3246.666667,1993,12,28786619,10728737,4048000,297003.5,10317.41519,0.427742752,48.651,4.05425,44.604,3.717,14496100,65.3,65.7,698.115,964244.773,96600,86.1,87.6,527.55,75.9,3.856,4.61,5.73,7.12,1.96,5.322,6.91,6.91,6915,-481,-15204,688,3686,556
1994-01-01,325,208921,3686.416667,1994,1,28835772,10744762,4122000,301382.8,10451.69867,1.474494408,49.508,4.125666667,48.706,4.058833333,14513200,65.3,64.1,716.579,1006085.191,99700,86.1,87.5,531.967,77.467,3.632,4.18,5.4,6.86,2.21,5.322,6.53,6.53,6990.666667,13.33333333,109,434,3399,723
1994-02-01,326,208921,3686.416667,1994,2,28835772,10744762,4122000,301382.8,10451.69867,1.474494408,49.508,4.125666667,48.706,4.058833333,14492100,65.1,64.7,716.579,1006085.191,99700,85.4,86.6,536.383,79.033,3.85,5.02,6.12,7.33,1.92,5.322,6.4,6.4,6990.666667,13.33333333,109,293,3241,452
1994-03-01,327,208921,3686.416667,1994,3,28835772,10744762,4122000,301382.8,10451.69867,1.474494408,49.508,4.125666667,48.706,4.058833333,14458400,64.9,64.9,716.579,1006085.191,99700,85.4,86.6,540.8,80.6,5.388,6.71,7.47,8.25,1.24,6.072,7.09,7.09,6990.666667,13.33333333,109,487,3231,498
1994-04-01,328,208921,3686.416667,1994,4,28907448,10776819,4122000,305782.5,10577.98322,1.459837788,49.508,4.125666667,48.706,4.058833333,14527700,65.1,65.2,716.579,1006085.191,99700,85.4,86.6,544.383,81.442,5.818,6.84,7.44,8.18,1.11,6.572,8.63,8.63,8627.666667,-431.3333333,973,975,3685,522
1994-05-01,329,208921,3686.416667,1994,5,28907448,10776819,4122000,305782.5,10577.98322,1.459837788,49.508,4.125666667,48.706,4.058833333,14565800,65.2,67.5,716.579,1006085.191,99700,85.2,86.3,547.967,82.283,6.335,7.42,8.01,8.55,0.99,6.572,8.68,8.68,8627.666667,-431.3333333,973,1035,4035,669
1994-06-01,330,208921,3686.416667,1994,6,28907448,10776819,4122000,305782.5,10577.98322,1.459837788,49.508,4.125666667,48.706,4.058833333,14543500,65.1,68.7,716.579,1006085.191,99700,85.4,86.4,551.55,83.125,6.672,8.36,8.82,9.29,0.75,7.822,9,9,8627.666667,-431.3333333,973,1012,4526,522
1994-07-01,331,208921,3686.416667,1994,7,29000663,10819146,4122000,309702.8,10679.16275,1.282055055,49.508,4.125666667,48.706,4.058833333,14564700,65.1,69.4,716.579,1006085.191,99700,85.7,86.6,555.133,83.967,5.794,8.27,8.96,9.5,1.09,7.322,9.89,9.89,8210.666667,-802.3333333,1726,1232,4922,831
1994-08-01,332,208921,3686.416667,1994,8,29000663,10819146,4122000,309702.8,10679.16275,1.282055055,49.508,4.125666667,48.706,4.058833333,14601300,65.2,69.2,716.579,1006085.191,99700,85.8,86.7,558.717,84.808,5.354,7.6,8.32,8.89,1.14,7.072,9.53,9.53,8210.666667,-802.3333333,1726,1130,5292,760
1994-09-01,333,208921,3686.416667,1994,9,29000663,10819146,4122000,309702.8,10679.16275,1.282055055,49.508,4.125666667,48.706,4.058833333,14664800,65.4,68.1,716.579,1006085.191,99700,85.9,87,562.3,85.65,5.291,7.46,8.36,9.04,1.42,6.822,9.21,9.21,8210.666667,-802.3333333,1726,1179,5496,975
1994-10-01,334,208921,3686.416667,1994,10,29096372,10860406,4122000,311952.5,10721.35385,0.72640609,49.508,4.125666667,48.706,4.058833333,14626200,65.1,67.9,716.579,1006085.191,99700,85.7,86.9,565.883,86.492,5.374,7.64,8.55,9.29,1.5,6.822,9.04,9.04,6410.666667,-288.6666667,-15012,1343,5810,1032
1994-11-01,335,208921,3686.416667,1994,11,29096372,10860406,4122000,311952.5,10721.35385,0.72640609,49.508,4.125666667,48.706,4.058833333,14676600,65.3,67.6,716.579,1006085.191,99700,86.2,87.4,569.467,87.333,5.789,8.01,8.81,9.24,1.15,6.822,9.05,9.05,6410.666667,-288.6666667,-15012,981,5672,1121
1994-12-01,336,208921,3686.416667,1994,12,29096372,10860406,4122000,311952.5,10721.35385,0.72640609,49.508,4.125666667,48.706,4.058833333,14653200,65.1,67,716.579,1006085.191,99700,86.3,87.6,573.05,88.175,7.181,8.84,8.99,9.16,0.23,7.822,9.45,9.45,6410.666667,-288.6666667,-15012,710,5247,1132
1995-01-01,337,199759,1791,1995,1,29141902,10875308,4198000,314818.8,10802.95994,0.918825783,47.838,3.9865,50.236,4.186333333,14672000,65.1,65.8,717.387,1047432.833,98800,86.6,87.8,576.633,89.017,7.979,8.9,9.18,9.41,0.44,9.072,9.8,9.8,8217.333333,120,-4807,446,4924,772
1995-02-01,338,208225,2455,1995,2,29141902,10875308,4198000,314818.8,10802.95994,0.918825783,47.838,3.9865,50.236,4.186333333,14662700,65,65.9,717.387,1047432.833,98800,87,88.1,580.217,89.858,7.768,8.06,8.46,8.86,0.7,9.322,9.68,9.68,8217.333333,120,-4807,456,4775,601
1995-03-01,339,207556,3218,1995,3,29141902,10875308,4198000,314818.8,10802.95994,0.918825783,47.838,3.9865,50.236,4.186333333,14719600,65.2,66.2,717.387,1047432.833,98800,87.2,88.4,583.8,90.7,8.217,7.97,8.23,8.7,0.6,9.572,9.13,9.13,8217.333333,120,-4807,375,4414,740
1995-04-01,340,212541,3204,1995,4,29211541,10906895,4198000,314952.5,10781.78313,0.042468874,47.838,3.9865,50.236,4.186333333,14656500,64.9,66.2,717.387,1047432.833,98800,87.5,88.4,586.933,91.633,7.917,7.65,7.93,8.44,0.66,9.572,8.86,8.86,8482,24,1224,669,4445,639
1995-05-01,341,212626,3785,1995,5,29211541,10906895,4198000,314952.5,10781.78313,0.042468874,47.838,3.9865,50.236,4.186333333,14660600,64.8,68,717.387,1047432.833,98800,87.7,88.6,590.067,92.567,7.394,7.04,7.41,8.11,0.84,9.072,8.18,8.18,8482,24,1224,687,4525,609
1995-06-01,342,202297,4172,1995,6,29211541,10906895,4198000,314952.5,10781.78313,0.042468874,47.838,3.9865,50.236,4.186333333,14672900,64.8,69.2,717.387,1047432.833,98800,87.7,88.6,593.2,93.5,6.721,6.74,7.33,8.02,1.07,8.572,7.87,7.87,8482,24,1224,875,4690,709
1995-07-01,343,202686,3721,1995,7,29302311,10950119,4198000,315368.8,10762.59139,0.132178662,47.838,3.9865,50.236,4.186333333,14698900,64.8,69.5,717.387,1047432.833,98800,87.9,88.9,596.333,94.433,6.623,7.21,7.79,8.5,1.06,8.072,7.74,7.74,6974.333333,43,5595,391,4283,798
1995-08-01,344,198594,4179,1995,8,29302311,10950119,4198000,315368.8,10762.59139,0.132178662,47.838,3.9865,50.236,4.186333333,14701600,64.8,69.4,717.387,1047432.833,98800,87.7,89.1,599.467,95.367,6.338,7.05,7.58,8.24,0.95,7.822,8.14,8.14,6974.333333,43,5595,544,3971,855
1995-09-01,345,195099,3841,1995,9,29302311,10950119,4198000,315368.8,10762.59139,0.132178662,47.838,3.9865,50.236,4.186333333,14688100,64.6,68.1,717.387,1047432.833,98800,87.8,89.3,602.6,96.3,6.456,7.05,7.54,8.11,0.84,7.822,8.15,8.15,6974.333333,43,5595,621,3825,767
1995-10-01,346,201526,3344,1995,10,29396274,10993416,4198000,316641.5,10771.48417,0.403559261,47.838,3.9865,50.236,4.186333333,14716600,64.7,68,717.387,1047432.833,98800,87.7,89.2,605.733,97.233,5.929,6.98,7.54,8.11,0.88,7.822,7.95,7.95,6657,-775,-12243,601,3681,744
1995-11-01,347,197999,3295,1995,11,29396274,10993416,4198000,316641.5,10771.48417,0.403559261,47.838,3.9865,50.236,4.186333333,14672000,64.4,67.2,717.387,1047432.833,98800,88,89.5,608.867,98.167,5.816,6.07,6.74,7.44,1.12,7.572,7.86,7.86,6657,-775,-12243,590,3845,425
1995-12-01,348,197119,2268,1995,12,29396274,10993416,4198000,316641.5,10771.48417,0.403559261,47.838,3.9865,50.236,4.186333333,14736500,64.7,66.8,717.387,1047432.833,98800,87.8,89.2,612,99.1,5.541,5.89,6.64,7.43,1.22,7.322,7.66,7.66,6657,-775,-12243,624,3864,604
1996-01-01,349,195169,2222,1996,1,29446857,11009307,4274000,317101,10768.58559,0.145116796,49.519,4.126583333,51.573,4.29775,14769600,64.7,65.5,718.473,1094555.238,101900,88,89.3,615.133,100.033,5.119,5.41,6.33,7.35,1.6,7.072,7.22,7.22,7938,19.33333333,-5981,522,3773,598
1996-02-01,350,192406,4207,1996,2,29446857,11009307,4274000,317101,10768.58559,0.145116796,49.519,4.126583333,51.573,4.29775,14810200,64.8,65.8,718.473,1094555.238,101900,88.1,89.5,618.267,100.967,5.18,5.8,6.87,7.84,1.73,6.822,6.99,6.99,7938,19.33333333,-5981,349,3615,505
1996-03-01,351,197523,5350,1996,3,29446857,11009307,4274000,317101,10768.58559,0.145116796,49.519,4.126583333,51.573,4.29775,14790300,64.7,65.8,718.473,1094555.238,101900,88.5,89.7,621.4,101.9,5.025,6.14,7.02,7.94,1.5,6.572,7.36,7.36,7938,19.33333333,-5981,535,3611,542
1996-04-01,352,198445,5070,1996,4,29514217,11037392,4274000,319358.5,10820.49712,0.711918285,49.519,4.126583333,51.573,4.29775,14780800,64.6,66.3,718.473,1094555.238,101900,88.7,89.8,621.017,102.475,4.726,6.1,7.09,8.07,1.66,6.322,7.68,7.68,9015,-228,2913,713,3915,410
1996-05-01,353,201847,5514,1996,5,29514217,11037392,4274000,319358.5,10820.49712,0.711918285,49.519,4.126583333,51.573,4.29775,14793600,64.5,67.9,718.473,1094555.238,101900,89,90,620.633,103.05,4.645,6.06,7.01,7.92,1.66,6.322,7.67,7.67,9015,-228,2913,1031,4481,466
1996-06-01,354,204392,4979,1996,6,29514217,11037392,4274000,319358.5,10820.49712,0.711918285,49.519,4.126583333,51.573,4.29775,14866200,64.8,68.9,718.473,1094555.238,101900,89,89.8,620.25,103.625,4.695,6.29,7.05,7.98,1.48,6.322,7.68,7.68,9015,-228,2913,1125,5036,566
1996-07-01,355,199856,4539,1996,7,29610218,11082903,4274000,322040.8,10876.00233,0.839902492,49.519,4.126583333,51.573,4.29775,14891600,64.8,69.5,718.473,1094555.238,101900,89,90.2,619.867,104.2,4.425,6.01,6.96,7.86,1.61,6.072,7.68,7.68,8085.333333,-123.3333333,5871,1147,5505,678
1996-08-01,356,197622,4372,1996,8,29610218,11082903,4274000,322040.8,10876.00233,0.839902492,49.519,4.126583333,51.573,4.29775,14859500,64.6,69.4,718.473,1094555.238,101900,89,90.3,619.483,104.775,4.033,5.48,6.6,7.6,1.86,5.572,7.21,7.21,8085.333333,-123.3333333,5871,847,5557,795
1996-09-01,357,195486,4123,1996,9,29610218,11082903,4274000,322040.8,10876.00233,0.839902492,49.519,4.126583333,51.573,4.29775,14889600,64.7,67.8,718.473,1094555.238,101900,89.1,90.4,619.1,105.35,3.962,4.95,6.28,7.48,2.21,5.572,7.14,7.14,8085.333333,-123.3333333,5871,1034,5322,1266
1996-10-01,358,199882,5398,1996,10,29708206,11130574,4274000,324592.3,10926.01485,0.792290915,49.519,4.126583333,51.573,4.29775,14892200,64.6,67.5,718.473,1094555.238,101900,89.3,90.4,618.717,105.925,3.193,4.28,5.59,6.81,2.19,4.822,6.7,6.7,7197.666667,-236.6666667,-15036,1053,5429,946
1996-11-01,359,195801,5878,1996,11,29708206,11130574,4274000,324592.3,10926.01485,0.792290915,49.519,4.126583333,51.573,4.29775,14912800,64.6,67,718.473,1094555.238,101900,89.7,90.8,618.333,106.5,2.69,3.68,5.1,6.42,2.37,4.572,6.21,6.21,7197.666667,-236.6666667,-15036,911,5384,956
1996-12-01,360,196016,4127,1996,12,29708206,11130574,4274000,324592.3,10926.01485,0.792290915,49.519,4.126583333,51.573,4.29775,14918800,64.6,66.8,718.473,1094555.238,101900,89.7,90.8,617.95,107.075,2.799,4.03,5.44,6.77,2.34,4.572,6.14,6.14,7197.666667,-236.6666667,-15036,885,5458,811
1997-01-01,361,198798,4080,1997,1,29751536,11146270,4355000,328941.5,11056.2863,1.339896233,51.622,4.301833333,54.63,4.5525,14951900,64.7,65.6,749.208,1173709.979,99400,89.9,90.8,617.567,107.65,2.841,4.44,5.67,7.07,2.21,4.572,6.34,6.34,7868,267.3333333,351,542,5072,927
1997-02-01,362,207221,5200,1997,2,29751536,11146270,4355000,328941.5,11056.2863,1.339896233,51.622,4.301833333,54.63,4.5525,14961800,64.7,65.8,749.208,1173709.979,99400,90.1,90.9,617.183,108.225,2.858,4.29,5.44,6.78,2.09,4.572,6.32,6.32,7868,267.3333333,351,840,5156,756
1997-03-01,363,210207,5550,1997,3,29751536,11146270,4355000,328941.5,11056.2863,1.339896233,51.622,4.301833333,54.63,4.5525,14968100,64.6,66.1,749.208,1173709.979,99400,90.2,91.3,616.8,108.8,3.186,4.64,5.75,6.97,1.95,4.572,6.26,6.26,7868,267.3333333,351,787,5295,650
1997-04-01,364,213107,6423,1997,4,29818012,11179959,4355000,332643.3,11155.78396,1.125367277,51.622,4.301833333,54.63,4.5525,14986500,64.6,66.4,749.208,1173709.979,99400,90.2,91.4,615.35,109.125,3.138,4.8,5.92,6.97,1.88,4.572,6.76,6.76,8370,751.6666667,5658,1272,5682,884
1997-05-01,365,216904,5797,1997,5,29818012,11179959,4355000,332643.3,11155.78396,1.125367277,51.622,4.301833333,54.63,4.5525,15045200,64.8,68.2,749.208,1173709.979,99400,90.3,91.4,613.9,109.45,3.005,4.66,5.86,6.95,1.99,4.572,6.66,6.66,8370,751.6666667,5658,1524,6437,770
1997-06-01,366,215638,5046,1997,6,29818012,11179959,4355000,332643.3,11155.78396,1.125367277,51.622,4.301833333,54.63,4.5525,15066200,64.8,69.6,749.208,1173709.979,99400,90.5,91.7,612.45,109.775,2.861,4.27,5.32,6.49,1.87,4.572,6.42,6.42,8370,751.6666667,5658,1065,6668,829
1997-07-01,367,213634,5024,1997,7,29905948,11227651,4355000,336586.8,11254.84469,1.185504112,51.622,4.301833333,54.63,4.5525,15075900,64.8,70,749.208,1173709.979,99400,90.5,91.6,611,110.1,3.321,4.49,5.18,6.11,1.31,4.572,6.18,6.18,8340.333333,1278.666667,7776,1469,6908,1213
1997-08-01,368,211785,4317,1997,8,29905948,11227651,4355000,336586.8,11254.84469,1.185504112,51.622,4.301833333,54.63,4.5525,15143700,65,70.2,749.208,1173709.979,99400,90.6,91.7,609.55,110.425,3.13,4.26,5.36,6.38,1.8,4.572,6.2,6.2,8340.333333,1278.666667,7776,1495,7101,1302
1997-09-01,369,213567,4298,1997,9,29905948,11227651,4355000,336586.8,11254.84469,1.185504112,51.622,4.301833333,54.63,4.5525,15155200,65,68.9,749.208,1173709.979,99400,90.6,91.8,608.1,110.75,3.099,4.47,5.17,5.99,1.23,4.572,6.16,6.16,8340.333333,1278.666667,7776,1561,7278,1387
1997-10-01,370,211791,5077,1997,10,29994790,11278893,4355000,339839.5,11329.95097,0.966377766,51.622,4.301833333,54.63,4.5525,15180500,65.1,68.7,749.208,1173709.979,99400,90.6,91.9,606.65,111.075,3.628,4.38,4.99,5.8,1.11,5.072,5.93,5.93,6435,-23.33333333,-15825,1465,7540,1202
1997-11-01,371,212127,4185,1997,11,29994790,11278893,4355000,339839.5,11329.95097,0.966377766,51.622,4.301833333,54.63,4.5525,15205800,65.1,68.3,749.208,1173709.979,99400,90.5,91.7,605.2,111.4,3.574,4.63,5.17,5.78,0.93,5.322,5.89,5.89,6435,-23.33333333,-15825,1209,7505,1247
1997-12-01,372,205710,3017,1997,12,29994790,11278893,4355000,339839.5,11329.95097,0.966377766,51.622,4.301833333,54.63,4.5525,15158000,64.8,68,749.208,1173709.979,99400,90.4,91.5,603.75,111.725,4.46,5.04,5.34,5.8,0.57,5.822,6.1,6.1,6435,-23.33333333,-15825,974,7354,1125
1998-01-01,373,206209,3006,1998,1,30028506,11292059,4437000,344638,11477.02786,1.411990072,53.298,4.4415,56.503,4.708583333,15202800,65,66.4,762.16,1250581.367,105700,90.9,91.9,602.3,112.05,4.183,4.73,5.09,5.63,0.68,5.822,6.1,6.1,6404,743.3333333,176,889,7095,1151
1998-02-01,374,214577,4341,1998,2,30028506,11292059,4437000,344638,11477.02786,1.411990072,53.298,4.4415,56.503,4.708583333,15217100,65,67,762.16,1250581.367,105700,91,92.3,600.85,112.375,4.571,5.05,5.26,5.64,0.42,6.322,6.04,6.04,6404,743.3333333,176,817,6752,1162
1998-03-01,375,221564,5005,1998,3,30028506,11292059,4437000,344638,11477.02786,1.411990072,53.298,4.4415,56.503,4.708583333,15222900,64.9,67.2,762.16,1250581.367,105700,91.1,92.5,599.4,112.7,4.565,4.87,5.11,5.54,0.47,6.322,6.04,6.04,6404,743.3333333,176,626,6467,950
1998-04-01,376,222194,5825,1998,4,30080180,11322038,4437000,344820.5,11463.37888,0.052954114,53.298,4.4415,56.503,4.708583333,15238500,65,67.7,762.16,1250581.367,105700,91,92.5,597.667,112.867,4.825,5.12,5.32,5.64,0.37,6.322,5.99,5.99,6624,1078.333333,5278,1467,6729,1203
1998-05-01,377,222148,5912,1998,5,30080180,11322038,4437000,344820.5,11463.37888,0.052954114,53.298,4.4415,56.503,4.708583333,15257600,65,69.2,762.16,1250581.367,105700,91.3,92.7,595.933,113.033,4.75,5.09,5.21,5.49,0.25,6.322,6.12,6.12,6624,1078.333333,5278,1316,7130,918
1998-06-01,378,225323,5410,1998,6,30080180,11322038,4437000,344820.5,11463.37888,0.052954114,53.298,4.4415,56.503,4.708583333,15284100,65,70.4,762.16,1250581.367,105700,91.4,92.6,594.2,113.2,4.882,5.2,5.28,5.45,0.15,6.322,6.1,6.1,6624,1078.333333,5278,987,7179,938
1998-07-01,379,210459,5026,1998,7,30155173,11365901,4437000,347962.5,11539.06496,0.911198725,53.298,4.4415,56.503,4.708583333,15333400,65.2,70.9,762.16,1250581.367,105700,91.4,92.8,592.467,113.367,4.926,5.24,5.42,5.56,0.23,6.322,6.1,6.1,5394.333333,1335.666667,8014,597,7056,718
1998-08-01,380,208617,4462,1998,8,30155173,11365901,4437000,347962.5,11539.06496,0.911198725,53.298,4.4415,56.503,4.708583333,15341400,65.2,71,762.16,1250581.367,105700,91.4,93,590.733,113.533,4.876,5.41,5.62,5.78,0.26,6.322,6.28,6.28,5394.333333,1335.666667,8014,1051,7255,852
1998-09-01,381,213917,4492,1998,9,30155173,11365901,4437000,347962.5,11539.06496,0.911198725,53.298,4.4415,56.503,4.708583333,15405400,65.4,69.7,762.16,1250581.367,105700,91.2,93,589,113.7,4.936,4.7,4.78,5.15,0.25,7.072,6.52,6.52,5394.333333,1335.666667,8014,1139,7514,880
1998-10-01,382,217908,4688,1998,10,30231639,11408804,4437000,352677.3,11665.83459,1.354973596,53.298,4.4415,56.503,4.708583333,15392500,65.2,69.6,762.16,1250581.367,105700,91.6,93.2,587.267,113.867,4.744,4.51,4.69,5.27,0.49,6.822,5.93,5.93,5057.333333,664.6666667,-14754,1361,7876,996
1998-11-01,383,214465,3905,1998,11,30231639,11408804,4437000,352677.3,11665.83459,1.354973596,53.298,4.4415,56.503,4.708583333,15439100,65.4,69.3,762.16,1250581.367,105700,91.6,93,585.533,114.033,4.815,4.94,5.03,5.35,0.24,6.572,6.14,6.14,5057.333333,664.6666667,-14754,1194,8032,1035
1998-12-01,384,215131,3272,1998,12,30231639,11408804,4437000,352677.3,11665.83459,1.354973596,53.298,4.4415,56.503,4.708583333,15459000,65.4,69,762.16,1250581.367,105700,91.3,92.8,583.8,114.2,4.697,4.72,4.76,5.08,0.17,6.572,5.89,5.89,5057.333333,664.6666667,-14754,1252,8135,1149
1999-01-01,385,211723,2449,1999,1,30260117,11419589,4521000,359045,11865.2879,1.805531572,55.996,4.666333333,59.652,4.971,15499400,65.5,67.8,791.839,1319763.232,112300,91.5,92.8,582.067,114.367,4.658,4.73,4.76,5.08,0.16,6.572,5.92,5.92,5965.333333,1449,3420,666,7864,935
1999-02-01,386,221354,4393,1999,2,30260117,11419589,4521000,359045,11865.2879,1.805531572,55.996,4.666333333,59.652,4.971,15486600,65.4,68,791.839,1319763.232,112300,91.6,93.1,580.333,114.533,4.835,5.17,5.22,5.37,0.09,6.572,5.99,5.99,5965.333333,1449,3420,912,7398,1379
1999-03-01,387,227174,5795,1999,3,30260117,11419589,4521000,359045,11865.2879,1.805531572,55.996,4.666333333,59.652,4.971,15497700,65.4,68.2,791.839,1319763.232,112300,92,93.5,578.6,114.7,4.749,4.82,4.95,5.23,0.23,6.572,6.23,6.23,5965.333333,1449,3420,874,6813,1446
1999-04-01,388,233053,6594,1999,4,30314696,11452857,4521000,362006.3,11941.61076,0.824771268,55.996,4.666333333,59.652,4.971,15592500,65.7,68.7,791.839,1319763.232,112300,92.5,93.8,577.533,116.342,4.601,4.78,4.98,5.34,0.36,6.322,5.91,5.91,7229,2119.333333,9709,1564,7131,1319
1999-05-01,389,231908,6296,1999,5,30314696,11452857,4521000,362006.3,11941.61076,0.824771268,55.996,4.666333333,59.652,4.971,15591500,65.7,70.3,791.839,1319763.232,112300,92.7,94,576.467,117.983,4.42,5.14,5.34,5.54,0.28,6.072,6.19,6.19,7229,2119.333333,9709,1566,7557,1123
1999-06-01,390,230692,6304,1999,6,30314696,11452857,4521000,362006.3,11941.61076,0.824771268,55.996,4.666333333,59.652,4.971,15553300,65.4,71.5,791.839,1319763.232,112300,92.9,94.1,575.4,119.625,4.622,5.1,5.35,5.63,0.36,6.072,6.55,6.55,7229,2119.333333,9709,1481,7789,1249
1999-07-01,391,222102,5472,1999,7,30401286,11504759,4521000,367680.5,12094.24167,1.567431285,55.996,4.666333333,59.652,4.971,15610200,65.6,71.9,791.839,1319763.232,112300,93.1,94.2,574.333,121.267,4.636,5.34,5.53,5.74,0.28,6.072,6.62,6.62,7346.333333,1837,12607,1514,8084,1218
1999-08-01,392,225976,4679,1999,8,30401286,11504759,4521000,367680.5,12094.24167,1.567431285,55.996,4.666333333,59.652,4.971,15610600,65.5,71.7,791.839,1319763.232,112300,93.3,94.4,573.267,122.908,4.834,5.37,5.51,5.69,0.18,6.072,7,7,7346.333333,1837,12607,1390,7742,1722
1999-09-01,393,228431,4818,1999,9,30401286,11504759,4521000,367680.5,12094.24167,1.567431285,55.996,4.666333333,59.652,4.971,15645900,65.6,70.6,791.839,1319763.232,112300,93.6,94.8,572.2,124.55,4.687,5.43,5.67,5.92,0.34,6.072,6.87,6.87,7346.333333,1837,12607,1347,7920,1178
1999-10-01,394,230864,4767,1999,10,30492106,11559464,4521000,372831.5,12227.14823,1.40094457,55.996,4.666333333,59.652,4.971,15640300,65.5,70.6,791.839,1319763.232,112300,93.7,94.7,571.133,126.192,4.85,5.99,6.2,6.38,0.27,6.072,7.1,7.1,7277,736,-14844,1250,7901,1286
1999-11-01,395,236214,4119,1999,11,30492106,11559464,4521000,372831.5,12227.14823,1.40094457,55.996,4.666333333,59.652,4.971,15633500,65.4,70.3,791.839,1319763.232,112300,93.6,94.5,570.067,127.833,4.815,5.76,5.98,6.12,0.26,6.322,7.33,7.33,7277,736,-14844,1450,7942,1407
1999-12-01,396,231992,3271,1999,12,30492106,11559464,4521000,372831.5,12227.14823,1.40094457,55.996,4.666333333,59.652,4.971,15671100,65.5,70.2,791.839,1319763.232,112300,93.7,94.4,569,129.475,4.93,5.85,6.11,6.25,0.33,6.322,7.33,7.33,7277,736,-14844,1521,8388,1076
2000-01-01,397,229758,2694,2000,1,30525872,11576994,4607000,378669,12404.85448,1.565720708,58.96,4.913333333,62.577,5.21475,15720800,65.7,68.9,822.303,1432526.363,115100,93.5,94.2,567.933,131.117,5.076,6.07,6.38,6.36,0.37,6.322,7.54,7.54,7332,2123.666667,7571,1058,8299,1148
2000-02-01,398,245134,4731,2000,2,30525872,11576994,4607000,378669,12404.85448,1.565720708,58.96,4.913333333,62.577,5.21475,15753300,65.7,69.3,822.303,1432526.363,115100,94.1,94.6,566.867,132.758,5.051,6.08,6.29,5.98,0.11,6.572,7.63,7.63,7332,2123.666667,7571,802,7886,1206
2000-03-01,399,245553,6133,2000,3,30525872,11576994,4607000,378669,12404.85448,1.565720708,58.96,4.913333333,62.577,5.21475,15779800,65.8,69.5,822.303,1432526.363,115100,94.8,95,565.8,134.4,5.277,6.01,6.13,5.96,0.02,6.822,7.44,7.44,7332,2123.666667,7571,1180,7698,1359
2000-04-01,400,247303,5996,2000,4,30594030,11621255,4607000,383125.8,12522.89417,1.176964579,58.96,4.913333333,62.577,5.21475,15787200,65.7,69.8,822.303,1432526.363,115100,94.5,95,564.475,134.242,5.449,6.03,6.17,6.03,0.07,6.822,7.43,7.43,9977,2759.666667,10470,1870,8549,1011
2000-05-01,401,247014,5892,2000,5,30594030,11621255,4607000,383125.8,12522.89417,1.176964579,58.96,4.913333333,62.577,5.21475,15783800,65.6,71.5,822.303,1432526.363,115100,94.9,95.3,563.15,134.083,5.751,6.19,6.17,5.94,-0.19,7.322,7.7,7.7,9977,2759.666667,10470,1487,8922,1118
2000-06-01,402,247929,5754,2000,6,30594030,11621255,4607000,383125.8,12522.89417,1.176964579,58.96,4.913333333,62.577,5.21475,15807800,65.7,72.3,822.303,1432526.363,115100,95.5,95.5,561.825,133.925,5.551,6.01,6.04,5.9,-0.08,7.322,7.54,7.54,9977,2759.666667,10470,1531,9234,1221
2000-07-01,403,236526,4729,2000,7,30685730,11683290,4607000,387053,12613.45257,1.025041905,58.96,4.913333333,62.577,5.21475,15818500,65.6,72.6,822.303,1432526.363,115100,95.8,95.7,560.5,133.767,5.625,5.95,6,5.83,-0.09,7.322,7.38,7.38,10647.66667,2022,14622,1585,9334,1482
2000-08-01,404,230093,4961,2000,8,30685730,11683290,4607000,387053,12613.45257,1.025041905,58.96,4.913333333,62.577,5.21475,15883500,65.8,72.5,822.303,1432526.363,115100,95.7,95.8,559.175,133.608,5.622,5.88,5.92,5.79,-0.11,7.322,7.28,7.28,10647.66667,2022,14622,1490,9347,1477
2000-09-01,405,248604,4857,2000,9,30685730,11683290,4607000,387053,12613.45257,1.025041905,58.96,4.913333333,62.577,5.21475,15916300,65.9,71.3,822.303,1432526.363,115100,96.1,96,557.85,133.45,5.564,5.69,5.76,5.83,0.06,7.322,7.28,7.28,10647.66667,2022,14622,1382,9046,1679
2000-10-01,406,245321,4696,2000,10,30783969,11748348,4607000,387818.5,12598.06687,0.197776532,58.96,4.913333333,62.577,5.21475,15955700,66,71.3,822.303,1432526.363,115100,96.3,96.1,556.525,133.292,5.619,5.69,5.75,5.79,0.03,7.322,7.28,7.28,9702.333333,858.6666667,-14515,1421,9161,1312
2000-11-01,407,246154,4880,2000,11,30783969,11748348,4607000,387818.5,12598.06687,0.197776532,58.96,4.913333333,62.577,5.21475,15982100,66,71,822.303,1432526.363,115100,96.6,96.2,555.2,133.133,5.736,5.64,5.59,5.63,-0.1,7.322,7.24,7.24,9702.333333,858.6666667,-14515,1816,9508,1469
2000-12-01,408,238956,3026,2000,12,30783969,11748348,4607000,387818.5,12598.06687,0.197776532,58.96,4.913333333,62.577,5.21475,16003200,66,70.8,822.303,1432526.363,115100,96.7,96.2,553.875,132.975,5.557,5.27,5.3,5.59,0.08,7.322,7.01,7.01,9702.333333,858.6666667,-14515,1497,9992,1008
2001-01-01,409,235535,3103,2001,1,30824441,11771945,4694000,390001.5,12652.34623,0.562892178,63.257,5.271416667,66.052,5.504333333,15994500,65.9,69.4,837.878,1479086.621,115500,96.3,96,552.55,132.817,5.142,4.88,5.14,5.71,0.51,7.072,6.78,6.78,10552.33333,1349,10911,1134,9319,1808
2001-02-01,410,252072,4761,2001,2,30824441,11771945,4694000,390001.5,12652.34623,0.562892178,63.257,5.271416667,66.052,5.504333333,16004400,65.9,69.5,837.878,1479086.621,115500,96.8,96.5,551.225,132.658,4.804,4.81,5.09,5.63,0.55,7.072,6.72,6.72,10552.33333,1349,10911,876,8845,1354
2001-03-01,411,248601,6328,2001,3,30824441,11771945,4694000,390001.5,12652.34623,0.562892178,63.257,5.271416667,66.052,5.504333333,16033200,66,69.7,837.878,1479086.621,115500,97.1,96.6,549.9,132.5,4.604,4.69,5.03,5.74,0.72,6.572,6.39,6.39,10552.33333,1349,10911,1057,8721,1186
2001-04-01,412,249692,6163,2001,4,30910996,11827345,4694000,390953,12647.69987,0.243973421,63.257,5.271416667,66.052,5.504333333,16066900,66,70.1,837.878,1479086.621,115500,97.8,97,548.792,132.517,4.41,4.76,5.23,5.94,0.9,6.322,6.42,6.42,12555,1978,13140,1506,8958,1258
2001-05-01,413,255460,7485,2001,5,30910996,11827345,4694000,390953,12647.69987,0.243973421,63.257,5.271416667,66.052,5.504333333,16076900,66,71.7,837.878,1479086.621,115500,98.6,97.3,547.683,132.533,4.401,4.99,5.61,6.08,0.97,6.072,6.58,6.58,12555,1978,13140,1464,9160,1250
2001-06-01,414,258797,7176,2001,6,30910996,11827345,4694000,390953,12647.69987,0.243973421,63.257,5.271416667,66.052,5.504333333,16085100,65.9,72.3,837.878,1479086.621,115500,98.7,97.4,546.575,132.55,4.242,4.87,5.39,5.97,0.86,6.072,6.67,6.67,12555,1978,13140,1535,9412,1279
2001-07-01,415,250095,5807,2001,7,31020855,11897473,4694000,391228,12611.7736,0.070340936,63.257,5.271416667,66.052,5.504333333,16083900,65.8,72.5,837.878,1479086.621,115500,98.4,97.8,545.467,132.567,4.029,4.73,5.36,6.01,1.03,5.822,6.66,6.66,10840,548,16528,1112,9256,1267
2001-08-01,416,247472,5845,2001,8,31020855,11897473,4694000,391228,12611.7736,0.070340936,63.257,5.271416667,66.052,5.504333333,16112400,65.8,72.2,837.878,1479086.621,115500,98.4,97.9,544.358,132.583,3.805,4.26,4.93,5.72,1.1,5.572,6.59,6.59,10840,548,16528,1671,8433,2499
2001-09-01,417,245530,5021,2001,9,31020855,11897473,4694000,391228,12611.7736,0.070340936,63.257,5.271416667,66.052,5.504333333,16131500,65.8,71,837.878,1479086.621,115500,98.6,98.1,543.25,132.6,3.039,3.38,4.62,5.86,1.94,5.072,6.23,6.23,10840,548,16528,1316,7847,1901
2001-10-01,418,251479,5402,2001,10,31128873,11961546,4694000,393297.8,12634.50174,0.529052113,63.257,5.271416667,66.052,5.504333333,16159800,65.9,70.8,837.878,1479086.621,115500,98.1,98,542.142,132.617,2.54,2.92,4.08,5.32,1.94,4.322,5.94,5.94,8176,-41.66666667,-14608,2027,7417,2456
2001-11-01,419,257947,5759,2001,11,31128873,11961546,4694000,393297.8,12634.50174,0.529052113,63.257,5.271416667,66.052,5.504333333,16199700,66,70.4,837.878,1479086.621,115500,97.2,97.8,541.033,132.633,2.207,3.37,4.68,5.66,1.99,3.822,5.71,5.71,8176,-41.66666667,-14608,1823,7906,1334
2001-12-01,420,255584,4762,2001,12,31128873,11961546,4694000,393297.8,12634.50174,0.529052113,63.257,5.271416667,66.052,5.504333333,16276100,66.2,69.9,837.878,1479086.621,115500,97.4,97.7,539.925,132.65,1.996,3.21,4.69,5.75,2.23,3.822,5.84,5.84,8176,-41.66666667,-14608,1323,7888,1341
2002-01-01,421,262919,4869,2002,1,31168896,11979906,4777000,399048.5,12802.77941,1.462174464,66.557,5.546416667,68.073,5.67275,16327400,66.3,68.9,858.19,1523068.995,113500,97.6,97.6,538.817,132.667,1.966,3.25,4.71,5.72,2.17,3.572,5.82,5.82,11140.33333,1043.333333,5604,1120,7820,1185
2002-02-01,422,270883,6866,2002,2,31168896,11979906,4777000,399048.5,12802.77941,1.462174464,66.557,5.546416667,68.073,5.67275,16338500,66.3,69.2,858.19,1523068.995,113500,98.2,98.2,537.708,132.683,2.07,3.23,4.58,5.68,2.08,3.572,5.79,5.79,11140.33333,1043.333333,5604,1055,7537,1333
2002-03-01,423,274874,7602,2002,3,31168896,11979906,4777000,399048.5,12802.77941,1.462174464,66.557,5.546416667,68.073,5.67275,16412200,66.5,69.6,858.19,1523068.995,113500,98.9,98.7,536.6,132.7,2.343,4.5,5.28,6,1.29,3.572,6,6,11140.33333,1043.333333,5604,1441,7527,1444
2002-04-01,424,277664,8181,2002,4,31252682,12029818,4777000,401406.3,12843.89929,0.590855498,66.557,5.546416667,68.073,5.67275,16432500,66.5,70.1,858.19,1523068.995,113500,99.5,99.2,535.3,132.7,2.41,4.21,5.05,5.89,1.43,3.822,6.2,6.2,13788,235,8886,1964,8279,1219
2002-05-01,425,278323,8042,2002,5,31252682,12029818,4777000,401406.3,12843.89929,0.590855498,66.557,5.546416667,68.073,5.67275,16503600,66.7,71.8,858.19,1523068.995,113500,99.7,99.6,534,132.7,2.622,4.15,4.9,5.76,1.34,3.822,6.2,6.2,13788,235,8886,2254,8835,1690
2002-06-01,426,278698,6627,2002,6,31252682,12029818,4777000,401406.3,12843.89929,0.590855498,66.557,5.546416667,68.073,5.67275,16543300,66.8,72.9,858.19,1523068.995,113500,99.9,100,532.7,132.7,2.738,3.84,4.67,5.73,1.53,4.072,6.18,6.18,13788,235,8886,2256,9683,1394
2002-07-01,427,274348,5727,2002,7,31359199,12093412,4777000,404877.3,12910.95796,0.864709896,66.557,5.546416667,68.073,5.67275,16592800,66.9,73.3,858.19,1523068.995,113500,100.5,100.6,531.4,132.7,2.849,3.32,4.3,5.7,1.91,4.322,6.1,6.1,7142.333333,412.3333333,15138,2150,10014,1817
2002-08-01,428,266154,5418,2002,8,31359199,12093412,4777000,404877.3,12910.95796,0.864709896,66.557,5.546416667,68.073,5.67275,16641800,67.1,73.4,858.19,1523068.995,113500,100.9,100.9,530.1,132.7,2.996,3.53,4.49,5.55,1.61,4.322,5.81,5.81,7142.333333,412.3333333,15138,2135,9917,2232
2002-09-01,429,282765,5846,2002,9,31359199,12093412,4777000,404877.3,12910.95796,0.864709896,66.557,5.546416667,68.073,5.67275,16665100,67.1,72.2,858.19,1523068.995,113500,100.9,101,528.8,132.7,2.826,3.48,4.2,5.38,1.44,4.322,5.69,5.69,7142.333333,412.3333333,15138,1811,9577,2149
2002-10-01,430,279771,6455,2002,10,31450677,12145100,4777000,407101,12944.10928,0.549228124,66.557,5.546416667,68.073,5.67275,16686500,67.1,72.1,858.19,1523068.995,113500,101.2,101.2,527.5,132.7,2.805,3.39,4.34,5.61,1.77,4.322,5.7,5.7,5738.666667,-344.6666667,-13301,2524,10083,2014
2002-11-01,431,285323,5537,2002,11,31450677,12145100,4777000,407101,12944.10928,0.549228124,66.557,5.546416667,68.073,5.67275,16723400,67.2,71.8,858.19,1523068.995,113500,101.5,101.4,526.2,132.7,2.734,3.47,4.39,5.55,1.71,4.322,5.67,5.67,5738.666667,-344.6666667,-13301,1677,9967,1799
2002-12-01,432,275002,3589,2002,12,31450677,12145100,4777000,407101,12944.10928,0.549228124,66.557,5.546416667,68.073,5.67275,16792700,67.4,71.7,858.19,1523068.995,113500,101.1,101.5,524.9,132.7,2.669,3.18,4.06,5.37,1.7,4.322,5.59,5.59,5738.666667,-344.6666667,-13301,1728,9764,1929
2003-01-01,433,281292,4403,2003,1,31479415,12155691,4861000,408772.3,12985.38426,0.410536943,68.825,5.735416667,69.191,5.765916667,16797000,67.4,70.4,861.515,1574202.11,109000,102,101.5,523.6,132.7,2.813,3.51,4.27,5.45,1.51,4.322,5.46,5.46,6746,161.6666667,10450,926,9271,1414
2003-02-01,434,289954,5965,2003,2,31479415,12155691,4861000,408772.3,12985.38426,0.410536943,68.825,5.735416667,69.191,5.765916667,16859000,67.6,70.8,861.515,1574202.11,109000,102.8,102.1,522.3,132.7,2.861,3.45,4.18,5.39,1.48,4.322,5.49,5.49,6746,161.6666667,10450,1002,8916,1355
2003-03-01,435,290185,6986,2003,3,31479415,12155691,4861000,408772.3,12985.38426,0.410536943,68.825,5.735416667,69.191,5.765916667,16852400,67.5,70.9,861.515,1574202.11,109000,103.1,102.3,521,132.7,3.142,3.84,4.47,5.52,1.29,4.572,5.53,5.53,6746,161.6666667,10450,1031,8738,1200
2003-04-01,436,292783,7307,2003,4,31549344,12194269,4861000,409366,12975.42034,0.145239783,68.825,5.735416667,69.191,5.765916667,16876800,67.5,71.1,861.515,1574202.11,109000,102.4,102.3,520.108,133.342,3.241,3.65,4.18,5.34,1.25,4.822,5.64,5.64,9011,-17,9708,1828,9081,1483
2003-05-01,437,298451,8025,2003,5,31549344,12194269,4861000,409366,12975.42034,0.145239783,68.825,5.735416667,69.191,5.765916667,16899500,67.5,72.5,861.515,1574202.11,109000,102.5,102.5,519.217,133.983,3.197,3.17,3.72,5.01,1.33,4.822,5.3,5.3,9011,-17,9708,2004,9836,1248
2003-06-01,438,295053,8033,2003,6,31549344,12194269,4861000,409366,12975.42034,0.145239783,68.825,5.735416667,69.191,5.765916667,16912600,67.5,73.7,861.515,1574202.11,109000,102.5,102.3,518.325,134.625,3.127,3.05,3.55,4.98,1.32,4.822,4.82,4.82,9011,-17,9708,2160,10486,1509
2003-07-01,439,289880,8084,2003,7,31642461,12243641,4861000,410300.5,12966.76956,0.228279828,68.825,5.735416667,69.191,5.765916667,16954400,67.6,73.8,861.515,1574202.11,109000,102.6,102.4,517.433,135.267,2.808,2.85,3.76,5.35,1.93,4.572,4.91,4.91,8575.666667,-1108,8479,1988,10985,1488
2003-08-01,440,285366,6549,2003,8,31642461,12243641,4861000,410300.5,12966.76956,0.228279828,68.825,5.735416667,69.191,5.765916667,16967300,67.5,73.6,861.515,1574202.11,109000,102.9,102.6,516.542,135.908,2.7,3.18,3.97,5.4,1.78,4.572,5.07,5.07,8575.666667,-1108,8479,1757,11094,1635
2003-09-01,441,297398,6751,2003,9,31642461,12243641,4861000,410300.5,12966.76956,0.228279828,68.825,5.735416667,69.191,5.765916667,17010100,67.6,72.4,861.515,1574202.11,109000,103.1,102.9,515.65,136.55,2.597,3.02,3.86,5.19,1.62,4.322,5.17,5.17,8575.666667,-1108,8479,1701,11334,1460
2003-10-01,442,304844,7227,2003,10,31736141,12290116,4861000,413121,13017.36717,0.687422999,68.825,5.735416667,69.191,5.765916667,17019100,67.6,72.5,861.515,1574202.11,109000,102.8,103,514.758,137.192,2.651,3.14,4.07,5.33,1.71,4.322,5.03,5.03,7676.333333,-670.6666667,-15529,1993,11488,1837
2003-11-01,443,301612,5847,2003,11,31736141,12290116,4861000,413121,13017.36717,0.687422999,68.825,5.735416667,69.191,5.765916667,17045500,67.6,72.3,861.515,1574202.11,109000,103.1,103.3,513.867,137.833,2.714,3.18,4.07,5.24,1.61,4.322,5.22,5.22,7676.333333,-670.6666667,-15529,1758,11516,1730
2003-12-01,444,284955,4194,2003,12,31736141,12290116,4861000,413121,13017.36717,0.687422999,68.825,5.735416667,69.191,5.765916667,17074400,67.7,72.2,861.515,1574202.11,109000,103.2,103.2,512.975,138.475,2.59,2.96,3.91,5.14,1.7,4.322,5.2,5.2,7676.333333,-670.6666667,-15529,1478,11195,1797
2004-01-01,445,295989,4256,2004,1,31775723,12303516,4948000,416125,13095.68944,0.727147736,72.627,6.05225,71.969,5.997416667,17069900,67.6,70.8,862.409,1667392.766,109000,103.3,103.1,512.083,139.117,2.26,2.64,3.71,5.15,1.97,4.072,4.98,4.98,7774.333333,-301.6666667,5620,824,10236,1805
2004-02-01,446,310196,6060,2004,2,31775723,12303516,4948000,416125,13095.68944,0.727147736,72.627,6.05225,71.969,5.997416667,17075400,67.6,70.9,862.409,1667392.766,109000,103.5,103.2,511.192,139.758,2.133,2.39,3.47,4.98,2.02,4.072,4.71,4.71,7774.333333,-301.6666667,5620,1129,9996,1363
2004-03-01,447,307155,9076,2004,3,31775723,12303516,4948000,416125,13095.68944,0.727147736,72.627,6.05225,71.969,5.997416667,17087200,67.5,71,862.409,1667392.766,109000,103.9,103.5,510.3,140.4,1.99,2.43,3.35,4.94,1.9,3.822,4.51,4.51,7774.333333,-301.6666667,5620,1458,10098,1355
2004-04-01,448,321131,9168,2004,4,31844704,12339813,4948000,421055.5,13222.15148,1.184860318,72.627,6.05225,71.969,5.997416667,17113600,67.6,71.5,862.409,1667392.766,109000,104.1,103.6,509,140.608,1.944,2.84,3.81,5.23,1.87,3.572,4.76,4.76,10060,-231.3333333,6397,1620,10310,1406
2004-05-01,449,325501,9193,2004,5,31844704,12339813,4948000,421055.5,13222.15148,1.184860318,72.627,6.05225,71.969,5.997416667,17108600,67.5,73.1,862.409,1667392.766,109000,105,103.9,507.7,140.817,2.018,3.08,3.96,5.23,1.69,3.572,5.02,5.02,10060,-231.3333333,6397,2268,11274,1301
2004-06-01,450,316510,9275,2004,6,31844704,12339813,4948000,421055.5,13222.15148,1.184860318,72.627,6.05225,71.969,5.997416667,17164000,67.6,74.2,862.409,1667392.766,109000,105.1,103.8,506.4,141.025,2.042,3.22,4.07,5.3,1.61,3.572,5.26,5.26,10060,-231.3333333,6397,1835,11749,1355
2004-07-01,451,312418,7329,2004,7,31938807,12389641,4948000,426033.8,13339.06429,1.182338195,72.627,6.05225,71.969,5.997416667,17148300,67.4,74.1,862.409,1667392.766,109000,105,104,505.1,141.233,2.084,3.25,4.07,5.29,1.57,3.572,5.3,5.3,8560,-1334,9195,2050,11818,1971
2004-08-01,452,304509,6743,2004,8,31938807,12389641,4948000,426033.8,13339.06429,1.182338195,72.627,6.05225,71.969,5.997416667,17146800,67.3,73.8,862.409,1667392.766,109000,104.8,103.8,503.8,141.442,2.14,3.03,3.83,5.14,1.65,3.572,5.17,5.17,8560,-1334,9195,1945,12002,1760
2004-09-01,453,320911,6588,2004,9,31938807,12389641,4948000,426033.8,13339.06429,1.182338195,72.627,6.05225,71.969,5.997416667,17170700,67.4,72.7,862.409,1667392.766,109000,105,104.1,502.5,141.65,2.412,3.28,4,5.02,1.3,3.822,5.14,5.14,8560,-1334,9195,1611,11944,1626
2004-10-01,454,324215,6666,2004,10,32038207,12435931,4948000,429108.5,13393.64903,0.721703301,72.627,6.05225,71.969,5.997416667,17203400,67.4,72.8,862.409,1667392.766,109000,105.2,104.1,501.2,141.858,2.583,3.23,3.94,4.96,1.29,4.072,5.15,5.15,6392.666667,-1209.333333,-15908,1825,12081,1682
2004-11-01,455,318837,6301,2004,11,32038207,12435931,4948000,429108.5,13393.64903,0.721703301,72.627,6.05225,71.969,5.997416667,17249100,67.5,72.4,862.409,1667392.766,109000,105.6,104.6,499.9,142.067,2.556,3.17,3.85,4.87,1.27,4.072,5.07,5.07,6392.666667,-1209.333333,-15908,1385,11624,1843
2004-12-01,456,315761,4232,2004,12,32038207,12435931,4948000,429108.5,13393.64903,0.721703301,72.627,6.05225,71.969,5.997416667,17252000,67.5,72.1,862.409,1667392.766,109000,105.4,104.6,498.6,142.275,2.477,3.05,3.74,4.86,1.34,4.072,4.89,4.89,6392.666667,-1209.333333,-15908,1126,11038,1712
2005-01-01,457,323141,4153,2005,1,32075011,12444755,5035000,430611.3,13425.13335,0.350214456,76.113,6.34275,74.255,6.187916667,17226100,67.3,70.9,887.952,1758341.914,108000,105.3,104.3,497.3,142.483,2.437,2.81,3.52,4.69,1.4,4.072,4.8,4.8,7862,-582.6666667,2540,886,10333,1588
2005-02-01,458,334272,6171,2005,2,32075011,12444755,5035000,430611.3,13425.13335,0.350214456,76.113,6.34275,74.255,6.187916667,17254400,67.4,71.1,887.952,1758341.914,108000,105.7,104.7,496,142.692,2.464,2.94,3.63,4.71,1.34,4.072,4.79,4.79,7862,-582.6666667,2540,767,9608,1489
2005-03-01,459,330545,7904,2005,3,32075011,12444755,5035000,430611.3,13425.13335,0.350214456,76.113,6.34275,74.255,6.187916667,17230800,67.2,71.1,887.952,1758341.914,108000,106.3,105.1,494.7,142.9,2.546,3.36,3.83,4.75,1.03,4.072,4.8,4.8,7862,-582.6666667,2540,900,8986,1518
2005-04-01,460,342032,8834,2005,4,32140569,12476560,5035000,433723.5,13494.58063,0.722739975,76.113,6.34275,74.255,6.187916667,17233300,67.1,71.4,887.952,1758341.914,108000,106.6,104.8,493.575,143.917,2.461,3.07,3.54,4.55,1.07,4.072,4.87,4.87,11520,-598,4652,1855,9491,1347
2005-05-01,461,346474,9209,2005,5,32140569,12476560,5035000,433723.5,13494.58063,0.722739975,76.113,6.34275,74.255,6.187916667,17285100,67.2,73.1,887.952,1758341.914,108000,106.7,105.1,492.45,144.933,2.451,3,3.44,4.41,1.02,4.072,4.75,4.75,11520,-598,4652,1748,9912,1324
2005-06-01,462,345065,9153,2005,6,32140569,12476560,5035000,433723.5,13494.58063,0.722739975,76.113,6.34275,74.255,6.187916667,17277700,67.1,73.9,887.952,1758341.914,108000,106.9,105.2,491.325,145.95,2.473,2.86,3.2,4.27,0.95,4.072,4.51,4.51,11520,-598,4652,1698,10434,1171
2005-07-01,463,326034,7387,2005,7,32242732,12527581,5035000,438979.8,13614.84504,1.211901131,76.113,6.34275,74.255,6.187916667,17300700,67.1,73.9,887.952,1758341.914,108000,107.1,105.1,490.2,146.967,2.581,3.04,3.37,4.31,0.87,4.072,4.46,4.46,10244,-1574.333333,7076,1408,10484,1356
2005-08-01,464,323255,7498,2005,8,32242732,12527581,5035000,438979.8,13614.84504,1.211901131,76.113,6.34275,74.255,6.187916667,17349000,67.2,73.8,887.952,1758341.914,108000,107.5,105.3,489.075,147.983,2.758,2.97,3.35,4.11,0.81,4.072,4.52,4.52,10244,-1574.333333,7076,1270,10314,1436
2005-09-01,465,338267,7326,2005,9,32242732,12527581,5035000,438979.8,13614.84504,1.211901131,76.113,6.34275,74.255,6.187916667,17331900,67.1,72.6,887.952,1758341.914,108000,108.4,105.7,487.95,149,2.813,3.3,3.58,4.21,0.64,4.322,4.5,4.5,10244,-1574.333333,7076,1393,10006,1701
2005-10-01,466,342450,7174,2005,10,32353311,12578240,5035000,443339.5,13703.06427,0.993143648,76.113,6.34275,74.255,6.187916667,17372500,67.2,72.8,887.952,1758341.914,108000,107.9,105.6,486.825,150.017,3.025,3.6,3.86,4.38,0.56,4.572,4.59,4.59,7973,-1749.333333,-19403,1357,10078,1285
2005-11-01,467,341177,6646,2005,11,32353311,12578240,5035000,443339.5,13703.06427,0.993143648,76.113,6.34275,74.255,6.187916667,17338100,67,72.5,887.952,1758341.914,108000,107.7,106.1,485.7,151.033,3.304,3.77,3.89,4.2,0.29,4.572,4.76,4.76,7973,-1749.333333,-19403,1152,9798,1429
2005-12-01,468,327216,4255,2005,12,32353311,12578240,5035000,443339.5,13703.06427,0.993143648,76.113,6.34275,74.255,6.187916667,17373600,67,72.2,887.952,1758341.914,108000,107.6,106,484.575,152.05,3.395,3.8,3.87,4.04,0.13,4.822,4.8,4.8,7973,-1749.333333,-19403,1363,9886,1273
2006-01-01,469,332687,4587,2006,1,32394909,12587149,5126000,444950.8,13735.20759,0.363446072,79.093,6.591083333,77.873,6.489416667,17436600,67.2,71,905.789,1858965.61,106100,108.2,105.8,483.45,153.067,3.49,3.83,3.98,4.22,0.28,5.072,4.85,4.85,6919.666667,-1352,5229,956,9693,1149
2006-02-01,470,353928,6756,2006,2,32394909,12587149,5126000,444950.8,13735.20759,0.363446072,79.093,6.591083333,77.873,6.489416667,17439100,67.1,71.2,905.789,1858965.61,106100,108,106.1,482.325,154.083,3.712,3.91,4.02,4.17,0.19,5.072,4.95,4.95,6919.666667,-1352,5229,841,9404,1130
2006-03-01,471,353134,8707,2006,3,32394909,12587149,5126000,444950.8,13735.20759,0.363446072,79.093,6.591083333,77.873,6.489416667,17479800,67.2,71.5,905.789,1858965.61,106100,108.6,106.6,481.2,155.1,3.788,3.98,4.13,4.26,0.25,5.322,4.98,4.98,6919.666667,-1352,5229,828,9076,1154
2006-04-01,472,366683,8361,2006,4,32470171,12618321,5126000,446939,13764.60259,0.44683592,79.093,6.591083333,77.873,6.489416667,17516900,67.3,71.9,905.789,1858965.61,106100,109.2,106.6,480.042,155.225,3.974,4.19,4.38,4.59,0.33,5.572,5.08,5.08,9273.333333,-1158,7324,1061,8935,1202
2006-05-01,473,365537,9434,2006,5,32470171,12618321,5126000,446939,13764.60259,0.44683592,79.093,6.591083333,77.873,6.489416667,17544900,67.3,73.9,905.789,1858965.61,106100,109.7,107,478.883,155.35,4.175,4.18,4.31,4.51,0.27,5.822,5.25,5.25,9273.333333,-1158,7324,1320,9027,1224
2006-06-01,474,358035,8730,2006,6,32470171,12618321,5126000,446939,13764.60259,0.44683592,79.093,6.591083333,77.873,6.489416667,17538700,67.2,74.5,905.789,1858965.61,106100,109.5,106.7,477.725,155.475,4.3,4.45,4.53,4.69,0.18,5.822,5.32,5.32,9273.333333,-1158,7324,1487,9085,1429
2006-07-01,475,342034,7082,2006,7,32571193,12661953,5126000,446940.8,13721.96591,0.00040274,79.093,6.591083333,77.873,6.489416667,17587900,67.3,74.5,905.789,1858965.61,106100,109.6,106.5,476.567,155.6,4.157,4.15,4.25,4.46,0.23,5.822,5.46,5.46,7834,-2818,7613,1386,9068,1400
2006-08-01,476,338192,6976,2006,8,32571193,12661953,5126000,446940.8,13721.96591,0.00040274,79.093,6.591083333,77.873,6.489416667,17584700,67.2,74.1,905.789,1858965.61,106100,109.8,106.8,475.408,155.725,4.129,4.02,4.03,4.22,0.1,5.822,5.44,5.44,7834,-2818,7613,1231,8713,1584
2006-09-01,477,349142,6622,2006,9,32571193,12661953,5126000,446940.8,13721.96591,0.00040274,79.093,6.591083333,77.873,6.489416667,17613000,67.2,73,905.789,1858965.61,106100,109.2,107.4,474.25,155.85,4.165,3.89,3.88,4.08,0.09,5.822,5.33,5.33,7834,-2818,7613,1296,8864,1144
2006-10-01,478,356423,6876,2006,10,32680839,12701324,5126000,447162.5,13682.71176,0.049603885,79.093,6.591083333,77.873,6.489416667,17605400,67.1,73.1,905.789,1858965.61,106100,109,107.5,473.092,155.975,4.169,4.08,4.08,4.25,0.09,5.822,5.21,5.21,7410,-1985.666667,-20703,1387,9375,875
2006-11-01,479,355727,6281,2006,11,32680839,12701324,5126000,447162.5,13682.71176,0.049603885,79.093,6.591083333,77.873,6.489416667,17641300,67.2,72.7,905.789,1858965.61,106100,109.2,107.7,471.933,156.1,4.177,3.9,3.85,4.03,0.04,5.822,5.19,5.19,7410,-1985.666667,-20703,1252,9168,1458
2006-12-01,480,336217,4447,2006,12,32680839,12701324,5126000,447162.5,13682.71176,0.049603885,79.093,6.591083333,77.873,6.489416667,17671400,67.2,72.7,905.789,1858965.61,106100,109.4,107.6,470.775,156.225,4.161,3.98,3.95,4.11,0.07,5.822,5.09,5.09,7410,-1985.666667,-20703,1075,9213,1030
2007-01-01,481,353724,5173,2007,1,32717848,12703327,5217000,448421.3,13705.70888,0.2815084,82.783,6.898583333,80.622,6.7185,17743500,67.4,71.7,910.307,1967273.185,107900,109.4,107.6,469.617,156.35,4.156,4.1,4.08,4.23,0.07,5.822,5.11,5.11,5183,-728.3333333,6181,1169,8851,1532
2007-02-01,482,368687,6772,2007,2,32717848,12703327,5217000,448421.3,13705.70888,0.2815084,82.783,6.898583333,80.622,6.7185,17748800,67.4,71.9,910.307,1967273.185,107900,110.2,108,468.458,156.475,4.184,3.97,3.95,4.1,0.06,5.822,5.2,5.2,5183,-728.3333333,6181,599,8534,914
2007-03-01,483,365285,8518,2007,3,32717848,12703327,5217000,448421.3,13705.70888,0.2815084,82.783,6.898583333,80.622,6.7185,17783700,67.5,72.1,910.307,1967273.185,107900,111.1,108.5,467.3,156.6,4.173,3.96,3.99,4.21,0.14,5.822,5.11,5.11,5183,-728.3333333,6181,715,8256,991
2007-04-01,484,379025,9452,2007,4,32785964,12727090,5217000,449802.8,13719.37089,0.308080816,82.783,6.898583333,80.622,6.7185,17775400,67.4,72.4,910.307,1967273.185,107900,111.6,108.7,466.492,156.883,4.168,4.13,4.11,4.21,0.02,5.822,5.12,5.12,7270,-1150.333333,8980,1113,8259,1110
2007-05-01,485,382787,11146,2007,5,32785964,12727090,5217000,449802.8,13719.37089,0.308080816,82.783,6.898583333,80.622,6.7185,17775600,67.3,74.1,910.307,1967273.185,107900,112.1,109,465.683,157.167,4.286,4.56,4.53,4.43,-0.08,5.822,5.21,5.21,7270,-1150.333333,8980,1350,8582,1092
2007-06-01,486,381963,10451,2007,6,32785964,12727090,5217000,449802.8,13719.37089,0.308080816,82.783,6.898583333,80.622,6.7185,17822300,67.4,74.9,910.307,1967273.185,107900,111.9,109,464.875,157.45,4.418,4.64,4.62,4.59,-0.02,5.822,5.71,5.71,7270,-1150.333333,8980,1546,9053,1073
2007-07-01,487,366012,8912,2007,7,32888886,12765133,5217000,450207,13688.72755,0.089861602,82.783,6.898583333,80.622,6.7185,17872300,67.5,75.2,910.307,1967273.185,107900,112,109.1,464.067,157.733,4.562,4.69,4.63,4.52,-0.11,6.072,5.8,5.8,7458.333333,-1400.666667,9221,1655,9493,1215
2007-08-01,488,361890,8059,2007,8,32888886,12765133,5217000,450207,13688.72755,0.089861602,82.783,6.898583333,80.622,6.7185,17886200,67.5,74.9,910.307,1967273.185,107900,111.7,109.2,463.258,158.017,4.009,4.23,4.3,4.44,0.15,6.072,5.82,5.82,7458.333333,-1400.666667,9221,1319,9724,1083
2007-09-01,489,380132,6866,2007,9,32888886,12765133,5217000,450207,13688.72755,0.089861602,82.783,6.898583333,80.622,6.7185,17915200,67.5,73.6,910.307,1967273.185,107900,111.9,109.7,462.45,158.3,4.105,4.16,4.29,4.5,0.25,6.072,5.81,5.81,7458.333333,-1400.666667,9221,1245,9723,1244
2007-10-01,490,394646,7915,2007,10,33001918,12807497,5217000,452133.8,13700.22797,0.427980907,82.783,6.898583333,80.622,6.7185,17967300,67.6,73.9,910.307,1967273.185,107900,111.6,109.6,461.642,158.583,3.968,4.17,4.23,4.39,0.14,6.072,5.89,5.89,6399.333333,-1196,-15710,1331,9812,1242
2007-11-01,491,393747,7313,2007,11,33001918,12807497,5217000,452133.8,13700.22797,0.427980907,82.783,6.898583333,80.622,6.7185,18009200,67.7,73.6,910.307,1967273.185,107900,111.9,109.6,460.833,158.867,3.92,3.76,3.91,4.22,0.31,6.072,5.93,5.93,6399.333333,-1196,-15710,1801,10244,1367
2007-12-01,492,394931,4646,2007,12,33001918,12807497,5217000,452133.8,13700.22797,0.427980907,82.783,6.898583333,80.622,6.7185,18017000,67.7,73.3,910.307,1967273.185,107900,112,109.4,460.025,159.15,3.862,3.87,3.98,4.18,0.22,5.822,5.95,5.95,6399.333333,-1196,-15710,926,9951,1219
2008-01-01,493,374449,5075,2008,1,33050262,12814686,5309000,453080.3,13708.82627,0.209340686,84.992,7.082666667,80.338,6.694833333,18039400,67.7,72.1,906.532,2034891.959,112600,111.8,109,459.217,159.433,3.455,3.17,3.5,4.17,0.71,5.572,6.01,6.01,5497.333333,-1152.666667,6397,922,9926,946
2008-02-01,494,382048,6015,2008,2,33050262,12814686,5309000,453080.3,13708.82627,0.209340686,84.992,7.082666667,80.338,6.694833333,18073500,67.7,72.4,906.532,2034891.959,112600,112.2,109.4,458.408,159.717,3.239,3.05,3.4,4.14,0.76,5.572,5.92,5.92,5497.333333,-1152.666667,6397,784,9683,1027
2008-03-01,495,380338,6631,2008,3,33050262,12814686,5309000,453080.3,13708.82627,0.209340686,84.992,7.082666667,80.338,6.694833333,18085700,67.7,72.4,906.532,2034891.959,112600,112.6,109.6,457.6,160,2.025,2.6,2.93,3.91,0.86,5.072,5.8,5.8,5497.333333,-1152.666667,6397,801,9601,880
2008-04-01,496,398687,8762,2008,4,33127394,12840482,5309000,457455.8,13808.98842,0.965722853,84.992,7.082666667,80.338,6.694833333,18089500,67.6,72.7,906.532,2034891.959,112600,113.5,109.9,458.125,160.8,2.702,2.73,3.04,4.02,0.85,4.572,5.6,5.6,8140.333333,-1167.333333,10862,1102,9700,1004
2008-05-01,497,398148,9411,2008,5,33127394,12840482,5309000,457455.8,13808.98842,0.965722853,84.992,7.082666667,80.338,6.694833333,18103000,67.6,74.2,906.532,2034891.959,112600,114.6,110.3,458.65,161.6,2.727,3.09,3.34,4.07,0.59,4.572,5.41,5.41,8140.333333,-1167.333333,10862,1313,9837,1170
2008-06-01,498,395866,8600,2008,6,33127394,12840482,5309000,457455.8,13808.98842,0.965722853,84.992,7.082666667,80.338,6.694833333,18109600,67.5,75.1,906.532,2034891.959,112600,115.4,110.3,459.175,162.4,2.691,3.23,3.42,4.07,0.48,4.572,5.4,5.4,8140.333333,-1167.333333,10862,1070,9655,1251
2008-07-01,499,371427,7806,2008,7,33247298,12883824,5309000,457611.5,13763.87038,0.034036075,84.992,7.082666667,80.338,6.694833333,18094600,67.4,74.8,906.532,2034891.959,112600,115.8,110.4,459.7,163.2,2.417,3.05,3.37,4.18,0.76,4.572,5.57,5.57,6948,-976,11246,968,9497,1124
2008-08-01,500,364886,6318,2008,8,33247298,12883824,5309000,457611.5,13763.87038,0.034036075,84.992,7.082666667,80.338,6.694833333,18119700,67.4,74.7,906.532,2034891.959,112600,115.6,110.5,460.225,164,2.518,2.75,3.03,4.02,0.77,4.572,5.45,5.45,6948,-976,11246,1092,9190,1399
2008-09-01,501,368549,6424,2008,9,33247298,12883824,5309000,457611.5,13763.87038,0.034036075,84.992,7.082666667,80.338,6.694833333,18176300,67.5,73.6,906.532,2034891.959,112600,115.7,110.8,460.75,164.8,1.877,2.85,3.13,4.14,0.81,4.572,5.36,5.36,6948,-976,11246,816,8626,1380
2008-10-01,502,352974,5155,2008,10,33372978,12927520,5309000,459169.8,13758.73019,0.34052903,84.992,7.082666667,80.338,6.694833333,18241600,67.7,73.8,906.532,2034891.959,112600,114.5,110.6,461.275,165.6,2.215,2.07,2.8,4.31,1.67,3.822,5.66,5.66,5562.333333,-1751,-12856,978,8198,1404
2008-11-01,503,368582,3640,2008,11,33372978,12927520,5309000,459169.8,13758.73019,0.34052903,84.992,7.082666667,80.338,6.694833333,18201900,67.5,73.1,906.532,2034891.959,112600,114.1,111.3,461.8,166.4,1.835,1.73,2.48,4,1.63,3.822,5.71,5.71,5562.333333,-1751,-12856,725,7796,1128
2008-12-01,504,361415,2577,2008,12,33372978,12927520,5309000,459169.8,13758.73019,0.34052903,84.992,7.082666667,80.338,6.694833333,18250700,67.6,72.6,906.532,2034891.959,112600,113.3,111,462.325,167.2,0.945,1.09,1.69,3.45,1.6,3.322,5.37,5.37,5562.333333,-1751,-12856,737,7364,1169
2009-01-01,505,343632,2670,2009,1,33427754,12932742,5403000,459773.3,13754.23847,0.13143286,79.771,6.647583333,80.258,6.688166667,18196400,67.3,70.8,901.77,1963785.407,106800,113,110.3,462.85,168,0.927,1.37,2.03,3.74,1.6,2.822,4.98,4.98,5021.666667,-1385.666667,7738,451,6876,912
2009-02-01,506,362112,4120,2009,2,33427754,12932742,5403000,459773.3,13754.23847,0.13143286,79.771,6.647583333,80.258,6.688166667,18261400,67.5,70.7,901.77,1963785.407,106800,113.8,110.8,463.375,168.8,0.801,1.25,2.11,3.7,1.7,2.822,4.48,4.48,5021.666667,-1385.666667,7738,364,6514,726
2009-03-01,507,362050,6171,2009,3,33427754,12932742,5403000,459773.3,13754.23847,0.13143286,79.771,6.647583333,80.258,6.688166667,18284400,67.5,70.5,901.77,1963785.407,106800,114,111.1,463.9,169.6,0.416,1.12,1.95,3.63,1.84,2.322,4.34,4.34,5021.666667,-1385.666667,7738,303,6056,761
2009-04-01,508,385641,8107,2009,4,33512305,12956924,5403000,460007.8,13726.53418,0.051003397,79.771,6.647583333,80.258,6.688166667,18269000,67.4,70.8,901.77,1963785.407,106800,113.9,111.2,468.433,171.6,0.247,0.98,2.01,3.72,2.1,2.072,3.99,3.99,7849.333333,-1087.666667,10405,440,5707,789
2009-05-01,509,395609,9589,2009,5,33512305,12956924,5403000,460007.8,13726.53418,0.051003397,79.771,6.647583333,80.258,6.688166667,18327200,67.5,72.2,901.77,1963785.407,106800,114.7,111.7,472.967,173.6,0.197,1.27,2.57,4.11,2.3,2.072,3.82,3.82,7849.333333,-1087.666667,10405,682,5610,779
2009-06-01,510,403972,10955,2009,6,33512305,12956924,5403000,460007.8,13726.53418,0.051003397,79.771,6.647583333,80.258,6.688166667,18325400,67.4,72.9,901.77,1963785.407,106800,115.1,111.7,477.5,175.6,0.243,1.27,2.57,3.96,2.18,2.072,4.1,4.1,7849.333333,-1087.666667,10405,633,5403,840
2009-07-01,511,395414,9967,2009,7,33630069,12998941,5403000,460118.3,13681.75308,0.024021332,79.771,6.647583333,80.258,6.688166667,18309000,67.2,72.5,901.77,1963785.407,106800,114.7,111.5,482.033,177.6,0.241,1.45,2.66,4.1,2.08,2.072,4.34,4.34,8109.333333,-429.3333333,10995,686,5346,743
2009-08-01,512,387600,8035,2009,8,33630069,12998941,5403000,460118.3,13681.75308,0.024021332,79.771,6.647583333,80.258,6.688166667,18302900,67.1,72.4,901.77,1963785.407,106800,114.7,111.5,486.567,179.6,0.238,1.29,2.65,3.96,2.1,2.072,4.33,4.33,8109.333333,-429.3333333,10995,558,5251,651
2009-09-01,513,406877,8196,2009,9,33630069,12998941,5403000,460118.3,13681.75308,0.024021332,79.771,6.647583333,80.258,6.688166667,18302600,67,71.5,901.77,1963785.407,106800,114.7,111.8,491.1,181.6,0.222,1.26,2.57,3.87,2.05,2.072,4.17,4.17,8109.333333,-429.3333333,10995,906,5491,665
2009-10-01,514,423559,8476,2009,10,33758581,13048442,5403000,460187.3,13631.71337,0.014996143,79.771,6.647583333,80.258,6.688166667,18324200,67.1,71.5,901.77,1963785.407,106800,114.6,112,495.633,183.6,0.232,1.43,2.7,3.98,2.02,2.072,4.2,4.2,5882.666667,-175,-13027,1009,5853,644
2009-11-01,515,418460,7446,2009,11,33758581,13048442,5403000,460187.3,13631.71337,0.014996143,79.771,6.647583333,80.258,6.688166667,18403600,67.3,71.4,901.77,1963785.407,106800,115.2,112.2,500.167,185.6,0.228,1.15,2.41,3.84,2.1,2.072,4.26,4.26,5882.666667,-175,-13027,1044,6215,682
2009-12-01,516,411931,5541,2009,12,33758581,13048442,5403000,460187.3,13631.71337,0.014996143,79.771,6.647583333,80.258,6.688166667,18374600,67.1,70.9,901.77,1963785.407,106800,114.8,111.7,504.7,187.6,0.202,1.43,2.74,4.08,2.17,2.072,4.03,4.03,5882.666667,-175,-13027,1054,6608,660
2010-01-01,517,409058,4986,2010,1,33809016,13059426,5499000,461794.8,13658.92459,0.34931429,86.333,7.194416667,81.828,6.819,18361400,67,69.8,904.321,2023527.109,116000,115.1,111.6,509.233,189.6,0.179,1.22,2.46,3.92,2.13,2.072,4,4,6246.666667,-465.3333333,6160,947,6929,623
2010-02-01,518,431456,7291,2010,2,33809016,13059426,5499000,461794.8,13658.92459,0.34931429,86.333,7.194416667,81.828,6.819,18356700,66.9,70,904.321,2023527.109,116000,115.6,112.4,513.767,191.6,0.17,1.34,2.54,3.98,2.11,2.072,3.93,3.93,6246.666667,-465.3333333,6160,703,6976,656
2010-03-01,519,434696,10430,2010,3,33809016,13059426,5499000,461794.8,13658.92459,0.34931429,86.333,7.194416667,81.828,6.819,18393400,67,70,904.321,2023527.109,116000,115.6,112.1,518.3,193.6,0.289,1.73,2.9,3.99,1.83,2.072,3.91,3.91,6246.666667,-465.3333333,6160,730,7018,688
2010-04-01,520,437600,10898,2010,4,33890461,13088924,5499000,463228,13668.38887,0.310354296,86.333,7.194416667,81.828,6.819,18441500,67.1,70.7,904.321,2023527.109,116000,116,112.5,521.25,195.617,0.401,1.97,3.09,3.99,1.69,2.072,4.35,4.35,9658.333333,-484.3333333,8619,743,7026,734
2010-05-01,521,446593,9470,2010,5,33890461,13088924,5499000,463228,13668.38887,0.310354296,86.333,7.194416667,81.828,6.819,18454100,67.1,72.2,904.321,2023527.109,116000,116.3,112.8,524.2,197.633,0.427,1.62,2.55,3.58,1.63,2.072,4.5,4.5,9658.333333,-484.3333333,8619,897,6892,1027
2010-06-01,522,435034,8442,2010,6,33890461,13088924,5499000,463228,13668.38887,0.310354296,86.333,7.194416667,81.828,6.819,18510900,67.2,73.3,904.321,2023527.109,116000,116.2,112.7,527.15,199.65,0.579,1.39,2.32,3.59,1.69,2.322,4.38,4.38,9658.333333,-484.3333333,8619,921,6742,1071
2010-07-01,523,418683,6564,2010,7,34005902,13136481,5499000,465589.5,13691.43215,0.509792154,86.333,7.194416667,81.828,6.819,18551200,67.2,73,904.321,2023527.109,116000,116.8,113,530.1,201.667,0.641,1.6,2.44,3.71,1.62,2.572,4.22,4.22,8538,296.6666667,13203,874,6652,964
2010-08-01,524,418329,6161,2010,8,34005902,13136481,5499000,465589.5,13691.43215,0.509792154,86.333,7.194416667,81.828,6.819,18590500,67.3,72.8,904.321,2023527.109,116000,116.7,113,533.05,203.683,0.692,1.23,2.08,3.39,1.6,2.572,4.02,4.02,8538,296.6666667,13203,835,6571,916
2010-09-01,525,427329,6310,2010,9,34005902,13136481,5499000,465589.5,13691.43215,0.509792154,86.333,7.194416667,81.828,6.819,18579000,67.2,71.9,904.321,2023527.109,116000,116.9,113.4,536,205.7,0.893,1.39,2.01,3.25,1.35,2.822,3.8,3.8,8538,296.6666667,13203,771,6535,817
2010-10-01,526,443729,6681,2010,10,34132531,13189987,5499000,468424.5,13723.69661,0.608905484,86.333,7.194416667,81.828,6.819,18541700,67,71.8,904.321,2023527.109,116000,117.4,113.9,538.95,207.717,0.915,1.45,2.06,3.38,1.44,2.822,3.72,3.72,5725,-650,-12917,705,6479,761
2010-11-01,527,438030,6510,2010,11,34132531,13189987,5499000,468424.5,13723.69661,0.608905484,86.333,7.194416667,81.828,6.819,18545900,66.9,71.7,904.321,2023527.109,116000,117.5,113.9,541.9,209.733,0.982,1.74,2.48,3.6,1.45,2.822,3.65,3.65,5725,-650,-12917,1051,6635,894
2010-12-01,528,430253,4375,2010,12,34132531,13189987,5499000,468424.5,13723.69661,0.608905484,86.333,7.194416667,81.828,6.819,18571700,67,71.5,904.321,2023527.109,116000,117.5,113.5,544.85,211.75,0.998,1.69,2.45,3.51,1.47,2.822,3.7,3.7,5725,-650,-12917,759,6741,653
2011-01-01,529,425762,4199,2011,1,34166633,13199081,5593000,471992,13814.41361,0.761595519,89.709,7.47575,84.369,7.03075,18646500,67.2,70.5,919.198,2130398.171,110600,117.8,113.4,547.8,213.767,0.986,1.67,2.56,3.71,1.64,2.822,3.75,3.75,4480.666667,-334.3333333,6154,788,6838,690
2011-02-01,530,453355,6057,2011,2,34166633,13199081,5593000,471992,13814.41361,0.761595519,89.709,7.47575,84.369,7.03075,18633500,67.1,70.7,919.198,2130398.171,110600,118.1,113.7,550.75,215.783,0.967,1.79,2.61,3.69,1.53,2.822,3.88,3.88,4480.666667,-334.3333333,6154,607,6848,597
2011-03-01,531,456254,8985,2011,3,34166633,13199081,5593000,471992,13814.41361,0.761595519,89.709,7.47575,84.369,7.03075,18633900,67,70.5,919.198,2130398.171,110600,119.4,114.4,553.7,217.8,0.918,1.77,2.71,3.66,1.52,2.822,3.9,3.9,4480.666667,-334.3333333,6154,516,6711,652
2011-04-01,532,476802,8778,2011,4,34230555,13222146,5593000,472848.8,13813.6469,0.1815285,89.709,7.47575,84.369,7.03075,18675600,67.1,71.2,919.198,2130398.171,110600,119.8,114.4,556.467,219.808,0.979,1.78,2.65,3.67,1.49,2.822,4.07,4.07,6702,-648,9290,773,6927,557
2011-05-01,533,485362,9766,2011,5,34230555,13222146,5593000,472848.8,13813.6469,0.1815285,89.709,7.47575,84.369,7.03075,18625000,66.8,72.6,919.198,2130398.171,110600,120.6,115,559.233,221.817,0.959,1.59,2.4,3.41,1.49,2.822,4.03,4.03,6702,-648,9290,785,6796,916
2011-06-01,534,474223,9959,2011,6,34230555,13222146,5593000,472848.8,13813.6469,0.1815285,89.709,7.47575,84.369,7.03075,18654800,66.9,73.4,919.198,2130398.171,110600,119.8,114.3,562,223.825,0.915,1.56,2.3,3.47,1.53,2.822,3.8,3.8,6702,-648,9290,1347,7398,742
2011-07-01,535,458646,7683,2011,7,34339221,13262345,5593000,479318.5,13958.33936,1.368238642,89.709,7.47575,84.369,7.03075,18642900,66.8,73.2,919.198,2130398.171,110600,120,114.3,564.767,225.833,0.934,1.47,2.15,3.28,1.41,2.822,3.77,3.77,6240,-278,14511,1049,7607,837
2011-08-01,536,450323,7330,2011,8,34339221,13262345,5593000,479318.5,13958.33936,1.368238642,89.709,7.47575,84.369,7.03075,18654200,66.7,73.1,919.198,2130398.171,110600,120.3,114.7,567.533,227.842,0.932,1.08,1.68,3,1.41,2.822,3.72,3.72,6240,-278,14511,1030,7852,782
2011-09-01,537,463976,7421,2011,9,34339221,13262345,5593000,479318.5,13958.33936,1.368238642,89.709,7.47575,84.369,7.03075,18665500,66.7,72.2,919.198,2130398.171,110600,120.6,115.5,570.3,229.85,0.868,0.92,1.44,2.74,1.27,2.822,3.62,3.62,6240,-278,14511,900,7961,791
2011-10-01,538,474241,7425,2011,10,34457713,13310604,5593000,483127.8,14020.88989,0.794732521,89.709,7.47575,84.369,7.03075,18665000,66.7,72,919.198,2130398.171,110600,120.8,115.6,573.067,231.858,0.865,1.08,1.6,2.91,1.3,2.822,3.55,3.55,5714.333333,-653.6666667,-8801,1129,8352,738
2011-11-01,539,477582,6908,2011,11,34457713,13310604,5593000,483127.8,14020.88989,0.794732521,89.709,7.47575,84.369,7.03075,18669100,66.6,71.7,919.198,2130398.171,110600,120.9,115.7,575.833,233.867,0.886,1.01,1.46,2.61,1.14,2.822,3.58,3.58,5714.333333,-653.6666667,-8801,1249,8605,1001
2011-12-01,540,449566,4585,2011,12,34457713,13310604,5593000,483127.8,14020.88989,0.794732521,89.709,7.47575,84.369,7.03075,18660400,66.5,71.4,919.198,2130398.171,110600,120.2,115,578.6,235.875,0.826,0.93,1.28,2.42,1.03,2.822,3.56,3.56,5714.333333,-653.6666667,-8801,1074,8875,803
2012-01-01,541,462655,4432,2012,1,34516032,13325337,5660000,483432.8,14006.03638,0.063130294,96.818,8.068166667,86.112,7.176,18708800,66.6,70.2,926.84,2233149.379,114700,120.7,115.2,581.367,237.883,0.877,1.02,1.36,2.55,1.02,2.822,3.51,3.51,4700.666667,-1114,6630,718,8549,1040
2012-02-01,542,500249,6809,2012,2,34516032,13325337,5660000,483432.8,14006.03638,0.063130294,96.818,8.068166667,86.112,7.176,18665500,66.4,70.4,926.84,2233149.379,114700,121.2,115.6,584.133,239.892,0.941,1.1,1.44,2.48,0.88,2.822,3.43,3.43,4700.666667,-1114,6630,561,8308,786
2012-03-01,543,500894,9386,2012,3,34516032,13325337,5660000,483432.8,14006.03638,0.063130294,96.818,8.068166667,86.112,7.176,18715500,66.5,70.7,926.84,2233149.379,114700,121.7,116.1,586.9,241.9,0.926,1.19,1.57,2.56,0.93,2.822,3.41,3.41,4700.666667,-1114,6630,605,8122,790
2012-04-01,544,515869,10022,2012,4,34592192,13350123,5660000,485004.3,14020.62928,0.325071034,96.818,8.068166667,86.112,7.176,18814600,66.8,71.5,926.84,2233149.379,114700,122.2,116.6,588.192,243.4,1.042,1.43,1.69,2.55,0.67,2.822,3.56,3.56,7193,-1491.333333,12737,963,8209,874
2012-05-01,545,514546,10546,2012,5,34592192,13350123,5660000,485004.3,14020.62928,0.325071034,96.818,8.068166667,86.112,7.176,18834900,66.8,72.9,926.84,2233149.379,114700,122.1,116.7,589.483,244.9,1.006,1.11,1.31,2.2,0.68,2.822,3.55,3.55,7193,-1491.333333,12737,879,7995,1087
2012-06-01,546,507366,9133,2012,6,34592192,13350123,5660000,485004.3,14020.62928,0.325071034,96.818,8.068166667,86.112,7.176,18799000,66.6,73.5,926.84,2233149.379,114700,121.6,116.2,590.775,246.4,0.902,0.99,1.21,2.24,0.73,2.822,3.45,3.45,7193,-1491.333333,12737,960,7922,1026
2012-07-01,547,475507,7339,2012,7,34713395,13392364,5660000,485668,13990.7952,0.136844148,96.818,8.068166667,86.112,7.176,18818900,66.6,73.4,926.84,2233149.379,114700,121.5,115.8,592.067,247.9,0.972,0.96,1.16,2.14,0.64,2.822,3.43,3.43,5562.333333,-1230.666667,15070,1033,7879,1074
2012-08-01,548,477533,6252,2012,8,34713395,13392364,5660000,485668,13990.7952,0.136844148,96.818,8.068166667,86.112,7.176,18884100,66.8,73.4,926.84,2233149.379,114700,121.8,116,593.358,249.4,1.034,1.15,1.38,2.28,0.65,2.822,3.43,3.43,5562.333333,-1230.666667,15070,1008,8005,880
2012-09-01,549,501704,5696,2012,9,34713395,13392364,5660000,485668,13990.7952,0.136844148,96.818,8.068166667,86.112,7.176,18929000,66.9,72.6,926.84,2233149.379,114700,122,116.4,594.65,250.9,1,1.09,1.31,2.24,0.66,2.822,3.4,3.4,5562.333333,-1230.666667,15070,981,8244,739
2012-10-01,550,502274,6735,2012,10,34834973,13436625,5660000,486667.5,13970.65817,0.205799023,96.818,8.068166667,86.112,7.176,18942800,66.9,72.6,926.84,2233149.379,114700,122.2,116.7,595.942,252.4,1,1.07,1.34,2.27,0.71,2.822,3.37,3.37,6231,-543.3333333,-14668,1058,8231,1070
2012-11-01,551,485544,5691,2012,11,34834973,13436625,5660000,486667.5,13970.65817,0.205799023,96.818,8.068166667,86.112,7.176,18967000,66.9,72.4,926.84,2233149.379,114700,121.9,116.7,597.233,253.9,0.988,1.09,1.31,2.2,0.63,2.822,3.35,3.35,6231,-543.3333333,-14668,957,8369,818
2012-12-01,552,478739,3690,2012,12,34834973,13436625,5660000,486667.5,13970.65817,0.205799023,96.818,8.068166667,86.112,7.176,18989600,66.9,72.4,926.84,2233149.379,114700,121.2,116,598.525,255.4,0.98,1.12,1.37,2.27,0.7,2.822,3.35,3.35,6231,-543.3333333,-14668,976,8491,852
2013-01-01,553,482028,4230,2013,1,34881794,13446276,5728000,491023.8,14076.79318,0.895128604,101.03,8.419166667,88.86,7.405,18955700,66.7,71.2,951.462,2314674.697,108000,121.3,115.9,599.817,256.9,0.934,1.16,1.5,2.47,0.83,3.57,3.34,3.34,6084.333333,-1523.666667,4473,510,8229,769
2013-02-01,554,509447,5615,2013,2,34881794,13446276,5728000,491023.8,14076.79318,0.895128604,101.03,8.419166667,88.86,7.405,19019700,66.9,71.6,951.462,2314674.697,108000,122.7,116.9,601.108,258.4,0.96,1,1.32,2.39,0.86,3.52,3.31,3.31,6084.333333,-1523.666667,4473,602,8147,682
2013-03-01,555,517247,7536,2013,3,34881794,13446276,5728000,491023.8,14076.79318,0.895128604,101.03,8.419166667,88.86,7.405,18991600,66.8,71.3,951.462,2314674.697,108000,122.9,117.2,602.4,259.9,0.978,1,1.29,2.34,0.76,3.51,3.22,3.22,6084.333333,-1523.666667,4473,579,7818,906
2013-04-01,556,524823,9537,2013,4,34956567,13469151,5728000,492031.5,14075.50976,0.205224268,101.03,8.419166667,88.86,7.405,19011200,66.8,71.9,951.462,2314674.697,108000,122.7,117.2,602.825,261.258,0.993,0.94,1.19,2.19,0.78,3.52,3.22,3.22,7995,-1336,11574,996,7986,825
2013-05-01,557,540581,9945,2013,5,34956567,13469151,5728000,492031.5,14075.50976,0.205224268,101.03,8.419166667,88.86,7.405,19036000,66.8,73.5,951.462,2314674.697,108000,123,117.3,603.25,262.617,0.999,1.07,1.47,2.48,1,3.5,3.22,3.22,7995,-1336,11574,919,8160,746
2013-06-01,558,529614,8821,2013,6,34956567,13469151,5728000,492031.5,14075.50976,0.205224268,101.03,8.419166667,88.86,7.405,19044900,66.8,74.1,951.462,2314674.697,108000,123,117.2,603.675,263.975,1.024,1.23,1.84,2.9,1.27,3.49,3.2,3.2,7995,-1336,11574,955,8288,825
2013-07-01,559,512286,8367,2013,7,35080992,13511902,5728000,493851.5,14077.46679,0.369895017,101.03,8.419166667,88.86,7.405,19044400,66.7,73.7,951.462,2314674.697,108000,123.1,117.1,604.1,265.333,1.013,1.15,1.74,2.88,1.3,3.31,3.28,3.28,5460.666667,-687.3333333,17453,842,8336,787
2013-08-01,560,501742,7390,2013,8,35080992,13511902,5728000,493851.5,14077.46679,0.369895017,101.03,8.419166667,88.86,7.405,19060200,66.7,73.7,951.462,2314674.697,108000,123.1,117.1,604.525,266.692,0.995,1.2,1.9,3,1.43,3.13,3.34,3.34,5460.666667,-687.3333333,17453,758,8052,1039
2013-09-01,561,532556,7256,2013,9,35080992,13511902,5728000,493851.5,14077.46679,0.369895017,101.03,8.419166667,88.86,7.405,19018200,66.5,72.8,951.462,2314674.697,108000,123.3,117.5,604.95,268.05,0.986,1.21,1.89,3,1.36,3.03,3.53,3.53,5460.666667,-687.3333333,17453,790,8061,780
2013-10-01,562,539354,7940,2013,10,35209597,13559499,5728000,497912.5,14141.38594,0.82231197,101.03,8.419166667,88.86,7.405,19048000,66.5,72.7,951.462,2314674.697,108000,123,117.8,605.375,269.408,0.915,1.1,1.71,2.87,1.32,2.95,3.6,3.6,5445,-448.6666667,-17698,832,8065,827
2013-11-01,563,538347,6354,2013,11,35209597,13559499,5728000,497912.5,14141.38594,0.82231197,101.03,8.419166667,88.86,7.405,19049800,66.5,72.5,951.462,2314674.697,108000,123,117.5,605.8,270.767,0.939,1.1,1.73,3.01,1.44,2.88,3.59,3.59,5445,-448.6666667,-17698,836,7904,996
2013-12-01,564,520189,4058,2013,12,35209597,13559499,5728000,497912.5,14141.38594,0.82231197,101.03,8.419166667,88.86,7.405,19076700,66.5,71.9,951.462,2314674.697,108000,122.7,117.1,606.225,272.125,0.888,1.13,1.9,3.09,1.59,2.86,3.59,3.59,5445,-448.6666667,-17698,802,7929,776
2014-01-01,565,526965,4103,2014,1,35247023,13563311,5797000,503123.5,14274.21261,1.046569427,103.701,8.64175,90.439,7.536583333,19051000,66.4,70.8,987.325,2408229.773,114000,123.1,117.3,606.65,273.483,0.891,0.96,1.57,2.8,1.4,2.83,3.58,3.58,6194.333333,-1447,1013,623,7918,633
2014-02-01,566,552857,5696,2014,2,35247023,13563311,5797000,503123.5,14274.21261,1.046569427,103.701,8.64175,90.439,7.536583333,19047500,66.3,71,987.325,2408229.773,114000,124.1,118.2,607.075,274.842,0.866,1,1.63,2.8,1.44,2.83,3.52,3.52,6194.333333,-1447,1013,343,7514,744
2014-03-01,567,557982,8052,2014,3,35247023,13563311,5797000,503123.5,14274.21261,1.046569427,103.701,8.64175,90.439,7.536583333,19051200,66.3,71.1,987.325,2408229.773,114000,124.8,118.6,607.5,276.2,0.88,1.06,1.69,2.82,1.39,2.84,3.36,3.36,6194.333333,-1447,1013,370,7125,760
2014-04-01,568,578364,9661,2014,4,35320540,13583220,5797000,503973.8,14268.57574,0.169004231,103.701,8.64175,90.439,7.536583333,19050300,66.2,71.4,987.325,2408229.773,114000,125.2,118.8,607.9,277.733,0.939,1.06,1.67,2.76,1.34,2.88,3.22,3.22,7142,-2271.666667,9924,615,7035,700
2014-05-01,569,584902,11017,2014,5,35320540,13583220,5797000,503973.8,14268.57574,0.169004231,103.701,8.64175,90.439,7.536583333,19079800,66.3,72.9,987.325,2408229.773,114000,125.8,119.1,608.3,279.267,0.915,1.04,1.5,2.6,1.18,2.87,3.22,3.22,7142,-2271.666667,9924,993,7180,847
2014-06-01,570,569187,10136,2014,6,35320540,13583220,5797000,503973.8,14268.57574,0.169004231,103.701,8.64175,90.439,7.536583333,19098600,66.2,73.8,987.325,2408229.773,114000,125.9,119.1,608.7,280.8,0.928,1.11,1.57,2.72,1.15,2.88,3.2,3.2,7142,-2271.666667,9924,943,7183,940
2014-07-01,571,550677,9157,2014,7,35434066,13617763,5797000,508567.8,14352.51038,0.911555323,103.701,8.64175,90.439,7.536583333,19130600,66.3,73.6,987.325,2408229.773,114000,125.7,118.9,609.1,282.333,0.946,1.1,1.52,2.59,1.06,2.87,3.21,3.21,4325.666667,-433,16577,960,7359,785
2014-08-01,572,546683,7571,2014,8,35434066,13617763,5797000,508567.8,14352.51038,0.911555323,103.701,8.64175,90.439,7.536583333,19059800,66,73.3,987.325,2408229.773,114000,125.7,119.4,609.5,283.867,0.936,1.1,1.52,2.44,0.9,2.85,3.21,3.21,4325.666667,-433,16577,834,7459,731
2014-09-01,573,574421,8005,2014,9,35434066,13617763,5797000,508567.8,14352.51038,0.911555323,103.701,8.64175,90.439,7.536583333,19097300,66.1,72.8,987.325,2408229.773,114000,125.8,119.7,609.9,285.4,0.918,1.14,1.66,2.61,1.06,2.88,3.22,3.22,4325.666667,-433,16577,697,7202,952
2014-10-01,574,588018,8525,2014,10,35555305,13661282,5797000,512709.5,14420.0563,0.814385024,103.701,8.64175,90.439,7.536583333,19083500,66,72.8,987.325,2408229.773,114000,125.9,120.2,610.3,286.933,0.878,1.04,1.56,2.46,1.01,2.84,3.2,3.2,4443,-728.6666667,-20697,906,7267,841
2014-11-01,575,578353,6498,2014,11,35555305,13661282,5797000,512709.5,14420.0563,0.814385024,103.701,8.64175,90.439,7.536583333,19084700,66,72.6,987.325,2408229.773,114000,125.4,119.8,610.7,288.467,0.895,1,1.46,2.36,0.93,2.8,3.2,3.2,4443,-728.6666667,-20697,856,7228,892
2014-12-01,576,556602,4446,2014,12,35555305,13661282,5797000,512709.5,14420.0563,0.814385024,103.701,8.64175,90.439,7.536583333,19094200,66,72.3,987.325,2408229.773,114000,124.5,119.3,611.1,290,0.912,1.01,1.34,2.22,0.78,2.76,3.18,3.18,4443,-728.6666667,-20697,690,7185,732
2015-01-01,577,552925,4318,2015,1,35571043,13657423,5867000,513442.8,14434.2914,0.143024461,101.278,8.439833333,93.976,7.831333333,19106300,66,71.1,978.747,2483678.826,115500,124.3,119.5,611.5,291.533,0.592,0.44,0.69,1.75,0.91,2.66,3.16,3.16,4315,-1091.666667,-569,440,6707,919
2015-02-01,578,596320,6294,2015,2,35571043,13657423,5867000,513442.8,14434.2914,0.143024461,101.278,8.439833333,93.976,7.831333333,19148100,66.1,71.4,978.747,2483678.826,115500,125.4,120.3,611.9,293.067,0.467,0.47,0.74,1.76,0.85,2.55,3.11,3.11,4315,-1091.666667,-569,358,6292,772
2015-03-01,579,613818,8886,2015,3,35571043,13657423,5867000,513442.8,14434.2914,0.143024461,101.278,8.439833333,93.976,7.831333333,19183900,66.2,71.5,978.747,2483678.826,115500,126.3,121,612.3,294.6,0.528,0.49,0.75,1.79,0.84,2.53,3.04,3.04,4315,-1091.666667,-569,370,6030,632
2015-04-01,580,636094,11254,2015,4,35606734,13669290,5867000,514113,14438.64523,0.130530606,101.278,8.439833333,93.976,7.831333333,19156600,66.1,71.7,978.747,2483678.826,115500,126.2,121,612.65,295.583,0.647,0.68,0.98,2.01,0.91,2.56,2.96,2.96,7034,-645,9882,893,6272,652
2015-05-01,581,649648,11640,2015,5,35606734,13669290,5867000,514113,14438.64523,0.130530606,101.278,8.439833333,93.976,7.831333333,19168400,66.1,73.3,978.747,2483678.826,115500,126.9,121.3,613,296.567,0.665,0.63,0.96,2.08,1.04,2.57,2.94,2.94,7034,-645,9882,1060,6755,576
2015-06-01,582,639309,11905,2015,6,35606734,13669290,5867000,514113,14438.64523,0.130530606,101.278,8.439833333,93.976,7.831333333,19163300,66,74.1,978.747,2483678.826,115500,127.2,121.3,613.35,297.55,0.576,0.6,0.95,2.29,1.17,2.56,2.92,2.92,7034,-645,9882,1020,7338,432
2015-07-01,583,608875,9813,2015,7,35704498,13709293,5867000,514545.5,14411.22348,0.084125474,101.278,8.439833333,93.976,7.831333333,19199200,66,73.9,978.747,2483678.826,115500,127.3,121.3,613.7,298.533,0.427,0.46,0.83,2.09,1.06,2.38,2.91,2.91,6269,637,14504,915,7595,656
2015-08-01,584,603534,7943,2015,8,35704498,13709293,5867000,514545.5,14411.22348,0.084125474,101.278,8.439833333,93.976,7.831333333,19247300,66.1,73.8,978.747,2483678.826,115500,127.3,121.5,614.05,299.517,0.376,0.39,0.72,2.08,1.06,2.28,2.91,2.91,6269,637,14504,1084,8087,594
2015-09-01,585,627867,8147,2015,9,35704498,13709293,5867000,514545.5,14411.22348,0.084125474,101.278,8.439833333,93.976,7.831333333,19258600,66.1,72.9,978.747,2483678.826,115500,127.1,121.9,614.4,300.5,0.413,0.53,0.81,2.09,0.92,2.26,2.91,2.91,6269,637,14504,1022,8563,545
2015-10-01,586,630254,8759,2015,10,35823591,13759762,5867000,514886.5,14372.83325,0.066272079,101.278,8.439833333,93.976,7.831333333,19250600,66,72.9,978.747,2483678.826,115500,127.2,122.2,614.75,301.483,0.393,0.54,0.82,2.13,0.93,2.28,2.92,2.92,6547,442,-12144,1043,8926,679
2015-11-01,587,632774,7337,2015,11,35823591,13759762,5867000,514886.5,14372.83325,0.066272079,101.278,8.439833333,93.976,7.831333333,19246800,66,72.4,978.747,2483678.826,115500,127.1,121.9,615.1,302.467,0.442,0.63,0.92,2.17,0.96,2.37,2.92,2.92,6547,442,-12144,1011,9204,731
2015-12-01,588,608714,4917,2015,12,35823591,13759762,5867000,514886.5,14372.83325,0.066272079,101.278,8.439833333,93.976,7.831333333,19264800,66,72.1,978.747,2483678.826,115500,126.5,121.3,615.45,303.45,0.497,0.48,0.74,2.04,0.92,2.46,2.95,2.95,6547,442,-12144,1007,9527,683
2016-01-01,589,630193,4640,2016,1,35871484,13774364,5938000,515353,14366.64845,0.090602492,96.415,8.034583333,95.507,7.958916667,19267700,65.9,71,987.849,2462134.618,115600,126.8,121.6,615.8,304.433,0.481,0.42,0.68,1.9,0.82,2.69,2.96,2.96,8237.333333,537,11582,643,9197,973
2016-02-01,590,685738,7583,2016,2,35871484,13774364,5938000,515353,14366.64845,0.090602492,96.415,8.034583333,95.507,7.958916667,19297100,66,71.1,987.849,2462134.618,115600,127.1,122.3,616.15,305.417,0.462,0.49,0.64,1.78,0.66,2.8,2.95,2.95,8237.333333,537,11582,731,9250,678
2016-03-01,591,688011,10260,2016,3,35871484,13774364,5938000,515353,14366.64845,0.090602492,96.415,8.034583333,95.507,7.958916667,19290000,65.9,71.2,987.849,2462134.618,115600,127.9,123.1,616.5,306.4,0.462,0.53,0.66,1.86,0.69,2.98,2.93,2.93,8237.333333,537,11582,551,8974,825
2016-04-01,592,739767,12017,2016,4,35970407,13816652,5938000,516991.5,14372.68975,0.317937414,96.415,8.034583333,95.507,7.958916667,19333500,66,71.6,987.849,2462134.618,115600,128.3,123.3,617.783,307.04,0.541,0.68,0.89,1.94,0.82,3.01,2.9,2.9,8756.333333,1409.666667,15968,742,8855,860
2016-05-01,593,752324,12793,2016,5,35970407,13816652,5938000,516991.5,14372.68975,0.317937414,96.415,8.034583333,95.507,7.958916667,19309500,65.8,73.4,987.849,2462134.618,115600,128.8,123.8,619.067,307.679,0.551,0.63,0.79,1.87,0.75,3.01,2.87,2.87,8756.333333,1409.666667,15968,934,8974,814
2016-06-01,594,746961,12730,2016,6,35970407,13816652,5938000,516991.5,14372.68975,0.317937414,96.415,8.034583333,95.507,7.958916667,19299600,65.7,73.9,987.849,2462134.618,115600,129.1,123.9,620.35,308.319,0.494,0.54,0.62,1.67,0.58,2.92,2.86,2.86,8756.333333,1409.666667,15968,1086,9238,821
2016-07-01,595,710538,9934,2016,7,36110803,13876500,5938000,517933,14342.88238,0.182111311,96.415,8.034583333,95.507,7.958916667,19290000,65.6,73.5,987.849,2462134.618,115600,128.9,123.8,621.633,308.959,0.504,0.58,0.65,1.6,0.49,2.8,2.87,2.87,1926.333333,2550.333333,29196,1140,9693,685
2016-08-01,596,710975,9751,2016,8,36110803,13876500,5938000,517933,14342.88238,0.182111311,96.415,8.034583333,95.507,7.958916667,19329100,65.7,73.5,987.849,2462134.618,115600,128.7,123.8,622.917,309.599,0.512,0.58,0.66,1.53,0.44,2.75,2.88,2.88,1926.333333,2550.333333,29196,1183,10212,661
2016-09-01,597,756168,9836,2016,9,36110803,13876500,5938000,517933,14342.88238,0.182111311,96.415,8.034583333,95.507,7.958916667,19385300,65.8,72.8,987.849,2462134.618,115600,128.8,124.3,624.2,310.238,0.533,0.51,0.59,1.52,0.47,2.71,2.87,2.87,1926.333333,2550.333333,29196,1001,10540,673
2016-10-01,598,762747,9723,2016,10,36257421,13948180,5938000,520701.3,14361.2338,0.534489982,96.415,8.034583333,95.507,7.958916667,19392200,65.8,73,987.849,2462134.618,115600,129.1,124.5,625.483,310.878,0.504,0.56,0.68,1.68,0.59,2.67,2.88,2.88,3242,749.6666667,-37,1215,10946,807
2016-11-01,599,777181,8528,2016,11,36257421,13948180,5938000,520701.3,14361.2338,0.534489982,96.415,8.034583333,95.507,7.958916667,19402500,65.7,72.8,987.849,2462134.618,115600,128.6,124,626.767,311.518,0.509,0.7,1,2.06,0.88,2.68,2.9,2.9,3242,749.6666667,-37,1308,11476,777
2016-12-01,600,730472,5338,2016,12,36257421,13948180,5938000,520701.3,14361.2338,0.534489982,96.415,8.034583333,95.507,7.958916667,19453100,65.8,72.5,987.849,2462134.618,115600,128.4,123.5,628.05,312.158,0.473,0.78,1.16,2.24,0.95,2.73,2.94,2.94,3242,749.6666667,-37,1350,11846,977
2017-01-01,601,768427,5154,2017,1,36313068,13975516,6010000,523622.5,14419.67118,0.561012619,100,8.333333333,100,8.333333333,19511500,66,71.9,1000,2565808.779,119300,129.5,124.3,629.333,312.798,0.456,0.82,1.17,2.34,1,2.71,2.93,2.93,4362,77.66666667,9956,871,11650,1066
2017-02-01,602,876363,7955,2017,2,36313068,13975516,6010000,523622.5,14419.67118,0.561012619,100,8.333333333,100,8.333333333,19512400,65.9,72,1000,2565808.779,119300,129.7,124.8,630.617,313.437,0.48,0.78,1.16,2.29,0.93,2.67,2.95,2.95,4362,77.66666667,9956,790,11430,1012
2017-03-01,603,915089,11953,2017,3,36313068,13975516,6010000,523622.5,14419.67118,0.561012619,100,8.333333333,100,8.333333333,19549100,66,72.1,1000,2565808.779,119300,129.9,125.2,631.9,314.077,0.513,0.72,1.07,2.14,0.87,2.66,2.86,2.86,4362,77.66666667,9956,654,11030,1022
2017-04-01,604,918130,11463,2017,4,36397141,14012209,6010000,530210.8,14567.37495,1.258215604,100,8.333333333,100,8.333333333,19544700,65.9,72.4,1000,2565808.779,119300,130.4,125.2,635.192,314.826,0.548,0.74,1.03,2.01,0.74,2.6,2.82,2.82,5773.333333,1083,24597,915,10960,984
2017-05-01,605,862149,10066,2017,5,36397141,14012209,6010000,530210.8,14567.37495,1.258215604,100,8.333333333,100,8.333333333,19615700,66,74.2,1000,2565808.779,119300,130.5,125.5,638.483,315.576,0.529,0.69,0.94,1.87,0.72,2.55,2.79,2.79,5773.333333,1083,24597,651,10756,853
2017-06-01,606,791929,7893,2017,6,36397141,14012209,6010000,530210.8,14567.37495,1.258215604,100,8.333333333,100,8.333333333,19647300,66.1,74.9,1000,2565808.779,119300,130.4,125.6,641.775,316.325,0.683,1.04,1.28,1.99,0.57,2.49,2.8,2.8,5773.333333,1083,24597,1059,10611,1201
2017-07-01,607,745816,5868,2017,7,36545075,14078499,6010000,535791.5,14661.11371,1.05254363,100,8.333333333,100,8.333333333,19653700,66,74.7,1000,2565808.779,119300,130.4,125.6,645.067,317.074,0.74,1.28,1.58,2.29,0.68,2.75,2.92,2.92,4780.333333,1663,36892,928,10467,1068
2017-08-01,608,730969,6306,2017,8,36545075,14078499,6010000,535791.5,14661.11371,1.05254363,100,8.333333333,100,8.333333333,19661700,65.9,74.5,1000,2565808.779,119300,130.5,125.6,648.358,317.823,0.742,1.24,1.51,2.19,0.6,2.67,3.02,3.02,4780.333333,1663,36892,887,10382,972
2017-09-01,609,774487,6334,2017,9,36545075,14078499,6010000,535791.5,14661.11371,1.05254363,100,8.333333333,100,8.333333333,19668000,65.9,73.6,1000,2565808.779,119300,130.8,125.8,651.65,318.572,1.009,1.58,1.8,2.42,0.55,2.99,3.09,3.09,4780.333333,1663,36892,1080,10255,1200
2017-10-01,610,780400,7069,2017,10,36722075,14161084,6010000,535959.8,14595.03037,0.031411473,100,8.333333333,100,8.333333333,19721900,66,73.8,1000,2565808.779,119300,130.9,126.2,654.942,319.322,0.895,1.46,1.7,2.32,0.58,3.05,3.18,3.18,7605.666667,829,-1213,684,9972,967
2017-11-01,611,761410,7326,2017,11,36722075,14161084,6010000,535959.8,14595.03037,0.031411473,100,8.333333333,100,8.333333333,19766200,66.1,73.9,1000,2565808.779,119300,131.3,126.2,658.233,320.071,0.872,1.43,1.62,2.16,0.45,2.97,3.24,3.24,7605.666667,829,-1213,886,9887,970
2017-12-01,612,734847,4876,2017,12,36722075,14161084,6010000,535959.8,14595.03037,0.031411473,100,8.333333333,100,8.333333333,19818000,66.2,73.8,1000,2565808.779,119300,130.8,125.6,661.525,320.82,1.05,1.66,1.82,2.15,0.32,2.93,3.24,3.24,7605.666667,829,-1213,767,9672,978
2018-01-01,613,735874,3987,2018,1,36801579,14199811,6082000,536725.3,14584.30085,0.142827876,102.932,8.577666667,101.035,8.419583333,19745700,65.8,72.4,1003.076,2705702.246,124500,131.7,126.2,664.817,321.57,1.196,1.84,2.08,2.35,0.45,3.13,3.29,5.29,8003,594,13999,543,9500,714
2018-02-01,614,767799,5149,2018,2,36801579,14199811,6082000,536725.3,14584.30085,0.142827876,102.932,8.577666667,101.035,8.419583333,19758500,65.8,72.5,1003.076,2705702.246,124500,132.5,127.1,668.108,322.319,1.171,1.78,2.04,2.35,0.45,3.23,3.35,5.35,8003,594,13999,394,9146,744
2018-03-01,615,784514,7188,2018,3,36801579,14199811,6082000,536725.3,14584.30085,0.142827876,102.932,8.577666667,101.035,8.419583333,19785100,65.8,72.8,1003.076,2705702.246,124500,132.9,127.6,671.4,323.068,1.086,1.8,2,2.22,0.31,3.28,3.37,5.37,8003,594,13999,501,8858,785
2018-04-01,616,804926,7744,2018,4,36903671,14251136,6082000,538679,14596.89471,0.364003709,102.932,8.577666667,101.035,8.419583333,19757100,65.6,73,1003.076,2705702.246,124500,133.3,127.5,672.825,324.281,1.2,1.93,2.18,2.45,0.44,3.21,3.395,5.395,9428.333333,228.6666667,26872,520,8450,927
2018-05-01,617,803572,7717,2018,5,36903671,14251136,6082000,538679,14596.89471,0.364003709,102.932,8.577666667,101.035,8.419583333,19781900,65.6,74.5,1003.076,2705702.246,124500,133.4,127.6,674.25,325.494,1.3,1.92,2.11,2.28,0.33,2.97,3.42,5.42,9428.333333,228.6666667,26872,833,8390,885
2018-06-01,618,808108,8026,2018,6,36903671,14251136,6082000,538679,14596.89471,0.364003709,102.932,8.577666667,101.035,8.419583333,19861200,65.8,75.3,1003.076,2705702.246,124500,133.6,127.8,675.675,326.707,1.247,1.77,1.93,2.15,0.29,2.7,3.455,5.455,9428.333333,228.6666667,26872,600,8187,802
2018-07-01,619,781939,6917,2018,7,37072620,14326746,6082000,544941.3,14699.2929,1.162529076,102.932,8.577666667,101.035,8.419583333,19936400,65.9,75.3,1003.076,2705702.246,124500,134.3,128.5,677.1,327.92,1.442,2.05,2.19,2.31,0.23,2.99,3.47,5.47,6552.333333,1702.333333,35460,491,8030,648
2018-08-01,620,765320,6800,2018,8,37072620,14326746,6082000,544941.3,14699.2929,1.162529076,102.932,8.577666667,101.035,8.419583333,19900900,65.7,75,1003.076,2705702.246,124500,134.2,128.5,678.525,329.133,1.509,2.14,2.25,2.33,0.18,3.04,3.52,5.52,6552.333333,1702.333333,35460,523,7724,829
2018-09-01,621,796733,6418,2018,9,37072620,14326746,6082000,544941.3,14699.2929,1.162529076,102.932,8.577666667,101.035,8.419583333,19948100,65.8,74.3,1003.076,2705702.246,124500,133.7,128.1,679.95,330.346,1.546,2.19,2.32,2.43,0.23,3.12,3.56,5.56,6552.333333,1702.333333,35460,509,7594,639
2018-10-01,622,808031,7463,2018,10,37259485,14413055,6082000,546807,14675.64568,0.34236715,102.932,8.577666667,101.035,8.419583333,19933400,65.7,74.5,1003.076,2705702.246,124500,134.1,128.8,681.375,331.558,1.734,2.33,2.42,2.52,0.16,3.24,3.575,5.575,7351.333333,680.6666667,-1544,403,7351,645
2018-11-01,623,788591,6236,2018,11,37259485,14413055,6082000,546807,14675.64568,0.34236715,102.932,8.577666667,101.035,8.419583333,20006000,65.9,74.5,1003.076,2705702.246,124500,133.5,128.4,682.8,332.771,1.713,2.21,2.27,2.39,0.12,3.31,3.67,5.67,7351.333333,680.6666667,-1544,548,7182,717
2018-12-01,624,750180,3781,2018,12,37259485,14413055,6082000,546807,14675.64568,0.34236715,102.932,8.577666667,101.035,8.419583333,20022600,65.9,74.2,1003.076,2705702.246,124500,133.4,128.5,684.225,333.984,1.665,1.91,1.93,2.12,0.07,3.4,3.705,5.705,7351.333333,680.6666667,-1544,540,6923,799
2019-01-01,625,747175,3968,2019,1,37336956,14449986,6139000,549192,14709.07269,0.43616852,103.731,8.64425,103.155,8.59625,20068300,66,73,1008.941,2822022.896,123200,133.6,128.6,685.65,335.197,1.627,1.82,1.83,1.92,0.1,3.52,3.725,5.725,7061.333333,28.33333333,10330,243,6389,776
2019-02-01,626,779791,4982,2019,2,37336956,14449986,6139000,549192,14709.07269,0.43616852,103.731,8.64425,103.155,8.59625,20130700,66.1,73.3,1008.941,2822022.896,123200,134.5,129.6,687.075,336.41,1.682,1.77,1.8,1.91,0.14,3.66,3.68,5.68,7061.333333,28.33333333,10330,183,5871,699
2019-03-01,627,788133,7132,2019,3,37336956,14449986,6139000,549192,14709.07269,0.43616852,103.731,8.64425,103.155,8.59625,20109100,66,73.2,1008.941,2822022.896,123200,135.4,130,688.5,337.623,1.652,1.46,1.43,1.54,0.08,3.74,3.59,5.59,7061.333333,28.33333333,10330,98,5573,396
2019-04-01,628,820373,9005,2019,4,37437243,14493612,6139000,551962.3,14743.66849,0.504431966,103.731,8.64425,103.155,8.59625,20208200,66.2,74,1008.941,2822022.896,123200,136,130.1,691.242,338.853,1.666,1.51,1.49,1.67,0.16,3.81,3.38,5.38,11609,-201.6666667,27010,234,5353,453
2019-05-01,629,838248,9950,2019,5,37437243,14493612,6139000,551962.3,14743.66849,0.504431966,103.731,8.64425,103.155,8.59625,20170400,66,75.5,1008.941,2822022.896,123200,136.6,130.7,693.983,340.083,1.687,1.53,1.46,1.57,0.04,3.9,3.235,5.235,11609,-201.6666667,27010,371,4752,968
2019-06-01,630,831882,8826,2019,6,37437243,14493612,6139000,551962.3,14743.66849,0.504431966,103.731,8.64425,103.155,8.59625,20199900,66,76.1,1008.941,2822022.896,123200,136.3,130.8,696.725,341.313,1.661,1.46,1.4,1.5,0.04,3.99,3.1,5.1,11609,-201.6666667,27010,555,4776,529
2019-07-01,631,806971,8555,2019,7,37618495,14573565,6139000,552844,14696.06905,0.159739171,103.731,8.64425,103.155,8.59625,20234500,66,75.7,1008.941,2822022.896,123200,137,131.3,699.467,342.543,1.645,1.55,1.46,1.49,-0.06,4.08,2.95,4.95,10614.66667,1465.333333,32165,456,4821,405
2019-08-01,632,792135,7681,2019,8,37618495,14573565,6139000,552844,14696.06905,0.159739171,103.731,8.64425,103.155,8.59625,20300200,66.1,75.6,1008.941,2822022.896,123200,136.8,131.3,702.208,343.773,1.638,1.33,1.17,1.13,-0.2,4.15,2.88,4.88,10614.66667,1465.333333,32165,557,4952,423
2019-09-01,633,842476,7790,2019,9,37618495,14573565,6139000,552844,14696.06905,0.159739171,103.731,8.64425,103.155,8.59625,20282200,66,75,1008.941,2822022.896,123200,136.2,130.8,704.95,345.002,1.624,1.58,1.42,1.39,-0.19,4.16,2.825,4.825,10614.66667,1465.333333,32165,330,4826,455
2019-10-01,634,851742,8444,2019,10,37828162,14666727,6139000,553262.5,14625.67756,0.075699474,103.731,8.64425,103.155,8.59625,20274500,65.8,74.9,1008.941,2822022.896,123200,136.6,131.4,707.692,346.232,1.662,1.56,1.46,1.45,-0.11,4.17,2.825,4.825,8112,274.3333333,13438,404,4903,325
2019-11-01,635,843307,7054,2019,11,37828162,14666727,6139000,553262.5,14625.67756,0.075699474,103.731,8.64425,103.155,8.59625,20293700,65.8,74.5,1008.941,2822022.896,123200,136.4,131,710.433,347.462,1.652,1.6,1.51,1.47,-0.13,4,2.855,4.855,8112,274.3333333,13438,371,4890,384
2019-12-01,636,838662,4364,2019,12,37828162,14666727,6139000,553262.5,14625.67756,0.075699474,103.731,8.64425,103.155,8.59625,20326200,65.8,74.3,1008.941,2822022.896,123200,136.4,130.8,713.175,348.692,1.671,1.67,1.64,1.61,-0.06,3.95,2.91,4.91,8112,274.3333333,13438,407,4953,343
2020-01-01,637,838087,4546,2020,1,37928208,14718155,6197000,554594,14622.20414,0.240663338,101.539,8.461583333,104.817,8.73475,20326200,65.8,73.2,1075.7,2721162.814,130300,136.8,131,715.917,349.922,1.642,1.47,1.34,1.31,-0.16,3.9,2.94,4.94,7489.666667,-537.3333333,1621,406,5042,316
2020-02-01,638,910142,7193,2020,2,37928208,14718155,6197000,554594,14622.20414,0.240663338,101.539,8.461583333,104.817,8.73475,20384800,65.9,73.4,1075.7,2721162.814,130300,137.4,132.1,718.658,351.152,1.638,1.32,1.21,1.21,-0.11,3.91,2.93,4.93,7489.666667,-537.3333333,1621,230,4969,277
2020-03-01,639,902787,7945,2020,3,37928208,14718155,6197000,554594,14622.20414,0.240663338,101.539,8.461583333,104.817,8.73475,19725200,63.7,69,1075.7,2721162.814,130300,136.6,132.2,721.4,352.382,0.233,0.62,0.78,0.88,0.26,2.64,2.745,4.79,7489.666667,-537.3333333,1621,386,5043,309
2020-04-01,640,820222,2958,2020,4,38006941,14752374,6197000,555470.5,14614.9752,0.158043542,101.539,8.461583333,104.817,8.73475,18631600,60.1,61.7,1075.7,2721162.814,130300,135.7,131.8,748.675,354.059,0.272,0.32,0.41,0.56,0.24,2.31,2.68,4.79,4229,-271,-11704,182,4922,303
2020-05-01,641,863523,4594,2020,5,38006941,14752374,6197000,555470.5,14614.9752,0.158043542,101.539,8.461583333,104.817,8.73475,19131200,61.6,64.2,1075.7,2721162.814,130300,136.1,131.5,775.95,355.735,0.255,0.3,0.4,0.54,0.24,2.47,2.655,4.79,4229,-271,-11704,530,5051,400
2020-06-01,642,931085,8649,2020,6,38006941,14752374,6197000,555470.5,14614.9752,0.158043542,101.539,8.461583333,104.817,8.73475,19977700,64.3,69.1,1075.7,2721162.814,130300,137.2,132.1,803.225,357.412,0.209,0.3,0.38,0.54,0.24,2.43,2.55,4.79,4229,-271,-11704,652,5227,467
2020-07-01,643,943670,11035,2020,7,38027406,14757582,6197000,556122.3,14624.25021,0.117341965,101.539,8.461583333,104.817,8.73475,20094000,64.6,70.4,1075.7,2721162.814,130300,137.2,131.9,830.5,359.088,0.165,0.26,0.32,0.48,0.22,2.34,2.41,4.79,3175.333333,-7,-33458,652,5542,336
2020-08-01,644,951467,10741,2020,8,38027406,14757582,6197000,556122.3,14624.25021,0.117341965,101.539,8.461583333,104.817,8.73475,20164100,64.8,71.2,1075.7,2721162.814,130300,137,131.9,857.775,360.765,0.149,0.29,0.41,0.61,0.32,2.22,2.225,4.79,3175.333333,-7,-33458,491,5648,378
2020-09-01,645,960680,11041,2020,9,38027406,14757582,6197000,556122.3,14624.25021,0.117341965,101.539,8.461583333,104.817,8.73475,20418300,65.5,72.2,1075.7,2721162.814,130300,136.9,131.9,885.05,362.442,0.136,0.25,0.36,0.57,0.32,2.15,2.115,4.79,3175.333333,-7,-33458,654,5901,395
2020-10-01,646,968561,10519,2020,10,38028638,14761811,6197000,560665.5,14743.24429,0.816942604,101.539,8.461583333,104.817,8.73475,20451500,65.6,72.6,1075.7,2721162.814,130300,137.5,132.5,912.325,364.118,0.086,0.24,0.36,0.59,0.35,2.1,2.02,4.79,3712,-128.6666667,-3501,714,6176,438
2020-11-01,647,955971,8750,2020,11,38028638,14761811,6197000,560665.5,14743.24429,0.816942604,101.539,8.461583333,104.817,8.73475,20406800,65.4,72.4,1075.7,2721162.814,130300,137.7,132.7,939.6,365.795,0.109,0.27,0.45,0.7,0.43,2.07,1.98,4.79,3712,-128.6666667,-3501,522,6126,563
2020-12-01,648,932222,7180,2020,12,38028638,14761811,6197000,560665.5,14743.24429,0.816942604,101.539,8.461583333,104.817,8.73475,20404400,65.4,71.9,1075.7,2721162.814,130300,137.4,132.2,966.875,367.471,0.115,0.2,0.41,0.7,0.5,1.98,1.955,4.79,3712,-128.6666667,-3501,429,6097,457
2021-01-01,649,966001,6887,2021,1,38058291,14772726,6255000,562233.3,14772.95184,0.279631973,109.232,9.102666667,111.506,9.292166667,20255600,64.9,69.8,1030.285,3012840.953,131600,138.2,132.8,994.15,369.148,0.056,0.16,0.41,0.8,0.64,1.85,1.94,4.79,9001.333333,-2075,7704,338,5852,574
2021-02-01,650,1044910,10925,2021,2,38058291,14772726,6255000,562233.3,14772.95184,0.279631973,109.232,9.102666667,111.506,9.292166667,20361000,65.2,71.2,1030.285,3012840.953,131600,138.9,133.1,1021.425,370.824,0.073,0.23,0.73,1.31,1.08,1.77,1.92,4.79,9001.333333,-2075,7704,456,5739,555
2021-03-01,651,1097319,15627,2021,3,38058291,14772726,6255000,562233.3,14772.95184,0.279631973,109.232,9.102666667,111.506,9.292166667,20449900,65.5,72.2,1030.285,3012840.953,131600,139.6,133.4,1048.7,372.501,0.096,0.22,0.99,1.55,1.33,1.64,1.935,4.79,9001.333333,-2075,7704,505,5812,423
2021-04-01,652,1090414,13613,2021,4,38140918,14808093,6255000,563838.5,14783.03433,0.285504256,109.232,9.102666667,111.506,9.292166667,20350900,65.1,71.7,1030.285,3012840.953,131600,140.3,134.2,1056.306,373.363,0.101,0.31,0.93,1.53,1.22,1.57,1.99,4.79,10215,-3924.333333,3180,613,5913,511
2021-05-01,653,1108137,11902,2021,5,38140918,14808093,6255000,563838.5,14783.03433,0.285504256,109.232,9.102666667,111.506,9.292166667,20304800,65,72.9,1030.285,3012840.953,131600,141,134.6,1063.912,374.224,0.109,0.31,0.87,1.45,1.14,1.59,2.07,4.79,10215,-3924.333333,3180,599,6016,494
2021-06-01,654,1089012,11052,2021,6,38140918,14808093,6255000,563838.5,14783.03433,0.285504256,109.232,9.102666667,111.506,9.292166667,20514400,65.6,74.7,1030.285,3012840.953,131600,141.4,135,1071.519,375.086,0.142,0.45,0.97,1.39,0.94,1.57,2.1,5.25,10215,-3924.333333,3180,590,6170,426
2021-07-01,655,1061653,9338,2021,7,38239864,14842488,6255000,566660.5,14818.58042,0.500497926,109.232,9.102666667,111.506,9.292166667,20540500,65.6,74.7,1030.285,3012840.953,131600,142.3,135.6,1079.125,375.948,0.18,0.45,0.78,1.17,0.72,1.53,2.225,5.25,15616.33333,-1069.666667,42550,861,6707,318
2021-08-01,656,1070176,8550,2021,8,38239864,14842488,6255000,566660.5,14818.58042,0.500497926,109.232,9.102666667,111.506,9.292166667,20548800,65.5,74.7,1030.285,3012840.953,131600,142.6,135.9,1086.731,376.81,0.178,0.45,0.87,1.25,0.8,1.54,2.26,5.25,15616.33333,-1069.666667,42550,776,6973,504
2021-09-01,657,1135027,9010,2021,9,38239864,14842488,6255000,566660.5,14818.58042,0.500497926,109.232,9.102666667,111.506,9.292166667,20705600,66,74.8,1030.285,3012840.953,131600,142.9,136.2,1094.338,377.672,0.146,0.53,1.11,1.51,0.98,1.48,2.255,5.25,15616.33333,-1069.666667,42550,494,7034,433
2021-10-01,658,1155624,9743,2021,10,38460257,14947417,6255000,576806,14997.45569,1.790401837,109.232,9.102666667,111.506,9.292166667,20624400,65.6,75,1030.285,3012840.953,131600,143.9,136.8,1101.944,378.533,0.146,1.07,1.42,1.6,0.53,1.45,2.17,5.25,19038.33333,-1441.666667,-11168,539,7047,525
2021-11-01,659,1162564,8979,2021,11,38460257,14947417,6255000,576806,14997.45569,1.790401837,109.232,9.102666667,111.506,9.292166667,20699400,65.8,75.3,1030.285,3012840.953,131600,144.2,136.8,1109.55,379.395,0.129,1.05,1.56,1.77,0.72,1.46,2.29,5.25,19038.33333,-1441.666667,-11168,688,7247,482
2021-12-01,660,1157837,6013,2021,12,38460257,14947417,6255000,576806,14997.45569,1.790401837,109.232,9.102666667,111.506,9.292166667,20741200,65.8,75.1,1030.285,3012840.953,131600,144,136.7,1117.156,380.257,0.174,0.99,1.3,1.47,0.48,1.46,2.445,5.25,19038.33333,-1441.666667,-11168,461,7322,386
2022-01-01,661,1242155,5593,2022,1,38565380,14997903,6313000,583642,15133.83247,1.185147173,110.622,9.2185,111.834,9.3195,20630700,65.4,73,1035.689,3320448.672,131500,145.3,137.5,1124.762,381.118,0.517,1.26,1.67,1.84,0.58,1.47,2.56,5.25,12790.33333,-2864,21599,478,7377,423
2022-02-01,662,1334062,9028,2022,2,38565380,14997903,6313000,583642,15133.83247,1.185147173,110.622,9.2185,111.834,9.3195,20764700,65.7,74.6,1035.689,3320448.672,131500,146.8,138.3,1132.369,381.98,0.618,1.57,1.79,1.97,0.4,1.49,2.76,5.25,12790.33333,-2864,21599,418,7234,559
2022-03-01,663,1298671,10864,2022,3,38565380,14997903,6313000,583642,15133.83247,1.185147173,110.622,9.2185,111.834,9.3195,20762700,65.6,74.7,1035.689,3320448.672,131500,148.9,139.6,1139.975,382.842,0.773,2.31,2.42,2.43,0.12,1.77,2.95,5.25,12790.33333,-2864,21599,546,7308,473
2022-04-01,664,1250739,7941,2022,4,38693009,15051975,6313000,589642.8,15239.00093,1.028164526,110.622,9.2185,111.834,9.3195,20826200,65.7,75.1,1035.689,3320448.672,131500,149.8,140.4,1142.728,384.256,1.376,2.5,2.64,2.8,0.3,2.31,3.195,5.25,13013.66667,-4964,67950,521,7230,599
2022-05-01,665,1210700,7229,2022,5,38693009,15051975,6313000,589642.8,15239.00093,1.028164526,110.622,9.2185,111.834,9.3195,20847500,65.7,76.8,1035.689,3320448.672,131500,151.9,141.6,1145.481,385.669,1.477,2.53,2.6,2.76,0.23,2.51,3.36,5.36,13013.66667,-4964,67950,432,7116,542
2022-06-01,666,1145786,6424,2022,6,38693009,15051975,6313000,589642.8,15239.00093,1.028164526,110.622,9.2185,111.834,9.3195,20778200,65.4,77.1,1035.689,3320448.672,131500,152.9,142.2,1148.234,387.083,2.105,3.14,3.17,3.29,0.15,3.1,3.63,5.63,13013.66667,-4964,67950,466,7189,393
2022-07-01,667,1073318,4871,2022,7,38950132,15155836,6313000,591868.3,15195.54029,0.377431896,110.622,9.2185,111.834,9.3195,20794500,65.3,76.7,1035.689,3320448.672,131500,153.1,143.1,1150.988,388.497,2.696,3.08,2.83,2.77,-0.31,4,4.01,6.01,11248,-1963.666667,106930,533,7213,509
2022-08-01,668,1079739,5591,2022,8,38950132,15155836,6313000,591868.3,15195.54029,0.377431896,110.622,9.2185,111.834,9.3195,20865100,65.4,76.2,1035.689,3320448.672,131500,152.6,143.1,1153.741,389.91,3.318,3.64,3.34,3.11,-0.53,4.19,4.39,6.39,11248,-1963.666667,106930,689,7584,320
2022-09-01,669,1086505,5008,2022,9,38950132,15155836,6313000,591868.3,15195.54029,0.377431896,110.622,9.2185,111.834,9.3195,20862700,65.3,75.6,1035.689,3320448.672,131500,152.7,143.6,1156.494,391.324,3.652,3.75,3.24,3.08,-0.67,4.92,4.7,6.7,11248,-1963.666667,106930,499,7647,436
2022-10-01,670,1090074,4940,2022,10,39284491,15305369,6313000,592680.3,15086.87741,0.137192683,110.622,9.2185,111.834,9.3195,20955300,65.5,75.9,1035.689,3320448.672,131500,153.8,144.1,1159.247,392.738,4.172,3.87,3.41,3.28,-0.59,5.43,4.93,6.93,7389,-1304,80304,496,7876,267
2022-11-01,671,1079122,4534,2022,11,39284491,15305369,6313000,592680.3,15086.87741,0.137192683,110.622,9.2185,111.834,9.3195,20982500,65.5,75.8,1035.689,3320448.672,131500,154,144.2,1162,394.151,4.133,3.89,3.18,2.96,-0.93,5.56,5.07,7.07,7389,-1304,80304,686,8003,556
2022-12-01,672,1051216,3117,2022,12,39284491,15305369,6313000,592680.3,15086.87741,0.137192683,110.622,9.2185,111.834,9.3195,21049600,65.6,75.7,1035.689,3320448.672,131500,153.1,144,1164.753,395.565,4.303,4.02,3.37,3.29,-0.73,6.03,5.14,7.14,7389,-1304,80304,565,8187,381
2023-01-01,673,1037027,3082,2023,1,39501329,15407970,6372000,599156.5,15168.00865,1.092697024,109.583,9.131916667,112.314,9.3595,21193400,65.8,75,1013.068,3599213.072,131900,153.9,144.3,1167.507,396.979,4.458,3.56,2.88,2.79,-0.77,6.31,5.11,7.11,15650.66667,-3258.666667,44572,390,7819,757
2023-02-01,674,1096157,4754,2023,2,39501329,15407970,6372000,599156.5,15168.00865,1.092697024,109.583,9.131916667,112.314,9.3595,21240600,65.8,75.3,1013.068,3599213.072,131900,154.5,145,1170.26,398.392,4.564,4.2,3.54,3.37,-0.83,6.35,4.98,6.98,15650.66667,-3258.666667,44572,468,7823,462
2023-03-01,675,1107052,6867,2023,3,39501329,15407970,6372000,599156.5,15168.00865,1.092697024,109.583,9.131916667,112.314,9.3595,21284200,65.8,75.4,1013.068,3599213.072,131900,155.3,145.9,1173.013,399.806,4.407,3.75,3.05,2.93,-0.82,6.59,4.975,6.975,15650.66667,-3258.666667,44572,402,7559,666
2023-04-01,676,1152519,7487,2023,4,39727297,15495050,6372000,599386,15087.51023,0.038303849,109.583,9.131916667,112.314,9.3595,21337700,65.8,75.5,1013.068,3599213.072,131900,156.4,146.6,1178.274,400.636,4.45,3.62,2.98,2.85,-0.77,6.65,4.98,6.98,14358,-3383.666667,92882,316,7388,490
2023-05-01,677,1195274,8959,2023,5,39727297,15495050,6372000,599386,15087.51023,0.038303849,109.583,9.131916667,112.314,9.3595,21358500,65.7,76.8,1013.068,3599213.072,131900,157,147.2,1183.536,401.465,4.563,4.22,3.44,3.18,-1.04,6.81,4.905,6.905,14358,-3383.666667,92882,325,7165,549
2023-06-01,678,1181002,7429,2023,6,39727297,15495050,6372000,599386,15087.51023,0.038303849,109.583,9.131916667,112.314,9.3595,21486300,65.9,77.3,1013.068,3599213.072,131900,157.2,147.2,1188.798,402.295,4.932,4.52,3.61,3.22,-1.3,7.33,4.965,6.965,14358,-3383.666667,92882,370,6991,542
2023-07-01,679,1116978,5219,2023,7,40049088,15632481,6372000,599885.3,14978.75058,0.083301912,109.583,9.131916667,112.314,9.3595,21527400,65.8,76.8,1013.068,3599213.072,131900,158.1,148,1194.059,403.124,5.034,4.65,3.85,3.45,-1.2,7.7,5.16,7.16,9580.666667,-3130.333333,155211,472,6931,534
2023-08-01,680,1082881,5251,2023,8,40049088,15632481,6372000,599885.3,14978.75058,0.083301912,109.583,9.131916667,112.314,9.3595,21589500,65.8,76.4,1013.068,3599213.072,131900,158.7,148.3,1199.32,403.954,5.157,4.65,3.9,3.57,-1.08,7.56,5.325,7.325,9580.666667,-3130.333333,155211,390,6758,562
2023-09-01,681,1118200,4605,2023,9,40049088,15632481,6372000,599885.3,14978.75058,0.083301912,109.583,9.131916667,112.314,9.3595,21657200,65.8,75.8,1013.068,3599213.072,131900,158.5,148.2,1204.582,404.784,5.145,4.96,4.33,4.09,-0.87,7.29,5.52,7.52,9580.666667,-3130.333333,155211,406,6708,457
2023-10-01,682,1123390,4611,2023,10,40467722,15823956,6372000,600215.5,14831.95669,0.055043856,109.583,9.131916667,112.314,9.3595,21734600,65.9,75.7,1013.068,3599213.072,131900,158.6,149,1209.844,405.613,5.161,4.73,4.23,4.11,-0.62,7.06,5.66,7.66,10942.66667,-1842.666667,87753,434,6555,586
2023-11-01,683,1077891,4194,2023,11,40467722,15823956,6372000,600215.5,14831.95669,0.055043856,109.583,9.131916667,112.314,9.3595,21763600,65.8,75.5,1013.068,3599213.072,131900,158.8,149.3,1215.105,406.443,5.042,4.17,3.6,3.51,-0.66,6.88,5.82,7.82,10942.66667,-1842.666667,87753,419,6454,502
2023-12-01,684,1084757,3419,2023,12,40467722,15823956,6372000,600215.5,14831.95669,0.055043856,109.583,9.131916667,112.314,9.3595,21797400,65.7,75.2,1013.068,3599213.072,131900,158.3,148.9,1220.366,407.272,5.037,3.91,3.18,3.06,-0.85,6.83,5.74,7.74,10942.66667,-1842.666667,87753,329,6347,434
,,,,,,,,,,,,,,,,,,,,,,,,,,,,,,,,,,,,,,,
,,,,,,,,,,,,,,,,,,,,,,,,,,,,,,,,,,,,,,,
,,,,,,,,,,,,,,,,,,,,,,,,,,,,,,,,,,,,,,,
,,,,,,,,,,,,,,,,,,,,,,,,,,,,,,,,,,,,,,,
,,,,,,,,,,,,,,,,,,,,,,,,,,,,,,,,,,,,,,,
,,,,,,,,,,,,,,,,,,,,,,,,,,,,,,,,,,,,,,,
,,,,,,,,,,,,,,,,,,,,,,,,,,,,,,,,,,,,,,,
,,,,,,,,,,,,,,,,,,,,,,,,,,,,,,,,,,,,,,,
,,,,,,,,,,,,,,,,,,,,,,,,,,,,,,,,,,,,,,,
,,,,,,,,,,,,,,,,,,,,,,,,,,,,,,,,,,,,,,,
,,,,,,,,,,,,,,,,,,,,,,,,,,,,,,,,,,,,,,,
,,,,,,,,,,,,,,,,,,,,,,,,,,,,,,,,,,,,,,,
,,,,,,,,,,,,,,,,,,,,,,,,,,,,,,,,,,,,,,,
,,,,,,,,,,,,,,,,,,,,,,,,,,,,,,,,,,,,,,,
,,,,,,,,,,,,,,,,,,,,,,,,,,,,,,,,,,,,,,,
,,,,,,,,,,,,,,,,,,,,,,,,,,,,,,,,,,,,,,,
,,,,,,,,,,,,,,,,,,,,,,,,,,,,,,,,,,,,,,,
,,,,,,,,,,,,,,,,,,,,,,,,,,,,,,,,,,,,,,,
,,,,,,,,,,,,,,,,,,,,,,,,,,,,,,,,,,,,,,,
,,,,,,,,,,,,,,,,,,,,,,,,,,,,,,,,,,,,,,,
