,GDP_Growth_YoY,National_Pop_Growth_YoY,Provincial_Pop_Growth_YoY,Municipal_Pop_Growth_YoY,Inflation_Rate_YoY,variable_mortgage_rate,5_year_fixed_mortgage_rate,5_year_fixed_mortgage_qualifying_rate,3_month_t_bill,2y_bond,5y_bond,10y_bond,yield_curve_slope,labour_force_participation_rate,total_employment_rate,Income_Growth_YoY,national_debt_to_gdp,housing_starts_per_cap,under_construction_per_cap,completions_per_cap,Migration_Rate,NPR_Rate,Price_mean,Price_median,Price_5pct,Price_95pct
2025-04-01,0.014459222121662056,0.014459897748092554,0.013248122611524431,0.007036642334234419,0.022312525417205777,4.107444973494975,4.230297759305775,6.466772726469634,2.6622463074670017,2.322079616866284,2.558340280416296,3.4592295225356375,1.0672098944558779,64.06258193002475,71.50398257777857,0.021319525700084694,0.32161239047550166,-0.00015182790392663463,0.000739585564843192,9.723628465927177e-05,0.002134785312441467,-0.0015508297286497147,inf,inf,inf,inf
2025-05-01,0.016265046697504264,0.013676290998771573,0.012684854861435509,0.006366072822235865,0.016441503600519505,4.2009568233246455,4.01934120345052,6.019327645862135,1.6477556255495058,1.9078481163446126,2.3014332765358847,2.6032106627981944,0.06889897373889853,66.68031280321615,71.2562127787381,0.017842554145205056,0.31748907101302454,1.241754905578803e-06,0.0009299617642543671,1.5075456591450176e-05,0.0023683292008479183,-0.0014676380639390414,inf,inf,inf,inf
2025-06-01,0.014030692135435754,0.013099726264673695,0.012278583531085997,0.005742740691256157,0.023541772606465217,3.6312412313547253,3.302133234223309,5.8911875584473155,2.03117202836543,1.9033663125579219,2.4828261516138626,3.2148604250565365,0.6803566537957393,64.11921978513708,73.9409087332514,0.008429113002885699,0.3266952888578489,-0.0001962924244006509,0.0009726471308995631,5.7414843903338516e-05,0.002459780267198264,-0.001836845655357549,inf,inf,inf,inf
2025-07-01,0.014266434369803495,0.012674563071437718,0.012013052017470474,0.005167008379705549,0.02091174051701998,3.5044236190964893,4.491806466203947,5.760110328053276,1.8505424986480452,1.77326845908401,1.8742783060618604,2.160560256326773,1.01535666471196,67.29782017519155,74.0190868366871,0.018698252563502153,0.3183470059774253,8.478568714914982e-05,0.0008739085128215138,0.0001134070682040919,0.002604384620568714,-0.0024003436897744646,inf,inf,inf,inf
2025-08-01,0.013744743185201731,0.012921360175293732,0.012654936911179776,0.0046320383729040815,0.025504984927358913,3.6001380612791403,3.6705921036453346,5.6837539658794425,1.5809836954584995,2.4025792830064807,2.392342360676438,2.6718413110609527,0.5673609876301468,67.98867320715385,73.87203631312634,0.019926302251997742,0.3092227551478552,-0.00011537337856059957,0.0008363414572066158,3.6366230580701495e-05,0.0018928008946553173,-0.001971726721114067,inf,inf,inf,inf
2025-09-01,0.013564219414327852,0.013256976732796672,0.013321924103003417,0.004137241969908306,0.024844751697629466,3.898103616764531,4.059564493808309,5.298116001375943,2.4092156002836647,1.8686929889799078,1.7002135803451093,2.8606299712534367,0.9196751569810472,68.21317623985007,73.44348945776386,0.02324745136690403,0.29125160619884266,-0.000160964233868837,0.0005780639079256007,0.000167404275008853,0.0019792813489111437,-0.0011388244819526164,inf,inf,inf,inf
2025-10-01,0.014505849015770365,0.01363973284579119,0.013806478014711921,0.0036609189577594464,0.025060288358194408,4.072080915214187,4.127572753726871,5.337316673099479,1.3364129286021234,1.6326610317938255,2.2231847220606937,1.7942362993615362,0.6442471163529969,61.29832187077385,70.9641515565085,0.018231713637425175,0.3152852419982965,-4.169666421281137e-05,0.0010890819937769722,8.12583210179994e-05,0.0029049256414875593,-0.0024485591857193257,inf,inf,inf,inf
2025-11-01,0.013496939240481707,0.014046848455923067,0.015026477345044755,0.0032510031098404593,0.02639016975051948,4.097418829964578,3.7576695134081692,6.182313427141664,1.1911051323100967,1.8647290964493075,2.140660429842814,2.3734603007407604,0.6141300271817837,64.52184238858075,75.0706241235696,0.019499474773909634,0.307027031230595,8.694551761675268e-05,0.0008754985738994371,0.000106230031096197,0.0019541820924706558,-0.0013131082057166897,inf,inf,inf,inf
2025-12-01,0.014011103244473229,0.014439479630177467,0.015997686391210488,0.002862026578567592,0.022981301923797735,3.3584257604911687,3.068706869011805,5.218820195441448,0.34721697770510374,1.5765892147155087,1.101778197166262,2.4051979492599336,1.1242647989140084,65.48225679084426,74.8742056755567,0.01619644508603897,0.30154295871617315,-0.00010234777744982923,0.0008242567648604526,-2.9882914516942435e-05,0.002276841776242409,-0.0021155930171837412,inf,inf,inf,inf
2026-01-01,0.014466247035437493,0.01517093464034554,0.01643269187066615,0.0024973931394219,0.028345389363791988,3.872290012501736,3.321984893583047,5.308909332144605,1.3217555894874746,1.4453600311229113,1.3161919709088008,2.2836268499165056,0.419651029145627,61.90037171720839,70.7897972260855,0.013358571126223406,0.3120459954837509,-7.385143290299882e-05,0.001120793231395101,0.00012143967613238745,0.0029012554404357523,-0.0018273871521518321,inf,inf,inf,inf
2026-02-01,0.015012767537138885,0.0159884533656124,0.017602824480420227,0.0021598941729544506,0.01811479372092696,3.7195991688703334,3.469678008301793,5.6367495690129,1.7105430736043339,0.489733127070746,1.8072301409239062,1.6439052203849602,1.0617422532845837,62.1693331085464,72.95903481197743,0.027594196617791243,0.31827632534614647,-0.00014860801915671777,0.0010495262327765659,3.822070567764743e-05,0.0029440882090741166,-0.002404950282437231,inf,inf,inf,inf
2026-03-01,0.015287981552909712,0.017253909624726102,0.01832929249729065,0.0019441812469110581,0.023585586731373773,2.865786927568165,3.3010435243116083,5.575916542558115,1.3091906335740993,1.3953964292773975,1.1925387544239907,2.8609519808566786,0.8382754660806874,64.74204047187058,75.32452066805719,0.017550194331872226,0.2969161323007602,-0.00011780056690081776,0.0010038480909174822,5.5018733871776995e-05,0.001579014817206594,-0.0014669887180811466,inf,inf,inf,inf
2026-04-01,0.016118237554836972,0.017971978901235763,0.019176408733218873,0.0015567239112298224,0.027440402997685506,3.4960849344602254,3.807627801696826,6.089039600633779,0.8825528104865084,0.5797268604901111,1.3025445305273715,2.125578938748113,0.6829597783122818,68.11417679775806,75.7098907225903,0.022929807236425067,0.2988066122337144,-0.00025764130389137644,0.0011357021110875991,5.341960203710145e-05,0.0025426389299946063,-0.0006808560101734316,inf,inf,inf,inf
2026-05-01,0.01613160002512582,0.018370450747563053,0.01965709600618306,0.0012939693122536564,0.029906651369345793,3.323107536025172,3.6756811790920745,5.717792036933165,2.1338966469394354,1.965235718914196,1.5544698334134692,1.8879688462156514,0.3863938505114149,65.32430841289221,70.3207383000198,0.015052939935828487,0.29242399260620344,-0.00018574552164052252,0.000671726828577061,5.594185716003103e-05,0.0017943453282316549,-0.000945903094782962,inf,inf,inf,inf
2026-06-01,0.017056877379018454,0.01871718698966076,0.020104772525328385,0.0009760062751694846,0.024406072967894536,2.9499031516503615,3.9112587507904317,5.556397100098697,1.459816028566019,1.2966237734381085,1.3291196665315397,2.515464973366044,0.7872603549278642,64.14677190373743,70.0683468502297,0.00618358794701772,0.3158327587788072,5.252996550058887e-05,0.0009016615489529078,0.00015431101800171543,0.00207758044269113,-0.0015063287264022352,inf,inf,inf,inf
2026-07-01,0.016717532432214924,0.018769519834280213,0.019931107830186832,0.0008129709409991598,0.014096125320495121,2.6847819508941715,3.4204778179161837,5.4400586641931,1.9284555428790449,1.4460716704935737,1.218880935813638,2.355621392950077,1.4785637507131186,64.86204810907019,71.23730889971164,0.020268235594175992,0.3011277122592576,-0.00021777112375156977,0.0007805585750112318,0.00010175237101888301,0.0018779530482855185,-0.001608447166542375,inf,inf,inf,inf
2026-08-01,0.013448678317100164,0.018839997254506288,0.020195577492189344,0.0005973086710845828,0.025536654560753408,3.5686610785403974,3.721415119278057,5.626474272807292,0.6144325655768281,1.7860075161107747,2.174068663597501,2.8678437690918344,0.591987684003039,65.59004617491975,69.71036305872653,0.016871337109661263,0.3046872541153008,-0.00016817499019611937,0.0009094012411128998,5.781414833091219e-05,0.0016621637117588098,-0.001513117109050037,inf,inf,inf,inf
2026-09-01,0.01608419168126776,0.018941683322233803,0.02017354552516701,0.00039870336053195534,0.021943136413364,3.7029724363198397,3.2512289223735875,4.998042789602715,1.5757760107908187,1.4547068046958098,2.0190724469215535,2.228560645619951,1.0388313767839934,66.47842640265766,78.8775075628619,0.0024262420448437298,0.2945077540325407,-0.00028605117432627656,0.000732013162016979,0.00018477529240829986,0.0021174609602511913,-0.002071773321173054,inf,inf,inf,inf
2026-10-01,0.01695616464441087,0.01878277512259402,0.020301912456689712,0.00021437107266962792,0.026449136855129014,3.469250919778555,3.916543637522842,5.88741496649632,0.30111057505789685,0.8268097117099428,1.719078315894775,2.2493542594063145,1.1426924320557064,64.04996981038832,69.5444341097139,0.023824740033116947,0.309204013972821,-0.00023526279105046203,0.0009558876588165392,9.120000732734402e-05,0.0015937969777565198,-0.0016562741433058326,inf,inf,inf,inf
2026-11-01,0.015037071164251691,0.018854830572216902,0.020333212098054058,4.466275387325972e-05,0.03015720791423368,3.9678170013330845,3.7275476298041705,5.142141165850074,1.4990633600572554,1.2826306477802163,1.8968872794740141,1.9416678783664172,0.8321222588176143,64.4145997054678,72.29558599242215,0.028270088596361376,0.3095298992719958,-6.226580928411234e-05,0.0009226368338491727,0.00014917349553131645,0.002302594045814833,-0.0014399974462313999,inf,inf,inf,inf
2026-12-01,0.01610663380604418,0.018902142428171984,0.020314222673757997,-0.00010941530702572678,0.02252688967507538,3.928656820386012,4.1035369585636,5.471395345002401,0.6755568950692812,0.5083331337515129,1.9811005169996856,2.684532466111372,0.9018960086426346,61.49886137418171,74.7646146574705,0.011199313894421546,0.3105031813371481,-0.00028587194224117217,0.001251768018878275,6.99967017373634e-05,0.0026091422888819323,-0.002333061575928054,inf,inf,inf,inf
2027-01-01,0.015093108329435004,0.018979353104792783,0.02056365942461371,-0.0002550282699141321,0.028221507660662105,3.5433052835030785,3.2669130171219676,5.536253464317985,3.0925829567465817,1.3527915130230852,0.8527853357620152,2.0282741427201256,0.8312298584774438,63.92826247878159,71.90652939518812,0.02513127195290566,0.30094779416242184,-0.00012903614017006806,0.0010588396604489553,0.00010926967236625551,0.0015603027870273024,-0.0013094104301211832,inf,inf,inf,inf
2027-02-01,0.01678401986211197,0.018855810946782944,0.02051127806097298,-0.0003912704338066663,0.026861373501716312,3.373645222356762,3.7371743805996456,5.849274730407162,1.2015413943220992,0.7756195520665679,1.2424413481726473,2.0227014366378913,1.145629770530211,67.30362455744684,72.96858422469052,0.010847004025472498,0.3072703673923722,-0.00035761361012371485,0.0008598987862127423,0.00014885840264081005,0.0016670835403352943,-0.0012682245633669478,inf,inf,inf,inf
2027-03-01,0.016559952853304086,0.018856241135168123,0.020881347243150244,-0.000516652927178638,0.03420525983122541,3.865851220475573,3.6284108736923,4.629333824276473,0.4618439041427672,1.5042481455953232,1.604677179439023,1.7327692523291691,1.106660118547134,68.9073385648781,72.46149703822168,0.022653055071158387,0.2880525277666833,-0.0004718516287635395,0.0006974222793068822,0.000181937307607089,0.0016409617249608423,-0.001004124042815811,inf,inf,inf,inf
2027-04-01,0.019421497909109537,0.018989964957813528,0.02033997510962523,-0.0006300467016800041,0.025525050067892813,3.333134446223977,3.4029635363343793,5.062355660460054,1.971783355567264,1.4595799189710696,1.5177244869017783,2.3393219970229526,0.957940306801482,65.76243829034262,74.27188306530276,0.019886354437158832,0.2898709532205436,-0.0004157104770877578,0.0009465760508979112,0.0001101896127007821,0.0015019050166962264,-0.00073383740138365,inf,inf,inf,inf
2027-05-01,0.01781300683568423,0.018919003020556286,0.02016839949758114,-0.000739349954083933,0.01860476615794738,2.703558068070034,3.5349305482425444,6.084832489896999,1.2470056271696937,0.31984157320032436,1.2217184343955803,2.066554092965805,0.6360009082208231,62.59574706854261,74.51274391295485,0.026984475772884774,0.29661768556147194,-0.00035942624533910665,0.0012407353327310217,2.5607399397005507e-05,0.0014042177609281839,-0.001698794091200449,inf,inf,inf,inf
2027-06-01,0.018993626805575904,0.01882618274216545,0.020266573943012504,-0.0008396954261060339,0.02480890799463726,3.5935302059089085,3.474789895691783,5.758054122334541,1.5874478107365042,1.4235729895342144,2.222718513027462,2.0731985774717536,1.1251848024756854,67.35491061502437,74.50933935577895,0.025678638945614743,0.3060017566504155,-0.0005832164176964224,0.001005309244167155,0.00014077442480747872,0.0021699367263645947,-0.0015636340822288246,inf,inf,inf,inf
2027-07-01,0.020961055669241373,0.018979482666235097,0.020335901725218923,-0.0009286805016970299,0.026235251992824487,4.028978435879863,3.7819756265658353,4.978955636734038,1.6209531290849153,0.8089023466870124,0.8333042349780378,2.2130908241377587,1.283027277847363,64.21182991421328,74.0643446549121,0.019184707808115094,0.30335538275902396,-0.00035592621938896056,0.0007654006541112438,0.00010349453309496483,0.0024689446917443895,-0.0012007180045060625,inf,inf,inf,inf
2027-08-01,0.01824802233363773,0.018860858407775363,0.020320239709770413,-0.0010144746967558627,0.03054235767550534,2.9001383500686524,3.3883240405412125,5.21763189565864,1.1458948856465982,0.47380797192332325,1.7496273564105045,2.2444881728323365,0.9001381007294241,64.03085495936084,73.79804027451043,0.022238757284336778,0.28676297563317565,-0.00045773110481596674,0.0011608006562981747,5.8248829253787994e-05,0.0014860172039633166,-0.0013015878276932031,inf,inf,inf,inf
2027-09-01,0.01774174469436984,0.018978020387492193,0.02020048848073182,-0.0010933968799834923,0.023076544495548763,3.858272307670902,3.9597940072445517,5.857052638144684,0.6971883678821178,0.7669220837112606,0.9428331940091074,2.221081576394877,0.8880743235975772,67.66970567622091,73.20561360689106,0.024742177834254517,0.311841049859523,-0.0006208054458086588,0.0009470026910780746,8.675758412158945e-05,0.001460197880221224,-0.0009541417570952883,inf,inf,inf,inf
2027-10-01,0.020705905191042148,0.0189349791859039,0.041547759958889374,-0.0011677856970292051,0.027499332190966338,1.7933634580930504,2.9492209802972846,4.444551550040386,-2.265736054977073,-1.9453492316151306,-1.8322804535170707,-0.2876810924676584,1.9903015101121577,65.5446115034542,71.74759542033487,0.03952169118469205,0.29307095904232466,-0.0006440445461847626,0.0020216372418392654,0.0002738423289704936,0.000586402522024929,3.993769997375884e-05,inf,inf,inf,inf
2027-11-01,0.01831088153157149,0.018941939494714746,0.020120611205144308,-0.0012337303222873237,0.03930433587075974,3.731429583651721,3.286445624478614,5.545920121421474,1.1843318819454516,0.632609278785438,1.6182276946739718,2.386445967731939,0.8479405059194532,62.615709650966494,73.5260766471929,0.027514615047569954,0.27801104758133144,-0.0003565312369573365,0.001217499410488344,0.00013879935535740642,0.001965725250932349,-0.001689699332313366,inf,inf,inf,inf
2027-12-01,0.01845518340574563,0.019026676663286363,0.02048641640804981,-0.0012967842050328076,0.0247730287100412,3.5959113094779713,3.7061039697876352,5.136039710646824,1.339085763037199,0.7154544283307869,2.179364747498054,2.5714488753297995,0.5693156668912345,64.03620908680212,72.67364388481546,0.016526763942669456,0.28984551747666315,-0.0006319546609157233,0.0014335508539273217,1.1993774414332037e-05,0.001449700739059298,-0.0018875063081116577,inf,inf,inf,inf
2028-01-01,0.018659829655658572,0.018896783034813187,0.020283020512810224,-0.0013564899251703323,0.026333329484748588,3.81356954299547,3.256567754633249,5.000530754954391,2.1926316958911194,1.1664652090739713,0.6876126630270394,1.8150232348664215,1.1419875167327342,61.85213656315413,74.34082889729771,0.0071112126668601665,0.2837409458687306,-0.0005100529962573925,0.0010341607970206833,0.00012737636209921946,0.0014393171640483047,-0.002202207737304727,inf,inf,inf,inf
2028-02-01,0.018682732345579985,0.018892547296807505,0.02078861121773474,-0.0014111829343540672,0.024648054788812563,3.0775996110365056,3.8800342142580546,4.744161485042695,0.8666721045236154,0.3995206573430615,1.6107191317134806,2.6187283154621412,0.9031149815626734,62.13008434950565,72.46883227772499,0.020038806479459097,0.3008532614410481,-0.000540405239716649,0.0012294510659278354,7.671680265999658e-05,0.0018878445963903929,-0.0004597652512245863,inf,inf,inf,inf
2028-03-01,0.018229309497904078,0.01897987717837324,0.020347419846636676,-0.0014611654078176867,0.024908731630905234,4.011551926545181,3.163425934133421,5.379234951678829,1.4228467333598807,1.0725279198138116,1.532135995146004,1.9622788343855797,0.6854564408166983,66.76640517623298,70.58065995333506,0.027224723718309377,0.29421990887760496,-0.0005484058890161368,0.0009389299512778569,6.672432282434055e-05,0.0020448385697110997,-0.001208658433528971,inf,inf,inf,inf
2028-04-01,0.01811941481387471,0.018948046939480843,0.020416344892999663,-0.001474087283156142,0.02681143272944343,2.6505205164017283,3.52486172339013,5.092615210397527,1.4162350829862174,1.737352763507778,1.8031693923352974,1.9976636313543796,0.8583040120138726,69.18252063074846,74.4046094759779,0.016684299503921644,0.3051246940614477,-0.0007147315804140595,0.0009522602700679594,0.00015948718603292698,0.001149763494812366,-0.0016745668016364455,inf,inf,inf,inf
2028-05-01,0.017363807282703585,0.019162887013708937,0.019943678618748687,-0.0015501725701187173,0.030628424469720826,2.6320965937262217,3.211876327583727,6.351597906611477,1.7008022408796022,0.9508418797571052,1.8617423999500282,2.1029528976411314,1.0161311616368576,68.28743535198637,70.59374630485298,0.02507660906382119,0.29909074789895357,-0.0008223618410286184,0.0006845655176816505,8.035774740079275e-05,0.0016415694288769858,-0.0008396916228916474,inf,inf,inf,inf
2028-06-01,0.017403645767818277,0.01873438546856287,0.0203381029272734,-0.0015885896349652772,0.030180133015473447,3.571133949223219,3.359120021826761,5.615109976903219,0.6289051846051851,0.8138706219667913,0.9693434996658059,2.0562797879320427,0.91557016871972,61.9730747991534,72.64916950100333,0.027960610552091227,0.2886698437958,-0.0009224606623705185,0.0012432447138413533,2.9381955020743384e-05,0.0015406043881979676,-0.001308235789024366,inf,inf,inf,inf
2028-07-01,0.018036304193315433,0.01894438833911339,0.020338594672491755,-0.001621692952000421,0.035572415444889746,3.35422810573806,3.2452421598482766,5.0556320163988415,1.449195153561195,1.268580383219427,2.0094884253178926,2.1220471958183493,1.0215978036774476,64.18123746116065,74.24665353996426,0.01956358904622328,0.2908447631869223,-0.000848491061216411,0.0007559888349961599,3.284563983272046e-05,0.002187914839252559,-0.0020521689184046965,inf,inf,inf,inf
2028-08-01,0.017854355942825133,0.018878611771443725,0.020350845904294392,-0.0012669253937521493,0.026996553587479554,3.4797945146908833,3.929861085709848,5.4775523039765615,0.8769274611997016,1.3256707346306345,1.517505195683636,1.7444876212068567,0.790372806080071,66.46769695786081,74.96041396185203,0.01713818970324621,0.2920088640172269,-0.0010335253482431732,0.0007971232837917086,0.00013902921704237503,0.0022972868841402696,-0.0008559443040524834,inf,inf,inf,inf
2028-09-01,0.01784775994423689,0.01890220900273791,0.02015554563189942,-0.0016906555994219274,0.022017577415149037,2.6456647688390085,3.5978029877625786,5.517323651309556,0.9433910850857967,1.0576178798693743,1.5334293213493981,2.1748926476954993,1.058182253634299,66.90157123903974,74.17549021100646,0.027013777384015537,0.30472958058222,-0.0009544352982021718,0.0009059135800600744,7.257156891959685e-05,0.0016444046363150314,-0.0012912460178019934,inf,inf,inf,inf
2028-10-01,0.016551441510792526,0.018753397980847665,0.020457947854613193,-0.0017198628660139376,0.021250280431308877,3.4901566040859966,3.2003612807632082,5.3520498351988355,1.3019435757051325,1.7340594817638857,1.3852159036134293,2.5519991699691165,1.1583978852489076,66.34027688962027,74.9206957206899,0.018631121899475012,0.281191842099908,-0.0009438575363032355,0.0009318886872427398,0.0001705710174997823,0.0016875932855459639,-0.0009862401250529853,inf,inf,inf,inf
2028-11-01,0.017781958047386425,0.01887573707238658,0.02022811612518525,-0.0017460765130250474,0.025995278155699957,3.439503438280487,3.9354574565498495,5.412224058733474,0.7806357028790462,0.9841678707635035,1.2009303630187036,2.1762479233968524,1.143915322488247,66.05116619868691,79.90110502552889,0.01106559669611995,0.28413099860308755,-0.0010141929560277,0.0012389834275395367,9.997031855583059e-05,0.0019391629934930963,-0.0013579482084874017,inf,inf,inf,inf
2028-12-01,0.01620056728105621,0.018908195334777417,0.020518978057660363,-0.0016742634144298928,0.02909745663332747,3.7233775210192355,3.785367671485953,5.8146077429488585,1.7532852424874918,0.908527212011642,1.7728483277475737,1.7092682294659554,1.0495896781585263,63.72603909473357,73.2255499307725,0.010763300468766529,0.3184790237839139,-0.0010080481693886638,0.0010712392428028658,0.0001362463325440871,0.0024263814456179735,-0.0022671974016608954,inf,inf,inf,inf
2029-01-01,0.01750900207806195,0.019006511381288442,0.020220174175677987,-0.0017956359813300182,0.026882026054036452,3.2701029272722097,3.6423528017509663,5.3934201273541875,1.0334122737812235,0.8740465604068737,1.1006214525875884,2.672962486889997,1.3548735288874463,65.6490200992356,71.69658524199363,0.012759005631929849,0.281505729534623,-0.0011523480088933597,0.0009204276761533228,9.893833796175216e-05,0.0013181951587196285,-0.0014492452952202157,inf,inf,inf,inf
2029-02-01,0.016668464853665514,0.018841978852911792,0.020292096078801315,-0.001815616765249795,0.023465448559759156,3.259751135034079,3.365208216081584,6.074162001597944,1.1071094384953943,0.2306888804467433,1.336314121841147,2.2807245122970334,0.7817586761385535,64.69988200461036,73.95946813344949,0.019539127200700675,0.30561993447594865,-0.0011050124580566122,0.0010146476689724597,0.00014151335346528814,0.002087558264025243,-0.001456856377584201,inf,inf,inf,inf
2029-03-01,0.017235436024992026,0.018917984237206625,0.020303261813882912,-0.0018365863149542145,0.017729329014346457,3.711285633974113,3.0362735528144142,5.079864854447146,1.2452876421473724,0.5726592322825408,1.4525627330041364,2.0418282013852855,1.3408351045295634,64.89801317255406,76.56697195648995,0.01720734220535899,0.3062038914140387,-0.001152847606441292,0.0011793075696314302,7.055398856174662e-05,0.002199991836525514,-0.002184127631478434,inf,inf,inf,inf
2029-04-01,0.017929073684583057,0.018944388382197447,0.02050525214464565,-0.0018561385676282881,0.026492387403549932,3.540943080746751,3.033254830391257,5.428276563064284,0.47311969673150955,1.7581533741524777,0.7853675942420979,2.3794532647963873,1.192306435047404,67.3481976106159,77.60188557693921,0.021482646314203116,0.29209454584694294,-0.001346499584475688,0.0007419042479976841,0.0001476898345604528,0.0013833668584309075,-0.001534613636533175,inf,inf,inf,inf
2029-05-01,0.017447346423729155,0.018914467280985475,0.020345254343639062,-0.001887199947416582,0.02765716857818953,3.544786500958413,3.3426472915402727,5.329708991235582,0.6979820484021617,1.1092512790411617,1.3874630147650884,2.5023264818988036,1.2259908266053394,66.22252665123825,75.57052827005162,0.022536231651117598,0.30275788124895225,-0.001527723623152373,0.0008794883230238879,0.0001947113640609136,0.0022929186390979717,-0.0018719561480150847,inf,inf,inf,inf
2029-06-01,0.017221511738179325,0.016187125142232597,0.020249052294927225,-0.00188240292580344,0.024965734419006493,3.453606036491352,3.021414845248614,5.233676333747691,1.0593630057400436,-0.20418401397010388,1.45561466748395,2.2326710193866695,1.4702219397936525,65.28527710705828,73.81348057593046,0.01393004021057537,0.3013039933565297,-0.0013866234284200193,0.0011850237802401198,1.9441240842914845e-05,0.0010705473516009658,-0.0016562971041405555,inf,inf,inf,inf
2029-07-01,0.017941505208029333,0.018961099011025294,0.0202734144193766,-0.0019019060846319693,0.021944083771510976,2.6635456466521967,2.787307181050401,5.265874497265276,1.6570727220517985,1.4472346144558828,1.119441981228151,1.889249757636066,1.1214144435466187,68.03711934139986,74.44854060790904,0.02532458891253871,0.29040406072401725,-0.0015503030209915352,0.0007913263931051628,4.53529064974352e-05,0.001411196762235491,-0.0014803335245184039,inf,inf,inf,inf
2029-08-01,0.01787301877381271,0.0189863393355438,0.021099198538242013,-0.00191528969408206,0.02672840200044049,2.950938166324745,2.9484658793857763,5.002274089274106,1.6772417497352543,1.0596069435163322,1.7526985182747674,2.0938917806214206,0.9630234467399592,64.53526876900213,69.10390263525363,0.030029063865723307,0.29846747208848856,-0.0015284836728203324,0.0008368423608110266,0.00018102305493024968,0.0016465429330377,-0.0020728044433749406,inf,inf,inf,inf
2029-09-01,0.020333601771481732,0.01883675152218091,0.02062701760406198,-0.001929284637125865,0.02734998225777281,3.198802755177783,3.8331648010549415,6.058158202410084,1.1070621287819495,1.1892137431051013,1.4667966868370923,1.7577545211966004,0.9869481022195905,63.634337941622775,74.88499448066378,0.023930934846735495,0.2710196689391963,-0.0014097899549983342,0.0010001641136944844,0.00028977114024264023,0.0015005058890356522,-0.0018530874763738115,inf,inf,inf,inf
2029-10-01,0.01787435744023666,0.018916365337742047,0.019593025274961307,-0.0019399384112456324,0.030861080354497264,2.9679384402691706,3.219832959912096,5.5530372050455785,1.2915661252987498,0.802403614390826,1.2065757674166808,2.3878371334970505,0.9736832738370883,59.742996280981366,72.09880433826198,0.020326352878914183,0.2920805655606635,-0.0015467319176883057,0.0011374497957431023,0.00013566009452826403,0.0025940481027498475,-0.001488689050704212,inf,inf,inf,inf
2029-11-01,0.020650333572866764,0.018813746284156607,0.020424800797353218,-0.0019495101486760905,0.02663004430364475,3.1831677994137992,2.971786478978952,5.423387165420858,0.42565408509658664,1.3674396401779867,1.714606333085665,2.770624163400372,1.0267938581413256,64.83120837728,75.49573208385218,0.02112201142017187,0.297161244354393,-0.0016163964320437272,0.0010075506563627264,0.00013825054955142411,0.0011315999850466918,-0.0014302278224766053,inf,inf,inf,inf
2029-12-01,0.01765388044069016,0.018946491930728254,0.02035918078355562,-0.0019606038483476885,0.02409006613963379,3.4738872350559946,2.8977696698170647,5.858306468548717,1.3093233523990833,1.3387811992591965,1.2092904642617017,2.3189325098306575,0.5840930573420609,67.46984990802315,67.58267851840334,0.029074394798816575,0.286270874838158,-0.002020136780180443,0.0008025880457410442,1.4260795927577626e-05,0.0017486531750031905,-0.0007714694864813613,inf,inf,inf,inf
2030-01-01,0.01815253249839902,0.018868070067791877,0.02029140834719224,-0.0019682027471355956,0.02190617315720586,2.8776407572391243,2.9769755672607374,5.364037007017398,1.2731106687681923,1.260644214349758,1.2416547357965448,2.018440736104801,0.8788858641258899,65.39210901014553,72.17358727152578,0.0182665503226983,0.2888633792096278,-0.0018538602204528944,0.0009595312716847922,8.422033754653947e-05,0.0013299139291388985,-0.0012773839331508842,inf,inf,inf,inf
2030-02-01,0.018761984716624932,0.018541286625725205,0.020402927061019847,-0.0019942677360929493,0.02347504593541235,2.9791040068781145,3.371172086814236,5.767752945036211,1.1205073561039458,1.5372638379409507,1.2298892013685698,2.1971223965223583,0.9632316132408133,63.02167870423552,72.81910491854902,0.018387907892328872,0.2888207162776321,-0.0017809522872842295,0.0008540645005515236,0.00010535779137679892,0.001447301996491596,-0.0015914980580095466,inf,inf,inf,inf
2030-03-01,0.017158744018947587,0.018853868570038956,0.02029564328369055,-0.0019692840862759724,0.035777405932823546,3.0351776021481873,3.9034142021291522,5.388733321302878,1.348864088982551,1.2855932273262984,0.9631089355815531,1.705509542095555,1.3526813247570009,62.19554352311801,71.50877540205143,0.03097663407927401,0.29841382681259787,-0.0017830251729775383,0.000971824656004672,0.00015979232559314727,0.0027252999925401035,-0.0016695424934515541,inf,inf,inf,inf
2030-04-01,0.018493528517478125,0.019026103330062306,0.02029691945205009,-0.0019935026498837335,0.020859940584516738,3.3920102317349428,3.2096575138636907,5.653271186135086,0.5351052925216289,1.3716260853670625,1.2495248538837664,1.972672283642372,1.2295739140586857,60.81402990836448,74.36701159455549,0.007387977368215485,0.2969436992284732,-0.0018516816158206037,0.0009105229981893942,9.839708938147496e-05,0.002106749864128529,-0.001870103894373974,inf,inf,inf,inf
2030-05-01,0.017446170403057865,0.018706409223129387,0.02024178837316354,-0.002004691876979633,0.02538615069420316,2.736249556377613,3.28911476467486,5.491966116317901,1.3094563026495305,1.1935836983171597,1.0508659048071831,1.948660951466036,0.8094191170178531,61.631550889179316,73.45064073454492,0.024777668452925457,0.28329262936906635,-0.0021062137284515794,0.0008894662759066365,-1.3448663165800578e-05,0.0016896097946085278,-0.0018487270419966081,inf,inf,inf,inf
2030-06-01,0.017940990846674516,0.01884040714546829,0.020280012398090973,-0.0020076128957310676,0.025491499961862358,3.284844159219192,3.7809330181931196,5.711403985974162,0.9502928982398269,0.7799563571670766,1.7210020889011806,2.121420273232272,1.2009865308766186,66.02695223034462,70.38254242294757,0.03193656382841821,0.2989330800352371,-0.002083638117284786,0.0008695924298473706,7.06275933010614e-05,0.0017048860589899046,-0.001491600363080844,inf,inf,inf,inf
2030-07-01,0.01801745633888499,0.018868355413366837,0.020353718897176,-0.002010705472072449,0.020043677353634225,2.9727000147655893,3.253338187211534,5.449153688917052,1.3296596418308886,1.1144510333828632,0.7964875188914711,1.8781875168695552,0.999254827016931,64.7046649463641,70.48456581953523,0.014979185324431741,0.29536088347989803,-0.002214198657810649,0.000929815162800507,0.00010509398893677476,0.0011043148921832681,-0.0013343072772680513,inf,inf,inf,inf
2030-08-01,0.018489442480925038,0.017927248591644997,0.020288382204180708,-0.002016132402236718,0.032391741256368775,3.5953401948521297,3.0805027135128413,5.264756525920483,1.133606931515715,0.15824770728620263,1.1911328034649158,1.8749412644240042,0.5753281248222055,65.79964642989407,71.78915975671877,0.023216716219164674,0.2792579169630877,-0.0023625179065049962,0.0013338972434400102,7.52928302068427e-05,0.0011812175657982594,-0.0014857619604257523,inf,inf,inf,inf
2030-09-01,0.01783791623154913,0.01888182918333481,0.020198903811522485,-0.002022989813537381,0.027993895705521417,3.5631452022700336,3.19613674956826,4.913072415748022,1.8593096972808958,1.8467409162927653,1.385837783405873,2.3249244979395014,0.967037200363751,59.48347650664697,70.76023186501071,0.021320643505146633,0.2975807546596142,-0.0022023119219180794,0.0011169429117315545,7.529247466297351e-05,0.0030706750799489573,-0.0028393613231768766,inf,inf,inf,inf
2030-10-01,0.017913000503746678,0.01894475470985893,0.020235853212170127,-0.002031969081112315,0.02524266769772756,3.104812462186008,3.07206781538338,5.556931323591828,2.0090086997527674,0.937457787309602,0.9089920443921705,2.2375565668817745,0.7650949295120134,68.14184964480154,75.4116948028359,0.02439430189729036,0.2987791713189452,-0.002292060381081083,0.0009812933270781853,8.002429441203096e-05,0.0009499814648412578,-0.001372908922887852,inf,inf,inf,inf
2030-11-01,0.01894553040945282,0.019224054402591048,0.020266739985410964,-0.002032202303667168,0.028082195472761657,3.386224036980348,3.6742345550005027,5.3680920289065766,1.4226038247558221,0.44780052171455986,0.9800631646439686,2.14821803128782,0.702298906988893,63.22005442374931,75.4849695770671,0.008232819413647788,0.288405287629514,-0.002508964227834286,0.0012028412973916311,9.065847864290015e-05,0.0017146792141330123,-0.0017167730835083168,inf,inf,inf,inf
2030-12-01,0.01759425400869831,0.018856537921475625,0.020335985720528527,-0.0020353658632419787,0.024306555571951376,3.545540673148576,3.9054749472151036,5.467535402724119,1.0795783851187768,0.6672888768608445,1.0586915335614926,2.5862174962544557,1.2207256440353582,64.97214148095274,72.36924394040462,0.023635270980850616,0.2963120196332167,-0.002631888696165761,0.0010248214987844107,6.616455785308462e-05,0.0017687085771093379,-0.0014380296587657353,inf,inf,inf,inf
2031-01-01,0.018985058599218802,0.0188352120240492,0.020432715781394745,-0.0020414023494532895,0.026197640342957386,3.542479121353712,3.5919436260101567,5.391454858749524,1.1484249137044842,1.5423519691730156,1.7576780248065715,2.4265435323797604,1.0747831393162377,65.96042026493735,71.90685486407243,0.01444328996809854,0.29784095800677013,-0.002649875762309193,0.0011582417224154005,0.0001466177347143263,0.0016377567083020479,-0.0015342806395555527,inf,inf,inf,inf
2031-02-01,0.017231983753318334,0.019421269470165644,0.020263360382082707,-0.002047283702058802,0.028154299104297793,3.4307651469200637,3.754081037633936,5.034261457044348,1.589536077573589,1.551920458422167,1.8384645071386454,2.123645013933352,0.9755857726991672,63.39513163645201,73.35721363685578,0.012266062797368516,0.2897019214327225,-0.0028451311956369375,0.0010843425606995938,8.431453943475513e-05,0.0017639194246441853,-0.0019313364731258253,inf,inf,inf,inf
2031-03-01,0.017749543038765463,0.01910186069309007,0.02025367662667416,-0.0020462554143885745,0.022404753674975245,2.961081956907791,3.986205429028752,5.312106172181976,0.8116102360671206,1.2965600191577633,1.5352352850231001,2.162139145295447,0.6769972101718023,68.22482948546487,75.9548747867593,0.016030496503189245,0.3013365793868219,-0.0029618467178347658,0.0007578243574265655,0.0001351435134787227,0.0018064524846819504,-0.001666179336161513,inf,inf,inf,inf
2031-04-01,0.0183755257120018,0.01904489654588787,0.020480438384346447,-0.0020503579782495678,0.021487241583100773,3.171563798788019,3.088633817763626,5.139346808176674,0.6775685059801655,0.8083287772507659,0.16882547525127833,1.8233604242413555,0.8258016004406429,66.6755774711991,70.3799726027414,0.028784900208964265,0.2975849549153044,-0.0031684909009983163,0.0008020964330342723,0.00018077753182308727,0.0021789317107752514,-0.001026188068000046,inf,inf,inf,inf
2031-05-01,0.014427314875903412,0.019013293393392118,0.02022090976624352,-0.0020504765598347158,0.03003733939617865,2.750170022085322,3.1195960282258115,5.588734154027394,0.38424916985589264,0.8117724678156075,1.4861185308508726,2.0720492068547247,0.993934105466511,67.3753017068595,72.89944420559263,0.026349221770031704,0.29929646259085335,-0.0030359684942417088,0.0009054348206653435,9.832967219563588e-05,0.0019106042829573195,-0.002016923616075657,inf,inf,inf,inf
2031-06-01,0.018106512522984168,0.018957071112562493,0.020570400059142784,-0.003934267101791874,0.02984622212019666,3.2214101936341892,2.945139411477726,5.510598294724974,0.5675551727938528,0.33096196480851237,1.319029612578278,1.567282208710623,1.3263436052776205,65.07780941286858,71.75491084292827,0.026520081502822482,0.28943277352152,-0.0031646513673401428,0.0007127604969731602,5.883465450523969e-05,0.0018556565988308393,-0.0011906185684223065,inf,inf,inf,inf
2031-07-01,0.018054382299634457,0.019026103330062397,0.020255079419428848,-0.0020578721065911336,0.03401600095994761,3.3774255073805377,3.3668102716546904,5.698461477328308,1.584158146473867,0.946917654236295,1.2015570886890057,2.299814639757746,0.7490134425707234,66.35108499182702,68.39229586588927,0.017316020265582578,0.27296806671591445,-0.0034434128812373148,0.0007785651750216484,7.774332177831728e-05,0.0015701426440641415,-0.001376909307319792,inf,inf,inf,inf
2031-08-01,0.01811677821858238,0.018913052759214566,0.020235028831774648,-0.0020632911164988627,0.02449687593921962,3.785746233682478,4.184473705303012,4.667961127285098,0.504453468864322,2.023211289155226,1.2031860285117055,2.580034801562542,0.7000665211823165,69.21228735185176,73.01678038124513,0.010358151376986391,0.300970192834975,-0.0036066604374098547,0.0006888351850713047,0.00013866070466977447,0.001673366290151081,-0.0015700583261228187,inf,inf,inf,inf
2031-09-01,0.01581841574615117,0.018895595610979882,0.019584723343986678,-0.0020609681577129775,0.024062132623642297,3.186615585850264,3.621905773395166,5.7224105538351955,0.6700587815034903,1.1586879827659198,1.80633305484986,2.640141345464604,0.8308208849757249,64.57904076681416,71.43534188518092,0.02602764448903147,0.29539938340759697,-0.003581191595957622,0.0008490587899039833,0.00020747296897840787,0.0017466978680191689,-0.0008408414041953352,inf,inf,inf,inf
2031-10-01,0.01834817297312052,0.018853277920774077,0.020148104708572936,-0.002059889071875565,0.021502114113616244,2.8960284128191267,3.3386562532376174,5.008937045644926,0.9192490592113555,0.6244884121393619,1.0241956785926716,2.048612922769011,0.90243797884243,64.50184241798968,72.29258388629295,0.024680195993102744,0.30376017344585854,-0.0036391192868522795,0.0008871856615626738,8.005337265045532e-05,0.0016746270516767693,-0.002151531901782313,inf,inf,inf,inf
2031-11-01,0.017737553467069213,0.018836889809706506,0.020346957398658907,-0.0020640533243985585,0.027304490092965882,3.681378168832948,3.324304001486678,4.905214346973509,0.7579353236382091,1.8562021703135125,1.5426771898014326,2.6956815113968227,1.101584607634613,64.52526303530706,74.25633860027732,0.018603206514565287,0.2795895668836905,-0.0037305921171007527,0.0008922880569296735,6.819597416728425e-05,0.0014294706277500483,-0.0007180282340780724,inf,inf,inf,inf
2031-12-01,0.01670436894043976,0.01893360765091702,0.020125512395283814,-0.0020665735637867815,0.025448219023425,2.589980388935549,3.9463716391950148,5.414895381741592,0.9965697029276283,0.33885461988615273,1.5064173703963695,1.9960231671195512,0.5576989956622562,70.08206196276171,71.10997993642867,0.009491626049336703,0.30252024462926574,-0.004221252878013703,0.0008072128232356523,0.00015614772290289012,0.0014658065493166805,-0.0016268366531909093,inf,inf,inf,inf
2032-01-01,0.017901006472680274,0.018859447512074565,0.020394804960971756,-0.0020657666165094612,0.027144883733446642,3.5804320223430968,3.1311994786387167,4.962462934247199,1.9773381818101605,1.3597139527907176,1.0350365058366027,2.0506146647499204,0.9488100937473197,65.73017700057379,75.51995321625765,0.023699627044008735,0.28846500931263014,-0.004116734776409624,0.0008378914788732894,0.00019850766815776607,0.0018316594965202128,-0.002088918131321703,inf,inf,inf,inf
2032-02-01,0.016962978805631024,0.018841045731765843,0.020262808419071333,-0.0020690527892954936,0.02640474707644438,2.9072262555556634,3.689816989210216,4.976110573945029,0.5517749764654685,-0.45102145846875774,0.8653364404362744,2.0178349753062172,0.9063935646611805,64.81717575933739,75.05401531008471,0.028213737551836406,0.28275621621464997,-0.004046803850075537,0.0011533697318325546,0.00012172741291463876,0.0018598735687958441,-0.0008404698118492159,inf,inf,inf,inf
2032-03-01,0.017535842426174796,0.01929953129451251,0.019584723343986678,-0.0020678966902796755,0.029253783570765548,3.7361122850391935,3.5979819763997574,5.328169305247724,1.293782280151236,0.9029843045994586,1.847106254933393,2.5560948219639594,1.223765319532408,64.1100399101974,76.216575343149,0.0058480972089177425,0.28747728653600985,-0.004239242633614704,0.0011326830887088786,0.0001540057778865,0.0019601937409740172,-0.0017211093201303968,inf,inf,inf,inf
2032-04-01,0.01830526553597072,0.01894840972147155,0.020409720656883346,-0.0021120718461878187,0.026659038271996498,3.554908903629517,2.939631055346789,5.744350849073814,0.8719707512308197,0.22718817678874026,1.5725645737549834,2.717877245152222,1.5050166540226835,63.630681263376545,72.96319378789798,0.026150106456528238,0.28138654362031473,-0.004564809960909783,0.0009702237996264537,2.7867785060568748e-05,0.0014357259520312237,-0.0013769402654315996,inf,inf,inf,inf
2032-05-01,0.017184574380855973,0.018854130923824253,0.020273990258786824,-0.0020748621226456213,0.0195101026333971,3.1278757485200845,3.415116567398539,5.188954179921614,1.855932407112133,0.9210954758897592,1.4994525108442935,2.0586485984535305,1.2379595566760588,60.808050289596586,75.44279273814347,0.029194064339007425,0.291135503314111,-0.0045783974631710255,0.0009886025464686927,0.00012320555564397247,0.0016282018978173844,-0.0017118986112024065,inf,inf,inf,inf
2032-06-01,0.017144614612504612,0.018890316988094263,0.020326018662259922,-0.0020688890086964866,0.027463212624763,2.199271968363976,3.4951150794089796,5.762539124109256,1.3972678611655327,0.5712998029960166,1.1420985078447967,2.165353680561614,1.0740069786891064,63.25798832637573,75.63571699657392,0.028017853264398547,0.2835163525426966,-0.004563464346233459,0.0011215209843475178,0.00016992655884211713,0.0017217316987910873,-0.0019079933312354047,inf,inf,inf,inf
2032-07-01,0.018198296907237746,0.018862542238500018,0.019257658788797045,-0.00211603570195587,0.020299656874773295,3.037517417824913,3.5206201828727264,4.868385077891915,1.6107538475203793,1.5607387896908278,1.1544901021468226,2.5505502136234197,1.216099149125094,60.54418602171855,68.81521317060017,0.01753660590510973,0.29077833422971394,-0.004871365334925851,0.0008245620803549411,9.647524401187569e-05,0.001975520525009921,-0.0018856263217261174,inf,inf,inf,inf
2032-08-01,0.018181058133886933,0.01892768430690249,0.020230906264181062,-0.0020752354864363733,0.02535037712012743,3.566083681117525,3.144219789244819,5.6906323021524035,0.1897435012569243,0.812445319859251,0.7497270813168082,2.1003708818217803,1.2897271579595737,65.88384891140873,74.78985267150709,0.021839661679353885,0.3014425666379438,-0.005139517269119774,0.0009851341001978985,1.79800623300634e-05,0.002010000677845143,-0.001501379568647255,inf,inf,inf,inf
2032-09-01,0.017239999760134028,0.018990634604656963,0.019919499270318036,-0.002078439547951805,0.0253456220197021,3.027751007353736,3.348530193795819,5.788428736722406,1.543814839686429,0.8514555644990311,1.7014812606801253,2.748226333878237,0.768218487433872,61.55071642848022,74.76667321528575,0.026107088405612714,0.30048936653220815,-0.005294864278402553,0.001192220818072599,3.6229772544667955e-05,0.002103528935430805,-0.0014197460999079083,inf,inf,inf,inf
2032-10-01,0.017756195066047285,0.018951365830441824,0.020288382204180944,-0.0020530949453935817,0.019599388007126697,3.593048619246093,3.52735261713428,5.36983420776434,1.2452215307063814,1.0043193466686726,1.3915032538796068,1.9553275819029223,1.1744178096495173,60.31600808137459,78.32682142568011,0.03315303386210023,0.2854922030935741,-0.005271062021220924,0.001327593594031911,0.00018246194493084462,0.0025758561325677394,-0.0025808826616773323,inf,inf,inf,inf
2032-11-01,0.018370737219154148,0.018889590802947425,0.020302963267909816,-0.002095382193080268,0.03231503581546377,2.399318480663498,3.4745503432332194,4.977623527952875,0.11566294708795466,0.6587843402429983,1.2812506914778727,1.996006489021695,0.8816603098289253,63.31255589109042,69.05832496959061,0.02312700234628226,0.29359425840154085,-0.005318882122939863,0.0008821439443252418,0.0001515239560539645,0.0008534853297627808,-0.0016066836409339986,inf,inf,inf,inf
2032-12-01,0.018873009234258005,0.018890871745273798,0.019871324156854737,-0.002076367588268837,0.022208943904103134,3.0672382468487918,4.189788336794813,5.192700384190603,1.5050250557090488,1.2253026867335763,1.3755736119780415,2.247184989830618,1.2260847188514568,60.098672226323394,71.75771971302491,0.019269738010099718,0.2879996762079222,-0.005725086270374583,0.0009376626605140644,0.00017485924530867293,0.0015584216836686923,-0.00214650269150326,inf,inf,inf,inf
2033-01-01,0.017624642509642328,0.018893488029902317,0.020081608050486054,-0.0020767842921586405,0.021318595263215466,3.196173401191876,3.4904353753665616,5.679563236952042,1.0115434172262883,1.3339369896294009,1.4646970458480337,2.2809165150140847,0.8092164269690212,65.84300675795886,72.14380706277171,0.020964945294595857,0.294812779841603,-0.005861981424455088,0.0007983767784165038,0.00010411090362923367,0.0019241787685039674,-0.0017176620509113867,inf,inf,inf,inf
2033-02-01,0.01775549772225503,0.018895403045637797,0.02037205593980622,-0.0020747118650137797,0.028921754961928836,2.8657028740331354,3.6304657697521976,5.323371953491721,1.1659389423610391,1.361747894317454,1.886672123330718,2.166821253297524,0.8495854263079478,67.6779287570219,72.69682922147426,0.019410129877636576,0.2817399822500474,-0.006028683346420456,0.0007869776135795334,5.844490122753723e-05,0.0014979865286883019,-0.0008527231512250931,inf,inf,inf,inf
2033-03-01,0.018321968724446715,0.018981021103981872,0.020358009688351934,-0.0020790196768714826,0.03136009624435756,2.7433468762636544,3.804195128041138,4.9256333072821885,0.7244751844895247,0.28819190489683677,1.1634277085704583,1.6287024535812276,1.081447748409595,65.86129767016376,73.05823717698699,0.03164642363980657,0.2747363001000807,-0.006279001356671423,0.0008942454017459123,0.00010516934744073442,0.0012178534445293242,-0.0003805865384697006,inf,inf,inf,inf
2033-04-01,0.017467202820532234,0.018917984237499092,0.020445735520550106,-0.0020827012597537126,0.02480667755062159,3.3772575406504464,3.567027169432148,5.224700614565932,2.2147367991268685,1.0252506410907967,1.2089822310046596,1.4476381909063458,1.3755241808985605,62.63247087729601,68.81539039273314,0.01785633812245603,0.2993311306715608,-0.006513857124800357,0.0009236849091496665,9.601977561372725e-05,0.001993494976145888,-0.0011193931190246528,inf,inf,inf,inf
2033-05-01,0.01838666983827439,0.01868338018748225,0.020262746117734882,-0.0020782935694510824,0.026640270365491808,3.392402346554529,3.408422152925663,5.1388450878548735,1.3946982112986428,0.3930441553197602,0.6351825308207156,1.5535352174581476,1.3507734896264012,66.29039405187032,72.90431243979637,0.02096573600828814,0.28870393578762593,-0.00671269884173119,0.000863590385920548,0.00011242645685821053,0.0015739965894354276,-0.0015013494999296115,inf,inf,inf,inf
2033-06-01,0.01818788473718845,0.018931780256107224,0.020218323952241747,-0.0020687887166120785,0.02754448386174245,3.0394836353466106,3.195851305916588,5.623745595089403,1.6335878019457066,0.7930590940692755,0.8029622079572111,2.2067271405835074,0.6459952242410054,67.24556989047034,76.01701495395133,0.013261462984549669,0.28750211209076293,-0.006757929469510025,0.0010979480063372626,8.414215569676957e-05,0.0013829810496345835,-0.0009994879508894027,inf,inf,inf,inf
2033-07-01,0.017718176906521284,0.018978863844227194,0.020429903126454495,-0.0020837975308455148,0.032195631926923846,3.5279058836982378,3.5880370212083075,5.210790438251409,0.9209839801346581,0.67898349760808,1.5837880229352927,2.21245931610667,0.8885900166405463,63.06018001363624,73.8958364371599,0.012633924263495779,0.29262330740656506,-0.0069679990562731935,0.0011160405630391186,0.00013484922857414722,0.0016155221518575008,-0.0017990195577962265,inf,inf,inf,inf
2033-08-01,0.013828184795513242,0.018894987856471177,0.020348870459166397,-0.0020818807994155263,0.024144546694154837,3.5768928356984575,2.9339673725947155,5.663741307725406,1.4722837221129819,0.5825766445870791,1.4793378573806932,2.000279416619921,1.3721215682854828,66.90096718493058,71.04834570417161,0.029174105183954885,0.29162332343105835,-0.007288652271657216,0.0007639269872508151,0.00016431378903374315,0.001241317789435086,-0.0011758231128778766,inf,inf,inf,inf
2033-09-01,0.017602009134745394,0.018529567730786255,0.020120636218954865,-0.002082199125558355,0.030103446449392314,3.2638425357967606,3.1252988017455676,5.056434048745849,0.9923970143169255,0.9798529711984264,0.7881613715936294,1.839180151410518,1.1325701113586961,64.4691721432364,72.52970757916741,0.025440209887691027,0.2831233000710883,-0.007480051096492128,0.0009484472978690864,0.00015816385093200038,0.0012351884703864608,-0.0010123422252544777,inf,inf,inf,inf
2033-10-01,0.017776023269540926,0.01887264281175849,0.020443139554433616,-0.002084236367400403,0.031645539630546386,2.9386566633212103,3.3506695821668924,4.907602342394862,0.5650243456474674,0.5736988180149571,1.2116132541557447,1.9298794743259395,0.7576444873194726,68.60822147593963,73.38312107242021,0.02329041531054216,0.27949748868956087,-0.00775376662608378,0.001053853145363162,0.00010929125976484052,0.0015713977232117728,-0.0017525106721731102,inf,inf,inf,inf
2033-11-01,0.018387718252883663,0.018854130923824253,0.020171356586285414,-0.002081926821537285,0.02668072247852557,3.950535958963699,2.7471606383253206,5.5113695295634,1.7280718063453007,1.4542952242010592,1.0844472115792132,2.1098995498487527,1.049617614227048,66.14608314009607,72.83606250440717,0.01570961147758696,0.2859774678144649,-0.007826165230832603,0.0009611710623931027,7.167939510914884e-05,0.0018337941617395396,-0.0007825860370763892,inf,inf,inf,inf
2033-12-01,0.01797435312112096,0.018912907206394707,0.020364569999426645,-0.00208544661266301,0.021389209705182117,3.1604068943902646,3.191348885846976,5.129174507414272,1.1180606898838719,1.09903708920277,2.2659589350814113,1.7068725593413214,0.691869230738962,66.36066450669556,74.7019201673922,0.020220783507494466,0.2809855817487293,-0.008143215188829468,0.0009980306064062273,0.00013353710283684733,0.0012658446795631934,-0.0013491473863399912,inf,inf,inf,inf
2034-01-01,0.017839489752787024,0.01881011846566228,0.02040704086327961,-0.0020832477281603006,0.014934382985414097,3.477657582197414,3.544931783923922,5.216391121041897,0.04202371888905554,0.7815808807439047,1.7375469296732962,1.5594527505583873,1.2751302341527966,65.1028932357546,70.56980744510659,0.026154874795686726,0.2890383405922643,-0.008506288406471555,0.0008580748371557137,1.4475621680461111e-05,0.001780700988910603,-0.0017449405619837733,inf,inf,inf,inf
2034-02-01,0.017471439008651456,0.018863203486157484,0.02027890767137179,-0.002082983803111244,0.029869565196081665,3.2986039364615354,3.444638225397251,5.118350476747445,0.42717642180403115,1.0841636477086678,1.6348394355605187,2.4180868842109984,1.019575461627347,65.37356125164378,71.79673688890543,0.022026980545455068,0.28682654279706143,-0.00871596247329303,0.0010306170577650583,6.783878408305701e-05,0.0017355586389388915,-0.0013776702999948476,inf,inf,inf,inf
2034-03-01,0.018636328271881934,0.01894245870200309,0.02038516359038854,-0.0020860913739680002,0.024113902771297678,3.2070884698304383,3.4016195192898984,5.141246722413733,0.9801637875989109,1.7828197606585627,1.6396283399520217,2.9609006388995516,1.4334243165649343,68.14984999110223,69.4260083128026,0.02080450732318174,0.28569218478333225,-0.009236761696286653,0.0007485759998875094,8.174653407543385e-05,0.0012659355685299004,-0.0008055875700403127,inf,inf,inf,inf
2034-04-01,0.017614453613142966,0.018881829183334815,0.02020056508794884,-0.0020838375000173373,0.021985482328051004,3.5002610334966002,2.821789854715262,5.524520194264312,1.0628093968137977,1.8091533984659813,1.1578892409507209,2.569783595894903,0.9243271275075335,63.71403176693868,72.44157362599643,0.02059839627631428,0.3047096647695847,-0.009383229472862516,0.000864856780083732,5.0003010120443236e-05,0.0021502524674888992,-0.001754396523752727,inf,inf,inf,inf
2034-05-01,0.018451065047882808,0.018909514450543376,0.019800301651004222,-0.0020826440912211355,0.023796206047687108,2.92431987934525,3.0765787919424468,4.734453923480757,1.0730424309499844,1.09470856163573,1.2871216439062296,2.1248864726226553,1.2349254505977871,63.986618458309906,75.19053058292722,0.017990029104688908,0.28215952026639957,-0.009298805323447634,0.0008790850741954984,0.00011406861789256561,0.002195295035552284,-0.0021001748141622014,inf,inf,inf,inf
2034-06-01,0.01814126366016953,0.018587063280846135,0.020445936578541015,-0.0020863402330034532,0.029375563910027342,3.2422847494831135,3.1417180753665455,4.6449685422859925,1.1802700877339574,0.6964635347500796,0.7583131222126349,2.180150410835201,1.3001283121581175,57.12540380193755,73.36500389332801,0.031889624774235646,0.27879212440070544,-0.009735787614368469,0.0012989083390040487,0.00015785201425777857,0.001589685067580468,-0.001819031364461862,inf,inf,inf,inf
2034-07-01,0.017863324257347893,0.018865333711239777,0.020284152975833185,-0.002085412719190272,0.04822930179425817,3.1663620798614005,2.7716880202192145,5.383835521221001,1.7477005987084016,0.8119742694798404,1.3183200049959143,2.1185710519593712,0.802441314596918,61.04468261449845,72.3067550922195,0.028260750166340047,0.2895241162396392,-0.010018376039119592,0.0009926646086093457,4.070212630147596e-05,0.0017467839072099912,-0.0019894194046421176,inf,inf,inf,inf
2034-08-01,0.018383981848638074,0.01898791601741749,0.02027692363933598,-0.0020843803242186275,0.028805075589655463,2.9497438164372243,3.2958395677166012,5.554935043369804,0.12668261190475505,1.45462959552813,1.3036634813622638,3.0439708266782404,1.0277849091544489,64.96127066416962,74.47515709300508,0.01594540997329874,0.2966635557739674,-0.010418105197769003,0.0011077753740187828,7.685933101176602e-05,0.0022345906486478115,-0.0011672209997724411,inf,inf,inf,inf
2034-09-01,0.01818573868453085,0.018843705202846766,0.020720390146131744,-0.0020841259767361894,0.04822999745455614,3.462396683177608,3.218561177368116,4.704061839802802,1.0033645553867339,1.3687084539798589,1.6596751309279407,2.0226584582420197,0.8054864924618905,68.11972636190033,72.72196519780053,0.02494448352205508,0.2954552937271383,-0.010758251687081642,0.0010265297914450774,0.00012472195948103735,0.0019467635282188558,-0.00154831307615679,inf,inf,inf,inf
2034-10-01,0.018024461542919038,0.01912749212974506,0.020456886014854802,-0.0020847402822769326,0.02147410972592326,3.523974065972763,3.3432067273414274,5.732126920879219,1.5932372795528043,1.6089170281181042,2.3082055409818625,2.3710932805891627,1.3225391785148013,67.5956354778687,73.63333032945694,0.01624784181556281,0.28789643762456973,-0.011326024514386336,0.0008920624469073333,6.215059534396066e-05,0.0018599514538800944,-0.0008420928066729539,inf,inf,inf,inf
2034-11-01,0.01871570229502434,0.01892581326977,0.020252089034378806,-0.0020892820696089016,0.0268803796003971,3.568589379694266,3.398625855564776,5.647991922874912,0.7390778086232583,1.0651185846320521,1.3659581052315826,1.7305114331944962,1.0234125469923363,67.1349445805789,72.97342712131827,0.030300931826853263,0.27128899081512764,-0.011436353135931717,0.000818695077501089,7.798495317130991e-05,0.0018804887846708054,-0.0010363647540988917,inf,inf,inf,inf
2034-12-01,0.017345698395831225,0.018849004676469425,0.02035467020132537,-0.002084347192517096,0.02935313572320956,3.9896401169971436,2.534522521887116,5.519681054488856,0.050525965715101595,1.0466754626650088,1.1961584473892892,2.1924341230573945,0.8417922763072975,64.25372339062775,67.26485773216422,0.024510834916829406,0.2897153660670627,-0.011797503401022294,0.000813867226351326,3.5262653055415926e-05,0.0019023473688865374,-0.0016335815458656216,inf,inf,inf,inf
2035-01-01,0.017409517505019047,0.01888855723947726,0.02040513066332166,-0.0020842231697431124,0.029873547985865702,3.2737375339249644,3.530474827276415,4.7294059864019085,1.05512081790232,1.798401310764995,1.5794319705228348,2.076146016064642,0.9017850737564055,64.70225638503462,73.36106697835432,0.024069683242774163,0.2754742104086581,-0.012149304277152474,0.001093369577593587,0.0001026378817088293,0.0013351552691030148,-0.0014217858842629082,inf,inf,inf,inf
2035-02-01,0.01839347942291083,0.01867042348926154,0.02028277513082677,-0.002103729392355229,0.025866053724725713,2.674135985143413,3.654246501629105,5.276681588628805,0.6573390305373017,1.3761493468483859,1.8443599107122592,2.0626003226890988,1.2008685590536103,63.5625828101883,71.87728404465487,0.04067789367147255,0.289284998762141,-0.012257180757329816,0.0009259102548521625,0.0001566127490412442,0.0025774625160521767,-0.0015907724990610185,inf,inf,inf,inf
2035-03-01,0.017568281637523116,0.01885206404867789,0.020345254344694336,-0.002082714529877219,0.025374020063391692,3.23547051164093,3.062777945005543,5.114041367449813,1.1646203738869068,1.279745336308217,1.4591449105764998,1.8067498292477047,0.7457700039391777,66.77273465496616,72.32780975497775,0.02810528055614385,0.3087292721603278,-0.012845686284310941,0.0007466642168699239,0.00013909385501138186,0.0013548992469357962,-0.001271537139784622,inf,inf,inf,inf
2035-04-01,0.018866646044897937,0.01889494609899054,0.020868538351577447,-0.0020896326591195373,0.021394940400011594,2.7126043594453937,3.041953220602889,5.503415179901588,0.3502665512868842,1.2312196754362934,1.1266025045804877,2.5387527952777633,1.2300749558838544,61.70870441701214,73.18794752611447,0.022374041462976717,0.27809196276127757,-0.013329547095419506,0.0011580718930321548,1.6213704792684055e-05,0.0008228919723714141,-0.0014771834182256412,inf,inf,inf,inf
2035-05-01,0.018174673560837386,0.018904285647477564,0.02040931909078403,-0.0020853421160831206,0.021544863180140438,2.5424857881647345,3.76531463624117,5.291323970643643,0.815908096491125,1.0384002500453042,1.5657082700488303,2.2866963897576063,1.220803488343461,62.95246558557686,71.3804773078986,0.03010231936294282,0.2974031855000492,-0.013637209760089749,0.0009709712608071956,0.00019097226628117162,0.0019778879970829793,-0.0011890169677594101,inf,inf,inf,inf
2035-06-01,0.018423901163180788,0.0187765197952071,0.02020056508794884,-0.0020839680334760868,0.02757992614103947,3.0821086115059306,3.990586724596522,5.895222333620342,1.6212522440574308,1.4514232795046234,1.0582623537399753,1.5743011039813526,0.9435179300544666,63.97900205239087,76.00957495192465,0.02803557927915365,0.3086411642240294,-0.014064116328776376,0.0009154633166441167,4.5011614633380236e-05,0.0019279222015196427,-0.0015489933443936003,inf,inf,inf,inf
2035-07-01,0.017948116986713454,0.018865820295406385,0.020199485439620718,-0.0020872649753334335,0.022883701466123004,3.2469842171908407,3.305506791725008,4.750029199159447,1.0958511700607063,0.9772280203779641,1.2600531456289956,1.8326777918396995,1.1859710968988513,66.17773186423592,71.60790064866468,0.019707151121818367,0.28975142764444883,-0.014422353798244941,0.0006331264272301757,4.631838536148972e-05,0.0012687885319450768,-0.0017133019474548064,inf,inf,inf,inf
2035-08-01,0.01812813950164527,0.018933567482156705,0.020176692204617985,-0.002086534600894167,0.029481931306338964,2.3692559644484015,3.659281023365643,5.295177746629751,1.4057603920313237,1.3401223537886682,2.050669815900468,2.186631626600084,0.9790788443397638,62.553657262272274,73.7458472729248,0.01973514516239642,0.3017911981520249,-0.014995988067940556,0.0012086768734777197,6.097182941150085e-05,0.0028887350417264326,-0.002154576525409323,inf,inf,inf,inf
2035-09-01,0.017866557396820002,0.0189592325149384,0.020295170894067828,-0.002067974007477465,0.029875287549030235,2.9789701984439207,3.7959300630912485,4.69869718190107,0.39219700293235016,0.06546909946212476,1.200415274043279,2.931529752684115,1.1816856678179704,66.62785597703004,74.01125284778516,0.02619176314163616,0.2881367348248893,-0.015285164160495615,0.0011795226735672357,0.00013088722196617807,0.0011168904646019734,-0.0012849390184920414,inf,inf,inf,inf
2035-10-01,0.017410486775001288,0.018897965938311327,0.020315278307553537,-0.0022229013695876628,0.02474698683825102,2.7347344148451045,2.8423211146792804,5.650284268596668,1.7615564808396478,1.104265476614585,1.1420958876747447,1.9213753483003275,1.0512735875507913,59.81047526418995,71.7627841598667,0.027472722655473458,0.28931748450228034,-0.01587947179574634,0.001005098627662824,8.353751545161907e-05,0.002261469992377689,-0.0020507326879462447,inf,inf,inf,inf
2035-11-01,0.020632090314833245,0.018894428847678932,0.020437926872535945,-0.0020836438525786614,0.023263245993137303,3.3757699101397742,3.6299718235464025,5.487596482350138,0.7267709162723792,1.5627934880364944,0.7450016733006929,2.427727069997789,1.279809861932799,67.20811566068754,70.64889665620403,0.010941383470974122,0.28841366438983107,-0.016222669620919793,0.0007755040801071249,6.894320785057095e-05,0.0014692762000637965,-0.0007327228504578165,inf,inf,inf,inf
2035-12-01,0.01676550917796477,0.018846356552164174,0.020413925976995297,-0.0020857716509158574,0.02620617869962257,3.3921445272504434,3.044570406172574,5.316192185605728,-0.04376289394482247,-0.12874085329319285,0.7364499118813482,2.1625938384897094,1.194158787302917,64.13104978742533,74.4515285872712,0.019506502734577578,0.30297724750575866,-0.016970389657809417,0.0013667562006534407,4.2096705095076575e-05,0.0022181892084284305,-0.001201934743891438,inf,inf,inf,inf
2036-01-01,0.018130470065960726,0.024525425487428407,0.020273990258786824,-0.0020879855396292997,0.02613670613261054,4.659386806182834,4.544946454719363,6.002515251898511,2.4259070517381245,2.155007895455033,2.3970303622101303,2.5308554917317494,0.524733740050489,63.85653442822157,70.57155207784896,0.014667913486516,0.29882788067208144,-0.017428140105829864,0.0006635594756238119,8.892455470844647e-05,0.002858378778648381,-0.0022227140329995495,inf,inf,inf,inf
2036-02-01,0.018099526058405323,0.018919694702097922,0.020440341677481193,-0.0020618963791129334,0.021567470039815524,4.292113526929516,3.622460551456101,5.211871858094902,0.6490049362298247,1.2296008669510972,1.718009904661504,1.802366102713685,1.1589907972044995,65.28479270969491,72.35708417990233,0.023728728246319906,0.28734668033332655,-0.017707339544419498,0.0007935254848535273,0.0001397958355993654,0.0016104837104292647,-0.0013909132306272533,inf,inf,inf,inf
2036-03-01,0.017217823917351223,0.01881719360520267,0.02025958687978211,-0.002086088882527632,0.021036157056449897,2.8774512651370405,3.8917393331811008,5.208163739403555,0.36005747738579097,0.7717803703997744,1.2025121130536338,1.8210942684365194,0.9437600746652284,64.26262257939541,74.12643364236095,0.014215931702502167,0.2895461167146549,-0.01848981882252908,0.0010310210832979504,7.739557756208487e-05,0.0018660526487645835,-0.0013397776547393386,inf,inf,inf,inf
2036-04-01,0.017468499700130077,0.018548259726897894,0.02028434054246634,-0.0021272473657556468,0.02882555921268049,3.0719153008114226,3.254953427346383,5.602168391271217,0.8168312663217783,0.17362372849213248,0.1550861637378791,1.6350702381675875,0.8841819931666943,66.03136068513234,69.13577140258705,0.001954025312972174,0.29496745595654206,-0.018802389016212742,0.0013242889799726354,7.757066995136801e-06,0.002377789757758847,-0.0021560394048585653,inf,inf,inf,inf
2036-05-01,0.01764846398793562,0.018836121683078133,0.0202939043936807,-0.002083837713461403,0.028285913413226556,2.888721642149317,3.376400591344196,5.738999536224296,0.8177914195463802,1.4053868181697857,0.5531483881725697,1.4499441791407655,0.7551028022674404,64.83624285317617,74.25590749870003,0.023100636705758196,0.2823504981855188,-0.01956385340436908,0.0010058962497781956,0.0001453453337214747,0.001617085795765933,-0.0014173437895875895,inf,inf,inf,inf
2036-06-01,0.011672434666445467,0.018929070874630964,0.020305285395146814,-0.0020841876911629428,0.02644202730351592,2.3098726993965277,3.1098090820941664,5.148387734896152,0.07357618938969779,0.8075404742739678,2.277736238144039,2.082026627093178,0.9006212829209669,65.13741729061769,71.21536486935074,0.024636650824353373,0.3034977513815076,-0.019999765016472465,0.0012687171406117943,0.00019197741071065252,0.0018597608550160486,-0.0011184020810617956,inf,inf,inf,inf
2036-07-01,0.018340030611163745,0.018911597360565,0.020244210235940068,-0.0020869292398618304,0.02390949330205312,3.4877442045456197,3.078058597659163,5.4490806786649015,0.06071991999742865,1.2976188292610293,1.383069309570041,1.5816275178800592,1.00372661892005,67.3570532541025,71.81508710095753,0.01176511836033905,0.2871661107371122,-0.020637537768321425,0.0007811835578521255,0.00014240513138230037,0.0008475902207068609,-0.0007755662706130871,inf,inf,inf,inf
2036-08-01,0.018048581879765026,0.01900466064503552,0.020348870459166397,-0.002090339904534658,0.03046605362604626,3.012890640642515,3.3773892852096887,5.7011295934987585,1.2706522050476479,1.181757005096975,0.9535321282840425,2.2470684379735526,0.9740940747805056,65.66776917475256,72.27602540235557,0.02785420020860703,0.28778926994476084,-0.021170858739576675,0.0006735553786058343,9.095153814202034e-05,0.0012460785474778424,-0.0007359024582285598,inf,inf,inf,inf
2036-09-01,0.01841044867633517,0.018952179264556356,0.01949117543489945,-0.002055428947710925,0.02103681018331531,3.9222569185344724,3.6758447735742372,6.197624405960145,1.189602613165773,1.047407042493525,0.7776629353329533,2.0486623437397573,1.363411134269621,66.02012157846647,75.54415370260172,0.018706602259641505,0.2995353388604282,-0.022004953581551454,0.0009257431515432752,6.571412382479491e-05,0.002265837777501739,-0.0015970704831280824,inf,inf,inf,inf
2036-10-01,0.017712567217582915,0.019146600006589038,0.019974040694023303,-0.0020882761203497723,0.025121772415310394,3.980131495334068,3.222625089870147,5.854017111813729,1.2311115356835707,0.9724217578595389,1.1780542991654526,2.0730776582914348,0.46279115709743146,65.06756123250044,73.94083074444599,0.01831972007978582,0.2908288244505658,-0.022505484960673727,0.0009095116541666122,0.0001025381894510812,0.0017946864396928082,-0.0012692773477403331,inf,inf,inf,inf
2036-11-01,0.018377868349966096,0.01887469929351185,0.020307560899168964,-0.002126580169766443,0.02810171120641374,3.167992639018864,2.7697006694626993,5.511589822389562,1.0654465606405819,0.7270750083680058,1.6002998690921024,2.7914832113349655,0.5634312017611656,64.93769197372686,69.71184711484545,0.028933700503645805,0.2964161798326199,-0.023253019193348917,0.0009537304003923792,1.632880791802713e-05,0.0017784579069577632,-0.0007364330756234021,inf,inf,inf,inf
2036-12-01,0.018664311138692893,0.018908237888344562,0.02029116185254398,-0.002090337830688538,0.027450416734240715,3.0918055946939416,3.737844535572296,4.995933158761477,1.5305977918743585,0.4885961051264536,1.375177933744905,1.3496777314864392,0.9955854742399337,58.502073127791526,70.33267560418876,0.02594673173581613,0.30594302035057935,-0.02384705608468726,0.001132456703010968,2.3507943200335357e-05,0.00232521412282603,-0.002319520857258455,inf,inf,inf,inf
2037-01-01,0.01828723710722743,0.018997603559477425,0.020302659325725975,-0.002116770765889396,0.03365224943633613,2.913376859791238,3.3544168760402227,4.926660037308977,0.9960260760662536,1.1821560099630348,1.4455551714589723,1.4843480186015197,1.220048756891889,66.37549510114555,75.41886949065163,0.019221204308024164,0.2966326045171316,-0.024483196096746995,0.0007273458260869381,9.219773530930948e-05,0.0018616861353444422,-0.0016651392543823853,inf,inf,inf,inf
2037-02-01,0.017545523060300237,0.018842544603505207,0.020509365556811484,-0.002086318981713582,0.022881521979347837,3.1661056184714487,3.22004646148121,5.5642811616323495,0.3949801674560637,0.525961429788346,1.1901976425304557,2.0801108295958812,1.1719171736154734,68.67071244560073,76.7384511452125,0.024353647234300713,0.3028419616854359,-0.025460103046712503,0.0009370606793435629,0.00011570775771799395,0.0015493339163724074,-0.0007491395543845611,inf,inf,inf,inf
2037-03-01,0.022643699784437463,0.018982975091441714,0.020154588157895625,-0.0020843665866762955,0.023369312069464267,2.8017331697024233,3.388537613062326,5.253892423161136,-0.035047777894625654,0.8432759366044671,1.2270262160431213,1.4299925713382065,0.8578440036377248,66.50431872889484,72.4396337333575,0.017133624267455332,0.2949997722753796,-0.026122548444022644,0.0009535139390216803,0.00013035864394272704,0.0018513055834362177,-0.0014025530009966459,inf,inf,inf,inf
2037-04-01,0.01794821049454095,0.018958111579609152,0.019999526054204533,-0.002086131201915693,0.023809646925403414,4.146624457307915,3.5298712584208545,6.0435731117744265,1.802289863454093,0.49738770628998497,1.4407195000492437,1.8879429140147872,0.8770272389571818,61.23176700167773,70.8096825799552,0.02032136890115562,0.27963173418407733,-0.026847029454175525,0.0011418038975740863,8.788826316303848e-05,0.0008665557533060535,-0.0009672800497559984,inf,inf,inf,inf
2037-05-01,0.018306690700865318,0.01904489654588787,0.020302659325725975,-0.0020863548818994045,0.024297124690012713,3.2495183091985704,2.5890730706040976,5.335120774958738,1.6371909076955289,1.204310971117933,1.3124859105362827,1.7550954080610952,1.1080631215825423,65.3501784114225,71.52787134548971,0.023055694348983122,0.27188972770699177,-0.027711807360753474,0.000981506008700804,0.0001020745653855742,0.0012766133105924652,-0.0005793469337616817,inf,inf,inf,inf
2037-06-01,0.01770861630428229,0.01889483307188644,0.020258697768543776,-0.0020863316261401513,0.02307625156463264,3.185940314602809,3.708143538861866,5.232387524221326,1.0396262704206758,0.4303416184684694,1.1056226363583008,2.4053256845187914,0.9659196420222543,63.656757041967516,71.98639906807735,0.006219715798095203,0.28137172672982413,-0.028536700427690614,0.0012412300402161315,6.503914526964023e-05,0.0019304986103114697,-0.0007252391759602796,inf,inf,inf,inf
2037-07-01,0.018178784674257292,0.018870061651560417,0.020247522132142114,0.03832199290937177,0.027712138273702686,6.886203119250352,7.235861456577815,9.53648093031054,7.013068367534729,6.917883063171934,5.7502125507858945,5.641430471285769,-0.7582194938923311,63.144759493718766,72.84497007220861,-0.04549778270392861,0.2735554936694484,-0.029572460209815535,0.0005728834072045688,5.2047483104126295e-05,0.00361181592021091,-0.0031659774658643084,inf,inf,inf,inf
2037-08-01,0.0180777392811258,0.018984940818972763,0.020296919452052323,-0.0020863495383506353,0.02559025072014126,3.4473473024145926,3.7142473197821504,5.235117649854651,1.211746449622292,0.870272973412531,1.2090004633907003,2.4086140952430584,1.094213937254088,60.61889879553469,77.04999108243231,0.016095473422392287,0.2926031329948337,-0.03022688004913425,0.0012016129018877773,7.677897927865998e-05,0.002345566244839232,-0.0016730487423432738,inf,inf,inf,inf
2037-09-01,0.020840476027212288,0.018917155198848283,0.020447546118215115,-0.0020861068950639304,0.03108325955867714,2.79112997181603,3.7366061524990912,4.840844127356002,0.900167934046351,0.6603016747022876,1.1948552346336527,2.0888390143904463,0.9623633786762533,67.79232958295523,73.5842183096256,0.017385925561145647,0.2982218792237573,-0.031126885177340375,0.0009965910876284707,0.00014619412817926236,0.0018026189798846296,-0.0014509828237557357,inf,inf,inf,inf
2037-10-01,0.01846070563586827,0.018884137425677114,0.020622594891695566,-0.0020860320598541137,0.02821414808955222,4.034421361598086,2.7040116821443863,5.334117750616912,1.4259131789559936,0.9317871948716825,0.9826834662262574,2.0101560283445603,1.2199287774012137,65.46237523492947,77.02985079142746,0.017216437033540664,0.28767156819411915,-0.0320448499400146,0.0011419865935441281,-1.760888703259157e-05,0.001961280413383636,-0.0015502655937597878,inf,inf,inf,inf
2037-11-01,0.02389283457531903,0.01892347618926731,0.020095760137271768,-0.0020885485327866806,0.02368115300808993,2.5668153198324504,3.340769202855056,5.582959042834053,1.0941880129686163,1.5958885966039578,1.2821680065836285,2.4057873251054684,0.728547500852424,64.97289711948774,72.52974358731636,0.028470066443570825,0.29225896808265905,-0.032933268737219086,0.0009436111790930958,8.879670389094924e-05,0.001168419626674909,-0.0008939884481953943,inf,inf,inf,inf
2037-12-01,0.016219034660488636,0.018866823623846767,0.020185460883554655,-0.002086412272704669,0.028667371328160267,3.020306474747788,3.8623323855647698,6.15872801055184,1.1817988565031194,2.0881362605590703,1.040526078468376,2.23328356137138,1.1614975444027156,66.65967934039963,66.84124233754223,0.018789326344847316,0.3068376790904666,-0.03409586509035911,0.0005690266373541375,7.614189779505624e-05,0.001978600923466915,-0.0010410773030761417,inf,inf,inf,inf
2038-01-01,0.013826018388382513,0.01968075058803019,0.02035769982856243,-0.0020879383508031085,0.019536787798559947,3.6061188497101493,3.7444570109428765,5.043787942967595,1.359077333092386,0.9670973440907703,1.7159601421365505,2.0071973743791216,0.6068565984272638,65.60491819037853,74.5617432215269,0.01309747292350363,0.28720701782180663,-0.03487456562595678,0.000868819601781852,0.0001344666990901674,0.0015195034991995469,-0.002006887361622931,inf,inf,inf,inf
2038-02-01,0.01792709892531756,0.018934788784467225,0.020230609603218687,-0.0020861387936358007,0.02139852691552886,3.499349350491456,2.4604825760633124,4.910394909835899,0.8123745028933849,1.344911987133751,1.2277259988578095,2.6725288043894486,0.6913290729559957,63.0689394809374,75.53894506371806,0.013176840549293542,0.2812596620030901,-0.03585242381653814,0.001191420614930254,3.282528325136841e-05,0.0017840694888886116,-0.0013620515372386312,inf,inf,inf,inf
2038-03-01,0.018153244497400006,0.018933660327878812,0.020291408347204234,-0.0020857079243544268,0.024651435481045578,2.9897428439351246,3.8663732802921413,5.634321512162564,1.6955651914771732,1.242192623568674,1.6985854037850099,2.167856012425171,0.9131328524791406,62.50717569444386,71.01657483182655,0.03225675179386846,0.30378597670873203,-0.0371348794857709,0.0011195604508947368,7.273879376260199e-05,0.002034239214913289,-0.0012658788656095734,inf,inf,inf,inf
2038-04-01,0.017776290427273047,0.019041718721064648,0.02051512939548433,-0.002087319767676782,0.02121743475692996,2.888782182799976,3.310399371303203,4.942921658275234,0.8907970283140934,0.8610868460397234,0.9428624709579954,2.1544969512694006,1.1719918076900135,62.03019822816628,71.06199144432881,0.02340031452906967,0.29125370822757113,-0.03800002530628401,0.0008678402376387802,5.384640778643411e-05,0.001595887008035018,-0.0012739164241397725,inf,inf,inf,inf
2038-05-01,0.01677559696712405,0.018639722434946177,0.02027773507138827,-0.0020211523282785875,0.020454076438736965,2.9361303393121703,3.480330101099747,4.924094734921921,1.287987979977024,0.5905299016742167,1.6377849215987788,2.0462684442158174,0.828459111229825,68.2084259183176,72.24710113311512,0.012799454628454386,0.2818693499802103,-0.03941499280823376,0.000904297389662661,0.00010077357456351574,0.0013835369121534512,-0.0010423579355643533,inf,inf,inf,inf
2038-06-01,0.018008108924729854,0.018229526420782245,0.01983659986834744,-0.002088556635538572,0.023271960554894524,3.6500145996646682,3.609050019612293,4.986028419620828,0.9317997209299165,1.0640568039123455,1.344189709071709,1.9731650155782539,0.8458168429020381,64.60855988543557,72.59610560188443,0.024458571988490503,0.29495081633859127,-0.04036744550587545,0.000893882959027045,0.00012659912841314432,0.0020465394341871754,-0.0016506528609927353,inf,inf,inf,inf
2038-07-01,0.017648432512346837,0.018664990343594853,0.020498891458302457,-0.002084487108205865,0.022299236906354065,3.2193038467498853,3.1610038732597685,5.4698382359697915,0.8841166427059348,0.7866233112523032,2.0181435199358653,1.8072020446929562,1.1946433600329316,62.86917726209197,70.5454063120009,0.026878948884110025,0.2971767942553085,-0.04154417931834115,0.0009105999083476642,5.5555905554893515e-05,0.001983965099423362,-0.0018836034919501893,inf,inf,inf,inf
2038-08-01,0.01851191919155,0.01893901246004366,0.020302963267909816,-0.0020860747584806167,0.028977395297502984,3.2763718181589687,3.5405229319642557,5.67263779546875,1.1894037051171629,1.450934544436652,1.162093145284222,1.8951136747720834,0.7372630697964742,68.18288003133073,73.4029175192328,0.025588851322795626,0.27819453419161677,-0.04303120323780271,0.0007908766222024741,0.0001240704090606248,0.0016763947364381922,-0.0011825507523378297,inf,inf,inf,inf
2038-09-01,0.018043570589068678,0.018876949523696104,0.020261091964279564,-0.0021037826222921985,0.025353955149799698,3.847840074334383,3.587797455057695,5.779263016766037,1.5778387666893114,1.2097314318895835,0.9886815456948341,2.297756943252463,1.3644895984052627,65.22416059454876,72.98185435739559,0.015252149119718322,0.286197273566478,-0.04416562697738502,0.0008280688026177752,2.6969380789616885e-05,0.0013766579154941565,-0.000967602950362122,inf,inf,inf,inf
2038-10-01,0.018156829600246834,0.018896784868257008,0.020292499175770508,-0.0020885172804362764,0.022748115845225403,3.1326453104028475,3.1369209972557215,5.884507229241138,1.3390574369647532,1.2539963634597968,1.9875459281456904,2.142123043813825,1.1660494370346852,62.119149770329905,69.30790822828811,0.01828796479914041,0.2916894248089046,-0.04535743174223007,0.0009840086309566968,0.0001282121837752814,0.0015830881888285186,-0.0016730067515052067,inf,inf,inf,inf
2038-11-01,0.014492170352832692,0.018923610510489363,0.019950578773805135,-0.0020882067683307584,0.025061063419449345,3.1786325355921985,3.3878041288723124,5.595800296447852,1.1020758822447638,1.7889731533985307,1.4068827629606837,1.3638456322877324,1.0184456579110386,66.86363086576044,73.53135514667116,0.023072261392891157,0.30019539620732444,-0.04703154590414347,0.0005476189575435227,0.00010556752605073127,0.0013321280509675701,-0.0016905010802424339,inf,inf,inf,inf
2038-12-01,0.018989808904748204,0.036355672202145486,0.020358392679267735,-0.002085605801873821,0.03467147326799115,5.5774387126004505,4.898279848429443,6.881148270924922,5.499115433580822,4.393835685030309,4.039870858916144,4.7723437681235,-0.20094015863453485,62.309955700084224,72.96461794040884,-0.013334442115097598,0.2954645029195901,-0.0484551493236852,9.08912812089438e-06,-0.00012747578969609372,0.0038036881290552027,-0.0023173725989553227,inf,inf,inf,inf
2039-01-01,0.01798839017171846,0.018869737698394548,0.020198324154320227,-0.0020843444128187303,0.03008634567903833,3.0690366082963405,3.409853940457225,5.127225942193036,0.7251858479480457,1.7128928410006274,0.8446169233472652,1.9556771054254214,1.3135208684070134,66.3943953888761,75.40947892263956,0.023546948576171345,0.2875222749823207,-0.049589325663851956,0.0005444689612802999,0.00013420655087084628,0.0018206467193800856,-0.0011048498782743532,inf,inf,inf,inf
2039-02-01,0.017985579516529904,0.01880473309145613,0.020356649496653435,-0.002086467079153484,0.028410017241230354,2.802672189220286,3.4052575334274024,5.109587558328251,0.39915152439233736,0.20902470134340478,2.131521402149746,1.8962390524302093,1.0536718679455364,63.93541708370731,74.07733082547914,0.011002479809654462,0.2751506705399708,-0.05116773320255522,0.0012299622106547092,0.00013819459437276784,0.002019841667055093,-0.0016388357742728433,inf,inf,inf,inf
2039-03-01,0.01792700575957338,0.018912551586873196,0.01996956092475095,-0.002086212564552672,0.025455957690898055,3.31794374692215,3.3043872264266225,4.836369675613448,1.424924286327555,1.64020827342801,1.3467470223227247,2.325251301470727,0.132943706676512,65.43746593251042,66.47714915220354,0.021605303393719733,0.28207511060718743,-0.05266706794205965,0.0007710758511529763,6.401868792048232e-05,0.0013233960340148124,-0.0009326762969142364,inf,inf,inf,inf
2039-04-01,0.018506832161832087,0.01877714847640579,0.02088825583038303,-0.002087277179859414,0.02582382753184766,3.159787035366979,2.9946316258013836,5.59860154327565,0.3062447856054181,1.2961190754484215,0.5130679065169761,2.0852623364513367,0.8576638621112137,66.66976328321637,71.46001037415921,0.017904516960161935,0.27903812267712713,-0.05419954407746695,0.0008763283286162523,6.837386365710837e-05,0.0013633399849488736,-0.000899246498231447,inf,inf,inf,inf
2039-05-01,0.017245647340093442,0.01880473309145613,0.020012633353376358,-0.0021547804148610277,0.0224697620507486,3.0025492482292173,3.318342533838627,5.260893803349486,1.905590678775107,1.7147026735810584,0.7049432394162839,2.0283465861434022,0.32376936568628434,65.66998594617942,73.4317596701641,0.019671096758992354,0.28012389812022476,-0.055724930329106304,0.0009822801601379859,0.00014549680881771122,0.0012609121172275266,-0.001982186778234912,inf,inf,inf,inf
2039-06-01,0.01752197217784548,0.01888360623337674,0.021402822096129013,-0.002086489213692741,0.024137069919561105,2.843116578229897,3.5742304340987903,5.897085213609481,1.0772341112528925,1.0798543008259767,0.9807458228617758,2.20275591397723,0.9582988457846301,65.08095297108481,69.20738607111349,0.016244294389011326,0.29173243570018803,-0.057414873084042216,0.0008512109975058623,3.7778403251432974e-05,0.001603068993398169,-0.001358316947794966,inf,inf,inf,inf
2039-07-01,0.01804874512769831,0.018836827473422087,0.020544892568238184,-0.0021279408956946452,0.027178930838740695,3.373785499231982,3.6336914845498907,5.0731832545765405,0.6158795608823477,0.7958642721048319,0.676910947059507,2.16231453905608,1.3852176000212757,65.5231427333173,75.68627465265057,0.02969980568370325,0.2968771915916606,-0.059144618063842636,0.0010367852700180324,8.865001861188916e-05,0.0013965965322414267,-0.0012923670047750102,inf,inf,inf,inf
2039-08-01,0.01745011938589658,0.018791083107883848,0.020247455415297842,-0.0020906685374970737,0.027325026594655435,3.6426805461075356,3.182397118661974,5.126844155744199,1.6747845368884526,1.3911004888596954,1.7389837844738376,2.1219857049513435,0.7873459449804565,63.938525131808454,73.21628587863529,0.014966226207395277,0.2906354067263797,-0.060862342747462474,0.001068867307283271,9.152659911243386e-05,0.001679111728750944,-0.0010967013441995166,inf,inf,inf,inf
2039-09-01,0.017710646745516936,0.018899823805035274,0.018767463885131983,-0.002084188036468123,0.027594299203672772,3.476304325829617,3.11557676883205,5.249429094169413,0.7881289110205287,1.4717844532931739,1.5033529640681733,1.9239517675841653,0.961898069847054,62.391103050144466,73.97565575790475,0.01033120662878428,0.2818824801989474,-0.0626999677232654,0.0011179918897800496,0.00011549254193146441,0.0015678103383813002,-0.0021182681384088126,inf,inf,inf,inf
2039-10-01,0.018199351480042706,0.01867042348926154,0.020298241291779984,-0.00212694791233218,0.024912297635082736,2.888812216856138,2.534565091979566,5.360010398589779,0.938114917557679,0.6780444866725113,1.365899522696937,2.512021960320618,0.9600949889597645,66.0293389764335,69.6975215127786,0.012584078563919614,0.2808525366432081,-0.06446108042823846,0.0010350507605827624,6.588054230939764e-05,0.0022273278769612556,-0.0017256090734642498,inf,inf,inf,inf
2039-11-01,0.01809089276149189,0.01891257605850529,0.02034096026839727,-0.0020843794638328098,0.026075343955666144,3.7690740803875245,3.1575319639984256,5.32930977922002,0.4078940380342855,0.8772055828069397,1.3537372781945018,1.899182213968074,1.5167450025028226,71.47922870093093,74.48844482449906,0.015672498667679242,0.29137605989602383,-0.06642057243709416,0.0005285902152080001,0.00012048242180176221,0.0019146574792605771,-0.0013146310349188735,inf,inf,inf,inf
2039-12-01,0.01837740597269258,0.017639814275584177,0.02103945258105463,-0.002083759741457205,0.024183405455531336,3.523284921927883,2.784570071737835,5.710645251638493,1.0229408831735163,0.8387102099161071,0.5621413711525539,1.8912940781560372,0.9261357921057276,60.80143649839139,69.40774225041433,0.032175271284177374,0.2867924119855202,-0.06822164405278529,0.0010369279463251114,2.7651696275673568e-05,0.0011949632419335147,-0.0010750811342843383,inf,inf,inf,inf
2040-01-01,0.017728710821730245,0.01936160285913447,0.020314314203704623,-0.0020884236098340785,0.03036863782977468,2.7445484706919507,3.5310252324128144,5.310815372354143,1.2561492598169943,0.7364646506985966,0.8863539617394626,2.679581221036678,1.1879113889082034,64.0546478003765,74.4291434086092,0.006609242305686264,0.29107844651097164,-0.07011236196429418,0.0009083008238982088,7.543115968117306e-05,0.002021661052622454,-0.00113216148291175,inf,inf,inf,inf
2040-02-01,0.019111243362460745,0.018848389357491363,0.020238871583546213,-0.0020879975496712194,0.025508147372507308,3.280665537129945,3.3555667597228678,5.220481170458422,0.44951550091063275,0.9851381648255533,1.013530473551321,1.9449505020142985,1.1808826231973892,65.77821970022556,77.62816748205655,0.02758490855247253,0.28560022393087864,-0.07218708005941406,0.0008511429659478617,0.00015283488507773023,0.0013660064344934472,-0.0012786400534644873,inf,inf,inf,inf
2040-03-01,0.01878280775177478,0.018931437071569045,0.020278154718721082,-0.0020864524785132307,0.02114515361050254,3.560597453502334,3.1611252954064875,5.3506523503117736,1.161094705468618,1.3748103822326225,0.7193150216992359,2.350267244878884,1.1232909969209872,67.60130126592101,77.19243921708951,0.018079117839240735,0.28709853916685485,-0.07435221510274828,0.0006804260723859026,0.00014970093331686808,0.0017800091730540036,-0.0015564745856282418,inf,inf,inf,inf
2040-04-01,0.01864716907799085,0.019214082798005055,0.021148323835143795,-0.002084500973086666,0.019219591762813973,3.256354981907581,2.9589650195940234,5.119681165833804,1.0997136934758187,1.2065111384008556,0.19339107930849586,2.0560794819787556,1.3447633536920847,65.58669969239169,70.92425014214828,0.02270008909974788,0.28987718456448,-0.07663242324619003,0.0008520466015987372,9.769384190551358e-05,0.001057828949147576,-0.0009665494994426029,inf,inf,inf,inf
2040-05-01,0.01767659801944943,0.018946861666785192,0.0202154103602266,-0.0020871620535504527,0.028099150784202817,3.2930436904274214,3.4128157482516945,5.441478369597273,1.109699808307688,1.2863259144170174,1.467477978011085,1.4137070183330307,0.8131967894355581,63.99062582229737,71.8760423722434,0.018383128453390536,0.2859338941093433,-0.0788980413600074,0.00094262062583251,0.00012378572850847437,0.0021989792182790574,-0.001625156738179054,inf,inf,inf,inf
2040-06-01,0.01811016679249693,0.019009953231856058,0.02030414906064124,-0.0020863433639204654,0.025680076775036902,3.334376576727586,3.398722339265538,5.446304156372077,0.8287208907810255,0.673621616500855,1.6939762391461386,1.672797446547216,1.376016881049883,65.56852875651204,73.91649160415687,0.01679138862030805,0.2821180924993842,-0.08124194864526192,0.0009850739680536782,0.00017203948137274914,0.0018771713588860497,-0.0015990267841903727,inf,inf,inf,inf
2040-07-01,0.017985800347576093,0.018881237412370758,0.02033810342485423,-0.002088629930264837,0.02495086351081228,3.609005336998584,3.402448565927456,4.744678017464181,1.5422296795777255,1.1220807932526073,0.8921239900393958,2.208586542044543,1.054793638715238,63.754247275994956,77.37029117717563,0.023867173280331777,0.29037891861104276,-0.08359877932898202,0.0011753161724550475,0.00017055637564236757,0.002064386283978802,-0.0018868165109907202,inf,inf,inf,inf
2040-08-01,0.01733779982612929,0.01891560671904614,0.020303220462207033,-0.002087511434350691,0.02404670983126902,3.3355033257979194,3.3680621471068504,5.25963126678818,0.5706482204172542,0.7553645796544972,1.2778002315851862,2.4930580244067744,0.7757777530849788,65.99206972964626,70.99739897170205,0.02288461558721336,0.29007924711833066,-0.08624213506082319,0.0010514473244402972,-3.7500164233874334e-05,0.0017886311128782134,-0.0009482017165882364,inf,inf,inf,inf
2040-09-01,0.018915169937401718,0.01888054025848832,0.02020125850095452,-0.0020722718189621907,0.01926327961481728,2.9556286639554745,3.1808479658514806,5.175791531066857,0.9766030711430825,0.6487312512099079,1.4103073935031014,2.4219896198755517,0.7056465363809037,65.83268943551454,67.24954518119864,0.01922376280629155,0.2984731072414664,-0.08869187325335666,0.001010012925940332,2.852254179386041e-05,0.001295842731961861,-0.0015207805066379005,inf,inf,inf,inf
2040-10-01,0.018043591887803592,0.018866669299732804,0.020335242181787037,-0.0020865045757623517,0.03545401829065198,2.8442201851390623,3.2504488629877493,5.038793754043246,1.1394303230474685,1.284905576283394,1.7718806565470298,1.823458742508473,0.7906080000359805,64.95695114478475,71.9479493589263,0.02758324260508012,0.2923958633545004,-0.0911458840731344,0.0009575330895846411,9.599789483015166e-05,0.0011493650649753522,-0.001970042973911477,inf,inf,inf,inf
2040-11-01,0.019252211004906566,0.018898211290845592,0.02108442460191952,-0.0020864709343362286,0.02732517645220604,3.4877808381102016,3.071521759893981,5.242930201773524,0.7599022642118132,0.2384373653697962,1.170794267888201,1.4858710946123588,0.6947181842430457,60.85130975303499,71.11350241198497,0.02175447357957596,0.2896289724124273,-0.09384700517873693,0.0010545847370168793,0.00020035473897470331,0.0020432733474058254,-0.0018202141361111624,inf,inf,inf,inf
2040-12-01,0.01631037628056676,0.018867516561069404,0.02022090976624352,-0.0022226974747774726,0.028166540279546445,2.567063942277019,3.078859827494592,4.97513335892728,1.307859462802716,0.2386779677361679,1.039678950147724,1.3464688215650868,1.06065905061754,64.70061395234049,75.15784848957202,0.014987516319002473,0.2982002516241243,-0.09667716238787771,0.0008379414275323722,0.00014850019821385335,0.0018380095751782577,-0.001983069204359948,inf,inf,inf,inf
2041-01-01,0.018681372588025158,0.01910628422230736,0.0202419853093289,-0.002086457631106059,0.026363641188099418,2.972096012056995,2.812864204518453,5.279156781734586,1.5547335142783496,2.1232261583814944,1.0220522562517314,2.389269026021917,0.8667961269564539,64.84279221737586,69.88943104545437,0.017583732506518,0.2957984816789522,-0.09961850073589822,0.0008326258399344571,6.533959326752187e-05,0.002509681636803849,-0.0012949620122594237,inf,inf,inf,inf
2041-02-01,0.018637915959625308,0.01887469929351185,0.020234936398076525,-0.0020872238655369533,0.02607904113884008,2.3722771977945714,3.0526087796252526,4.710349238799665,0.5609842111169776,1.1430101734920606,2.0532834097947266,2.4288227355877803,1.0035281146165136,66.93547916934025,74.48130759705712,0.009051576881012368,0.2864906485746859,-0.10236943705016809,0.0009972999221424274,6.575749769171523e-06,0.002588629843078495,-0.0011691497917895226,inf,inf,inf,inf
2041-03-01,0.017558806629647924,0.019042282570677378,0.02012108911107792,-0.0022292501417213147,0.021530071566191515,2.6628587274478868,2.9173108427526473,5.159510736967301,0.809248207351215,1.7658153251004836,1.1652145257549469,2.2978792133224863,1.2129876931382326,63.050557460384596,74.02221247153717,0.007011704873757399,0.2846561388807475,-0.1054038912966058,0.0012402141476834765,6.248232952717995e-05,0.0019448632336880895,-0.001459718945335295,inf,inf,inf,inf
2041-04-01,0.017908568134925272,0.01882745259378485,0.02033405166477663,-0.0020873486040848812,0.028725828913087965,3.3204844611248068,2.960273250231602,5.192380734760734,0.9563725397545951,0.6492280853445589,1.118821489976059,1.830033625654555,1.1245440569584382,64.80812756598085,72.40100519485314,0.0227837878159183,0.29240500668077685,-0.108454473587182,0.0009938705645262899,-8.470735945248296e-05,0.0014759691132419472,-0.001412060262430863,inf,inf,inf,inf
2041-05-01,0.018744026806649907,0.018818709984685947,0.02021463377030068,-0.002084804749679342,0.022981435081601356,3.574151052627065,3.062284115486618,5.629778627050795,1.2200881069676506,1.3324044095456202,1.2855375449775388,2.1037564204294723,0.9446229179089599,65.13572557120214,72.96151983687623,0.00979303264601594,0.29017581848813767,-0.11177683303776546,0.0010235370860590355,5.356022044877208e-05,0.0019608939445175887,-0.0012072028191798209,inf,inf,inf,inf
2041-06-01,0.018538770952255344,0.018880437087275947,0.02026304859329212,-0.0020853969857423257,0.02043362059321994,3.2722941083595147,2.799147572871237,5.36929867937735,0.8508672391370522,0.8995772182158681,1.8125316369015287,2.321040108002184,1.1700105481933052,65.10231638268313,71.154131622003,0.02323263179566641,0.290971022941052,-0.11490646417724794,0.0010638752849007715,0.00012057730838892663,0.0011895202387120422,-0.0013467153237087797,inf,inf,inf,inf
2041-07-01,0.018744028479736732,0.01876343496470128,0.020244854655053435,-0.0020864424407120016,0.02327245357385742,3.5025154338993683,3.868115072994683,5.820962065881798,1.0063008009481602,0.5512868944522324,1.6340943979096691,2.387716653105437,1.145106853747169,66.1451775739593,71.53043641057172,0.021155139851080425,0.3076501061229556,-0.118249889751849,0.0008966075970140491,8.060139413416951e-05,0.0012587044539731605,-0.0019908710902413126,inf,inf,inf,inf
2041-08-01,0.018027287204134785,0.018953096775839257,0.020347422513490844,-0.002087173600666969,0.027345282135603124,3.097294073505192,3.9520865849951425,5.486369026155334,0.6577534769284689,0.6582275963853521,1.9115735290905618,2.2491632869878413,0.6278042709728648,65.30454418941387,75.27978317375327,0.02007927473827588,0.301636832482812,-0.12186522876350221,0.000898612451122689,0.0001067294690231991,0.0016981807779317237,-0.00238650580616727,inf,inf,inf,inf
2041-09-01,0.01812530986297964,0.018914013363025253,0.020605638558879105,-0.0020873040029097583,0.0302780494414308,3.505121518131977,2.951105368810391,5.229867518636288,1.11658127461607,0.8404154535920796,1.2281249868988167,2.0572897754795734,0.7403310545310855,67.44300780612916,71.70729078926944,0.014639809282774544,0.2818154024125877,-0.12556454389692948,0.001064133574757711,1.3886312246617446e-05,0.0019295539975344557,4.287580238184407e-05,inf,inf,inf,inf
2041-10-01,0.01789099563308907,0.018849004676469425,0.0206132192265227,-0.0020880062876164666,0.030115131044397912,2.562201979662721,3.5889116808896753,4.985074291372436,0.2916336176001,0.3814126051410264,0.7935950219105933,2.004574676762431,1.0302327827217868,64.70110798404075,69.89925927507865,0.015891119546323978,0.29023223144998667,-0.12911853429743533,0.0009465220667967685,3.763382631703484e-05,0.001594910635792181,-0.0009299995073443187,inf,inf,inf,inf
2041-11-01,0.01848492590440375,0.01891560671904614,0.020199485439620718,-0.002084156376935767,0.024529306062643745,3.2039666622011573,3.0967700283746455,5.527804779190071,1.7445197379323532,1.362253340987523,1.1569609701569057,2.5281423795382247,1.0202320558190177,69.15126743162257,72.44644428152104,0.02146895265272349,0.2893770950140347,-0.13273738752823433,0.0008665946611809179,2.0956995385545534e-05,0.0009304909980631068,-0.0007390893864148728,inf,inf,inf,inf
2041-12-01,0.017683144679582756,0.018805173755429356,0.020220094697692627,-0.002086235186683311,0.023272472381814964,3.2372960564618682,3.4067537960740943,4.937195725459155,1.1406074656157745,1.3223241697703207,1.0363633957528635,2.2400369485683895,1.3249795008203482,63.74027357134244,70.29735997235629,0.03465362537480358,0.29049952151038255,-0.13669507071893358,0.000988784368171201,0.000128553928713489,0.0015879786474239357,-0.0018881913769228933,inf,inf,inf,inf
2042-01-01,0.01754924524687608,0.019026874982199703,0.02022969242218954,-0.002087465016658043,0.026539790046414376,2.7084846617630887,3.418820786870313,5.129093491177501,1.3910321534748167,1.0136367134895776,1.013202797982138,2.0316897229259596,1.070648066390441,66.59449637814458,73.5968479399015,0.02341262607834338,0.3074654726922773,-0.14083760471071466,0.000965890204061183,0.00015408964676479186,0.0018560279569395906,-0.001126322137682384,inf,inf,inf,inf
2042-02-01,0.01795342380122799,0.01842159457554257,0.020289167969417536,-0.0020862353484382467,0.025780534480042184,2.9113620585210436,3.06868513062512,5.7450977861308274,1.112942473500538,1.2451777390266707,1.3465553045919176,1.6169757037435135,0.6794623588099555,64.1851162857518,72.64402754364785,0.004386192508911035,0.2691105755320103,-0.14494649797827225,0.000984225457191829,9.390612954789568e-05,0.001938760076284011,-0.0007063233932337247,inf,inf,inf,inf
2042-03-01,0.018166201343789462,0.018860547142384665,0.018982940480838453,-0.002087223392293526,0.02609550885687896,3.181999046184992,3.500223911848089,6.085613994193938,1.4172709384202489,1.157404074422272,0.8641767085473491,2.2307254276880553,0.6006120980890732,64.50135124767097,72.00271844668002,0.019087634900281508,0.2960857514750727,-0.14900949727409504,0.0009489787251684532,6.884566739192769e-05,0.0021375152179783576,-0.001132406588515119,inf,inf,inf,inf
2042-04-01,0.017868629784578382,0.01868338018748225,0.020221021762023006,-0.002087875886914884,0.02556430701665354,2.4779866158791855,3.664928867530689,5.504913451415049,0.7434515799247572,0.5996803415355353,1.5444828926847534,1.7410017383826724,0.8664981443442642,66.67907664221823,73.70706944601135,0.01419384721547581,0.28842235521760423,-0.15355911015562582,0.0011662456072790203,0.00016329138206022607,0.0022510548763116913,-0.002048750027064238,inf,inf,inf,inf
2042-05-01,0.01772892073015383,0.018887910278535466,0.020298084647332664,-0.002225919403059221,0.027204985575878443,4.15888641844528,3.8440483601305337,5.454267295142819,1.0646027294848028,0.03858210126867545,1.3738572100683428,2.173667522513465,0.9588001827114214,70.35076595934453,69.603990913498,0.012407284520716226,0.2918521138531483,-0.158065723857372,0.0008941597343523385,4.421245993035317e-05,0.0019000898431547411,-0.000890944276014444,inf,inf,inf,inf
2042-06-01,0.018716914835803643,0.01889987080598573,0.02040026362911458,-0.002090444567058,0.025354399543434266,2.830971926261614,4.116076460410725,5.772676290347492,1.1539931487541222,1.049055664094565,1.0069718102076557,1.7720450475508829,0.6367516188545537,64.70455797287421,75.49359021171618,0.025051744629235043,0.30301707008483475,-0.16251388031489344,0.0010912741213111692,8.063295032356143e-05,0.0016726613617151819,-0.0014743092100378784,inf,inf,inf,inf
2042-07-01,0.01726296544275547,0.01887861179459952,0.020360489443479318,-0.0020842211290927493,0.027969902968454786,2.572257137588523,3.4163772082681887,5.020555769503529,0.661601757784366,0.5388104938980853,0.33948681514375223,1.87814458460255,1.2317790780080635,63.4321043329863,71.13364882951065,0.014111671253436965,0.28937114504557115,-0.16724570291478863,0.0009122687603898163,0.00012764922043166993,0.0013475425909216954,-0.0016307616120734905,inf,inf,inf,inf
2042-08-01,0.01786418423949046,0.018839661129327806,0.020219540076829964,-0.002062174298439283,0.01983087064873099,3.9604412983786235,3.9812166624762124,5.467385966810165,1.6801389985306008,0.3576991256334703,1.9095087821606365,2.289952443422663,0.9002579244730047,65.2745091025584,74.31521684850084,0.02613899148887556,0.27957314120306404,-0.17253342909576808,0.0013273039199559907,0.0002056074942490695,0.0016045612864590637,-0.0015711831664027465,inf,inf,inf,inf
2042-09-01,0.018409418308845828,0.018936416130082116,0.020350044354393075,-0.002087524341564941,0.028501200248671636,2.997518451260342,3.5746085814188553,4.661417074877693,1.408188705257478,2.200939289734012,1.9355011903026482,1.6523215236063031,0.8905902568920667,65.73862628501054,74.72273553401465,0.016267337197628604,0.29929957377455163,-0.17731736175487545,0.0007099445781614153,0.0001698749297751244,0.0019587658602620607,-0.0022114512440044097,inf,inf,inf,inf
2042-10-01,0.017762980490397352,0.018865820295406385,0.02022737679849397,-0.002085399301384725,0.02337054581749744,3.0957421339485105,3.393351415665663,6.244729453726371,1.91765170816223,1.5123501848493297,0.9251444626924699,2.026274777029485,0.8587208194525718,67.6490356318361,74.94297241508556,0.025632968120776246,0.3110521637131471,-0.1825802558481094,0.0008222412564533383,0.00012745548799880595,0.001796973324617796,-0.001400618893652462,inf,inf,inf,inf
2042-11-01,0.017864667110532105,0.01894150422346778,0.019800301651004222,-0.0020882610018063065,0.027451871166889852,3.5253907015134844,3.246831279735676,5.7406434415467595,1.6423270349650112,0.410343492871706,1.2790740177495756,1.898857010030431,0.7894267608753027,63.462385624642955,71.83340261565051,0.019716498304243355,0.2826853169849203,-0.1877833098341649,0.0011865481057230492,3.953746354350884e-05,0.001490700786040713,-0.0016607115520198127,inf,inf,inf,inf
2042-12-01,0.017773701746003387,0.018889703864560323,0.020254308297730603,-0.002087666373221527,0.02703186082427092,3.3665847981976578,3.404879956992751,5.255228035212903,1.7209843584011528,1.1061775026412803,0.8204026148616705,2.141057344410005,1.4988422107257038,62.1868006011589,72.46241979172332,0.014485504165039374,0.30037970893283206,-0.19335972851560174,0.0007753215712923189,3.241233349147375e-05,0.0013675904718404544,-0.0017463672626570836,inf,inf,inf,inf
2043-01-01,0.017566281387388395,0.01866782526687699,0.020185460883554655,-0.002085800603156987,0.026662860072522027,4.326959762101186,2.852175819547168,4.970944702240869,0.8908711950943269,0.8701949510816771,1.042874834098404,1.917870546736366,1.5075959072686782,66.61381934308493,72.882441471276,0.02579609551098997,0.28686191195134497,-0.19912105543744038,0.0006664928492414253,0.00011512551067990661,0.0008358926531879663,-0.000936743387387792,inf,inf,inf,inf
2043-02-01,0.016812716613278676,0.018933660327878812,0.020390106908182905,-0.002087471264783577,0.03020146782422479,3.6249808516553266,3.6522235214077585,5.56400261314063,1.7599510408314596,1.20680874177165,0.7700360316468503,2.1385205968142773,0.6815899901291981,68.31775655376624,69.76918537230105,0.014582619382511762,0.28847012975955577,-0.20492347058781196,0.000802131569324293,4.879936795581428e-05,0.0016407711419238837,-0.0011397223502380555,inf,inf,inf,inf
2043-03-01,0.0172515480485396,0.01888680667558449,0.02070940751301223,-0.0020857235085686558,0.024322840261971054,2.174704967856914,3.46509870190585,5.362190788400218,1.6593553432105086,0.3740273798088596,1.3336921433223312,2.487594755664703,0.84950024342394,66.39118627888526,71.13746373152279,0.02952629209032176,0.28801148222895995,-0.21077894531221347,0.001073654908094526,0.0001546542606093288,0.001178876573823307,-0.0005895015332170405,inf,inf,inf,inf
2043-04-01,0.018059525816328213,0.019421269470165644,0.019593025275025596,-0.0020864588208453264,0.023558342815862672,3.3811147299372446,3.880615145028958,5.416753011781197,1.3275635570421886,1.2257239844725158,1.7477630188826694,2.7436971692734087,1.2780585460811138,63.402175007219604,80.20621347127616,0.019390673218156847,0.2896012099669398,-0.2169335169662374,0.0011252852108695993,0.00016948367733977097,0.002031327801082889,-0.0017232491529954493,inf,inf,inf,inf
2043-05-01,0.017958998524371883,0.018931216357838343,0.020154219727059927,-0.002087176659100053,0.02154891213492461,2.9792955715430014,3.655349940870994,5.616575487525474,1.3192249871762698,1.09439150205166,1.5913559277688112,2.5763294695385257,1.1696424268542713,63.813961505310715,73.42183183931373,0.016225995930837157,0.29732428122191845,-0.2234285616858679,0.0009938703729008233,0.00011774021912779988,0.0016467616850064594,-0.0013478500790940588,inf,inf,inf,inf
2043-06-01,0.01817181058300377,0.01893940482431267,0.02034012906355029,-0.002055412981003097,0.031056760838448903,3.989055714368495,3.8038295415331635,4.96424182970558,0.7406786431216255,-0.09404325504331679,1.4526158687395463,2.1343208199890364,1.0133112010357437,64.83126391265118,72.61113502503268,0.018878233525704828,0.30206716596952177,-0.229960527943905,0.0012607076724459863,7.338077519023082e-05,0.002018414917298638,-0.0010990211756364502,inf,inf,inf,inf
2043-07-01,0.01834017325679877,0.018956805934424694,0.02047672483591855,-0.002087653792968579,0.022748557445853954,3.2629151803033527,3.5896655552116803,4.536295926983433,0.4528482238240241,1.4230491534137897,0.15633918145639725,1.9132198222771508,0.91147548000425,64.34287614493283,73.27329694627942,0.017990506799388895,0.29634947476855367,-0.23666213497471508,0.0010650304518053054,0.00014215489130169819,0.0018332742222747708,-0.0010497582102797715,inf,inf,inf,inf
2043-08-01,0.018423700996567288,0.018885187058345663,0.020405808757807856,-0.00222674271009983,0.019263395400541256,2.5368063185476,3.3607342597004495,5.4634432556545915,0.8766590960158748,1.83719540509431,1.4168013365997143,1.9575817714095263,1.0043772188469713,68.53867000247953,69.97701034224373,0.016054074141910336,0.2897955007288159,-0.24336986342784134,0.0007861528430456326,0.0001820781028543423,0.0013906189827262003,-0.001232176910193417,inf,inf,inf,inf
2043-09-01,0.018752605666443944,0.018881516596833306,0.020353848619416224,-0.002087229120425807,0.029707016309267226,2.8635428406940737,3.323537036640259,5.958001647582324,0.09465946947923243,1.6642518273798415,1.3363554709436831,2.2684083122549974,0.606934359822764,65.76114299784629,75.44249060678376,0.020527191186899912,0.30623979030409293,-0.25075167025967077,0.0008760272058379439,7.114705087435394e-05,0.0018799938990176897,-0.0012158671029865265,inf,inf,inf,inf
2043-10-01,0.01851238029179763,0.018860547142384665,0.020286271928675235,-0.002085634983007378,0.027408426270993637,3.5299383112930847,3.3512042385774055,5.6419546832013125,1.003753444616553,1.0962942037344288,1.1929703522349808,1.9106908025674254,1.0573872476992183,65.11669503416987,70.31141838912201,0.029292776721291037,0.2973342086023919,-0.25820885012175626,0.0010016246879198843,9.02931748192778e-05,0.0021598844742728787,-0.0016166914180619448,inf,inf,inf,inf
2043-11-01,0.01810716445319208,0.01866136021800603,0.020244210235940068,-0.0020864796075425406,0.03130671282964586,3.4945740439423,2.7325712428807893,5.550304530934407,0.8969664648584793,2.0170317926084955,1.2448557676342236,2.1796635253999743,0.8255018581612389,64.3610670551678,72.07753454783126,0.025375266115788817,0.3050963949850762,-0.2658574193535919,0.0009129855144529464,0.00012509068248887247,0.002042792057917667,-0.0017700542234521696,inf,inf,inf,inf
2043-12-01,0.01573116822157567,0.018843696425639413,0.02030133744124444,-0.002127959617273805,0.029837768478690734,2.7887552876711497,3.317196903699342,5.747106460415631,0.3642407072815762,1.3546450873730969,1.4128496438435407,2.09745555520857,0.9200918794889672,61.57380680192876,72.41022121217999,0.021213094120501895,0.2749908136341488,-0.2732032496722987,0.0010548643752812743,8.60974887936546e-05,0.0023862327750595654,-0.0014218399092481974,inf,inf,inf,inf
2044-01-01,0.016112127473738677,0.018963455519716496,0.020720390146131744,-0.0020876350439779437,0.0211833217129601,2.1574692097397667,3.035393426574941,5.45358343864056,1.1786848437671187,1.2354702834538513,1.693803480560571,2.230596854400404,0.5150496818219288,63.65337801772422,73.32815132317722,0.02442796363379332,0.28529544983270727,-0.28145536316384906,0.0011210893945123575,4.5438488817608015e-05,0.0019585198251158846,-0.001408020946130893,inf,inf,inf,inf
2044-02-01,0.019866295616870082,0.018863569646527717,0.020385566795698796,-0.002087344139657649,0.019907524969115915,2.9007436297714477,2.9327349811268197,5.281597208766325,0.728849354555543,1.252044849654326,1.2028651799812735,2.148919100201554,0.8298122356356699,65.90082683820516,70.66498727644945,0.02863150010753157,0.31357309834155844,-0.2896716827268548,0.0011565041511498982,6.313869098735611e-05,0.0023897734594117803,-0.0013598033464498741,inf,inf,inf,inf
2044-03-01,0.01822960579973548,0.01885069160938101,0.02030414906064124,-0.002086281193515642,0.028251419361655244,3.029607141035279,3.79240782153,5.468130815360367,0.7915649629499054,1.2992905662145358,1.3008400609757143,2.023452477397618,0.701755169418403,64.63206823102142,71.60109016649947,0.024309264923260146,0.2904390253978297,-0.29819439434687584,0.0007052470545739483,7.941432465193669e-05,0.0010831846843964447,-0.001302796223663195,inf,inf,inf,inf
2044-04-01,0.018505636811154993,0.018981421239832187,0.020337173345989928,-0.002126962814639187,0.028381782532803813,2.978206315070101,3.276683185558388,5.877799104096079,1.9720132108709456,1.1820510661458226,1.3236609023355559,2.2047984907701776,0.5114161818763645,66.27715960634558,75.25179151766294,0.030861136020409904,0.30030246687289863,-0.3069650136155789,0.0008739228633723895,0.00011589229294494741,0.001204781224515708,-0.0016165073226859672,inf,inf,inf,inf
2044-05-01,0.017157446398405777,0.01936160285913447,0.020231934639767097,-0.0021168756347418414,0.03106067859449333,2.7247810058003017,3.4143669743130762,5.597251070762122,0.7515220842244924,1.0012562999687564,1.0829833401465576,2.555504394861979,0.7813644519593483,67.34429637623901,67.44613624108402,0.023858920896341198,0.2879322309076908,-0.31595512394404995,0.0008442907480314353,0.00011061410239761448,0.001199702327808919,0.00011405424718402969,inf,inf,inf,inf
2044-06-01,0.01739387804689246,0.01898440560061933,0.019974040694023303,-0.002084528575602067,0.026695285439922972,3.3397091745287635,3.8217422229556206,5.988805478023405,1.9331935462768732,1.1530595796296832,0.9020574303276988,1.8579663043512809,0.6557344506879565,64.1837902396369,70.5640397011114,0.02104829716906343,0.2874510386630219,-0.32501945325721576,0.000976702211310634,8.639018327518094e-05,0.0022181183616933856,-0.0011034774979520698,inf,inf,inf,inf
2044-07-01,0.01872926112055528,0.019002281096353747,0.020426177694057482,-0.0020872955559493992,0.02652588058793339,3.4758336435175634,3.737957804473516,5.131127184889022,0.5911430525614272,1.018604654332405,1.316011341176623,2.263878409952472,0.8115788908061071,65.16867389741299,72.57306751809271,0.024042924274859608,0.2832045757791523,-0.3346431512550604,0.0007325835914895848,0.0001568850688015194,0.0014498800802642,-0.0017416851735941514,inf,inf,inf,inf
2044-08-01,0.017386022569094252,0.018984940818972763,0.020447759373933214,-0.0021170438585286742,0.024470511429018762,3.8786246156273827,3.6945513917858115,5.3902548785425255,2.14445774831817,1.4817430251892292,1.016649075916355,2.4202198552348566,0.7818800835895376,64.75637814241259,70.774708595978,0.022356048624205007,0.28248200196478307,-0.3443575257171992,0.0009543905655195235,0.0001192814648959902,0.0016429144540317736,-0.001067148205113913,inf,inf,inf,inf
2044-09-01,0.01865624215129976,0.018849004676469425,0.0202416874556623,-0.002090639671614728,0.025422416121342828,3.3632049875998637,3.244490011184283,5.221135447880462,0.958572258253354,0.2099572309797375,1.106551489486061,1.800126444978319,0.9301611400894615,64.04160688453454,77.17970325825928,0.02639300917035282,0.3029743602177651,-0.3543626184984403,0.001149738918173935,0.00012231233561655545,0.0028544350139440675,-0.0021856828664528318,inf,inf,inf,inf
2044-10-01,0.017788230098804307,0.018953255841659737,0.02023863961065753,-0.0020838938852215543,0.020568633980169,3.4606654329862296,3.146292910053196,5.470903704911665,0.837876232825226,0.9204329140427703,0.9012831347353989,2.3483092388514812,0.8953006319915008,60.127431749876024,73.47420569417777,0.02427981042480977,0.2816973851460137,-0.3647508617079142,0.0012832155281245722,5.049127600147173e-05,0.001431863900950703,-0.0014524815127668832,inf,inf,inf,inf
2044-11-01,0.015270407079495903,0.01882056356231672,0.02022360724877837,-0.0020906512073071344,0.02553330705183169,2.8727234809402513,3.971948423361768,5.104032504253207,0.7074193060495306,0.6341388839883582,0.9037344416198514,1.3956004994825064,0.6466212563838717,64.37813041737034,71.03029767031553,0.018090309603151798,0.29037034714212856,-0.3756298328174645,0.0011052478007686026,0.00010465382437906556,0.0014705630864269735,-0.001485934146007418,inf,inf,inf,inf
2044-12-01,0.018154847905146834,0.018919694702097922,0.02025958687978211,-0.0020558649025105733,0.015221493718617665,3.383805850124127,3.5086642812138455,4.643275920548879,1.4305704903438474,1.0908879091521404,1.8149592568053583,1.1260681067980567,0.8171016833273672,60.47628894128921,71.83574030404502,0.024098155343886533,0.3020411616877914,-0.38622945242604384,0.0006034693968710033,0.00012595335012003078,0.002577529625961115,-0.0022805522961849467,inf,inf,inf,inf
2045-01-01,0.01853528268369689,0.018931644829598422,0.020286784443442056,-0.002083309320922769,0.022542345523725072,3.4252311513295757,3.39907301443748,5.589594708440298,0.6756527039544733,1.411266087054387,0.9946759503912208,1.9803343309387615,1.0234617419946115,62.499331007627184,72.6039893443266,0.021416077707634824,0.29237518936780027,-0.3976001481392032,0.0010435444838778167,0.00018336614980128777,0.0018020362295820764,-0.001349213483618096,inf,inf,inf,inf
2045-02-01,0.017642682280006976,0.01890220901513837,0.020191436881905653,-0.0020872282067963114,0.03351135264883485,3.1438556067717087,3.2793836110616796,5.363858456272306,1.2512574183345146,0.9863484336028707,1.6236050966611084,2.3377437090400925,0.7437668070891773,61.24204383501231,73.39480776147397,0.024696500245670865,0.2889858298031666,-0.40921919813042446,0.0009917994700485377,0.0001177688039857262,0.0015090111837341921,-0.0018968996485331444,inf,inf,inf,inf
2045-03-01,0.019035895499355526,0.018946491930729316,0.0202416874556623,-0.0020862347877877957,0.02768655198497857,2.7698600627812135,2.687757462183435,5.4173725592421675,0.5248523336552084,0.672751342045984,1.6224173588555673,2.3022684984514377,1.12723123580866,65.0358998400956,73.76060481140706,0.025062765281216044,0.3003641699559242,-0.421311471296722,0.0008965581352994402,-6.395346021795237e-06,0.002199024103127864,-0.0010667632306517122,inf,inf,inf,inf
2045-04-01,0.020457200814202686,0.018881849766419094,0.020467196795924802,-0.002086445382372537,0.023420779990119787,3.0771488735239623,3.4675481961713777,4.866619497620156,0.8473153672856966,1.4462804817474166,1.654100285337497,2.5503544770046,0.7726232425209455,68.91306838455779,66.34251273423678,0.01829823655869004,0.28550110843408666,-0.43385828886861605,0.0007310698689090944,0.00010829341623519518,0.001603915384535367,-0.0005428522187689627,inf,inf,inf,inf
2045-05-01,0.018130417634656965,0.018881516596833306,0.02027248378097367,-0.002086211330533789,0.01953752860370094,3.9817530437669775,3.465605703631226,5.157802352723151,1.3617455048997,1.0447425936995973,1.2559317408966206,2.116416895954794,1.163593020219758,65.41062844237426,74.869604208299,0.028761175048903635,0.3018297110286103,-0.4463651949719515,0.0008384905880984863,4.699089448664078e-05,0.001919289932134415,-0.0016586648198537752,inf,inf,inf,inf
2045-06-01,0.018538770069560877,0.018861940314519925,0.021099198538438904,-0.002087459383052924,0.022828759681226152,4.0822887694137995,3.58839090745634,5.200702187692513,0.6702826942150983,0.24053365409298877,0.8018114174415467,1.2083421199085222,1.11487515379258,62.991007760734455,74.52886239073729,0.018670493649780216,0.2938626735521399,-0.4594421318882729,0.0008335537209246573,8.129961706443246e-05,0.0016474083519266705,-0.0011743371944999983,inf,inf,inf,inf
2045-07-01,0.016337738671235804,0.018933660327878812,0.020358009688351934,-0.002093684510426132,0.022623467351596954,3.0754168083504805,2.911451510826334,5.0591214545810805,1.1721379785762027,1.259612841849004,0.9824410101881218,2.315457901992896,0.9719033398147569,66.78302126753474,73.85684349106471,0.028538710414813623,0.3050480391536745,-0.47283024547056507,0.0009471101455127164,9.469879868979158e-05,0.0019843672327414584,-0.0012111472088424634,inf,inf,inf,inf
2045-08-01,0.014492203594153184,0.018972563045527798,0.020058424896979062,-0.002086407962144197,0.026525886562852742,3.823718959507069,3.459614534769222,5.448112650849603,1.5742552740751146,1.2712534207780934,1.8351608035112887,2.449460189065863,0.9299933607697229,68.18677941110761,74.02478781123625,0.026801182909225833,0.2658729471284589,-0.4869529788900886,0.0006495313830264046,9.235602893692777e-05,0.0011995338211424676,-0.0014557920998931851,inf,inf,inf,inf
2045-09-01,0.018782799655844853,0.018863203486157484,0.020245931608059216,-0.002086233635300691,0.029746488617559096,3.5025088022220148,3.5925236922532586,5.55555687398532,1.1945861887350888,1.0982244769192173,0.8593175978557388,2.282121820462525,0.9759354637136206,66.74814210660688,72.75363163242994,0.025678235652821117,0.28523968528889326,-0.5008706803326827,0.0009841770330845084,0.00012194879203179362,0.0016295292079415984,-0.0003141331803227596,inf,inf,inf,inf
2045-10-01,0.018409080548501072,0.018934991122647606,0.02023531096509389,-0.002087647846824981,0.02341406671456114,4.039047964018732,3.690063947342487,5.9198240185486775,1.213736006320534,1.8689903804462136,1.1422422494139675,2.330385480323711,0.454875601166689,64.76144087920822,73.66998313358462,0.027317180633320823,0.2894391933251915,-0.5157694593711675,0.0012156942176971205,5.4351846955835e-05,0.0013914417140468436,-0.0010667357495528634,inf,inf,inf,inf
2045-11-01,0.01866455659854977,0.018836889809706506,0.020278820997026888,-0.002636492680157098,0.028463979738355016,4.027397571846245,3.5049608372425665,5.171333478183249,1.6408994825250491,1.0144312080651592,0.6874392434153294,2.5615192240058215,1.1364166900415131,66.22502887553638,74.4943468775504,0.04290044668962457,0.3005327144156789,-0.5308188053104241,0.0011244768828515155,3.168618050968958e-05,0.0013969039371684899,-0.0016268890194668,inf,inf,inf,inf
2045-12-01,0.018055730872609612,0.01887748075411001,0.020336718067012854,-0.002086442161497621,0.02231364273182832,3.1125000510059584,3.625416562420093,5.510427834267216,1.6790171409186687,0.7593314744331571,1.6462024615535238,1.9436517323197613,1.4034998645710428,62.98468784913633,75.78424531875068,0.0231321866964538,0.28380133104845434,-0.5463709184941575,0.0010895872030071596,7.1580581936171e-05,0.002321508394076559,-0.0019209913616771962,inf,inf,inf,inf
2046-01-01,0.008781214212071568,0.01890013409216497,0.020415764721673328,-0.0020864608951958984,0.027294105372556592,2.431208284654537,3.069526150083458,5.081961628101308,0.8345646078070947,0.9475235095466461,1.3582409475256214,1.8958989731041573,1.1125415509011336,60.51295928047399,70.84761837153303,0.017864622592592673,0.3025415043638532,-0.562188768599226,0.0011268191954461233,9.131334581617776e-05,0.0018269126930641965,-0.0014149065016387618,inf,inf,inf,inf
2046-02-01,0.01830115890245998,0.019457491911443824,0.02025656092030343,-0.0020623875154552793,0.022962335732465956,3.1626316568769677,3.7631198303665725,5.810525073066587,1.2706882743683707,0.8832024999881845,2.1637884967347185,2.6357706514716766,1.1804666601834422,59.883203695344775,73.11448626049258,0.017897824880113013,0.2763234858625832,-0.5785584908890682,0.0012328453876331998,1.9272995133434303e-05,0.002378801715469777,-0.0016001099016102547,inf,inf,inf,inf
2046-03-01,0.017623539678374513,0.018889703864560323,0.020206240469037823,-0.0020875253411595123,0.02531772182032509,3.5532299165484322,3.6199780901975536,5.6920337896560715,0.6661893500685451,0.4750421491870207,1.3242605546029713,2.420152674936922,0.9031958713048438,61.61050482678833,69.77867802642041,0.02158552930063692,0.2914227663825626,-0.5954725970312107,0.001093249975431426,-2.379874108065381e-05,0.0020164004174202054,-0.0016561134664820432,inf,inf,inf,inf
2046-04-01,0.017545033871145317,0.018869104939610408,0.020273414419721168,-0.0020872294975474923,0.021617402327004473,2.788592374635186,3.4977180700469117,5.382695403983493,0.9701267592539806,0.3400811892436385,1.1057105739617732,1.538830208181012,0.7442668377943448,67.54335559997885,75.14311982433244,0.018332277057974796,0.29071362815594903,-0.6131840012252938,0.0009386024575413458,0.00010879699965312404,0.00159276802915949,-0.0012749635628754468,inf,inf,inf,inf
2046-05-01,0.017262966088375076,0.01890676402365306,0.020498891458302457,-0.002088516689879557,0.034091381369467114,3.3232336420058983,3.043533476691775,4.9641083612018955,1.3558414100316802,0.8229743849749717,1.1654422543717369,2.4037427434009437,1.1154502340620915,62.13117165784404,72.66069094558037,0.025824209443246666,0.27525237816068904,-0.6308226977706657,0.0011256624942247385,7.578504445642469e-05,0.0018589186787072221,-0.0016563602206262863,inf,inf,inf,inf
2046-06-01,0.020748917562434677,0.018854130923824253,0.020418528295361393,-0.002086351544506736,0.0261393693499877,3.373915943317883,3.379223890357638,5.207868020226834,1.0073256096954901,1.334888167623333,1.2569717186522629,1.615005881343442,1.122026430051071,62.96452990590747,72.91288136193809,0.01952955687394284,0.2872267813898795,-0.6492960416231627,0.0008031480910513526,0.00012386256927692044,0.0016376451576326572,-0.0015249041416587606,inf,inf,inf,inf
2046-07-01,0.01885288788821295,0.018864484790005763,0.02028277513082677,-0.0020692981450119463,0.024219890301162485,3.119653424443383,3.7927798029997506,4.989419215195121,0.04711183029040833,1.623450929697862,1.4480698609074907,2.090014393254223,1.2510716692585715,65.71284631739978,72.08389734845225,0.021872169671523736,0.2962607909717557,-0.6684115945111636,0.0008140906872787952,0.00014768415048692384,0.0020070063470354225,-0.0017698406316019309,inf,inf,inf,inf
2046-08-01,0.017953156545465178,0.01890206771121329,0.020336718067012854,-0.0020847763919598626,0.022747050013835014,3.427294870698919,3.8130939746396537,5.487865816697182,1.6874870421659005,0.6532367456956436,1.0846787369665032,1.6108236494934383,0.6730588635054499,64.75961994053064,71.02401174452221,0.021072276461377677,0.2990393780920286,-0.6879201196239733,0.0009490879780333973,0.00015024194446382698,0.0015529244676041156,-0.0021255321004694846,inf,inf,inf,inf
2046-09-01,0.013357368868235155,0.01929953129451251,0.020216593637791314,-0.0020864775500076763,0.01479421638926643,3.656308953938953,3.1068748963324446,5.487726854411273,2.0701293239174863,1.1254713642417848,1.1132697047653288,2.3336146478503927,0.9390806819238103,69.98770738496877,73.75116055257604,0.032858536724915816,0.30683727112667547,-0.7080835568657979,0.0007031295081285781,0.00016265724425731774,0.0015183485218912397,-0.0014167160448468317,inf,inf,inf,inf
2046-10-01,0.017885468224548243,0.019044933351432345,0.020497932079438494,-0.002093706007114456,0.02644407065134909,3.5049624232158294,3.293012994506703,5.92022265904088,1.150097967156226,1.6047008436135948,1.5135464496249735,1.7165060883831125,0.7723955675712451,70.68515791392892,73.62894226120576,0.02137949323965124,0.2867601503752736,-0.7289303095237328,0.0007396650728545522,8.803892765696456e-05,0.0012645729338605772,-0.0010829585852962893,inf,inf,inf,inf
2046-11-01,0.01816167013732178,0.018884137425677114,0.020388333710576696,-0.0020876585352265034,0.020169690810313175,3.3286696506154785,3.2906437858934234,5.280686293825494,1.2087603976347072,1.5253343775214843,0.7059190312081297,2.6225476455688845,1.0318347259805816,66.5229217435503,71.69719320615474,0.02060318101401793,0.29345813555609634,-0.7499279234210668,0.0007695453369662969,7.900487052499774e-05,0.0017288723718321894,-0.0009340007938242551,inf,inf,inf,inf
2046-12-01,0.017348142497379312,0.01887469929351185,0.02010912183796304,-0.002087368709790125,0.02999537467924397,3.9302269085454506,3.2828057710405054,5.368319795009866,1.3104492840239725,1.0185489384320277,1.7494261973318792,1.7109351314205683,0.9908046035178707,64.87754884201463,77.06061104964076,0.01580745907829076,0.2994962360287026,-0.7718543335251047,0.0011473247203348182,0.000195125778479855,0.00218322206354833,-0.002027245141229429,inf,inf,inf,inf
2047-01-01,0.017530847586588363,0.01889296461469662,0.02022727718820616,-0.002087231608619046,0.02475201516556297,3.0594089154011743,3.509635975436776,5.681744475422021,1.6162644037138616,1.0160915863146769,1.988971621166948,1.3150378505541704,1.032287786533139,62.93451728626493,69.36744155793312,0.018683593419463938,0.2970121563282537,-0.7945618292301416,0.0008511131525959244,8.624968065933099e-05,0.002162193544731716,-0.001978995579434614,inf,inf,inf,inf
2047-02-01,0.016112126916974542,0.01884243708685651,0.020252789688471048,-0.0020856471824297596,0.02649027202428317,3.6671343578633495,2.9918423715160065,4.590276815364702,0.7035358478616494,1.1920315905430576,1.0806097414094633,2.07679745458782,0.7214875980928597,63.90962749394224,71.19063025563402,0.018094606200178543,0.29803424967279474,-0.8176532111320748,0.0009532500497236876,6.625313696689097e-05,0.0010844622288169532,-0.0019654763421466472,inf,inf,inf,inf
2047-03-01,0.02019385479813332,0.0189350250676132,0.020329157716485167,-0.0015841336593256,0.022131639449685814,3.224875405333839,3.0456227623699297,5.68979501671677,1.5787078636120746,1.066861076365437,1.1139808901937884,2.452593859419519,1.2881086423108223,67.47571687497631,75.46926576874804,0.020554828346399334,0.2833686098192797,-0.8418119866432422,0.0008408771808457645,0.00011999856480503629,0.0018096388311420644,-0.0017605420475916296,inf,inf,inf,inf
2047-04-01,0.018129760587645448,0.018912551586873196,0.02019890381152262,-0.0020862867299863597,0.031306729078549665,3.455714597414196,3.4524996566256587,5.398974833236023,1.4304935672692256,1.9436857886622438,1.8122989771121922,2.137432935072995,1.3233488803014755,61.095739270773116,69.13014224076045,0.011077853741405628,0.29872599152296747,-0.8662558299944122,0.0008699903218608542,7.934617073989898e-05,0.0020151750203446957,-0.0015479759936028303,inf,inf,inf,inf
2047-05-01,0.0176892639488494,0.018883861363475703,0.0203845298488742,-0.002087183742414299,0.027146746132012636,3.190800330142622,3.6904580452027584,5.520111043443031,1.4214889647429994,0.6448573643140835,1.174459941811995,2.5757289990539896,1.0325790505134052,62.352623698895606,74.4494217674043,0.016865414484681533,0.28792102648295076,-0.8915198464009174,0.001231935934465403,5.7868203227788977e-05,0.0018596845768013633,-0.0018805942277679497,inf,inf,inf,inf
2047-06-01,0.018211065557548863,0.018816312284748084,0.02026971218197484,-0.0020864430244876817,0.03493470455048509,3.238190862787645,3.3223316799844924,5.15154268851321,1.93431311228778,1.0810509913024893,1.8116636623409716,1.6795065010056374,0.8964977204399596,63.72951792874944,73.16033024458415,0.017466413503651832,0.29469025767195844,-0.9174107684378877,0.0010026452253162096,0.00010256061784246997,0.0028271057088126023,-0.0019085063890794708,inf,inf,inf,inf
2047-07-01,0.01687337185487209,0.01906727629738154,0.02024842360663564,-0.0020837230338443826,0.02404685280037028,4.694722201143587,3.193532752760912,5.08619746750233,0.7774699791849695,1.814383022332566,1.2631284358860737,1.4593636461004211,1.0491390255668134,61.96858881811935,68.21639968289027,0.024117990325138484,0.28062577715651094,-0.9443529147711396,0.0007167135996212655,0.00012040781759731181,0.001922387337614154,-0.001215069773155374,inf,inf,inf,inf
2047-08-01,0.018976747972817332,0.01889296461469662,0.02037417783527079,-0.002087656402982873,0.027179217358205537,3.7275351614452044,3.3005656594223356,4.943071567380673,0.7461656322751817,1.7561841935008204,1.1438361359551323,2.213859845474864,1.0387852815711063,68.34232289721209,68.76354572555437,0.015286297202054037,0.2951198198634086,-0.9720683372611219,0.0005557275808437722,8.375976015283642e-05,0.001759152095537798,-0.0013048958369801917,inf,inf,inf,inf
2047-09-01,0.018061893470459636,0.018856505546921074,0.01960576904625201,-0.0020884255542775415,0.022994762246991086,3.099070712554671,3.304830544867694,6.327786196846167,0.7019974530473703,0.6140811901360836,1.3670221162839045,1.8060268679216103,0.9284106264912466,67.12929936827271,77.83282192775651,0.019919990161865016,0.28623536417261863,-1.0005159033706323,0.0009477788991328622,2.6296774021166524e-05,0.0014936206924943845,-0.0012113689281526173,inf,inf,inf,inf
2047-10-01,0.018153195282432005,0.018847331835080867,0.018982940480838453,-0.0020878370298809544,0.024972437884222914,3.1404432858798104,3.360100752949872,5.220420685775658,1.125750617461751,2.164081173561461,1.0048262436164728,2.280027480241794,0.44668079098354013,61.73287579297468,72.79946754605558,0.023182691410624602,0.2839520362902046,-1.0296325265324824,0.0008128796767003834,4.337057261927046e-05,0.0019174363260762769,-0.0022869069539065666,inf,inf,inf,inf
2047-11-01,0.01805858128434306,0.01884197885345793,0.020355426528937612,-0.001881123078813194,0.024359606885429857,2.8511253551629685,3.2111455689129773,6.019321074578837,0.5393640917775899,0.8382005418582165,1.3393315660041245,2.0267618453221776,1.1463180396550985,64.80998698750724,71.24377712240141,0.01309119340779137,0.2893640593122722,-1.0599356843404883,0.0011665392091476543,0.00015902292400170144,0.0013702888743435343,-0.0010875637626396781,inf,inf,inf,inf
2047-12-01,0.01839399531594379,0.01891164808509506,0.020296919452052323,-0.002069617789691474,0.019830909875285005,3.083881570988085,3.462339080972693,5.220611657413892,0.7698643890383823,1.0139147993206248,1.7458778867674334,2.144157094648692,1.031001542399517,63.715554498519815,71.52089610143325,0.022605294587388775,0.2905819005712148,-1.0905642759879068,0.0010390706060030303,0.0001124771666453155,0.0017704902953296887,-0.0016219370412474102,inf,inf,inf,inf
2048-01-01,0.018043596175329267,0.018881829183334815,0.02037205593980622,-0.002083876930635453,0.02412245469066067,2.533148902811567,4.1969029956796415,5.371921650892592,1.0081773458832095,0.6777365896439353,1.0843986759600923,1.9042536297372739,0.7727391438111215,64.05465967393702,72.52898164398098,0.020760141970653904,0.2808238340065454,-1.1226261016027201,0.0010913462397528864,7.383175545167374e-05,0.0015614027071185683,-0.0009947541095316516,inf,inf,inf,inf
2048-02-01,0.01573116778000146,0.018635758966415075,0.0202488996518722,-0.0020906283680122623,0.029878582501610525,2.782513632316552,3.0733366449160697,5.881001514175898,0.6577124005084249,1.2438406286714483,0.3252593265054087,1.9651483722873455,0.7011788456025281,61.79282237412524,69.93248635115282,0.021904657207356223,0.30368621011316066,-1.155627894594091,0.0010745996234578679,0.00016174692382545645,0.0018178587767595834,-0.0012753929506059327,inf,inf,inf,inf
2048-03-01,0.017107851514495898,0.01887469929351185,0.02048163620259455,-0.002086282516664569,0.031072372327783853,3.420224383151707,3.1066934042701515,5.187537082233758,1.1604611470601838,0.8172068430637667,1.3563161449721401,2.3978573920070625,1.0582664882810275,64.68390520726868,74.02292356750414,0.02400853422195857,0.297773261615856,-1.1891514877588927,0.0010911162661344698,9.945016035897952e-05,0.0016549537539277226,-0.002179000880385372,inf,inf,inf,inf
2048-04-01,0.017441732153665616,0.01881719360520267,0.020295643283694462,-0.0020854028938134,0.025584272557262214,2.8315232423065937,3.1868843414811745,5.889515518796997,1.7203717895102524,0.25471406984993383,1.3492649298197412,1.7283900517542743,1.1143149323252255,66.60085294412993,72.33426962482253,0.019137379490591758,0.2943309759380861,-1.2240012826938,0.0008808047066103009,0.00010122727140894291,0.0020085891566455454,-0.0013830921755598918,inf,inf,inf,inf
2048-05-01,0.01771272335029854,0.01887032539733138,0.020277529049244153,-0.0020862846377741693,0.025422425868748273,3.4155193973968005,2.9856227026644846,5.4487009950272265,1.251205918224677,0.5123755832290772,1.4906940995457234,1.8022073467836284,1.189939335191692,66.03802673921483,72.0983895581447,0.02028549850623063,0.2877895373839254,-1.2597031885989165,0.0009143170279667613,0.0001241257718952445,0.0013315555930265661,-0.0011840467976880881,inf,inf,inf,inf
2048-06-01,0.018393995301905264,0.018941945888158312,0.020125512395283814,-0.0020864940670837443,0.02529652557324849,2.886411689430051,3.034583737362526,6.081314054120792,0.030294715677943174,1.226927384768358,1.635129253726526,2.4266161102535593,1.0707418960087605,65.9532596105479,72.07477357230964,0.020583548367389688,0.2961359997783602,-1.2967146456040757,0.0008592244310629222,7.16758764767268e-05,0.0018221325883931824,-0.0012728794439098993,inf,inf,inf,inf
2048-07-01,0.017504958681021383,0.018856593003795094,0.02028147028911784,-0.0020873066058379017,0.026244582383849985,3.4606556315656136,3.339141982440116,5.172040372823735,1.8496945444089488,0.8239857952231243,1.4188324635628626,1.8231406287398768,1.1744625148033256,63.907165574931994,73.90724793189005,0.027700410958636595,0.3078135489424957,-1.3346228723572822,0.0010749586798540088,0.0001310475947291425,0.0017715859820774953,-0.0025382515227157895,inf,inf,inf,inf
2048-08-01,0.01838491073277807,0.01894995844543409,0.020120636218954865,-0.0020876759516748828,0.025954227570914177,3.508568922129013,3.1338495950515473,5.106295561046495,1.1826199515185003,1.06564550378171,1.8419947068082694,2.1969877062085175,0.61726994976031,64.83852930297013,75.99767102633099,0.023839159895457575,0.2885498902892891,-1.3736214239811635,0.0007818226578949641,5.899047594134606e-05,0.001818875706542745,-0.0017273616457941648,inf,inf,inf,inf
2048-09-01,0.01803530357702384,0.019660107430217476,0.020352025643742975,-0.0020886071078964107,0.024301628698248243,3.2680806108945255,2.6989196053049604,5.971387310536129,1.1374824416900022,1.3677310063019936,1.11227842959803,1.8654949876987237,1.5203420583334921,63.044981348564995,69.16478039414295,0.025270356187267265,0.2945370063520283,-1.4136706206252396,0.0007257772834640065,3.9607323716596215e-05,0.0019899783648098016,-0.0018096122201793773,inf,inf,inf,inf
2048-10-01,0.018109735646918076,0.018915866914483076,0.02033019923104471,-0.0021160043145063696,0.028021222988506032,2.8795002149438824,3.036534658550826,4.855496527820597,1.2746933985943754,0.9268449950371219,1.4265629978987209,2.2169523842743923,1.0739191358963476,66.92160738182197,75.52732923542723,0.023598946102140087,0.2969688521821036,-1.4552070332600129,0.0009957878571217802,9.499290850312614e-05,0.001491774251019243,-0.0010621088478134783,inf,inf,inf,inf
2048-11-01,0.017272595063431005,0.018906413144518255,0.020447546118215115,-0.0020862093948516994,0.026176825882760265,3.378908005476532,2.841139505962648,5.991175878177236,1.3213705046550401,0.5764015668017992,1.5448223768348714,1.7364356498676137,0.9305465686230915,62.69690117179694,76.75177150464759,0.02654640645482164,0.29317620833628394,-1.4973480095578338,0.0011699415165093412,9.413168496818976e-05,0.0022172174486092436,-0.0013377593412591602,inf,inf,inf,inf
2048-12-01,0.01761962848247849,0.01891129456029276,0.020632102288678848,-0.002084405982855696,0.028427141426216742,3.023442892770282,2.9232755640680894,5.141163820042568,0.5473092991458162,0.8640707686368685,1.5485582907807987,2.1876393698228522,0.9472493797960021,65.78205302001331,76.42509156953626,0.02538481967968417,0.2828570467559493,-1.5413548090762543,0.001071349908225221,9.134856186145407e-05,0.0009135841535528521,-0.001623258379399385,inf,inf,inf,inf
2049-01-01,0.01857622450450181,0.018892072171571347,0.020197729452615696,-0.00208649438170081,0.025056946183398734,3.492049025148474,3.4640374809386967,6.101914821922257,0.18572259309036487,0.7948459602109611,0.7402826778037901,1.6040150407748737,0.6592042041109207,61.82994759029889,73.25888020606781,0.019588443776543743,0.287078267635524,-1.5861340153233423,0.0011051742072083791,0.0001527931288840003,0.001859391169958376,-0.001373624177747073,inf,inf,inf,inf
2049-02-01,0.01795369440340579,0.01888223851645779,0.020275845406743636,-0.0020879884540498856,0.026755070494902684,3.2057777369698033,3.345789010285051,5.54627609172044,1.2149954453549177,1.006942694441636,1.46996252821971,2.2859904064135246,0.7374658080616497,63.448617079360304,78.76283439157028,0.02085521425617842,0.2966208317977548,-1.6326513903243227,0.0011073546479322956,-2.6049894239776677e-05,0.0019477699633740557,-0.0013672221246409716,inf,inf,inf,inf
2049-03-01,0.017390213916653158,0.019399357102572016,0.020491590402913505,-0.00208651090180517,0.027095753677879173,3.5682538100559116,3.8975091131050994,5.7306689464157445,1.1584884739166594,1.1780127314707438,1.5743672198694338,2.4407931437648474,0.7056973698812887,67.47014243816699,75.40996344207103,0.016429647527363988,0.29291905211392283,-1.6805072010692048,0.0008581280101684595,5.442222870753947e-05,0.001871547395243328,-0.0014310426174499024,inf,inf,inf,inf
2049-04-01,0.01742669357331756,0.01906727629738154,0.020509365556811484,-0.002087658555491527,0.022963778565261227,3.4495477768413316,3.6788472326031667,5.376855559454341,0.7768560807907994,0.9393722769232404,1.0662535697381788,2.2888267881635067,0.6006852843589655,63.43074358112449,70.06617802556771,0.019904342306602547,0.2788193938333021,-1.729614873991277,0.001099629873195798,9.743404711571373e-05,0.0014216879065772849,-0.0011766125960650613,inf,inf,inf,inf
2049-05-01,0.01807720482974364,0.018944242022777988,0.02020125850095452,-0.0020843424685553337,0.03036485618812333,3.6666418034816446,3.061709136566347,6.299868589915259,1.638326707440592,1.1852004050734934,1.1022426755408987,2.4415023750604075,0.6444214397171459,69.4473194846843,69.81650510456633,0.018306572385798928,0.2980745805664523,-1.7800721775817303,0.0008532998826183788,9.689441334838495e-05,0.0018828418857112603,-0.0006832666628594957,inf,inf,inf,inf
2049-06-01,0.017763073363495196,0.01896157091678289,0.020227370435273333,-0.0020862300167484044,0.02038143271825996,1.8781031150607488,3.5497550871883243,5.271481658024368,1.1841919212602345,1.1351960311428047,1.2251229411789717,1.9644892571063923,1.290994115152844,64.11225415426578,75.01919238766855,0.027341441901459238,0.2856876539501605,-1.8320200728149434,0.0009813930778940977,0.0001963360473471402,0.0017684588449074707,-0.0015684165306342672,inf,inf,inf,inf
2049-07-01,0.01849214963199265,0.018865365445771706,0.020220174185575972,-0.002087175607582806,0.02594062376181455,3.0703839473136614,3.800809192253304,5.080526765094234,0.1734819366494491,0.6156117311207538,1.3978221680151837,1.8604970188004508,0.6572896717692238,69.32474212169105,71.44500685104214,0.0240466289955152,0.2942073294517638,-1.8856346099487231,0.0009987764770369558,5.969161766582841e-05,0.0022213213897210064,-0.0011002122588048787,inf,inf,inf,inf
2049-08-01,0.017232215110786323,0.018866347574220656,0.020329157716485167,-0.002084504410718402,0.035886159293917114,2.706596928785379,3.6412380743060697,5.129259372705086,1.128561791961496,0.6336330101172563,0.9955179739563979,2.181152862575186,0.8590032034984421,64.3809850184568,76.08924183168666,0.024404539845678322,0.29376738257936647,-1.9407771241869711,0.0014147920949015612,0.00011354594264014668,0.0021818840650721775,-0.0010050661592052863,inf,inf,inf,inf
2049-09-01,0.018530804186179032,0.019030908065591393,0.020402180302309905,-0.0020267556232868257,0.03198196293562828,2.9236732176255598,3.005080602809824,4.887391435490895,0.9819756972292253,1.3787773511745907,1.233968668824263,2.795187341505669,1.1919626186926062,65.16157252961081,73.74487202970073,0.024924084392576113,0.28946259817854786,-1.9974192377278355,0.0011215607884081961,9.116987983965179e-05,0.001889370543362277,-0.001048070830478799,inf,inf,inf,inf
2049-10-01,0.017953156565807295,0.018838002583154195,0.020409720656883346,-0.0020861996658610616,0.026163040642348267,3.6469516097595096,3.658567259278989,5.223337280494088,1.5809920871030676,1.2352016775774035,1.3276920756492414,2.051278204845622,0.6958439796922258,62.52717670961589,74.15280178259142,0.029877899260195784,0.2956151654492894,-2.0557010445862014,0.0010265481924054902,0.0001382085551254868,0.0019082001569816355,-0.0020560146069659767,inf,inf,inf,inf
2049-11-01,0.018102955091398282,0.018896065941584182,0.020344508709729356,-0.002086194770547871,0.02297975267856421,3.405233538027417,3.1365159255076307,5.285241987421937,1.2680494248171938,1.2307577156511027,1.0018849647683925,1.731922564314617,1.0362518780630856,66.5160521811542,67.2879051478912,0.023542070104454384,0.29272200918649616,-2.1160298051605277,0.0007526296648455313,0.00014374392165970114,0.0013822542616314258,-0.0009228897965565805,inf,inf,inf,inf
2049-12-01,0.02061353954311168,0.01881416106220994,0.020335242181787037,-0.002085801368819929,0.02838179622052451,3.1045685600050352,3.940086780115338,5.183119840612926,0.6147792165421535,0.9593212636415719,1.5512946501961977,2.3662899152938195,0.6865624551387437,64.95300486213813,72.38833665131081,0.024669449166577175,0.2941491866758574,-2.1777223741839835,0.0009523352437970074,3.200530898959841e-06,0.0020974359900765415,-0.001946573131994517,inf,inf,inf,inf
2050-01-01,0.01749233596120446,0.018957502110291978,0.020176512882220665,-0.0020860436173474623,0.029323579235805083,2.584550882426161,3.450693378215403,5.045891328481302,0.4820895741043951,1.7495418249712655,1.3193862337045692,1.964534475922179,1.010202939000812,67.7959388984521,74.91290975194126,0.010179685844794003,0.2879887361421568,-2.2414664975402094,0.00067911065821779,0.0002582885037898957,0.0016263028119653175,-0.0009184699852127533,inf,inf,inf,inf
2050-02-01,0.017184284958917852,0.01906727629738154,0.020664124709809904,-0.0020864417994874603,0.027272002841859808,3.384443940792414,2.941789304738447,5.537724702204614,0.7363251410632814,1.3548678271220504,1.3937204916684125,1.991348375098905,1.1740461559627178,62.839435178368504,74.7454255297536,0.026359156169613186,0.2915755803903078,-2.306865248127518,0.0008159264204151149,-6.505932733661852e-06,0.0018394103813280961,-0.0016147388443743884,inf,inf,inf,inf
2050-03-01,0.017744831619375415,0.018839416208552093,0.020235028831774648,-0.00205550460010254,0.02836250599096151,3.3734384102742707,2.9326912927868767,5.711189563773016,1.3849340630971911,1.6217809737863782,1.4345779511881327,1.7120101180551317,0.841777419276874,62.28546282077611,69.14214182425218,0.029843527255887597,0.2897170323405918,-2.3740810931283143,0.0007382834709611087,0.00010390485471670475,0.0019699548718432455,-0.0013851007391203051,inf,inf,inf,inf
