date,most_recent_quarterly_gdp_%_change_extended,labour_force_participation_rate,total_employment_rate,national_debt_to_gdp,provincial_debt_to_gdp,3_month_t_bill,2y_bond,5y_bond,10y_bond,yield_curve_slope,variable_mortgage_rate,5_year_fixed_mortgage_rate,5_year_fixed_mortgage_qualifying_rate,Log_Price,GDP_Growth_YoY,National_Pop_Growth_YoY,Provincial_Pop_Growth_YoY,Municipal_Pop_Growth_YoY,Inflation_Rate_YoY,Labour_Force_Growth_YoY,Inflation_Rate,Income_Growth_YoY,Migration_Rate,NPR_Rate,housing_starts_per_cap,under_construction_per_cap,completions_per_cap,month_sin,month_cos,Affordability_Ratio_Lag1,Affordability_Ratio_Lag12
1968-01-01,0.852466588,59.02779221,58.8,0.18542634,0.040188036,6.29,6.35,6.53,6.54,0.19,6.322,8.03,8.03,10.19361663,0.034942951,0.017451058,0.021237435,0.040408526,0.04519774,0.020915033,0.046153846,0.069802031,0.000478811,0.000116179,0.000197574,0.001454119,0.000206573,0.5,0.866025404,0.392363402,0.379158771
1968-02-01,1.464441876,59.0525974,58.9,0.184225822,0.040230748,6.8,6.51,6.77,6.72,0.21,6.822,8.04,8.04,10.20044213,0.037806055,0.017181791,0.020827443,0.040383552,0.04519774,0.021648409,0.056410256,0.069398365,0.000591581,0.00015048,0.000197587,0.001423361,0.00020787,0.866025404,0.5,0.393485498,0.380428614
1968-03-01,2.076417165,59.0774026,59.1,0.183025304,0.040273461,6.98,6.69,7.12,6.91,0.22,6.822,8.16,8.16,10.20722135,0.040634217,0.016913215,0.020418725,0.040358744,0.04494382,0.010716591,0.045685279,0.068999341,0.00070409,0.000184702,0.000197599,0.001392807,0.000209158,1,6.12E-17,0.394037912,0.381683855
1968-04-01,2.688392453,59.10220779,59.3,0.181824786,0.040316173,6.99,6.58,6.87,6.62,0.04,6.822,8.4,8.4,10.21395493,0.04342807,0.016645327,0.020011274,0.040334103,0.039106145,0.024348958,0.045226131,0.06860488,0.00081634,0.000218845,0.000197611,0.001362455,0.000210437,0.866025404,-0.5,0.394584383,0.382924743
1968-05-01,2.25651873,59.12701299,60.8,0.180562689,0.04022024,6.95,6.71,7.08,6.97,0.26,7.072,8.43,8.43,10.22064347,0.047171891,0.016272286,0.019546264,0.040309625,0.033333333,0.016293806,0.045226131,0.068214903,0.000664046,0.000253552,0.000197623,0.001332304,0.000211709,0.5,-0.866025404,0.395125007,0.384151523
1968-06-01,1.824645008,59.15181818,62.1,0.179300593,0.040124307,6.56,6.63,6.79,6.62,-0.01,7.072,8.38,8.38,10.22728757,0.05090786,0.01590054,0.019083255,0.040285309,0.033149171,0.033783784,0.045,0.067829336,0.00051227,0.00028814,0.000197635,0.001302351,0.000212971,1.22E-16,-1,0.395659876,0.385364435
1968-07-01,1.392771285,59.17662338,63.2,0.178038496,0.040028374,6.03,6.17,6.44,6.49,0.32,6.822,8.34,8.34,10.23388782,0.054636002,0.01553008,0.018622235,0.040261153,0.038461538,0.023273756,0.039800995,0.067448102,0.000361008,0.000322612,0.000197646,0.001272594,0.000214226,-0.5,-0.866025404,0.396189083,0.386563712
1968-08-01,1.390083213,59.20142857,63.5,0.177432412,0.040091384,5.48,5.87,6.21,6.43,0.56,6.822,8.32,8.32,10.24044479,0.057967672,0.015309866,0.017931998,0.040237157,0.038251366,0.024233876,0.039800995,0.06707113,0.000695569,6.38E-05,0.000197658,0.001243032,0.000215472,-0.866025404,-0.5,0.396712718,0.387749583
1968-09-01,1.38739514,59.22623377,61.6,0.176826327,0.040154394,5.66,5.94,6.25,6.6,0.66,6.572,8.23,8.23,10.24695905,0.061289695,0.015090347,0.017244585,0.040213318,0.038251366,0.031370532,0.044776119,0.066698349,0.001029213,-0.000194334,0.00019767,0.001213662,0.000216711,-1,-1.84E-16,0.397230866,0.388922271
1968-10-01,1.384707068,59.25103896,61.7,0.176220243,0.040217404,5.57,6.16,6.48,6.83,0.67,6.572,8.21,8.21,10.25343114,0.064602113,0.01487152,0.016559978,0.040189635,0.038251366,0.037752867,0.044554455,0.066329688,0.001361944,-0.000451745,0.000197681,0.001184483,0.000217941,-0.866025404,0.5,0.397743615,0.390081995
1968-11-01,1.379499275,59.27584416,61.2,0.175323647,0.040184557,5.66,6.13,6.53,6.95,0.82,6.572,8.29,8.29,10.25986162,0.066430224,0.014886605,0.016817234,0.040166106,0.049180328,0.038122042,0.039408867,0.065965081,0.001045577,-0.00026253,0.000197693,0.001155493,0.000219163,-0.5,0.866025404,0.398251048,0.391228969
1968-12-01,1.374291483,59.30064935,60.5,0.174427051,0.04015171,6.24,6.71,7.06,7.3,0.59,6.572,8.3,8.3,10.26625101,0.068248004,0.014901656,0.017073848,0.04014273,0.043478261,0.029138567,0.044334975,0.065604461,0.000730161,-7.39E-05,0.000197704,0.00112669,0.000220377,-2.45E-16,1,0.398753247,0.392363402
1969-01-01,1.36908369,59.32545455,59,0.173530455,0.040118863,6.38,6.71,6.99,7.16,0.45,6.822,8.65,8.65,10.27259983,0.070055541,0.014916671,0.017329821,0.040119505,0.037837838,0.043533931,0.044117647,0.065247762,0.00041569,0.0001142,0.000197716,0.001098071,0.000221584,0.5,0.866025404,0.399250294,0.393485498
1969-02-01,1.049864192,59.35025974,59.1,0.172407179,0.039946376,6.43,6.82,7.03,7.2,0.38,6.822,8.65,8.65,10.2742203,0.06200607,0.014885286,0.017263663,0.040163063,0.037837838,0.043400562,0.033980583,0.064894908,0.000503978,0.000147926,0.000189855,0.001070647,0.000213617,0.866025404,0.5,0.399742266,0.394037912
1969-03-01,0.730644693,59.37506494,59.3,0.171283903,0.03977389,6.58,7,7.27,7.22,0.22,7.322,8.68,8.68,10.27583816,0.054098326,0.014853966,0.017197658,0.040206331,0.037634409,0.044328053,0.038834951,0.06454585,0.000592074,0.000181579,0.000182047,0.001043407,0.000205704,1,6.12E-17,0.398357239,0.394584383
1969-04-01,0.411425195,59.39987013,59.5,0.170160627,0.039601403,6.8,7.22,7.33,7.29,0.07,7.322,8.72,8.72,10.27745339,0.0463286,0.014822709,0.017131804,0.040249313,0.053763441,0.046396339,0.043269231,0.064200527,0.000679978,0.000215159,0.000174292,0.00101635,0.000197844,0.866025404,-0.5,0.396986209,0.395125007
1969-05-01,0.644080168,59.42467532,61.1,0.168871478,0.039202211,6.74,7.54,7.69,7.48,-0.06,7.322,8.66,8.66,10.27906603,0.045344801,0.014689521,0.017102662,0.040292012,0.053763441,0.046189083,0.048076923,0.063858879,0.000752158,0.000249288,0.000166588,0.000989474,0.000190036,0.5,-0.866025404,0.395628963,0.395659876
1969-06-01,0.876735141,59.44948052,62.3,0.16758233,0.038803018,7.13,7.53,7.62,7.5,-0.03,7.822,8.89,8.89,10.28067606,0.044370053,0.014556697,0.017073619,0.040334429,0.053475936,0.028280543,0.052631579,0.063520848,0.000824097,0.000283303,0.000158936,0.000962776,0.00018228,1.22E-16,-1,0.394285296,0.396189083
1969-07-01,1.109390114,59.47428571,63.5,0.166293181,0.038403826,7.62,7.77,7.64,7.52,-0.25,8.322,9.1,9.1,10.28228351,0.043404231,0.014424237,0.017044674,0.040376569,0.047619048,0.026639859,0.052631579,0.063186377,0.000895797,0.000317205,0.000151334,0.000936256,0.000174576,-0.5,-0.866025404,0.392955005,0.396712718
1969-08-01,1.210632538,59.49909091,63.8,0.165147856,0.038035197,7.69,7.69,7.71,7.53,-0.16,8.322,9.19,9.19,10.28388838,0.043502589,0.014372431,0.017616106,0.040418433,0.047368421,0.025037556,0.052631579,0.06285541,0.001217101,6.27E-05,0.000143782,0.000909911,0.000166923,-0.866025404,-0.5,0.39163789,0.397230866
1969-09-01,1.311874961,59.5238961,61.9,0.16400253,0.037666569,7.77,7.86,8.06,7.81,-0.05,8.322,9.31,9.31,10.28549068,0.043600046,0.014320766,0.018185972,0.040460025,0.047368421,0.019695836,0.047619048,0.062527892,0.001537166,-0.000190863,0.000136281,0.00088374,0.00015932,-1,-1.84E-16,0.390333757,0.397743615
1969-10-01,1.413117385,59.5487013,61.9,0.162857205,0.03729794,7.6,7.73,8.02,7.82,0.09,8.322,9.41,9.41,10.28709041,0.043696617,0.014269242,0.018754278,0.040501347,0.047368421,0.018624286,0.052132701,0.062203769,0.001855997,-0.000443429,0.000128829,0.00085774,0.000151767,-0.866025404,0.5,0.389042415,0.398251048
1969-11-01,1.148067338,59.57350649,61.4,0.161626312,0.036910667,7.76,7.94,8.31,8.15,0.21,8.322,9.5,9.5,10.28868759,0.041095362,0.014204364,0.019318389,0.040542401,0.036458333,0.012692545,0.052132701,0.06188299,0.00156079,-0.000257554,0.000121425,0.000831911,0.000144264,-0.5,0.866025404,0.387763677,0.398753247
1969-12-01,0.883017292,59.59831169,60.8,0.160395418,0.036523393,7.81,8.07,8.29,8.33,0.26,8.322,9.7,9.7,10.29028223,0.038517635,0.014139639,0.019880806,0.04058319,0.046875,0.019906034,0.051886792,0.061565502,0.001266795,-7.24E-05,0.00011407,0.000806251,0.000136809,-2.45E-16,1,0.386497359,0.399250294
1970-01-01,0.617967245,59.62311688,59.2,0.159164525,0.03613612,7.78,7.95,8.23,8.31,0.36,8.322,9.78,9.78,10.29187432,0.035963118,0.014075067,0.020441537,0.040623718,0.052083333,0.009447853,0.046948357,0.061251255,0.000974003,0.000111912,0.000106763,0.000780757,0.000129403,0.5,0.866025404,0.385243281,0.399742266
1970-02-01,0.414754608,59.64792208,59.3,0.159068356,0.036039278,7.6,7.66,8,8.13,0.47,8.322,9.74,9.74,10.29450998,0.03457305,0.014061155,0.021145294,0.040350339,0.052083333,0.011377539,0.051643192,0.060940188,0.000903247,0.000144863,0.000114609,0.000838504,0.000130183,0.866025404,0.5,0.384001267,0.398357239
1970-03-01,0.211541972,59.67272727,59.6,0.158972186,0.035942435,7,7.09,7.32,7.93,0.84,8.322,9.78,9.78,10.29713871,0.033186783,0.01404727,0.021847521,0.040078799,0.046632124,0.013577982,0.051401869,0.060632264,0.000832742,0.000177697,0.000122407,0.000895892,0.000130957,1,6.12E-17,0.383171771,0.396986209
1970-04-01,0.008329335,59.69753247,59.7,0.158876017,0.035845593,6.78,6.83,7.35,8.04,1.21,8.322,9.8,9.8,10.29976054,0.031804304,0.014033413,0.022548221,0.039809079,0.035714286,0.012998056,0.041474654,0.060327437,0.000762487,0.000210414,0.000130156,0.000952925,0.000131727,0.866025404,-0.5,0.382350178,0.395628963
1970-05-01,0.228160821,59.72233766,61.3,0.158694846,0.035809945,6.34,6.78,7.38,8.23,1.45,8.322,9.78,9.78,10.30237552,0.030291199,0.014047801,0.022555711,0.039541161,0.035714286,0.023473607,0.036697248,0.060025659,0.000833982,0.000243789,0.000137858,0.001009607,0.000132492,0.5,-0.866025404,0.381536376,0.394285296
1970-06-01,0.447992307,59.74714286,62.5,0.158513674,0.035774298,5.94,6.52,7.07,8.09,1.57,8.322,9.73,9.73,10.30498368,0.028789203,0.014062153,0.022563177,0.039275026,0.030456853,0.03190319,0.027272727,0.059726886,0.000905237,0.000277052,0.000145512,0.00106594,0.000133252,1.22E-16,-1,0.380730254,0.392955005
1970-07-01,0.667823793,59.77194805,63.7,0.158332503,0.03573865,5.7,6.44,6.96,7.91,1.47,7.822,9.58,9.58,10.30758506,0.027298194,0.014076469,0.022570618,0.039010658,0.035353535,0.034026928,0.036363636,0.059431072,0.000976253,0.000310204,0.000153119,0.001121928,0.000134007,-0.5,-0.866025404,0.379931705,0.39163789
1970-08-01,0.566779537,59.79675325,64,0.159082751,0.035903898,5.51,6.52,7.21,8,1.48,7.822,9.6,9.6,10.31017969,0.023724871,0.013947156,0.022706835,0.038748038,0.030150754,0.030288227,0.031818182,0.059138173,0.001212164,6.13E-05,0.00016068,0.001177573,0.000134758,-0.866025404,-0.5,0.379140622,0.390333757
1970-09-01,0.465735281,59.82155844,62.1,0.159832998,0.036069146,5.39,6.47,7.12,7.88,1.41,7.822,9.56,9.56,10.3127676,0.020184897,0.013818182,0.022842526,0.038487149,0.025125628,0.03594132,0.036363636,0.058848147,0.001447101,-0.000186601,0.000168195,0.00123288,0.000135505,-1,-1.84E-16,0.3783569,0.389042415
1970-10-01,0.364691025,59.84636364,62.1,0.160583246,0.036234394,5.01,6.36,7.08,7.94,1.58,7.822,9.55,9.55,10.31534883,0.016677808,0.013689546,0.022977694,0.038227974,0.025125628,0.034373476,0.031531532,0.058560952,0.001681072,-0.000433469,0.000175664,0.001287851,0.000136247,-0.866025404,0.5,0.377580438,0.387763677
1970-11-01,0.293730388,59.87116883,61.6,0.161185322,0.03636577,4.4,5.37,6.12,7.5,2.13,7.322,9.48,9.48,10.31792341,0.01510128,0.013579585,0.022796353,0.037970497,0.025125628,0.036018496,0.036036036,0.058276546,0.001288363,-0.000251814,0.000183088,0.001342489,0.000136984,-0.5,0.866025404,0.376811136,0.386497359
1970-12-01,0.222769751,59.89597403,61,0.161787398,0.036497145,4.44,4.89,5.42,6.99,2.1,7.322,9.36,9.36,10.32049139,0.01353122,0.01346987,0.022615755,0.0377147,0.009950249,0.027154807,0.031390135,0.05799489,0.000897128,-7.08E-05,0.000190467,0.001396798,0.000137717,-2.45E-16,1,0.376048894,0.385243281
1971-01-01,0.151809114,59.92077922,59.5,0.162389474,0.036628521,4.68,5.05,5.37,6.67,1.62,6.822,9.14,9.14,10.32305279,0.011967589,0.0133604,0.022435897,0.037460568,0.00990099,0.037923909,0.031390135,0.057715942,0.000507358,0.000109457,0.000197802,0.001450779,0.000138445,0.5,0.866025404,0.375293615,0.384001267
1971-02-01,0.898016464,59.94558442,59.6,0.161182856,0.036530884,4.06,5.05,5.54,6.85,1.8,6.822,8.92,8.92,10.32875256,0.020002732,0.013284493,0.021818343,0.035345759,0.014851485,0.035200194,0.03125,0.057439688,0.000491324,0.00014177,0.000196184,0.001469594,0.000144142,0.866025404,0.5,0.374545206,0.383171771
1971-03-01,1.644223814,59.97038961,59.8,0.159976237,0.036433247,3.16,4.77,5.19,6.76,1.99,6.322,8.48,8.48,10.33442004,0.028037429,0.013208733,0.021202981,0.033244073,0.014851485,0.029085204,0.031111111,0.057166065,0.000475328,0.000174007,0.000194569,0.001488369,0.000149826,1,6.12E-17,0.374981003,0.382350178
1971-04-01,2.390431164,59.99519481,59.9,0.158769619,0.03633561,3,4.88,5.52,6.97,2.09,6.322,8.4,8.4,10.34005558,0.03607168,0.01313312,0.020589798,0.031155386,0.019704433,0.021225567,0.026548673,0.056895037,0.000459369,0.000206169,0.000192958,0.001507104,0.000155498,0.866025404,-0.5,0.375412873,0.381536376
1971-05-01,2.514788403,60.02,61.5,0.157725717,0.036557343,3.03,4.97,5.86,7.38,2.41,6.322,8.45,8.45,10.34565953,0.043293183,0.018743058,0.026214614,0.029079579,0.019704433,0.017706477,0.03539823,0.056626567,0.000364577,0.000237562,0.00019135,0.001525798,0.000161158,0.5,-0.866025404,0.375840868,0.380730254
1971-06-01,2.639145642,60.04480519,62.7,0.156681815,0.036779076,3.37,5.31,6.02,7.3,1.99,6.322,8.54,8.54,10.35123226,0.050482678,0.024338947,0.031820565,0.027016533,0.024630542,0.018952855,0.03539823,0.056360619,0.000271131,0.000268508,0.000189746,0.001544452,0.000166806,1.22E-16,-1,0.376265041,0.379931705
1971-07-01,2.763502881,60.06961039,63.9,0.155637913,0.037000809,3.68,5.51,6.46,7.49,1.98,6.322,8.66,8.66,10.3567741,0.057640376,0.02992084,0.037407745,0.024966131,0.024390244,0.026041667,0.026315789,0.056097157,0.000179003,0.000299018,0.000188145,0.001563066,0.000172441,-0.5,-0.866025404,0.376685441,0.379140622
1971-08-01,2.093906794,60.09441558,64.2,0.155857326,0.037507907,3.79,5.33,6,7.15,1.82,6.322,8.73,8.73,10.3622854,0.059013722,0.029904244,0.036724335,0.022928257,0.034146341,0.025604552,0.035242291,0.055836147,0.00041252,5.91E-05,0.000186548,0.001581641,0.000178065,-0.866025404,-0.5,0.37710212,0.3783569
1971-09-01,1.424310707,60.11922078,62.3,0.15607674,0.038015005,4.06,5.26,5.63,6.97,1.71,6.322,8.75,8.75,10.36776649,0.060383738,0.029887686,0.036043743,0.020902796,0.034313725,0.027259854,0.035087719,0.055577555,0.000645379,-0.000180109,0.000184954,0.001600176,0.000183677,-1,-1.84E-16,0.377515126,0.377580438
1971-10-01,0.75471462,60.14402597,62.4,0.156296153,0.038522103,3.47,4.41,5.04,6.71,2.3,6.072,8.75,8.75,10.37321771,0.061750434,0.029871168,0.035365953,0.018889635,0.039215686,0.033702569,0.034934498,0.055321347,0.000877585,-0.000418663,0.000183363,0.001618671,0.000189276,-0.866025404,0.5,0.377924508,0.376811136
1971-11-01,0.615046799,60.16883117,61.9,0.156716497,0.039058696,3.24,4.21,4.94,6.56,2.35,5.822,8.46,8.46,10.37863937,0.062400965,0.029658197,0.034473341,0.016888662,0.039215686,0.028893587,0.030434783,0.055067491,0.000625749,-0.000243422,0.000181776,0.001637127,0.000194864,-0.5,0.866025404,0.378330313,0.376048894
1971-12-01,0.475378979,60.19363636,61.2,0.157136841,0.039595289,3.21,4.42,5.09,6.56,2.14,5.822,8.3,8.3,10.38403179,0.063050839,0.029445655,0.033584079,0.014899768,0.049261084,0.036940871,0.039130435,0.054815954,0.000374426,-6.85E-05,0.000180192,0.001655544,0.00020044,-2.45E-16,1,0.378732589,0.375293615
1972-01-01,0.335711158,60.21844156,59.7,0.157557185,0.040131882,3.36,4.76,5.46,6.73,1.97,5.822,8.24,8.24,10.38939529,0.063700055,0.029233543,0.032698145,0.012922843,0.049019608,0.028808994,0.039130435,0.054566704,0.000123614,0.000105991,0.000178612,0.001673921,0.000206004,0.5,0.866025404,0.37913138,0.374545206
1972-02-01,1.054097188,60.24324675,59.8,0.156627731,0.040312153,3.45,5.18,5.84,6.9,1.72,5.822,8.13,8.13,10.40992356,0.06405336,0.029182738,0.032393738,0.012940581,0.048780488,0.024888993,0.034632035,0.05431969,0.000261037,0.000137322,6.86E-05,0.001507543,0.000233141,0.866025404,0.5,0.379526731,0.374981003
1972-03-01,1.772483218,60.26805195,60,0.155698277,0.040492424,3.57,5.51,6.29,7.24,1.73,5.822,8.17,8.17,10.43003888,0.064401123,0.029132024,0.032090044,0.012958281,0.053658537,0.038817873,0.030172414,0.054074902,0.000398219,0.000168597,0.00012468,0.001352387,0.000274821,1,6.12E-17,0.385735015,0.375412873
1972-04-01,2.490869248,60.29285714,60.2,0.154768823,0.040672695,3.64,5.73,6.43,7.27,1.54,5.822,8.23,8.23,10.44975754,0.064743473,0.029081401,0.031787062,0.012975942,0.048309179,0.034640676,0.038793103,0.05383231,0.00053516,0.000199818,0.000218046,0.001369238,0.000199719,0.866025404,-0.5,0.391890216,0.375840868
1972-05-01,1.759472708,60.31766234,61.7,0.154980066,0.041104479,3.73,5.96,6.53,7.34,1.38,5.822,8.36,8.36,10.46909488,0.056068273,0.023201271,0.02595431,0.012993566,0.048309179,0.029892574,0.038461538,0.053591885,0.000380965,0.000231552,0.000359029,0.001408842,0.000317933,0.5,-0.866025404,0.397993014,0.376265041
1972-06-01,1.028076168,60.34246753,63,0.15519131,0.041536262,3.5,5.86,6.68,7.45,1.59,5.822,8.57,8.57,10.48806537,0.047550008,0.017400032,0.020204393,0.013011152,0.043269231,0.03255057,0.038461538,0.053353598,0.000227235,0.00026319,0.000409392,0.001599129,0.000217198,1.22E-16,-1,0.404044075,0.376685441
1972-07-01,0.296679628,60.36727273,64.1,0.155402553,0.041968046,3.46,5.87,6.59,7.49,1.62,5.822,8.61,8.61,10.50668267,0.039184458,0.011676105,0.01453556,0.013028701,0.047619048,0.03057222,0.038461538,0.053117421,7.40E-05,0.000294734,0.000314259,0.001739422,0.000168127,-0.5,-0.866025404,0.410044053,0.37710212
1972-08-01,0.980750501,60.39207792,64.5,0.154559663,0.042100523,3.5,5.97,6.71,7.44,1.47,5.822,8.61,8.61,10.5249597,0.044692749,0.011553666,0.014332984,0.013046212,0.047169811,0.033518262,0.038297872,0.052883325,0.000325832,5.83E-05,0.000365306,0.001801583,0.000300512,-0.866025404,-0.5,0.415993593,0.377515126
1972-09-01,1.664821375,60.41688312,62.6,0.153716772,0.042232999,3.62,5.85,6.57,7.46,1.61,5.822,8.58,8.58,10.54290866,0.050173465,0.011431512,0.014130979,0.013063685,0.056872038,0.027340609,0.038135593,0.052651284,0.000577089,-0.000177599,0.000357843,0.001930936,0.000226534,-1,-1.84E-16,0.421893329,0.377924508
1972-10-01,2.348892248,60.44168831,62.6,0.152873882,0.042365476,3.57,5.66,6.21,7.26,1.6,5.822,8.55,8.55,10.56054113,0.055626811,0.011309644,0.013929541,0.013081122,0.051886792,0.02120383,0.037974684,0.05242127,0.000827741,-0.000412911,0.000405759,0.001981979,0.000352253,-0.866025404,0.5,0.427743883,0.378330313
1972-11-01,2.42143616,60.46649351,62.1,0.151929196,0.042454268,3.68,5.03,5.77,7.08,2.05,5.822,8.5,8.5,10.57786807,0.063467723,0.011386758,0.013799523,0.013098521,0.051886792,0.028767123,0.042194093,0.052193256,0.000615093,-0.000238942,0.000335911,0.00198206,0.000330343,-0.5,0.866025404,0.433545867,0.378732589
1972-12-01,2.493980072,60.4912987,61.5,0.150984511,0.042543061,3.65,5.15,6,7.12,1.97,5.822,8.42,8.42,10.5948999,0.071291125,0.011463748,0.013669768,0.013115883,0.051643192,0.031868882,0.037656904,0.051967218,0.000402823,-6.53E-05,0.000253978,0.001998455,0.00023544,-2.45E-16,1,0.439299884,0.37913138
1973-01-01,2.566523984,60.5161039,59.9,0.150039825,0.042631853,3.9,5.48,6.25,7.16,1.68,5.822,8.29,8.29,10.61164649,0.079097077,0.011540614,0.013540278,0.013133208,0.056074766,0.034490609,0.041841004,0.051743129,0.00019093,0.000108069,0.000171852,0.001876667,0.000291111,0.5,0.866025404,0.445006527,0.379526731
1973-02-01,2.029014454,60.54090909,60,0.149513712,0.042791417,3.99,5.45,6.3,7.21,1.76,5.822,8.22,8.22,10.63637815,0.073614478,0.011553592,0.013564382,0.013118851,0.060465116,0.043666629,0.041841004,0.051520984,0.000221623,0.000249315,0.0001306,0.001777709,0.000227532,0.866025404,0.5,0.450666377,0.385735015
1973-03-01,1.491504924,60.56571429,60.2,0.148987599,0.042950981,4.46,5.77,6.5,7.3,1.53,5.822,8.27,8.27,10.66051288,0.068221435,0.011566548,0.013588445,0.013104524,0.055555556,0.038383382,0.046025105,0.051300738,0.00025226,0.000390306,0.000132307,0.001671574,0.000236156,1,6.12E-17,0.460064898,0.391890216
1973-04-01,0.953995394,60.59051948,60.4,0.148461486,0.043110545,4.9,6.24,6.67,7.39,1.15,6.322,8.35,8.35,10.68407883,0.062915771,0.011579482,0.013612464,0.013090229,0.064516129,0.049824084,0.037344398,0.051082368,0.000282841,0.000531043,0.000298662,0.001756161,0.000211906,0.866025404,-0.5,0.469386981,0.397993014
1973-05-01,0.790993402,60.61532468,62,0.148097126,0.043252765,5.18,7.15,7.4,7.72,0.57,6.822,8.5,8.5,10.70710219,0.063511513,0.011820561,0.013781766,0.013075965,0.069124424,0.048866213,0.041152263,0.050865848,0.000244708,0.00045921,0.000268838,0.001639951,0.00037984,0.5,-0.866025404,0.478633555,0.404044075
1973-06-01,0.627991409,60.64012987,63.2,0.147732767,0.043394985,5.48,6.94,7.19,7.74,0.8,7.572,8.72,8.72,10.72960738,0.064106078,0.012061137,0.013950558,0.013061732,0.078341014,0.049313218,0.04526749,0.050651157,0.000206702,0.000387617,0.000264129,0.001574091,0.000324175,1.22E-16,-1,0.487805535,0.410044053
1973-07-01,0.464989417,60.66493506,64.4,0.147368407,0.043537205,5.74,7.09,7.39,7.73,0.64,7.572,8.91,8.91,10.75161721,0.064699471,0.012301211,0.014118843,0.01304753,0.077272727,0.032351953,0.049382716,0.05043827,0.000168822,0.000316263,0.000325667,0.001629807,0.000268261,-0.5,-0.866025404,0.496903819,0.415993593
1973-08-01,0.924809167,60.68974026,64.7,0.146551257,0.043538557,6.18,7.27,7.54,7.82,0.55,8.072,9.11,9.11,10.77315303,0.06292311,0.012416062,0.01421219,0.013033359,0.081081081,0.036904496,0.049180328,0.050227166,0.00055845,6.25E-05,0.000360239,0.001666289,0.000321642,-0.866025404,-0.5,0.505929291,0.421893329
1973-09-01,1.384628918,60.71454545,62.8,0.145734108,0.04353991,6.5,6.94,7.25,7.72,0.78,8.822,9.33,9.33,10.79423481,0.061174136,0.012530672,0.01430531,0.013019219,0.080717489,0.038801297,0.048979592,0.050017821,0.000947066,-0.000190533,0.000274663,0.001685802,0.000253366,-1,-1.84E-16,0.514882823,0.427743883
1973-10-01,1.844448668,60.73935065,62.8,0.144916958,0.043541262,6.53,6.61,7.09,7.6,0.99,8.822,9.33,9.33,10.81488131,0.059451922,0.012645042,0.014398207,0.013005109,0.085201794,0.046662201,0.052845528,0.049810214,0.001334672,-0.000442945,0.000287575,0.001685465,0.00028354,-0.866025404,0.5,0.523765271,0.433545867
1973-11-01,1.495781808,60.76415584,62.3,0.144603318,0.043670554,6.43,6.57,6.98,7.64,1.07,8.822,9.28,9.28,10.83511015,0.053260915,0.012936332,0.014858194,0.01299103,0.094170404,0.044052375,0.052631579,0.049604324,0.001110877,-0.00025622,0.000246962,0.001676336,0.000253924,-0.5,0.866025404,0.532577478,0.439299884
1973-12-01,1.147114948,60.78896104,61.7,0.144289678,0.043799846,6.35,6.92,7.25,7.7,0.78,9.322,9.22,9.22,10.85493788,0.047174055,0.01322711,0.015317364,0.012976981,0.09375,0.041694242,0.048387097,0.049400128,0.000887682,-7.00E-05,0.000196919,0.00159695,0.000274516,-2.45E-16,1,0.541320275,0.445006527
1974-01-01,0.798448088,60.81376623,60.2,0.143976038,0.043929138,6.22,6.75,6.99,7.75,1,9.322,9.22,9.22,10.8743801,0.041188737,0.013517376,0.015775718,0.012962963,0.092920354,0.045774648,0.052208835,0.049197607,0.000665085,0.000115728,0.000186837,0.001535283,0.000266179,0.5,0.866025404,0.549994477,0.450666377
1974-02-01,0.541940625,60.83857143,60.2,0.144009716,0.044093424,6.07,6.58,6.76,7.74,1.16,9.322,9.21,9.21,10.88188729,0.03798834,0.013741218,0.016219285,0.012948975,0.092105263,0.040528731,0.064257028,0.046449541,0.000733159,3.17E-05,0.000108842,0.001449277,0.0001965,0.866025404,0.5,0.558600889,0.460064898
1974-03-01,0.285433163,60.86337662,60.5,0.144043393,0.04425771,6.51,7.55,7.57,8.19,0.64,9.322,9.24,9.24,10.88933855,0.034808169,0.013964674,0.016662052,0.012935017,0.105263158,0.036203523,0.068,0.043723824,0.00080105,-5.20E-05,0.0001744,0.001429492,0.000191548,1,6.12E-17,0.56198416,0.469386981
1974-04-01,0.0289257,60.88818182,60.6,0.144077071,0.044421996,7.64,8.83,8.56,8.81,-0.02,10.322,9.9,9.9,10.8967347,0.031648033,0.014187746,0.017104019,0.012921089,0.0995671,0.036972973,0.08,0.041020185,0.000868761,-0.000135576,0.000263508,0.001509977,0.000181503,0.866025404,-0.5,0.565357514,0.478633555
1974-05-01,0.192200283,60.91298701,62.2,0.144206566,0.044500583,8.63,8.93,8.74,8.91,-0.02,10.822,10.46,10.46,10.90407654,0.031832619,0.014144425,0.01671487,0.012907191,0.11637931,0.034915144,0.075098814,0.038338357,0.000683262,1.14E-05,0.000265413,0.001477427,0.000296359,0.5,-0.866025404,0.568720996,0.487805535
1974-06-01,0.355474866,60.93779221,63.4,0.144336062,0.044579171,8.75,9.29,9.24,9.46,0.17,10.822,10.57,10.57,10.91136487,0.032016633,0.014101215,0.016327022,0.012893323,0.115384615,0.026287554,0.078740157,0.035678078,0.000498242,0.000157926,0.000275678,0.001565692,0.000184755,1.22E-16,-1,0.572074647,0.496903819
1974-07-01,0.518749449,60.9625974,64.6,0.144465557,0.044657758,9.1,9.18,9.27,9.63,0.45,11.322,10.8,10.8,10.91860047,0.032200081,0.014058116,0.015940468,0.012879485,0.109704641,0.044675775,0.08627451,0.033039088,0.000313698,0.00030411,0.000172934,0.00150445,0.000232516,-0.5,-0.866025404,0.575418511,0.505929291
1974-08-01,0.513966532,60.9874026,64.9,0.14475258,0.044779552,9.11,9.3,9.38,9.84,0.54,11.322,11.05,11.05,10.92578409,0.027617596,0.014350557,0.016096082,0.012865676,0.108333333,0.046484038,0.08984375,0.030421133,0.000462513,6.01E-05,0.00028199,0.001593588,0.00019126,-0.866025404,-0.5,0.578752632,0.514882823
1974-09-01,0.509183614,61.01220779,63,0.145039604,0.044901347,8.94,8.87,8.89,9.67,0.8,11.322,11.25,11.25,10.93291648,0.023090774,0.01464232,0.016251291,0.012851897,0.112033195,0.043810549,0.093385214,0.027823962,0.000610896,-0.000183151,0.00021426,0.001580665,0.000225498,-1,-1.84E-16,0.582077051,0.523765271
1974-10-01,0.504400697,61.03701299,63.1,0.145326627,0.045023141,8.31,7.47,7.8,9.2,1.73,11.322,11.25,11.25,10.93999835,0.018618608,0.014933405,0.016406097,0.012838148,0.119834711,0.037755973,0.096525097,0.02524733,0.000758849,-0.000425722,0.000123495,0.001500045,0.000202082,-0.866025404,0.5,0.58539181,0.532577478
1974-11-01,0.342664306,61.06181818,62.6,0.146345831,0.045386023,7.49,6.98,7.32,8.87,1.89,10.822,11.2,11.2,10.94703042,0.015979747,0.014806798,0.015864524,0.012824427,0.118852459,0.038473802,0.103846154,0.022690992,0.000600974,-0.000246399,8.68E-05,0.001334579,0.000249623,-0.5,0.866025404,0.588696953,0.541320275
1974-12-01,0.180927915,61.08662338,61.9,0.147365035,0.045748904,7.12,6.66,6.96,8.77,2.11,10.822,11.08,11.08,10.95401339,0.013354858,0.014680486,0.015324404,0.012810737,0.126530612,0.041931385,0.111538462,0.020154712,0.000443355,-6.74E-05,6.79E-05,0.001248969,0.000152146,-2.45E-16,1,0.59199252,0.549994477
1975-01-01,0.019191524,61.11142857,60.4,0.148384239,0.046111786,6.4,6.16,6.4,8.3,2.14,10.322,11.01,11.01,10.96094793,0.010743831,0.014554469,0.01478573,0.012797075,0.117408907,0.03219697,0.103053435,0.017638252,0.000285991,0.000111378,9.93E-05,0.001199639,0.000146209,0.5,0.866025404,0.595278553,0.558600889
1975-02-01,0.081568953,61.13623377,60.5,0.149010119,0.046712233,6.26,6.22,6.38,8.17,1.95,9.322,10.15,10.15,10.96644388,0.011341454,0.014480829,0.014421905,0.012844316,0.120481928,0.031391076,0.105660377,0.021338061,0.000207056,0.000245275,4.69E-05,0.001120774,0.00012441,0.866025404,0.5,0.598555094,0.56198416
1975-03-01,0.143946382,61.16103896,60.7,0.149635998,0.047312681,6.33,6.56,6.8,8.47,1.91,8.822,9.85,9.85,10.97190978,0.011938961,0.014407348,0.014059055,0.012891456,0.111111111,0.029063057,0.104868914,0.025027025,0.000128277,0.000378909,0.000135078,0.001087831,0.000166777,1,6.12E-17,0.598793415,0.565357514
1975-04-01,0.206323811,61.18584416,60.9,0.150261878,0.047913128,6.85,7.23,7.55,9.04,1.81,8.822,9.87,9.87,10.97734598,0.012536353,0.014334026,0.013697174,0.012938497,0.11023622,0.027001668,0.096296296,0.028705193,4.97E-05,0.000512282,0.000152559,0.00113124,0.000107943,0.866025404,-0.5,0.599029326,0.568720996
1975-05-01,0.777060054,61.21064935,62.4,0.149157723,0.048632582,6.87,7.09,7.31,8.71,1.62,8.822,10.19,10.19,10.98275278,0.017252636,0.014456743,0.013825267,0.012985437,0.1003861,0.039273031,0.099264706,0.032372611,9.73E-05,0.000449519,0.000310171,0.001260812,0.000177908,0.5,-0.866025404,0.599262862,0.572074647
1975-06-01,1.347796298,61.23545455,63.7,0.148053569,0.049352035,6.99,7.35,7.53,8.88,1.53,8.822,10.43,10.43,10.9881305,0.021952664,0.014579156,0.01395303,0.013032278,0.103448276,0.04673288,0.098540146,0.036029327,0.000144867,0.000386935,0.000352909,0.001411638,0.000200688,1.22E-16,-1,0.599494058,0.575418511
1975-07-01,1.918532541,61.26025974,64.8,0.146949414,0.050071489,7.44,7.9,8.1,9.34,1.44,8.822,10.55,10.55,10.99347946,0.026636521,0.014701265,0.014080464,0.013079019,0.11026616,0.036225867,0.090252708,0.039675386,0.000192272,0.000324527,0.000266451,0.001496145,0.000180384,-0.5,-0.866025404,0.59972295,0.578752632
1975-08-01,1.664742619,61.28506494,65.1,0.146889634,0.051062737,7.87,8.37,8.36,9.39,1.02,8.822,10.72,10.72,10.99879996,0.028866603,0.014649128,0.013949519,0.013125662,0.109022556,0.028960115,0.093189964,0.043310837,0.000317455,6.42E-05,0.000285859,0.001571151,0.000208842,-0.866025404,-0.5,0.599949571,0.582077051
1975-09-01,1.410952696,61.30987013,63.2,0.146829853,0.052053984,8.41,8.76,8.85,9.72,0.96,9.572,11.14,11.14,11.0040923,0.031089211,0.014597142,0.013818954,0.013172205,0.104477612,0.034753016,0.088967972,0.046935725,0.000442307,-0.00019548,0.000227934,0.001584089,0.000212906,-1,-1.84E-16,0.600173957,0.58539181
1975-10-01,1.157162774,61.33467532,63.3,0.146770073,0.053045232,8.16,8.21,8.3,9.33,1.12,9.572,11.35,11.35,11.00935678,0.033304382,0.014545306,0.013688767,0.013218651,0.099630996,0.036998972,0.095070423,0.050550095,0.000566828,-0.000454452,0.000236619,0.001647038,0.000171924,-0.866025404,0.5,0.600396138,0.588696953
1975-11-01,1.352321828,61.35948052,62.8,0.146563505,0.053936558,8.52,8.48,8.64,9.58,1.1,9.572,11.17,11.17,11.01459369,0.039240159,0.014411103,0.013416563,0.013264998,0.102564103,0.038276533,0.087108014,0.054153995,0.00044587,-0.000263079,0.000299911,0.00173734,0.000207081,-0.5,0.866025404,0.600616149,0.59199252
1975-12-01,1.547480882,61.38428571,62.1,0.146356938,0.054827885,8.64,8.36,8.41,9.49,1.13,9.572,11.09,11.09,11.01980332,0.045175176,0.01427718,0.013144801,0.013311248,0.094202899,0.034247967,0.08650519,0.057747468,0.000325043,-7.19E-05,0.00021684,0.001694059,0.000255714,-2.45E-16,1,0.60083402,0.595278553
1976-01-01,1.742639936,61.5,60.6,0.14615037,0.055719211,8.59,8.13,8.21,9.29,1.16,9.572,11.04,11.04,11.02498594,0.051109433,0.014143536,0.012873478,0.013357401,0.097826087,0.057054027,0.096885813,0.061330561,0.000204347,0.000119046,0.000101176,0.001571072,0.000221945,0.5,0.866025404,0.601049783,0.598555094
1976-02-01,1.880596418,61.5,60.8,0.146004019,0.056507552,8.79,8.36,8.38,9.27,0.91,9.572,11,11,11.02927987,0.057937599,0.014069062,0.012745746,0.013703158,0.093189964,0.057593648,0.085324232,0.05498578,0.000346656,1.41E-05,7.04E-05,0.001497288,0.000141582,0.866025404,0.5,0.601263467,0.598793415
1976-03-01,2.018552901,61.4,61.4,0.145857667,0.057295894,9.07,8.63,8.53,9.39,0.76,10.072,11.1,11.1,11.03355544,0.064756385,0.01399474,0.012618265,0.014048148,0.092857143,0.059920473,0.088135593,0.048705196,0.000488722,-9.07E-05,0.000207093,0.001588538,0.000111894,1,6.12E-17,0.604393432,0.599029326
1976-04-01,2.156509383,61.6,61.7,0.145711316,0.058084235,8.99,8.46,8.46,9.34,0.88,10.072,11.23,11.23,11.03781281,0.071565812,0.013920567,0.012491033,0.014392372,0.088652482,0.060937976,0.091216216,0.042487842,0.000630545,-0.000195279,0.000206083,0.001557861,0.00023446,0.866025404,-0.5,0.607529027,0.599262862
1976-05-01,1.591577287,61.4,63.4,0.146275315,0.059012216,8.94,8.25,8.35,9.32,1.07,10.072,11.19,11.19,11.04205212,0.066395285,0.013694769,0.012091703,0.014735833,0.084210526,0.049859296,0.086956522,0.036332767,0.000367941,-2.63E-05,0.000241558,0.001478749,0.000318064,0.5,-0.866025404,0.610670268,0.599494058
1976-06-01,1.026645191,61.4,65,0.146839313,0.059940197,8.98,8.4,8.5,9.35,0.95,10.072,11.13,11.13,11.04627355,0.061290055,0.013469586,0.011693505,0.015078534,0.079861111,0.045705154,0.086378738,0.03023904,0.000105874,0.000142373,0.000196646,0.001458222,0.000215037,1.22E-16,-1,0.613817169,0.59972295
1976-07-01,0.461713095,61.7,66.1,0.147403312,0.060868178,9.07,8.44,8.55,9.37,0.93,10.072,11.06,11.06,11.05047722,0.056248892,0.013245014,0.011296432,0.015420477,0.071917808,0.055734749,0.089403974,0.024205749,-0.000155657,0.000310681,0.000186827,0.001487198,0.000155395,-0.5,-0.866025404,0.616969747,0.599949571
1976-08-01,0.361659298,61.5,65.9,0.14839472,0.061952937,9.13,8.45,8.43,9.24,0.79,10.072,11.03,11.03,11.0546633,0.052756985,0.013031545,0.010956166,0.015761665,0.061016949,0.054096554,0.08852459,0.018231998,0.000159105,6.15E-05,0.000177389,0.001485056,0.000177036,-0.866025404,-0.5,0.620128016,0.600173957
1976-09-01,0.261605502,61.4,63.5,0.149386127,0.063037695,9.11,8.3,8.49,9.16,0.86,10.072,10.96,10.96,11.05883193,0.049291808,0.012818673,0.010616801,0.016102099,0.064189189,0.049621288,0.091503268,0.012316911,0.000473246,-0.000187258,0.00017009,0.001376922,0.000275032,-1,-1.84E-16,0.623291992,0.600396138
1976-10-01,0.161551705,61.5,63.3,0.150377535,0.064122454,9.01,8.35,8.44,9.09,0.74,10.072,10.8,10.8,11.06298325,0.045853058,0.012606395,0.010278333,0.016441784,0.063758389,0.047086224,0.083601286,0.006459627,0.000786766,-0.00043549,0.000212747,0.001387956,0.000199033,-0.866025404,0.5,0.62646169,0.600616149
1976-11-01,0.618986135,61.6,62.9,0.150491983,0.064798569,8.59,8.01,8.15,8.82,0.81,9.572,10.76,10.76,11.06711741,0.045129401,0.012516607,0.01052264,0.01678072,0.056478405,0.045786102,0.086538462,0.000659304,0.00059646,-0.000252051,0.000305144,0.001477263,0.000212793,-0.5,0.866025404,0.629637127,0.60083402
1976-12-01,1.076420564,61.8,62.3,0.150606432,0.065474685,8.14,7.5,7.71,8.47,0.97,9.072,10.47,10.47,11.07123455,0.044414054,0.012426982,0.010766683,0.017118911,0.056291391,0.047194655,0.082802548,-0.005084885,0.000406452,-6.89E-05,0.00012027,0.001457967,0.000129387,-2.45E-16,1,0.632818317,0.601049783
1977-01-01,1.533854994,61.8,60.7,0.15072088,0.0661508,8.04,7.57,7.74,8.52,0.95,9.072,9.95,9.95,11.07533481,0.043706875,0.01233752,0.011010461,0.017456359,0.062706271,0.030029798,0.078864353,-0.010773751,0.000216741,0.000113967,5.71E-05,0.00139951,0.00010014,0.5,0.866025404,0.636005276,0.601263467
1977-02-01,1.192670726,61.9,60.9,0.150770839,0.066789965,7.65,7.42,7.68,8.62,1.2,8.572,9.45,9.45,11.07890912,0.038020558,0.012317058,0.011049529,0.017460647,0.062295082,0.031405802,0.081761006,-0.008087575,0.000293901,3.24E-05,1.61E-05,0.001286988,0.000126566,0.866025404,0.5,0.63919802,0.604393432
1977-03-01,0.851486459,61.8,61.2,0.150820797,0.067429131,7.54,7.46,7.85,8.83,1.37,8.572,9.45,9.45,11.0824707,0.032414832,0.012296633,0.01108853,0.017464922,0.071895425,0.029435247,0.07788162,-0.005396566,0.000370923,-4.89E-05,5.66E-05,0.001198185,0.000142442,1,6.12E-17,0.640324493,0.607529027
1977-04-01,0.510302191,61.9,61.5,0.150870756,0.068068296,7.58,7.56,8.01,8.85,1.29,8.572,9.45,9.45,11.08601964,0.026887998,0.012276247,0.011127464,0.017469185,0.074918567,0.027766881,0.077399381,-0.002700712,0.000447808,-0.000130168,0.000179536,0.001220499,0.000155482,0.866025404,-0.5,0.641446892,0.610670268
1977-05-01,0.5361342,61.8,63.6,0.150576087,0.068582462,7.05,7.33,7.74,8.77,1.44,8.572,9.58,9.58,11.08955603,0.027318919,0.012107552,0.010995544,0.017473436,0.080906149,0.029063478,0.076923077,0,0.000267303,1.36E-05,0.000240195,0.001337781,0.000121142,0.5,-0.866025404,0.642565239,0.613817169
1977-06-01,0.56196621,61.7,64.7,0.150281419,0.069096629,7.07,7.31,7.76,8.72,1.41,8.072,9.55,9.55,11.09307995,0.027748518,0.011939241,0.010863895,0.017477674,0.077170418,0.026686788,0.076452599,0.002705583,8.71E-05,0.000157163,0.000292683,0.001450206,0.00018145,1.22E-16,-1,0.643679554,0.616969747
1977-07-01,0.587798219,61.8,65.8,0.14998675,0.069610795,7.14,7.37,7.81,8.7,1.33,8.072,9.6,9.6,11.0965915,0.0281768,0.011771312,0.010732514,0.0174819,0.083067093,0.023236617,0.075987842,0.005416051,-9.27E-05,0.000300444,0.000232558,0.001496355,0.000184311,-0.5,-0.866025404,0.644789861,0.620128016
1977-08-01,0.920069652,61.9,65.6,0.149632921,0.070054397,7.14,7.36,7.9,8.57,1.21,8.072,9.53,9.53,11.10009077,0.033051369,0.01164153,0.010762904,0.017486114,0.083067093,0.028059407,0.072289157,0.008131417,0.000183202,5.94E-05,0.000249552,0.001509098,0.000230143,-0.866025404,-0.5,0.64589618,0.623291992
1977-09-01,1.252341086,61.9,63.2,0.149279093,0.070498,7.1,7.43,8.01,8.61,1.18,8.072,9.52,9.52,11.10357783,0.037920693,0.011512057,0.010793233,0.017490316,0.085714286,0.029159031,0.068862275,0.010851694,0.000458583,-0.000181073,0.000186202,0.001485464,0.000206276,-1,-1.84E-16,0.646998533,0.62646169
1977-10-01,1.584612519,62,63.3,0.148925264,0.070941602,7.24,7.52,8.12,8.7,1.18,8.072,9.54,9.54,11.10705277,0.042784782,0.011382891,0.010823503,0.017494505,0.088328076,0.02937975,0.068249258,0.013576895,0.000733403,-0.000421097,0.000192155,0.001485744,0.00018939,-0.866025404,0.5,0.648096942,0.629637127
1977-11-01,1.344274196,62.1,62.7,0.148909329,0.071504532,7.26,7.6,8.11,8.74,1.14,8.072,9.54,9.54,11.11051568,0.040466852,0.011230725,0.010755779,0.017498683,0.091194969,0.027541354,0.07079646,0.016307033,0.000557442,-0.000243746,0.000125963,0.001449442,0.000159439,-0.5,0.866025404,0.649191427,0.632818317
1977-12-01,1.103935872,62.1,62,0.148893394,0.072067463,7.17,7.59,8.1,8.77,1.18,8.072,9.53,9.53,11.11396664,0.038172385,0.011078808,0.010688161,0.017502849,0.094043887,0.025484879,0.067647059,0.019042123,0.000381733,-6.66E-05,7.06E-05,0.001387399,0.000130607,-2.45E-16,1,0.65028201,0.636005276
1978-01-01,0.863597549,62,60.5,0.148877459,0.072630393,7.13,7.7,8.36,9.06,1.36,8.072,9.52,9.52,11.11740574,0.035901026,0.010927142,0.010620649,0.017507003,0.090062112,0.022188726,0.064327485,0.021782178,0.000206275,0.000110195,4.16E-05,0.001308672,0.000118376,0.5,0.866025404,0.651368711,0.63919802
1978-02-01,0.802613608,62.2,61,0.14885353,0.073131026,7.3,7.82,8.46,9.15,1.33,8.072,9.51,9.51,11.12172439,0.036488224,0.010764063,0.010537922,0.017481499,0.092592593,0.024757141,0.063953488,0.020177895,0.000291304,9.94E-06,4.09E-05,0.001241166,0.000106523,0.866025404,0.5,0.65245155,0.640324493
1978-03-01,0.741629667,62.5,61.5,0.148829601,0.073631658,7.73,8.28,8.69,9.17,0.89,8.572,9.53,9.53,11.12602447,0.037073431,0.010601283,0.010455343,0.017456069,0.088414634,0.031761309,0.066473988,0.018579415,0.000376195,-9.02E-05,7.79E-05,0.001231843,8.54E-05,1,6.12E-17,0.655116655,0.641446892
1978-04-01,0.680645726,62.5,61.8,0.148805672,0.074132291,8.19,8.58,8.82,9.22,0.64,9.072,9.62,9.62,11.13030614,0.037656658,0.010438801,0.010372911,0.017430713,0.084848485,0.029679281,0.057471264,0.016986706,0.000460948,-0.000190097,0.000126435,0.001249957,0.000106562,0.866025404,-0.5,0.657780468,0.642565239
1978-05-01,0.764709239,62.6,63.8,0.1479569,0.074135807,8.2,8.58,8.85,9.23,0.65,9.072,9.63,9.63,11.13456956,0.038847761,0.010293679,0.010288563,0.01740543,0.086826347,0.032633469,0.057142857,0.015399738,0.000134324,-3.07E-05,0.000183736,0.001334056,9.72E-05,0.5,-0.866025404,0.660442992,0.643679554
1978-06-01,0.848772752,62.7,65.4,0.147108128,0.074139323,8.26,8.6,8.86,9.23,0.63,9.072,9.52,9.52,11.13881488,0.040034214,0.01014884,0.010204366,0.017380221,0.092537313,0.036942971,0.053977273,0.013818479,-0.00019177,0.000128507,0.000242241,0.001447298,0.0001271,1.22E-16,-1,0.663104227,0.644789861
1978-07-01,0.932836265,62.9,66.9,0.146259356,0.074142839,8.66,8.63,8.86,9.17,0.54,9.072,9.51,9.51,11.14304225,0.041216046,0.010004281,0.010120319,0.017355085,0.09439528,0.037471139,0.056497175,0.012242899,-0.000517337,0.000287422,0.000230979,0.001524053,0.000152166,-0.5,-0.866025404,0.665764175,0.64589618
1978-08-01,0.937955331,63,66.8,0.146459779,0.074673019,8.8,8.63,8.86,9.16,0.53,9.572,9.51,9.51,11.14725182,0.039018819,0.009806194,0.009643922,0.017330021,0.097345133,0.038458695,0.053370787,0.010672967,-0.000160497,5.69E-05,0.000287548,0.001655102,0.000154335,-0.866025404,-0.5,0.668422835,0.646998533
1978-09-01,0.943074396,63,64.4,0.146660202,0.075203198,9.17,8.77,8.96,9.15,0.38,10.072,9.87,9.87,11.15144375,0.036844562,0.009608526,0.009168495,0.01730503,0.084795322,0.038167728,0.056022409,0.009108653,0.000195953,-0.000173459,0.000244613,0.001790542,0.000106827,-1,-1.84E-16,0.67108021,0.648096942
1978-10-01,0.948193462,63.2,64.7,0.146860625,0.075733378,9.85,9.48,9.51,9.48,0,10.822,10.13,10.13,11.15561818,0.034692915,0.009411277,0.008694034,0.017280111,0.089855072,0.038453404,0.061111111,0.007549927,0.000552013,-0.000403521,0.000325123,0.001935791,0.00017734,-0.866025404,0.5,0.673736299,0.649191427
1978-11-01,0.898060845,63.3,64.1,0.147109168,0.076252434,10.36,10.07,9.84,9.54,-0.53,11.322,10.45,10.45,11.15977525,0.034466617,0.009382331,0.008556013,0.017255263,0.089337176,0.039553464,0.060606061,0.005996759,0.000391904,-0.000233586,0.000179125,0.001953749,0.000159787,-0.5,0.866025404,0.676391105,0.65028201
1978-12-01,0.847928229,63.4,63.5,0.14735771,0.076771491,10.46,10.14,9.92,9.68,-0.46,11.322,10.73,10.73,11.16391512,0.034241614,0.009353424,0.008418189,0.017230486,0.085959885,0.040004026,0.063360882,0.004449118,0.00023198,-6.38E-05,0.000152448,0.001952346,0.000151093,-2.45E-16,1,0.679044627,0.651368711
1979-01-01,0.797795612,63.6,62.2,0.147606253,0.077290547,10.85,10.08,9.88,9.82,-0.26,11.822,10.48,10.48,11.16803792,0.034017896,0.009324555,0.008280563,0.017205781,0.085470085,0.046079446,0.063186813,0.002906977,7.22E-05,0.000105694,6.53E-05,0.001807848,0.000207037,0.5,0.866025404,0.681696867,0.65245155
1979-02-01,0.974070197,63.4,62.6,0.146925828,0.077178418,10.82,10.07,10,9.97,-0.1,11.822,10.45,10.45,11.17374423,0.036239351,0.009346925,0.008196498,0.017238417,0.09039548,0.038783762,0.06284153,0.005247437,-5.78E-05,0.000232643,4.83E-05,0.001719401,0.000134107,0.866025404,0.5,0.684347826,0.655116655
1979-03-01,1.150344781,63.5,63.2,0.146245402,0.077066289,10.92,10.1,9.89,9.91,-0.19,11.822,10.31,10.31,11.17941816,0.03845077,0.009369261,0.008112571,0.01727096,0.092436975,0.036154181,0.062330623,0.007586764,-0.000187678,0.000359407,7.66E-05,0.001664605,0.000128851,1,6.12E-17,0.686495342,0.657780468
1979-04-01,1.326619366,63.6,63.6,0.145564977,0.07695416,10.82,9.76,9.52,9.66,-0.1,11.822,10.25,10.25,11.18506008,0.040652223,0.009391564,0.008028779,0.017303409,0.097765363,0.037485421,0.073369565,0.009924958,-0.000317354,0.000485987,0.000149545,0.001661502,0.000149882,0.866025404,-0.5,0.688631849,0.660442992
1979-05-01,1.128762405,63.5,65.6,0.145980039,0.077175229,10.84,9.76,9.65,9.68,-0.08,11.822,10.26,10.26,11.19067035,0.039961339,0.009576724,0.008144433,0.017335766,0.093663912,0.034475925,0.078378378,0.01226202,-0.000408906,0.000426705,0.000238453,0.001674552,0.000223318,0.5,-0.866025404,0.69075743,0.663104227
1979-06-01,0.930905444,63.5,67,0.146395102,0.077396299,10.78,9.87,9.73,9.73,-0.14,11.822,10.36,10.36,11.19624932,0.039274726,0.009761577,0.0082599,0.017368031,0.090163934,0.031401118,0.083557951,0.014597951,-0.00050029,0.000367533,0.000250196,0.001726184,0.000195455,1.22E-16,-1,0.692872171,0.665764175
1979-07-01,0.733048483,63.6,68.6,0.146810164,0.077617368,11.24,10.06,9.92,9.84,-0.22,12.322,10.4,10.4,11.20179734,0.038592342,0.009946124,0.00837518,0.017400205,0.083557951,0.03115727,0.077540107,0.016932753,-0.000591505,0.000308471,0.000251509,0.001703555,0.00027163,-0.5,-0.866025404,0.694976153,0.668422835
1979-08-01,0.600849597,63.7,68.6,0.147497947,0.078019068,11.45,10.89,10.52,10.15,-0.74,12.322,11,11,11.20731474,0.036481181,0.010149551,0.008321495,0.017432287,0.083333333,0.029219883,0.082666667,0.019266425,-0.000131428,6.10E-05,0.0002853,0.001731555,0.000254828,-0.866025404,-0.5,0.697069458,0.67108021
1979-09-01,0.468650712,63.6,66.1,0.148185729,0.078420767,11.64,11.17,10.89,10.38,-0.79,12.822,11.45,11.45,11.21280187,0.034383281,0.010352626,0.008267868,0.017464278,0.09703504,0.028117696,0.084880637,0.021598968,0.000328195,-0.000186145,0.000231387,0.001749443,0.00021099,-1,-1.84E-16,0.699152167,0.673736299
1979-10-01,0.336451826,63.9,66.3,0.148873512,0.078822467,13.61,12.78,11.75,11.16,-1.62,14.572,12.7,12.7,11.21825906,0.032298518,0.01055535,0.0082143,0.017496178,0.090425532,0.031743361,0.078534031,0.023930384,0.000787364,-0.000433087,0.000364942,0.001828381,0.000283472,-0.866025404,0.5,0.701224361,0.676391105
1979-11-01,0.335426521,64,65.8,0.149526074,0.079177732,13.62,12.41,11.6,10.94,-1.47,14.822,13.66,13.66,11.22368663,0.030704691,0.01082418,0.008334984,0.017527988,0.095238095,0.030459988,0.083116883,0.026260673,0.000606291,-0.000250662,0.000329407,0.001770727,0.000384419,-0.5,0.866025404,0.703286119,0.679044627
1979-12-01,0.334401216,64,65,0.150178637,0.079532997,13.66,12.24,11.68,11.32,-0.92,14.822,12.78,12.78,11.22908489,0.029119296,0.011092664,0.008455527,0.017559709,0.09762533,0.030089477,0.085492228,0.028589837,0.000425472,-6.85E-05,0.000194429,0.001722894,0.000239707,-2.45E-16,1,0.70533752,0.681696867
1980-01-01,0.333375911,64.2,63.8,0.150831199,0.079888262,13.5,12.79,12.49,12.13,-0.66,14.822,12.46,12.46,11.23445418,0.027542266,0.011360803,0.008575931,0.01759134,0.097112861,0.029672889,0.085271318,0.030917874,0.000244905,0.000113423,0.00013996,0.001612367,0.000248005,0.5,0.866025404,0.707378641,0.684347826
1980-02-01,0.411137861,64.3,63.9,0.151163492,0.07997013,13.55,13.62,13.16,12.91,-0.71,14.822,12.7,12.7,11.25030125,0.024950764,0.011582182,0.008693383,0.017621889,0.095854922,0.034153568,0.089974293,0.026903309,-4.37E-05,0.000377487,8.10E-05,0.001499419,0.000190871,0.866025404,0.5,0.70940956,0.686495342
1980-03-01,0.488899811,64.2,64.3,0.151495786,0.080051997,15.24,14.27,13.88,13.45,-0.82,15.572,13.89,13.89,11.26590111,0.02238198,0.011803217,0.008810664,0.01765235,0.092307692,0.031300259,0.091836735,0.022909324,-0.00033182,0.000641106,5.34E-05,0.001335101,0.000213789,1,6.12E-17,0.721699382,0.688631849
1980-04-01,0.566661761,64.4,64.7,0.151828079,0.080133865,15.15,12.35,11.77,12.01,-0.34,16.572,16.14,16.14,11.28126134,0.019835618,0.012023907,0.008927775,0.017682721,0.091603053,0.032401154,0.091139241,0.018935762,-0.000619453,0.00090428,0.000146616,0.001339401,0.000139666,0.866025404,-0.5,0.734021926,0.69075743
1980-05-01,0.387500838,64.1,66.1,0.152534432,0.080225193,11.58,10.85,10.86,11.42,0.57,13.572,13.19,13.19,11.2963892,0.01744868,0.01234307,0.00918191,0.017713004,0.093198992,0.028937927,0.09273183,0.014982467,-0.000645848,0.000718929,0.000212492,0.001224058,0.000325843,0.5,-0.866025404,0.746377323,0.692872171
1980-06-01,0.208339916,64.2,67.9,0.153240786,0.080316521,10.38,10.48,10.51,11.29,0.81,13.072,12.12,12.12,11.31129162,0.01507335,0.012661588,0.009435575,0.017743199,0.100250627,0.031227982,0.094527363,0.011049285,-0.000672181,0.000534013,0.000251444,0.001273057,0.000200627,1.22E-16,-1,0.758765704,0.694976153
1980-07-01,0.029178993,64,68.8,0.153947139,0.080407849,10.06,11.11,11.53,12.32,1.21,12.072,12.29,12.29,11.32597521,0.012709544,0.012979461,0.009688772,0.017773307,0.099502488,0.026315333,0.099255583,0.007136061,-0.000698452,0.000349531,0.000215815,0.001267216,0.000219769,-0.5,-0.866025404,0.7711872,0.697069458
1980-08-01,0.037448605,64.1,68.8,0.154712635,0.080596003,10.49,11.98,12.3,12.4,0.42,12.072,12.64,12.64,11.34044631,0.011757099,0.013108256,0.009627135,0.017803326,0.109181141,0.027179647,0.100985222,0.003242645,-0.000248615,6.91E-05,0.000278993,0.001286067,0.000258266,-0.866025404,-0.5,0.783641946,0.699152167
1980-09-01,0.045718217,64.3,66.7,0.155478131,0.080784156,10.95,12.69,12.97,12.98,0.29,12.072,13.7,13.7,11.35471098,0.010806785,0.013236777,0.009565558,0.017833259,0.105651106,0.031030936,0.097799511,-0.000631114,0.000200832,-0.000210999,0.00022569,0.00130092,0.000208936,-1,-1.84E-16,0.796130075,0.701224361
1980-10-01,0.053987829,64.3,66.8,0.156243627,0.08097231,11.91,13.11,13.22,13.22,0.11,12.572,14.07,14.07,11.36877503,0.009858596,0.013365024,0.009504042,0.017863105,0.107317073,0.026089494,0.097087379,-0.004485364,0.000649889,-0.0004909,0.000367722,0.001360341,0.000306052,-0.866025404,0.5,0.808651721,0.703286119
1980-11-01,0.050569257,64.4,66.3,0.156635857,0.080948292,13.7,13.08,13.08,13.01,-0.07,13.572,14.2,14.2,11.38264402,0.008884681,0.01329114,0.009304905,0.017892865,0.111111111,0.026254271,0.095923261,-0.008320251,0.000438419,-0.000284189,0.000291189,0.001413036,0.000236161,-0.5,0.866025404,0.821207019,0.70533752
1980-12-01,0.047150684,64.4,65.5,0.157028086,0.080924273,17.01,12.95,12.53,12.67,-0.28,18.072,14.8,14.8,11.39632329,0.007912925,0.013217391,0.009106047,0.017922539,0.110576923,0.026135752,0.095465394,-0.012135922,0.000227161,-7.77E-05,0.000220114,0.001428618,0.000202453,-2.45E-16,1,0.833796106,0.707378641
1981-01-01,0.043732112,64.8,64.5,0.157420316,0.080900255,16.86,13.06,13.06,12.96,-0.1,18.072,14.37,14.37,11.40981796,0.006943322,0.013143775,0.008907466,0.017952128,0.122009569,0.028800776,0.102380952,-0.015932521,1.61E-05,0.000128612,0.000176682,0.001326257,0.000276943,0.5,0.866025404,0.846419117,0.70940956
1981-02-01,0.228515889,65.1,65.1,0.157639472,0.080781386,16.83,13.66,13.56,13.38,-0.28,18.072,14.47,14.47,11.41469594,0.007048589,0.013055994,0.008689375,0.018395574,0.120567376,0.032737414,0.101415094,-0.020098538,-0.000234108,0.00035194,0.000137227,0.001232106,0.000228494,0.866025404,0.5,0.85907619,0.721699382
1981-03-01,0.413299666,65.1,65.4,0.157858629,0.080662517,16.44,14.04,13.95,13.48,-0.56,17.572,14.95,14.95,11.41955025,0.007153461,0.012968388,0.008471652,0.018837697,0.126760563,0.032401326,0.102803738,-0.024275646,-0.000484015,0.000574988,0.000215041,0.001200781,0.000243995,1,6.12E-17,0.868099761,0.734021926
1981-04-01,0.598083443,65,65.8,0.158077785,0.080543648,17.35,15.78,15.41,15.07,-0.71,18.072,15.65,15.65,11.4243811,0.007257938,0.012880957,0.008254297,0.019278504,0.125874126,0.028480505,0.102088167,-0.028463891,-0.000733609,0.000797755,0.000561734,0.001531293,0.000228915,0.866025404,-0.5,0.877224719,0.746377323
1981-05-01,0.464384772,65.1,67.7,0.158332193,0.080418716,18.43,16.22,15.45,14.96,-1.26,19.322,17.02,17.02,11.42918872,0.007821304,0.012723671,0.008028171,0.019718,0.122119816,0.034488595,0.103211009,-0.032663317,-0.001063785,0.001090516,0.000539268,0.001807713,0.000257967,0.5,-0.866025404,0.886452785,0.758765704
1981-06-01,0.3306861,65.2,69.5,0.158586602,0.080293783,18.83,16.19,15.65,15.03,-1.16,19.822,17.75,17.75,11.43397334,0.008384561,0.012566803,0.007802576,0.02015619,0.127562642,0.034457744,0.104545455,-0.036873968,-0.001393333,0.001382719,0.000672471,0.002178819,0.000296935,1.22E-16,-1,0.895785714,0.7711872
1981-07-01,0.196987429,64.9,70.2,0.15884101,0.080168851,20.29,18.77,17.96,17.07,-1.7,20.822,18.1,18.1,11.43873518,0.008947709,0.01241035,0.00757751,0.020593081,0.128959276,0.031687583,0.106094808,-0.04109589,-0.001722255,0.001674367,0.000423567,0.002308959,0.000286037,-0.5,-0.866025404,0.905225306,0.783641946
1981-08-01,0.283074768,64.8,70.1,0.159246086,0.080126903,20.82,18.82,17.63,16.77,-2.05,22.572,20.5,20.5,11.44347445,0.010296972,0.012563097,0.008425445,0.021028678,0.125279642,0.028363122,0.10738255,-0.045329129,-0.000834499,0.000912938,0.000444349,0.002344513,0.000402137,-0.866025404,-0.5,0.914773399,0.796130075
1981-09-01,0.369162107,65.3,67.3,0.159651163,0.080084956,19.35,18.94,18.78,17.66,-1.28,21.072,20.66,20.66,11.44819137,0.011645751,0.012715481,0.009272646,0.021462987,0.126666667,0.03391152,0.109131403,-0.049573729,5.10E-05,0.000153447,0.000360206,0.002311428,0.000387221,-1,-1.84E-16,0.924431874,0.808651721
1981-10-01,0.455249446,65.2,67,0.160056239,0.080043008,17.96,17.33,17.15,16.66,-0.67,19.822,19.74,19.74,11.45288614,0.012994044,0.012867501,0.010119113,0.021896014,0.127753304,0.030469547,0.117256637,-0.053829737,0.000934245,-0.000604115,0.000202552,0.002177032,0.000329669,-0.866025404,0.5,0.934202658,0.821207019
1981-11-01,0.538911511,65,66.3,0.160598139,0.080079674,15.07,13.57,13.52,14.32,0.75,17.072,18,18,11.45755897,0.015230758,0.012820021,0.010363827,0.022327765,0.12173913,0.02722638,0.120350109,-0.058097198,0.00077524,-0.000413212,0.000128798,0.002005019,0.000296684,-0.5,0.866025404,0.944087719,0.833796106
1981-12-01,0.622573575,64.9,65.1,0.161140038,0.080116339,14.41,15.22,15.24,15.27,0.05,17.072,16.99,16.99,11.46221007,0.017466821,0.01277262,0.010608295,0.022758245,0.121212121,0.024437952,0.119825708,-0.062376159,0.000616473,-0.000222594,0.000192831,0.001837815,0.000356243,-2.45E-16,1,0.954089076,0.846419117
1982-01-01,0.70623564,64.6,63.5,0.161681938,0.080153005,14.34,15.95,16.17,15.94,-0.01,16.323,17.41,17.41,11.46683964,0.019702232,0.012725298,0.010852518,0.023187459,0.113006397,0.013761695,0.11663067,-0.066666667,0.000457941,-3.23E-05,9.77E-05,0.001657836,0.000269071,0.5,0.866025404,0.964208791,0.85907619
1982-02-01,0.671022816,64.5,63.5,0.161961014,0.080164582,14.58,15.03,15,15.01,-0.02,16.323,18.17,18.17,11.47217465,0.019710759,0.012651178,0.01123717,0.023169904,0.113924051,0.006287398,0.117773019,-0.062090982,0.000405609,-2.36E-05,6.88E-05,0.001404269,0.000314431,0.866025404,0.5,0.97444898,0.868099761
1982-03-01,0.635809992,64.6,63.7,0.162240089,0.080176158,15.07,15.43,15.21,15.06,-0.37,16.822,18.61,18.61,11.47748134,0.019719252,0.012577193,0.011621337,0.023152416,0.114583333,0.008127278,0.116525424,-0.057463884,0.000353382,-1.50E-05,8.01E-05,0.00133132,0.00014849,1,6.12E-17,0.980328455,0.877224719
1982-04-01,0.600597168,64.5,63.4,0.162519165,0.080187735,14.98,15.18,15.08,14.75,-0.43,16.822,18.48,18.48,11.48276003,0.019727712,0.012503343,0.012005022,0.023134995,0.113871636,0.007961195,0.115789474,-0.052784504,0.00030126,-6.41E-06,0.000186607,0.001359568,0.000155824,0.866025404,-0.5,0.98621594,0.886452785
1982-05-01,0.584979277,64.5,64.8,0.163423257,0.080735134,15.18,14.71,14.88,14.72,0.01,16.822,18.31,18.31,11.48801099,0.020939563,0.012324238,0.012088788,0.023117641,0.119096509,0.005751452,0.114345114,-0.048051948,0.000105534,0.000209544,0.000169148,0.0012949,0.000231549,0.5,-0.866025404,0.992111452,0.895785714
1982-06-01,0.569361385,64.4,65.8,0.164327349,0.081282533,16.33,16.4,15.98,16.03,-0.01,18.072,18.3,18.3,11.49323453,0.022149824,0.012145553,0.012172396,0.023100353,0.113131313,0.003359536,0.111111111,-0.043265306,-8.98E-05,0.000425052,0.000250711,0.001308568,0.000234271,1.22E-16,-1,0.998015007,0.905225306
1982-07-01,0.553743494,64.7,66.3,0.165231441,0.081829932,15.25,15.74,15.83,15.62,0.14,17.072,18.42,18.42,11.49843092,0.0233585,0.011967285,0.012255844,0.023083132,0.110220441,0.011706151,0.108163265,-0.038423645,-0.000284707,0.000640114,0.000196592,0.001279268,0.000224992,-0.5,-0.866025404,1.003926621,0.914773399
1982-08-01,0.461524198,64.3,65.5,0.166907365,0.082729406,13.7,13.64,13.79,13.96,0.62,15.822,17.92,17.92,11.50360046,0.022751669,0.011634557,0.012354887,0.023065976,0.105367793,0.008129349,0.105050505,-0.033526012,0.000189992,0.000222669,0.000186142,0.001256693,0.000210709,-0.866025404,-0.5,1.009846311,0.924431874
1982-09-01,0.369304903,64.4,63.3,0.16858329,0.08362888,12.73,12.62,13.08,13.48,0.91,14.822,16.69,16.69,11.5087434,0.022146675,0.011302722,0.012453679,0.023048885,0.102564103,8.92E-05,0.104417671,-0.028571429,0.00066339,-0.000193632,0.000207482,0.001204967,0.000254951,-1,-1.84E-16,1.015774094,0.934202658
1982-10-01,0.277085607,64.6,63.1,0.170259214,0.084528354,11.21,11.38,12.3,12.63,1.2,13.572,15.22,15.22,11.51386003,0.021543508,0.010971777,0.01255222,0.023031859,0.099609375,0.005584189,0.100990099,-0.023558897,0.001135494,-0.000608795,0.000390963,0.001366175,0.000226859,-0.866025404,0.5,1.021709986,0.944087719
1982-11-01,0.246200415,64.4,62.3,0.172646438,0.085779987,10.72,10.55,11.6,12.18,1.33,12.822,13.99,13.99,11.51895061,0.019770857,0.0108319,0.012773393,0.023014898,0.096899225,0.00435383,0.095703125,-0.018487395,0.000841134,-0.000356768,0.000468212,0.001604134,0.000227372,-0.5,0.866025404,1.027654004,0.954089076
1982-12-01,0.215315223,64.5,61.7,0.175033662,0.087031621,9.8,10.03,10.42,11.69,1.28,12.322,13.54,13.54,11.52401541,0.018006513,0.010692244,0.012994236,0.022998001,0.092664093,0.007377495,0.093385214,-0.013355875,0.000547341,-0.000105226,0.000455767,0.001754611,0.000298531,-2.45E-16,1,1.033606164,0.964208791
1983-01-01,0.184430031,64.3,60.3,0.177420886,0.088283254,9.58,10.17,10.72,12.28,1.41,11.822,13.25,13.25,11.52905469,0.016250418,0.010552808,0.013214751,0.022981168,0.082375479,0.0088624,0.083172147,-0.008163265,0.000254112,0.000145832,0.000324181,0.001791888,0.000273011,0.5,0.866025404,1.039566484,0.97444898
1983-02-01,0.157637074,64.3,60.7,0.181429566,0.089178533,9.23,10.02,10.48,11.8,1.17,11.322,12.8,12.8,11.52962197,0.014571729,0.010473326,0.013246072,0.023016884,0.075757576,0.010775141,0.08045977,-0.008339006,0.000205126,0.000149387,0.000241028,0.00180397,0.000225146,0.866025404,0.5,1.045534979,0.980328455
1983-03-01,0.130844116,64.5,61.4,0.185438247,0.090073811,9.17,10.2,10.41,11.7,0.99,11.322,12.65,12.65,11.53018892,0.012899734,0.010393978,0.01327733,0.023052464,0.072897196,0.012165926,0.075901328,-0.008514986,0.000156243,0.000152935,0.00035711,0.001803574,0.00035338,1,6.12E-17,1.047025914,0.98621594
1983-04-01,0.104051159,64.7,61.8,0.189446927,0.09096909,9.12,9.92,10.26,11.18,0.98,10.822,12.46,12.46,11.53075556,0.011234393,0.010314763,0.013308525,0.023087909,0.066914498,0.016708601,0.073584906,-0.008691207,0.000107461,0.000156476,0.000524855,0.002044824,0.000278868,0.866025404,-0.5,1.048519409,0.992111452
1983-05-01,0.33682439,64.7,64,0.197325222,0.09158679,9.25,9.59,10.32,11.3,1.27,10.822,12.36,12.36,11.53132188,0.012070918,0.010187553,0.013329499,0.023123218,0.055045872,0.017546143,0.063432836,-0.008867667,5.86E-05,0.000236313,0.00083808,0.002450155,0.000428793,0.5,-0.866025404,1.050015472,0.998015007
1983-06-01,0.56959762,65,65.5,0.205203516,0.092204491,9.17,9.82,10.66,11.56,1.47,10.822,12.18,12.18,11.53188787,0.012904365,0.010060597,0.01335043,0.023158394,0.054446461,0.022259606,0.061111111,-0.009044369,9.83E-06,0.000315982,0.000539822,0.002510622,0.000474314,1.22E-16,-1,1.051514109,1.003926621
1983-07-01,0.802370851,64.9,66.7,0.213081811,0.092822191,9.24,10.27,10.95,12.03,1.38,10.822,12.28,12.28,11.53245354,0.013734753,0.009933892,0.013371317,0.023193436,0.054151625,0.016781565,0.05893186,-0.009221311,-3.88E-05,0.000395484,0.000268928,0.002340786,0.000433308,-0.5,-0.866025404,1.053015326,1.009846311
1983-08-01,0.680690683,65,66.6,0.221235945,0.093654116,9.29,10.74,11.44,12.34,1.27,10.822,12.77,12.77,11.5330189,0.014275739,0.00980585,0.013271889,0.023228346,0.055755396,0.023160066,0.056672761,-0.009398496,0.000313197,9.52E-05,0.000260716,0.002126048,0.000470335,-0.866025404,-0.5,1.054519131,1.015774094
1983-09-01,0.559010515,65,64.8,0.22939008,0.094486042,9.24,10.1,10.8,11.76,1.56,10.822,13.08,13.08,11.53358394,0.014815727,0.009678068,0.013172732,0.023263125,0.050089445,0.022102046,0.054545455,-0.009575923,0.000664329,-0.000204393,0.000265438,0.00176467,0.000620584,-1,-1.84E-16,1.05602553,1.021709986
1983-10-01,0.437330347,64.8,64.7,0.237544214,0.095317967,9.24,9.88,10.76,11.73,1.66,10.822,12.3,12.3,11.53414865,0.015354721,0.009550544,0.013073847,0.023297772,0.04973357,0.015594101,0.050359712,-0.009753593,0.001014568,-0.000503188,0.00042775,0.001774166,0.000412725,-0.866025404,0.5,1.05753453,1.027654004
1983-11-01,0.868877342,64.7,64,0.244609163,0.09581428,9.48,10.09,10.81,11.8,1.53,10.822,12.04,12.04,11.53471305,0.020589181,0.009529987,0.01308186,0.023332289,0.044169611,0.017250861,0.04456328,-0.009931507,0.000747236,-0.000275975,0.000396634,0.001753328,0.000413772,-0.5,0.866025404,1.059046138,1.033606164
1983-12-01,1.300424337,64.8,63.4,0.251674112,0.096310593,9.71,10.33,10.98,12.02,1.39,10.822,11.75,11.75,11.53527713,0.025817213,0.009509456,0.013089856,0.023366677,0.045936396,0.017582772,0.042704626,-0.010109664,0.000480422,-4.92E-05,0.00023551,0.001648568,0.000336006,-2.45E-16,1,1.06056036,1.039566484
1984-01-01,1.731971332,64.6,61.7,0.258739061,0.096806906,9.73,10.23,11.02,11.92,1.47,10.822,11.75,11.75,11.53584089,0.031038829,0.009488952,0.013097838,0.023400936,0.054867257,0.017609504,0.046428571,-0.010288066,0.000214125,0.000177131,0.000200915,0.001558841,0.00028689,0.5,0.866025404,1.062077203,1.045534979
1984-02-01,1.801534704,64.7,62.3,0.263795403,0.09706184,9.82,10.81,11.53,12.4,1.49,10.822,11.72,11.72,11.54134446,0.037348695,0.009481233,0.013128029,0.023381342,0.054577465,0.0191659,0.042553191,-0.003947143,0.000301623,0.000157696,0.000188356,0.001463942,0.000280252,0.866025404,0.5,1.063596674,1.047025914
1984-03-01,1.871098076,64.7,62.6,0.268851746,0.097316773,10.53,11.44,12.14,13.06,1.56,11.322,12.02,12.02,11.54681791,0.043654188,0.009473525,0.013158157,0.023361823,0.045296167,0.016171075,0.042328042,0.002404672,0.000388934,0.000138303,0.000201964,0.001440777,0.000221401,1,6.12E-17,1.063569952,1.048519409
1984-04-01,1.940661448,64.7,62.9,0.273908088,0.097571707,10.59,11.71,12.52,13.31,1.6,11.322,12.71,12.71,11.55226156,0.049955311,0.009465829,0.013188223,0.023342381,0.048780488,0.013470764,0.040421793,0.008767406,0.000476058,0.000118951,0.000436193,0.001635041,0.000241891,0.866025404,-0.5,1.063543523,1.050015472
1984-05-01,1.437090921,65.1,64.9,0.277563664,0.098110273,11.29,13.25,13.39,13.93,0.65,11.822,13.46,13.46,11.55767573,0.04865537,0.009472247,0.013509868,0.023323013,0.046956522,0.018426733,0.042105263,0.015141087,0.000433257,0.000171071,0.000409338,0.001789835,0.000252017,0.5,-0.866025404,1.063517382,1.051514109
1984-06-01,0.933520394,65.1,66.5,0.28121924,0.09864884,12.11,13.08,13.42,13.81,0.78,12.322,13.73,13.73,11.56306076,0.047362345,0.009478653,0.013830835,0.023303721,0.04302926,0.014206556,0.038394415,0.021525745,0.000390573,0.000223049,0.000477403,0.001918973,0.000344841,1.22E-16,-1,1.063491525,1.053015326
1984-07-01,0.429949867,65.2,67.7,0.284874816,0.099187406,12.73,13.04,13.24,13.41,0.4,13.322,14.16,14.16,11.56841693,0.046076182,0.009485048,0.014151125,0.023284503,0.04109589,0.017308335,0.04,0.027921406,0.000348005,0.000274885,0.000455395,0.001897529,0.000471971,-0.5,-0.866025404,1.063465947,1.054519131
1984-08-01,0.806853908,65.2,67.2,0.287800273,0.0994812,12.13,12.6,12.68,12.89,0.41,12.822,13.65,13.65,11.57374458,0.049987449,0.009514902,0.014438075,0.023265358,0.035775128,0.015151395,0.03633218,0.034328101,0.000583342,-6.28E-05,0.000445202,0.001837962,0.000500251,-0.866025404,-0.5,1.063440644,1.05602553
1984-09-01,1.183757948,65.7,65.2,0.290725729,0.099774995,12.02,12.21,12.4,12.63,0.47,12.822,13.19,13.19,11.57904399,0.053887345,0.009544702,0.014724296,0.023246288,0.037478705,0.023432728,0.036206897,0.040745856,0.000817947,-0.000399374,0.000310148,0.001708066,0.000436549,-1,-1.84E-16,1.06341561,1.05753453
1984-10-01,1.560661989,65.3,65.2,0.293651186,0.100068789,11.42,11.55,11.81,12.18,0.77,12.322,12.92,12.92,11.58431546,0.05777592,0.00957445,0.015009789,0.02322729,0.033840948,0.0207272,0.032534247,0.047174702,0.001051824,-0.000734934,0.000416841,0.001662871,0.000458196,-0.866025404,0.5,1.063390843,1.059046138
1984-11-01,1.552573697,65.3,64.6,0.295956652,0.100225565,10.5,10.61,11.28,11.81,1.11,11.822,12.45,12.45,11.58955929,0.0570903,0.009506768,0.01475679,0.023208365,0.03891709,0.021903497,0.032423208,0.053614666,0.000752029,-0.000436151,0.000365204,0.001658225,0.000366401,-0.5,0.866025404,1.063366337,1.06056036
1984-12-01,1.544485406,65.2,64.2,0.298262117,0.100382341,9.84,10.18,10.9,11.66,1.34,11.072,11.94,11.94,11.59477577,0.056412505,0.009439172,0.014504282,0.023189513,0.037162162,0.01899893,0.032423208,0.060065778,0.000452665,-0.000137798,0.000285999,0.001658374,0.000282715,-2.45E-16,1,1.063342088,1.062077203
1985-01-01,1.536397114,65.1,63.1,0.300567583,0.100539117,9.5,10.21,10.62,11.38,0.96,10.822,11.64,11.64,11.59996517,0.055742403,0.00937166,0.014252263,0.023170732,0.035234899,0.020211406,0.032423208,0.066528067,0.000153733,0.000160125,0.000209476,0.001499106,0.000393027,0.5,0.866025404,1.063318093,1.063596674
1985-02-01,1.131487542,65.3,63.5,0.303629872,0.101164458,11.27,11.69,11.66,12.3,0.48,11.322,11.77,11.77,11.62249635,0.050081557,0.009312907,0.014114003,0.023176793,0.03672788,0.02082459,0.035714286,0.066161268,0.000186061,0.000203812,0.00014632,0.001370706,0.000271524,0.866025404,0.5,1.063294347,1.063569952
1985-03-01,0.726577971,65.5,63.9,0.30669216,0.1017898,10.4,11.16,11.58,11.93,0.74,11.572,12.63,12.63,11.64453105,0.044493014,0.009254242,0.013976039,0.023182831,0.036666667,0.025517394,0.033840948,0.065798492,0.000218328,0.000247417,0.000263877,0.001390027,0.000241615,1,6.12E-17,1.081899644,1.063543523
1985-04-01,0.321668399,65.6,64.4,0.309754449,0.102415141,9.77,10.7,10.99,11.5,0.68,10.572,11.97,11.97,11.66609066,0.038975398,0.009195665,0.013838369,0.023188845,0.03820598,0.02539808,0.035472973,0.065439673,0.000250535,0.000290941,0.000475189,0.001634128,0.000228114,0.866025404,-0.5,1.100313505,1.063517382
1985-05-01,0.637603518,65.6,66.5,0.311742548,0.103059423,9.51,10.14,10.45,10.76,0.47,10.322,11.58,11.58,11.68719525,0.041878719,0.009190307,0.013849671,0.023194837,0.041528239,0.01931002,0.037037037,0.065084746,0.00023747,0.000324235,0.000551449,0.001925784,0.00025547,0.5,-0.866025404,1.118538868,1.063491525
1985-06-01,0.953538637,65.7,67.6,0.313730646,0.103703705,9.33,10.01,10.41,10.88,0.73,10.322,11.09,11.09,11.70786362,0.044773742,0.009184958,0.013860942,0.023200805,0.03960396,0.020450876,0.042016807,0.064733648,0.000224441,0.000357437,0.000641582,0.002218681,0.0003444,1.22E-16,-1,1.136578612,1.063465947
1985-07-01,1.269473756,65.7,68.9,0.315718745,0.104347987,9.06,9.95,10.44,10.91,0.78,10.322,10.95,10.95,11.72811345,0.047660503,0.009179619,0.013872181,0.023206751,0.041118421,0.020009856,0.040133779,0.064386318,0.000211448,0.000390547,0.000462445,0.002227688,0.000444477,-0.5,-0.866025404,1.15443556,1.063440644
1985-08-01,1.327977861,65.7,68.7,0.318214979,0.105142208,8.95,9.81,10.21,10.79,0.72,10.072,10.97,10.97,11.74796135,0.04725863,0.009198058,0.01388385,0.023212674,0.041118421,0.021093945,0.043405676,0.064042695,0.000417052,0.000103983,0.000589152,0.002366897,0.00044157,-0.866025404,-0.5,1.172112476,1.06341561
1985-09-01,1.386481967,65.6,66.6,0.320711214,0.10593643,8.75,9.95,10.39,10.96,0.8,10.072,11.05,11.05,11.76742297,0.046860895,0.009216463,0.013895482,0.023218575,0.041050903,0.011889906,0.041597338,0.063702721,0.000622013,-0.000181685,0.000470951,0.002449237,0.000383803,-1,-1.84E-16,1.189612069,1.063390843
1985-10-01,1.444986072,65.8,66.6,0.323207448,0.106730651,8.53,9.4,9.95,10.72,1.07,9.822,11.16,11.16,11.78651305,0.046467235,0.009234834,0.013907078,0.023224453,0.04091653,0.020718974,0.04145937,0.063366337,0.000826334,-0.000466459,0.000654854,0.00261971,0.000479719,-0.866025404,0.5,1.206936993,1.063366337
1985-11-01,0.972579683,66,66.3,0.326267254,0.107751736,8.85,9.26,9.52,10.34,0.62,9.822,10.95,10.95,11.80524552,0.041231608,0.00928301,0.014029156,0.023230309,0.039087948,0.024569375,0.044628099,0.063033487,0.000538419,-0.000171904,0.00068518,0.002869336,0.000429407,-0.5,0.866025404,1.224089851,1.063342088
1985-12-01,0.500173294,66.1,66,0.32932706,0.108772821,9.24,8.98,9.2,10.06,0.65,9.822,10.81,10.81,11.82363352,0.036049064,0.009331132,0.014151058,0.023236143,0.043973941,0.025699662,0.044628099,0.062704115,0.000250987,0.000122156,0.000376659,0.002813129,0.000424799,-2.45E-16,1,1.241073193,1.063318093
1986-01-01,0.027766905,66.1,64.9,0.332386866,0.109793906,10.55,9.78,9.8,10.49,0.4,10.822,10.87,10.87,11.8416895,0.0309188,0.0093792,0.014272785,0.023241955,0.04376013,0.02781324,0.044628099,0.062378168,-3.60E-05,0.000415722,0.000345661,0.002671229,0.000476412,0.5,0.866025404,1.257889521,1.063294347
1986-02-01,0.035410966,66.1,65.2,0.335819424,0.110940153,11.55,9.71,9.49,9.96,-0.02,12.822,11.14,11.14,11.87134555,0.029988639,0.009420017,0.014398976,0.023494424,0.041867955,0.025550135,0.045977011,0.059954751,-8.36E-05,0.000534752,0.00041726,0.002720907,0.000359146,0.866025404,0.5,1.274541284,1.081899644
1986-03-01,0.043055027,66.1,65.6,0.339251981,0.1120864,10.19,9.22,8.97,9.54,-0.02,11.822,10.86,10.86,11.9001474,0.029060469,0.009460778,0.014524931,0.023745919,0.04340836,0.020999158,0.050736498,0.05755627,-0.000131057,0.00065353,0.000453175,0.002823717,0.000342708,1,6.12E-17,1.309101997,1.100313505
1986-04-01,0.050699088,66.3,66.3,0.342684539,0.113232647,8.72,8.78,8.56,9.32,0.09,11.072,10.32,10.32,11.92814286,0.028134283,0.009501482,0.014650652,0.023996445,0.0384,0.024383665,0.053833605,0.055182342,-0.000178454,0.000772058,0.000844785,0.003233039,0.000425575,0.866025404,-0.5,1.343463059,1.118538868
1986-05-01,0.208401037,66,67.9,0.344521739,0.113852289,8.33,8.95,8.95,9.52,0.13,10.072,9.8,9.8,11.95537588,0.025589559,0.009664595,0.014885457,0.024246008,0.041467305,0.019344654,0.056818182,0.052832591,-0.000273757,0.000932535,0.000741051,0.003524538,0.000441975,0.5,-0.866025404,1.377626194,1.136578612
1986-06-01,0.366102987,66.2,69.5,0.34635894,0.114471932,8.59,8.69,8.8,9.42,0.22,10.072,10.07,10.07,11.98188688,0.023066191,0.009827425,0.015119612,0.024494614,0.038095238,0.020855258,0.051612903,0.05050665,-0.000368752,0.001092495,0.00062509,0.003700706,0.00044102,1.22E-16,-1,1.411593108,1.15443556
1986-07-01,0.523804936,66.1,70.1,0.34819614,0.115091574,8.26,9,8.88,9.36,-0.02,9.572,10.26,10.26,12.00771317,0.02056391,0.009989971,0.015353122,0.024742268,0.04107425,0.019088155,0.054662379,0.048204159,-0.000463442,0.001251939,0.000672895,0.003817476,0.000548433,-0.5,-0.866025404,1.445365486,1.172112476
1986-08-01,0.391115248,66.1,69.9,0.351297757,0.116090203,8.33,8.96,8.8,9.16,-0.15,9.572,10.2,10.2,12.03288921,0.016097493,0.010169792,0.015764178,0.024988975,0.042654028,0.018529578,0.056,0.045924765,-0.000138207,0.000894599,0.000508533,0.003857163,0.000449161,-0.866025404,-0.5,1.478944995,1.189612069
1986-09-01,0.258425559,66,67.8,0.354399374,0.117088831,8.35,9.1,9.04,9.45,-0.01,9.572,10.3,10.3,12.05744695,0.011673691,0.010349276,0.016173947,0.025234742,0.041009464,0.018797252,0.054313099,0.043668122,0.000185747,0.000538666,0.000694619,0.003924728,0.000617344,-1,-1.84E-16,1.512333283,1.206936993
1986-10-01,0.125735871,66,67.8,0.357500991,0.11808746,8.3,8.86,9.01,9.53,0.26,9.572,10.45,10.45,12.08141604,0.007291898,0.010528425,0.016582436,0.025479572,0.044025157,0.015538469,0.055732484,0.041433892,0.000508429,0.00018413,0.000556047,0.003931172,0.000540911,-0.866025404,0.5,1.545531978,1.224089851
1986-11-01,0.607410048,66.1,67.2,0.358627661,0.118475238,8.24,8.61,8.72,9.26,0.18,9.572,10.45,10.45,12.10482403,0.012472228,0.01079044,0.017088755,0.025723473,0.045454545,0.012422926,0.053797468,0.039221742,0.000208289,0.000483097,0.000593616,0.003891707,0.000624394,-0.5,0.866025404,1.578542691,1.241073193
1986-12-01,1.089084226,66.1,66.7,0.359754332,0.118863015,8.24,8.55,8.63,9.23,0.19,9.572,10.37,10.37,12.1276966,0.017651599,0.011052134,0.017594223,0.025966448,0.042121685,0.012133529,0.056962025,0.037031346,-9.10E-05,0.000781265,0.000554813,0.003895919,0.000542016,-2.45E-16,1,1.611367013,1.257889521
1987-01-01,1.570758403,66.1,65.4,0.360881002,0.119250793,7.24,7.68,8.06,8.94,0.58,9.072,10.05,10.05,12.1500577,0.022830012,0.011313509,0.018098841,0.026208503,0.040372671,0.01306452,0.055379747,0.034862385,-0.000389586,0.001078636,0.000589103,0.003987798,0.000648127,0.5,0.866025404,1.644006519,1.274541284
1987-02-01,1.474181196,66.2,65.8,0.361664038,0.119339583,7.28,7.81,8.08,9.1,0.58,9.072,9.66,9.66,12.16776052,0.027024023,0.011728957,0.018674409,0.026199816,0.040185471,0.013992149,0.051805338,0.033999085,-0.000205103,0.001014074,0.000457857,0.003814913,0.00062067,0.866025404,0.5,1.676462766,1.309101997
1987-03-01,1.377603989,66.3,66.3,0.362447075,0.119428374,6.8,7.54,7.73,8.98,0.7,8.572,9.4,9.4,12.1851554,0.031216618,0.012143795,0.019248761,0.026191167,0.040061633,0.016363073,0.048286604,0.033140772,-2.12E-05,0.000949721,0.000589094,0.003908081,0.00048625,1,6.12E-17,1.70288263,1.343463059
1987-04-01,1.281026782,66.4,67,0.363230111,0.119517164,8.08,9.01,9.18,9.82,0.39,9.072,9.59,9.59,12.20225286,0.035407796,0.012558026,0.0198219,0.026182555,0.046224961,0.013112855,0.046439628,0.032287403,0.000162074,0.000885576,0.000764872,0.004146885,0.000516493,0.866025404,-0.5,1.729193643,1.377626194
1987-05-01,1.36330942,66.4,69,0.36336819,0.119013956,8.19,9.38,9.26,9.92,0.14,9.322,10.24,10.24,12.21906291,0.038867161,0.012795486,0.020300963,0.02617398,0.045941807,0.018894437,0.043010753,0.031438936,0.000189068,0.000915369,0.000944674,0.004547824,0.000533946,0.5,-0.866025404,1.755396476,1.411593108
1987-06-01,1.445592059,66.5,70.5,0.363506269,0.118510747,8.29,9.04,9.04,9.78,0.27,9.322,10.46,10.46,12.23559504,0.042314488,0.013032457,0.020778482,0.026165442,0.047400612,0.017562341,0.042944785,0.030595328,0.00021595,0.000945039,0.00080874,0.004698606,0.000647048,1.22E-16,-1,1.781491794,1.445365486
1987-07-01,1.527874697,66.4,71.2,0.363644348,0.118007539,8.97,9.77,9.7,10.23,0.13,9.322,10.46,10.46,12.2518583,0.04574984,0.013268939,0.021254463,0.026156942,0.04552352,0.017782427,0.045731707,0.029756537,0.000242721,0.000974585,0.000826331,0.004745658,0.000767227,-0.5,-0.866025404,1.807480257,1.478944995
1987-08-01,1.449205749,66.4,71.2,0.365207695,0.117963281,8.99,9.9,9.91,10.44,0.21,9.822,10.69,10.69,12.2678613,0.049813078,0.013361412,0.021526785,0.026148477,0.045454545,0.018117304,0.042424242,0.028922524,0.000617834,0.000441117,0.000593963,0.004684897,0.000643436,-0.866025404,-0.5,1.833362522,1.512333283
1987-09-01,1.370536801,66.5,69.2,0.366771041,0.117919023,9.35,10.58,10.75,11.14,0.32,9.822,10.92,10.92,12.28361222,0.053872913,0.01345368,0.021798036,0.02614005,0.045454545,0.020112026,0.043939394,0.028093246,0.000991271,-9.00E-05,0.000594645,0.00442804,0.000840926,-1,-1.84E-16,1.859139237,1.545531978
1987-10-01,1.291867853,66.7,69.5,0.368334388,0.117874765,7.84,9.38,9.62,10.21,0.42,9.572,11.17,11.17,12.2991189,0.057929349,0.013545742,0.022068221,0.026131658,0.042168675,0.02282714,0.043740573,0.027268663,0.001363045,-0.000618688,0.000581408,0.004395491,0.000603952,-0.866025404,0.5,1.884811047,1.578542691
1987-11-01,1.346908752,66.7,69,0.369253449,0.117719724,8.31,9.57,9.88,10.5,0.53,9.572,10.69,10.69,12.31438879,0.057530245,0.013425295,0.021835044,0.026123302,0.04197901,0.022485899,0.043543544,0.026448737,0.000901327,-0.000198176,0.000661822,0.00447195,0.000576004,-0.5,0.866025404,1.91037859,1.611367013
1987-12-01,1.401949652,66.8,68.8,0.370172509,0.117564684,8.41,9.62,9.78,10.34,0.4,9.572,10.76,10.76,12.32942901,0.057135276,0.013305058,0.02160249,0.026114982,0.041916168,0.025010115,0.040419162,0.025633427,0.000440634,0.000221402,0.000392425,0.004278707,0.000573949,-2.45E-16,1,1.935842501,1.644006519
1988-01-01,1.456990551,66.9,67.4,0.37109157,0.117409643,8.37,8.98,9.02,9.74,0.33,9.572,10.93,10.93,12.34424637,0.056744379,0.01318503,0.021370558,0.026106697,0.040298507,0.024835155,0.04197901,0.024822695,-1.90E-05,0.00064005,0.00026521,0.00383656,0.000697456,0.5,0.866025404,1.961203409,1.676462766
1988-02-01,1.229933271,66.8,68,0.371965762,0.117185533,8.32,8.77,8.77,9.61,0.36,9.572,10.69,10.69,12.3601101,0.05497236,0.013000108,0.021102791,0.026097216,0.040118871,0.022697606,0.046268657,0.026983191,-0.000221677,0.000948118,0.00019151,0.003489951,0.000523479,0.866025404,0.5,1.986461938,1.70288263
1988-03-01,1.002875992,66.9,68.3,0.372839954,0.116961422,8.53,8.95,9.14,10.13,0.66,9.572,10.28,10.28,12.37572611,0.053215346,0.012815609,0.020835893,0.026087775,0.042962963,0.021508336,0.049034175,0.029134785,-0.000423765,0.001255348,0.000385773,0.003286095,0.000573841,1,6.12E-17,2.009822685,1.729193643
1988-04-01,0.775818712,66.8,68.7,0.373714146,0.116737312,8.87,9.23,9.41,10.36,0.61,10.072,10.24,10.24,12.39110199,0.051473147,0.012631531,0.020569857,0.026078376,0.039764359,0.019730296,0.047337278,0.031277533,-0.000625305,0.001561745,0.000413518,0.003163621,0.000528095,0.866025404,-0.5,2.032989705,1.755396476
1988-05-01,0.554117894,66.8,70.7,0.375007028,0.116484332,8.92,9.44,9.49,10.38,0.42,10.072,10.49,10.49,12.40624504,0.046531302,0.0127716,0.020654036,0.026069017,0.039531479,0.019300353,0.048600884,0.033411489,-0.001216143,0.002124025,0.000553007,0.003185615,0.000524219,0.5,-0.866025404,2.055965399,1.781491794
1988-06-01,0.332417076,66.7,71.8,0.37629991,0.116231353,9.19,9.43,9.5,10.13,0.27,10.572,10.61,10.61,12.42116218,0.041639286,0.012911314,0.020737866,0.026059699,0.039416058,0.016179602,0.047058824,0.035536707,-0.001804426,0.002683874,0.000536227,0.003196845,0.000515708,1.22E-16,-1,2.078752127,1.807480257
1988-07-01,0.110716258,66.8,72.5,0.377592792,0.115978373,9.29,9.57,9.75,10.42,0.39,10.572,10.6,10.6,12.43586008,0.03679635,0.013050675,0.020821347,0.02605042,0.039187228,0.018987482,0.045189504,0.03765324,-0.002390173,0.003241308,0.00054682,0.003284193,0.000452634,-0.5,-0.866025404,2.10135221,1.833362522
1988-08-01,0.07876069,66.8,72.3,0.379670048,0.115963178,9.98,10.36,10.23,10.65,0.04,11.072,11.12,11.12,12.45034507,0.032401913,0.013603188,0.021249105,0.026041181,0.039130435,0.018791718,0.046511628,0.039761142,-0.001944182,0.002715408,0.000579977,0.003446901,0.000409989,-0.866025404,-0.5,2.123767932,1.859139237
1988-09-01,0.046805121,66.8,70.3,0.381747304,0.115947984,10.33,10.1,9.97,10.46,0.1,11.572,11.36,11.36,12.46462324,0.028045001,0.01415437,0.021674953,0.026031982,0.04057971,0.018337264,0.046444122,0.041860465,-0.001500554,0.002192293,0.000629304,0.003604023,0.000464027,-1,-1.84E-16,2.146001541,1.884811047
1988-10-01,0.014849553,66.9,70.5,0.38382456,0.115932789,10.29,9.66,9.61,10.13,0.11,11.572,10.99,10.99,12.47870041,0.023725133,0.014704226,0.022098904,0.026022822,0.043352601,0.016589557,0.049132948,0.043951262,-0.00105927,0.001671942,0.000395497,0.00348542,0.000505629,-0.866025404,0.5,2.168055246,1.91037859
1988-11-01,0.127877201,67,69.8,0.385605646,0.115883216,10.76,10.31,9.98,10.32,-0.26,11.572,10.98,10.98,12.49258216,0.019979232,0.0151919,0.022750925,0.026013701,0.04028777,0.017604859,0.050359712,0.046033584,-0.00135199,0.00197425,0.000356492,0.003267437,0.000566002,-0.5,0.866025404,2.189931221,1.935842501
1988-12-01,0.240904849,67,69.5,0.387386732,0.115833642,10.94,10.56,10.27,10.36,-0.39,12.072,11.33,11.33,12.50627384,0.016269365,0.015678842,0.023401499,0.026004619,0.038793103,0.014919154,0.051798561,0.048107483,-0.001643688,0.002275502,0.000376536,0.003164093,0.000471886,-2.45E-16,1,2.211631608,1.961203409
1989-01-01,0.353932497,67.3,68.7,0.389167818,0.115784069,11.18,10.54,10.1,10.18,-0.53,12.072,11.44,11.44,12.51978059,0.012595015,0.016165051,0.02405063,0.025995575,0.043041607,0.019199907,0.054676259,0.05017301,-0.00193437,0.002575705,0.00037655,0.003043127,0.000489488,0.5,0.866025404,2.233158511,1.986461938
1989-02-01,0.280163819,67.4,68.8,0.39018653,0.11534272,11.61,11.36,10.7,10.55,-0.94,12.572,11.43,11.43,12.51407743,0.010429638,0.016632492,0.024798236,0.026008371,0.045714286,0.020910218,0.05278174,0.037257717,-0.001687479,0.00242348,0.000279983,0.002948024,0.000367125,0.866025404,0.5,2.254514003,2.009822685
1989-03-01,0.20639514,67.5,69.2,0.391205243,0.114901371,12.14,11.62,10.82,10.49,-1.04,13.322,11.61,11.61,12.50834156,0.008275402,0.017099034,0.02554381,0.026021111,0.045454545,0.022657752,0.052407932,0.024449528,-0.001441618,0.002271889,0.000510444,0.00302724,0.000427517,1,6.12E-17,2.260155028,2.032989705
1989-04-01,0.132626462,67.5,69.4,0.392223955,0.114460022,12.37,10.78,10.24,10.19,-0.59,13.322,11.92,11.92,12.5025726,0.006132222,0.01756468,0.02628736,0.026033796,0.045325779,0.02311339,0.052259887,0.011747117,-0.00119678,0.00212093,0.000447479,0.003068086,0.000399009,0.866025404,-0.5,2.265889742,2.055965399
1989-05-01,0.1469915,67.3,71.3,0.392398075,0.11347121,12.17,10.37,9.78,9.85,-0.66,13.322,11.49,11.49,12.49677017,0.006350155,0.017744911,0.026493347,0.026046427,0.050704225,0.021277215,0.054775281,-0.000850822,-0.001086093,0.001965681,0.000571569,0.003283246,0.000348713,0.5,-0.866025404,2.271720498,2.078752127
1989-06-01,0.161356537,67.2,72.5,0.392572196,0.112482399,12.08,10.01,9.42,9.6,-0.61,13.322,11.13,11.13,12.49093387,0.006567927,0.017924637,0.026698443,0.026059003,0.051966292,0.021008587,0.060393258,-0.013345573,-0.000975929,0.001811166,0.000365826,0.00324044,0.000401555,1.22E-16,-1,2.27764973,2.10135221
1989-07-01,0.175721575,67.1,73.1,0.392746316,0.111493587,12.11,9.86,9.35,9.62,-0.55,13.322,11.05,11.05,12.48506331,0.006785539,0.018103859,0.026902655,0.026071526,0.053072626,0.017733919,0.058577406,-0.025738397,-0.000866284,0.001657378,0.000354929,0.003182653,0.000405215,-0.5,-0.866025404,2.283679954,2.123767932
1989-08-01,0.124639511,67.1,73.2,0.395006005,0.111150242,12.16,10.39,9.59,9.62,-0.88,13.322,10.96,10.96,12.47915808,0.006811129,0.017885952,0.026349603,0.026083995,0.052998605,0.018923444,0.056944444,-0.038030536,0.000172723,0.000573183,0.000340627,0.003154318,0.000360273,-0.866025404,-0.5,2.289813772,2.146001541
1989-09-01,0.073557446,67.1,71.3,0.397265694,0.110806897,12.23,10.46,9.92,9.91,-0.72,13.322,10.95,10.95,12.47321777,0.006836717,0.017668807,0.02579948,0.026096412,0.052924791,0.017753749,0.058252427,-0.050223214,0.001207338,-0.00050643,0.00038414,0.003060933,0.000462292,-1,-1.84E-16,2.296053877,2.168055246
1989-10-01,0.022475382,66.9,71.2,0.399525383,0.110463552,12.17,10.17,9.56,9.54,-0.79,13.322,10.95,10.95,12.46724197,0.006862303,0.01745242,0.025252263,0.026108775,0.051246537,0.014852379,0.055096419,-0.062317632,0.002237589,-0.001581488,0.000319344,0.00298936,0.000379882,-0.866025404,0.5,2.302403055,2.189931221
1989-11-01,0.031017106,67.2,70.5,0.401189938,0.110037136,12.21,11.03,10.07,9.8,-1.3,13.322,10.95,10.95,12.46123023,0.005837077,0.016950724,0.024209757,0.026121086,0.052558783,0.017466084,0.054794521,-0.074314974,0.001301807,-0.000671935,0.000235041,0.002861376,0.000356122,-0.5,0.866025404,2.308864192,2.211631608
1989-12-01,0.039558831,67.3,70,0.402854494,0.109610721,12.22,10.92,9.77,9.69,-1.36,13.322,11.15,11.15,12.45518214,0.004814264,0.016450263,0.023170888,0.026133345,0.052558783,0.019122043,0.054719562,-0.086216402,0.000367394,0.000236287,0.000221379,0.002721039,0.000359313,-2.45E-16,1,2.315440275,2.233158511
1990-01-01,0.048100555,67.5,68.7,0.404519049,0.109184305,12.34,10.96,10.02,10.04,-1.03,13.322,11.21,11.21,12.44909725,0.003793857,0.015951033,0.022135639,0.026145553,0.055020633,0.01781471,0.054570259,-0.098023064,-0.000565653,0.001143181,0.000204098,0.002636196,0.000282637,0.5,0.866025404,2.322134399,2.254514003
1990-02-01,0.070061073,67.5,69,0.406251364,0.108967319,13.16,11.92,11.09,10.64,-1.28,14.072,11.62,11.62,12.44230779,0.003731501,0.015782954,0.021631777,0.026088711,0.054644809,0.016488423,0.052845528,-0.094054952,-0.000360965,0.00101235,0.00011507,0.002464953,0.000279941,0.866025404,0.5,2.328949772,2.260155028
1990-03-01,0.092021592,67.1,69.1,0.407983679,0.108750333,13.26,12.22,11.29,10.91,-1.34,14.072,12.12,12.12,12.43547192,0.0036692,0.015615353,0.021130017,0.026032115,0.05298913,0.008432148,0.049798116,-0.090020935,-0.000156929,0.000881936,0.000131305,0.00230568,0.000285104,1,6.12E-17,2.322026738,2.265889742
1990-04-01,0.11398211,67.2,69.6,0.409715994,0.108533347,13.55,12.74,12.23,11.54,-1.23,14.572,12.87,12.87,12.428589,0.003606954,0.015448227,0.020630344,0.025975765,0.050135501,0.011986021,0.048322148,-0.085919358,4.65E-05,0.000751937,0.000186884,0.002200065,0.000287374,0.866025404,-0.5,2.315050613,2.271720498
1990-05-01,0.235596339,67.1,71.1,0.410935245,0.108611676,13.67,12.03,11.39,10.86,-1.17,14.572,13.41,13.41,12.42165837,0.004620348,0.015362157,0.020103027,0.025919658,0.044235925,0.011930539,0.043941411,-0.08174851,0.000183285,0.00058196,0.000185188,0.002147508,0.000229206,0.5,-0.866025404,2.308020785,2.27764973
1990-06-01,0.357210568,67.1,72.4,0.412154496,0.108690006,13.58,11.53,11.09,10.72,-0.89,14.572,13.23,13.23,12.41467938,0.005632557,0.015276359,0.019578199,0.025863793,0.044058745,0.013149736,0.041059603,-0.07750662,0.000319607,0.00041261,0.000144253,0.002033052,0.000254197,1.22E-16,-1,2.300936631,2.283679954
1990-07-01,0.478824797,67.1,73,0.413373747,0.108768335,13.23,11.56,11.04,10.78,-0.91,14.572,13.17,13.17,12.40765134,0.006643583,0.015190832,0.019055844,0.025808168,0.041114058,0.015414341,0.039525692,-0.073191858,0.000455427,0.000243885,0.000167553,0.001995331,0.000200233,-0.5,-0.866025404,2.293797517,2.289813772
1990-08-01,0.340055112,67.1,72.6,0.41510955,0.109007512,12.67,10.79,10.63,10.83,-0.07,14.072,12.76,12.76,12.40057355,0.006777927,0.015052054,0.018505476,0.025752782,0.041059603,0.014453581,0.040735874,-0.06880233,0.001412373,-0.000737967,6.06E-05,0.001807648,0.000241744,-0.866025404,-0.5,2.286602804,2.296053877
1990-09-01,0.201285427,67.2,70.7,0.416845353,0.109246689,12.4,11.14,11.25,11.54,0.28,13.572,12.6,12.6,12.39344531,0.006912251,0.014913702,0.017957436,0.025697633,0.042328042,0.017458274,0.040629096,-0.064336075,0.002366303,-0.001716723,0.000234008,0.001749376,0.000288248,-1,-1.84E-16,2.279351837,2.302403055
1990-10-01,0.062515742,67.1,70.4,0.418581156,0.109485866,12.36,10.99,10.88,11.15,0.03,13.572,12.41,12.41,12.3862659,0.007046556,0.014775773,0.017411707,0.02564272,0.04743083,0.017859558,0.04308094,-0.059791065,0.003317229,-0.002692399,0.000161866,0.00170011,0.000206457,-0.866025404,0.5,2.272043956,2.308864192
1990-11-01,0.190896028,67,69.2,0.417154742,0.108951508,12.01,10.42,10.43,10.7,0.12,13.072,12.24,12.24,12.37903457,0.008387579,0.014599714,0.017008466,0.025588041,0.051248357,0.012518686,0.041558442,-0.055165197,0.002821137,-0.002157648,0.000129121,0.00160938,0.000217087,-0.5,0.866025404,2.264678487,2.315440275
1990-12-01,0.319276315,66.9,68.4,0.415728329,0.108417151,11.47,10.46,10.27,10.51,-0.12,12.572,11.69,11.69,12.37175056,0.009728173,0.014423915,0.016605815,0.025533595,0.049934297,0.009879859,0.040207523,-0.050456294,0.002325378,-0.001623255,0.000115762,0.001514663,0.000208167,-2.45E-16,1,2.257254747,2.322134399
1991-01-01,0.447656601,66.8,66.7,0.414301915,0.107882793,10.48,9.94,9.93,10.22,0.11,12.072,11.33,11.33,12.36441311,0.011068337,0.014248376,0.016203753,0.02547938,0.069100391,0.005013888,0.059508409,-0.0456621,0.001829952,-0.001089222,6.05E-05,0.001252305,0.00031916,0.5,0.866025404,2.249772041,2.328949772
1991-02-01,0.338966095,66.8,66.7,0.417135645,0.10903425,9.72,9.35,9.46,9.89,0.24,11.072,10.78,10.78,12.35751036,0.011093951,0.013871244,0.015587945,0.024879317,0.062176166,0.004814281,0.059202059,-0.042475172,0.001415202,-0.000696517,4.68E-05,0.001143223,0.000152941,0.866025404,0.5,2.242229665,2.322026738
1991-03-01,0.23027559,66.7,66.6,0.419969374,0.110185708,9.67,9.29,9.4,9.88,0.26,11.072,10.65,10.65,12.35055964,0.011119545,0.013495057,0.0149741,0.024281791,0.061935484,0.010515611,0.064102564,-0.039263804,0.001001275,-0.000304591,0.000106742,0.001116956,0.000131767,1,6.12E-17,2.22787139,2.315050613
1991-04-01,0.121585084,66.7,67.2,0.422803104,0.111337165,9.241,9.3,9.42,9.91,0.29,10.572,10.47,10.47,12.34356026,0.01114512,0.013119813,0.01436221,0.023686786,0.061935484,0.007595952,0.062740077,-0.036027714,0.000588167,8.66E-05,0.000163182,0.001135645,0.000142274,0.866025404,-0.5,2.213499361,2.308020785
1991-05-01,0.169075462,66.7,68.9,0.424547657,0.113381207,8.812,9.11,9.36,9.91,0.48,9.572,10.43,10.43,12.33651155,0.0104224,0.012914314,0.013959693,0.023094287,0.061617458,0.009854228,0.0625,-0.032766615,0.000418761,0.000167932,0.000208503,0.001210031,0.000132383,0.5,-0.866025404,2.19911356,2.300936631
1991-06-01,0.21656584,66.9,70,0.426292211,0.115425248,8.65,9.4,9.73,10.36,0.69,9.572,10.44,10.44,12.3294128,0.009701979,0.012709429,0.013558663,0.022504278,0.062659847,0.012768023,0.061068702,-0.029480217,0.000249846,0.000249067,0.000347483,0.001413828,0.000141586,1.22E-16,-1,2.184713966,2.293797517
1991-07-01,0.264056218,66.7,70.7,0.428036764,0.11746929,8.656,9.33,9.66,10.17,0.57,9.572,10.51,10.51,12.3222633,0.008983847,0.012505156,0.013159111,0.021916742,0.059872611,0.009893204,0.059569075,-0.026168224,8.14E-05,0.000329968,0.000385025,0.001635533,0.000161675,-0.5,-0.866025404,2.17030056,2.286602804
1991-08-01,0.17705169,66.7,70.5,0.432021103,0.120125088,8.534,9,9.41,9.97,0.67,9.572,10.67,10.67,12.31506232,0.008783864,0.012168549,0.012666397,0.021331665,0.059796438,0.008834666,0.058080808,-0.022830336,0.001128706,-0.000510786,0.000296249,0.001752661,0.000176635,-0.866025404,-0.5,2.155873321,2.279351837
1991-09-01,0.090047163,66.4,68.7,0.436005441,0.122780886,8.339,8.48,8.97,9.59,0.78,9.322,10.58,10.58,12.3078091,0.008583964,0.011832884,0.012175237,0.020749031,0.054568528,0.001796248,0.056675063,-0.019466248,0.002173704,-0.001349704,0.000231528,0.001731528,0.000250253,-1,-1.84E-16,2.141432229,2.272043956
1991-10-01,0.003042635,66.3,68.6,0.43998978,0.125436684,7.79,7.43,8.19,9.12,1.31,8.572,10.04,10.04,12.30050289,0.008384148,0.011498155,0.011685622,0.020168825,0.044025157,0.00288124,0.052565707,-0.01607565,0.003216422,-0.002186791,0.000223598,0.001641233,0.000311268,-0.866025404,0.5,2.126977265,2.264678487
1991-11-01,0.05579153,66.1,67.6,0.442852171,0.127761549,7.406,7.63,8.16,9.18,1.04,8.322,9.34,9.34,12.29314291,0.007423021,0.011574069,0.012069433,0.019591032,0.04125,0.00087464,0.052369077,-0.012658228,0.002403174,-0.001441732,0.00019778,0.001517911,0.000318113,-0.5,0.866025404,2.112508409,2.257254747
1991-12-01,0.108540424,65.9,66.9,0.445714562,0.130086415,7.422,7.31,7.87,8.97,1.01,7.822,9.04,9.04,12.28572836,0.006464755,0.011649896,0.012452986,0.019015636,0.037546934,-0.000258926,0.048628429,-0.009213662,0.001591087,-0.000697738,0.000132494,0.001399244,0.000248866,-2.45E-16,1,2.098025641,2.249772041
1992-01-01,0.161289319,65.8,65.3,0.448576953,0.13241128,7.04,7.25,7.93,8.92,1.03,7.322,8.91,8.91,12.27825841,0.005509335,0.011725637,0.012836282,0.018442623,0.015853659,-0.000818651,0.029304029,-0.005741627,0.00078016,4.52E-05,0.000108149,0.001254276,0.000252515,0.5,0.866025404,2.08352894,2.242229665
1992-02-01,0.173997665,65.7,65.5,0.451333279,0.134721223,7.25,7.35,7.97,8.97,0.99,7.322,8.88,8.88,12.27496535,0.005770089,0.011885595,0.013128672,0.018414322,0.015853659,-0.002028398,0.027946537,-0.011089836,0.000902879,-5.68E-05,8.84E-05,0.001140633,0.000200151,0.866025404,0.5,2.069018287,2.22787139
1992-03-01,0.18670601,65.8,65.4,0.454089606,0.137031165,7.239,7.96,8.52,9.28,0.71,8.072,9.26,9.26,12.2716614,0.006030633,0.012045269,0.013420482,0.018386108,0.015795869,-0.000670916,0.022891566,-0.016443167,0.001025285,-0.000158505,0.000101555,0.001078485,0.000161484,1,6.12E-17,2.074361436,2.213499361
1992-04-01,0.199414356,65.5,65.6,0.456845932,0.139341108,6.719,7.72,8.49,9.51,1.14,7.572,9.57,9.57,12.26834649,0.006290965,0.012204661,0.013711714,0.018357981,0.017010936,-0.004551134,0.022891566,-0.021801629,0.001147379,-0.000259965,0.000249124,0.001181022,0.000144967,0.866025404,-0.5,2.079767895,2.19911356
1992-05-01,0.134872102,65.7,67.3,0.460007046,0.141872528,6.081,7.01,7.91,9.17,1.48,7.322,9.34,9.34,12.26502057,0.005425416,0.012105213,0.01364306,0.018329939,0.013301088,-0.003185313,0.019207683,-0.027165229,0.001063627,-0.00023058,0.00025625,0.0012775,0.00015775,0.5,-0.866025404,2.085238795,2.184713966
1992-06-01,0.070329849,65.8,68.6,0.463168161,0.144403948,5.596,6.42,7.45,8.87,1.73,6.822,8.92,8.92,12.26168354,0.004561387,0.012006022,0.013574606,0.018301983,0.010830325,-0.003209069,0.017985612,-0.032533973,0.000980106,-0.000201277,0.000236395,0.001258113,0.000241388,1.22E-16,-1,2.090775296,2.17030056
1992-07-01,0.005787595,65.7,69,0.466329275,0.146935368,5.17,5.5,6.53,8.21,1.93,6.572,8.46,8.46,12.25833534,0.003698876,0.011907087,0.01350635,0.018274112,0.012019231,-0.002009317,0.019138756,-0.037907869,0.000896817,-0.000172055,0.000241276,0.001345962,0.000147807,-0.5,-0.866025404,2.096378584,2.155873321
1992-08-01,0.120751869,65.8,68.7,0.469657432,0.149528765,4.821,5.41,6.53,8.19,1.97,6.322,7.92,7.92,12.2549759,0.004861943,0.012048835,0.013626097,0.018246325,0.010804322,-0.001146789,0.017899761,-0.043286926,0.001636568,-0.000841346,0.000212295,0.001303385,0.000250871,-0.866025404,-0.5,2.102049875,2.141432229
1992-09-01,0.235716142,65.7,67.1,0.472985588,0.152122163,7.371,6.93,7.35,8.53,0.86,6.072,7.74,7.74,12.25160513,0.006024986,0.01219028,0.013745582,0.018218623,0.013237064,0.002434889,0.016686532,-0.04867115,0.002374529,-0.001509017,0.000190109,0.001185139,0.000304423,-1,-1.84E-16,2.107790416,2.126977265
1992-10-01,0.350680416,65.5,67.1,0.476313745,0.15471556,6.055,5.84,6.76,8.33,1.67,7.572,8.43,8.43,12.24822296,0.007188006,0.012331424,0.013864807,0.018191006,0.015662651,0.000460232,0.016646849,-0.054060548,0.003110707,-0.002175076,0.000177171,0.001118114,0.000242184,-0.866025404,0.5,2.113601481,2.112508409
1992-11-01,0.368065064,65.9,66.3,0.478380022,0.156888349,8.566,7.1,7.37,8.66,0.78,9.572,8.53,8.53,12.24482931,0.007998508,0.012385989,0.013755243,0.018163471,0.016806723,0.010451549,0.017772512,-0.059455128,0.00281869,-0.001893391,0.000197225,0.001115213,0.000197721,-0.5,0.866025404,2.119484379,2.098025641
1992-12-01,0.385449713,65.6,65.8,0.480446299,0.159061138,7.111,6.93,7.34,8.54,0.93,7.072,8.68,8.68,12.2414241,0.008808139,0.012440484,0.013645836,0.01813602,0.021712907,0.008301776,0.020214031,-0.064854898,0.002527027,-0.001612047,0.000192232,0.001117516,0.000188768,-2.45E-16,1,2.12544045,2.08352894
1993-01-01,0.402834361,65.4,64.4,0.482512576,0.161233927,6.562,6.91,7.39,8.67,1.07,6.572,8.67,8.67,12.23800726,0.009616901,0.012494909,0.013536585,0.018108652,0.020408163,0.005532174,0.021352313,-0.070259865,0.002235718,-0.001331045,0.000123765,0.001021492,0.00022085,0.5,0.866025404,2.131471067,2.069018287
1993-02-01,0.320148753,65.2,64.9,0.486021959,0.164271896,5.843,6.56,6.92,8.19,0.89,6.322,8.64,8.64,12.23898786,0.009466781,0.012234226,0.013094112,0.018123221,0.024009604,0.004569666,0.021276596,-0.062283179,0.002300546,-0.001368773,0.000133936,0.000984913,0.000159836,0.866025404,0.5,2.13757764,2.074361436
1993-03-01,0.237463146,65.4,65,0.489531342,0.167309865,5.113,6.41,6.88,8.27,1.11,5.822,8.17,8.17,12.2399675,0.00931686,0.011974085,0.01265277,0.018137747,0.019138756,0.006370986,0.018845701,-0.054211979,0.002365265,-0.001406437,0.000108119,0.000934899,0.000145308,1,6.12E-17,2.133967994,2.079767895
1993-04-01,0.154777538,65.4,65.1,0.493040725,0.170347834,5.345,6.5,6.97,8.27,1.04,5.822,8.09,8.09,12.24094618,0.009167137,0.011714486,0.012212555,0.018152228,0.017921147,0.010946013,0.018845701,-0.046044575,0.002429876,-0.001444038,0.000215419,0.001002828,0.000144842,0.866025404,-0.5,2.130377553,2.085238795
1993-05-01,0.421968017,65.4,66.7,0.495084855,0.173688932,4.848,6.28,6.86,8.12,1.21,5.822,8.08,8.08,12.24192391,0.01236466,0.011492432,0.011855899,0.018166667,0.019093079,0.009104004,0.017667845,-0.037779238,0.001760536,-0.000895298,0.00025487,0.001094123,0.000163284,0.5,-0.866025404,2.126806162,2.090775296
1993-06-01,0.689158497,65.5,68.3,0.497128984,0.17703003,4.539,5.89,6.68,7.96,1.45,5.822,8.06,8.06,12.24290067,0.015562059,0.011270908,0.011500231,0.018181062,0.016666667,0.008306331,0.017667845,-0.029414195,0.00109258,-0.000347692,0.000173334,0.001087566,0.00016794,1.22E-16,-1,2.12325367,2.096378584
1993-07-01,0.956348976,65.5,68.6,0.499173114,0.180371128,4.156,5.39,6.45,7.79,1.79,5.572,7.88,7.88,12.24387649,0.018759335,0.011049913,0.011145546,0.018195414,0.016627078,0.008130081,0.017605634,-0.020947631,0.000426004,0.000198783,0.000190942,0.001093758,0.000180906,-0.5,-0.866025404,2.119719928,2.102049875
1993-08-01,0.780146901,65.2,68.4,0.502213712,0.184020963,4.74,5.3,6.18,7.4,1.51,5.572,7.78,7.78,12.24485135,0.019020723,0.011024153,0.011139574,0.018209723,0.017814727,0.00413318,0.018757327,-0.012377687,0.000957556,-0.000341152,0.000155457,0.000999959,0.000249806,-0.866025404,-0.5,2.116204789,2.107790416
1993-09-01,0.603944827,65.5,67.1,0.50525431,0.187670798,4.648,5.65,6.36,7.55,1.34,5.572,7.77,7.77,12.24582527,0.019281501,0.010998455,0.011133616,0.018223989,0.017814727,0.009521026,0.022274326,-0.003702457,0.001487829,-0.000879788,0.000147901,0.000937195,0.000211845,-1,-1.84E-16,2.112708104,2.113601481
1993-10-01,0.427742752,65.2,66.9,0.508294908,0.191320633,4.383,5.06,5.97,7.35,1.73,5.572,7.75,7.75,12.24679824,0.019541672,0.010972819,0.011127672,0.018238213,0.018979834,0.007409111,0.019883041,0.00508001,0.002016826,-0.001417129,0.000152553,0.00088851,0.000202266,-0.866025404,0.5,2.10922973,2.119484379
1993-11-01,0.776659971,65.4,66.4,0.509700231,0.194312059,4.09,5.02,6.01,7.45,1.9,5.322,7.04,7.04,12.24777026,0.023178795,0.010845026,0.011017187,0.018252395,0.018890201,0.003576964,0.022118743,0.013971716,0.001557997,-0.000940897,0.000145267,0.000864304,0.00016887,-0.5,0.866025404,2.105769522,2.12544045
1993-12-01,1.125577189,65.3,65.7,0.511105553,0.197303485,3.856,4.61,5.73,7.12,1.96,5.322,6.91,6.91,12.24874133,0.026806176,0.010717409,0.010906836,0.018266535,0.016528926,0.006345151,0.020979021,0.022974711,0.001099625,-0.00046514,0.000167159,0.000895566,0.000135088,-2.45E-16,1,2.10232734,2.131471067
1994-01-01,1.474494408,65.3,64.1,0.512510876,0.200294911,3.632,4.18,5.4,6.86,2.21,5.322,6.53,6.53,12.24971147,0.030423855,0.01058997,0.010796619,0.018280632,0.012941176,0.01073187,0.016260163,0.032091097,0.000641708,1.01E-05,0.000105289,0.0008246,0.0001754,0.5,0.866025404,2.098903042,2.13757764
1994-02-01,1.469608868,65.1,64.7,0.515395113,0.203243274,3.85,5.02,6.12,7.33,1.92,5.322,6.4,6.4,12.24605028,0.034904094,0.01063318,0.010948146,0.018293936,0.001172333,0.01108615,0.002314815,0.028564054,0.000651246,3.69E-05,7.10E-05,0.000785063,0.000109487,0.866025404,0.5,2.095496489,2.133967994
1994-03-01,1.464723328,64.9,64.9,0.518279351,0.206191638,5.388,6.71,7.47,8.25,1.24,6.072,7.09,7.09,12.24237564,0.039379716,0.010676322,0.011099416,0.0183072,0.002347418,0.004732354,0.001156069,0.025055775,0.000660765,6.36E-05,0.000117785,0.000781441,0.000120445,1,6.12E-17,2.089410289,2.130377553
1994-04-01,1.459837788,65.1,65.2,0.521163588,0.209140001,5.818,6.84,7.44,8.18,1.11,6.572,8.63,8.63,12.23868745,0.043850726,0.010719396,0.011250432,0.018320423,0.002347418,0.007678435,0.001156069,0.02156611,0.000670266,9.03E-05,0.00023545,0.000889882,0.000126057,0.866025404,-0.5,2.083314917,2.126806162
1994-05-01,1.400576877,65.2,67.5,0.521739365,0.210093623,6.335,7.42,8.01,8.55,0.99,6.572,8.68,8.68,12.23498561,0.044980419,0.010817382,0.011526663,0.018333606,-0.00234192,0.009299038,-0.001157407,0.018094913,0.000621788,0.000113429,0.000249558,0.000972914,0.000161308,0.5,-0.866025404,2.077210354,2.12325367
1994-06-01,1.341315966,65.1,68.7,0.522315142,0.211047245,6.672,8.36,8.82,9.29,0.75,7.822,9,9,12.23127001,0.046102956,0.010915176,0.011802322,0.018346749,0,0.005100313,0,0.014642036,0.000573436,0.00013651,0.00024364,0.00108964,0.000125672,1.22E-16,-1,2.071096579,2.119719928
1994-07-01,1.282055055,65.1,69.4,0.522890919,0.212000867,5.794,8.27,8.96,9.5,1.09,7.322,9.89,9.89,12.22754055,0.047218404,0.01101278,0.012077413,0.018359853,0.001168224,0.006488929,-0.001153403,0.011207336,0.000525211,0.000159532,0.000296154,0.001183173,0.00019976,-0.5,-0.866025404,2.064973572,2.116204789
1994-08-01,1.096838733,65.2,69.2,0.524984819,0.213564005,5.354,7.6,8.32,8.89,1.14,7.072,9.53,9.53,12.22379713,0.048259472,0.010928425,0.012142616,0.018372917,0.001166861,0.011807995,-0.002301496,0.007790668,0.000999999,-0.000355707,0.000271222,0.001270182,0.000182415,-0.866025404,-0.5,2.05884131,2.112708104
1994-09-01,0.911622412,65.4,68.1,0.527078718,0.215127144,5.291,7.46,8.36,9.04,1.42,6.822,9.21,9.21,12.22003965,0.04929758,0.010844269,0.012207663,0.018385942,0.002333722,0.011016891,-0.002293578,0.004391892,0.001473583,-0.000869638,0.000282553,0.001317143,0.000233664,-1,-1.84E-16,2.052699773,2.10922973
1994-10-01,0.72640609,65.1,67.9,0.529172618,0.216690282,5.374,7.64,8.55,9.29,1.5,6.822,9.04,9.04,12.216268,0.05033274,0.010760312,0.012272554,0.018398928,-0.002328289,0.011948663,-0.003440367,0.001010867,0.001945968,-0.001382269,0.000321369,0.001390285,0.000246949,-0.866025404,0.5,2.04654894,2.105769522
1994-11-01,0.790545988,65.3,67.6,0.529036035,0.217370589,5.789,8.01,8.81,9.24,1.15,6.822,9.05,9.05,12.21248206,0.048396799,0.010712263,0.012231573,0.018411874,-0.001158749,0.011809477,-0.004555809,-0.002352546,0.001699967,-0.001068563,0.00023439,0.001355209,0.00026784,-0.5,0.866025404,2.040388791,2.10232734
1994-12-01,0.854685885,65.1,67,0.528899452,0.218050895,7.181,8.84,8.99,9.16,0.23,7.822,9.45,9.45,12.20868174,0.046479702,0.010664268,0.012190633,0.018424782,0.00232288,0.010837398,0,-0.005698483,0.001454191,-0.000755143,0.000169384,0.001251769,0.00027006,-2.45E-16,1,2.034219303,2.098903042
1995-01-01,0.918825783,65.1,65.8,0.528762869,0.218731202,7.979,8.9,9.18,9.41,0.44,9.072,9.8,9.8,12.20486692,0.044581177,0.010616328,0.012149734,0.018437652,0.005807201,0.010941763,0.003428571,-0.009027081,0.00120864,-0.00044201,0.000106241,0.001172939,0.000183897,0.5,0.866025404,2.028040455,2.095496489
1995-02-01,0.626706813,65,65.9,0.52999052,0.220032245,7.768,8.06,8.46,8.86,0.7,9.322,9.68,9.68,12.2463745,0.039669886,0.010584011,0.012123097,0.018409366,0.018735363,0.011771931,0.017321016,-0.005687997,0.001027962,-0.000256909,0.00010846,0.001135733,0.000142948,0.866025404,0.5,2.021852227,2.089410289
1995-03-01,0.334587844,65.2,66.2,0.531218171,0.221333289,8.217,7.97,8.23,8.7,0.6,9.572,9.13,9.13,12.24315646,0.034805933,0.010551748,0.012096513,0.018381167,0.021077283,0.018065623,0.020785219,-0.002343881,0.000847632,-7.22E-05,8.91E-05,0.00104829,0.000175744,1,6.12E-17,2.10204425,2.083314917
1995-04-01,0.042468874,64.9,66.2,0.532445822,0.222634332,7.917,7.65,7.93,8.44,0.66,9.572,8.86,8.86,12.26689019,0.029988636,0.010519538,0.012069981,0.018353055,0.024590164,0.008865822,0.020785219,0.001005278,0.000667651,0.000112223,0.000158644,0.001054067,0.00015153,0.866025404,-0.5,2.089840577,2.077210354
1995-05-01,0.072372137,64.8,68,0.534230735,0.224388663,7.394,7.04,7.41,8.11,0.84,9.072,8.18,8.18,12.26729003,0.02605757,0.01048008,0.012081908,0.018325028,0.029342723,0.006508396,0.026651217,0.00435949,0.000487925,0.000245484,0.000162668,0.001071429,0.000144199,0.5,-0.866025404,2.134481547,2.071096579
1995-06-01,0.102275399,64.8,69.2,0.536015648,0.226142995,6.721,6.74,7.33,8.02,1.07,8.572,7.87,7.87,12.21749219,0.022159818,0.010440706,0.012093804,0.018297087,0.026932084,0.008897446,0.025462963,0.007718768,0.000308673,0.000378393,0.000206872,0.001108834,0.000167626,1.22E-16,-1,2.129809683,2.064973572
1995-07-01,0.132178662,64.8,69.5,0.537800561,0.227897326,6.623,7.21,7.79,8.5,1.06,8.072,7.74,7.74,12.21941326,0.018294959,0.010401417,0.012105669,0.018269231,0.025670945,0.009214059,0.026558891,0.011083123,0.000129892,0.000510953,9.23E-05,0.001011095,0.000188385,-0.5,-0.866025404,2.021117309,2.05884131
1995-08-01,0.222638862,64.8,69.4,0.540308041,0.229954908,6.338,7.05,7.58,8.24,0.95,7.822,8.14,8.14,12.19901782,0.017201762,0.010369941,0.012152979,0.018241459,0.022144522,0.006869251,0.027681661,0.014452567,0.000637499,-3.20E-05,0.000128231,0.000936041,0.00020154,-0.866025404,-0.5,2.019790732,2.052699773
1995-09-01,0.313099061,64.6,68.1,0.54281552,0.232012491,6.456,7.05,7.54,8.11,0.84,7.822,8.15,8.15,12.1812624,0.016113833,0.010338534,0.012200169,0.018213772,0.022118743,0.001588839,0.026436782,0.017827111,0.001143771,-0.00057355,0.000146164,0.000900282,0.000180527,-1,-1.84E-16,1.973931914,2.04654894
1995-10-01,0.403559261,64.7,68,0.545323,0.234070073,5.929,6.98,7.54,8.11,0.88,7.822,7.95,7.95,12.21367368,0.015031135,0.010307196,0.01224724,0.018186169,0.023337223,0.006180689,0.026467204,0.021206766,0.001648714,-0.001113667,0.000141246,0.0008651,0.000174853,-0.866025404,0.5,1.934226702,2.040388791
1995-11-01,0.317411773,64.4,67.2,0.547247965,0.235949282,5.816,6.07,6.74,7.44,1.12,7.572,7.86,7.86,12.19601726,0.012421332,0.01035968,0.012271982,0.018158649,0.020881671,-0.000313424,0.02402746,0.024591545,0.001521037,-0.00092335,0.000138454,0.0009023,9.97E-05,-0.5,0.866025404,1.992840544,2.034219303
1995-12-01,0.231264284,64.7,66.8,0.549172929,0.23782849,5.541,5.89,6.64,7.43,1.22,7.322,7.66,7.66,12.19156289,0.009827419,0.01041211,0.012296701,0.018131213,0.017381228,0.005684765,0.01826484,0.027981458,0.001393482,-0.000733218,0.000146216,0.000905413,0.000141529,-2.45E-16,1,1.952973862,2.028040455
1996-01-01,0.145116796,64.7,65.5,0.551097894,0.239707699,5.119,5.41,6.33,7.35,1.6,7.072,7.22,7.22,12.18162113,0.007249249,0.010464485,0.012321398,0.018103859,0.016166282,0.006652126,0.017084282,0.031376518,0.00126605,-0.000543268,0.000122134,0.00088278,0.000139916,0.5,0.866025404,1.9393523,2.021852227
1996-02-01,0.334050626,64.8,65.8,0.550090854,0.240417074,5.18,5.8,6.87,7.84,1.73,6.822,6.99,6.99,12.167363,0.009496606,0.010430109,0.012202247,0.018175692,0.012643678,0.010059539,0.015891033,0.026583663,0.001021015,-0.000273748,8.15E-05,0.000844478,0.00011797,0.866025404,0.5,1.915299313,2.10204425
1996-03-01,0.522984455,64.7,65.8,0.549083814,0.241126449,5.025,6.14,7.02,7.94,1.5,6.572,7.36,7.36,12.19361031,0.011743326,0.010395788,0.012083325,0.018247308,0.014908257,0.00480312,0.014705882,0.021815741,0.000776395,-4.69E-06,0.000124781,0.000842216,0.000126414,1,6.12E-17,1.892052774,2.089840577
1996-04-01,0.711918285,64.6,66.3,0.548076774,0.241835824,4.726,6.1,7.09,8.07,1.66,6.322,7.68,7.68,12.19826726,0.013989411,0.010361521,0.011964633,0.01831871,0.013714286,0.008480879,0.015837104,0.017072558,0.000532191,0.000263921,0.000166036,0.000911684,9.55E-05,0.866025404,-0.5,1.946359008,2.134481547
1996-05-01,0.754579687,64.5,67.9,0.545610069,0.242165829,4.645,6.06,7.01,7.92,1.66,6.322,7.67,7.67,12.21526526,0.016380439,0.010410429,0.012018651,0.018389897,0.014823261,0.009071934,0.015801354,0.012353923,0.000417369,0.000352769,0.000239712,0.001041851,0.000108347,0.5,-0.866025404,1.959466798,2.129809683
1996-06-01,0.79724109,64.8,68.9,0.543143364,0.242495833,4.695,6.29,7.05,7.98,1.48,6.322,7.68,7.68,12.227795,0.018769362,0.010459236,0.012072527,0.018460872,0.014823261,0.013173947,0.013544018,0.007659645,0.000302862,0.000441373,0.000261157,0.001169056,0.000131391,1.22E-16,-1,1.997166887,2.021117309
1996-07-01,0.839902492,64.8,69.5,0.540676659,0.242825838,4.425,6.01,6.96,7.86,1.61,6.072,7.68,7.68,12.20535239,0.021156183,0.010507943,0.012126261,0.018531634,0.012514221,0.013109825,0.014623172,0.002989537,0.000188669,0.000529735,0.000265848,0.00127593,0.000157145,-0.5,-0.866025404,2.026525655,2.019790732
1996-08-01,0.824031966,64.6,69.4,0.538328653,0.243164402,4.033,5.48,6.6,7.6,1.86,5.572,7.21,7.21,12.19411139,0.022477591,0.010542461,0.012243273,0.018602184,0.014823261,0.010740328,0.013468013,-0.001656589,0.000786242,-9.89E-05,0.000196008,0.00128597,0.000183975,-0.866025404,-0.5,1.985653254,1.973931914
1996-09-01,0.808161441,64.7,67.8,0.535980646,0.243502966,3.962,4.95,6.28,7.48,2.21,5.572,7.14,7.14,12.18324404,0.023795454,0.010576906,0.012359978,0.018672525,0.014806378,0.013718589,0.012318029,-0.006278916,0.001382106,-0.000725797,0.000238909,0.001229667,0.000292514,-1,-1.84E-16,1.967530075,1.934226702
1996-10-01,0.792290915,64.6,67.5,0.53363264,0.24384153,3.193,4.28,5.59,6.81,2.19,4.822,6.7,6.7,12.20548247,0.025109785,0.010611277,0.012476377,0.018742656,0.018244014,0.011932104,0.013452915,-0.010877627,0.001976268,-0.001350874,0.000242921,0.001252437,0.000218236,-0.866025404,0.5,1.950309278,1.992840544
1996-11-01,0.974826021,64.6,67,0.529785235,0.243532907,2.69,3.68,5.1,6.42,2.37,4.572,6.21,6.21,12.18485412,0.029190411,0.010522997,0.012464458,0.018812578,0.019318182,0.016412214,0.01452514,-0.015452902,0.001549905,-0.000889653,0.000209835,0.001240124,0.0002202,-0.5,0.866025404,1.99832042,1.952973862
1996-12-01,1.157361127,64.6,66.8,0.525937831,0.243224284,2.799,4.03,5.44,6.77,2.34,4.572,6.14,6.14,12.18595157,0.033267094,0.010434818,0.012452551,0.018882293,0.021640091,0.012370644,0.01793722,-0.020004919,0.001123943,-0.000428865,0.00020353,0.001255218,0.000186512,-2.45E-16,1,1.961606278,1.9393523
1997-01-01,1.339896233,64.7,65.6,0.522090426,0.242915661,2.841,4.44,5.67,7.07,2.21,4.572,6.34,6.34,12.20004451,0.037339838,0.010346741,0.012440656,0.018951802,0.021590909,0.012342921,0.016797312,-0.024533857,0.00069838,3.15E-05,0.000124455,0.001164638,0.000212859,0.5,0.866025404,1.967867481,1.915299313
1997-02-01,1.268386581,64.7,65.8,0.518965627,0.242778164,2.858,4.29,5.44,6.78,2.09,4.572,6.32,6.32,12.24154114,0.038766077,0.010328858,0.012599617,0.018941385,0.022701476,0.010236189,0.015642458,-0.017372777,0.000568596,0.000190007,0.00019258,0.001182072,0.000173322,0.866025404,0.5,1.999979879,1.892052774
1997-03-01,1.196876929,64.6,66.1,0.515840829,0.242640668,3.186,4.64,5.75,6.97,1.95,4.572,6.26,6.26,12.25584804,0.040185579,0.010311003,0.012758307,0.018931001,0.01920904,0.012021392,0.017837235,-0.010182296,0.000439073,0.000348204,0.000180146,0.00121204,0.000148787,1,6.12E-17,2.073765324,1.946359008
1997-04-01,1.125367277,64.6,66.4,0.51271603,0.242503171,3.138,4.8,5.92,6.97,1.88,4.572,6.76,6.76,12.26954967,0.041598392,0.010293175,0.012916729,0.01892065,0.016910936,0.013916703,0.017817372,-0.002962232,0.00030981,0.000506084,0.00029071,0.001298594,0.000202034,0.866025404,-0.5,2.092653061,1.959466798
1997-05-01,1.145412889,64.8,68.2,0.508963736,0.241897356,3.005,4.66,5.86,6.95,1.99,4.572,6.66,6.66,12.28721014,0.042794969,0.010191039,0.012964776,0.018910331,0.014606742,0.017007355,0.015555556,0.004287599,0.000261118,0.000568425,0.00034776,0.001468852,0.000175705,0.5,-0.866025404,2.110492696,1.997166887
1997-06-01,1.1654585,64.8,69.6,0.505211443,0.241291542,2.861,4.27,5.32,6.49,1.87,4.572,6.42,6.42,12.28135635,0.043984883,0.010089125,0.013012692,0.018900044,0.016853933,0.013453337,0.021158129,0.01156738,0.000212565,0.000630588,0.000242643,0.001519195,0.000188874,1.22E-16,-1,2.136985222,2.026525655
1997-07-01,1.185504112,64.8,70,0.501459149,0.240685727,3.321,4.49,5.18,6.11,1.31,4.572,6.18,6.18,12.27201955,0.04516819,0.009987431,0.013060477,0.01888979,0.016853933,0.012376105,0.015521064,0.018877298,0.000164148,0.000692576,0.000334167,0.001571429,0.000275933,-0.5,-0.866025404,2.113580005,1.985653254
1997-08-01,1.112461997,65,70.2,0.498499199,0.240406029,3.13,4.26,5.36,6.38,1.8,4.572,6.2,6.2,12.26332689,0.045773092,0.009873579,0.013149027,0.018879568,0.017977528,0.019125812,0.015503876,0.026217539,0.000768439,-8.09E-06,0.000339554,0.001612825,0.000295719,-0.866025404,-0.5,2.083217942,1.967530075
1997-09-01,1.039419881,65,68.9,0.49553925,0.240126331,3.099,4.47,5.17,5.99,1.23,4.572,6.16,6.16,12.27170588,0.046374817,0.009759979,0.013237324,0.018869378,0.016835017,0.017837954,0.015486726,0.033588294,0.001370896,-0.000706636,0.000353995,0.001650465,0.000314536,-1,-1.84E-16,2.05466893,1.950309278
1997-10-01,0.966377766,65.1,68.7,0.4925793,0.239846633,3.628,4.38,4.99,5.8,1.11,5.072,5.93,5.93,12.26335522,0.046973388,0.009646628,0.013325368,0.018859219,0.014557671,0.019359128,0.01659292,0.040989753,0.001971529,-0.001403063,0.000331711,0.001707234,0.000272161,-0.866025404,0.5,2.061457529,1.99832042
1997-11-01,1.114915201,65.1,68.3,0.488601716,0.239159597,3.574,4.63,5.17,5.78,0.93,5.322,5.89,5.89,12.26494043,0.04722387,0.009534121,0.013243376,0.018849092,0.008918618,0.019647551,0.009911894,0.048422107,0.00151979,-0.000929812,0.000273323,0.001696684,0.000281914,-0.5,0.866025404,2.034007203,1.961606278
1997-12-01,1.263452637,64.8,68,0.484624132,0.23847256,4.46,5.04,5.34,5.8,0.57,5.822,6.1,6.1,12.23422269,0.047472135,0.009421724,0.013161461,0.018838997,0.00780379,0.016033461,0.007709251,0.055885552,0.001068403,-0.000456929,0.000219856,0.001659983,0.000253941,-2.45E-16,1,2.027013856,1.967867481
1998-01-01,1.411990072,65,66.4,0.480646548,0.237785524,4.183,4.73,5.09,5.63,0.68,5.822,6.1,6.1,12.2366455,0.047718211,0.009309435,0.013079622,0.018828932,0.011123471,0.016780476,0.012114537,0.063380282,0.000617366,1.56E-05,0.000200361,0.001599053,0.00025941,0.5,0.866025404,1.955883052,1.999979879
1998-02-01,0.958978086,65,67,0.479155384,0.238159252,4.571,5.05,5.26,5.64,0.42,6.322,6.04,6.04,12.27642393,0.043986919,0.00913679,0.012955621,0.018837645,0.009988901,0.017063455,0.01540154,0.063297473,0.000482715,0.000166047,0.000183843,0.001519352,0.000261476,0.866025404,0.5,1.950889309,2.073765324
1998-03-01,0.5059661,64.9,67.2,0.477664219,0.23853298,4.565,4.87,5.11,5.54,0.47,6.322,6.04,6.04,12.30846677,0.040283412,0.008964402,0.012831869,0.01884633,0.009977827,0.017022869,0.013143483,0.06321553,0.000348301,0.000316241,0.000140643,0.001452932,0.000213435,1,6.12E-17,2.019548235,2.092653061
1998-04-01,0.052954114,65,67.7,0.476173055,0.238906708,4.825,5.12,5.32,5.64,0.37,6.322,5.99,5.99,12.31130615,0.036607381,0.00879227,0.012708365,0.018854988,0.00886918,0.016815134,0.012035011,0.063134439,0.000214125,0.00046617,0.000329071,0.001509421,0.000269852,0.866025404,-0.5,2.074569288,2.110492696
1998-05-01,0.339035651,65,69.2,0.472688935,0.238081755,4.75,5.09,5.21,5.49,0.25,6.322,6.12,6.12,12.31109911,0.035663288,0.008639088,0.01257632,0.018863619,0.011074197,0.014117459,0.014223195,0.063054187,0.000104812,0.000546016,0.000294737,0.001596865,0.000205599,0.5,-0.866025404,2.069809036,2.136985222
1998-06-01,0.625117188,65,70.4,0.469204814,0.237256803,4.882,5.2,5.28,5.45,0.15,6.322,6.1,6.1,12.32529021,0.034726599,0.008486208,0.012444648,0.018872223,0.009944751,0.014462837,0.009814613,0.062974761,-4.22E-06,0.000625656,0.000220707,0.001605322,0.00020975,1.22E-16,-1,2.058832252,2.113580005
1998-07-01,0.911198725,65.2,70.9,0.465720694,0.23643185,4.926,5.24,5.42,5.56,0.23,6.322,6.1,6.1,12.25704614,0.033797226,0.008333626,0.01231335,0.018880801,0.009944751,0.017080241,0.013100437,0.062896148,-0.000112969,0.000705091,0.000133289,0.001575352,0.000160304,-0.5,-0.866025404,2.077667128,2.083217942
1998-08-01,1.059123682,65.2,71,0.461969557,0.235454494,4.876,5.41,5.62,5.78,0.26,6.322,6.28,6.28,12.24825531,0.035132023,0.008187575,0.012047449,0.018889352,0.008830022,0.013054934,0.014176663,0.062818336,0.000524537,3.73E-05,0.000234284,0.001617254,0.000189924,-0.866025404,-0.5,1.930816514,2.05466893
1998-09-01,1.207048639,65.4,69.7,0.458218421,0.234477138,4.936,4.7,4.78,5.15,0.25,7.072,6.52,6.52,12.27334337,0.036458277,0.008041813,0.011782355,0.018897876,0.006622517,0.016509185,0.013071895,0.062741313,0.001160443,-0.000628783,0.000253505,0.001672379,0.00019586,-1,-1.84E-16,1.904308535,2.061457529
1998-10-01,1.354973596,65.2,69.6,0.454467284,0.233499782,4.744,4.51,4.69,5.27,0.49,6.822,5.93,5.93,12.29182823,0.037776068,0.007896338,0.011518063,0.018906374,0.011037528,0.013965284,0.014145811,0.062665066,0.001794754,-0.001293212,0.000302444,0.001750222,0.000221333,-0.866025404,0.5,1.942933697,2.034007203
1998-11-01,1.505159588,65.4,69.3,0.450624213,0.232538779,4.815,4.94,5.03,5.35,0.24,6.572,6.14,6.14,12.27590183,0.03913105,0.007835192,0.011443243,0.018914846,0.012154696,0.01534283,0.014176663,0.062589584,0.001312792,-0.000761978,0.000264921,0.001782117,0.000229643,-0.5,0.866025404,1.969344781,2.027013856
1998-12-01,1.65534558,65.4,69,0.446781141,0.231577775,4.697,4.72,4.76,5.08,0.17,6.572,5.89,5.89,12.27900242,0.040473397,0.007774092,0.011368481,0.018923291,0.009955752,0.019857501,0.01420765,0.062514856,0.000831134,-0.000231079,0.000277359,0.001802171,0.000254541,-2.45E-16,1,1.928642086,1.955883052
1999-01-01,1.805531572,65.5,67.8,0.44293807,0.230616772,4.658,4.73,4.76,5.08,0.16,6.572,5.92,5.92,12.2630341,0.041803283,0.007713038,0.011293777,0.018931711,0.00660066,0.019509564,0.009793254,0.06244087,0.000349779,0.000299485,0.000147313,0.001739438,0.000206813,0.5,0.866025404,1.92510962,1.950889309
1999-02-01,1.478611471,65.4,68,0.439018827,0.230381215,4.835,5.17,5.22,5.37,0.09,6.572,5.99,5.99,12.30751851,0.044483083,0.007740845,0.011380795,0.018939394,0.006593407,0.017710339,0.008667389,0.059137255,0.000222442,0.00048259,0.000201406,0.001633774,0.000304538,0.866025404,0.5,1.885333927,2.019548235
1999-03-01,1.151691369,65.4,68.2,0.435099584,0.230145658,4.749,4.82,4.95,5.23,0.23,6.572,6.23,6.23,12.33347152,0.047161936,0.00776862,0.011467658,0.018947053,0.009879254,0.018051751,0.010810811,0.055867665,9.54E-05,0.00066534,0.000192709,0.001502205,0.00031883,1,6.12E-17,1.967008294,2.074569288
1999-04-01,0.824771268,65.7,68.7,0.431180341,0.229910101,4.601,4.78,4.98,5.34,0.36,6.322,5.91,5.91,12.35902117,0.049839844,0.007796363,0.011554369,0.018954688,0.016483516,0.023230633,0.014054054,0.052631579,-3.15E-05,0.000847736,0.000344304,0.00156984,0.000290369,0.866025404,-0.5,2.014549217,2.069809036
1999-05-01,1.072324607,65.7,70.3,0.42727129,0.231284346,4.42,5.14,5.34,5.54,0.28,6.072,6.19,6.19,12.35409602,0.052129354,0.007918295,0.011775839,0.018962299,0.015334064,0.021884176,0.014023732,0.049428483,-0.000120458,0.000930676,0.000344201,0.001661001,0.000246831,0.5,-0.866025404,2.062415929,2.058832252
1999-06-01,1.319877946,65.4,71.5,0.42336224,0.23265859,4.622,5.1,5.35,5.63,0.36,6.072,6.55,6.55,12.34883877,0.054405039,0.008040024,0.011996738,0.018969887,0.016411379,0.017613075,0.016198704,0.046257876,-0.000209156,0.001013366,0.000325006,0.001709301,0.000274094,1.22E-16,-1,2.048054165,2.077667128
1999-07-01,1.567431285,65.6,71.9,0.419453189,0.234032835,4.636,5.34,5.53,5.74,0.28,6.072,6.62,6.62,12.31089201,0.056667026,0.008161552,0.012217069,0.01897745,0.018599562,0.018052095,0.015086207,0.043119266,-0.000297587,0.001095807,0.000331727,0.001771253,0.000266871,-0.5,-0.866025404,2.033125734,1.930816514
1999-08-01,1.511935713,65.5,71.7,0.415875203,0.235426938,4.834,5.37,5.51,5.69,0.18,6.072,7,7,12.32818408,0.056828218,0.008313193,0.012547405,0.01898499,0.020787746,0.01754729,0.015053763,0.040012171,0.000463122,0.00029998,0.00030408,0.00169366,0.000376709,-0.866025404,-0.5,1.953403694,1.904308535
1999-09-01,1.456440142,65.6,70.6,0.412297218,0.236821041,4.687,5.43,5.67,5.92,0.34,6.072,6.87,6.87,12.33898947,0.056987967,0.008464579,0.012876911,0.018992507,0.026315789,0.015611409,0.019354839,0.036936119,0.001221428,-0.000493333,0.000294212,0.001729887,0.000257299,-1,-1.84E-16,1.9834055,1.942933697
1999-10-01,1.40094457,65.5,70.6,0.408719232,0.238215144,4.85,5.99,6.2,6.38,0.27,6.072,7.1,7.1,12.34958407,0.057146292,0.008615709,0.013205591,0.019,0.022925764,0.016098749,0.016094421,0.033890646,0.001977341,-0.001284143,0.000272598,0.00172304,0.000280449,-0.866025404,0.5,2.000855474,1.969344781
1999-11-01,1.455869949,65.4,70.3,0.406152734,0.240182784,4.815,5.76,5.98,6.12,0.26,6.322,7.33,7.33,12.37249345,0.056306297,0.008671291,0.013398439,0.01900747,0.021834061,0.012591408,0.016129032,0.0308753,0.001371881,-0.000637452,0.000315721,0.001729279,0.000306358,-0.5,0.866025404,2.018041958,1.928642086
1999-12-01,1.510795329,65.5,70.2,0.403586236,0.242150425,4.93,5.85,6.11,6.25,0.33,6.322,7.33,7.33,12.35445817,0.055476293,0.008726839,0.013591166,0.019014917,0.026286966,0.013720163,0.017241379,0.027889635,0.000767032,8.58E-06,0.000330664,0.001823544,0.000233922,-2.45E-16,1,2.060604827,1.92510962
2000-01-01,1.565720708,65.7,68.9,0.401019738,0.244118065,5.076,6.07,6.38,6.36,0.37,6.322,7.54,7.54,12.34478186,0.054656102,0.008782352,0.013783771,0.01902234,0.021857923,0.014284424,0.015086207,0.024933215,0.000162794,0.000653969,0.000229651,0.001801389,0.000249186,0.5,0.866025404,2.019663378,1.885333927
2000-02-01,1.436135332,65.7,69.3,0.397270754,0.244087896,5.051,6.08,6.29,5.98,0.11,6.572,7.63,7.63,12.40956028,0.05589085,0.008926566,0.014090969,0.019010637,0.027292576,0.01722134,0.016111708,0.023104265,0.000173572,0.000736501,0.000173809,0.001709053,0.000261364,0.866025404,0.5,1.996159861,1.967008294
2000-03-01,1.306549955,65.8,69.5,0.39352177,0.244057726,5.277,6.01,6.13,5.96,0.02,6.822,7.44,7.44,12.41126809,0.057118846,0.009070607,0.014397571,0.018998971,0.030434783,0.018202701,0.016042781,0.021282885,0.000184322,0.000818823,0.000255328,0.001665693,0.00029406,1,6.12E-17,2.129131442,2.014549217
2000-04-01,1.176964579,65.7,69.8,0.389772786,0.244027557,5.449,6.03,6.17,6.03,0.07,6.822,7.43,7.43,12.41836958,0.058340145,0.009214475,0.01470358,0.018987342,0.021621622,0.012486772,0.012793177,0.019469027,0.000195045,0.000900935,0.000403997,0.001846935,0.000218417,0.866025404,-0.5,2.132153401,2.062415929
2000-05-01,1.126323688,65.6,71.5,0.385815999,0.241644303,5.751,6.19,6.17,5.94,-0.19,7.322,7.7,7.7,12.41720029,0.056436649,0.009261845,0.014975877,0.018975749,0.02373247,0.012333643,0.013829787,0.017662644,7.39E-05,0.001018216,0.000320751,0.001924504,0.000241156,0.5,-0.866025404,2.146727431,2.048054165
2000-06-01,1.075682796,65.7,72.3,0.381859212,0.239261049,5.551,6.01,6.04,5.9,-0.08,7.322,7.54,7.54,12.42089769,0.054552838,0.009309125,0.015247353,0.018964193,0.027987083,0.016363087,0.01487779,0.01586369,-4.68E-05,0.00113508,0.000329726,0.001988693,0.000262962,1.22E-16,-1,2.143598496,2.033125734
2000-07-01,1.025041905,65.6,72.6,0.377902425,0.236877795,5.625,5.95,6,5.83,-0.09,7.322,7.38,7.38,12.37381342,0.052688407,0.009356315,0.015518013,0.018952673,0.029001074,0.013343839,0.015923567,0.01407212,-0.000167105,0.001251531,0.000340824,0.002007096,0.000318675,-0.5,-0.866025404,2.150916715,1.953403694
2000-08-01,0.749286781,65.8,72.5,0.376114083,0.235850533,5.622,5.88,5.92,5.79,-0.11,7.322,7.28,7.28,12.34623885,0.048486161,0.009428271,0.015792944,0.018941189,0.025723473,0.017481711,0.014830508,0.012287888,0.000602915,0.000419451,0.000319897,0.002006763,0.000317106,-0.866025404,-0.5,2.051396357,1.9834055
2000-09-01,0.473531656,65.9,71.3,0.374325741,0.234823272,5.564,5.69,5.76,5.83,0.06,7.322,7.28,7.28,12.42361655,0.044322799,0.009500085,0.016067006,0.018929742,0.026709402,0.017282483,0.012658228,0.010510949,0.001370088,-0.000409551,0.000296249,0.001939121,0.000359914,-1,-1.84E-16,1.995026012,2.000855474
2000-10-01,0.197776532,66,71.3,0.372537399,0.23379601,5.619,5.69,5.75,5.79,0.03,7.322,7.28,7.28,12.41032284,0.040197784,0.009571756,0.016340204,0.01891833,0.027748132,0.020165854,0.014783527,0.008741259,0.002134428,-0.001235493,0.000304136,0.001960726,0.000280807,-0.866025404,0.5,2.154903207,2.018041958
2000-11-01,0.319481747,66,71,0.370960327,0.233030158,5.736,5.64,5.59,5.63,-0.1,7.322,7.24,7.24,12.41371264,0.036738704,0.009641506,0.01650681,0.018906953,0.032051282,0.02229827,0.017989418,0.006978773,0.00145008,-0.000513743,0.000388076,0.002031841,0.000313922,-0.5,0.866025404,2.125831889,2.060604827
2000-12-01,0.441186963,66,70.8,0.369383256,0.232264306,5.557,5.27,5.3,5.59,0.08,7.322,7.01,7.01,12.38403471,0.033315357,0.009711204,0.016673248,0.018895612,0.032017076,0.021191875,0.019067797,0.005223447,0.000766646,0.000207043,0.000319411,0.002131968,0.000215074,-2.45E-16,1,2.132434306,2.019663378
2001-01-01,0.562892178,65.9,69.4,0.367806184,0.231498454,5.142,4.88,5.14,5.71,0.51,7.072,6.78,6.78,12.3696148,0.029927192,0.009780851,0.016839518,0.018884306,0.029946524,0.017410055,0.01910828,0.003475239,8.41E-05,0.000926865,0.000241585,0.0019853,0.000385173,0.5,0.866025404,2.06948037,1.996159861
2001-02-01,0.456585926,65.9,69.5,0.364812919,0.229815915,4.804,4.81,5.09,5.63,0.55,7.072,6.72,6.72,12.43747004,0.026736666,0.009974317,0.017138399,0.018782395,0.02869288,0.015939517,0.020084567,0.001737116,9.54E-05,0.00098843,0.000186347,0.001881548,0.000288029,0.866025404,0.5,2.039264069,2.129131442
2001-03-01,0.350279673,66,69.7,0.361819655,0.228133377,4.604,4.69,5.03,5.74,0.72,6.572,6.39,6.39,12.42360448,0.02357098,0.010167496,0.017436521,0.018680803,0.024261603,0.016058505,0.016842105,0,0.000106596,0.001049803,0.000224519,0.001852445,0.000251921,1,6.12E-17,2.185595376,2.132153401
2001-04-01,0.243973421,66,70.1,0.35882639,0.226450838,4.41,4.76,5.23,5.94,0.9,6.322,6.42,6.42,12.42798344,0.020429843,0.010360387,0.017733885,0.01857953,0.034920635,0.017716885,0.021052632,-0.001736111,0.000117778,0.001110985,0.000319423,0.001899995,0.000266822,0.866025404,-0.5,2.158619392,2.146727431
2001-05-01,0.186095926,66,71.7,0.35729375,0.225789032,4.401,4.99,5.61,6.08,0.97,6.072,6.58,6.58,12.45082112,0.01719355,0.010547698,0.017934106,0.018478573,0.038988409,0.018569673,0.020986359,-0.003471218,-6.62E-05,0.00120409,0.00031006,0.001939993,0.000264737,0.5,-0.866025404,2.171234783,2.143598496
2001-06-01,0.128218431,65.9,72.3,0.355761109,0.225127226,4.242,4.87,5.39,5.97,0.86,6.072,6.67,6.67,12.46379925,0.013979222,0.010734635,0.018133617,0.018377932,0.033507853,0.017541973,0.019895288,-0.005205321,-0.000249479,0.001296828,0.000324622,0.001990448,0.000270483,1.22E-16,-1,2.224615385,2.150916715
2001-07-01,0.070340936,65.8,72.5,0.354228469,0.22446542,4.029,4.73,5.36,6.01,1.03,5.822,6.66,6.66,12.42959612,0.010786636,0.0109212,0.018332422,0.018277605,0.027139875,0.016777823,0.021943574,-0.006938422,-0.000432025,0.001389203,0.000234822,0.001954598,0.000267554,-0.5,-0.866025404,2.256950581,2.051396357
2001-08-01,0.223244662,65.8,72.2,0.353248103,0.224186037,3.805,4.26,4.93,5.72,1.1,5.572,6.59,6.59,12.41905272,0.011902064,0.011015672,0.018270406,0.018177589,0.028213166,0.014411181,0.021920668,-0.00867052,0.000348533,0.000515934,0.000352352,0.001778207,0.000526947,-0.866025404,-0.5,2.184235808,1.995026012
2001-09-01,0.376148387,65.8,71,0.352267738,0.223906655,3.039,3.38,4.62,5.86,1.94,5.072,6.23,6.23,12.41117442,0.013016023,0.011109943,0.01820862,0.018077885,0.026014568,0.01352073,0.021875,-0.010401618,0.001126299,-0.00035421,0.000277092,0.001652232,0.000400267,-1,-1.84E-16,2.164478134,2.154903207
2001-10-01,0.529052113,65.9,70.8,0.351287372,0.223627272,2.54,2.92,4.08,5.32,1.94,4.322,5.94,5.94,12.43511477,0.014128516,0.011204013,0.018147062,0.01797849,0.018691589,0.012791667,0.019771072,-0.012131716,0.001901287,-0.001221247,0.000426176,0.001559422,0.000516373,-0.866025404,0.5,2.150627737,2.125831889
2001-11-01,0.840092897,66,70.4,0.349479698,0.222938873,2.207,3.37,4.68,5.66,1.99,3.822,5.71,5.71,12.46050942,0.017162782,0.011194246,0.017986432,0.017879403,0.00621118,0.013615232,0.016632017,-0.013860814,0.001450139,-0.000657661,0.000382729,0.00165982,0.000280066,-0.5,0.866025404,2.20595614,2.132434306
2001-12-01,1.15113368,66.2,69.9,0.347672023,0.222250475,1.996,3.21,4.69,5.75,2.23,3.822,5.84,5.84,12.4513064,0.020185705,0.011184487,0.017826016,0.017780623,0.007238883,0.017052839,0.015592516,-0.015588915,0.000999452,-9.47E-05,0.000277354,0.00165364,0.000281127,-2.45E-16,1,2.266005857,2.06948037
2002-01-01,1.462174464,66.3,68.9,0.345864349,0.221562076,1.966,3.25,4.71,5.72,2.17,3.572,5.82,5.82,12.47960128,0.023197347,0.011174736,0.017665815,0.017682147,0.013499481,0.020813405,0.016666667,-0.017316017,0.000549225,0.000467783,0.000234457,0.001637011,0.000248064,0.5,0.866025404,2.248539589,2.039264069
2002-02-01,1.171734809,66.3,69.2,0.342264803,0.219638148,2.07,3.23,4.58,5.68,2.08,3.572,5.79,5.79,12.50944227,0.024379481,0.011134371,0.017482991,0.017673858,0.01446281,0.020875509,0.01761658,-0.019147399,0.000508378,0.000558327,0.000220527,0.00157546,0.000278637,0.866025404,0.5,2.31646696,2.185595376
2002-03-01,0.881295153,66.5,69.6,0.338665257,0.21771422,2.343,4.5,5.28,6,1.29,3.572,6,6,12.52406809,0.025559696,0.011094081,0.01730074,0.017665593,0.01853759,0.02363845,0.02173913,-0.020984081,0.000467644,0.000648621,0.000300772,0.001571071,0.000301398,1,6.12E-17,2.394545856,2.158619392
2002-04-01,0.590855498,66.5,70.1,0.335065711,0.215790292,2.41,4.21,5.05,5.89,1.43,3.822,6.2,6.2,12.53416703,0.026737997,0.011053866,0.017119058,0.017657352,0.017382413,0.022754856,0.022680412,-0.022826087,0.000427022,0.000738665,0.000409337,0.001725511,0.000254064,0.866025404,-0.5,2.437906874,2.171234783
2002-05-01,0.682140297,66.7,71.8,0.332207688,0.214332146,2.622,4.15,4.9,5.76,1.34,3.822,6.2,6.2,12.53653759,0.029456055,0.01100479,0.016901503,0.017649135,0.011156187,0.026541186,0.023638232,-0.02467344,7.44E-05,0.000910297,0.000469095,0.00183871,0.000351717,0.5,-0.866025404,2.470869855,2.224615385
2002-06-01,0.773425097,66.8,72.9,0.329349666,0.212874001,2.738,3.84,4.67,5.73,1.53,4.072,6.18,6.18,12.53788404,0.03217284,0.01095583,0.016684806,0.017640942,0.012158055,0.02848599,0.026694045,-0.026526163,-0.000276935,0.001081326,0.000468828,0.002012261,0.000289692,1.22E-16,-1,2.485026786,2.256950581
2002-07-01,0.864709896,66.9,73.3,0.326491643,0.211415855,2.849,3.32,4.3,5.7,1.91,4.322,6.1,6.1,12.52215265,0.034888352,0.010906985,0.016468959,0.017632774,0.021341463,0.031640336,0.028629857,-0.028384279,-0.000627063,0.001251756,0.000446151,0.002078024,0.000377049,-0.5,-0.866025404,2.496734602,2.184235808
2002-08-01,0.759549305,67.1,73.4,0.32435965,0.21045208,2.996,3.53,4.49,5.55,1.61,4.322,5.81,5.81,12.49183037,0.034957829,0.010716816,0.016093078,0.017624629,0.025406504,0.032856682,0.030643514,-0.030247813,9.71E-05,0.00046722,0.000442395,0.002054911,0.000462495,-0.866025404,-0.5,2.466049438,2.164478134
2002-09-01,0.654388715,67.1,72.2,0.322227657,0.209488306,2.826,3.48,4.2,5.38,1.44,4.322,5.69,5.69,12.55237144,0.035027062,0.010527088,0.01571854,0.017616508,0.023326572,0.033078139,0.029561672,-0.032116788,0.000819233,-0.000315087,0.000374715,0.001981585,0.000444651,-1,-1.84E-16,2.400487035,2.150627737
2002-10-01,0.549228124,67.1,72.1,0.320095664,0.208524531,2.805,3.39,4.34,5.61,1.77,4.322,5.7,5.7,12.54172669,0.035096052,0.010337798,0.015345341,0.01760841,0.031600408,0.032593225,0.032653061,-0.033991228,0.001539304,-0.001095174,0.000521488,0.002083264,0.000416116,-0.866025404,0.5,2.558959276,2.20595614
2002-11-01,0.50299773,67.2,71.8,0.318046514,0.20770027,2.734,3.47,4.39,5.55,1.71,4.322,5.67,5.67,12.56137715,0.031485165,0.010212579,0.015121105,0.017600336,0.044238683,0.032327759,0.036809816,-0.035871157,0.00092871,-0.000443178,0.000345987,0.002056323,0.000371157,-0.5,0.866025404,2.540485812,2.266005857
2002-12-01,0.456767337,67.4,71.7,0.315997364,0.206876009,2.669,3.18,4.06,5.37,1.7,4.322,5.59,5.59,12.52453365,0.027909136,0.010087468,0.014897098,0.017592285,0.03798768,0.03173979,0.038894575,-0.037756598,0.000318471,0.00020844,0.000355995,0.002011537,0.000397404,-2.45E-16,1,2.599753986,2.248539589
2003-01-01,0.410536943,67.4,70.4,0.313948214,0.206051748,2.813,3.51,4.27,5.45,1.51,4.322,5.46,5.46,12.54714855,0.024367464,0.009962464,0.01467332,0.017584258,0.045081967,0.028761468,0.039959016,-0.039647577,-0.000291414,0.00085968,0.000190496,0.001907221,0.000290887,0.5,0.866025404,2.514304,2.31646696
2003-02-01,0.322104556,67.6,70.8,0.312694053,0.205949581,2.861,3.45,4.18,5.39,1.48,4.322,5.49,5.49,12.57747757,0.022848874,0.009805485,0.014338047,0.017610786,0.046843177,0.03185727,0.039714868,-0.036464088,-0.000213629,0.000838446,0.000205823,0.001831459,0.000278334,0.866025404,0.5,2.58066055,2.394545856
2003-03-01,0.23367217,67.5,70.9,0.311439893,0.205847413,3.142,3.84,4.47,5.52,1.29,4.572,5.53,5.53,12.57827393,0.021336243,0.009648787,0.014003702,0.017637236,0.042467139,0.026821511,0.036474164,-0.033259424,-0.000136009,0.000817256,0.000211465,0.001792226,0.000246129,1,6.12E-17,2.66012844,2.437906874
2003-04-01,0.145239783,67.5,71.1,0.310185732,0.205745246,3.241,3.65,4.18,5.34,1.25,4.822,5.64,5.64,12.587187,0.019829534,0.009492369,0.013670282,0.01766361,0.029145729,0.027037882,0.03125,-0.03003337,-5.86E-05,0.000796112,0.000374379,0.001859813,0.000303722,0.866025404,-0.5,2.662247706,2.470869855
2003-05-01,0.172919798,67.5,72.5,0.309219615,0.206365852,3.197,3.17,3.72,5.01,1.33,4.822,5.3,5.3,12.60636104,0.017672252,0.009338839,0.013252852,0.017689906,0.028084253,0.023988705,0.029116466,-0.026785714,-6.66E-05,0.000761489,0.000409816,0.002011452,0.000255215,0.5,-0.866025404,2.686082569,2.485026786
2003-06-01,0.200599813,67.5,73.7,0.308253497,0.206986458,3.127,3.05,3.55,4.98,1.32,4.822,4.82,4.82,12.59491028,0.015527334,0.009185656,0.012836889,0.017716126,0.026026026,0.022323237,0.023,-0.023516237,-7.46E-05,0.000726959,0.000441064,0.002141202,0.000308132,1.22E-16,-1,2.738082569,2.496734602
2003-07-01,0.228279828,67.6,73.8,0.30728738,0.207607064,2.808,2.85,3.76,5.35,1.93,4.572,4.91,4.91,12.57722232,0.013394675,0.00903282,0.012422383,0.01774227,0.020895522,0.021792585,0.017892644,-0.020224719,-8.26E-05,0.000692523,0.000405342,0.00223978,0.000303395,-0.5,-0.866025404,2.706908257,2.466049438
2003-08-01,0.381327552,67.5,73.6,0.305865253,0.207919191,2.7,3.18,3.97,5.4,1.78,4.572,5.07,5.07,12.56152785,0.013860642,0.009047429,0.012261228,0.017768338,0.019821606,0.019559182,0.016848365,-0.016910936,0.000557734,3.89E-05,0.000357714,0.002258665,0.000332875,-0.866025404,-0.5,2.659449541,2.400487035
2003-09-01,0.534375275,67.6,72.4,0.304443127,0.208231318,2.597,3.02,3.86,5.19,1.62,4.322,5.17,5.17,12.60282659,0.014324909,0.009062009,0.01210053,0.017794331,0.021803766,0.020701946,0.018811881,-0.013574661,0.001196452,-0.000613162,0.000345802,0.002304127,0.000296808,-1,-1.84E-16,2.618036697,2.558959276
2003-10-01,0.687422999,67.6,72.5,0.303021,0.208543445,2.651,3.14,4.07,5.33,1.71,4.322,5.03,5.03,12.62755545,0.014787485,0.009076561,0.011940289,0.017820248,0.015810277,0.019932281,0.017786561,-0.010215664,0.00183356,-0.001263536,0.000404567,0.002331997,0.0003729,-0.866025404,0.5,2.728422018,2.540485812
2003-11-01,0.700664578,67.6,72.3,0.301287877,0.208682156,2.714,3.18,4.07,5.24,1.61,4.322,5.22,5.22,12.6168967,0.015856997,0.009188694,0.012013892,0.01784609,0.015763547,0.019260437,0.018737673,-0.006833713,0.001272159,-0.00068968,0.000356339,0.002334245,0.000350664,-0.5,0.866025404,2.796733945,2.599753986
2003-12-01,0.713906157,67.7,72.2,0.299554754,0.208820868,2.59,2.96,3.91,5.14,1.7,4.322,5.2,5.2,12.56008655,0.01692359,0.009300758,0.012087453,0.017871858,0.020771513,0.016775146,0.016748768,-0.003428571,0.000711166,-0.000116242,0.000299145,0.00226585,0.00036371,-2.45E-16,1,2.767082569,2.514304
2004-01-01,0.727147736,67.6,70.8,0.297821631,0.208959579,2.26,2.64,3.71,5.15,1.97,4.072,4.98,4.98,12.59807757,0.017987276,0.009412754,0.012160971,0.017897552,0.012745098,0.016246949,0.015763547,0,0.00015058,0.00045678,0.000166532,0.002068715,0.000364794,0.5,0.866025404,2.614266055,2.58066055
2004-02-01,0.879718597,67.6,70.9,0.295319029,0.2082934,2.133,2.39,3.47,4.98,2.02,4.072,4.71,4.71,12.64495963,0.021513303,0.009395759,0.012085636,0.017870898,0.006809339,0.012835874,0.010773751,-0.000764526,0.000193169,0.000477361,0.000227839,0.002017254,0.000275062,0.866025404,0.5,2.715495413,2.66012844
2004-03-01,1.032289457,67.5,71,0.292816426,0.207627222,1.99,2.43,3.35,4.94,1.9,3.822,4.51,4.51,12.63510779,0.02503592,0.009378788,0.01201046,0.017844324,0.007759457,0.013932734,0.011730205,-0.001529052,0.000235675,0.000497903,0.000293804,0.002034861,0.000273048,1,6.12E-17,2.848012242,2.662247706
2004-04-01,1.184860318,67.6,71.5,0.290313824,0.206961043,1.944,2.84,3.81,5.23,1.87,3.572,4.76,4.76,12.67960442,0.028555132,0.009361843,0.011935443,0.017817828,0.016601562,0.014031096,0.012707722,-0.002293578,0.000278097,0.000518403,0.000325972,0.002074551,0.000282912,0.866025404,-0.5,2.822251149,2.686082569
2004-05-01,1.18401961,67.5,73.1,0.287636731,0.20579774,2.018,3.08,3.96,5.23,1.69,3.572,5.02,5.02,12.69312081,0.03182365,0.009363049,0.011931805,0.017791411,0.024390244,0.012373147,0.013658537,-0.003058104,0.000132032,0.000593187,0.000455696,0.00226522,0.000261402,0.5,-0.866025404,2.952928736,2.738082569
2004-06-01,1.183178903,67.6,74.2,0.284959637,0.204634437,2.042,3.22,4.07,5.3,1.61,3.572,5.26,5.26,12.66511012,0.035087202,0.009364252,0.011928176,0.017765072,0.025365854,0.014864657,0.014662757,-0.00382263,-1.36E-05,0.00066777,0.00036816,0.002357225,0.000271856,1.22E-16,-1,2.995407975,2.706908257
2004-07-01,1.182338195,67.4,74.1,0.282282544,0.203471134,2.084,3.25,4.07,5.29,1.57,3.572,5.3,5.3,12.65209731,0.038345798,0.009365454,0.011924557,0.017738811,0.023391813,0.011436559,0.015625,-0.004587156,-0.000158923,0.000742152,0.000410698,0.002367625,0.000394871,-0.5,-0.866025404,2.914904068,2.659449541
2004-08-01,1.02879323,67.3,73.8,0.280710777,0.203112594,2.14,3.03,3.83,5.14,1.65,3.572,5.17,5.17,12.62645592,0.038464176,0.009416417,0.011904458,0.017712628,0.018464529,0.010579173,0.011695906,-0.005351682,0.000460923,6.67E-05,0.000389097,0.002401,0.000352088,-0.866025404,-0.5,2.879428571,2.618036697
2004-09-01,0.875248266,67.4,72.7,0.279139011,0.202754055,2.412,3.28,4,5.02,1.3,3.822,5.14,5.14,12.67891911,0.038582014,0.009467281,0.01188441,0.017686522,0.01842871,0.009441449,0.011661808,-0.006116208,0.001079228,-0.000607088,0.000321814,0.002385937,0.00032481,-1,-1.84E-16,2.808691776,2.728422018
2004-10-01,0.721703301,67.4,72.8,0.277567244,0.202395515,2.583,3.23,3.94,4.96,1.29,4.072,5.15,5.15,12.68916215,0.038699316,0.009518044,0.011864412,0.017660492,0.023346304,0.01082901,0.010679612,-0.006880734,0.001696,-0.001279197,0.000364035,0.002409814,0.000335511,-0.866025404,0.5,2.962255385,2.796733945
2004-11-01,0.597873686,67.5,72.4,0.276440036,0.202421749,2.556,3.17,3.85,4.87,1.27,4.072,5.07,5.07,12.67243528,0.037397404,0.009484923,0.011736036,0.017634539,0.024248303,0.011944501,0.012584705,-0.00764526,0.001257402,-0.00078453,0.000275869,0.002315307,0.000367095,-0.5,0.866025404,2.995057737,2.767082569
2004-12-01,0.474044071,67.5,72.1,0.275312828,0.202447983,2.477,3.05,3.74,4.86,1.34,4.072,4.89,4.89,12.66274088,0.036101772,0.009451829,0.011607754,0.017608663,0.021317829,0.010401537,0.013565891,-0.008409786,0.000819012,-0.000290097,0.000223957,0.002195415,0.00034051,-2.45E-16,1,2.947645609,2.614266055
2005-01-01,0.350214456,67.3,70.9,0.27418562,0.202474217,2.437,2.81,3.52,4.69,1.4,4.072,4.8,4.8,12.68584404,0.034812376,0.009418763,0.011479564,0.017582862,0.019361084,0.00915061,0.011639185,-0.009174312,0.00038083,0.000204102,0.000175968,0.002052234,0.000315392,0.5,0.866025404,2.921458751,2.715495413
2005-02-01,0.474389629,67.4,71.1,0.271751842,0.2018048,2.464,2.94,3.63,4.71,1.34,4.072,4.79,4.79,12.71971031,0.033224621,0.00937607,0.011346706,0.017624405,0.021256039,0.010482917,0.014534884,-0.009869931,0.00042147,0.00026045,0.000152105,0.001905373,0.000295285,0.866025404,0.5,2.992046296,2.848012242
2005-03-01,0.598564802,67.2,71.1,0.269318065,0.201135382,2.546,3.36,3.83,4.75,1.03,4.072,4.8,4.8,12.70849809,0.031649309,0.009333439,0.011214109,0.017665827,0.023099134,0.008403951,0.015458937,-0.010566616,0.000462041,0.000316702,0.000178212,0.001779347,0.000300584,1,6.12E-17,3.099655359,2.822251149
2005-04-01,0.722739975,67.1,71.4,0.266884287,0.200465965,2.461,3.07,3.54,4.55,1.07,4.072,4.87,4.87,12.74265958,0.030086295,0.00929087,0.011081772,0.017707128,0.02401537,0.006994437,0.011583012,-0.011264368,0.000502542,0.000372859,0.000366764,0.001876526,0.000266324,0.866025404,-0.5,3.069602229,2.952928736
2005-05-01,0.885793694,67.2,73.1,0.264810508,0.200689408,2.451,3,3.44,4.41,1.02,4.072,4.75,4.75,12.75556306,0.030187404,0.009366012,0.011099059,0.017748309,0.016190476,0.010316449,0.011549567,-0.01196319,0.000377092,0.000437025,0.000345091,0.001956831,0.000261385,0.5,-0.866025404,3.180953267,2.995407975
2005-06-01,1.048847412,67.1,73.9,0.26273673,0.200912851,2.473,2.86,3.2,4.27,0.95,4.072,4.51,4.51,12.75148808,0.030287723,0.009441006,0.0111163,0.01778937,0.017126546,0.00662433,0.013487476,-0.012663085,0.000251982,0.000501016,0.000334719,0.002056805,0.000230834,1.22E-16,-1,3.227016455,2.914904068
2005-07-01,1.211901131,67.1,73.9,0.260662951,0.201136294,2.581,3.04,3.37,4.31,0.87,4.072,4.46,4.46,12.69475695,0.03038726,0.009515853,0.011133495,0.017830312,0.02,0.008887178,0.010576923,-0.013364055,0.000127213,0.000564834,0.000277138,0.002063576,0.000266903,-0.5,-0.866025404,3.21863972,2.879428571
2005-08-01,1.13898197,67.2,73.8,0.258582702,0.201311127,2.758,2.97,3.35,4.11,0.81,4.072,4.52,4.52,12.68619676,0.031317319,0.009622542,0.011237044,0.017871134,0.025763359,0.011792288,0.014450867,-0.014066103,0.00076565,-0.00013953,0.000249603,0.002027089,0.000282228,-0.866025404,-0.5,3.04562354,2.808691776
2005-09-01,1.066062809,67.1,72.6,0.256502452,0.201485959,2.813,3.3,3.58,4.21,0.64,4.322,4.5,4.5,12.7315908,0.032242923,0.00972901,0.011340337,0.017911839,0.032380952,0.009388086,0.015369837,-0.014769231,0.00140237,-0.000842001,0.00027337,0.001963629,0.000333813,-1,-1.84E-16,3.024136587,2.962255385
2005-10-01,0.993143648,67.2,72.8,0.254422203,0.201660792,3.025,3.6,3.86,4.38,0.56,4.572,4.59,4.59,12.74388094,0.033164107,0.009835257,0.011443373,0.017952426,0.025665399,0.009829452,0.014409222,-0.015473441,0.002037381,-0.001542585,0.000265909,0.00197482,0.0002518,-0.866025404,0.5,3.16927233,2.995057737
2005-11-01,0.783244456,67,72.5,0.253296612,0.202628922,3.304,3.77,3.89,4.2,0.29,4.572,4.76,4.76,12.74015668,0.033209621,0.009881351,0.011442945,0.017992896,0.019886364,0.005159689,0.014340344,-0.016178737,0.001366906,-0.000889607,0.000225404,0.001917104,0.000279602,-0.5,0.866025404,3.21323012,2.947645609
2005-12-01,0.573345264,67,72.2,0.252171021,0.203597052,3.395,3.8,3.87,4.04,0.13,4.822,4.8,4.8,12.69837578,0.03325503,0.00992741,0.011442517,0.018033249,0.020872865,0.007048458,0.013384321,-0.01688512,0.000696748,-0.000236938,0.000266293,0.001931457,0.00024871,-2.45E-16,1,3.206048551,2.921458751
2006-01-01,0.363446072,67.2,71,0.25104543,0.204565182,3.49,3.83,3.98,4.22,0.28,5.072,4.85,4.85,12.71495739,0.033300334,0.009973434,0.011442089,0.018073486,0.027540361,0.012219829,0.014381592,-0.017592593,2.69E-05,0.000415424,0.0001865,0.001890948,0.000224151,0.5,0.866025404,3.079438475,2.992046296
2006-02-01,0.391242688,67.1,71.2,0.249328366,0.20457807,3.712,3.91,4.02,4.17,0.19,5.072,4.95,4.95,12.77684878,0.032352312,0.010067422,0.01141541,0.018046306,0.021759697,0.010704516,0.013371538,-0.014759292,3.89E-05,0.000470515,0.000163823,0.001831859,0.000220119,0.866025404,0.5,3.135598492,3.099655359
2006-03-01,0.419039304,67.2,71.5,0.247611303,0.204590957,3.788,3.98,4.13,4.26,0.25,5.322,4.98,4.98,12.77460287,0.031408836,0.010161282,0.011388775,0.018019207,0.021636877,0.014450867,0.014272122,-0.01191766,5.08E-05,0.000525516,0.000161053,0.001765358,0.000224463,1,6.12E-17,3.331087059,3.069602229
2006-04-01,0.44683592,67.3,71.9,0.245894239,0.204603845,3.974,4.19,4.38,4.59,0.33,5.572,5.08,5.08,12.81225299,0.030469873,0.010255014,0.011362186,0.01799219,0.024390244,0.016456512,0.017175573,-0.009067659,6.27E-05,0.000580426,0.000206069,0.001735373,0.000233455,0.866025404,-0.5,3.318928571,3.180953267
2006-05-01,0.29802486,67.3,73.9,0.245003598,0.204495295,4.175,4.18,4.31,4.51,0.27,5.822,5.25,5.25,12.80912278,0.026325241,0.010232339,0.011149578,0.017965254,0.028116214,0.015030286,0.018078021,-0.006209252,-2.68E-05,0.000587383,0.000255996,0.001750663,0.000237378,0.5,-0.866025404,3.441417175,3.227016455
2006-06-01,0.1492138,67.2,74.5,0.244112957,0.204386746,4.3,4.45,4.53,4.69,0.18,5.822,5.32,5.32,12.78838603,0.022213826,0.010209712,0.010937548,0.017938398,0.024321796,0.015106177,0.014258555,-0.003342402,-0.000116036,0.000594325,0.00028796,0.001759324,0.000276728,1.22E-16,-1,3.4258388,3.21863972
2006-07-01,0.00040274,67.3,74.5,0.243222316,0.204278196,4.157,4.15,4.25,4.46,0.23,5.822,5.46,5.46,12.74266543,0.018135231,0.010187133,0.010726093,0.017911623,0.02334267,0.016600484,0.013320647,-0.000467071,-0.000205103,0.00060125,0.000268007,0.001753456,0.000270714,-0.5,-0.866025404,3.350818905,3.04562354
2006-08-01,0.016803122,67.2,74.1,0.243034048,0.204801572,4.129,4.02,4.03,4.22,0.1,5.822,5.44,5.44,12.73136906,0.014943626,0.010165866,0.010411708,0.017884927,0.021395349,0.013585797,0.014245014,0.002416777,0.000550512,-0.000144036,0.000237687,0.001682344,0.000305846,-0.866025404,-0.5,3.196579439,3.024136587
2006-09-01,0.033203503,67.2,73,0.242845779,0.205324947,4.165,3.89,3.88,4.08,0.09,5.822,5.33,5.33,12.763234,0.011773014,0.010144647,0.010098169,0.017858311,0.007380074,0.016218649,0.016083254,0.005309182,0.001304563,-0.00088778,0.000249871,0.001708997,0.000220566,-1,-1.84E-16,3.15624825,3.16927233
2006-10-01,0.049603885,67.1,73.1,0.242657511,0.205848323,4.169,4.08,4.08,4.25,0.09,5.822,5.21,5.21,12.78387351,0.008623188,0.010123477,0.009785471,0.017831774,0.010194625,0.013406246,0.017992424,0.008210181,0.002057056,-0.001629988,0.000267026,0.00180488,0.000168456,-0.866025404,0.5,3.2538863,3.21323012
2006-11-01,0.12690539,67.2,72.7,0.24154524,0.205636032,4.177,3.9,3.85,4.03,0.04,5.822,5.19,5.19,12.78191886,0.008348041,0.01007188,0.00960019,0.017805316,0.013927577,0.017487499,0.015080113,0.011119812,0.001325995,-0.000924396,0.000240684,0.001762456,0.000280286,-0.5,0.866025404,3.317105631,3.206048551
2006-12-01,0.204206895,67.2,72.7,0.24043297,0.205423742,4.161,3.98,3.95,4.11,0.07,5.822,5.09,5.09,12.72551206,0.008073558,0.010020328,0.009414996,0.017778936,0.016728625,0.017140949,0.01509434,0.014038115,0.000595011,-0.000218878,0.000206357,0.001768528,0.000197719,-2.45E-16,1,3.306013011,3.079438475
2007-01-01,0.2815084,67.4,71.7,0.239320699,0.205211451,4.156,4.1,4.08,4.23,0.07,5.822,5.11,5.11,12.77627223,0.007799739,0.009968819,0.00922989,0.017752634,0.011090573,0.017600908,0.017013233,0.016965127,-0.000135896,0.000486565,0.000224075,0.001696569,0.000293655,0.5,0.866025404,3.120343387,3.135598492
2007-02-01,0.290365872,67.4,71.9,0.236989141,0.203899077,4.184,3.97,3.95,4.1,0.06,5.822,5.2,5.2,12.81770332,0.007334307,0.009887632,0.009026233,0.017742642,0.02037037,0.017758944,0.017907634,0.019215686,-0.000165549,0.000559662,0.000114648,0.001633406,0.000174939,0.866025404,0.5,3.278257646,3.331087059
2007-03-01,0.299223344,67.5,72.1,0.234657582,0.202586703,4.173,3.96,3.99,4.21,0.14,5.822,5.11,5.11,12.80843315,0.006870259,0.00980657,0.008822913,0.017732681,0.023020258,0.017385782,0.01782364,0.0214599,-0.000195165,0.000632667,0.00013665,0.001577881,0.000189399,1,6.12E-17,3.404574067,3.318928571
2007-04-01,0.308080816,67.4,72.4,0.232326024,0.201274329,4.168,4.13,4.11,4.21,0.02,5.822,5.12,5.12,12.84535744,0.006407586,0.009725634,0.008619927,0.017722748,0.021978022,0.014757177,0.019699812,0.023697794,-0.000224744,0.000705582,0.000212405,0.001576145,0.000211832,0.866025404,-0.5,3.361002914,3.441417175
2007-05-01,0.235341078,67.3,74.1,0.231579391,0.201346626,4.286,4.56,4.53,4.43,-0.08,5.822,5.21,5.21,12.85523398,0.006707692,0.009735043,0.00846253,0.017712845,0.021877849,0.01314912,0.018691589,0.025929397,-0.000232448,0.000711185,0.000257257,0.001635394,0.000208092,0.5,-0.866025404,3.47490259,3.4258388
2007-06-01,0.16260134,67.4,74.9,0.230832758,0.201418923,4.418,4.64,4.62,4.59,-0.02,5.822,5.71,5.71,12.85307902,0.007007798,0.009744433,0.008305496,0.017702971,0.021917808,0.016169956,0.021555764,0.028154734,-0.000240137,0.000716777,0.000294177,0.001722631,0.000204174,1.22E-16,-1,3.496836175,3.350818905
2007-07-01,0.089861602,67.5,75.2,0.230086125,0.20149122,4.562,4.69,4.63,4.52,-0.11,6.072,5.8,5.8,12.8104214,0.007307903,0.009753803,0.008148822,0.017693126,0.02189781,0.016170208,0.024413146,0.030373832,-0.00024781,0.000722358,0.000314459,0.001803724,0.000230857,-0.5,-0.866025404,3.476868695,3.196579439
2007-08-01,0.202568037,67.5,74.9,0.229632507,0.201814326,4.009,4.23,4.3,4.44,0.15,6.072,5.82,5.82,12.79909558,0.008578167,0.009777484,0.008219096,0.017683309,0.017304189,0.017145587,0.02247191,0.032586716,0.000380478,7.13E-05,0.000250253,0.001844928,0.000205477,-0.866025404,-0.5,3.319836735,3.15624825
2007-09-01,0.315274472,67.5,73.6,0.22917889,0.202137432,4.105,4.16,4.29,4.5,0.25,6.072,5.81,5.81,12.84827384,0.009848011,0.009801112,0.008289224,0.017673522,0.024725275,0.017157781,0.02141527,0.034793414,0.001007379,-0.000578398,0.00023587,0.001842059,0.00023568,-1,-1.84E-16,3.270829254,3.2538863
2007-10-01,0.427980907,67.6,73.9,0.228725272,0.202460538,3.968,4.17,4.23,4.39,0.14,6.072,5.89,5.89,12.88574444,0.011117435,0.009824687,0.008359207,0.017663763,0.023853211,0.020556193,0.019534884,0.036993951,0.001632898,-0.001226625,0.000251797,0.001856224,0.00023496,-0.866025404,0.5,3.423584509,3.317105631
2007-11-01,0.355100833,67.7,73.6,0.22803095,0.202620441,3.92,3.76,3.91,4.22,0.31,6.072,5.93,5.93,12.88346385,0.01087443,0.009936549,0.008494862,0.017654032,0.024725275,0.020854472,0.017641597,0.039188352,0.00103499,-0.000651137,0.000340218,0.001935143,0.000258233,-0.5,0.866025404,3.541808391,3.306013011
2007-12-01,0.28222076,67.7,73.3,0.227336629,0.202780343,3.862,3.87,3.98,4.18,0.22,5.822,5.95,5.95,12.88646635,0.010631879,0.010048327,0.008630503,0.01764433,0.023765996,0.019557024,0.016728625,0.041376643,0.000437306,-7.59E-05,0.000174673,0.001877075,0.000229942,-2.45E-16,1,3.521362349,3.120343387
2008-01-01,0.209340686,67.7,72.1,0.226642307,0.202940246,3.455,3.17,3.5,4.17,0.71,5.572,6.01,6.01,12.83321089,0.010389783,0.01016002,0.008766129,0.017634656,0.021937843,0.016676529,0.013011152,0.043558851,-0.000160155,0.000499193,0.000173667,0.001869655,0.000178188,0.5,0.866025404,3.519622726,3.278257646
2008-02-01,0.461468075,67.7,72.4,0.224623717,0.201876863,3.239,3.05,3.4,4.14,0.76,5.572,5.92,5.92,12.85330153,0.012602427,0.010244767,0.008813979,0.017640679,0.01814882,0.018294195,0.012962963,0.035321277,-0.00020779,0.000614923,0.000147456,0.001821197,0.00019316,0.866025404,0.5,3.325479574,3.404574067
2008-03-01,0.713595464,67.7,72.4,0.222605126,0.20081348,2.025,2.6,2.93,3.91,0.86,5.072,5.8,5.8,12.84881561,0.014810535,0.010329396,0.008861769,0.017646684,0.01350135,0.016981843,0.010138249,0.027143076,-0.000255362,0.000730498,0.000150432,0.001803118,0.000165269,1,6.12E-17,3.407593281,3.361002914
2008-04-01,0.965722853,67.6,72.7,0.220586536,0.199750097,2.702,2.73,3.04,4.02,0.85,4.572,5.6,5.6,12.89593193,0.017014123,0.010413908,0.008909499,0.017652672,0.01702509,0.017670488,0.011039558,0.019023608,-0.00030287,0.000845918,0.000206657,0.001819034,0.000188279,0.866025404,-0.5,3.407028964,3.47490259
2008-05-01,0.655160594,67.6,74.2,0.219349279,0.199395242,2.727,3.09,3.34,4.07,0.59,4.572,5.41,5.41,12.89457907,0.016824928,0.010575497,0.009039278,0.017658642,0.022301517,0.018418506,0.011926606,0.010962241,-0.000338443,0.000854925,0.000245865,0.00184202,0.000219087,0.5,-0.866025404,3.586927575,3.496836175
2008-06-01,0.344598334,67.5,75.1,0.218112023,0.199040388,2.691,3.23,3.42,4.07,0.48,4.572,5.4,5.4,12.88883105,0.016635847,0.010736748,0.009168799,0.017664595,0.031277927,0.016120254,0.011926606,0.002958355,-0.000373937,0.000863911,0.000200069,0.001805292,0.000233912,1.22E-16,-1,3.597722892,3.476868695
2008-07-01,0.034036075,67.4,74.8,0.216874766,0.198685533,2.417,3.05,3.37,4.18,0.76,4.572,5.57,5.57,12.82510762,0.016446879,0.010897663,0.009298062,0.01767053,0.033928571,0.012438242,0.011915674,-0.004988662,-0.000409351,0.000872877,0.000180732,0.001773152,0.000209858,-0.5,-0.866025404,3.592793828,3.319836735
2008-08-01,0.136200393,67.4,74.7,0.217697064,0.200218056,2.518,2.75,3.03,4.02,0.77,4.572,5.45,5.45,12.80734026,0.016151,0.011013236,0.009322531,0.017676448,0.034914951,0.013054757,0.011904762,-0.012879416,0.000158142,0.000249023,0.000203586,0.001713327,0.000260821,-0.866025404,-0.5,3.385843209,3.270829254
2008-09-01,0.238364712,67.5,73.6,0.218519361,0.20175058,1.877,2.85,3.13,4.14,0.81,4.572,5.36,5.36,12.81732895,0.015855964,0.011128544,0.009346947,0.017682349,0.033958892,0.014574216,0.010027347,-0.0207145,0.000724354,-0.000373423,0.000151908,0.001605833,0.000256904,-1,-1.84E-16,3.340936975,3.423584509
2008-10-01,0.34052903,67.7,73.8,0.219341659,0.203283103,2.215,2.07,2.8,4.31,1.67,3.822,5.66,5.66,12.77414968,0.015561765,0.011243589,0.009371308,0.017688233,0.025985663,0.015266623,0.009124088,-0.028494503,0.001289291,-0.000994468,0.000181801,0.001523933,0.000260991,-0.866025404,0.5,3.389475782,3.541808391
2008-11-01,0.270830307,67.5,73.1,0.220467579,0.205172278,1.835,1.73,2.48,4,1.63,3.822,5.71,5.71,12.81741849,0.015298215,0.011303036,0.009318371,0.0176941,0.019660411,0.010700087,0.015510949,-0.036220003,0.000753657,-0.000463393,0.000134575,0.001447098,0.00020938,-0.5,0.866025404,3.260729792,3.521362349
2008-12-01,0.201131583,67.6,72.6,0.2215935,0.207061454,0.945,1.09,1.69,3.45,1.6,3.322,5.37,5.37,12.79778216,0.015035032,0.011362424,0.009265453,0.01769995,0.011607143,0.012971083,0.014625229,-0.043891571,0.000218166,6.75E-05,0.000136604,0.001364925,0.000216675,-2.45E-16,1,3.420185586,3.519622726
2009-01-01,0.13143286,67.3,70.8,0.22271942,0.208950629,0.927,1.37,2.03,3.74,1.6,2.822,4.98,4.98,12.7473266,0.014772216,0.011421755,0.009212555,0.017705783,0.010733453,0.008703172,0.011926606,-0.051509769,-0.000317179,0.000598326,8.35E-05,0.001272626,0.000168795,0.5,0.866025404,3.368789809,3.325479574
2009-02-01,0.104623039,67.5,70.7,0.222983223,0.209891447,0.801,1.25,2.11,3.7,1.7,2.822,4.48,4.48,12.79970884,0.011688038,0.011487644,0.009164423,0.017711044,0.01426025,0.010396437,0.012797075,-0.040582726,-0.000305167,0.000666651,6.73E-05,0.001203844,0.000134171,0.866025404,0.5,3.21752809,3.407593281
2009-03-01,0.077813218,67.5,70.5,0.223247027,0.210832266,0.416,1.12,1.95,3.63,1.84,2.322,4.34,4.34,12.7995376,0.008623589,0.011553431,0.009116355,0.017716289,0.012433393,0.010986581,0.013686131,-0.029561063,-0.00029317,0.000734891,5.59E-05,0.001117549,0.000140432,1,6.12E-17,3.366396033,3.407028964
2009-04-01,0.051003397,67.4,70.8,0.22351083,0.211773084,0.247,0.98,2.01,3.72,2.1,2.072,3.99,3.99,12.86266216,0.005578681,0.011619115,0.009068351,0.017721519,0.003524229,0.009922883,0.011828935,-0.018443545,-0.000281188,0.000803046,8.11E-05,0.001051594,0.000145384,0.866025404,-0.5,3.342,3.586927575
2009-05-01,0.042009375,67.5,72.2,0.225120879,0.21373392,0.197,1.27,2.57,4.11,2.3,2.072,3.82,3.82,12.88818163,0.005545116,0.011583606,0.009023802,0.017726734,0.0008726,0.012384688,0.012692656,-0.007228916,-0.000272447,0.000817341,0.000125483,0.001032199,0.00014333,0.5,-0.866025404,3.534747938,3.597722892
2009-06-01,0.033015354,67.4,72.9,0.226730928,0.215694757,0.243,1.27,2.57,3.96,2.18,2.072,4.1,4.1,12.90910085,0.005511559,0.011548183,0.008979352,0.017731933,-0.002599653,0.011916332,0.012692656,0.004084102,-0.000263724,0.000831605,0.000116296,0.000992651,0.000154327,1.22E-16,-1,3.600810073,3.592793828
2009-07-01,0.024021332,67.2,72.5,0.228340977,0.217655593,0.241,1.45,2.66,4.1,2.08,2.072,4.34,4.34,12.8876886,0.005478009,0.011512845,0.008935003,0.017737117,-0.009499136,0.011848839,0.009963768,0.015496809,-0.000255021,0.000845838,0.000125848,0.000980737,0.000136305,-0.5,-0.866025404,3.651449232,3.385843209
2009-08-01,0.021012936,67.1,72.4,0.230544981,0.220161853,0.238,1.29,2.65,3.96,2.1,2.072,4.33,4.33,12.86772916,0.004388192,0.011526714,0.009074932,0.017742286,-0.007785467,0.010110543,0.009049774,0.02701053,0.000310008,0.000229548,0.000102217,0.000961898,0.000119253,-0.866025404,-0.5,3.549497307,3.340936975
2009-09-01,0.018004539,67,71.5,0.232748986,0.222668113,0.222,1.26,2.57,3.87,2.05,2.072,4.17,4.17,12.91626621,0.003300844,0.011540549,0.009214545,0.01774744,-0.008643042,0.006948609,0.009025271,0.038626609,0.000873606,-0.000385182,0.000165722,0.00100439,0.000121639,-1,-1.84E-16,3.455572065,3.389475782
2009-10-01,0.014996143,67.1,71.5,0.23495299,0.225174373,0.232,1.43,2.7,3.98,2.02,2.072,4.2,4.2,12.9564481,0.002215956,0.011554348,0.009353844,0.017752579,0.000873362,0.004528112,0.012658228,0.05034642,0.001435778,-0.000998357,0.000184292,0.001069041,0.000117626,-0.866025404,0.5,3.602806966,3.260729792
2009-11-01,0.126435525,67.3,71.4,0.236473562,0.227072015,0.228,1.15,2.41,3.84,2.1,2.072,4.26,4.26,12.94433658,0.002943518,0.011504695,0.009501136,0.017757703,0.009640666,0.011081261,0.008086253,0.062171358,0.000947246,-0.000508066,0.000190407,0.001133504,0.000124384,-0.5,0.866025404,3.725233069,3.420185586
2009-12-01,0.237874908,67.1,70.9,0.237994135,0.228969657,0.202,1.43,2.74,4.08,2.17,2.072,4.03,4.03,12.92861114,0.003670443,0.011455097,0.009648389,0.017762812,0.013239188,0.006788781,0.006306306,0.074102843,0.000458988,-1.81E-05,0.00019195,0.001203424,0.000120197,-2.45E-16,1,3.65573675,3.368789809
2010-01-01,0.34931429,67,69.8,0.239514707,0.230867299,0.179,1.22,2.46,3.92,2.13,2.072,4,4,12.92161223,0.004396732,0.011405552,0.009795603,0.017767907,0.018584071,0.009067728,0.011786038,0.086142322,-2.90E-05,0.00047169,0.000172213,0.001260047,0.000113293,0.5,0.866025404,3.574755568,3.21752809
2010-02-01,0.336327625,66.9,70,0.240513814,0.232461514,0.17,1.34,2.54,3.98,2.11,2.072,3.93,3.93,12.97492081,0.005264888,0.011364998,0.009926432,0.017710836,0.015817223,0.005218658,0.014440433,0.07421754,-5.16E-06,0.000534052,0.00012766,0.00126679,0.000119125,0.866025404,0.5,3.526362069,3.366396033
2010-03-01,0.323340961,67,70,0.241512922,0.234055729,0.289,1.73,2.9,3.99,1.83,2.072,3.91,3.91,12.98240222,0.00613275,0.011324512,0.010057099,0.017653934,0.014035088,0.005961366,0.0090009,0.062461538,1.86E-05,0.000596321,0.000132374,0.001272606,0.000124758,1,6.12E-17,3.733933362,3.342
2010-04-01,0.310354296,67.1,70.7,0.242512029,0.235649944,0.401,1.97,3.09,3.99,1.69,2.072,4.35,4.35,12.98906053,0.007000316,0.011284094,0.010187603,0.017597199,0.018437226,0.009442225,0.011690647,0.050870761,4.24E-05,0.000658496,0.000134541,0.00127225,0.000132911,0.866025404,-0.5,3.776681147,3.534747938
2010-05-01,0.376833582,67.1,72.2,0.24290732,0.237098644,0.427,1.62,2.55,3.58,1.63,2.072,4.5,4.5,13.00940294,0.008630757,0.011247813,0.010318973,0.017540632,0.013949433,0.006924135,0.009847807,0.039441748,-8.29E-05,0.000774298,0.000162196,0.001246218,0.000185703,0.5,-0.866025404,3.816833842,3.600810073
2010-06-01,0.443312868,67.2,73.3,0.243302612,0.238547344,0.579,1.39,2.32,3.59,1.69,2.322,4.38,4.38,12.98317947,0.010260936,0.011211617,0.010450058,0.017484231,0.009556907,0.010122562,0.008952551,0.028171136,-0.000207858,0.00088982,0.000166301,0.00121737,0.000193385,1.22E-16,-1,3.910621716,3.651449232
2010-07-01,0.509792154,67.2,73,0.243697903,0.239996044,0.641,1.6,2.44,3.71,1.62,2.572,4.22,4.22,12.94486935,0.011890855,0.011175505,0.010580862,0.017427995,0.018308631,0.013228467,0.013452915,0.017055655,-0.000332535,0.001005064,0.000157591,0.001199423,0.000173819,-0.5,-0.866025404,3.824474725,3.549497307
2010-08-01,0.542829931,67.3,72.8,0.2441347,0.241450389,0.692,1.23,2.08,3.39,1.6,2.572,4.02,4.02,12.94402348,0.013893993,0.011142648,0.010670019,0.017371924,0.017436792,0.015713357,0.013452915,0.006092125,0.000234532,0.000341814,0.000150347,0.001183147,0.000164931,-0.866025404,-0.5,3.695348632,3.455572065
2010-09-01,0.575867707,67.2,71.9,0.244571497,0.242904733,0.893,1.39,2.01,3.25,1.35,2.822,3.8,3.8,12.96530949,0.015896931,0.011109874,0.010758949,0.017316017,0.019180471,0.01510168,0.01431127,-0.00472255,0.000800063,-0.000319639,0.000138628,0.001175007,0.000146898,-1,-1.84E-16,3.706947275,3.602806966
2010-10-01,0.608905484,67,71.8,0.245008294,0.244359078,0.915,1.45,2.06,3.38,1.44,2.822,3.72,3.72,13.00296929,0.017899668,0.011077184,0.010847655,0.017260274,0.02443281,0.01186955,0.016964286,-0.015391381,0.001364065,-0.000979303,0.000126582,0.0011633,0.000136637,-0.866025404,0.5,3.801859431,3.725233069
2010-11-01,0.659802162,66.9,71.7,0.245442208,0.245841076,0.982,1.74,2.48,3.6,1.45,2.822,3.65,3.65,12.99004268,0.019296911,0.010910478,0.010796344,0.017204693,0.019965278,0.007732183,0.015151515,-0.025917298,0.000858442,-0.000497233,0.000188441,0.001189637,0.000160292,-0.5,0.866025404,3.963635552,3.65573675
2010-12-01,0.710698841,67,71.5,0.245876122,0.247323075,0.998,1.69,2.45,3.51,1.47,2.822,3.7,3.7,12.97212869,0.020690908,0.010743938,0.010745062,0.017149275,0.023519164,0.010726764,0.016114593,-0.036303153,0.000353052,-1.54E-05,0.000135896,0.001206947,0.000116917,-2.45E-16,1,3.928520179,3.574755568
2011-01-01,0.761595519,67.2,70.5,0.246310036,0.248805073,0.986,1.67,2.56,3.71,1.64,2.822,3.75,3.75,12.96163578,0.022081669,0.010577563,0.010693808,0.017094017,0.023457863,0.015527138,0.016129032,-0.046551724,-0.000152107,0.000466245,0.00014089,0.0012226,0.000123368,0.5,0.866025404,3.874407924,3.526362069
2011-02-01,0.568239846,67.1,70.7,0.24606807,0.249583478,0.967,1.79,2.61,3.69,1.53,2.822,3.88,3.88,13.02443076,0.021643221,0.01039645,0.010521688,0.016661118,0.021626298,0.015078963,0.011565836,-0.039881725,-0.000183021,0.000545124,0.00010842,0.001223167,0.000106634,0.866025404,0.5,3.849566004,3.733933362
2011-03-01,0.374884173,67,70.5,0.245826105,0.250361882,0.918,1.77,2.71,3.66,1.52,2.822,3.9,3.9,13.03080495,0.021205678,0.010215628,0.010349827,0.016229449,0.032871972,0.013075342,0.020517395,-0.033159571,-0.000213899,0.000623913,9.21E-05,0.001197502,0.000116342,1,6.12E-17,4.086426801,3.776681147
2011-04-01,0.1815285,67.1,71.2,0.245584139,0.251140287,0.979,1.78,2.65,3.67,1.49,2.822,4.07,4.07,13.07485659,0.020769038,0.010035095,0.010178224,0.015799004,0.032758621,0.012694195,0.016888889,-0.026384649,-0.000244741,0.000702609,0.000137796,0.001234814,9.93E-05,0.866025404,-0.5,4.099931107,3.816833842
2011-05-01,0.577098547,66.8,72.6,0.245547122,0.252143911,0.959,1.59,2.4,3.41,1.49,2.822,4.03,4.03,13.09265028,0.023685002,0.009957153,0.009978754,0.015369779,0.036973345,0.009260815,0.019503546,-0.019556334,-0.000378299,0.000833387,0.000139796,0.001210258,0.000163125,0.5,-0.866025404,4.271462486,3.910621716
2011-06-01,0.972668595,66.9,73.4,0.245510104,0.253147534,0.915,1.56,2.3,3.47,1.53,2.822,3.8,3.8,13.06943295,0.026591089,0.009879388,0.009779765,0.014941768,0.030981067,0.007773798,0.014196983,-0.012673993,-0.000511588,0.000963901,0.000239641,0.001316155,0.000132007,1.22E-16,-1,4.334879428,3.824474725
2011-07-01,1.368238642,66.8,73.2,0.245473087,0.254151158,0.934,1.47,2.15,3.28,1.41,2.822,3.77,3.77,13.03603395,0.029487349,0.009801799,0.009581257,0.014514966,0.02739726,0.004943076,0.011504425,-0.005736981,-0.000644607,0.00109415,0.000186439,0.001351995,0.00014876,-0.5,-0.866025404,4.222509461,3.695348632
2011-08-01,1.177069935,66.7,73.1,0.245475454,0.255138001,0.932,1.08,1.68,3,1.41,2.822,3.72,3.72,13.01772038,0.030123746,0.009709985,0.009435306,0.014089368,0.030848329,0.003426481,0.015044248,0.001255354,-8.12E-05,0.000507615,0.000182881,0.001394156,0.000138847,-0.866025404,-0.5,4.071424767,3.706947275
2011-09-01,0.985901228,66.7,72.2,0.245477821,0.256124844,0.868,0.92,1.44,2.74,1.27,2.822,3.62,3.62,13.04758811,0.03075757,0.0096184,0.00928975,0.013664969,0.031650984,0.004655794,0.018518519,0.008303677,0.000480758,-7.75E-05,0.000159641,0.001412109,0.000140306,-1,-1.84E-16,3.985453205,3.801859431
2011-10-01,0.794732521,66.7,72,0.245480188,0.257111687,0.865,1.08,1.6,2.91,1.3,2.822,3.55,3.55,13.06947091,0.031388836,0.00952704,0.009144588,0.013241763,0.028960818,0.006649876,0.014925373,0.015408665,0.0010414,-0.000661202,0.000200062,0.001479998,0.000130776,-0.866025404,0.5,4.093905882,3.963635552
2011-11-01,0.550865112,66.6,71.7,0.246681682,0.259407542,0.886,1.01,1.46,2.61,1.14,2.822,3.58,3.58,13.07649115,0.02899362,0.00976029,0.009284961,0.012819747,0.02893617,0.006642978,0.015803336,0.022571001,0.000617826,-0.000274667,0.000221108,0.001523323,0.000177205,-0.5,0.866025404,4.171902353,3.928520179
2011-12-01,0.306997703,66.5,71.4,0.247883177,0.261703396,0.826,0.93,1.28,2.42,1.03,2.822,3.56,3.56,13.01603795,0.026610503,0.009993383,0.00942527,0.012398914,0.022978723,0.004776084,0.013215859,0.029791385,0.000194563,0.000111583,0.00018994,0.00156957,0.000142013,-2.45E-16,1,4.188703406,3.874407924
2012-01-01,0.063130294,66.6,70.2,0.249084671,0.263999251,0.877,1.02,1.36,2.55,1.02,2.822,3.51,3.51,13.04473691,0.024239394,0.010226322,0.009565514,0.01197926,0.024617997,0.00334111,0.015873016,0.037070524,-0.000228387,0.000497548,0.000126855,0.001510424,0.000183746,0.5,0.866025404,3.931204547,3.849566004
2012-02-01,0.150443874,66.4,70.4,0.248759411,0.26467739,0.941,1.1,1.44,2.48,0.88,2.822,3.43,3.43,13.12286125,0.024729171,0.01033927,0.009603383,0.011982198,0.026248942,0.001717337,0.016710642,0.028843987,-0.000328043,0.000649912,9.90E-05,0.001466376,0.00013873,0.866025404,0.5,4.033609416,4.086426801
2012-03-01,0.237757454,66.5,70.7,0.248434151,0.26535553,0.926,1.19,1.57,2.56,0.93,2.822,3.41,3.41,13.12414978,0.025218355,0.010452076,0.009641208,0.01198513,0.019262982,0.004379115,0.01486014,0.020667965,-0.000427577,0.000802087,0.000106677,0.001432115,0.000139297,1,6.12E-17,4.382702782,4.099931107
2012-04-01,0.325071034,66.8,71.5,0.248108891,0.266033669,1.042,1.43,1.69,2.55,0.67,2.822,3.56,3.56,13.15360814,0.025706949,0.010564743,0.009678989,0.011988057,0.020033389,0.007442867,0.019230769,0.012541993,-0.000526986,0.000954074,0.000169632,0.00144601,0.000153955,0.866025404,-0.5,4.409925165,4.271462486
2012-05-01,0.262328739,66.8,72.9,0.249018934,0.26810008,1.006,1.11,1.31,2.2,0.68,2.822,3.55,3.55,13.15104024,0.021515897,0.01067553,0.009720617,0.011990977,0.012437811,0.011269799,0.014782609,0.004465615,-0.000618792,0.001011259,0.000154681,0.00140691,0.000191283,0.5,-0.866025404,4.56420261,4.334879428
2012-06-01,0.199586443,66.6,73.5,0.249928978,0.270166491,0.902,0.99,1.21,2.24,0.73,2.822,3.45,3.45,13.13698792,0.017362729,0.010786083,0.009762161,0.011993892,0.015025042,0.007729914,0.016622922,-0.003561624,-0.000710405,0.001068323,0.000168766,0.001392675,0.000180369,1.22E-16,-1,4.575097807,4.222509461
2012-07-01,0.136844148,66.6,73.4,0.250839021,0.272232902,0.972,0.96,1.16,2.14,0.64,2.822,3.43,3.43,13.07213688,0.013246933,0.010896403,0.009803621,0.011996801,0.0125,0.009440591,0.01312336,-0.011540169,-0.000801825,0.001125268,0.000181419,0.001383737,0.00018862,-0.5,-0.866025404,4.533764242,4.071424767
2012-08-01,0.159829106,66.8,73.4,0.250732306,0.273180261,1.034,1.15,1.38,2.28,0.65,2.822,3.43,3.43,13.07638855,0.011263071,0.010913806,0.009691381,0.011999704,0.012468828,0.012324302,0.011333915,-0.019470462,-2.79E-05,0.000384671,0.000176852,0.001404468,0.000154395,-0.866025404,-0.5,4.270381679,3.985453205
2012-09-01,0.182814065,66.9,72.6,0.25062559,0.274127621,1,1.09,1.31,2.24,0.66,2.822,3.4,3.4,13.12576558,0.009289666,0.010931169,0.009579412,0.012002602,0.011608624,0.014116954,0.007792208,-0.027352941,0.000744382,-0.000354297,0.000171944,0.001444964,0.000129528,-1,-1.84E-16,4.310188793,4.093905882
2012-10-01,0.205799023,66.9,72.6,0.250518875,0.27507498,1,1.07,1.34,2.27,0.71,2.822,3.37,3.37,13.12690107,0.007326633,0.010948492,0.009467715,0.012005493,0.011589404,0.014883472,0.009515571,-0.035188036,0.001514939,-0.001091643,0.000185257,0.001441254,0.000187358,-0.866025404,0.5,4.5512912,4.171902353
2012-11-01,0.43557555,66.9,72.4,0.250934266,0.276626335,0.988,1.09,1.31,2.2,0.63,2.822,3.35,3.35,13.09302519,0.010119692,0.010831154,0.009337003,0.012008379,0.008271299,0.015956848,0.008643042,-0.042976173,0.001011892,-0.000616649,0.000167405,0.001463965,0.00014309,-0.5,0.866025404,4.579658081,4.188703406
2012-12-01,0.665352077,66.9,72.4,0.251349656,0.278177689,0.98,1.12,1.37,2.27,0.7,2.822,3.35,3.35,13.07891084,0.012911576,0.010713947,0.009206387,0.01201126,0.008319468,0.017641637,0.008695652,-0.050717773,0.000509086,-0.000141882,0.00017056,0.001483835,0.00014889,-2.45E-16,1,4.44976936,3.931204547
2013-01-01,0.895128604,66.7,71.2,0.251765047,0.279729044,0.934,1.16,1.5,2.47,0.83,3.57,3.34,3.34,13.08575748,0.015702286,0.010596873,0.009075868,0.012014134,0.004971002,0.013196998,0.006076389,-0.058413252,6.52E-06,0.000332657,8.90E-05,0.001436627,0.000134253,0.5,0.866025404,4.409970062,4.033609416
2013-02-01,0.665160492,66.9,71.6,0.251052793,0.280078182,0.96,1,1.32,2.39,0.86,3.52,3.31,3.31,13.1410811,0.015296963,0.0105757,0.00902247,0.012016826,0.012376238,0.018976186,0.011245675,-0.049426882,-0.00011743,0.000508403,0.000104992,0.001420885,0.000118945,0.866025404,0.5,4.463222222,4.382702782
2013-03-01,0.43519238,66.8,71.3,0.250340539,0.280427319,0.978,1,1.29,2.34,0.76,3.51,3.22,3.22,13.1562758,0.014892516,0.010554557,0.008969139,0.012019513,0.009860312,0.014752478,0.009474591,-0.040352164,-0.000241239,0.000683949,0.00010088,0.00136214,0.000157853,1,6.12E-17,4.695364055,4.409925165
2013-04-01,0.205224268,66.8,71.9,0.249628285,0.280776457,0.993,0.94,1.19,2.19,0.78,3.52,3.22,3.22,13.17081634,0.014488944,0.010533446,0.008915873,0.012022195,0.004091653,0.010449332,0.005145798,-0.03118779,-0.000364908,0.000859297,0.000173361,0.001390018,0.000143597,0.866025404,-0.5,4.745385321,4.56420261
2013-05-01,0.260114518,66.8,73.5,0.249227021,0.281614518,0.999,1.07,1.47,2.48,1,3.5,3.22,3.22,13.20039977,0.015276676,0.01055217,0.0089192,0.012024871,0.007371007,0.010676988,0.005141388,-0.021932424,-0.000556478,0.001003728,0.000159798,0.001418884,0.000129717,0.5,-0.866025404,4.79290411,4.575097807
2013-06-01,0.315004767,66.8,74.1,0.248825758,0.282452579,1.024,1.23,1.84,2.9,1.27,3.49,3.2,3.2,13.17990372,0.016063691,0.010570849,0.00892252,0.012027542,0.011513158,0.013080483,0.008605852,-0.012584705,-0.000747644,0.001147854,0.000165892,0.001439701,0.00014331,1.22E-16,-1,4.914372727,4.533764242
2013-07-01,0.369895017,66.7,73.7,0.248424494,0.28329064,1.013,1.15,1.74,2.88,1.3,3.31,3.28,3.28,13.14663834,0.016849988,0.010589486,0.008925833,0.012030207,0.013168724,0.011982634,0.011226252,-0.003143242,-0.000938407,0.001291676,0.000146117,0.001446594,0.000136573,-0.5,-0.866025404,4.792886878,4.270381679
2013-08-01,0.520700668,66.7,73.7,0.24798937,0.28404981,0.995,1.2,1.9,3,1.43,3.13,3.34,3.34,13.12584132,0.018938226,0.010644535,0.008998951,0.012032867,0.010673235,0.009325305,0.009482759,0.006393381,-6.57E-05,0.000424017,0.000131409,0.001395917,0.000180124,-0.866025404,-0.5,4.615189189,4.310188793
2013-09-01,0.671506319,66.5,72.8,0.247554245,0.284808979,0.986,1.21,1.89,3,1.36,3.03,3.53,3.53,13.18544334,0.021023603,0.010699456,0.009071909,0.012035522,0.010655738,0.004712346,0.009450172,0.01602661,0.000805028,-0.00044161,0.00013682,0.001396086,0.000135088,-1,-1.84E-16,4.499928251,4.5512912
2013-10-01,0.82231197,66.5,72.7,0.247119121,0.285568149,0.915,1.1,1.71,2.87,1.32,2.95,3.6,3.6,13.19812741,0.023106125,0.01075425,0.009144707,0.012038172,0.006546645,0.005553561,0.009425878,0.025757921,0.001673685,-0.00130521,0.000143951,0.001395389,0.000143086,-0.866025404,0.5,4.754964286,4.579658081
2013-11-01,0.897064456,66.5,72.5,0.246371288,0.286004142,0.939,1.1,1.73,3.01,1.44,2.88,3.59,3.59,13.19625861,0.023621055,0.010659574,0.0089977,0.012040816,0.00902379,0.004365477,0.006855184,0.035588819,0.001207478,-0.000845159,0.000144499,0.001366174,0.000172155,-0.5,0.866025404,4.794257778,4.44976936
2013-12-01,0.971816941,66.5,71.9,0.245623456,0.286440135,0.888,1.13,1.9,3.09,1.59,2.86,3.59,3.59,13.16194749,0.024132931,0.010564983,0.008850763,0.012043455,0.012376238,0.004586721,0.009482759,0.045520841,0.000741358,-0.000385193,0.000138485,0.001369134,0.000133995,-2.45E-16,1,4.764132743,4.409970062
2014-01-01,1.046569427,66.4,70.8,0.244875623,0.286876128,0.891,0.96,1.57,2.8,1.4,2.83,3.58,3.58,13.17488941,0.024641779,0.010470476,0.008703897,0.012046089,0.014839242,0.005027512,0.012079379,0.055555556,0.000275326,7.47E-05,0.000107469,0.001365879,0.000109194,0.5,0.866025404,4.583162996,4.463222222
2014-02-01,0.754047695,66.3,71,0.243536191,0.286631023,0.866,1,1.63,2.8,1.44,2.83,3.52,3.52,13.22285466,0.024518155,0.010451006,0.008625478,0.012048543,0.011409943,0.001461642,0.011120616,0.051843318,5.93E-05,0.000293541,5.91E-05,0.001294885,0.000128213,0.866025404,0.5,4.6225,4.695364055
2014-03-01,0.461525963,66.3,71.1,0.24219676,0.286385917,0.88,1.06,1.69,2.82,1.39,2.84,3.36,3.36,13.23208198,0.0243947,0.010431564,0.008547149,0.012050992,0.015459723,0.00313823,0.011945392,0.048165138,-0.00015647,0.000512181,6.37E-05,0.001226615,0.000130839,1,6.12E-17,4.844311062,4.745385321
2014-04-01,0.169004231,66.2,71.4,0.240857328,0.286140812,0.939,1.06,1.67,2.76,1.34,2.88,3.22,3.22,13.26795871,0.024271414,0.010412149,0.008468908,0.012053435,0.020374898,0.002056682,0.013651877,0.044520548,-0.000372052,0.000730607,0.00010577,0.001209906,0.000120389,0.866025404,-0.5,4.883868709,4.79290411
2014-05-01,0.416521262,66.3,72.9,0.239972048,0.28652657,0.915,1.04,1.5,2.6,1.18,2.87,3.22,3.22,13.27919959,0.026118493,0.010296005,0.008257041,0.012055874,0.022764228,0.002300904,0.015345269,0.040909091,-0.000558836,0.000893115,0.000170609,0.001233606,0.000145524,0.5,-0.866025404,5.056734426,4.914372727
2014-06-01,0.664038292,66.2,73.8,0.239086769,0.286912328,0.928,1.11,1.57,2.72,1.15,2.88,3.2,3.2,13.25196431,0.027961029,0.010180135,0.008045622,0.012058308,0.023577236,0.002819653,0.016211604,0.037330317,-0.000745303,0.001055348,0.000161856,0.001232886,0.000161341,1.22E-16,-1,5.10831441,4.792886878
2014-07-01,0.911555323,66.3,73.6,0.238201489,0.287298086,0.946,1.1,1.52,2.59,1.06,2.87,3.21,3.21,13.21890371,0.029799039,0.010064539,0.007834648,0.012060738,0.02112104,0.004526265,0.015371477,0.033783784,-0.000931455,0.001217307,0.000164609,0.001261831,0.000134602,-0.5,-0.866025404,4.965644493,4.615189189
2014-08-01,0.879165223,66,73.3,0.237589891,0.28794051,0.936,1.1,1.52,2.44,0.9,2.85,3.21,3.21,13.21162439,0.029771903,0.00998235,0.007724975,0.012063162,0.02112104,-2.10E-05,0.019641332,0.030269058,-2.34E-05,0.000304596,0.000142861,0.0012777,0.000125218,-0.866025404,-0.5,4.798928105,4.499928251
2014-09-01,0.846775124,66.1,72.8,0.236978294,0.288582933,0.918,1.14,1.66,2.61,1.06,2.88,3.22,3.22,13.26111786,0.029744914,0.009900362,0.007615559,0.012065581,0.02027575,0.004159174,0.018723404,0.026785714,0.000882707,-0.000606175,0.000119274,0.001232445,0.000162911,-1,-1.84E-16,4.758937976,4.754964286
2014-10-01,0.814385024,66,72.8,0.236366696,0.289225357,0.878,1.04,1.56,2.46,1.01,2.84,3.2,3.2,13.28451284,0.029718073,0.009818573,0.007506398,0.012067996,0.023577236,0.001863713,0.020373514,0.023333333,0.001786899,-0.001515012,0.000154885,0.001242328,0.000143773,-0.866025404,0.5,4.994965217,4.794257778
2014-11-01,0.59059817,66,72.6,0.237423587,0.291961973,0.895,1,1.46,2.36,0.93,2.8,3.2,3.2,13.26793969,0.026627533,0.009609845,0.007317136,0.012070406,0.019512195,0.00183204,0.019574468,0.019911504,0.001283919,-0.001023988,0.000146192,0.00123443,0.00015234,-0.5,0.866025404,5.107648208,4.764132743
2014-12-01,0.366811315,66,72.3,0.238480477,0.29469859,0.912,1.01,1.34,2.22,0.78,2.76,3.18,3.18,13.22960572,0.023558406,0.009401265,0.00712791,0.012072811,0.014669927,0.000917349,0.018787361,0.016519824,0.000780845,-0.000532871,0.000117724,0.001225865,0.00012489,-2.45E-16,1,5.018247289,4.583162996
2015-01-01,0.143024461,66,71.1,0.239537368,0.297435206,0.592,0.44,0.69,1.75,0.91,2.66,3.16,3.16,13.22297765,0.020510471,0.009192833,0.006938719,0.012075211,0.009748172,0.002902735,0.018755328,0.013157895,0.000277676,-4.17E-05,7.50E-05,0.001143174,0.000156639,0.5,0.866025404,4.824286024,4.6225
2015-02-01,0.138859843,66.1,71.4,0.238380438,0.297183342,0.467,0.47,0.74,1.76,0.85,2.55,3.11,3.11,13.29853271,0.020379669,0.008828972,0.006737781,0.012077433,0.010475423,0.005281533,0.017766497,0.012121212,9.98E-05,0.000213351,6.10E-05,0.001071359,0.000131451,0.866025404,0.5,4.787229437,4.844311062
2015-03-01,0.134695224,66.2,71.5,0.237223509,0.296931477,0.528,0.49,0.75,1.79,0.84,2.53,3.04,3.04,13.32745375,0.020249014,0.008465616,0.00653704,0.012079651,0.012019231,0.00696544,0.020236088,0.011086798,-7.79E-05,0.000468216,6.29E-05,0.001025714,0.000107504,1,6.12E-17,5.162571243,4.883868709
2015-04-01,0.130530606,66.1,71.7,0.236066579,0.296679613,0.647,0.68,0.98,2.01,0.91,2.56,2.96,2.96,13.36310163,0.020118506,0.008102764,0.006336495,0.012081864,0.00798722,0.005579965,0.018518519,0.010054645,-0.000255536,0.000722934,0.000151748,0.001065806,0.000110795,0.866025404,-0.5,5.313674794,5.056734426
2015-05-01,0.115062229,66.1,73.3,0.235454642,0.296702463,0.665,0.63,0.96,2.08,1.04,2.57,2.94,2.94,13.38418596,0.017313441,0.007945499,0.006465003,0.012084073,0.008744038,0.004643655,0.018471872,0.009024745,-0.000355292,0.00083483,0.000179946,0.001146729,9.78E-05,0.5,-0.866025404,5.506115559,5.10831441
2015-06-01,0.099593851,66,74.1,0.234842706,0.296725313,0.576,0.6,0.95,2.29,1.17,2.56,2.92,2.92,13.36814318,0.014525319,0.007788571,0.006593294,0.012086277,0.010325655,0.003387683,0.018471872,0.007997092,-0.000454854,0.000946508,0.000172982,0.001244449,7.33E-05,1.22E-16,-1,5.623035199,4.965644493
2015-07-01,0.084125474,66,73.9,0.234230769,0.296748163,0.427,0.46,0.83,2.09,1.06,2.38,2.91,2.91,13.31936827,0.011753988,0.007631978,0.006721368,0.012088477,0.012728719,0.003585878,0.020185029,0.006971678,-0.000554223,0.001057968,0.000155019,0.001286743,0.000111139,-0.5,-0.866025404,5.533146772,4.798928105
2015-08-01,0.078174342,66.1,73.8,0.234374002,0.297703514,0.376,0.39,0.72,2.08,1.06,2.28,2.91,2.91,13.31055766,0.009237798,0.007603118,0.006884156,0.012090673,0.012728719,0.009837459,0.01758794,0.005948495,9.56E-05,0.000409536,0.000183467,0.001368725,0.000100535,-0.866025404,-0.5,5.269363912,4.758937976
2015-09-01,0.072223211,66.1,72.9,0.234517234,0.298658865,0.413,0.53,0.81,2.09,0.92,2.26,2.91,2.91,13.35008364,0.006735195,0.007574325,0.007046597,0.012092864,0.010333863,0.00844622,0.018379282,0.004927536,0.000743849,-0.00023731,0.000172801,0.001447839,9.21E-05,-1,-1.84E-16,5.222764837,4.994965217
2015-10-01,0.066272079,66,72.9,0.234660467,0.299614216,0.393,0.54,0.82,2.13,0.93,2.28,2.92,2.92,13.35387819,0.004246069,0.007545597,0.007208694,0.012095051,0.010325655,0.008756255,0.016638935,0.003908795,0.001390504,-0.000882573,0.000176175,0.001507707,0.000114691,-0.866025404,0.5,5.432942025,5.107648208
2015-11-01,0.074382217,66,72.4,0.234970091,0.300845849,0.442,0.63,0.92,2.17,0.96,2.37,2.92,2.92,13.35786861,0.004070671,0.007845895,0.007659861,0.012097233,0.013556619,0.008493715,0.017529215,0.002892263,0.000858682,-0.000307697,0.000170599,0.001553112,0.000123351,-0.5,0.866025404,5.453203547,5.018247289
2015-12-01,0.082492354,66,72.1,0.235279714,0.302077482,0.497,0.48,0.74,2.04,0.92,2.46,2.95,2.95,13.31910381,0.00389544,0.008146104,0.008111113,0.012099411,0.016064257,0.00893465,0.016764459,0.001877934,0.000327237,0.000266773,0.000169755,0.001606013,0.000115137,-2.45E-16,1,5.474612833,4.824286024
2016-01-01,0.090602492,65.9,71,0.235589338,0.303309115,0.481,0.42,0.68,1.9,0.82,2.69,2.96,2.96,13.3537814,0.003720375,0.008446224,0.00856245,0.012101585,0.020112631,0.008447475,0.017573222,0.000865801,-0.000203833,0.000840837,0.000108286,0.001548838,0.00016386,0.5,0.866025404,5.26607166,4.787229437
2016-02-01,0.166380799,66,71.1,0.234674377,0.302632081,0.462,0.49,0.64,1.78,0.66,2.8,2.95,2.95,13.43825091,0.004347116,0.009035744,0.009302233,0.012103583,0.013556619,0.007781451,0.016625104,0.003462954,-0.000276012,0.000946008,0.000122981,0.001556191,0.000114065,0.866025404,0.5,5.45149654,5.162571243
2016-03-01,0.242159107,65.9,71.2,0.233759417,0.301955048,0.462,0.53,0.66,1.86,0.69,2.98,2.93,2.93,13.44156011,0.004973312,0.00962487,0.010041589,0.012105577,0.01266825,0.005530679,0.017355372,0.006059732,-0.000348043,0.001050965,9.26E-05,0.001508235,0.000138655,1,6.12E-17,5.916209648,5.313674794
2016-04-01,0.317937414,66,71.6,0.232844456,0.301278014,0.541,0.68,0.89,1.94,0.82,3.01,2.9,2.9,13.51409055,0.005598964,0.010213602,0.010780516,0.012107566,0.016640254,0.009234415,0.019008264,0.008656135,-0.000419928,0.001155707,0.00012458,0.001486736,0.000144392,0.866025404,-0.5,5.920071705,5.506115559
2016-05-01,0.272662046,65.8,73.4,0.232823311,0.301209619,0.551,0.63,0.79,1.87,0.75,3.01,2.87,2.87,13.53092236,0.00592732,0.010602998,0.01125347,0.012109552,0.014972419,0.007361073,0.020610058,0.011252164,-0.000875054,0.001472712,0.000156659,0.0015052,0.000136531,0.5,-0.866025404,6.348568977,5.623035199
2016-06-01,0.227386679,65.7,73.9,0.232802167,0.301141225,0.494,0.54,0.62,1.67,0.58,2.92,2.86,2.86,13.52376825,0.006255492,0.010991683,0.011725503,0.012111534,0.014937107,0.007112554,0.02143446,0.013847818,-0.00132887,0.001788805,0.000181971,0.001547922,0.000137567,1.22E-16,-1,6.439292439,5.533146772
2016-07-01,0.182111311,65.6,73.5,0.232781022,0.30107283,0.504,0.58,0.65,1.6,0.49,2.8,2.87,2.87,13.47377771,0.00658348,0.011379659,0.012196617,0.012113511,0.012568735,0.004729364,0.020610058,0.016443098,-0.001781381,0.002103989,0.000190827,0.001622531,0.000114664,-0.5,-0.866025404,6.376561144,5.269363912
2016-08-01,0.299570868,65.7,73.5,0.232726199,0.300893416,0.512,0.58,0.66,1.53,0.44,2.75,2.88,2.88,13.47439255,0.008154134,0.011623705,0.01269677,0.012115485,0.010997643,0.004249947,0.018930041,0.019038004,-0.001088938,0.001399361,0.000197826,0.001707692,0.000110535,-0.866025404,-0.5,6.049706258,5.222764837
2016-09-01,0.417030425,65.8,72.8,0.232671375,0.300714001,0.533,0.51,0.59,1.52,0.47,2.71,2.87,2.87,13.53601885,0.009724095,0.011867211,0.013195698,0.012117455,0.013375295,0.006578879,0.019688269,0.021632535,-0.000398871,0.000697151,0.000167224,0.001760775,0.000112429,-1,-1.84E-16,6.037576958,5.432942025
2016-10-01,0.534489982,65.8,73,0.232616552,0.300534587,0.504,0.56,0.68,1.68,0.59,2.67,2.88,2.88,13.54468167,0.011293363,0.012110176,0.013693405,0.012119421,0.014937107,0.007355615,0.018821604,0.024226693,0.000288831,-2.65E-06,0.00020277,0.001826769,0.00013468,-0.866025404,0.5,6.40458498,5.453203547
2016-11-01,0.543330861,65.7,72.8,0.232418952,0.30023897,0.509,0.7,1,2.06,0.88,2.68,2.9,2.9,13.56342855,0.012878626,0.0121769,0.013996938,0.012121383,0.011801731,0.008089656,0.017227235,0.026820476,6.07E-05,0.000236006,0.000218073,0.001913304,0.000129543,-0.5,0.866025404,6.443480465,5.474612833
2016-12-01,0.55217174,65.8,72.5,0.232221352,0.299943352,0.473,0.78,1.16,2.24,0.95,2.73,2.94,2.94,13.50144618,0.014462932,0.012243564,0.014300256,0.012123341,0.015019763,0.009774303,0.018136851,0.029413885,-0.000167163,0.000474353,0.00022485,0.001973018,0.000162725,-2.45E-16,1,6.548358377,5.26607166
2017-01-01,0.561012619,66,71.9,0.232023752,0.299647735,0.456,0.82,1.17,2.34,1,2.71,2.93,2.93,13.55210085,0.016046283,0.012310168,0.01460336,0.012125295,0.021293375,0.012653301,0.022203947,0.03200692,-0.000394714,0.000712389,0.000144925,0.001938436,0.000177371,0.5,0.866025404,6.13885006,5.45149654
2017-02-01,0.793413614,65.9,72,0.231241741,0.298330411,0.48,0.78,1.16,2.29,0.93,2.67,2.95,2.95,13.68353567,0.019227465,0.012160997,0.014453173,0.012113055,0.020456334,0.011157117,0.020441537,0.033000216,-0.000685679,0.001060666,0.000131316,0.001899934,0.000168218,0.866025404,0.5,6.441131601,5.916209648
2017-03-01,1.025814609,66,72.1,0.23045973,0.297013088,0.513,0.72,1.07,2.14,0.87,2.66,2.86,2.86,13.72677661,0.022401919,0.012012099,0.014303293,0.01210084,0.015637217,0.01343183,0.017059301,0.03398824,-0.000976136,0.001408336,0.000108602,0.001831617,0.000169711,1,6.12E-17,7.319290089,5.920071705
2017-04-01,1.258215604,65.9,72.4,0.229677719,0.295695764,0.548,0.74,1.03,2.01,0.74,2.6,2.82,2.82,13.73009427,0.025569666,0.011863474,0.014153718,0.01208865,0.016367888,0.010924044,0.01540957,0.034971036,-0.001266086,0.001755398,0.000151792,0.001818182,0.000163238,0.866025404,-0.5,7.615165049,6.348568977
2017-05-01,1.189658279,66,74.2,0.230058123,0.295300439,0.529,0.69,0.94,1.87,0.72,2.55,2.79,2.79,13.66718339,0.028543491,0.011917823,0.014288504,0.012076484,0.013198758,0.015857479,0.013731826,0.035948645,-0.001565925,0.002044656,0.000107889,0.001782565,0.000141366,0.5,-0.866025404,7.613018242,6.439292439
2017-06-01,1.121100955,66.1,74.9,0.230438526,0.294905113,0.683,1.04,1.28,1.99,0.57,2.49,2.8,2.8,13.58222702,0.031513709,0.01197203,0.014422902,0.012064343,0.010069713,0.018015917,0.013720743,0.036921107,-0.00186482,0.002333006,0.000175331,0.001756788,0.000198841,1.22E-16,-1,7.123236023,6.376561144
2017-07-01,1.05254363,66,74.7,0.23081893,0.294509788,0.74,1.28,1.58,2.29,0.68,2.75,2.92,2.92,13.5222342,0.034480329,0.012026096,0.014556913,0.012052226,0.011636928,0.018854329,0.01453958,0.037888463,-0.002162778,0.00262045,0.00015349,0.001731227,0.000176646,-0.5,-0.866025404,6.519722832,6.049706258
2017-08-01,0.712166244,65.9,74.5,0.231673937,0.294697124,0.742,1.24,1.51,2.19,0.6,2.67,3.02,3.02,13.50212633,0.032748664,0.012289915,0.014793394,0.012040134,0.013986014,0.017207216,0.01453958,0.038850754,-0.001211058,0.001714893,0.000146563,0.001715466,0.000160608,-0.866025404,-0.5,6.11826087,6.037576958
2017-09-01,0.371788859,65.9,73.6,0.232528944,0.29488446,1.009,1.58,1.8,2.42,0.55,2.99,3.09,3.09,13.55995615,0.031023149,0.012553021,0.015029064,0.012028065,0.01552795,0.014583215,0.012067578,0.039808018,-0.000263046,0.000812865,0.000178277,0.001692803,0.000198085,-1,-1.84E-16,5.975223433,6.40458498
2017-10-01,0.031411473,66,73.8,0.233383951,0.295071796,0.895,1.46,1.7,2.32,0.58,3.05,3.18,3.18,13.56756189,0.029303749,0.012815418,0.015263927,0.012016021,0.01394268,0.017001681,0.013654618,0.040760296,0.00068128,-8.57E-05,0.000112797,0.001644459,0.000159466,-0.866025404,0.5,6.308609829,6.443480465
2017-11-01,0.068550274,66.1,73.9,0.233965289,0.294966288,0.872,1.43,1.62,2.16,0.45,2.97,3.24,3.24,13.54292726,0.02787163,0.013028083,0.015526006,0.012004001,0.020995334,0.018745007,0.017741935,0.041707625,0.000326733,0.000272165,0.000145964,0.00162883,0.000159802,-0.5,0.866025404,6.334415584,6.548358377
2017-12-01,0.105689075,66.2,73.8,0.234546626,0.294860779,1.05,1.66,1.82,2.15,0.32,2.93,3.24,3.24,13.50741759,0.026444847,0.01324053,0.015787743,0.011992005,0.018691589,0.018757936,0.017004049,0.042650046,-2.72E-05,0.000629336,0.000126234,0.001591837,0.000160961,-2.45E-16,1,6.158614182,6.13885006
2018-01-01,0.142827876,65.8,72.4,0.235127964,0.294755271,1.196,1.84,2.08,2.35,0.45,3.13,3.29,5.29,13.50881419,0.025023371,0.01345276,0.016049139,0.011980033,0.016988417,0.012003178,0.015285599,0.043587594,-0.000380428,0.000985858,8.93E-05,0.001561986,0.000117396,0.5,0.866025404,5.923001075,6.441131601
2018-02-01,0.216553154,65.8,72.5,0.234835729,0.293957621,1.171,1.78,2.04,2.35,0.45,3.23,3.35,5.35,13.55128326,0.021980838,0.013607663,0.016383792,0.011760306,0.021588281,0.012612493,0.018429487,0.038905902,-0.00065694,0.001286495,6.47E-05,0.001502608,0.000122233,0.866025404,0.5,5.910634538,7.319290089
2018-03-01,0.290278431,65.8,72.8,0.234543494,0.293159972,1.086,1.8,2,2.22,0.31,3.28,3.37,5.37,13.5728197,0.018963613,0.013762327,0.01671786,0.011541016,0.023094688,0.012072167,0.019169329,0.034257975,-0.000932788,0.00158641,8.22E-05,0.001454157,0.000128868,1,6.12E-17,6.172431165,7.615165049
2018-04-01,0.364003709,65.6,73,0.234251259,0.292362322,1.2,1.93,2.18,2.45,0.44,3.21,3.395,5.395,13.59850563,0.015971383,0.013916752,0.017051344,0.011322163,0.022239264,0.010867396,0.018370607,0.029643449,-0.001207974,0.001885604,8.53E-05,0.001386098,0.000152061,0.866025404,-0.5,6.312302535,7.613018242
2018-05-01,0.630178831,65.6,74.5,0.233265989,0.291528128,1.3,1.92,2.11,2.28,0.33,2.97,3.42,5.42,13.59682207,0.016342555,0.014090123,0.01724586,0.011103745,0.022222222,0.008472805,0.016733068,0.025061966,-0.001439102,0.002082793,0.000136535,0.001375184,0.000145058,0.5,-0.866025404,6.482190457,7.123236023
2018-06-01,0.896353954,65.8,75.3,0.232280718,0.290693933,1.247,1.77,1.93,2.15,0.29,2.7,3.455,5.455,13.60245099,0.01671114,0.014263025,0.017439764,0.010885762,0.024539877,0.010886992,0.017515924,0.020513172,-0.001669416,0.002279288,9.83E-05,0.001340867,0.000131352,1.22E-16,-1,6.476937131,6.519722832
2018-07-01,1.162529076,65.9,75.3,0.231295448,0.289859739,1.442,2.05,2.19,2.31,0.23,2.99,3.47,5.47,13.56953201,0.017077165,0.014435461,0.017633059,0.01066821,0.029907975,0.01438406,0.023089172,0.015996719,-0.001898919,0.002475091,8.04E-05,0.001314131,0.000106047,-0.5,-0.866025404,6.519190588,6.11826087
2018-08-01,0.889141767,65.7,75,0.231632822,0.290648185,1.509,2.14,2.25,2.33,0.18,3.04,3.52,5.52,13.54804933,0.018131275,0.014502028,0.017686648,0.010451091,0.02835249,0.012165784,0.023089172,0.011512262,-0.001041056,0.001610902,8.55E-05,0.001263072,0.000135563,-0.866025404,-0.5,6.313597093,5.975223433
2018-09-01,0.615754459,65.8,74.3,0.231970195,0.29143663,1.546,2.19,2.32,2.43,0.23,3.12,3.56,5.56,13.5882749,0.019185163,0.014568382,0.017740028,0.010234401,0.022171254,0.014241407,0.018282989,0.007059462,-0.000186623,0.000750171,8.32E-05,0.00124085,0.000104412,-1,-1.84E-16,6.184820527,6.308609829
2018-10-01,0.34236715,65.7,74.5,0.232307569,0.292225076,1.734,2.33,2.42,2.52,0.16,3.24,3.575,5.575,13.6023557,0.020238831,0.014634522,0.0177932,0.01001814,0.024446142,0.010724119,0.020602219,0.002637987,0.000664398,-0.000107125,6.58E-05,0.001200212,0.00010531,-0.866025404,0.5,6.44432192,6.334415584
2018-11-01,0.373634273,65.9,74.5,0.23274537,0.293186044,1.713,2.21,2.27,2.39,0.12,3.31,3.67,5.67,13.57800309,0.021235948,0.014605527,0.017734758,0.009802306,0.016755522,0.012131821,0.017432647,-0.001752494,0.000367678,0.000167344,8.94E-05,0.001171711,0.000116975,-0.5,0.866025404,6.541436956,6.158614182
2018-12-01,0.404901397,65.9,74.2,0.233183172,0.294147012,1.665,1.91,1.93,2.12,0.07,3.4,3.705,5.705,13.52806846,0.022232117,0.014576575,0.017676422,0.009586899,0.019877676,0.010323948,0.023089172,-0.006112305,7.15E-05,0.000441345,8.80E-05,0.001128581,0.000130252,-2.45E-16,1,6.389663741,5.923001075
2019-01-01,0.43616852,66,73,0.233620973,0.29510798,1.627,1.82,1.83,1.92,0.1,3.52,3.725,5.725,13.52405471,0.023227338,0.014547664,0.017618192,0.009371917,0.014426727,0.016337734,0.019017433,-0.010441767,-0.000224245,0.00071488,3.96E-05,0.001040723,0.000126405,0.5,0.866025404,6.083773738,5.910634538
2019-02-01,0.458923002,66.1,73.3,0.232483561,0.29390346,1.682,1.77,1.8,1.91,0.14,3.66,3.68,5.68,13.56678121,0.023705724,0.01451789,0.017416478,0.009378294,0.01509434,0.018837462,0.019669552,-0.004823474,-0.000508908,0.001098549,2.98E-05,0.000955592,0.000113773,0.866025404,0.5,6.064732143,6.172431165
2019-03-01,0.481677484,66,73.2,0.231346149,0.292698941,1.652,1.46,1.43,1.54,0.08,3.74,3.59,5.59,13.57742214,0.024182953,0.014488171,0.017215249,0.009384662,0.018811136,0.01637596,0.018808777,0.000804613,-0.000792999,0.001481449,1.59E-05,0.000906375,6.44E-05,1,6.12E-17,6.299220464,6.312302535
2019-04-01,0.504431966,66.2,74,0.230208737,0.291494421,1.666,1.51,1.49,1.67,0.16,3.81,3.38,5.38,13.61751439,0.024659027,0.014458507,0.017014503,0.009391019,0.020255064,0.022832298,0.020392157,0.006442521,-0.00107652,0.00186358,3.80E-05,0.000869911,7.36E-05,0.866025404,-0.5,6.336323194,6.482190457
2019-05-01,0.389534368,66,75.5,0.230432094,0.291614707,1.687,1.53,1.46,1.57,0.04,3.9,3.235,5.235,13.63906928,0.021247189,0.014547435,0.017085869,0.009397367,0.023988006,0.019639165,0.024294671,0.012090274,-0.001177443,0.0019785,6.02E-05,0.000771637,0.000157185,0.5,-0.866025404,6.564296859,6.476937131
2019-06-01,0.274636769,66,76.1,0.230655451,0.291734993,1.661,1.46,1.4,1.5,0.04,3.99,3.1,5.1,13.63144588,0.01786159,0.014636091,0.017156984,0.009403704,0.020209581,0.01705335,0.023474178,0.017747899,-0.001277995,0.002092998,9.01E-05,0.000774926,8.58E-05,1.22E-16,-1,6.675720733,6.519190588
2019-07-01,0.159739171,66,75.7,0.230878808,0.291855279,1.645,1.55,1.46,1.49,-0.06,4.08,2.95,4.95,13.60104301,0.014501929,0.014724479,0.017227848,0.009410032,0.020104244,0.014952549,0.021789883,0.023415422,-0.00137818,0.002207078,7.39E-05,0.000781615,6.57E-05,-0.5,-0.866025404,6.593952044,6.313597093
2019-08-01,0.131725939,66.1,75.6,0.231952709,0.293036132,1.638,1.33,1.17,1.13,-0.2,4.15,2.88,4.88,13.58248711,0.013601174,0.014904458,0.017352448,0.00941635,0.019374069,0.020064419,0.021789883,0.029092868,-0.001032132,0.001774964,9.02E-05,0.000802225,6.85E-05,-0.866025404,-0.5,6.366635108,6.184820527
2019-09-01,0.103712706,66,75,0.233026609,0.294216984,1.624,1.58,1.42,1.39,-0.19,4.16,2.825,4.825,13.64410045,0.01270247,0.015083834,0.017476549,0.009422658,0.018698579,0.016748462,0.021077283,0.034780264,-0.000687551,0.001344682,5.34E-05,0.000781201,7.37E-05,-1,-1.84E-16,6.220548393,6.44432192
2019-10-01,0.075699474,65.8,74.9,0.23410051,0.295397837,1.662,1.56,1.46,1.45,-0.11,4.17,2.825,4.825,13.65503894,0.011805811,0.01526261,0.017600155,0.009428956,0.018642804,0.017111983,0.020186335,0.040477636,-0.00034443,0.000916224,6.53E-05,0.000793045,5.26E-05,-0.866025404,0.5,6.58527358,6.541436956
2019-11-01,0.130687429,65.8,74.5,0.234702781,0.295978062,1.652,1.6,1.51,1.47,-0.13,4,2.855,4.855,13.64508635,0.011147391,0.015453862,0.017920124,0.009435245,0.021722846,0.014380686,0.020249221,0.04618501,-0.000108327,0.0006469,6.00E-05,0.000790324,6.21E-05,-0.5,0.866025404,6.627053103,6.389663741
2019-12-01,0.185675383,65.8,74.3,0.235305051,0.296558287,1.671,1.67,1.64,1.61,-0.06,3.95,2.91,4.91,13.63956304,0.010490879,0.015644848,0.018239547,0.009441524,0.022488756,0.015162866,0.017898833,0.051902413,0.000127225,0.000378205,6.57E-05,0.000799882,5.54E-05,-2.45E-16,1,6.531356654,6.083773738
2020-01-01,0.240663338,65.8,73.2,0.235907322,0.297138512,1.642,1.47,1.34,1.31,-0.16,3.9,2.94,4.94,13.63887719,0.009836269,0.015835571,0.018558426,0.009447793,0.023952096,0.012851113,0.018662519,0.05762987,0.000362228,0.000110136,6.55E-05,0.000813619,5.10E-05,0.5,0.866025404,6.46575265,6.064732143
2020-02-01,0.213123406,65.9,73.4,0.240041221,0.298937383,1.638,1.32,1.21,1.21,-0.11,3.91,2.93,4.93,13.72135591,0.00867224,0.015629149,0.018322985,0.00944036,0.021561338,0.012622512,0.019290123,0.053450017,0.000595733,-0.000191497,3.71E-05,0.000801215,4.47E-05,0.866025404,0.5,6.431980046,6.299220464
2020-03-01,0.185583474,63.7,69,0.244175119,0.300736253,0.233,0.62,0.78,0.88,0.26,2.64,2.745,4.79,13.71324192,0.007512114,0.015423097,0.018088017,0.009432939,0.008862629,-0.019090859,0.016923077,0.049309929,0.000828877,-0.000492663,6.22E-05,0.000812513,4.98E-05,1,6.12E-17,6.979170554,6.336323194
2020-04-01,0.158043542,60.1,61.7,0.248309018,0.302535124,0.272,0.32,0.41,0.56,0.24,2.31,2.68,4.79,13.61733031,0.006355869,0.015217413,0.017853521,0.00942553,-0.002205882,-0.078017834,0.013066872,0.045209042,0.00106166,-0.000793364,2.93E-05,0.000792401,4.88E-05,0.866025404,-0.5,6.917024646,6.564296859
2020-05-01,0.14447635,61.6,64.2,0.256244918,0.302749484,0.255,0.3,0.4,0.54,0.24,2.47,2.655,4.79,13.66877581,0.006213722,0.013763588,0.016104874,0.009418133,-0.003660322,-0.051521041,0.006120888,0.041146801,0.001535173,-0.001284749,8.53E-05,0.000812537,6.43E-05,0.5,-0.866025404,6.279211483,6.675720733
2020-06-01,0.130909157,64.3,69.1,0.264180818,0.302963844,0.209,0.3,0.38,0.54,0.24,2.43,2.55,4.79,13.74410585,0.006071727,0.012314439,0.014362634,0.009410747,0.006603081,-0.011000054,0.009938838,0.037122663,0.002008575,-0.001776019,0.000104803,0.000840196,7.51E-05,1.22E-16,-1,6.605224375,6.593952044
2020-07-01,0.117341965,64.6,70.4,0.272116718,0.303178204,0.165,0.26,0.32,0.48,0.22,2.34,2.41,4.79,13.75753181,0.005929883,0.010869946,0.012626766,0.009403372,0.001459854,-0.006943586,0.004569688,0.033136095,0.002481865,-0.002267174,0.000104722,0.000890138,5.40E-05,-0.5,-0.866025404,7.116119992,6.366635108
2020-08-01,0.350542178,64.8,71.2,0.280030419,0.303515895,0.149,0.29,0.41,0.61,0.32,2.22,2.225,4.79,13.76576028,0.008414718,0.009006294,0.010570126,0.009396009,0.001461988,-0.006704367,0.004569688,0.029186572,0.001814419,-0.001590375,7.88E-05,0.00090646,6.07E-05,-0.866025404,-0.5,7.206338297,6.220548393
2020-09-01,0.583742391,65.5,72.2,0.287944119,0.303853587,0.136,0.25,0.36,0.57,0.32,2.15,2.115,4.79,13.77539665,0.010898299,0.007149541,0.008522214,0.009388658,0.005139501,0.006710317,0.008409786,0.02527358,0.001147101,-0.000913706,0.000104881,0.00094633,6.33E-05,-1,-1.84E-16,7.259874102,6.58527358
2020-10-01,0.816942604,65.6,72.6,0.29585782,0.304191278,0.086,0.24,0.36,0.59,0.35,2.1,2.02,4.79,13.78356674,0.013380629,0.00529965,0.006482973,0.009381318,0.00658858,0.008730178,0.008371385,0.021396615,0.000479909,-0.000237166,0.000114414,0.000989664,7.02E-05,-0.866025404,0.5,7.3241169,6.627053103
2020-11-01,0.63783906,65.4,72.4,0.30386036,0.304790224,0.109,0.27,0.45,0.7,0.43,2.07,1.98,4.79,13.77048286,0.013512157,0.00467524,0.005555734,0.00937399,0.009530792,0.005573158,0.012977099,0.017555183,0.000302305,1.58E-05,8.36E-05,0.000980892,9.01E-05,-0.5,0.866025404,7.378107027,6.531356654
2020-12-01,0.458735517,65.4,71.9,0.311862899,0.305389171,0.115,0.2,0.41,0.7,0.5,1.98,1.955,4.79,13.74532626,0.013643474,0.00405193,0.004630656,0.009366673,0.007331378,0.003847251,0.010703364,0.013748795,0.000124788,0.000268737,6.86E-05,0.000975494,7.31E-05,-2.45E-16,1,7.276196879,6.46575265
2021-01-01,0.279631973,64.9,69.8,0.319865439,0.305988117,0.056,0.16,0.41,0.8,0.64,1.85,1.94,4.79,13.78092015,0.013774581,0.003429716,0.003707734,0.009359367,0.010233918,-0.00347335,0.013740458,0.009976976,-5.26E-05,0.000521502,5.40E-05,0.000935572,9.18E-05,0.5,0.866025404,7.089589961,6.431980046
2021-02-01,0.281589401,65.2,71.2,0.324518242,0.305296789,0.073,0.23,0.73,1.31,1.08,1.77,1.92,4.79,13.85944132,0.014205076,0.003461544,0.003730842,0.009352073,0.010917031,-0.001167537,0.007570023,0.009074062,3.51E-05,0.000419087,7.28E-05,0.000916798,8.87E-05,0.866025404,0.5,7.340433131,6.979170554
2021-03-01,0.283546828,65.5,72.2,0.329171044,0.304605461,0.096,0.22,0.99,1.55,1.33,1.64,1.935,4.79,13.90838049,0.014635117,0.003493327,0.003753915,0.009344791,0.021961933,0.036739805,0.009077156,0.008172647,0.000122636,0.000316836,8.06E-05,0.000927743,6.75E-05,1,6.12E-17,7.940548414,6.917024646
2021-04-01,0.285504256,65.1,71.7,0.333823847,0.303914133,0.101,0.31,0.93,1.53,1.22,1.57,1.99,4.79,13.902068,0.015064706,0.003525067,0.003776951,0.009337519,0.033898305,0.092278709,0.018209408,0.007272727,0.000210065,0.000214747,9.78E-05,0.000943137,8.15E-05,0.866025404,-0.5,8.339346422,6.279211483
2021-05-01,0.357168813,65,72.9,0.334071775,0.302708096,0.109,0.31,0.87,1.45,1.14,1.59,2.07,4.79,13.91819078,0.016360626,0.004212615,0.004435917,0.009330259,0.036002939,0.061344819,0.023574144,0.006374299,-0.000489938,0.001100123,9.55E-05,0.000958827,7.87E-05,0.5,-0.866025404,8.287395022,6.605224375
2021-06-01,0.428833369,65.6,74.7,0.334319704,0.301502059,0.142,0.45,0.97,1.39,0.94,1.57,2.1,5.25,13.90078142,0.017655534,0.004899916,0.005094727,0.00932301,0.030612245,0.026864954,0.021953066,0.005477358,-0.001188859,0.001984129,9.40E-05,0.000982614,6.78E-05,1.22E-16,-1,8.422627312,7.116119992
2021-07-01,0.500497926,65.6,74.7,0.334567632,0.300296022,0.18,0.45,0.78,1.17,0.72,1.53,2.225,5.25,13.87533769,0.018949429,0.005586971,0.005753382,0.009315773,0.037172012,0.022220563,0.028051554,0.004581901,-0.001886701,0.00286677,0.000137015,0.001067314,5.06E-05,-0.5,-0.866025404,8.277788053,7.206338297
2021-08-01,0.930465896,65.5,74.7,0.333678859,0.297983638,0.178,0.45,0.87,1.25,0.8,1.54,2.26,5.25,13.88333368,0.022246802,0.007507969,0.008027152,0.009308546,0.040875912,0.019078461,0.030326005,0.003687925,-0.000610364,0.001656465,0.000123393,0.001108791,8.01E-05,-0.866025404,-0.5,8.070338274,7.259874102
2021-09-01,1.360433867,66,74.8,0.332790086,0.295671254,0.146,0.53,1.11,1.51,0.98,1.48,2.255,5.25,13.942167,0.025526314,0.009428926,0.010300488,0.009301331,0.043827611,0.014070711,0.032600455,0.002795426,0.000659986,0.000451838,7.85E-05,0.001117631,6.88E-05,-1,-1.84E-16,8.135642699,7.3241169
2021-10-01,1.790401837,65.6,75,0.331901313,0.29335887,0.146,1.07,1.42,1.6,0.53,1.45,2.17,5.25,13.96015102,0.02878811,0.011349841,0.01257339,0.009294127,0.046545455,0.008454148,0.03245283,0.001904399,0.00192439,-0.000747153,8.56E-05,0.001118838,8.34E-05,-0.866025404,0.5,8.629196655,7.378107027
2021-11-01,1.588650282,65.8,75.3,0.331794251,0.291874099,0.129,1.05,1.56,1.77,0.72,1.46,2.29,5.25,13.96613847,0.031890496,0.012008239,0.013463616,0.009286934,0.047204067,0.014338358,0.03089676,0.001014842,0.001021472,-1.64E-05,0.000109149,0.001149709,7.65E-05,-0.5,0.866025404,8.786344801,7.276196879
2021-12-01,1.386898728,65.8,75.1,0.331687188,0.290389328,0.174,0.99,1.3,1.47,0.48,1.46,2.445,5.25,13.96206417,0.034987109,0.012666295,0.014353403,0.009279753,0.048034934,0.016506244,0.034039334,0.000126751,0.000120582,0.000712677,7.31E-05,0.001160718,6.12E-05,-2.45E-16,1,8.839670511,7.089589961
2022-01-01,1.185147173,65.4,73,0.331580126,0.288904557,0.517,1.26,1.67,1.84,0.58,1.47,2.56,5.25,14.03235833,0.038077965,0.013324009,0.015242752,0.009272582,0.051374819,0.018518336,0.035391566,-0.000759878,-0.000778287,0.001440135,7.57E-05,0.001168541,6.70E-05,0.5,0.866025404,8.804286167,7.340433131
2022-02-01,1.132819624,65.7,74.6,0.328863855,0.28579482,0.618,1.57,1.79,1.97,0.4,1.49,2.76,5.25,14.10373898,0.040645319,0.013708238,0.015652323,0.009278735,0.05687545,0.01982712,0.03906837,-0.00044329,-0.001847942,0.002467336,6.62E-05,0.001144998,8.85E-05,0.866025404,0.5,9.446045627,7.940548414
2022-03-01,1.080492075,65.6,74.7,0.326147584,0.282685082,0.773,2.31,2.42,2.43,0.12,1.77,2.95,5.25,14.07685199,0.043207796,0.014091912,0.016061241,0.009284878,0.066618911,0.015295918,0.046476762,-0.000126662,-0.002915032,0.003492074,8.64E-05,0.001155811,7.48E-05,1,6.12E-17,10.14238723,8.339346422
2022-04-01,1.028164526,65.7,75.1,0.323431313,0.279575345,1.376,2.5,2.64,2.8,0.3,2.31,3.195,5.25,14.03924513,0.04576541,0.014475032,0.016469508,0.009291012,0.067712046,0.023355232,0.046199702,0.000190006,-0.003979566,0.004514358,8.23E-05,0.001142586,9.47E-05,0.866025404,-0.5,9.870820877,8.287395022
2022-05-01,0.811253649,65.7,76.8,0.321470489,0.27820312,1.477,2.53,2.6,2.76,0.23,2.51,3.36,5.36,14.00670926,0.04533713,0.015843722,0.018019251,0.009297136,0.077304965,0.02672767,0.052005944,0.000506714,-0.004804405,0.005365249,6.82E-05,0.001123697,8.56E-05,0.5,-0.866025404,9.504095745,8.422627312
2022-06-01,0.594342773,65.4,77.1,0.319509666,0.276830894,2.105,3.14,3.17,3.29,0.15,3.1,3.63,5.63,13.95160142,0.044910275,0.01721005,0.019566598,0.009303251,0.081329562,0.01285926,0.053333333,0.000823462,-0.005625466,0.006212243,7.35E-05,0.001134344,6.20E-05,1.22E-16,-1,9.197518359,8.277788053
2022-07-01,0.377431896,65.3,76.7,0.317548842,0.275458669,2.696,3.08,2.83,2.77,-0.31,4,4.01,6.01,13.88626534,0.044484837,0.01857402,0.021111555,0.009309357,0.075895994,0.012365814,0.055309735,0.001140251,-0.006442777,0.007055368,8.40E-05,0.001137249,8.03E-05,-0.5,-0.866025404,8.702172152,8.070338274
2022-08-01,0.297352158,65.4,76.2,0.317677762,0.275794807,3.318,3.64,3.34,3.11,-0.53,4.19,4.39,6.39,13.8922299,0.038763144,0.019529931,0.022061286,0.009315453,0.070126227,0.015392626,0.052980132,0.00145708,-0.005908106,0.006448555,0.000108548,0.001194817,5.04E-05,-0.866025404,-0.5,8.149719058,8.135642699
2022-09-01,0.217272421,65.3,75.6,0.317806682,0.276130946,3.652,3.75,3.24,3.08,-0.67,4.92,4.7,6.7,13.89847668,0.033108941,0.020482184,0.023006563,0.00932154,0.068579426,0.007587319,0.054331865,0.001773948,-0.00537693,0.005845707,7.86E-05,0.00120381,6.86E-05,-1,-1.84E-16,8.196399291,8.629196655
2022-10-01,0.137192683,65.5,75.9,0.317935602,0.276467084,4.172,3.87,3.41,3.28,-0.59,5.43,4.93,6.93,13.90175614,0.027521038,0.021430798,0.023947415,0.009327618,0.068797776,0.016044103,0.053362573,0.002090857,-0.004849213,0.005246786,7.80E-05,0.0012389,4.20E-05,-0.866025404,0.5,8.245674172,8.786344801
2022-11-01,0.45569413,65.5,75.8,0.31746846,0.276287211,4.133,3.89,3.18,2.96,-0.93,5.56,5.07,7.07,13.89165831,0.027205636,0.022378638,0.025081362,0.009333686,0.067961165,0.013676725,0.054093567,0.002407806,-0.003924882,0.004458621,0.000107825,0.001257905,8.74E-05,-0.5,0.866025404,8.270667678,8.839670511
2022-12-01,0.774195577,65.6,75.7,0.317001318,0.276107338,4.303,4.02,3.37,3.29,-0.73,6.03,5.14,7.14,13.86545815,0.026892706,0.023324754,0.026212762,0.009339745,0.063194444,0.014868956,0.053401609,0.002724796,-0.003004663,0.003673963,8.87E-05,0.001285832,5.98E-05,-2.45E-16,1,8.185501896,8.804286167
2023-01-01,1.092697024,65.8,75,0.316534176,0.275927465,4.458,3.56,2.88,2.79,-0.77,6.31,5.11,7.11,13.85186852,0.02658222,0.02426915,0.027341622,0.009345794,0.059187887,0.027274886,0.049454545,0.003041825,-0.00208853,0.002892789,6.12E-05,0.001227087,0.000118801,0.5,0.866025404,7.971809909,9.446045627
2023-02-01,0.741232632,65.8,75.3,0.315764987,0.27526229,4.564,4.2,3.54,3.37,-0.83,6.35,4.98,6.98,13.90732098,0.023206545,0.025091447,0.028041537,0.009338521,0.052452316,0.022918703,0.048445409,0.006130258,-0.003158379,0.003930514,7.34E-05,0.001226768,7.24E-05,0.866025404,0.5,7.86222138,10.14238723
2023-03-01,0.389768241,65.8,75.4,0.314995799,0.274597114,4.407,3.75,3.05,2.93,-0.82,6.59,4.975,6.975,13.91721118,0.01985385,0.025911934,0.028739773,0.00933126,0.042981867,0.025117157,0.04512894,0.009217127,-0.004224213,0.004964344,6.30E-05,0.001184456,0.000104359,1,6.12E-17,8.282905856,9.870820877
2023-04-01,0.038303849,65.8,75.5,0.31422661,0.273931939,4.45,3.62,2.98,2.85,-0.77,6.65,4.98,6.98,13.95746054,0.016523902,0.026730617,0.029436336,0.009324009,0.044058745,0.024560409,0.044159544,0.012302432,-0.005286054,0.005994301,4.95E-05,0.00115677,7.67E-05,0.866025404,-0.5,8.337532447,9.504095745
2023-05-01,0.053303203,65.7,76.8,0.314401065,0.273366154,4.563,4.22,3.44,3.18,-1.04,6.81,4.905,6.905,13.99388601,0.015528521,0.02722741,0.030110505,0.00931677,0.03357472,0.024511332,0.039548023,0.015386174,-0.006704391,0.007313516,5.08E-05,0.001120991,8.59E-05,0.5,-0.866025404,8.651310999,9.197518359
2023-06-01,0.068302558,65.9,77.3,0.314575521,0.272800368,4.932,4.52,3.61,3.22,-1.3,7.33,4.965,6.965,13.98187379,0.014535637,0.027722011,0.030781586,0.009309542,0.028122956,0.034078987,0.035161744,0.018468354,-0.008114391,0.008624976,5.78E-05,0.001092927,8.47E-05,1.22E-16,-1,8.942734727,8.702172152
2023-07-01,0.083301912,65.8,76.8,0.314749976,0.272234583,5.034,4.65,3.85,3.45,-1.2,7.7,5.16,7.16,13.92613738,0.013545243,0.028214436,0.031449601,0.009302326,0.032658393,0.035244896,0.034241789,0.021548975,-0.009516126,0.00992875,7.37E-05,0.001082715,8.34E-05,-0.5,-0.866025404,8.806984924,8.149719058
2023-08-01,0.07388256,65.8,76.4,0.315743505,0.272295592,5.157,4.65,3.9,3.57,-1.08,7.56,5.325,7.325,13.89513564,0.013267831,0.028853096,0.032265946,0.00929512,0.039973788,0.034718262,0.036338225,0.024628036,-0.007988596,0.008455811,6.09E-05,0.00105488,8.77E-05,-0.866025404,-0.5,8.302323507,8.196399291
2023-09-01,0.064463208,65.8,75.8,0.316737035,0.2723566,5.145,4.96,4.33,4.09,-0.87,7.29,5.52,7.52,13.92723081,0.012990673,0.029488122,0.033076957,0.009287926,0.037982973,0.038082319,0.032033426,0.02770554,-0.006473437,0.006994802,6.33E-05,0.001046272,7.13E-05,-1,-1.84E-16,8.022667948,8.245674172
2023-10-01,0.055043856,65.9,75.7,0.317730564,0.272417609,5.161,4.73,4.23,4.11,-0.62,7.06,5.66,7.66,13.93186146,0.012713768,0.030119545,0.033882685,0.009280742,0.031209363,0.037188683,0.034004164,0.030781487,-0.004970502,0.005545579,6.76E-05,0.001021625,9.13E-05,-0.866025404,0.5,8.257436271,8.270667678
2023-11-01,0.065879867,65.8,75.5,0.319221602,0.272943029,5.042,4.17,3.6,3.51,-0.66,6.88,5.82,7.82,13.89051691,0.009333001,0.030402723,0.034232817,0.00927357,0.031168831,0.03722626,0.035367545,0.033855879,-0.004526601,0.005091896,6.53E-05,0.001005113,7.82E-05,-0.5,0.866025404,8.268915109,8.185501896
2023-12-01,0.076715877,65.7,75.2,0.320712641,0.27346845,5.037,3.91,3.18,3.06,-0.85,6.83,5.74,7.74,13.89686656,0.005976683,0.030684863,0.034581391,0.009266409,0.033964729,0.035525616,0.034027778,0.036928716,-0.004084975,0.004640537,5.12E-05,0.000987693,6.75E-05,-2.45E-16,1,7.908417912,7.971809909
2024-01-01,0.087551888,65.6,74.1,0.322203679,0.27399387,5.031,4,3.43,3.35,-0.65,6.83,5.47,7.47,13.84042363,0.002644551,0.030965971,0.034928417,0.009259259,0.028589994,0.029433692,0.031185031,0.04,-0.003645604,0.004191483,4.37E-05,0.000924118,0.00010636,0.5,0.866025404,7.933202343,7.86222138
2024-02-01,0.239505332,65.6,74.4,0.321214572,0.272900144,4.981,4.19,3.6,3.52,-0.67,6.85,5.32,7.32,13.91936955,0.004332483,0.031242276,0.035150102,0.009265188,0.027831715,0.030799507,0.028275862,0.039135407,-0.003439258,0.003996427,3.68E-05,0.000887819,7.22E-05,0.866025404,0.5,7.473800082,8.282905856
2024-03-01,0.391458775,65.6,74.3,0.320225466,0.271806418,4.999,4.13,3.5,3.44,-0.69,6.97,5.245,7.245,13.92971743,0.006019984,0.031517531,0.035370954,0.009271108,0.028976175,0.031605604,0.02878684,0.038276539,-0.003233775,0.003802185,5.46E-05,0.000867567,7.37E-05,1,6.12E-17,8.067578623,8.337532447
2024-04-01,0.543412219,65.7,74.7,0.319236359,0.270712692,4.94,4.27,3.82,3.79,-0.48,6.98,5.11,7.11,13.95904624,0.007707054,0.031791743,0.035590979,0.009277019,0.02685422,0.03385557,0.026603001,0.037423341,-0.003029148,0.003608754,4.73E-05,0.000842693,7.12E-05,0.866025404,-0.5,8.131223328,8.651310999
2024-05-01,0.56099265,65.6,75.7,0.31826847,0.270327745,4.872,4.31,3.81,3.75,-0.56,6.98,5.115,7.115,13.96829774,0.009429256,0.031289756,0.034645958,0.00928292,0.02866242,0.03386942,0.028532609,0.036575755,-0.002588934,0.003168901,4.50E-05,0.000807937,7.92E-05,0.5,-0.866025404,8.352463198,8.942734727
2024-06-01,0.578573081,65.5,75.8,0.317300582,0.269942799,4.659,4.04,3.51,3.47,-0.57,6.73,5.035,7.035,13.96491628,0.011150502,0.030790465,0.033706493,0.009288813,0.026717557,0.030442654,0.028532609,0.035733728,-0.00215051,0.002730835,5.02E-05,0.000803594,5.37E-05,1.22E-16,-1,8.409234389,8.806984924
2024-07-01,0.596153512,65.3,75.2,0.316332693,0.269557852,4.409,3.46,3.09,3.18,-0.28,6.46,4.98,6.98,13.91687962,0.012870794,0.030293848,0.032772533,0.009294697,0.025300443,0.028373143,0.027027027,0.034897204,-0.001713865,0.002294547,7.77E-05,0.000820771,6.01E-05,-0.5,-0.866025404,8.360159887,8.302323507
2024-08-01,0.567392218,65.4,74.9,0.316631823,0.270240316,4.205,3.27,2.97,3.08,-0.19,6.19,4.92,6.92,13.88697783,0.014406111,0.028639044,0.03034319,0.009300571,0.019533711,0.029245698,0.023600809,0.034066129,-0.000615177,0.001238289,8.41E-05,0.000848129,5.61E-05,-0.866025404,-0.5,7.948438948,8.022667948
2024-09-01,0.538630925,65.2,74.5,0.316930954,0.27092278,3.979,2.95,2.79,3.01,0.06,5.89,4.72,6.72,13.9167504,0.015940866,0.026995691,0.027933524,0.009306437,0.016403785,0.026799402,0.023616734,0.033240452,0.000479742,0.000185654,8.56E-05,0.000883326,4.96E-05,-1,-1.84E-16,7.695336466,8.257436271
2024-10-01,0.509869631,65.2,74.4,0.317230084,0.271605244,3.643,3.09,3.05,3.25,0.16,5.37,4.605,6.605,13.94201897,0.017475057,0.025363671,0.025543297,0.009312293,0.020176545,0.024127428,0.022818792,0.032420118,0.001570912,-0.000863376,8.23E-05,0.000909512,5.54E-05,-0.866025404,0.5,7.908465871,8.268915109
2024-11-01,0.523062281,65.4,74.1,0.317616239,0.272342078,3.481,3.2,3.09,3.23,0.03,5.3,4.475,6.475,13.91639427,0.019041158,0.023860034,0.023486041,0.009318141,0.018891688,0.027725193,0.019423979,0.031605077,0.001939418,-0.001279422,7.30E-05,0.000929486,5.18E-05,-0.5,0.866025404,8.091022839,7.908417912
2024-12-01,0.53625493,65.4,74,0.318002395,0.273078913,3.14,3.03,3.05,3.29,0.26,4.83,4.405,6.405,13.88053584,0.020606345,0.022362731,0.021439322,0.009323979,0.018319646,0.028691495,0.021490934,0.030795278,0.00230751,-0.001694999,5.06E-05,0.000926303,5.24E-05,-2.45E-16,1,7.867097505,7.933202343
2025-01-01,0.54944758,65.5,73.4,0.31838855,0.273815747,2.962,2.79,2.87,3.18,0.39,4.59,4.435,6.435,13.8558566,0.022170619,0.020871722,0.019403058,0.009329809,0.018951358,0.030563042,0.021505376,0.029990669,0.002675189,-0.00211011,3.37E-05,0.000890772,6.76E-05,0.5,0.866025404,7.571532123,7.473800082
2025-02-01,0.54944758,65.3,73.6,0.31838855,0.273815747,2.838,2.65,2.7,2.98,0.33,4.57,4.415,6.415,13.89869663,0.020322434,0.018655784,0.017268341,0.008545681,0.026448363,0.026143194,0.028839705,0.027422911,0.002675189,-0.00211011,2.57E-05,0.000863349,5.28E-05,0.866025404,0.5,7.369035317,8.067578623
2025-03-01,0.54944758,65.2,73.4,0.31838855,0.273815747,2.645,2.61,2.76,3.12,0.51,4.34,4.32,6.32,13.90198729,0.018480919,0.016449444,0.015142546,0.00776277,0.023153942,0.023400389,0.023984011,0.024867923,0.002675189,-0.00211011,2.46E-05,0.000807888,7.87E-05,1,6.12E-17,7.691584684,8.131223328
