date,step,GDP_Growth_YoY,National_Pop_Growth_YoY,Provincial_Pop_Growth_YoY,Municipal_Pop_Growth_YoY,Inflation_Rate_YoY,variable_mortgage_rate,5_year_fixed_mortgage_rate,5_year_fixed_mortgage_qualifying_rate,3_month_t_bill,2y_bond,5y_bond,10y_bond,yield_curve_slope,labour_force_participation_rate,total_employment_rate,Income_Growth_YoY,national_debt_to_gdp,housing_starts_per_cap,under_construction_per_cap,completions_per_cap,Migration_Rate,NPR_Rate,Log_Return_MoM,Log_Price,Market_Price,3_month_t_bill_lag_1,2y_bond_lag_1,5y_bond_lag_1,10y_bond_lag_1,variable_mortgage_rate_lag_1,5_year_fixed_mortgage_rate_lag_1,5_year_fixed_mortgage_qualifying_rate_lag_1,yield_curve_slope_lag_1,labour_force_participation_rate_lag_1,labour_force_participation_rate_lag_12,labour_force_participation_rate_delta_1m_pct,labour_force_participation_rate_delta_12m_pct,total_employment_rate_lag_1,total_employment_rate_lag_12,total_employment_rate_delta_1m_pct,total_employment_rate_delta_12m_pct,national_debt_to_gdp_lag_1,national_debt_to_gdp_lag_12,national_debt_to_gdp_delta_1m_pct,national_debt_to_gdp_delta_12m_pct,3_month_t_bill_lag_12,3_month_t_bill_delta_1m_pct,3_month_t_bill_delta_12m_pct,2y_bond_lag_12,2y_bond_delta_1m_pct,2y_bond_delta_12m_pct,5y_bond_lag_12,5y_bond_delta_1m_pct,5y_bond_delta_12m_pct,10y_bond_lag_12,10y_bond_delta_1m_pct,10y_bond_delta_12m_pct,yield_curve_slope_lag_12,yield_curve_slope_delta_1m_pct,yield_curve_slope_delta_12m_pct,variable_mortgage_rate_lag_12,variable_mortgage_rate_delta_1m_pct,variable_mortgage_rate_delta_12m_pct,5_year_fixed_mortgage_rate_lag_12,5_year_fixed_mortgage_rate_delta_1m_pct,5_year_fixed_mortgage_rate_delta_12m_pct,5_year_fixed_mortgage_qualifying_rate_lag_12,5_year_fixed_mortgage_qualifying_rate_delta_1m_pct,5_year_fixed_mortgage_qualifying_rate_delta_12m_pct,Log_Return_MoM_lag_1,Log_Return_MoM_lag_12,GDP_Growth_YoY_lag_1,GDP_Growth_YoY_lag_12,GDP_Growth_YoY_delta_1m_pct,GDP_Growth_YoY_delta_12m_pct,National_Pop_Growth_YoY_lag_1,National_Pop_Growth_YoY_lag_12,National_Pop_Growth_YoY_delta_1m_pct,National_Pop_Growth_YoY_delta_12m_pct,Provincial_Pop_Growth_YoY_lag_1,Provincial_Pop_Growth_YoY_lag_12,Provincial_Pop_Growth_YoY_delta_1m_pct,Provincial_Pop_Growth_YoY_delta_12m_pct,Municipal_Pop_Growth_YoY_lag_1,Municipal_Pop_Growth_YoY_lag_12,Municipal_Pop_Growth_YoY_delta_1m_pct,Municipal_Pop_Growth_YoY_delta_12m_pct,Inflation_Rate_YoY_lag_1,Inflation_Rate_YoY_lag_12,Inflation_Rate_YoY_delta_1m_pct,Inflation_Rate_YoY_delta_12m_pct,Income_Growth_YoY_lag_1,Income_Growth_YoY_lag_12,Income_Growth_YoY_delta_1m_pct,Income_Growth_YoY_delta_12m_pct,Migration_Rate_lag_1,Migration_Rate_lag_12,Migration_Rate_delta_1m_pct,Migration_Rate_delta_12m_pct,NPR_Rate_lag_1,NPR_Rate_lag_12,NPR_Rate_delta_1m_pct,NPR_Rate_delta_12m_pct,housing_starts_per_cap_lag_1,housing_starts_per_cap_lag_12,housing_starts_per_cap_delta_1m_pct,housing_starts_per_cap_delta_12m_pct,under_construction_per_cap_lag_1,under_construction_per_cap_lag_12,under_construction_per_cap_delta_1m_pct,under_construction_per_cap_delta_12m_pct,completions_per_cap_lag_1,completions_per_cap_lag_12,completions_per_cap_delta_1m_pct,completions_per_cap_delta_12m_pct
2025-04-01,1,0.01709038650903929,0.014547371728001347,0.01334688518451717,0.007036988414352387,0.02250494277517689,3.7446165249611494,4.008962095077551,6.107548934629297,2.8565473370308805,2.7147011513761843,3.0873843503883043,2.7554030789153656,0.9358519605202116,66.97593891014552,75.68983300230843,0.02090894127147858,0.3254325723506168,0.00012684451734413631,0.0005573393637526602,7.211783233400032e-05,0.003149537363091894,-0.0015418128751954426,-0.0055986372753977776,13.89638865478246,1084238.716360959,2.645,2.61,2.76,3.12,4.34,4.32,6.32,0.51,65.2,65.7,0.027238326842722538,0.01942068356385862,73.4,74.7,0.031196634908834175,0.013250776469992287,0.31838855,0.319236359,0.022123981376267476,0.019409485091316903,4.94,0.0799800896146996,-0.42175155120832386,4.27,0.04011538366903622,-0.36423860623508564,3.82,0.11861751825663203,-0.1917842014690303,3.79,-0.1168579875271264,-0.27298071796428347,-0.48,0.8350038441572776,-2.949691584417107,6.98,-0.13718513249743103,-0.46352198782791565,5.11,-0.07199951502834478,-0.2154673003762132,7.11,-0.03361567490042772,-0.14099171102260244,0.0032906642710592,0.0293288114003189,0.0184809194405866,0.0077070535514676,-0.07524154499010005,1.2174993848050901,0.0164494440003808,0.0317917425894844,-0.11563140203008815,-0.5424166609598459,0.0151425458376566,0.0355909790546014,-0.11858380171938909,-0.6249924689050775,0.007762769756249,0.0092770188280424,-0.09349515246312212,-0.24146015602759052,0.0231539424280349,0.026854219948849,-0.02802976879100283,-0.16195879761007637,0.0248679231596891,0.0374233405144912,-0.15920034265780703,-0.44128608018351156,0.0026751888842272,-0.0030291484339858,0.17731401384830514,-2.0397434895416082,-0.0021101100854784,0.003608754388954,-0.26932111940222025,-1.4272423969652137,2.4649514712679092e-05,4.731616506360533e-05,4.145923513004931,1.6807860944272224,0.000807887844708,0.0008426931430344,-0.3101278012740706,-0.3386212189341278,7.872438761361886e-05,7.120695004654048e-05,-0.08392005933464564,0.012792041884457817
2025-05-01,2,0.016171981803841613,0.013939354358226862,0.012504943799542478,0.0063659491663063655,0.01963771864259302,5.286038571083557,3.9646651339161187,5.594644262022258,2.965081134822775,2.8425669318693823,3.2086317243064104,3.532834221176427,0.8053276467870429,63.38789632807918,76.21185632536586,0.022858920650251587,0.32932934399421454,2.6347168139631206e-05,0.0008485833456274933,1.475796276525754e-05,0.0029271019530993977,-0.002909053296506697,0.006409828085452318,13.902798482867912,1091210.8212620807,2.8565473370308805,2.7147011513761843,3.0873843503883043,2.7554030789153656,3.7446165249611494,4.008962095077551,6.107548934629297,0.9358519605202116,66.97593891014552,65.6,-0.05357211321636013,-0.03372109255976852,75.68983300230843,75.7,0.0068968750801907674,0.00676164234300991,0.3254325723506168,0.3182684703333333,0.011974129127429345,0.03475328124490895,4.872,0.03799474855008178,-0.39140370795920054,4.31,0.0471012363288601,-0.3404717095430667,3.81,0.039271875528829714,-0.1578394424392624,3.75,0.28214788181447803,-0.057910874352952724,-0.56,-0.13947111214108499,-2.438085083548291,6.98,0.4116368220477262,-0.24268788379891737,5.115,-0.011049483659579251,-0.2248944019714333,7.115,-0.08397880689893655,-0.2136831676708001,-0.0055986372753977776,0.0092514968362031,0.01709038650903929,0.0094292559232935,-0.05373808864486018,0.7150856796548777,0.014547371728001347,0.0312897555742259,-0.041795685237364766,-0.5545074065804134,0.01334688518451717,0.0346459583608209,-0.0630814885522033,-0.6390648609194314,0.007036988414352387,0.0092829204693611,-0.09535886781870972,-0.3142299142476114,0.02250494277517689,0.0286624203821657,-0.12740419565725092,-0.31486181624731246,0.02090894127147858,0.0365757551574159,0.09326055075935047,-0.37502532615196504,0.003149537363091894,-0.0025889343707686,-0.07062478845278142,-2.1306203765336864,-0.0015418128751954426,0.0031689006136569,0.8867745517677952,-1.9180007993843833,0.00012684451734413631,4.495427065571229e-05,-0.7922876866002032,-0.4139117873491003,0.0005573393637526602,0.0008079367539916,0.522561298943319,0.050309125603061444,7.211783233400032e-05,7.921252518989304e-05,-0.7953631953757458,-0.8136915502961323
2025-06-01,3,0.014542856053646653,0.012990821088888197,0.013372061785228224,0.0057276180144844825,0.021489112305155697,3.668766397230434,4.566263662913619,6.491740528019908,0.7913898111738815,1.6272243836789442,2.4683552502516357,2.3700714032860204,1.1966843137389938,69.43206453126155,69.60326039335669,0.031881524941366354,0.3075878699912846,-0.00012158470520617238,0.0008508457152356137,7.605459307704243e-05,0.0024168037758899963,-0.0012679332903311926,-0.042245589196681976,13.86055289367123,1046072.1451750788,2.965081134822775,2.8425669318693823,3.2086317243064104,3.532834221176427,5.286038571083557,3.9646651339161187,5.594644262022258,0.8053276467870429,63.38789632807918,65.5,0.09535208696466801,0.06003151956124486,76.21185632536586,75.8,-0.08671348856529038,-0.08175118214569,0.32932934399421454,0.3173005816666667,-0.06601742116035625,-0.030610443965670253,4.659,-0.7330967433303698,-0.8301374090633438,4.04,-0.4275510752498558,-0.5972216872081821,3.51,-0.23071406682385642,-0.29676488596819495,3.47,-0.3291303087251032,-0.3169823045285244,-0.57,0.4859595575953688,-3.0994461644543754,6.73,-0.3059516407428724,-0.4548638339925061,5.035,0.1517400609325279,-0.09309559822966851,7.035,0.1603491167592812,-0.07722238407677218,0.006409828085452318,-0.0033814532218272,0.016171981803841613,0.0111505024076279,-0.10073754533955548,0.30423325532830625,0.013939354358226862,0.0307904647286474,-0.06804714515194532,-0.5780894766163904,0.012504943799542478,0.0337064926330643,0.0693420138135663,-0.6032793464808339,0.0063659491663063655,0.0092888130382104,-0.10027273783467139,-0.3833853700226939,0.01963771864259302,0.0267175572519084,0.09427743091028495,-0.19569322514988685,0.022858920650251587,0.0357337277371081,0.3947082379419111,-0.10780299284984418,0.0029271019530993977,-0.002150510138731,-0.1743356348312589,-2.1238281244821913,-0.002909053296506697,0.0027308352046734,-0.5641422961023863,-1.4643023819823773,2.6347168139631206e-05,5.018587360594795e-05,-5.614716259516544,-3.4226878296637313,0.0008485833456274933,0.0008035935563816,0.0026660546895926895,0.058801067378861926,1.475796276525754e-05,5.374845105328377e-05,4.1534615100186025,0.41500995073598257
2025-07-01,4,0.017955100127732694,0.01239872591814145,0.012086785298380193,0.0051670743114655415,0.022762751018096015,3.861359282241729,4.132878223524596,5.800549164761156,1.319716377374271,3.0302432656038314,1.4091216989844002,2.840034766276284,0.3276773244666064,62.21133004857556,74.78144492561056,0.012003848206922595,0.3149118613557049,0.00012591676853062996,0.000980378174823451,0.00014274655652352447,0.00335185935784508,-0.002109178576225619,-0.003287032013759017,13.85726586165747,1042639.317543203,0.7913898111738815,1.6272243836789442,2.4683552502516357,2.3700714032860204,3.668766397230434,4.566263662913619,6.491740528019908,1.1966843137389938,69.43206453126155,65.3,-0.10399711619456276,-0.04729969297740333,69.60326039335669,75.2,0.07439571800214262,-0.005565891946668122,0.3075878699912846,0.316332693,0.023811053942497162,-0.004491573826342021,4.409,0.6675933386313302,-0.7006767118679358,3.46,0.862215989384846,-0.12420714866941285,3.09,-0.429125244901135,-0.5439735601992233,3.18,0.1982908035338833,-0.1069073062024265,-0.28,-0.7261789757711528,-2.1702761588093082,6.46,0.05249527066010096,-0.40226636497806056,4.98,-0.09491029677258955,-0.17010477439265148,6.98,-0.10647242604281615,-0.16897576436086592,-0.042245589196681976,-0.0480366656441688,0.014542856053646653,0.0128707938000813,0.2346336965379241,0.3950266321273268,0.012990821088888197,0.0302938483892567,-0.04557796360179267,-0.5907180309736254,0.013372061785228224,0.032772533035543,-0.09611655311582867,-0.6311916053216993,0.0057276180144844825,0.0092946965554947,-0.09786680983288176,-0.4440835931958481,0.021489112305155697,0.0253004427577483,0.05926902399941136,-0.10030226600975645,0.031881524941366354,0.0348972037639923,-0.6234857576919863,-0.6560226347043763,0.0024168037758899963,-0.001713864844321,0.386897600576094,-2.9557314387722453,-0.0012679332903311926,0.0022945472773674,0.6634775601441047,-1.9192133877692599,-0.00012158470520617238,7.769695093638756e-05,-2.0356300022861564,0.6206140268454186,0.0008508457152356137,0.0008207707785172,0.15223965669494777,0.19446037856586074,7.605459307704243e-05,6.005262343290512e-05,0.876895934199843,1.377024488913638
2025-08-01,5,0.013762613703739065,0.01290030465611321,0.013311825489569076,0.004632768096746442,0.020864734761069224,4.230004505231272,4.013854234161892,4.664929164315876,1.2099453751134237,1.824859678893048,1.8027633861038568,2.165289125357798,1.4285379474466784,71.11528740953959,70.05893560123684,0.033611192387765707,0.3004584715527825,-3.1926647576075505e-05,0.00045943191739242174,6.58004027102163e-05,0.0023318774037155484,-0.0007377694752171209,-0.03766917064785957,13.819596691009611,1004094.4926692694,1.319716377374271,3.0302432656038314,1.4091216989844002,2.840034766276284,3.861359282241729,4.132878223524596,5.800549164761156,0.3276773244666064,62.21133004857556,65.4,0.14312436905000547,0.08738971574219545,74.78144492561056,74.9,-0.06315081674433376,-0.06463370358829323,0.3149118613557049,0.3166318233333333,-0.04589661926578492,-0.051079362807838646,4.205,-0.08317772223093078,-0.7122603150740967,3.27,-0.3977844288585817,-0.4419389361183339,2.97,0.27935251256379545,-0.39300896090779236,3.08,-0.23758358486687814,-0.29698405020850716,-0.19,3.359587437953036,-8.51862077603515,6.19,0.09547032431945168,-0.31663901369446334,4.92,-0.028799297469064622,-0.18417596866628216,6.92,-0.1957780148376762,-0.3258772883936595,-0.003287032013759017,-0.0299017860956851,0.017955100127732694,0.0144061112471922,-0.2334983594726988,-0.04466837249910549,0.01239872591814145,0.0286390435212451,0.04045405481847664,-0.5495553248297742,0.012086785298380193,0.0303431903022277,0.10135368180595172,-0.5612911708696707,0.0051670743114655415,0.0093005710420541,-0.10340594744950626,-0.5018834783586298,0.022762751018096015,0.019533711405167,-0.08338255141120243,0.06813980857473645,0.012003848206922595,0.0340661294584536,1.8000347728807666,-0.01335452773531931,0.00335185935784508,-0.0006151769703811,-0.30430332697052087,-4.790579810344589,-0.002109178576225619,0.0012382891818593,-0.650210046919137,-1.5957974001754216,0.00012591676853062996,8.413238478193628e-05,-1.2535535810570708,-1.3794810721082797,0.000980378174823451,0.000848128673059,-0.5313727608479683,-0.4582992746426563,0.00014274655652352447,5.613980822765234e-05,-0.5390403501651371,0.17208100254616698
2025-09-01,6,0.013447358462558415,0.01317462763384276,0.013059797687398348,0.0041359879847553925,0.02650318527011268,4.009841601787482,4.851128316181747,6.225821252002021,1.150091542375737,2.0509703204217313,1.9711281857273515,2.947751795512717,1.3603474013696055,59.16569967850427,73.55695158258834,0.003592080604553651,0.2799347820761612,0.0001118596507848753,0.0009489007812134414,9.820072430292085e-05,0.0023297062535804908,-0.001849154979140623,0.014389032498002052,13.833985723507613,1018646.8873134713,1.2099453751134237,1.824859678893048,1.8027633861038568,2.165289125357798,4.230004505231272,4.013854234161892,4.664929164315876,1.4285379474466784,71.11528740953959,65.2,-0.16803120912975977,-0.09255061842784873,70.05893560123684,74.5,0.049929619274571735,-0.012658368018948485,0.3004584715527825,0.3169309536666667,-0.06830790748070437,-0.11673259163387484,3.979,-0.049468210688499825,-0.7109596525821219,2.95,0.12390576883469806,-0.30475582358585385,2.79,0.09339262208301546,-0.29350244239163026,3.01,0.3613663695030209,-0.02068046660707079,0.06,-0.04773450099729892,21.672456689493426,5.89,-0.05204791228272054,-0.3192119521583222,4.72,0.20859603592323306,0.02778142291986163,6.72,0.33460145539317176,-0.07353850416636587,-0.03766917064785957,0.029772563019879,0.013762613703739065,0.0159408655023565,-0.022906640262307265,-0.15642231216551417,0.01290030465611321,0.0269956906557278,0.021264844904228974,-0.5119729366491522,0.013311825489569076,0.0279335241566203,-0.0189326251586015,-0.5324686704701687,0.004632768096746442,0.0093064365186648,-0.10723181079146493,-0.5555776933028728,0.020864734761069224,0.0164037854889589,0.2702383027444013,0.6156749481972625,0.033611192387765707,0.0332404517393143,-0.8931284387916821,-0.8919364684714797,0.0023318774037155484,0.0004797422182472,-0.000931073877039279,3.8561626743887016,-0.0007377694752171209,0.0001856542303434,1.506412966728433,-10.960209232616391,-3.1926647576075505e-05,8.561273373512594e-05,-4.50364536452923,0.3065772567309173,0.00045943191739242174,0.0008833256065523,1.0653784495406358,0.07423669615679684,6.58004027102163e-05,4.9605934167825686e-05,0.49240308961929813,0.9796164702934604
2025-10-01,7,0.013790524411259362,0.013521989294282104,0.014589181568125973,0.003628168324206367,0.024707652770428145,3.651029286395314,3.355359412642697,5.4109448517558505,2.0964665783824787,1.9300174402054173,2.1323434480226098,2.75305107173703,1.1237990482979134,66.66732334687023,68.54174781879429,0.033687619811182616,0.31490963366513164,-8.553766439106975e-05,0.0007235276504674596,4.88898163556066e-05,0.001854596789357799,-0.001641976414778098,-0.002826924668624997,13.831158798838988,1015771.3157262463,1.150091542375737,2.0509703204217313,1.9711281857273515,2.947751795512717,4.009841601787482,4.851128316181747,6.225821252002021,1.3603474013696055,59.16569967850427,65.2,0.12679007785133,0.0225049593078257,73.55695158258834,74.4,-0.06818123448418156,-0.07873994867211975,0.2799347820761612,0.317230084,0.124939285249144,-0.007314723451223415,3.643,0.8228693118217536,-0.4245219384072251,3.09,-0.058973491235818076,-0.3753988866649135,3.05,0.08178831973617662,-0.3008710006483246,3.25,-0.06605058270919373,-0.1529073625424524,0.16,-0.17388819417270462,6.023744051861959,5.37,-0.08948291504388073,-0.3201062781386752,4.605,-0.30833422784337894,-0.27136603417096705,6.605,-0.13088657178908447,-0.1807804917856396,0.014389032498002052,0.0252685768290845,0.013447358462558415,0.0174750568754056,0.025519208821303208,-0.2108452344628332,0.01317462763384276,0.025363671323036,0.026365956601843266,-0.46687570888047847,0.013059797687398348,0.0255432965056272,0.11710624600282715,-0.4288449979464487,0.0041359879847553925,0.0093122930060394,-0.12278073882728135,-0.6103893722144103,0.02650318527011268,0.0201765447667088,-0.06774780017514859,0.2245730404343389,0.003592080604553651,0.0324201182125323,8.378302861154367,0.03909614364577951,0.0023297062535804908,0.0015709120792065,-0.20393535171762667,0.1805859881697478,-0.001849154979140623,-0.0008633761872577,-0.11203958927164082,0.9018087816313629,0.0001118596507848753,8.230389129092032e-05,-1.764687389875487,-2.039290646522641,0.0009489007812134414,0.0009095120444718,-0.23750969037856384,-0.2044881045114152,9.820072430292085e-05,5.543545398394071e-05,-0.5021440350603154,-0.11807673894454507
2025-11-01,8,0.01295022078988978,0.014100776252400525,0.015079400281191256,0.0032540968882108336,0.02257397787103285,3.799823444290688,4.13651352748826,5.6399285812568785,1.42871537990818,1.7556127125993601,2.1534020089682833,3.3139598743202803,1.5156298808327273,66.78198028105601,66.59151611435294,0.014661511785533357,0.3194190436965594,-0.00011156936841943076,0.0006358294585945726,5.173672644006239e-05,0.0010122746701674127,-0.0019711632251675,0.010725070722401142,13.84188386956139,1026724.1649772335,2.0964665783824787,1.9300174402054173,2.1323434480226098,2.75305107173703,3.651029286395314,3.355359412642697,5.4109448517558505,1.1237990482979134,66.66732334687023,65.4,0.0017198370720421519,0.021131196958042775,68.54174781879429,74.1,-0.02845319482656372,-0.10132906728268631,0.31490963366513164,0.3176162393333333,0.01431969539624478,0.005676045932066165,3.481,-0.31851268480010775,-0.5895675438356277,3.2,-0.09036432727130939,-0.45137102731269996,3.09,0.009875782892855067,-0.3031061459649569,3.23,0.20374079084168484,0.025993769139405654,0.03,0.3486662790187214,49.520996027757576,5.3,0.04075403022644042,-0.28305218032251167,4.475,0.23280788099845395,-0.07563943519815408,6.475,0.04231862193655944,-0.12896855887924652,-0.002826924668624997,-0.0256247044422277,0.013790524411259362,0.0190411576462437,-0.06093340588872098,-0.3198826967096454,0.013521989294282104,0.0238600338303551,0.04280338828275565,-0.40902111234807637,0.014589181568125973,0.0234860410515951,0.033601522523806215,-0.3579420112540802,0.003628168324206367,0.0093181405248266,-0.10310200700993066,-0.6507782985735355,0.024707652770428145,0.0188916876574307,-0.08635684333191818,0.19491589530667408,0.033687619811182616,0.0316050771601166,-0.5647804188093317,-0.5361026422667571,0.001854596789357799,0.0019394184148072,-0.4541807275974319,-0.4780524602433228,-0.001641976414778098,-0.0012794216372877,0.20048205773643168,0.5406674138685446,-8.553766439106975e-05,7.298256441907113e-05,0.3043303112573501,-2.5287126357850545,0.0007235276504674596,0.0009294861904027,-0.12120917813745835,-0.3159344752404558,4.88898163556066e-05,5.184385125752199e-05,0.05823114702964727,-0.0020662974462967165
2025-12-01,9,0.013916671561197882,0.014564894282586562,0.015727144617924738,0.002550662023966583,0.02089959837498168,5.035182318614449,3.6445264997881894,5.805105674962313,1.2820494633458421,1.9312888267679393,1.2199740022425667,2.239546975544241,0.2496192566701546,62.355859855570806,71.63249522639771,0.016319001048839744,0.3138389226974863,0.00027303154357839277,0.0006587146445555758,-4.333782786983788e-05,0.002245939540551552,-0.0015150262016517453,-0.0006180086056701839,13.841265860955719,1026089.8366380036,1.42871537990818,1.7556127125993601,2.1534020089682833,3.3139598743202803,3.799823444290688,4.13651352748826,5.6399285812568785,1.5156298808327273,66.78198028105601,65.4,-0.06627716648798976,-0.046546485388825665,66.59151611435294,74.0,0.07570002015554422,-0.031993307751382316,0.3194190436965594,0.3180023946666667,-0.017469593968148178,-0.013092580556019251,3.14,-0.10265579738615516,-0.5917039925650185,3.03,0.10006541471693553,-0.36261094826140616,3.05,-0.4334666740526222,-0.6000085238548962,3.29,-0.324208179797714,-0.319286633573179,0.26,-0.835303288865612,-0.039925935884020713,4.83,0.32510954586058816,0.04248081130733938,4.405,-0.11893760879317394,-0.17263870606397524,6.405,0.029287089601518268,-0.0936603161651346,0.010725070722401142,-0.0358584320467834,0.01295022078988978,0.0206063448497875,0.0746281308240404,-0.32464143143069857,0.014100776252400525,0.0223627308248823,0.03291436030743533,-0.3486978671504346,0.015079400281191256,0.0214393218846544,0.042955576790505434,-0.2664346054162403,0.0032540968882108336,0.009323979095613,-0.21616899816127255,-0.7264406110512744,0.02257397787103285,0.0183196462413137,-0.07417299270943956,0.14082980095160247,0.014661511785533357,0.0307952775292592,0.1130503653069288,-0.4700810527414555,0.0010122746701674127,0.002307510450386,1.2187056603719153,-0.026682830330908458,-0.0019711632251675,-0.0016949993405725,-0.2314049986788863,-0.10617888432922185,-0.00011156936841943076,5.05704594511255e-05,-3.447190904155392,4.399032291614193,0.0006358294585945726,0.0009263028060437,0.035992648109743675,-0.28887763239216646,5.173672644006239e-05,5.242059821153253e-05,-1.837660804072041,-1.8267327987169661
2026-01-01,10,0.009599513614166642,0.015187049580404106,0.01654278296029845,0.002495337433242496,0.02451212126130378,3.52063924594328,3.7527156769782493,5.738029697480256,0.17235076284827255,0.9736328111282817,1.7031676927048436,2.6480055743597877,0.6540318287674252,66.56047611217862,72.53502536681339,0.000601018088478688,0.2829953257394575,3.030014346245725e-05,0.001293431195392531,2.6052057509976403e-05,0.0015994963999080081,-0.002024285165017552,-0.011124353855848312,13.83014150709987,1014738.5053817112,1.2820494633458421,1.9312888267679393,1.2199740022425667,2.239546975544241,5.035182318614449,3.6445264997881894,5.805105674962313,0.2496192566701546,62.355859855570806,65.5,0.06742936856851278,0.016190474995093407,71.63249522639771,73.4,0.012599451374172954,-0.011784395547501658,0.3138389226974863,0.31838855,-0.09827843115482326,-0.11116362149500192,2.962,-0.8655662142718906,-0.9418127066683752,2.79,-0.4958636959767013,-0.6510276662622646,2.87,0.3960688421016072,-0.40656177954535067,3.18,0.18238447475132125,-0.1672938445409473,0.39,1.6201176843966767,0.6770046891472439,4.59,-0.3007921018216342,-0.23297619914089762,4.435,0.029685386344796116,-0.153840884559583,6.435,-0.01155465227297392,-0.10830929332086148,-0.0006180086056701839,-0.024679236379919,0.013916671561197882,0.0221706192851829,-0.31021483319820764,-0.5670164423155197,0.014564894282586562,0.0208717223620968,0.04271608744605704,-0.27236241854271215,0.015727144617924738,0.0194030582687503,0.051861819941815934,-0.14741363288376463,0.002550662023966583,0.0093298087389208,-0.021690286758592525,-0.7325414161136237,0.02089959837498168,0.0189513581806695,0.17285130659001324,0.2934229318881372,0.016319001048839744,0.0299906689216773,-0.9631706569121509,-0.9799598305043382,0.002245939540551552,0.0026751888842272,-0.28782748999770136,-0.4020996388933241,-0.0015150262016517453,-0.0021101100854784,0.3361387168159806,-0.04067319570267358,0.00027303154357839277,3.373902326297951e-05,-0.8890232862278878,-0.10192588486388121,0.0006587146445555758,0.0008907718379294,0.9635683009069704,0.4520342250593745,-4.333782786983788e-05,6.763210599291326e-05,-1.6011389769746174,-0.6147974822385949
2026-02-01,11,0.013978668682147092,0.01590436516311436,0.03875582325335518,0.0021584717900906846,0.023780323475157933,1.814408886825118,3.4193499207305855,4.935730952424916,-1.8054941267732603,-2.1893174223272593,-0.8412053835385387,0.17344343284475022,1.3913336189103807,68.93639143776282,70.31358030864875,0.037545741474635234,0.2986075323748829,-7.519629779583242e-05,0.001953701034983478,0.00022584364028078844,0.00010073021644173549,0.0004050648186789151,-0.046253886073827744,13.783887621026043,968871.8389944975,0.17235076284827255,0.9736328111282817,1.7031676927048436,2.6480055743597877,3.52063924594328,3.7527156769782493,5.738029697480256,0.6540318287674252,66.56047611217862,65.3,0.03569558789783778,0.05568746459054852,72.53502536681339,73.6,-0.03062582589487861,-0.04465244145857661,0.2829953257394575,0.31838855,0.05516771909440976,-0.062128545844745586,2.838,-11.475695592729757,-1.6361853864599225,2.65,-3.2486068642142385,-1.8261575178593432,2.7,-1.4939063764194582,-1.311557549458718,2.98,-0.9345003520671652,-0.9417975057567952,0.33,1.1273179036752068,3.2161624815466077,4.57,-0.48463652192828244,-0.6029739853774359,4.415,-0.08883320372304238,-0.2255153067427892,6.415,-0.13982129534945653,-0.23059533087686424,-0.011124353855848312,0.0428400285500476,0.009599513614166642,0.0203224336917315,0.456185098953122,-0.31215577355607105,0.015187049580404106,0.0186557836076046,0.047232056424956204,-0.14748340259310733,0.01654278296029845,0.0172683411145697,1.3427632065515525,1.2443281028688964,0.002495337433242496,0.0085456805469235,-0.134998032195622,-0.7474195556177503,0.02451212126130378,0.0264483627204028,-0.029854527005017006,-0.10087729336783058,0.000601018088478688,0.0274229105589172,61.47023541283417,0.3691377286145274,0.0015994963999080081,0.0026751888842272,-0.9370237929591284,-0.962346503069134,-0.002024285165017552,-0.0021101100854784,-1.2001026464447775,-1.1919638323453061,3.030014346245725e-05,2.5727930981358803e-05,-3.4817142496042237,-3.922749514926636,0.001293431195392531,0.0008633492528115,0.510479291007488,1.26293244433958,2.6052057509976403e-05,5.284239716530581e-05,7.668936808323243,3.2739098223399354
2026-03-01,12,0.01545888112045333,0.01719118079965878,0.018559592965581736,0.001845064668182514,0.02410663799954652,4.239342459158963,3.90319828373074,5.424998153600177,0.7018017655599689,0.7060802210757446,2.5963037883173326,2.995800991931697,1.1115625232638195,57.38130570629733,68.68675508063052,0.008061908820541282,0.27676984829665385,-1.8570877484512914e-05,0.0012985003301340605,8.900843583647384e-05,0.002033917382815511,-0.002392925406352652,0.03448423370718956,13.818371854733233,1002865.3941856015,-1.8054941267732603,-2.1893174223272593,-0.8412053835385387,0.17344343284475022,1.814408886825118,3.4193499207305855,4.935730952424916,1.3913336189103807,68.93639143776282,65.2,-0.1676195328834068,-0.11991862413654397,70.31358030864875,73.4,-0.023136714428096505,-0.06421314604045625,0.2986075323748829,0.31838855,-0.07313172546100821,-0.13071670354774423,2.645,-1.3887034331228834,-0.7346685196370628,2.61,-1.3225115800362912,-0.7294711796644656,2.76,-4.08640890693775,-0.05931022162415478,3.12,16.272495953267068,-0.039807374380866456,0.51,-0.2010812445297362,1.1795343593408227,4.34,1.3364868249609563,-0.02319298176060758,4.32,0.1415030266620898,-0.09648187876603243,6.32,0.09912760762109296,-0.1416142162025037,-0.046253886073827744,0.0032906642710592,0.013978668682147092,0.0184809194405866,0.10589080204731482,-0.16352207636901794,0.01590436516311436,0.0164494440003808,0.0809095882386317,0.04509190701283328,0.03875582325335518,0.0151425458376566,-0.5211147278628641,0.22565869468445632,0.0021584717900906846,0.007762769756249,-0.14519861846098214,-0.7623187694447277,0.023780323475157933,0.0231539424280349,0.013722038925562563,0.041146149277718314,0.037545741474635234,0.0248679231596891,-0.7852776772037473,-0.6758109324702419,0.00010073021644173549,0.0026751888842272,19.191730492229933,-0.23971073788194852,0.0004050648186789151,-0.0021101100854784,-6.907512319033228,0.13402870438872494,-7.519629779583242e-05,2.4649514712679092e-05,-0.7530346835034987,-1.7533972859498332,0.001953701034983478,0.000807887844708,-0.3353638520516822,0.6072779639398902,0.00022584364028078844,7.872438761361886e-05,-0.605884692055925,0.13063357537094267
2026-04-01,13,0.015351086770673117,0.01801753464080106,0.019276136715700713,0.0015568332581315189,0.021728089436119417,4.306263113122652,3.9326867803698007,5.9371437989471785,1.629663197872496,1.7384692738226528,2.152267905941715,1.9947863462876145,0.4329659446442073,66.76423836538731,71.4726297640228,0.011969096342051792,0.32397910439689254,-4.5528744950546916e-05,0.0007868901077170593,0.00010939938905313427,0.0021998345581975766,-0.0013409625246570828,0.015508820302784443,13.833880675036017,1018539.8856351427,0.7018017655599689,0.7060802210757446,2.5963037883173326,2.995800991931697,4.239342459158963,3.90319828373074,5.424998153600177,1.1115625232638195,57.38130570629733,66.97593891014552,0.16351898137550136,-0.003160844748174685,68.68675508063052,75.68983300230843,0.04055912497426872,-0.055716905045318565,0.27676984829665385,0.3254325723506168,0.17057225124334274,-0.004466264526706065,2.8565473370308805,1.3221132773471793,-0.4294989700515932,2.7147011513761843,1.4621413005649946,-0.3596093356569443,3.0873843503883043,-0.1710261658799942,-0.30288306809904586,2.7554030789153656,-0.334139232993119,-0.276045540649958,0.9358519605202116,-0.610488896861228,-0.5373563737543119,3.7446165249611494,0.015785621144880357,0.14998774491797384,4.008962095077551,0.007554957369697135,-0.019026200023543605,6.107548934629297,0.09440475938358217,-0.02790074013421906,0.03448423370718956,-0.0055986372753977776,0.01545888112045333,0.01709038650903929,-0.006972972296008684,-0.10177064968344851,0.01719118079965878,0.014547371728001347,0.048068474805330386,0.2385422588824213,0.018559592965581736,0.01334688518451717,0.03860772978414917,0.4442423418807613,0.001845064668182514,0.007036988414352387,-0.15621751097478787,-0.7787642715232758,0.02410663799954652,0.02250494277517689,-0.09866778451113112,-0.03451923192243567,0.008061908820541282,0.02090894127147858,0.48464794237751985,-0.42756086084671496,0.002033917382815511,0.003149537363091894,0.0815751793971049,-0.30153724036535834,-0.002392925406352652,-0.0015418128751954426,-0.43961373760454714,-0.1302689540148637,-1.8570877484512914e-05,0.00012684451734413631,1.4516205541991956,-1.358933487263189,0.0012985003301340605,0.0005573393637526602,-0.3940008412351973,0.41186888795866694,8.900843583647384e-05,7.211783233400032e-05,0.2290901196614965,0.5169533735633007
2026-05-01,14,0.017003845732666792,0.018653847267994607,0.019749632667944692,0.0012488209986495744,0.020172834940117207,4.364961853771025,4.209040149176627,5.538374618659376,1.7974812439855798,1.9828314690554025,2.223742707883443,2.736393537769095,1.1094751998075343,56.38029333480211,73.87229542154006,0.01621480603696363,0.2901638988545305,3.3088567612577876e-05,0.0010269229490822783,4.289530867115183e-05,0.0016086848698752647,-0.002270777979354072,0.015144134871661663,13.849024809907679,1034082.1813019824,1.629663197872496,1.7384692738226528,2.152267905941715,1.9947863462876145,4.306263113122652,3.9326867803698007,5.9371437989471785,0.4329659446442073,66.76423836538731,63.38789632807918,-0.15553154330550356,-0.11055112094283026,71.4726297640228,76.21185632536586,0.033574609825328894,-0.030698122531455985,0.32397910439689254,0.32932934399421454,-0.10437464973338695,-0.11892485699777822,2.965081134822775,0.10297713437486222,-0.393783454059507,2.8425669318693823,0.14056169925593864,-0.3024503849584236,3.2086317243064104,0.033209063678554696,-0.30694984686529103,3.532834221176427,0.371772742911362,-0.22543958576751977,0.8053276467870429,1.5624999229887537,0.37766933028305516,5.286038571083557,0.013631015826575332,-0.1742470670477393,3.9646651339161187,0.0702708820306408,0.061638248630377035,5.594644262022258,-0.06716515445667914,-0.010057769668190164,0.015508820302784443,0.006409828085452318,0.015351086770673117,0.016171981803841613,0.1076639710714895,0.05143858921654054,0.01801753464080106,0.013939354358226862,0.03531629825495686,0.3382145821542517,0.019276136715700713,0.012504943799542478,0.024563840733621056,0.5793459758425525,0.0015568332581315189,0.0063659491663063655,-0.19784537481657782,-0.803827997047271,0.021728089436119417,0.01963771864259302,-0.07157806030643687,0.02724941258520497,0.011969096342051792,0.022858920650251587,0.354722660222486,-0.2906574074491497,0.0021998345581975766,0.0029271019530993977,-0.2687246120938601,-0.4504172059425914,-0.0013409625246570828,-0.002909053296506697,0.6933940640397585,-0.21940997709429744,-4.5528744950546916e-05,2.6347168139631206e-05,-1.7267621290355906,0.2558680856029574,0.0007868901077170593,0.0008485833456274933,0.30503985119549526,0.21016156441640987,0.00010939938905313427,1.475796276525754e-05,-0.6079017529950009,1.9065874032514722
2026-06-01,15,0.017367020807015757,0.01863831369448063,0.019993733340351434,0.0011233947638134172,0.026365468447186517,3.980736176937816,3.456842344394831,6.02431213522623,2.4651412189393644,1.740144788761849,1.7845515174562132,2.2581934157518986,1.3488150236341585,61.685137512447184,72.7767177836422,0.026317956371237308,0.3205387139540041,-0.0001730699985927355,0.0008478627838633461,0.00017547533606863128,0.0020755454710404803,-0.0019290789453303894,0.00795839074999094,13.85698320065767,1042344.6457193525,1.7974812439855798,1.9828314690554025,2.223742707883443,2.736393537769095,4.364961853771025,4.209040149176627,5.538374618659376,1.1094751998075343,56.38029333480211,69.43206453126155,0.09409039690771759,-0.11157563974388707,73.87229542154006,69.60326039335669,-0.01483069710567575,0.04559351634321418,0.2901638988545305,0.3075878699912846,0.10468157899512365,0.04210453410625847,0.7913898111738815,0.3714419703614671,2.1149519290408603,1.6272243836789442,-0.1223940027586744,0.06939448930061287,2.4683552502516357,-0.19750090191200753,-0.2770280869116033,2.3700714032860204,-0.17475561004542484,-0.04720447973803954,1.1966843137389938,0.21572345543924154,0.12712685221036968,3.668766397230434,-0.08802497930222797,0.08503397216647235,4.566263662913619,-0.17871005695418263,-0.24296041587114448,6.491740528019908,0.08774009524918713,-0.07200355448221396,0.015144134871661663,-0.042245589196681976,0.017003845732666792,0.014542856053646653,0.021358407977746685,0.19419601919672025,0.018653847267994607,0.012990821088888197,-0.0008327276025589248,0.43472945758779336,0.019749632667944692,0.013372061785228224,0.01235975759705843,0.49518702960511307,0.0012488209986495744,0.0057276180144844825,-0.10043571894754177,-0.8038635326286631,0.020172834940117207,0.021489112305155697,0.3069788418659083,0.22692217681141158,0.01621480603696363,0.031881524941366354,0.6230817877958155,-0.1745076052780118,0.0016086848698752647,0.0024168037758899963,0.29021258912033865,-0.14120232194847782,-0.002270777979354072,-0.0012679332903311926,-0.1504766371395233,0.5214356780761715,3.3088567612577876e-05,-0.00012158470520617238,-6.230507425378753,0.4234520559083397,0.0010269229490822783,0.0008508457152356137,-0.17436572566515474,-0.0035058428559420207,4.289530867115183e-05,7.605459307704243e-05,3.0907815214450904,1.3072286494370795
2026-07-01,16,0.016164146427612377,0.018766800776604826,0.020182867658032365,0.0008104929194404846,0.023308063193073793,2.8165996698528772,3.191933317735578,5.937797631161504,0.6334225791145821,2.4814208866405663,2.521061204061717,2.2751210186155215,1.10784460412187,70.64158273322445,73.54696850113785,0.019816325441302008,0.3159710117548488,-0.00034216129627489725,0.0003226777872412902,0.0001270061885323242,0.0022426526606265586,-0.0014219711026178243,-0.0038145987782627344,13.853168601879407,1038376.0931374317,2.4651412189393644,1.740144788761849,1.7845515174562132,2.2581934157518986,3.980736176937816,3.456842344394831,6.02431213522623,1.3488150236341585,61.685137512447184,62.21133004857556,0.14519616202476637,0.13550992525101813,72.7767177836422,74.78144492561056,0.010583751795258722,-0.016507790477981676,0.3205387139540041,0.3149118613557049,-0.014250079632536106,0.0033633232949188407,1.319716377374271,-0.7430481571408252,-0.5200312809826231,3.0302432656038314,0.42598529884754655,-0.18111495707058434,1.4091216989844002,0.41271416341925526,0.7891011158785841,2.840034766276284,0.0074960819323737216,-0.19891085643344075,0.3276773244666064,-0.17865342192218003,2.3809010309920615,3.861359282241729,-0.29244251699705737,-0.27056783273021723,4.132878223524596,-0.07663323931703026,-0.22767302952046875,5.800549164761156,-0.014360893347282966,0.023661288354237975,0.00795839074999094,-0.003287032013759017,0.017367020807015757,0.017955100127732694,-0.0692619875780568,-0.09974623852718512,0.01863831369448063,0.01239872591814145,0.006893707458215159,0.5136071964576454,0.019993733340351434,0.012086785298380193,0.009459679913766728,0.6698292523436455,0.0011233947638134172,0.0051670743114655415,-0.27853240414862923,-0.8431427785658063,0.026365468447186517,0.022762751018096015,-0.11596248556088073,0.02395633878103154,0.026317956371237308,0.012003848206922595,-0.24704163340892538,0.6508310584828934,0.0020755454710404803,0.00335185935784508,0.08051242043004092,-0.330922803972191,-0.0019290789453303894,-0.002109178576225619,-0.2628756298129177,-0.32581758669176053,-0.0001730699985927355,0.00012591676853062996,0.9770110305487647,-3.717360842941777,0.0008478627838633461,0.000980378174823451,-0.6194221595964075,-0.6708639629810211,0.00017547533606863128,0.00014274655652352447,-0.27621629695782435,-0.11026793482479746
2026-08-01,17,0.01641022058300106,0.018774360482045158,0.02022351522765057,0.0006141116738268781,0.02693949070669342,4.574094778727696,3.0645776025296305,5.098913120367905,-0.5537333002530069,1.3581511958414758,1.9108560705001294,2.3492516296001544,0.9582493890625219,63.00195158515833,70.49727976710933,0.020762549930628107,0.2904469697929561,-0.00022504214471094457,0.0012435066072067223,5.372024122407248e-05,0.0027588981271644596,-0.0023265637323714337,-0.02413877844810486,13.829029823431302,1013611.063952634,0.6334225791145821,2.4814208866405663,2.521061204061717,2.2751210186155215,2.8165996698528772,3.191933317735578,5.937797631161504,1.10784460412187,70.64158273322445,71.11528740953959,-0.10814637572486063,-0.11408708478752372,73.54696850113785,70.05893560123684,-0.04146586591099721,0.0062567916870373,0.3159710117548488,0.3004584715527825,-0.08077969501105997,-0.03332075047871519,1.2099453751134237,-1.8741925509302693,-1.457651487118663,1.824859678893048,-0.4526719738866275,-0.2557503398478701,1.8027633861038568,-0.24204296689762128,0.05995944072831616,2.165289125357798,0.03258315068872397,0.08495978762741818,1.4285379474466784,-0.135032670198294,-0.3292097064867858,4.230004505231272,0.6239776023855816,0.08134513168269342,4.013854234161892,-0.03989924053184679,-0.2365000262224206,4.664929164315876,-0.14127873041532135,0.09303119956713712,-0.0038145987782627344,-0.03766917064785957,0.016164146427612377,0.013762613703739065,0.015223454977389306,0.19237674879610167,0.018766800776604826,0.01290030465611321,0.00040282334375052464,0.45534241109169016,0.020182867658032365,0.013311825489569076,0.0020139640365737232,0.519214268809141,0.0008104929194404846,0.004632768096746442,-0.24229853327920037,-0.8674417408766556,0.023308063193073793,0.020864734761069224,0.15580134151595826,0.2911494449936103,0.019816325441302008,0.033611192387765707,0.047749745134581856,-0.38227273548957563,0.0022426526606265586,0.0023318774037155484,0.23019412484217283,0.18312314479676695,-0.0014219711026178243,-0.0007377694752171209,0.6361540175382396,2.1535104263926628,-0.00034216129627489725,-3.1926647576075505e-05,-0.3422922254475489,6.048724554455938,0.0003226777872412902,0.00045943191739242174,2.8537099743926895,1.706617803709503,0.0001270061885323242,6.58004027102163e-05,-0.5770265855163412,-0.1835879567385722
2026-09-01,18,0.014191883457694208,0.01898462196167965,0.020217354377284648,0.0003994944391163981,0.026598720606490444,2.8225190643229734,2.59656720352205,6.15799848609028,1.6612033450060817,1.8093948239854662,1.139826543808153,2.42680199895178,0.4699234556095682,60.94375369559424,77.12217184829228,0.00777761297141147,0.2868780132979496,-0.0006844068751687849,0.0009237465612080645,5.92028930165826e-05,0.0020027279229928975,-0.002039350092933423,-0.0029216394759714603,13.82610818395533,1010653.9797253812,-0.5537333002530069,1.3581511958414758,1.9108560705001294,2.3492516296001544,4.574094778727696,3.0645776025296305,5.098913120367905,0.9582493890625219,63.00195158515833,59.16569967850427,-0.032668795771859105,0.03005210834574079,70.49727976710933,73.55695158258834,0.09397372640573587,0.04846884201965573,0.2904469697929561,0.2799347820761612,-0.01228780764196169,0.024803031514316842,1.150091542375737,-4.000006220046833,0.4444096698377107,2.0509703204217313,0.3322484488661157,-0.11778595430215244,1.9711281857273515,-0.40349953018187,-0.42173900608724035,2.947751795512717,0.033010669599844,-0.1767278362289405,1.3603474013696055,-0.5096021338773766,-0.6545562882419251,4.009841601787482,-0.3829338479278147,-0.2961021046156116,4.851128316181747,-0.1527161193833907,-0.46474984080285664,6.225821252002021,0.20770806262452246,-0.010893786243851955,-0.02413877844810486,0.014389032498002052,0.01641022058300106,0.013447358462558415,-0.1351802137019884,0.05536589191169261,0.018774360482045158,0.01317462763384276,0.011199395038546056,0.44099875072842853,0.02022351522765057,0.013059797687398348,-0.00030463795717861064,0.5480603039350882,0.0006141116738268781,0.0041359879847553925,-0.3494759078150693,-0.9034101548193872,0.02693949070669342,0.02650318527011268,-0.012649463344097556,0.003604673755403187,0.020762549930628107,0.003592080604553651,-0.6254018414213065,1.1652111485337646,0.0027588981271644596,0.0023297062535804908,-0.27408413407012555,-0.14035174180653254,-0.0023265637323714337,-0.001849154979140623,-0.12344971918962122,0.1028551505624431,-0.00022504214471094457,0.0001118596507848753,2.0412386801941986,-7.118442801909091,0.0012435066072067223,0.0009489007812134414,-0.25714382548954196,-0.026508798921221266,5.372024122407248e-05,9.820072430292085e-05,0.10205932936230555,-0.39712366240844843
2026-10-01,19,0.016583886744205634,0.018913624049807662,0.020313911496189864,0.00021653422727703066,0.025877130564992544,3.6896729776080956,4.590679874162111,5.2794364723636855,2.664719976975703,0.5999810686770879,2.4713342191372374,2.217303986861667,0.5456789125249597,64.32018800445077,68.65374042899028,0.0100468222638926,0.306192429694622,-0.0002255089173130033,0.0008802334077522231,0.00010580768906814236,0.0022661118294233446,-0.0015949286415759322,-0.023202378302812576,13.802905805652518,987474.3548544202,1.6612033450060817,1.8093948239854662,1.139826543808153,2.42680199895178,2.8225190643229734,2.59656720352205,6.15799848609028,0.4699234556095682,60.94375369559424,66.66732334687023,0.05540246709648633,-0.03520668334331223,77.12217184829228,68.54174781879429,-0.1098054063617443,0.0016339328038739165,0.2868780132979496,0.31490963366513164,0.06732623450167519,-0.02768160462115088,2.0964665783824787,0.6040901825693996,0.2710529251707212,1.9300174402054173,-0.6684078783006913,-0.6891317890820561,2.1323434480226098,1.1681669308038098,0.15897569006952628,2.75305107173703,-0.08632678404773142,-0.1946012154933744,1.1237990482979134,0.16120807763707856,-0.5144337296321477,3.651029286395314,0.30722694639907533,0.010584327920013736,3.355359412642697,0.7679803811490786,0.368163379715698,5.4109448517558505,-0.14267006003835425,-0.02430414336037645,-0.0029216394759714603,-0.002826924668624997,0.014191883457694208,0.013790524411259362,0.16854727518316737,0.20255664321696232,0.01898462196167965,0.013521989294282104,-0.0037397590542121995,0.3987308847970661,0.020217354377284648,0.014589181568125973,0.004775952239018055,0.3923955501774765,0.0003994944391163981,0.003628168324206367,-0.4579793707367714,-0.9403185828418267,0.026598720606490444,0.024707652770428145,-0.027128749994156598,0.04733261412691192,0.00777761297141147,0.033687619811182616,0.29176166271350423,-0.7017651493277197,0.0020027279229928975,0.001854596789357799,0.1315125751264523,0.22188922272859268,-0.002039350092933423,-0.001641976414778098,-0.21792307897376784,-0.028653135805561503,-0.0006844068751687849,-8.553766439106975e-05,-0.6705045996836465,1.6363698251333916,0.0009237465612080645,0.0007235276504674596,-0.047105077608013524,0.21658572023269373,5.92028930165826e-05,4.88898163556066e-05,0.7872047070150079,1.1642071285057818
2026-11-01,20,0.016563674927920127,0.018699796569958564,0.02019945817633046,4.893768158375697e-05,0.0235984277595022,2.9695107394247473,2.9773655765050098,5.957296839375406,2.2264284461149146,1.0039797848769108,1.9884378918687942,2.341023975145801,1.3549086276010491,72.15291836106421,74.63102137225508,0.0351468909652779,0.2898897151008476,-0.0005022416750898488,0.0006697865213038702,0.00011648022742239496,0.001911762010471214,-0.0008590216028760111,0.0042941393330693245,13.807199944985587,991723.8246999154,2.664719976975703,0.5999810686770879,2.4713342191372374,2.217303986861667,3.6896729776080956,4.590679874162111,5.2794364723636855,0.5456789125249597,64.32018800445077,66.78198028105601,0.12177716825192486,0.08042495980808417,68.65374042899028,66.59151611435294,0.08706417022459556,0.12072867126341524,0.306192429694622,0.3194190436965594,-0.053243362711592024,-0.09244698830093534,1.42871537990818,-0.16447939545160872,0.5583428844015117,1.7556127125993601,0.6733524394204786,-0.4281313995554189,2.1534020089682833,-0.1953990373010034,-0.07660627992936864,3.3139598743202803,0.05579748605388346,-0.29358710909981567,1.5156298808327273,1.4829778034332137,-0.10604254723677897,3.799823444290688,-0.19518321611532308,-0.21851349596610936,4.13651352748826,-0.35143254199391605,-0.2802234159952327,5.6399285812568785,0.1283963488452078,0.05627168031404417,-0.023202378302812576,0.010725070722401142,0.016583886744205634,0.01295022078988978,-0.0012187623201520559,0.27902645033290585,0.018913624049807662,0.014100776252400525,-0.01130547373078783,0.32615369787000903,0.020313911496189864,0.015079400281191256,-0.005634233460201421,0.3395398888326828,0.00021653422727703066,0.0032540968882108336,-0.7739956301636007,-0.9849612094338519,0.025877130564992544,0.02257397787103285,-0.08805855810663377,0.04538189477823207,0.0100468222638926,0.014661511785533357,2.498309220776479,1.397221478889895,0.0022661118294233446,0.0010122746701674127,-0.1563690786797145,0.888580310080308,-0.0015949286415759322,-0.0019711632251675,-0.4614043660114969,-0.5642057482058516,-0.0002255089173130033,-0.00011156936841943076,1.2271477379883127,3.5016090187204023,0.0008802334077522231,0.0006358294585945726,-0.23908077629745172,0.053405928665771096,0.00010580768906814236,5.173672644006239e-05,0.10086732304850976,1.251403121868151
2026-12-01,21,0.015621693168302564,0.018893155913783273,0.02034485350815151,-0.00011025191732482335,0.023288744357321325,3.419882442767396,3.4134459909576003,5.722554265602642,1.545712407426255,1.7101410265754122,1.2887917798630668,3.0115623711960975,1.1757712326403742,58.6482927252062,77.11934690726126,0.011847039032669121,0.3021101846887132,-2.7880735289391423e-05,0.0013826181629829999,0.00010451027687547102,0.001959380532542925,-0.0016199788813952183,0.006283455528318882,13.813483400513906,997974.8958456106,2.2264284461149146,1.0039797848769108,1.9884378918687942,2.341023975145801,2.9695107394247473,2.9773655765050098,5.957296839375406,1.3549086276010491,72.15291836106421,62.355859855570806,-0.18716672786925692,-0.0594581991003269,74.63102137225508,71.63249522639771,0.03334170548992699,0.07659724352086461,0.2898897151008476,0.3138389226974863,0.04215558176534251,-0.037371840012586977,1.2820494633458421,-0.30574350587215116,0.2056573881262862,1.9312888267679393,0.7033620121993569,-0.11450788568099546,1.2199740022425667,-0.3518571612755673,0.05640921650297348,2.239546975544241,0.28642952962860413,0.3447194473177977,0.2496192566701546,-0.13221363515696916,3.7102585286279863,5.035182318614449,0.15166528861582584,-0.3208026588978692,3.6445264997881894,0.14646518986240342,-0.06340480960805717,5.805105674962313,-0.03940420967798808,-0.014220483481587443,0.0042941393330693245,-0.0006180086056701839,0.016563674927920127,0.013916671561197882,-0.05687033606471814,0.12251647957681056,0.018699796569958564,0.014564894282586562,0.01034018434913575,0.29717082370940906,0.02019945817633046,0.015727144617924738,0.007197981775145967,0.2936139396190087,4.893768158375697e-05,0.002550662023966583,-3.252904382814435,-1.0432248241001245,0.0235984277595022,0.02089959837498168,-0.013123052320982542,0.11431540163947007,0.0351468909652779,0.016319001048839744,-0.6629278235627448,-0.27403405409356063,0.001911762010471214,0.002245939540551552,0.024908185124974835,-0.12758981389955615,-0.0008590216028760111,-0.0015150262016517453,0.8858418414292681,0.06927449811036213,-0.0005022416750898488,0.00027303154357839277,-0.9444874117935281,-1.1021154366414307,0.0006697865213038702,0.0006587146445555758,1.0642669253652102,1.0989637537447345,0.00011648022742239496,-4.333782786983788e-05,-0.10276379787203738,-3.41152549660219
2027-01-01,22,0.015917060465312688,0.018887017132534968,0.019908765076343878,0.04015258025723839,0.020908073418941582,7.997077621663893,7.412399279550705,10.415436001646771,6.556089631466237,7.408946796175449,6.204178926253997,6.220287256069846,-0.8749212502100543,61.80949766309594,75.59480253920073,-0.034754829216816274,0.2818082801203381,-0.00038291245252325835,0.0004896581122895401,-0.0001189839079960586,0.004024498180302949,-0.0023711603713475115,-0.022166328504681587,13.791317072009225,976096.8304582908,1.545712407426255,1.7101410265754122,1.2887917798630668,3.0115623711960975,3.419882442767396,3.4134459909576003,5.722554265602642,1.1757712326403742,58.6482927252062,66.56047611217862,0.05390105646726018,-0.07137837237034717,77.11934690726126,72.53502536681339,-0.01976863691407882,0.042183443886782745,0.3021101846887132,0.2829953257394575,-0.06720033152571037,-0.004194576769131153,0.17235076284827255,3.2414679470566545,37.03922607083457,0.9736328111282817,3.332360127639296,6.609590300875016,1.7031676927048436,3.813949796384631,2.642729340644657,2.6480055743597877,1.0654685141385083,1.3490461335504307,0.6540318287674252,-1.7441254097068566,-2.3377349721020653,3.52063924594328,1.338407169105086,1.2714845410186997,3.7527156769782493,1.1715296797390509,0.9752093996951283,5.738029697480256,0.820067668777261,0.8151589571278286,0.006283455528318882,-0.011124353855848312,0.015621693168302564,0.009599513614166642,0.018907508541356144,0.6581111403209869,0.018893155913783273,0.015187049580404106,-0.0003249209013209686,0.2436264879851937,0.02034485350815151,0.01654278296029845,-0.02143482781200201,0.2034713339420311,-0.00011025191732482335,0.002495337433242496,-365.18940578549007,15.091042326513435,0.023288744357321325,0.02451212126130378,-0.10222410027148277,-0.14703125053692312,0.011847039032669121,0.000601018088478688,-3.9336300083908866,-58.826594378862325,0.001959380532542925,0.0015994963999080081,1.0539645635245094,1.51610330634968,-0.0016199788813952183,-0.002024285165017552,0.4636983226011766,0.17135688801382476,-2.7880735289391423e-05,3.030014346245725e-05,12.733943834291772,-13.637314836403263,0.0013826181629829999,0.001293431195392531,-0.6458471865919204,-0.6214270120948038,0.00010451027687547102,2.6052057509976403e-05,-2.1384900275198158,-5.567159732028642
2027-02-01,23,0.016809329899917146,0.018873989454567454,0.020270138924275476,-0.0003873925540408703,0.025609333286707465,3.632618772700622,3.652199724138846,5.383501972167574,1.9073685044043382,1.0403873802352055,1.7285499818060464,2.6553463876895447,0.7349747272604825,70.18126750857252,72.15160009374814,0.016518186305740663,0.2758528972582951,-0.0006236792238911121,0.0006862522000570955,4.760299183758889e-05,0.0010046197402462168,-0.001218890774718618,-0.04019823670387268,13.751118835305352,937637.6336756934,6.556089631466237,7.408946796175449,6.204178926253997,6.220287256069846,7.997077621663893,7.412399279550705,10.415436001646771,-0.8749212502100543,61.80949766309594,68.93639143776282,0.13544471581226003,0.018058329495439285,75.59480253920073,70.31358030864875,-0.04554813730305152,0.026140324202397425,0.2818082801203381,0.2986075323748829,-0.021132746204263197,-0.07620248201917701,-1.8054941267732603,-0.7090691842817645,-2.0564246519113,-2.1893174223272593,-0.8595768860464403,-1.4752108440854896,-0.8412053835385387,-0.7213894050522294,-3.054848929443228,0.17344343284475022,-0.5731151507354553,14.309581597513432,1.3913336189103807,-1.840046720872338,-0.4717480284591441,1.814408886825118,-0.5457567195721666,1.0020948966233498,3.4193499207305855,-0.5072850791761152,0.0680976819589465,4.935730952424916,-0.48312274480718853,0.09072030547424159,-0.022166328504681587,-0.046253886073827744,0.015917060465312688,0.013978668682147092,0.056057425713054165,0.202498627167925,0.018887017132534968,0.01590436516311436,-0.0006897689495433124,0.1867175621910575,0.019908765076343878,0.03875582325335518,0.0181514949091941,-0.47697823906964376,0.04015258025723839,0.0021584717900906846,-1.0096480114493025,-1.1794753843063173,0.020908073418941582,0.023780323475157933,0.2248538052055431,0.07691273894824024,-0.034754829216816274,0.037545741474635234,-1.4752774413792333,-0.5600516687917896,0.004024498180302949,0.00010073021644173549,-0.7503739111715556,8.973370213368998,-0.0023711603713475115,0.0004050648186789151,-0.48595177726172434,-4.009125252333511,-0.00038291245252325835,-7.519629779583242e-05,0.6287775959786248,7.294015026969561,0.0004896581122895401,0.001953701034983478,0.4014925574260826,-0.6487424699230406,-0.0001189839079960586,0.00022584364028078844,-1.4000792429776787,-0.7892214641138235
2027-03-01,24,0.017482187580493032,0.018907249497731926,0.02001043282516531,-0.0005151855126033926,0.017669977134020444,3.695566722653628,3.918711093348797,5.334623003724257,0.7290137243762718,1.1856954041021153,1.814903521869596,1.9857772711089092,0.13477423056724724,71.40349834401727,70.92746903587394,0.01881161002765946,0.26985616758020714,-0.00046513283708261735,0.0009630806030023053,6.89597293997504e-05,0.0016414243036783987,-0.0010073690597953134,0.042120177298784256,13.793239012604136,977974.6345172101,1.9073685044043382,1.0403873802352055,1.7285499818060464,2.6553463876895447,3.632618772700622,3.652199724138846,5.383501972167574,0.7349747272604825,70.18126750857252,57.38130570629733,0.01741534285192925,0.2443686574420536,72.15160009374814,68.68675508063052,-0.016966097166017935,0.032622213010544465,0.2758528972582951,0.27676984829665385,-0.021738867844744436,-0.02497989126704414,0.7018017655599689,-0.617790834496379,0.03877442342224713,0.7060802210757446,0.13966723032920614,0.6792644358393944,2.5963037883173326,0.04995721325531166,-0.30096642386912786,2.995800991931697,-0.25215885945608674,-0.3371464671862342,1.1115625232638195,-0.8166273947002236,-0.8787524518445287,4.239342459158963,0.01732853180908056,-0.12826888644736045,3.90319828373074,0.07297283537054966,0.003974384207616977,5.424998153600177,-0.009079400118365055,-0.016659019471913394,-0.04019823670387268,0.03448423370718956,0.016809329899917146,0.01545888112045333,0.04002882236127703,0.13088311141501086,0.018873989454567454,0.01719118079965878,0.0017622158391332743,0.0998226194042009,0.020270138924275476,0.018559592965581736,-0.012812250576099582,0.07817196542370919,-0.0003873925540408703,0.001845064668182514,0.32987974918340845,-1.279223553237772,0.025609333286707465,0.02410663799954652,-0.3100180728565841,-0.2670078202380256,0.016518186305740663,0.008061908820541282,0.13884234500501735,1.3333940443147356,0.0010046197402462168,0.002033917382815511,0.6338762199477694,-0.1929739538357218,-0.001218890774718618,-0.002392925406352652,-0.17353623418155306,-0.5790219548336164,-0.0006236792238911121,-1.8570877484512914e-05,-0.25421142910506067,24.04635752782885,0.0006862522000570955,0.0012985003301340605,0.403391643658378,-0.25831316276764105,4.760299183758889e-05,8.900843583647384e-05,0.448642758317084,-0.22524501468104552
2027-04-01,25,0.01730118968678311,0.019680244693061278,0.020710491479137724,-0.0006303839636530303,0.025070031071253,4.514478833653777,3.9580886845100083,5.518461733142695,1.7776317868070048,0.30443226637108345,1.7298724848375877,1.8220582126616067,0.4656741147547721,64.62885136987964,76.61355544975656,0.028476268465513252,0.30171655249008816,-0.0005457671745588375,0.0012635946586124316,0.00011382180930880857,0.0021938774580377036,-0.001852771578899705,0.0027119636069983244,13.795950976211135,980630.4657656874,0.7290137243762718,1.1856954041021153,1.814903521869596,1.9857772711089092,3.695566722653628,3.918711093348797,5.334623003724257,0.13477423056724724,71.40349834401727,66.76423836538731,-0.09487836214267586,-0.031983993943301314,70.92746903587394,71.4726297640228,0.08016762040397474,0.07192859284326425,0.26985616758020714,0.32397910439689254,0.11806431995078048,-0.06871601163367469,1.629663197872496,1.4384064762675184,0.09079703654575977,1.7384692738226528,-0.7432458072133465,-0.824884873747766,2.152267905941715,-0.04685154665654889,-0.19625596792017874,1.9947863462876145,-0.08244583157902574,-0.08658979140671508,0.4329659446442073,2.4552162738737975,0.075544440654433,4.306263113122652,0.2215931066756991,0.04835183430771339,3.9326867803698007,0.010048607877229498,0.00645917296719456,5.9371437989471785,0.03446142853770451,-0.07051910480570256,0.042120177298784256,0.015508820302784443,0.017482187580493032,0.015351086770673117,-0.010353274890602449,0.12703354135392497,0.018907249497731926,0.01801753464080106,0.0408835349330996,0.09228288361355386,0.02001043282516531,0.019276136715700713,0.03498468324443316,0.074410904248708,-0.0005151855126033926,0.0015568332581315189,0.22360576575126134,-1.404914245222128,0.017669977134020444,0.021728089436119417,0.4187925021694028,0.15380743184801826,0.01881161002765946,0.011969096342051792,0.5137603014119183,1.3791494070831192,0.0016414243036783987,0.0021998345581975766,0.3365693764380535,-0.0027079764419892793,-0.0010073690597953134,-0.0013409625246570828,0.8392182694951624,0.38167289900476864,-0.00046513283708261735,-4.5528744950546916e-05,0.1733576540886057,10.987309888547268,0.0009630806030023053,0.0007868901077170593,0.3120341689712205,0.6058082904084241,6.89597293997504e-05,0.00010939938905313427,0.6505547556458444,0.04042454253127836
2027-05-01,26,0.017512896838168875,0.018840774565805646,0.02014112959836229,-0.0007382831575693885,0.030717596832779026,3.685292629534819,3.1690070524503007,5.301761007319709,1.6651412397524472,0.9856105001868135,1.73817031126234,2.701716014520318,1.6196757101329116,60.73270267482896,67.79587496684714,0.03066097006687333,0.29082861660323905,-0.00034464692946027507,0.0010259914660457662,0.00015017447554126938,0.0020803301426456458,-0.002644111945994174,-0.0011413036845624447,13.794809672526572,979511.9070309346,1.7776317868070048,0.30443226637108345,1.7298724848375877,1.8220582126616067,4.514478833653777,3.9580886845100083,5.518461733142695,0.4656741147547721,64.62885136987964,56.38029333480211,-0.06028497509189046,0.07719735181548293,76.61355544975656,73.87229542154006,-0.11509295491046734,-0.0822557417502574,0.30171655249008816,0.2901638988545305,-0.03608663759740793,0.002290835460002638,1.7974812439855798,-0.06328112935953623,-0.07362524903998069,1.9828314690554025,2.2375362570320236,-0.5029277497515476,2.223742707883443,0.0047967850217187635,-0.21835817376699607,2.736393537769095,0.48278249056254596,-0.012672710547711907,1.1094751998075343,2.478131291420066,0.45985751679161835,4.364961853771025,-0.1836726308112644,-0.15571023230111813,4.209040149176627,-0.19935926022774098,-0.24709507627998706,5.538374618659376,-0.0392683208296124,-0.04272257252922018,0.0027119636069983244,0.015144134871661663,0.01730118968678311,0.017003845732666792,0.012236566110103597,0.02993741024856056,0.019680244693061278,0.018653847267994607,-0.04265547204052833,0.010020844232586867,0.020710491479137724,0.019749632667944692,-0.02749147123567619,0.019822998077986043,-0.0006303839636530303,0.0012488209986495744,0.17116424296565236,-1.591184131567085,0.025070031071253,0.020172834940117207,0.22527159003013408,0.5227208730931376,0.028476268465513252,0.01621480603696363,0.0767200802312249,0.8909242575568224,0.0021938774580377036,0.0016086848698752647,-0.051756452930429075,0.2931868643775781,-0.001852771578899705,-0.002270777979354072,0.4271116721060766,0.1644079562310612,-0.0005457671745588375,3.3088567612577876e-05,-0.3685092370407489,-11.415891479365982,0.0012635946586124316,0.0010269229490822783,-0.18803750945542952,-0.0009070622458525746,0.00011382180930880857,4.289530867115183e-05,0.31938225594211755,2.500953372140331
2027-06-01,27,0.018017999307065127,0.01879981854926294,0.02049752148717434,-0.0008354623087270531,0.019756746475789448,3.1740404145768184,3.3608118800985776,5.867397515255058,1.9418417212390218,1.6902160216960795,2.4544623642658143,2.5686177395211605,0.4531474283931003,72.22055897545992,69.316307097223,0.018748845762610857,0.2910711610792094,-0.0005456700781052183,0.0008213614757546611,4.525537163197471e-05,0.0010199397109137364,-1.1276243372353905e-05,-0.007560006808489561,13.787249665718083,972134.7113058763,1.6651412397524472,0.9856105001868135,1.73817031126234,2.701716014520318,3.685292629534819,3.1690070524503007,5.301761007319709,1.6196757101329116,60.73270267482896,61.685137512447184,0.18915437309184946,0.1707935150649027,67.79587496684714,72.7767177836422,0.022426617122640158,-0.04754832028433387,0.29082861660323905,0.3205387139540041,0.0008339773396550676,-0.09193133806303089,2.4651412189393644,0.16617237918370886,-0.2122797240498433,1.740144788761849,0.7148924665227434,-0.028692306173726423,1.7845515174562132,0.4120954364266354,0.375394512434432,2.2581934157518986,-0.049264346912785695,0.1374657819848002,1.3488150236341585,-0.7202233598008858,-0.6640403461905624,3.980736176937816,-0.13872771211184232,-0.20264989351330198,3.456842344394831,0.060525213252514476,-0.027779821793714077,6.02431213522623,0.10668842053695382,-0.026046894060093417,-0.0011413036845624447,0.00795839074999094,0.017512896838168875,0.017367020807015757,0.028841742948853222,0.037483602241461744,0.018840774565805646,0.01863831369448063,-0.0021737968574305766,0.008665207455443635,0.02014112959836229,0.019993733340351434,0.017694731920151474,0.02519730248708263,-0.0007382831575693885,0.0011233947638134172,0.13162856305377812,-1.7436943233481312,0.030717596832779026,0.026365468447186517,-0.35682642807829146,-0.25065824203484965,0.03066097006687333,0.026317956371237308,-0.38851100530353244,-0.28760252133021524,0.0020803301426456458,0.0020755454710404803,-0.5097221878366696,-0.5085919700894648,-0.002644111945994174,-0.0019290789453303894,-0.9957353381389781,-0.9941545972498173,-0.00034464692946027507,-0.0001730699985927355,0.5832727103060227,2.152886592373974,0.0010259914660457662,0.0008478627838633461,-0.19944609391319945,-0.03125660025780341,0.00015017447554126938,0.00017547533606863128,-0.6986480460886437,-0.7420983903158072
2027-07-01,28,0.020494339254303582,0.0188849206205638,0.020868303735050255,-0.000933697013342846,0.02363690384467866,3.9006892613844726,3.567147402603358,4.573495054521681,3.007284459130224,1.4555178626600238,2.0689667220771226,2.8596944116510006,1.020234822585154,70.4972719845156,71.41330171863173,0.016442563659204157,0.3070877142207945,-0.0004585992633061987,0.001148530691627651,9.346837329359113e-05,0.0019704772366470375,-0.0010403213231399869,0.019883086904883385,13.807132752622966,991657.1906717399,1.9418417212390218,1.6902160216960795,2.4544623642658143,2.5686177395211605,3.1740404145768184,3.3608118800985776,5.867397515255058,0.4531474283931003,72.22055897545992,70.64158273322445,-0.02386144631655207,-0.0020428583721550098,69.316307097223,73.54696850113785,0.030252543870628923,-0.029010941252773925,0.2910711610792094,0.3159710117548488,0.05502624541091694,-0.028114280119299506,0.6334225791145821,0.5486764066493433,3.747674867122514,2.4814208866405663,-0.13885690114364402,-0.4134337022404311,2.521061204061717,-0.1570590968519504,-0.17932705531155635,2.2751210186155215,0.11332035423227382,0.2569416695869695,1.10784460412187,1.2514412720005814,-0.07908129101387784,2.8165996698528772,0.228934969911067,0.38489303365863914,3.191933317735578,0.061394546873218214,0.11755072788737464,5.937797631161504,-0.2205240836962673,-0.22976575851625136,-0.007560006808489561,-0.0038145987782627344,0.018017999307065127,0.016164146427612377,0.13743700979428075,0.26788874043445676,0.01879981854926294,0.018766800776604826,0.004526749610793246,0.0062940852500670275,0.02049752148717434,0.020182867658032365,0.018089125951540996,0.03396128283807576,-0.0008354623087270531,0.0008104929194404846,0.11758125242713535,-2.152011314284416,0.019756746475789448,0.023308063193073793,0.19639657641221864,0.014108450319569421,0.018748845762610857,0.019816325441302008,-0.12300928455051408,-0.1702516337900929,0.0010199397109137364,0.0022426526606265586,0.931954620025276,-0.12136316459432461,-1.1276243372353905e-05,-0.0014219711026178243,91.25779266972498,-0.26839489127115645,-0.0005456700781052183,-0.00034216129627489725,-0.15956677540642106,0.34030139673586435,0.0008213614757546611,0.0003226777872412902,0.39832549435361475,2.559373272783754,4.525537163197471e-05,0.0001270061885323242,1.0653542313980693,-0.2640644178547048
2027-08-01,29,0.018755331922834403,0.018832765756745303,0.020353584831426703,-0.0010140285514624037,0.027429603308647257,4.0928972517670905,3.3044908650365006,4.875730215031695,1.496432255736605,1.4704800191995522,1.5935005302167762,1.8709352571319946,1.3067536394526027,67.35194271555187,77.35580067093791,0.01905067354414634,0.3131912339590982,-0.0006668395685200265,0.0011283379772045314,0.00010327974035827779,0.003052695055354026,-0.001317229747086816,0.002724498976022005,13.809857251598988,994362.6435004966,3.007284459130224,1.4555178626600238,2.0689667220771226,2.8596944116510006,3.9006892613844726,3.567147402603358,4.573495054521681,1.020234822585154,70.4972719845156,63.00195158515833,-0.04461632599988541,0.06904533940530011,71.41330171863173,70.49727976710933,0.0832127742212454,0.09728773828559034,0.3070877142207945,0.2904469697929561,0.019875493077900597,0.07830780325356912,-0.5537333002530069,-0.5023975031050412,-3.702442231761876,1.3581511958414758,0.010279610387044169,0.08270715639173032,1.9108560705001294,-0.22980852557309672,-0.1660802952052226,2.3492516296001544,-0.34575692790481105,-0.20360372062381837,0.9582493890625219,0.2808361472523002,0.363688466038085,4.574094778727696,0.0492753914764279,-0.10520060257571939,3.0645776025296305,-0.07363209531940473,0.07828591526246087,5.098913120367905,0.0660840685093127,-0.04377068211746793,0.019883086904883385,-0.02413877844810486,0.020494339254303582,0.01641022058300106,-0.0848530567338982,0.14290553426579677,0.0188849206205638,0.018774360482045158,-0.002761720044600402,0.0031109062146750244,0.020868303735050255,0.02022351522765057,-0.0246651050396125,0.006431602138004866,-0.000933697013342846,0.0006141116738268781,0.0860359805928399,-2.651211977690339,0.02363690384467866,0.02693949070669342,0.16045669470464263,0.018193090852755667,0.016442563659204157,0.020762549930628107,0.15861941841911165,-0.08245019962391398,0.0019704772366470375,0.0027588981271644596,0.5492160977959275,0.10649067658454103,-0.0010403213231399869,-0.0023265637323714337,0.26617586104170243,-0.4338303615933262,-0.0004585992633061987,-0.00022504214471094457,0.45407902252732013,1.9631763835904992,0.001148530691627651,0.0012435066072067223,-0.017581345078818367,-0.09261601774749972,9.346837329359113e-05,5.372024122407248e-05,0.10496991355427165,0.9225479633921914
2027-09-01,30,0.01774174469436984,0.01883686751445289,0.01990012477887694,-0.0010943354060753765,0.024213227038636518,2.5807693575901935,4.250533744563238,4.889823024190093,0.9665729263217248,1.2146158797491688,2.0719291463174327,2.078969586699542,0.44255763163834627,62.18597627266561,74.2501786574941,0.022414610056422334,0.29381300452526754,-0.00044972939860551004,0.0010185533872581107,0.00010317560220316052,0.0016090094267322086,-0.002611399414173923,-0.010824060067534447,13.799033191531453,983657.6428200613,1.496432255736605,1.4704800191995522,1.5935005302167762,1.8709352571319946,4.0928972517670905,3.3044908650365006,4.875730215031695,1.3067536394526027,67.35194271555187,60.94375369559424,-0.07670107549389826,0.02038309919792769,77.35580067093791,77.12217184829228,-0.04014724153208293,-0.03723952686975285,0.3131912339590982,0.2868780132979496,-0.06187347324146819,0.024174007438190426,1.6612033450060817,-0.35408173499578965,-0.4181489405090344,1.8093948239854662,-0.17400041898540153,-0.3287170585169502,1.139826543808153,0.30023750041399255,0.8177582874979654,2.42680199895178,0.11119269294569212,-0.14332953920529112,0.4699234556095682,-0.6613304770869182,-0.05823464150288893,2.8225190643229734,-0.36945171138221033,-0.08565033617966633,2.59656720352205,0.28629005742955416,0.6369819886801715,6.15799848609028,0.0028903997015568006,-0.2059395540230723,0.002724498976022005,-0.0029216394759714603,0.018755331922834403,0.014191883457694208,-0.05404261746125283,0.2501332009424764,0.018832765756745303,0.01898462196167965,0.00021779900841800703,-0.0077828490619934465,0.020353584831426703,0.020217354377284648,-0.022279124601657596,-0.01569095503238216,-0.0010140285514624037,0.0003994944391163981,0.07919585153411757,-3.7393007234239053,0.027429603308647257,0.026598720606490444,-0.11725930680874153,-0.08968452291919005,0.01905067354414634,0.00777761297141147,0.1765783506016576,1.8819395023656678,0.003052695055354026,0.0020027279229928975,-0.472921665100411,-0.196591105431991,-0.001317229747086816,-0.002039350092933423,0.9824935019492926,0.28050569797834846,-0.0006668395685200265,-0.0006844068751687849,-0.3255808145823852,-0.34289175792601434,0.0011283379772045314,0.0009237465612080645,-0.09729761132246306,0.10263294071272,0.00010327974035827779,5.92028930165826e-05,-0.0010083115503196627,0.7427459528753311
2027-10-01,31,0.018603753783461924,0.018884422730409522,0.020448267487275046,-0.0011685258830133125,0.030976032579039036,3.7022337902474107,3.656548930432654,5.903904027653298,1.1942901484508412,1.1343796132804074,0.851940071188979,1.3530439602236948,0.9988159146567068,64.84237607265959,69.42086859641678,0.027966957332607102,0.2921089693876444,-0.0007718038924572955,0.0009923001029122766,8.906591789998753e-05,0.0016647083845683995,-0.0008584137545808742,-0.022624315693974495,13.776408875837479,961652.9212605384,0.9665729263217248,1.2146158797491688,2.0719291463174327,2.078969586699542,2.5807693575901935,4.250533744563238,4.889823024190093,0.44255763163834627,62.18597627266561,64.32018800445077,0.042717023342152105,0.008118571857605339,74.2501786574941,68.65374042899028,-0.06504105644451397,0.011173872867421775,0.29381300452526754,0.306192429694622,-0.005799726735637334,-0.04599545560621343,2.664719976975703,0.23559238617999578,-0.5518140146919719,0.5999810686770879,-0.06605896383087884,0.8906923443128416,2.4713342191372374,-0.5888179512783125,-0.6552712034690322,2.217303986861667,-0.3491756835309394,-0.3897796746675365,0.5456789125249597,1.2569171634417309,0.830409590202041,3.6896729776080956,0.4345465546384162,0.0034043159693404323,4.590679874162111,-0.1397435827654201,-0.20348422659289755,5.2794364723636855,0.2073860339007194,0.11828299451248614,-0.010824060067534447,-0.023202378302812576,0.01774174469436984,0.016583886744205634,0.04858648931892451,0.12179696294428854,0.01883686751445289,0.018913624049807662,0.002524581962481065,-0.0015439304134015064,0.01990012477887694,0.020313911496189864,0.02754468700517565,0.0066139891921053184,-0.0010943354060753765,0.00021653422727703066,0.0677950073862692,-6.3964950377951935,0.024213227038636518,0.025877130564992544,0.2793021157242386,0.19704279039904282,0.022414610056422334,0.0100468222638926,0.24771108050545299,1.7836619975967825,0.0016090094267322086,0.0022661118294233446,0.03461692449453935,-0.2653900116694522,-0.002611399414173923,-0.0015949286415759322,-0.6712820911570816,-0.4617854791718552,-0.00044972939860551004,-0.0002255089173130033,0.7161517455840154,2.4224983280197394,0.0010185533872581107,0.0008802334077522231,-0.025775069499799685,0.12731474876218196,0.00010317560220316052,0.00010580768906814236,-0.13675407753268998,-0.1582283037801986
2027-11-01,32,0.01834112871918854,0.018903835987470013,0.02061319421271214,-0.0012337851786931894,0.028348510989861204,3.7499755680076867,3.7691037849315574,6.2940252495196605,-0.013664619392361299,0.6536807117618633,1.673270053116676,1.9420354650326674,1.2930338978080735,64.44066164589739,71.75856340458259,0.020104397445576436,0.3032219259259143,-0.0005034238583350041,0.001009067382072317,0.00012637652216395485,0.0021582439317313984,-0.0007318641751088415,0.014568350277841091,13.79097722611532,975765.1643192861,1.1942901484508412,1.1343796132804074,0.851940071188979,1.3530439602236948,3.7022337902474107,3.656548930432654,5.903904027653298,0.9988159146567068,64.84237607265959,72.15291836106421,-0.006195245317846654,-0.10688766151596951,69.42086859641678,74.63102137225508,0.03367423737890918,-0.038488793464916404,0.2921089693876444,0.2898897151008476,0.038043873016176954,0.045990630679769495,2.2264284461149146,-1.0114416244746607,-1.0061374617343781,1.0039797848769108,-0.423754884071352,-0.3489104844456551,1.9884378918687942,0.9640701379164358,-0.1585002177040158,2.341023975145801,0.4353084763865296,-0.17043332932473876,1.3549086276010491,0.29456677535268305,-0.045667086718997885,2.9695107394247473,0.01289539787736782,0.26282606700864486,2.9773655765050098,0.03078171703436916,0.26591904422967505,5.957296839375406,0.066078516865971,0.05652369173861049,-0.022624315693974495,0.0042941393330693245,0.018603753783461924,0.016563674927920127,-0.014116778115331186,0.10731035226200292,0.018884422730409522,0.018699796569958564,0.0010280037328982417,0.010911317497391382,0.020448267487275046,0.02019945817633046,0.008065559859275595,0.020482531401089465,-0.0011685258830133125,4.893768158375697e-05,0.0558475397323599,-26.211353271436916,0.030976032579039036,0.0235984277595022,-0.08482434225472224,0.20128812303804122,0.027966957332607102,0.0351468909652779,-0.2811374792589105,-0.4279893073490384,0.0016647083845683995,0.001911762010471214,0.29646967104749433,0.1289291867450757,-0.0008584137545808742,-0.0008590216028760111,-0.14742259055928253,-0.14802587890856933,-0.0007718038924572955,-0.0005022416750898488,-0.34773086368846096,0.0023538135200427135,0.0009923001029122766,0.0006697865213038702,0.01689738730332735,0.5065507441206345,8.906591789998753e-05,0.00011648022742239496,0.4189100066971021,0.08496115573051499
2027-12-01,33,0.023837409427345663,0.018664986920247928,0.020494543784500472,-0.0012845918883189968,0.033636793068972645,3.0344221639029274,3.7150685180957073,5.30997731962144,0.6028261463798268,1.5494273187361616,2.557532699309408,2.6598883872262893,0.9637438787087101,66.17910469714559,70.74854249343764,0.025692556228178856,0.27763081477108553,-0.0005726238933453517,0.0009933367072404494,5.565958395899149e-05,0.0018608032596494435,-0.001720115911622297,0.0022431339602917433,13.793220360075612,977956.3929875694,-0.013664619392361299,0.6536807117618633,1.673270053116676,1.9420354650326674,3.7499755680076867,3.7691037849315574,6.2940252495196605,1.2930338978080735,64.44066164589739,58.6482927252062,0.026977423987372573,0.12840632901668014,71.75856340458259,77.11934690726126,-0.014075266605468983,-0.08260967797723617,0.3032219259259143,0.3021101846887132,-0.0843972977108568,-0.08102795323782486,1.545712407426255,-45.11583880022407,-0.6100010949749801,1.7101410265754122,1.3703121277052763,-0.09397687403657151,1.2887917798630668,0.5284637973085584,0.9844421257723601,3.0115623711960975,0.36963945052442515,-0.11677459757545527,1.1757712326403742,-0.25466464541847633,-0.1803304486839027,3.419882442767396,-0.19081548429525463,-0.11271155816471601,3.4134459909576003,-0.014336370107895902,0.08836305831031788,5.722554265602642,-0.15634635879055603,-0.07209664195954169,0.014568350277841091,0.006283455528318882,0.01834112871918854,0.015621693168302564,0.29966970911702395,0.5259171442256543,0.018903835987470013,0.018893155913783273,-0.012634952365244811,-0.012076806785301875,0.02061319421271214,0.02034485350815151,-0.005756042803812367,0.007357648276454132,-0.0012337851786931894,-0.00011025191732482335,0.04117954284361014,10.651424478490856,0.028348510989861204,0.023288744357321325,0.18654532088132547,0.44433691026361344,0.020104397445576436,0.011847039032669121,0.2779570388881254,1.168690096937273,0.0021582439317313984,0.001959380532542925,-0.13781605855985912,-0.050310427839938665,-0.0007318641751088415,-0.0016199788813952183,1.3503212346286584,0.061813787437053014,-0.0005034238583350041,-2.7880735289391423e-05,0.13745879116499538,19.53833542773293,0.001009067382072317,0.0013826181629829999,-0.015589320506586457,-0.2815538419534974,0.00012637652216395485,0.00010451027687547102,-0.5595733843127808,-0.46742477751434397
2028-01-01,34,0.019016535190894232,0.018854349681972197,0.020660953793164943,-0.001356725325043697,0.029721875814225883,4.152828386564565,3.9700179832565055,5.288332654302146,0.8597411503629234,1.3394831495711426,1.2834957300636323,1.892203693886799,2.030204118174079,70.02189068508075,70.32724058458192,0.035440570030799166,0.298915844852776,-0.0006672451367923777,0.00027919280185855286,0.00015421278555105498,0.001402082398807165,-0.0008642560517387748,0.003996357787400484,13.797216717863012,981872.4764578209,0.6028261463798268,1.5494273187361616,2.557532699309408,2.6598883872262893,3.0344221639029274,3.7150685180957073,5.30997731962144,0.9637438787087101,66.17910469714559,61.80949766309594,0.05806645474460326,0.13286619908720132,70.74854249343764,75.59480253920073,-0.00595491997442632,-0.06968153600093396,0.27763081477108553,0.2818082801203381,0.07666667008574168,0.06070639487644791,6.556089631466237,0.4261842415528214,-0.8688637284279095,7.408946796175449,-0.13549791373000086,-0.8192073466821771,6.204178926253997,-0.49815080354194285,-0.7931239983050279,6.220287256069846,-0.2886153783843637,-0.6958012361824031,-0.8749212502100543,1.1065805584096524,-3.320442117146726,7.997077621663893,0.3685730469431858,-0.48070675526336626,7.412399279550705,0.06862577740328768,-0.46440850883343887,10.415436001646771,-0.004076225568669156,-0.4922600788420173,0.0022431339602917433,-0.022166328504681587,0.023837409427345663,0.015917060465312688,-0.20223985543164968,0.19472657858755293,0.018664986920247928,0.018887017132534968,0.010145346607173256,-0.0017296246587555908,0.020494543784500472,0.019908765076343878,0.008119722518064698,0.037781786762597136,-0.0012845918883189968,0.04015258025723839,0.056152804155639835,-1.0337892438381744,0.033636793068972645,0.020908073418941582,-0.11638794598281643,0.42155019349126044,0.025692556228178856,-0.034754829216816274,0.37941004063772255,-2.01973080660834,0.0018608032596494435,0.004024498180302949,-0.24651765761023914,-0.6516131115006191,-0.001720115911622297,-0.0023711603713475115,-0.4975594110261634,-0.6355134548543315,-0.0005726238933453517,-0.00038291245252325835,0.1652415216106946,0.7425527229408888,0.0009933367072404494,0.0004896581122895401,-0.7189343756014336,-0.4298209406700013,5.565958395899149e-05,-0.0001189839079960586,1.7706420814189858,-2.296081025983475
2028-02-01,35,0.018842159510916133,0.018980052980430477,0.020324344193215382,-0.0014109127455904443,0.021140045253726893,3.2092713317250867,3.501776040957289,5.451444801408777,0.862696166548205,1.4207695418027741,0.9158261190268081,2.4537005173071185,0.31361904077231406,68.01740639537978,76.36644913569448,0.023631940349294774,0.3035792837512524,-0.0007405314190084797,0.0009741344020805477,-2.7399607022708737e-05,0.0005130770559210686,-0.001285857471043695,0.008831484243273735,13.806048202106286,990582.271360739,0.8597411503629234,1.3394831495711426,1.2834957300636323,1.892203693886799,4.152828386564565,3.9700179832565055,5.288332654302146,2.030204118174079,70.02189068508075,70.18126750857252,-0.028626537645434547,-0.03083245985730343,70.32724058458192,72.15160009374814,0.08587296331994243,0.05841657061617345,0.298915844852776,0.2758528972582951,0.015601176648140758,0.10051149278666349,1.9073685044043382,0.0034370998573631795,-0.5477034644557996,1.0403873802352055,0.060684893466302015,0.3656158934584288,1.7285499818060464,-0.28645955138362333,-0.4701766632921296,2.6553463876895447,0.2967422721107482,-0.07593957282457642,0.7349747272604825,-0.8455233944385966,-0.5732927553287634,3.632618772700622,-0.2272082944462912,-0.11654056411232039,3.652199724138846,-0.11794453936330263,-0.04118714597872264,5.383501972167574,0.030843775868361067,0.012620563639144988,0.003996357787400484,-0.04019823670387268,0.019016535190894232,0.016809329899917146,-0.009169687234170665,0.12093460138521084,0.018854349681972197,0.018873989454567454,0.006667071555295889,0.005619560513071997,0.020660953793164943,0.020270138924275476,-0.016292064893002056,0.002674143928781403,-0.001356725325043697,-0.0003873925540408703,0.03993986074152622,2.6420750240893676,0.029721875814225883,0.025609333286707465,-0.2887378513435359,-0.17451793777467672,0.035440570030799166,0.016518186305740663,-0.33319525253804483,0.43066193296789645,0.001402082398807165,0.0010046197402462168,-0.634060696890872,-0.489282327067034,-0.0008642560517387748,-0.001218890774718618,0.48782003719466127,0.05494068682285036,-0.0006672451367923777,-0.0006236792238911121,0.10983411968861767,0.18735944800009707,0.00027919280185855286,0.0006862522000570955,2.489110018581612,0.4194991316596153,0.00015421278555105498,4.760299183758889e-05,-1.1776740295871098,-1.5755858185592677
2028-03-01,36,0.01932315200029122,0.018884997846151268,0.020250836207840385,-0.0014286953656372577,0.027480691327845582,3.37865741523042,2.7473677963852543,6.00500178536887,1.3033306648736962,0.7653684502771347,1.0616710772030844,2.061880656181329,1.337891215745898,61.273639577613075,67.9457618591328,0.022842917058276596,0.3047677166524451,-0.000672620312061624,0.0008051628561574808,3.2044811470424344e-05,0.0027161965493287176,-0.0023710174682991278,-0.03178421035408974,13.774263991752196,959592.4976889445,0.862696166548205,1.4207695418027741,0.9158261190268081,2.4537005173071185,3.2092713317250867,3.501776040957289,5.451444801408777,0.31361904077231406,68.01740639537978,71.40349834401727,-0.09914766197590252,-0.14186782162407796,76.36644913569448,70.92746903587394,-0.11026684325205538,-0.04203882102761969,0.3035792837512524,0.26985616758020714,0.00391473649488705,0.12937095114515595,0.7290137243762718,0.5107644097788742,0.7877999018314743,1.1856954041021153,-0.46130007171607834,-0.354498256778923,1.814903521869596,0.15924961643511182,-0.41502616287315386,1.9857772711089092,-0.15968528284609196,0.03832423010357133,0.13477423056724724,3.265975727912518,8.92690672478624,3.695566722653628,0.05278023139735044,-0.08575391305495061,3.918711093348797,-0.21543589188696388,-0.29891034808655736,5.334623003724257,0.1015431695863529,0.12566563394950347,0.008831484243273735,0.042120177298784256,0.018842159510916133,0.017482187580493032,0.0255274608569378,0.10530515196235357,0.018980052980430477,0.018907249497731926,-0.005008159586130545,-0.0011768846432860247,0.020324344193215382,0.02001043282516531,-0.0036167457447180418,0.01201390218670051,-0.0014109127455904443,-0.0005151855126033926,0.012603628468443429,1.7731668121209694,0.021140045253726893,0.017669977134020444,0.2999353122482489,0.5552194051760444,0.023631940349294774,0.01881161002765946,-0.03338800281973986,0.21429888375794226,0.0005130770559210686,0.0016414243036783987,4.2939349323517115,0.654780268113355,-0.001285857471043695,-0.0010073690597953134,0.8439193469666886,1.353673110409896,-0.0007405314190084797,-0.00046513283708261735,-0.09170590903190035,0.4460821908003725,0.0009741344020805477,0.0009630806030023053,-0.17345814454574116,-0.16397147482000152,-2.7399607022708737e-05,6.89597293997504e-05,-2.1695354405581684,-0.5353112352766811
2028-04-01,37,0.018261170529177036,0.018941692752607396,0.020422181694156376,-0.0015059408854267418,0.026966419574594246,3.182100334952437,3.5871494272625215,4.901851914319495,0.6318582427672409,-0.3368805708732707,0.7661516810222091,2.2940470202712535,0.8783465865142054,69.75579487193849,78.67402165234935,0.00621636990823244,0.26949855710692205,-0.0006247905997591121,0.0012702212140588808,5.278300096534789e-05,0.0016793487678753987,-0.0007330663230017278,-0.006496478337794542,13.767767513414402,953378.7314673454,1.3033306648736962,0.7653684502771347,1.0616710772030844,2.061880656181329,3.37865741523042,2.7473677963852543,6.00500178536887,1.337891215745898,61.273639577613075,64.62885136987964,0.13843074040968917,0.07932902091539051,67.9457618591328,76.61355544975656,0.15789446611046465,0.026894277265908206,0.3047677166524451,0.30171655249008816,-0.11572472285751889,-0.10678232638305296,1.7776317868070048,-0.5151972866160766,-0.6445505489625671,0.30443226637108345,-1.4401547656573621,-2.1065862856423863,1.7298724848375877,-0.2783530629462049,-0.5571051116555907,1.8220582126616067,0.11259932207710999,0.25904156317825877,0.4656741147547721,-0.3434843011324268,0.8861829736375835,4.514478833653777,-0.05817609071341079,-0.2951345100499638,3.9580886845100083,0.30566771292222983,-0.09371676251195649,5.518461733142695,-0.18370516953670013,-0.11173581491377815,-0.03178421035408974,0.0027119636069983244,0.01932315200029122,0.01730118968678311,-0.05495901864758812,0.05548640641327007,0.018884997846151268,0.019680244693061278,0.003002113472185597,-0.03752757915221838,0.020250836207840385,0.020710491479137724,0.0084611561002923,-0.013920953313530493,-0.0014286953656372577,-0.0006303839636530303,0.054067173203875774,1.3889263881332279,0.027480691327845582,0.025070031071253,-0.0187139307056019,0.07564364391697032,0.022842917058276596,0.028476268465513252,-0.7278644451418659,-0.7816999823638797,0.0027161965493287176,0.0021938774580377036,-0.38172781778607523,-0.23452936638608846,-0.0023710174682991278,-0.001852771578899705,-0.6908220488448784,-0.6043406908060034,-0.000672620312061624,-0.0005457671745588375,-0.07110952709101337,0.14479329077303338,0.0008051628561574808,0.0012635946586124316,0.5775953949500618,0.005244209764012409,3.2044811470424344e-05,0.00011382180930880857,0.6471621627127935,-0.5362663685819387
2028-05-01,38,0.017842659016864017,0.018940926072546854,0.018969184513858345,-0.0015490846384908275,0.02533142764174605,3.4247752068806707,3.1220816597084826,5.583382236299875,2.1936065665753315,2.0080688362687322,1.1218434025865311,1.697043821087492,1.1824013415129937,66.10611073852381,75.92373741430848,-0.005550181570725482,0.28547562143496463,-0.0008910772726620147,0.0008116481004982477,0.00021978070108367819,0.0011430809047631124,-0.0011972231646674816,0.001629665377549827,13.769397178791952,954933.6864617304,0.6318582427672409,-0.3368805708732707,0.7661516810222091,2.2940470202712535,3.182100334952437,3.5871494272625215,4.901851914319495,0.8783465865142054,69.75579487193849,60.73270267482896,-0.052320873701102166,0.08847635338188065,78.67402165234935,67.79587496684714,-0.03495797189819583,0.11988727118627707,0.26949855710692205,0.29082861660323905,0.05928441509875615,-0.018406012554043838,1.6651412397524472,2.4716751608214684,0.31736967063613775,0.9856105001868135,-6.960773668434968,1.0373857988405368,1.73817031126234,0.4642575750662763,-0.35458372789039505,2.701716014520318,-0.2602401755100775,-0.3718644698529511,1.6196757101329116,0.34616717326295543,-0.2699764933710309,3.685292629534819,0.07626248275790481,-0.07069110891392971,3.1690070524503007,-0.12964828396037809,-0.014807601234441914,5.301761007319709,0.13903527358496182,0.053118431515746245,-0.006496478337794542,-0.0011413036845624447,0.018261170529177036,0.017512896838168875,-0.022918109857434144,0.018829676308972143,0.018941692752607396,0.018840774565805646,-4.047579435240145e-05,0.005315678842788829,0.020422181694156376,0.02014112959836229,-0.0711479900658113,-0.05818666121880467,-0.0015059408854267418,-0.0007382831575693885,0.028649034953228014,1.0982256233377976,0.026966419574594246,0.030717596832779026,-0.0606306643091975,-0.1753447452401402,0.00621636990823244,0.03066097006687333,-1.8928332214232113,-1.181017807284643,0.0016793487678753987,0.0020803301426456458,-0.3193308462010169,-0.4505290860664034,-0.0007330663230017278,-0.002644111945994174,0.6331716887022509,-0.5472116199613737,-0.0006247905997591121,-0.00034464692946027507,0.4262014713498721,1.5854786347798369,0.0012702212140588808,0.0010259914660457662,-0.361018308059352,-0.20891340000478842,5.278300096534789e-05,0.00015017447554126938,3.163853836729831,0.4635023714351534
2028-06-01,39,0.015670576525919445,0.019067276216637407,0.020570399561561956,-0.0015869417278149601,0.027011374753220855,2.6120176697577024,3.113618321134533,5.895875122919176,1.2133318564113993,0.7511380238865399,1.1762483414689398,2.156713912254969,1.1044335575214599,67.35832925038312,76.77903850145374,0.024061612937778046,0.283356962069266,-0.0008787034893923004,0.0006795103390265903,7.588908167651445e-05,0.0013225119546713409,-0.001447051668281999,-0.0037259350065141916,13.765671243785437,951382.2858629024,2.1936065665753315,2.0080688362687322,1.1218434025865311,1.697043821087492,3.4247752068806707,3.1220816597084826,5.583382236299875,1.1824013415129937,66.10611073852381,72.22055897545992,0.01894255308427284,-0.06732473126840455,75.92373741430848,69.316307097223,0.011265265861162277,0.10766198773058577,0.28547562143496463,0.2910711610792094,-0.00742150715023937,-0.026502793960560322,1.9418417212390218,-0.44687808885179514,-0.3751643900012539,1.6902160216960795,-0.6259401020921884,-0.555596436050348,2.4544623642658143,0.048496018924719886,-0.5207714900852503,2.5686177395211605,0.27086518654121305,-0.16036011156061647,0.4531474283931003,-0.06594020258110223,1.4372499727911423,3.1740404145768184,-0.23731704652908836,-0.1770685534557216,3.3608118800985776,-0.002710799875343395,-0.07355173921748759,5.867397515255058,0.0559683850028494,0.0048535330340373495,0.001629665377549827,-0.007560006808489561,0.017842659016864017,0.018017999307065127,-0.12173535844022043,-0.13028209964605897,0.018940926072546854,0.01879981854926294,0.0066707479669478875,0.014226608978891164,0.018969184513858345,0.02049752148717434,0.08441138028542072,0.003555457884662605,-0.0015490846384908275,-0.0008354623087270531,0.024438360812236937,0.8994773447444853,0.02533142764174605,0.019756746475789448,0.06631869057021733,0.3671975183930949,-0.005550181570725482,0.018748845762610857,-5.335283923807356,0.28336502643602546,0.0011430809047631124,0.0010199397109137364,0.15697143497066213,0.29665698915334726,-0.0011972231646674816,-1.1276243372353905e-05,0.20867329582944127,127.32745981961972,-0.0008910772726620147,-0.0005456700781052183,-0.01388631900884274,0.6103200901971855,0.0008116481004982477,0.0008213614757546611,-0.16280178736393502,-0.1727024469923416,0.00021978070108367819,4.525537163197471e-05,-0.654705434543041,0.6769077115012754
2028-07-01,40,0.01773499742947063,0.01888043704403527,0.020018721682677182,-0.0016236644540668789,0.02269503886073989,2.3829879390238764,3.6856622702523327,5.660762423968861,1.22262766758323,0.525813067900879,0.5755322579872069,0.644941635404022,0.665405861598551,70.05785002655715,71.17902413395656,0.019323513616790376,0.296586670275622,-0.0010905611852726818,0.0006571415166466666,1.6261093354624838e-05,0.002406831408075072,-0.0007087551694233079,0.022391198202967644,13.788062441988405,972925.1605164486,1.2133318564113993,0.7511380238865399,1.1762483414689398,2.156713912254969,2.6120176697577024,3.113618321134533,5.895875122919176,1.1044335575214599,67.35832925038312,70.4972719845156,0.040077015065789645,-0.006233176768243975,76.77903850145374,71.41330171863173,-0.07293676082426004,-0.0032805874961253645,0.283356962069266,0.3070877142207945,0.0466891941166494,-0.03419558471043971,3.007284459130224,0.007661392159705072,-0.5934446228153482,1.4555178626600238,-0.2999780983257698,-0.6387450258151197,2.0689667220771226,-0.5107051481420477,-0.7218262372971346,2.8596944116510006,-0.7009609704192531,-0.7744718342014472,1.020234822585154,-0.39751390469170733,-0.3477914624473497,3.9006892613844726,-0.087683070978257,-0.38908542071918795,3.567147402603358,0.18372320885796944,0.033223989443912805,4.573495054521681,-0.039877489609024486,0.23773227181523482,-0.0037259350065141916,0.019883086904883385,0.015670576525919445,0.020494339254303582,0.13173866961031022,-0.13463921869320672,0.019067276216637407,0.0188849206205638,-0.00979894403790671,-0.00023741569364343906,0.020570399561561956,0.020868303735050255,-0.02681901619041205,-0.04071160086414305,-0.0015869417278149601,-0.000933697013342846,0.023140563770089884,0.7389628871723535,0.027011374753220855,0.02363690384467866,-0.1597969719022273,-0.039847223228892226,0.024061612937778046,0.016442563659204157,-0.1969152829962033,0.17521294229404005,0.0013225119546713409,0.0019704772366470375,0.8198938766290371,0.22144593366149934,-0.001447051668281999,-0.0010403213231399869,-0.5102074203993199,-0.3187151376614271,-0.0008787034893923004,-0.0004585992633061987,0.24110259995314154,1.3780264656564292,0.0006795103390265903,0.001148530691627651,-0.03291903168385535,-0.42784157059364925,7.588908167651445e-05,9.346837329359113e-05,-0.7857255220989557,-0.8260257156338056
2028-08-01,41,0.017838426094908433,0.019056847919659864,0.020280446100280382,-0.001674052779809523,0.02702035180599549,4.330248182818108,4.007066695642121,5.4880625053072825,1.002425747002299,1.5601757671638259,1.4495860563429317,2.0531135537865564,1.0230264097423594,61.146338393856865,72.33493630437597,0.015478550563815575,0.3012024813826661,-0.0009732719846240538,0.001120426684798011,-1.0668771831894404e-05,0.002832689106302527,-0.0026855783729223047,0.0320269912481308,13.820089433236536,1004589.3743401655,1.22262766758323,0.525813067900879,0.5755322579872069,0.644941635404022,2.3829879390238764,3.6856622702523327,5.660762423968861,0.665405861598551,70.05785002655715,67.35194271555187,-0.12720218546989603,-0.09213697588357916,71.17902413395656,77.35580067093791,0.016239505731969972,-0.06490611334914731,0.296586670275622,0.3131912339590982,0.01556311044847214,-0.03827933631756053,1.496432255736605,-0.18010546171935105,-0.33012286846966943,1.4704800191995522,1.9671681105079242,0.060997597242497203,1.5935005302167762,1.5186877646311765,-0.09031341448895958,1.8709352571319946,2.1834098483971944,0.09737284919940392,1.3067536394526027,0.5374472465341251,-0.2171237340720905,4.0928972517670905,0.8171506921650102,0.057990933182733295,3.3044908650365006,0.08720398176032118,0.21261242935766433,4.875730215031695,-0.030508243541599755,0.12558781213689607,0.022391198202967644,0.002724498976022005,0.01773499742947063,0.018755331922834403,0.005831896274534065,-0.04888774198710111,0.01888043704403527,0.018832765756745303,0.009343580088381875,0.011898526525998987,0.020018721682677182,0.020353584831426703,0.013073982532544992,-0.003593407832186535,-0.0016236644540668789,-0.0010140285514624037,0.031033706266361705,0.6508931404300706,0.02269503886073989,0.027429603308647257,0.19058407310057324,-0.014920066398581455,0.019323513616790376,0.01905067354414634,-0.19897846371137584,-0.18750638774282935,0.002406831408075072,0.003052695055354026,0.17693707037338613,-0.07206941573336567,-0.0007087551694233079,-0.001317229747086816,2.789148197828986,1.038807868454024,-0.0010905611852726818,-0.0006668395685200265,-0.10754939955001364,0.4595294439172508,0.0006571415166466666,0.0011283379772045314,0.7050006070464798,-0.007011456289117146,1.6261093354624838e-05,0.00010327974035827779,-1.6560919121013524,-1.103299754578046
2028-09-01,42,0.01753844953179702,0.018854942963107333,0.02054841689872026,-0.0016921188938601062,0.027492505492100583,2.713650240490391,3.3637247989447947,5.878982366492549,1.2312536360125153,0.7605933167557974,1.9111854615181416,1.2781847460862303,0.2597094680810711,64.86226340390762,67.68547440987452,0.023046938389537933,0.31464375918192744,-0.0009429912331743583,0.0008835695778789007,0.00012232800190716382,0.0025019978701083996,-0.0023459265406706002,0.004472645930945873,13.824562079167482,1009092.610100026,1.002425747002299,1.5601757671638259,1.4495860563429317,2.0531135537865564,4.330248182818108,4.007066695642121,5.4880625053072825,1.0230264097423594,61.146338393856865,62.18597627266561,0.06077101438381605,0.04303682745941528,72.33493630437597,74.2501786574941,-0.06427685060697541,-0.08841331248375395,0.3012024813826661,0.29381300452526754,0.04462538866731558,0.0708980008911364,0.9665729263217248,0.22827415366625803,0.2738341851742403,1.2146158797491688,-0.5124951093565271,-0.37379929783820376,2.0719291463174327,0.31843532376390926,-0.07758165142132911,2.078969586699542,-0.3774407929221085,-0.3851835282903747,0.44255763163834627,-0.7461361059618424,-0.4131623781525857,2.5807693575901935,-0.3733268565857677,0.051488864167341,4.250533744563238,-0.16055183144243435,-0.20863472658057125,4.889823024190093,0.07123094185010159,0.2022893952212701,0.0320269912481308,-0.010824060067534447,0.017838426094908433,0.01774174469436984,-0.01681631336281586,-0.011458577838589501,0.019056847919659864,0.01883686751445289,-0.010594876833971978,0.0009595782653657459,0.020280446100280382,0.01990012477887694,0.013213259566128288,0.03257728919023939,-0.001674052779809523,-0.0010943354060753765,0.01079184256821275,0.5462525332416732,0.02702035180599549,0.024213227038636518,0.017474002170479785,0.1354333500541416,0.015478550563815575,0.022414610056422334,0.48895972491216866,0.028210543548332634,0.002832689106302527,0.0016090094267322086,-0.11674109786999332,0.5549926734672967,-0.0026855783729223047,-0.002611399414173923,-0.12647250799912912,-0.10165923759590834,-0.0009732719846240538,-0.00044972939860551004,-0.031112322072428755,1.0967969541202347,0.001120426684798011,0.0010185533872581107,-0.21139902336564798,-0.1325250213369561,-1.0668771831894404e-05,0.00010317560220316052,-12.465987260263923,0.18562915355018506
2028-10-01,43,0.017856384398101215,0.01883612167643753,0.020329157663435505,-0.0017191419999824176,0.025962803317156776,2.6295246692198626,3.515690071056372,3.948484207873876,1.7084114679669298,1.7373894952178361,0.8345083876087863,2.704104028595629,1.1834735916078933,63.14714576012596,70.96339277263493,0.020093676115853297,0.287895444943752,-0.0008139365715889564,0.0009986687784769323,0.00016280848320359358,0.0016217564940057753,-0.001369095545635062,-0.00025406276108697057,13.824308016406395,1008836.2698099513,1.2312536360125153,0.7605933167557974,1.9111854615181416,1.2781847460862303,2.713650240490391,3.3637247989447947,5.878982366492549,0.2597094680810711,64.86226340390762,64.84237607265959,-0.02644245750570484,-0.026143864787342652,67.68547440987452,69.42086859641678,0.048428682687672975,0.022219891617688114,0.31464375918192744,0.2921089693876444,-0.08501142469096135,-0.014424495258482883,1.1942901484508412,0.38753821146040823,0.43048276014247855,1.1343796132804074,1.2842555370173692,0.5315767974652157,0.851940071188979,-0.5633556217271043,-0.02046116172921031,1.3530439602236948,1.115581520492658,0.9985337565444419,0.9988159146567068,3.5569135401658105,0.18487658660770667,3.7022337902474107,-0.031000889508636886,-0.289746456275486,3.656548930432654,0.045177676889396334,-0.03852235046109853,5.903904027653298,-0.32837284384821597,-0.3312079279440232,0.004472645930945873,-0.022624315693974495,0.01753844953179702,0.018603753783461924,0.018127877594184216,-0.04017304217523532,0.018854942963107333,0.018884422730409522,-0.0009982149883259739,-0.0025577193786398,0.02054841689872026,0.020448267487275046,-0.010670371170949489,-0.005824934748807631,-0.0016921188938601062,-0.0011685258830133125,0.015969980726747712,0.4712057515997976,0.027492505492100583,0.030976032579039036,-0.055640697257779426,-0.16184220006517647,0.023046938389537933,0.027966957332607102,-0.12814119705484428,-0.28152083628969626,0.0025019978701083996,0.0016647083845683995,-0.35181539785423066,-0.02580145024845304,-0.0023459265406706002,-0.0008584137545808742,-0.4163945367003282,0.5949133367551074,-0.0009429912331743583,-0.0007718038924572955,-0.1368566928782251,0.05458987644842983,0.0008835695778789007,0.0009923001029122766,0.13026614256495672,0.006418094229723836,0.00012232800190716382,8.906591789998753e-05,0.3309175386282437,0.8279549241990845
2028-11-01,44,0.01520327271986898,0.01884254459994903,0.02033799401604896,-0.0017469525501619802,0.02796119088475299,1.908741372011942,4.2060527869417585,5.714591415069682,0.5943627309540241,1.4406947268312869,2.288289489542004,2.4829204340231925,1.0608843070566,59.560428880662165,74.63128058956939,0.03114330482183625,0.28772813569786543,-0.0009543417208483479,0.0012266019500905274,0.00017040839985012365,0.002061363811464823,-0.0019447784758707723,-0.004576145671308041,13.819731870735087,1004230.235061743,1.7084114679669298,1.7373894952178361,0.8345083876087863,2.704104028595629,2.6295246692198626,3.515690071056372,3.948484207873876,1.1834735916078933,63.14714576012596,64.44066164589739,-0.05679935072740239,-0.0757321951790656,70.96339277263493,71.75856340458259,0.05168704135505875,0.04003309220099771,0.287895444943752,0.3032219259259143,-0.0005811458598078412,-0.051097196156700164,-0.013664619392361299,-0.6520962648059622,-44.496471719240176,0.6536807117618633,-0.17077043990607832,1.2039731338380593,1.673270053116676,1.7420808748236856,0.3675553956635853,1.9420354650326674,-0.08179551978527533,0.27851446522446843,1.2930338978080735,-0.10358430084167802,-0.17953867346015373,3.7499755680076867,-0.2741116315222726,-0.490998984554443,3.7691037849315574,0.19636620462336452,0.11592915105099322,6.2940252495196605,0.4472873928871035,-0.09206093262720849,-0.00025406276108697057,0.014568350277841091,0.017856384398101215,0.01834112871918854,-0.14858056474827885,-0.17108303678370274,0.01883612167643753,0.018903835987470013,0.00034098970169305076,-0.0032422724975823547,0.020329157663435505,0.02061319421271214,0.0004346639816439346,-0.013350681792609675,-0.0017191419999824176,-0.0012337851786931894,0.016176994209813333,0.4159292722354888,0.025962803317156776,0.028348510989861204,0.07697117846575674,-0.013662802439491029,0.020093676115853297,0.020104397445576436,0.5499057834054133,0.5490792452816684,0.0016217564940057753,0.0021582439317313984,0.2710686339681043,-0.04488840155749019,-0.001369095545635062,-0.0007318641751088415,0.42048411600716795,1.657294265813118,-0.0008139365715889564,-0.0005034238583350041,0.17250133998192796,0.8957022100714183,0.0009986687784769323,0.001009067382072317,0.22823700562784754,0.21557982339242865,0.00016280848320359358,0.00012637652216395485,0.0466801022709995,0.3484181787266145
2028-12-01,45,0.018142813842971738,0.018667825264972605,0.020269712164653078,-0.0017870849639810013,0.02991546937010297,2.8294767630969204,3.4588496712098213,4.995438699805228,0.663674730949879,1.4701476442949453,1.6827594271623771,2.3313555299680644,1.2039680153817363,66.20325036535205,77.56298516859647,0.021569196379463102,0.30950921097061196,-0.0011236836184250869,0.0010036280095688996,0.00013887692456845117,0.0019685857846566054,-0.002079823264427176,-0.006891400087624788,13.812840470647462,997333.4741957724,0.5943627309540241,1.4406947268312869,2.288289489542004,2.4829204340231925,1.908741372011942,4.2060527869417585,5.714591415069682,1.0608843070566,59.560428880662165,66.17910469714559,0.11153078662344296,0.00036485335238301,74.63128058956939,70.74854249343764,0.03928251740915223,0.09631919520873389,0.28772813569786543,0.27763081477108553,0.0757001925443197,0.11482297534519392,0.6028261463798268,0.11661565637636939,0.10093886095596294,1.5494273187361616,0.02044355193028169,-0.051167081851818175,2.557532699309408,-0.26462126629827,-0.3420379619714108,2.6598883872262893,-0.06104299677841085,-0.12351377555387444,0.9637438787087101,0.13487211317331926,0.24926138778167362,3.0344221639029274,0.48237828580959685,-0.06754017395602019,3.7150685180957073,-0.1776494860101916,-0.06896746200988513,5.30997731962144,-0.12584499276151395,-0.05923539798445632,-0.004576145671308041,0.0022431339602917433,0.01520327271986898,0.023837409427345663,0.19334923323851871,-0.23889322376789945,0.01884254459994903,0.018664986920247928,-0.00927259766055688,0.0001520678657211949,0.02033799401604896,0.020494543784500472,-0.0033573542868583495,-0.010970315914884066,-0.0017469525501619802,-0.0012845918883189968,0.02297281275058105,0.3911694291636558,0.02796119088475299,0.033636793068972645,0.0698925340270693,-0.11063253536801376,0.03114330482183625,0.025692556228178856,-0.307421081261107,-0.16048850149808647,0.002061363811464823,0.0018608032596494435,-0.04500807974420029,0.05792257964308756,-0.0019447784758707723,-0.001720115911622297,0.06943967666854056,0.20911808929528908,-0.0009543417208483479,-0.0005726238933453517,0.17744367020463603,0.962341480129941,0.0012266019500905274,0.0009933367072404494,-0.18178182458064052,0.0103603362821858,0.00017040839985012365,5.565958395899149e-05,-0.18503474775542061,1.4951125159464365
2029-01-01,46,0.017226785071409748,0.01882880397299913,0.020214633760402695,-0.0017913246775264006,0.027043687112872104,2.4249814299676142,4.661436803465127,4.4019569372836544,0.9625042555273082,0.1466476083055258,2.010561823952758,2.8668662442282016,1.3511761832805687,73.68329221776078,68.87095981513112,0.01373326232942726,0.2980885588584028,-0.0012820683456467427,0.0007539053035393961,0.0001939792037454299,0.0019069894287675774,-0.0005788234606477808,0.007809192407876253,13.820649663055338,1005152.3329416965,0.663674730949879,1.4701476442949453,1.6827594271623771,2.3313555299680644,2.8294767630969204,3.4588496712098213,4.995438699805228,1.2039680153817363,66.20325036535205,70.02189068508075,0.11298602124713009,0.052289384032015995,77.56298516859647,70.32724058458192,-0.1120640900369132,-0.02070720758195177,0.30950921097061196,0.298915844852776,-0.036899231775346264,-0.00276762175247236,0.8597411503629234,0.4502650329171518,0.11952795922471005,1.3394831495711426,-0.9002497409871678,-0.8905192586017394,1.2834957300636323,0.19480051129064324,0.5664733250441587,1.892203693886799,0.22969929183965898,0.5150938841786827,2.030204118174079,0.1222691682985928,-0.3344628891326519,4.152828386564565,-0.1429576444680103,-0.4160650996768771,3.9700179832565055,0.34768412812652527,0.17416012298298655,5.288332654302146,-0.11880473331495656,-0.16760967491283107,-0.006891400087624788,0.003996357787400484,0.018142813842971738,0.019016535190894232,-0.0504898953100843,-0.09411546853926778,0.018667825264972605,0.018854349681972197,0.00862332412809641,-0.0013548973793294783,0.020269712164653078,0.020660953793164943,-0.0027172760916867045,-0.0216021020728433,-0.0017870849639810013,-0.001356725325043697,0.002372418564786427,0.32032965292271376,0.02991546937010297,0.029721875814225883,-0.09599656357392394,-0.09010833360900827,0.021569196379463102,0.035440570030799166,-0.36329281407520353,-0.6124988306482502,0.0019685857846566054,0.001402082398807165,-0.03128964781170185,0.36011223761882105,-0.002079823264427176,-0.0008642560517387748,-0.7216958428401847,-0.3302639194909187,-0.0011236836184250869,-0.0006672451367923777,0.14095135376596657,0.9214352791089364,0.0010036280095688996,0.00027919280185855286,-0.2488199847439191,1.7003035125574129,0.00013887692456845117,0.00015421278555105498,0.39677058912562035,0.25786719338656594
2029-02-01,47,0.018394192733347442,0.018854942974961653,0.020495697654088818,-0.0018160059674710626,0.023584633006325663,4.287409735734778,3.632355180101057,5.61939667955765,0.19800847638635755,1.795634785418513,0.9461579854142188,1.6005107443766708,1.1082835581735853,58.60465663419378,71.51027668995948,0.030176317689564358,0.31104147483051653,-0.0011397966070606817,0.0007517765724632481,7.186045535562158e-05,0.0019831080130367626,-0.0019408934179625617,0.016248753294348717,13.836898416349687,1021618.2179968805,0.9625042555273082,0.1466476083055258,2.010561823952758,2.8668662442282016,2.4249814299676142,4.661436803465127,4.4019569372836544,1.3511761832805687,73.68329221776078,68.01740639537978,-0.20464117617063282,-0.13838736670537588,68.87095981513112,76.36644913569448,0.038322638190509295,-0.06359039212503037,0.2980885588584028,0.3035792837512524,0.04345324765807801,0.024580699272544804,0.862696166548205,-0.794277817215594,-0.7704771574694445,1.4207695418027741,11.244555544864292,0.263846621556993,0.9158261190268081,-0.5294061718758416,0.03311967824158857,2.4537005173071185,-0.441721165890127,-0.3477155288155558,0.31361904077231406,-0.17976384435466863,2.5338529046078992,3.2092713317250867,0.7680175537641278,0.3359449210017893,3.501776040957289,-0.22076489862505289,0.037289403324625825,5.451444801408777,0.27656784462440687,0.030808690955739015,0.007809192407876253,0.008831484243273735,0.017226785071409748,0.018842159510916133,0.06776700684999959,-0.0237747046621255,0.01882880397299913,0.018980052980430477,0.0013882454775144826,-0.006591657336142309,0.020214633760402695,0.020324344193215382,0.0139039814926889,0.008430946614781165,-0.0017913246775264006,-0.0014109127455904443,0.013778233647036897,0.2871142975684817,0.027043687112872104,0.021140045253726893,-0.12790615762227264,0.11563777292140842,0.01373326232942726,0.023631940349294774,1.1973160466689237,0.27692932715382734,0.0019069894287675774,0.0005130770559210686,0.03991557746514518,2.865127060645336,-0.0005788234606477808,-0.001285857471043695,2.3531699212579302,0.5094156713863411,-0.0012820683456467427,-0.0007405314190084797,-0.11097047912394375,0.5391603621447829,0.0007539053035393961,0.0009741344020805477,-0.0028236053867164435,-0.22826196173997104,0.0001939792037454299,-2.7399607022708737e-05,-0.629545569998688,-3.6226819711707465
2029-03-01,48,0.017536584376093935,0.017743371199269442,0.021148323831911908,-0.0018351361209843048,0.019926300767766816,3.6589787741948534,2.3382663860483834,5.943126289413691,0.15810841820551524,0.8167466810641312,1.542434053632204,2.7058781572370663,1.1258270383525244,64.82193115655947,72.1710698166583,0.021219853050002138,0.29816224971247834,-0.0012238470352276942,0.0009723277857473834,8.193167692789305e-05,0.0012776251962885227,-0.0008230247293511117,0.008991877548396587,13.845890293898083,1030845.908873073,0.19800847638635755,1.795634785418513,0.9461579854142188,1.6005107443766708,4.287409735734778,3.632355180101057,5.61939667955765,1.1082835581735853,58.60465663419378,61.273639577613075,0.10608840456439306,0.057908940996591385,71.51027668995948,67.9457618591328,0.009240533770604298,0.06218648289330453,0.31104147483051653,0.3047677166524451,-0.04140677742431598,-0.021673775072113655,1.3033306648736962,-0.20150681884440458,-0.8786889448190515,0.7653684502771347,-0.545148775409934,0.06712875448209643,1.0616710772030844,0.6302077215539659,0.4528360871388377,2.061880656181329,0.6906341720879154,0.3123350030590235,1.337891215745898,0.015829414818577803,-0.15850629326028132,3.37865741523042,-0.14657590486443772,0.08296826949686942,2.7473677963852543,-0.35626714070859955,-0.1489066774660206,6.00500178536887,0.05760931792441526,-0.010303992932348294,0.016248753294348717,-0.03178421035408974,0.018394192733347442,0.01932315200029122,-0.046623864916818025,-0.09245736017448714,0.018854942974961653,0.018884997846151268,-0.058953865687545015,-0.06045151056845299,0.020495697654088818,0.020250836207840385,0.03184210602818349,0.04431854639780486,-0.0018160059674710626,-0.0014286953656372577,0.01053419088698404,0.28448384807754845,0.023584633006325663,0.027480691327845582,-0.15511508012771036,-0.2748981264683129,0.030176317689564358,0.022842917058276596,-0.29680442563273934,-0.07105327240534631,0.0019831080130367626,0.0027161965493287176,-0.35574603708444685,-0.5296271189931834,-0.0019408934179625617,-0.0023710174682991278,-0.5759557316572923,-0.6528812038059271,-0.0011397966070606817,-0.000672620312061624,0.0737416023581281,0.8195213752563095,0.0007517765724632481,0.0008051628561574808,0.29337335235319184,0.20761629564939477,7.186045535562158e-05,3.2044811470424344e-05,0.14014970434616947,1.55678448923039
2029-04-01,49,0.01830336061019817,0.01854128662556889,0.020234510056485182,-0.0018551082044434006,0.02649319610821973,2.769119714964709,3.7036187558033475,5.25555455020695,0.746784040273782,0.7324054680070899,0.6711822987795185,2.5305108036984256,0.6461984313917186,67.20643709487933,67.82174305076246,0.025954184429401384,0.27828229062154985,-0.0015154624164142214,0.0010388448244870827,-3.1997555845305776e-05,0.001738453908489242,-0.0007770147947171215,0.00206006714142859,13.847950361039512,1032971.7095520797,0.15810841820551524,0.8167466810641312,1.542434053632204,2.7058781572370663,3.6589787741948534,2.3382663860483834,5.943126289413691,1.1258270383525244,64.82193115655947,69.75579487193849,0.036785481329779435,-0.03654689594949645,72.1710698166583,78.67402165234935,-0.060264130446517794,-0.13793979732651462,0.29816224971247834,0.26949855710692205,-0.06667497012146573,0.03259287770933361,0.6318582427672409,3.723240221802005,0.18188541310028716,-0.3368805708732707,-0.10326483720405688,-3.174080464505653,0.7661516810222091,-0.5648551085869873,-0.12395637129710557,2.2940470202712535,-0.06480977462699422,0.10307713021471199,0.8783465865142054,-0.42602335049855333,-0.26430131190443495,3.182100334952437,-0.24319874865247204,-0.12978240046409495,3.5871494272625215,0.5839165194785092,0.03246849090134174,4.901851914319495,-0.11569192807352768,0.07215694028907804,0.008991877548396587,-0.006496478337794542,0.017536584376093935,0.018261170529177036,0.04372437743061952,0.002310371120719079,0.017743371199269442,0.018941692752607396,0.044969775886348984,-0.021138877726933347,0.021148323831911908,0.020422181694156376,-0.043209749514418694,-0.009189597883408007,-0.0018351361209843048,-0.0015059408854267418,0.010883161870512081,0.23185991056861077,0.019926300767766816,0.026966419574594246,0.32955917994952943,-0.01754862061184992,0.021219853050002138,0.00621636990823244,0.2231085845996832,3.175135137152928,0.0012776251962885227,0.0016793487678753987,0.360691628139002,0.03519527434948455,-0.0008230247293511117,-0.0007330663230017278,-0.0559034655863444,0.059951562820994786,-0.0012238470352276942,-0.0006247905997591121,0.23827763829347592,1.4255525243153588,0.0009723277857473834,0.0012702212140588808,0.06841009761802774,-0.18215440508386338,8.193167692789305e-05,5.278300096534789e-05,-1.390539496383876,-1.6062094852528794
2029-05-01,50,0.017420813416093004,0.01884798650195311,0.020179683114096503,-0.001873566769747261,0.03018013831381022,4.714792514166518,3.5392542679175683,5.8492675767439115,1.757472825492765,1.1523890091391749,1.942340910209686,2.0044653026649497,0.6817991415283023,65.43047102550192,75.02635438109009,0.016201590508090405,0.27559893248252504,-0.0011708433163477342,0.0010055546982441516,3.679860941392839e-05,0.0016156872921273418,-0.0010753466970430752,0.012549567967653275,13.860499929007165,1046016.7417825465,0.746784040273782,0.7324054680070899,0.6711822987795185,2.5305108036984256,2.769119714964709,3.7036187558033475,5.25555455020695,0.6461984313917186,67.20643709487933,66.10611073852381,-0.026425535203870143,-0.01022053340415563,67.82174305076246,75.92373741430848,0.10622863710440456,-0.011819531858942356,0.27828229062154985,0.28547562143496463,-0.00964257600809404,-0.03459731133185273,2.1936065665753315,1.353388303328563,-0.19882040276869728,2.0080688362687322,0.5734303735810167,-0.42612076422615475,1.1218434025865311,1.8939096185069975,0.7313832801720892,1.697043821087492,-0.2078811520048217,0.18115117462344443,1.1824013415129937,0.055092535678104904,-0.4233775642914307,3.4247752068806707,0.7026322439897135,0.37667211111961185,3.1220816597084826,-0.044379429612788845,0.13362001820542968,5.583382236299875,0.11296867359384222,0.04762083790635119,0.00206006714142859,0.001629665377549827,0.01830336061019817,0.017842659016864017,-0.04821776792254384,-0.023642529982347615,0.01854128662556889,0.018940926072546854,0.016541455972169494,-0.004906812382761472,0.020234510056485182,0.018969184513858345,-0.0027095759786437412,0.06381395042859128,-0.0018551082044434006,-0.0015490846384908275,0.009950128655378698,0.20946701244972354,0.02649319610821973,0.02533142764174605,0.13916562541303157,0.19141087271660617,0.025954184429401384,-0.005550181570725482,-0.3757619102938584,-3.9191099969676566,0.001738453908489242,0.0011430809047631124,-0.07061827510203433,0.41344963894937115,-0.0007770147947171215,-0.0011972231646674816,0.3839462315959683,-0.10179928957376672,-0.0015154624164142214,-0.0008910772726620147,-0.2274019443398011,0.3139638415980952,0.0010388448244870827,0.0008116481004982477,-0.03204533098518125,0.23890476380942682,-3.1997555845305776e-05,0.00021978070108367819,-2.1500443843846577,-0.8325666938339692
2029-06-01,51,0.019021021926971193,0.019244301902337214,0.02028660571728908,-0.0018869064960878841,0.02362871169129015,3.928291997363921,4.03340629511508,6.234162266973246,1.4040926805144254,-0.06742572965058713,1.541266725677513,2.7101103805691946,1.3881092515309092,64.58957997765118,70.24546005932477,0.014421943239147106,0.27270311701634464,-0.0014849642792023657,0.0010707820154929383,-4.9942833564887366e-05,0.002186267902616733,-0.0013846912916387034,-0.012378321960568428,13.848121607046597,1033148.616979685,1.757472825492765,1.1523890091391749,1.942340910209686,2.0044653026649497,4.714792514166518,3.5392542679175683,5.8492675767439115,0.6817991415283023,65.43047102550192,67.35832925038312,-0.012851673458425639,-0.04110477952088143,75.02635438109009,76.77903850145374,-0.06372286593429777,-0.08509586170456229,0.27559893248252504,0.283356962069266,-0.010507353711771028,-0.037598670507757226,1.2133318564113993,-0.20107289276535922,0.15722065080136294,0.7511380238865399,-1.0585095216249534,-1.0897647669355264,1.1762483414689398,-0.20649010810819757,0.31032424985418094,2.156713912254969,0.35203656404832007,0.2565924322042408,1.1044335575214599,1.0359504243718485,0.2568517518120934,2.6120176697577024,-0.16681550978954052,0.5039301007976411,3.113618321134533,0.13962038039393598,0.2954080683997893,5.895875122919176,0.06580220261415914,0.05737691809974699,0.012549567967653275,-0.0037259350065141916,0.017420813416093004,0.015670576525919445,0.09185613051798991,0.21380485877530053,0.01884798650195311,0.019067276216637407,0.021026935707060046,0.009284267122817491,0.020179683114096503,0.020570399561561956,0.005298527364777428,-0.013796224201846563,-0.001873566769747261,-0.0015869417278149601,0.007119963139836427,0.189020657164231,0.03018013831381022,0.027011374753220855,-0.2170774220581415,-0.12523105887186858,0.016201590508090405,0.024061612937778046,-0.10984398525901617,-0.4006244188017891,0.0016156872921273418,0.0013225119546713409,0.3531503981430215,0.6531176863048058,-0.0010753466970430752,-0.001447051668281999,0.2876696375654899,-0.043094782315086566,-0.0011708433163477342,-0.0008787034893923004,0.2682860793316766,0.6899492230642525,0.0010055546982441516,0.0006795103390265903,0.06486700063426021,0.57581416204329,3.679860941392839e-05,7.588908167651445e-05,-2.3571935016105217,-1.6581030164230235
2029-07-01,52,0.008858534396975828,0.01874049633171753,0.020336136341401544,-0.0019040346965768483,0.02866168537050806,3.106842254999335,3.6546277703265027,6.026939178897873,1.33752626238519,1.2417279995741577,1.6274968190789643,1.4878743762969173,1.4870772234480047,60.4730367392345,72.09391952494892,0.02203935325077164,0.3026092697260074,-0.0012610490617453495,0.0008346566351590082,0.00012458038465710847,0.0019255349427850265,-0.001202687116837749,0.01801472343504429,13.866136330481641,1051929.1588136584,1.4040926805144254,-0.06742572965058713,1.541266725677513,2.7101103805691946,3.928291997363921,4.03340629511508,6.234162266973246,1.3881092515309092,64.58957997765118,70.05785002655715,-0.06373385985542956,-0.13681283801443078,70.24546005932477,71.17902413395656,0.026314290831934928,0.0128534410540746,0.27270311701634464,0.296586670275622,0.10966560645462042,0.020306372652515003,1.22262766758323,-0.047408849182838164,0.09397676647468667,0.525813067900879,-19.416233773205374,1.3615388726098296,0.5755322579872069,0.05594754753661868,1.8278116412983767,0.644941635404022,-0.4509912264221413,1.306990733145709,0.665405861598551,0.07129696153811116,1.2348423860822253,2.3829879390238764,-0.2091111717040942,0.3037591185929229,3.6856622702523327,-0.09391033212977373,-0.008420331991977448,5.660762423968861,-0.03323992530210185,0.0646868261735456,-0.012378321960568428,0.022391198202967644,0.019021021926971193,0.01773499742947063,-0.5342766318767178,-0.5005054592082765,0.019244301902337214,0.01888043704403527,-0.026179467209381913,-0.007411942424391471,0.02028660571728908,0.020018721682677182,0.002441543193706819,0.015855890488703395,-0.0018869064960878841,-0.0016236644540668789,0.009077397594674741,0.17267745303391413,0.02362871169129015,0.02269503886073989,0.21300245840627574,0.2629053224530875,0.014421943239147106,0.019323513616790376,0.5281819436750894,0.1405458493646543,0.002186267902616733,0.002406831408075072,-0.11925938240214595,-0.19997099243231797,-0.0013846912916387034,-0.0007087551694233079,-0.1314402537951711,0.6969006629134544,-0.0014849642792023657,-0.0010905611852726818,-0.15078828534332833,0.15633040931127518,0.0010707820154929383,0.0006571415166466666,-0.22051675963686124,0.27013225312286626,-4.9942833564887366e-05,1.6261093354624838e-05,-3.494459680491487,6.661255116137465
2029-08-01,53,0.016469186615158702,0.018817193605189783,0.02035866938143663,-0.001913406415130742,0.022093675575632046,1.6454409649239683,3.2709028479525393,6.208324154890988,1.7035243386304395,0.3052959676425474,0.6112767566910393,1.6469810372948037,0.8790329932586427,65.76945107634401,71.17467918343753,0.021294920589767154,0.30954137653453473,-0.0016902388545858335,0.0009071369723585093,0.0001051351307516827,0.0019053375886240599,-0.00183873051786338,-0.02516213245689869,13.840974198024742,1025790.6079078899,1.33752626238519,1.2417279995741577,1.6274968190789643,1.4878743762969173,3.106842254999335,3.6546277703265027,6.026939178897873,1.4870772234480047,60.4730367392345,61.146338393856865,0.08758307210448435,0.07560735121551643,72.09391952494892,72.33493630437597,-0.012750594607264576,-0.016040065564670303,0.3026092697260074,0.3012024813826661,0.022907780765618613,0.027685346792593046,1.002425747002299,0.27363804849152706,0.6994020192764787,1.5601757671638259,-0.7541361975027973,-0.8043195042071886,1.4495860563429317,-0.6244067886799471,-0.57830943943184,2.0531135537865564,0.10693554747133804,-0.1978129829900166,1.0230264097423594,-0.40888544360831713,-0.14075239418303986,4.330248182818108,-0.47038155468748744,-0.6200123190507012,4.007066695642121,-0.1049969918932897,-0.1837163949604821,5.4880625053072825,0.03009570374099657,0.13124151718154997,0.01801472343504429,0.0320269912481308,0.008858534396975828,0.017838426094908433,0.8591322082331176,-0.07675786375237159,0.01874049633171753,0.019056847919659864,0.00409259563432407,-0.012575758356283218,0.020336136341401544,0.020280446100280382,0.0011080295517695848,0.003857078920723067,-0.0019040346965768483,-0.001674052779809523,0.004922031395090842,0.14297854775430263,0.02866168537050806,0.02702035180599549,-0.22915644038275162,-0.18233205347349601,0.02203935325077164,0.015478550563815575,-0.03377742770098857,0.37576968217867823,0.0019255349427850265,0.002832689106302527,-0.010489217158403674,-0.3273749722887618,-0.001202687116837749,-0.0026855783729223047,0.5288519284200812,-0.31533164833220995,-0.0012610490617453495,-0.0009732719846240538,0.3403434536055763,0.7366562289766543,0.0008346566351590082,0.001120426684798011,0.08683850837140117,-0.1903647202743598,0.00012458038465710847,-1.0668771831894404e-05,-0.156085999886309,-10.854473636541757
2029-09-01,54,0.018494544428536455,0.018947589690811218,0.021108129045650112,-0.0019281505773342542,0.022033186322154553,4.650122578526635,2.7054240767584514,5.710031613639884,0.9146034275957748,0.012438071327606881,0.7189551702977122,1.7041023605151477,1.0112970429401178,62.33060492682682,69.93414784695109,0.02625794810494235,0.3180316647253521,-0.0014511137600638074,0.0012319682457249807,4.722126529395796e-05,0.001765566913217365,-0.0009002258332921455,-0.004459109157323837,13.836515088867419,1021226.678706216,1.7035243386304395,0.3052959676425474,0.6112767566910393,1.6469810372948037,1.6454409649239683,3.2709028479525393,6.208324154890988,0.8790329932586427,65.76945107634401,64.86226340390762,-0.05228637449817608,-0.039031300238719036,71.17467918343753,67.68547440987452,-0.01742939133296595,0.033222393086285607,0.30954137653453473,0.31464375918192744,0.027428605137931106,0.010767432833351576,1.2312536360125153,-0.4631110299656318,-0.257177074775779,0.7605933167557974,-0.9592589727808988,-0.9836468832244547,1.9111854615181416,0.17615329296922266,-0.6238171622932851,1.2781847460862303,0.03468244134380982,0.3332206989115356,0.2597094680810711,0.15046539856389485,2.8939552354881055,2.713650240490391,1.8260646705981975,0.7136042475710866,3.3637247989447947,-0.17288155517919346,-0.1957058800984115,5.878982366492549,-0.080262004498999,-0.028738094847095552,-0.02516213245689869,0.004472645930945873,0.016469186615158702,0.01753844953179702,0.12297861823446432,0.05451422002874562,0.018817193605189783,0.018854942963107333,0.006929624489034891,0.004913657277307193,0.02035866938143663,0.02054841689872026,0.03681280196518388,0.02723869919948485,-0.001913406415130742,-0.0016921188938601062,0.0077057137923857155,0.13948882926051742,0.022093675575632046,0.027492505492100583,-0.002737853793065015,-0.1985748141985333,0.021294920589767154,0.023046938389537933,0.23306156481090978,0.13932478410503513,0.0019053375886240599,0.0025019978701083996,-0.0733574334759386,-0.29433716378788466,-0.00183873051786338,-0.0023459265406706002,-0.5104090433337587,-0.6162600074276796,-0.0016902388545858335,-0.0009429912331743583,-0.1414741436532767,0.5388411991689193,0.0009071369723585093,0.0008835695778789007,0.35808404162155005,0.3943081298503357,0.0001051351307516827,0.00012232800190716382,-0.5508516995571229,-0.6139782833222868
2029-10-01,55,0.017950964007697263,0.019002525340706733,0.02026971218191055,-0.0019397606912088968,0.02336277989799994,2.3774546027566514,3.254161669401913,5.4045317984491765,1.436002194813951,0.03935461067806667,1.7406361602616585,1.8388934903992207,0.6156044742649609,57.39696436064973,72.8125653471877,0.018338923738919266,0.30457483554772063,-0.0013934692554166198,0.0013108541809687057,0.0001206646046102645,0.0023811348365874495,-0.0023211189382992136,0.008997183293104172,13.845512272160523,1030456.3003563274,0.9146034275957748,0.012438071327606881,0.7189551702977122,1.7041023605151477,4.650122578526635,2.7054240767584514,5.710031613639884,1.0112970429401178,62.33060492682682,63.14714576012596,-0.0791527785101549,-0.09106003652673655,69.93414784695109,70.96339277263493,0.04115897010049996,0.02605811957832227,0.3180316647253521,0.287895444943752,-0.042312859599224484,0.057935583549185266,1.7084114679669298,0.5700817988281337,-0.15945179382175156,1.7373894952178361,2.1640444600697273,-0.9773484237205358,0.8345083876087863,1.4210635546871142,1.0858222470948498,2.704104028595629,0.07909802427791113,-0.3199620018486322,1.1834735916078933,-0.3912723481567494,-0.47983252129133946,2.6295246692198626,-0.48873291776537764,-0.09586145717278871,3.515690071056372,0.20282867937692806,-0.07438892404297648,3.948484207873876,-0.05350229838674481,0.3687611533741786,-0.004459109157323837,-0.00025406276108697057,0.018494544428536455,0.017856384398101215,-0.029391392847745168,0.005296683107141487,0.018947589690811218,0.01883612167643753,0.0028993476633154547,0.008834284845237628,0.021108129045650112,0.020329157663435505,-0.039720093710168936,-0.0029241487772940777,-0.0019281505773342542,-0.0017191419999824176,0.006021373025074661,0.12833069707373523,0.022033186322154553,0.025962803317156776,0.06034504299128396,-0.10014417115884733,0.02625794810494235,0.020093676115853297,-0.3015858030632843,-0.08732858869709681,0.001765566913217365,0.0016217564940057753,0.3486517099758879,0.4682443667643299,-0.0009002258332921455,-0.001369095545635062,1.5783740617738449,0.6953666569870773,-0.0014511137600638074,-0.0008139365715889564,-0.039724318129719216,0.7120120953605846,0.0012319682457249807,0.0009986687784769323,0.06403244200283975,0.3126015443958172,4.722126529395796e-05,0.00016280848320359358,1.5553022321429357,-0.25885554465013805
2029-11-01,56,0.018058357491457448,0.019018066173837216,0.019933658967333626,-0.001954718968005075,0.030868393300531698,2.2506926342021636,2.939494155985677,4.52967910675309,1.166154569285339,1.8575369494700051,0.8941795312045497,1.6432255783588654,1.375514936007339,69.14967656775633,72.14415341210287,0.0032622807020210656,0.3084638216219152,-0.0016796054654823543,0.0003073963463291429,9.1476210351756e-05,0.0012442222777484997,-0.0020436493715494035,-0.0036974542308598757,13.841814817929663,1026653.2704460287,1.436002194813951,0.03935461067806667,1.7406361602616585,1.8388934903992207,2.3774546027566514,3.254161669401913,5.4045317984491765,0.6156044742649609,57.39696436064973,59.560428880662165,0.20476191272519695,0.16100031291426053,72.8125653471877,74.63128058956939,-0.009179898165896039,-0.033325532642865086,0.30457483554772063,0.28772813569786543,0.01276857317250446,0.07206693872240466,0.5943627309540241,-0.18791588655167313,0.9620250539826407,1.4406947268312869,46.19998286008348,0.28933417668261696,2.288289489542004,-0.48629153431459593,-0.6092367092139562,2.4829204340231925,-0.10640524481810854,-0.33818838661041184,1.0608843070566,1.2344134805870608,0.29657393068964777,1.908741372011942,-0.053318355020326225,0.17915012856340096,4.2060527869417585,-0.09669695159124314,-0.3011276118284294,5.714591415069682,-0.16187390958586356,-0.20734856129729862,0.008997183293104172,-0.004576145671308041,0.017950964007697263,0.01520327271986898,0.0059826025897069535,0.1877940904037847,0.019002525340706733,0.01884254459994903,0.000817829885862098,0.009315173593308579,0.02026971218191055,0.02033799401604896,-0.0165790817136926,-0.01988077331502147,-0.0019397606912088968,-0.0017469525501619802,0.0077114031972962405,0.11893077337666114,0.02336277989799994,0.02796119088475299,0.32126371242209517,0.10397276810423617,0.018338923738919266,0.03114330482183625,-0.8221116599608416,-0.8952493731579282,0.0023811348365874495,0.002061363811464823,-0.4774666857876596,-0.3964082076009937,-0.0023211189382992136,-0.0019447784758707723,-0.11954129629958743,0.05083915567008823,-0.0013934692554166198,-0.0009543417208483479,0.20534088495564662,0.7599623162123668,0.0013108541809687057,0.0012266019500905274,-0.76549920594373,-0.7493919308489148,0.0001206646046102645,0.00017040839985012365,-0.24189690384172158,-0.46319424140939947
2029-12-01,57,0.016974626642146252,0.018914952471731063,0.020282543653979163,-0.0019627286575778064,0.021903657905081562,3.9133051857034666,3.0572107306821135,5.228646418608276,1.33405912419675,0.595136856202659,1.6245499886122434,2.685554351563993,1.2136632088266772,68.28313142191358,71.47233362939042,0.01704884073046253,0.2854715919064183,-0.0019363554927382665,0.0010280643039321702,4.5112021040777184e-05,0.001281891806240231,-0.0004421708099986094,-0.011480276472866535,13.830334541456796,1014934.4036834883,1.166154569285339,1.8575369494700051,0.8941795312045497,1.6432255783588654,2.2506926342021636,2.939494155985677,4.52967910675309,1.375514936007339,69.14967656775633,66.20325036535205,-0.012531441777513863,0.03141660031922022,72.14415341210287,77.56298516859647,-0.009312186101552378,-0.07852523373058651,0.3084638216219152,0.30950921097061196,-0.07453784886215453,-0.07766366302577032,0.663674730949879,0.14398138920324177,1.0101098655472218,1.4701476442949453,-0.6796096807805281,-0.5951856546434999,1.6827594271623771,0.8168051626319508,-0.03459165796996411,2.3313555299680644,0.6343187368383894,0.15192827393459818,1.2039680153817363,-0.11766628114592736,0.008052700172327176,2.8294767630969204,0.738711508731033,0.3830490629017478,3.4588496712098213,0.040046541496512544,-0.11611922422382248,4.995438699805228,0.1543083506319749,0.04668413182853004,-0.0036974542308598757,-0.006891400087624788,0.018058357491457448,0.018142813842971738,-0.06001270324966468,-0.06438842458156091,0.019018066173837216,0.018667825264972605,-0.005421881550081276,0.013238135843394394,0.019933658967333626,0.020269712164653078,0.01750229033301265,0.000633037569643502,-0.001954718968005075,-0.0017870849639810013,0.004097616948438354,0.0982850268101032,0.030868393300531698,0.02991546937010297,-0.29041794654390773,-0.26781500119226875,0.0032622807020210656,0.021569196379463102,4.226049591594108,-0.2095745974710761,0.0012442222777484997,0.0019685857846566054,0.030275561823162933,-0.34882603733530426,-0.0020436493715494035,-0.002079823264427176,-0.7836366569753719,-0.7873998153778745,-0.0016796054654823543,-0.0011236836184250869,0.15286329589441872,0.7232212528400035,0.0003073963463291429,0.0010036280095688996,2.3444259055420784,0.024347959732378355,9.1476210351756e-05,0.00013887692456845117,-0.5068442290371815,-0.675165466250357
2030-01-01,58,0.017839845690138748,0.018954562024105635,0.020318051934711596,-0.001969105733960624,0.030064770029324575,4.825010042838757,3.637750891864662,4.902250414274573,0.7594962305857546,2.058205147982349,0.5722138996124845,1.9869472479660704,1.6846917482063961,65.17966724802682,70.26117742190503,0.02812871328555719,0.27719592620640354,-0.0017547657331925515,0.0005597025597897365,9.778307933961574e-06,0.0009141200642630621,-0.001092328040765037,0.022784052416682243,13.853118593873479,1038324.1673179745,1.33405912419675,0.595136856202659,1.6245499886122434,2.685554351563993,3.9133051857034666,3.0572107306821135,5.228646418608276,1.2136632088266772,68.28313142191358,73.68329221776078,-0.04544993923478435,-0.11540777717427009,71.47233362939042,68.87095981513112,-0.016945804704875944,0.020185831742517424,0.2854715919064183,0.2980885588584028,-0.028989454413830607,-0.07008867677448705,0.9625042555273082,-0.4306877282946102,-0.21091649597989115,0.1466476083055258,2.4583728541279903,13.03504067856519,2.010561823952758,-0.647770826614395,-0.7153960187667774,2.8668662442282016,-0.26013515726876757,-0.30692711877774304,1.3511761832805687,0.38810481849828093,0.24683351368440576,2.4249814299676142,0.23297565967153155,0.9897100997194834,4.661436803465127,0.18989209849234712,-0.21960737745913383,4.4019569372836544,-0.06242456999427026,0.11365251503337936,-0.011480276472866535,0.007809192407876253,0.016974626642146252,0.017226785071409748,0.05097131537752042,0.03558763960818556,0.018914952471731063,0.01882880397299913,0.002094086804276696,0.0066790249283408265,0.020282543653979163,0.020214633760402695,0.0017506818344978914,0.005116005342203245,-0.0019627286575778064,-0.0017913246775264006,0.0032490871105370633,0.0992455799133618,0.021903657905081562,0.027043687112872104,0.37259128861529867,0.1117112065319863,0.01704884073046253,0.01373326232942726,0.6498900852125014,1.0482178677446328,0.001281891806240231,0.0019069894287675774,-0.28689764626535663,-0.5206475450397086,-0.0004421708099986094,-0.0005788234606477808,1.4703757373049395,0.8871523271406034,-0.0019363554927382665,-0.0012820683456467427,-0.09377914346137062,0.3686990550471436,0.0010280643039321702,0.0007539053035393961,-0.45557631205658056,-0.2575956726102423,4.5112021040777184e-05,0.0001939792037454299,-0.7832438514531888,-0.9495909471471271
2030-02-01,59,0.01621746229506414,0.01881631228474778,0.020613219226515846,-0.001978460909809798,0.02664979610244906,4.112331184559075,4.155035678812531,6.459488222336635,-0.5649393644793419,0.6007258065676369,1.8144820555758772,2.2192638091659505,0.6438893918178675,65.76678881054502,73.97777388270285,0.018696799832088124,0.3042527374875905,-0.0020065724257785226,0.0011276834691101947,0.0001326623783674369,0.002262814426073195,-0.0011956585503221347,0.012174664996564388,13.865293258870043,1051042.680937123,0.7594962305857546,2.058205147982349,0.5722138996124845,1.9869472479660704,4.825010042838757,3.637750891864662,4.902250414274573,1.6846917482063961,65.17966724802682,58.60465663419378,0.00900774102273405,0.122210974139082,70.26117742190503,71.51027668995948,0.05289687131885601,0.03450549077640219,0.27719592620640354,0.31104147483051653,0.09760897878794994,-0.02182582675389233,0.19800847638635755,-1.7438343229743716,-3.8531069719309516,1.795634785418513,-0.708131229213703,-0.6654521223102591,0.9461579854142188,2.170985634575957,0.9177368722217301,1.6005107443766708,0.11692135331609332,0.38659725775865184,1.1082835581735853,-0.6177998779281829,-0.41902107356083496,4.287409735734778,-0.1477051554198182,-0.04083550720997242,3.632355180101057,0.14219906813979666,0.143895757104054,5.61939667955765,0.31765774419185777,0.14949852994629942,0.022784052416682243,0.016248753294348717,0.017839845690138748,0.018394192733347442,-0.09094155987971375,-0.11833791620205403,0.018954562024105635,0.018854942974961653,-0.007293744861107121,-0.0020488362264035054,0.020318051934711596,0.020495697654088818,0.014527342126731346,0.005733963020457811,-0.001969105733960624,-0.0018160059674710626,0.0047509768966833565,0.08945727340586163,0.030064770029324575,0.023584633006325663,-0.11358722929011655,0.12996441773341494,0.02812871328555719,0.030176317689564358,-0.33531265215433514,-0.3804147999623595,0.0009141200642630621,0.0019831080130367626,1.4754017710982117,0.14104446716854024,-0.001092328040765037,-0.0019408934179625617,0.0945965915923277,-0.3839648590403958,-0.0017547657331925515,-0.0011397966070606817,0.1434987518976929,0.7604653438591036,0.0005597025597897365,0.0007517765724632481,1.0147906229584365,0.5000247552477746,9.778307933961574e-06,7.186045535562158e-05,12.567007631931899,0.8461110176789166
2030-03-01,60,0.01976187344300928,0.018852346207105526,0.020226541314966498,-0.0019816467177873453,0.02473662656797899,3.5905153885183134,3.5429607160971384,5.253791057924347,1.0244688990694124,-0.10193006166509222,0.629494751840395,1.8138941182795474,0.8263161021442421,68.70465826579407,78.8254375645765,0.018651166194674416,0.29839751077511945,-0.0020075924859614164,0.0013332959280936859,7.072297989246554e-05,0.0020993155456647296,-0.0008968725540975392,0.006341647356748581,13.871634906226792,1057729.2023479124,-0.5649393644793419,0.6007258065676369,1.8144820555758772,2.2192638091659505,4.112331184559075,4.155035678812531,6.459488222336635,0.6438893918178675,65.76678881054502,64.82193115655947,0.04467101873731716,0.059898356003262876,73.97777388270285,72.1710698166583,0.06552865039653644,0.09220270344921855,0.3042527374875905,0.29816224971247834,-0.01924461472662964,0.0007890370523697676,0.15810841820551524,-2.8134139050720623,5.479534174693781,0.8167466810641312,-1.1696781802125156,-1.1248000928908441,1.542434053632204,-0.6530719331690458,-0.5918822264342336,2.7058781572370663,-0.18265953295509751,-0.3296467864127005,1.1258270383525244,0.28331995004815425,-0.2660363679367398,3.6589787741948534,-0.1268905087216876,-0.018711063906514447,2.3382663860483834,-0.14730919540270182,0.5152083343611935,5.943126289413691,-0.18665521522944162,-0.11598865612484721,0.012174664996564388,0.008991877548396587,0.01621746229506414,0.017536584376093935,0.21855522667217153,0.12689409859931944,0.01881631228474778,0.017743371199269442,0.001915036369105838,0.0625008063789898,0.020613219226515846,0.021148323831911908,-0.01875873473717027,-0.04358655202520023,-0.001978460909809798,-0.0018351361209843048,0.001610245601392002,0.0798363647948126,0.02664979610244906,0.019926300767766816,-0.07178927475149621,0.24140586134248543,0.018696799832088124,0.021219853050002138,-0.0024407191510598114,-0.12105111422189907,0.002262814426073195,0.0012776251962885227,-0.07225465708745527,0.6431388107898952,-0.0011956585503221347,-0.0008230247293511117,-0.2498924096215399,0.08972734610860411,-0.0020065724257785226,-0.0012238470352276942,0.0005083595138601904,0.6403949416667976,0.0011276834691101947,0.0009723277857473834,0.18233171330048048,0.3712412086103689,0.0001326623783674369,8.193167692789305e-05,-0.4668949798519134,-0.13680541465411644
2030-04-01,61,0.018483716294761733,0.018908195336681713,0.02047327861243635,-0.001976971221320897,0.034831563843978994,3.6212666866332617,2.7263702403141017,5.3868007030469585,2.0689052571329967,0.2989943390835458,1.7313643351565278,1.2092930299969304,1.0452991390635737,65.79394550365818,73.4283098342221,0.02999270202734642,0.2936475419827348,-0.0018868756592013473,0.0009209323468223254,0.00010009957161981166,0.0010647975446174212,-0.001435724450862604,0.013737124390900135,13.885372030617692,1072359.6198318268,1.0244688990694124,-0.10193006166509222,0.629494751840395,1.8138941182795474,3.5905153885183134,3.5429607160971384,5.253791057924347,0.8263161021442421,68.70465826579407,67.20643709487933,-0.042365580960687765,-0.021017206867060323,78.8254375645765,67.82174305076246,-0.06846936594462782,0.08266621486362125,0.29839751077511945,0.27828229062154985,-0.015918258768466642,0.055214621551613385,0.746784040273782,1.0194905467723907,1.7704197539820288,0.7324054680070899,-3.9333283449385155,-0.5917639174689349,0.6711822987795185,1.7504031290089386,1.5795738926739427,2.5305108036984256,-0.33331663749815366,-0.5221150495664715,0.6461984313917186,0.2650112182869042,0.6176132412025688,2.769119714964709,0.00856459164979051,0.3077320807271102,3.7036187558033475,-0.2304825091830479,-0.2638631511296773,5.25555455020695,0.025316889015217336,0.024972845698051138,0.006341647356748581,0.00206006714142859,0.01976187344300928,0.01830336061019817,-0.06467793410040756,0.0098536923576249,0.018852346207105526,0.01854128662556889,0.002962449817261348,0.019788740583236875,0.020226541314966498,0.020234510056485182,0.012198689515309225,0.011800066089301842,-0.0019816467177873453,-0.0018551082044434006,-0.002359399596548073,0.06569051691195549,0.02473662656797899,0.02649319610821973,0.4080967648623386,0.31473619497242233,0.018651166194674416,0.025954184429401384,0.608087221693967,0.15560179164675003,0.0020993155456647296,0.001738453908489242,-0.4927882343288881,-0.3875031489659938,-0.0008968725540975392,-0.0007770147947171215,0.6008121157272721,0.8477440334778839,-0.0020075924859614164,-0.0015154624164142214,-0.060130144740135893,0.24508245058688893,0.0013332959280936859,0.0010388448244870827,-0.3092813625111328,-0.11350345584382648,7.072297989246554e-05,-3.1997555845305776e-05,0.4153754801058056,-4.128350556015885
2030-05-01,62,0.017233964614172956,0.018944754709858885,0.0202586977685425,-0.0020046590718449096,0.025130912244444227,3.8083417145387592,3.5681032512515873,5.64022222674001,1.7853407492755706,1.842006300932409,1.7453870602827306,2.2284313487629968,1.2019442926252621,68.10902211484571,76.4374703306105,0.014376169844802025,0.2979344487741593,-0.0019986861254414393,0.0008328308915258811,0.00021300702262265882,0.002407222413679279,-0.0017149742993219867,0.02965928241610527,13.915031313033797,1104641.3974110312,2.0689052571329967,0.2989943390835458,1.7313643351565278,1.2092930299969304,3.6212666866332617,2.7263702403141017,5.3868007030469585,1.0452991390635737,65.79394550365818,65.43047102550192,0.0351867727868489,0.04093736522697222,73.4283098342221,75.02635438109009,0.04098093096766253,0.018808270255979087,0.2936475419827348,0.27559893248252504,0.014598817216309401,0.0810435515494985,1.757472825492765,-0.13706017077378307,0.015856816320896527,1.1523890091391749,5.160672829386615,0.5984240445926958,1.942340910209686,0.008099234136606626,-0.10140024796455183,2.0044653026649497,0.8427554724008068,0.11173356096525233,0.6817991415283023,0.14985677085893157,0.7629008595273625,4.714792514166518,0.051660107938480415,-0.1922567741643243,3.5392542679175683,0.30873760228563474,0.008151147431120664,5.8492675767439115,0.047044904325067805,-0.03573872237184772,0.013737124390900135,0.012549567967653275,0.018483716294761733,0.017420813416093004,-0.06761365845801015,-0.010725607206575116,0.018908195336681713,0.01884798650195311,0.0019335199645544865,0.00513414034415538,0.02047327861243635,0.020179683114096503,-0.010481020063074054,0.00391555476858807,-0.001976971221320897,-0.001873566769747261,0.014005186431349737,0.06996937830794914,0.034831563843978994,0.03018013831381022,-0.278501753265713,-0.16730294662219958,0.02999270202734642,0.016201590508090405,-0.5206777358140564,-0.11266922604770446,0.0010647975446174212,0.0016156872921273418,1.260732498725086,0.48990613803104144,-0.001435724450862604,-0.0010753466970430752,0.19450100490494915,0.5948105890293072,-0.0018868756592013473,-0.0011708433163477342,0.05925693391339726,0.7070483279317283,0.0009209323468223254,0.0010055546982441516,-0.09566550203219393,-0.17176967798954346,0.00010009957161981166,3.679860941392839e-05,1.1279513905582048,4.788453042522716
2030-06-01,63,0.01333936119510467,0.018912576058505267,0.020368009403486584,-0.002009090668071861,0.02643311888956729,3.7700558746015167,3.9298555539903868,5.365919297231716,1.8300190084807286,0.8931586894362238,0.90670975361741,1.1108364087364673,0.8728268588991466,63.942076387670575,67.8021526987216,0.0069412645546480176,0.29711052340129596,-0.0021125357430488677,0.0005986355550099917,5.817960619327917e-05,0.0030574226244679923,-0.0012147002682052763,-0.010816998779773712,13.904214314254023,1092756.8860169235,1.7853407492755706,1.842006300932409,1.7453870602827306,2.2284313487629968,3.8083417145387592,3.5681032512515873,5.64022222674001,1.2019442926252621,68.10902211484571,64.58957997765118,-0.06118052495525217,-0.010024892408414088,76.4374703306105,70.24546005932477,-0.11297231049822898,-0.03478242378282825,0.2979344487741593,0.27270311701634464,-0.00276545856396726,0.08950175066568256,1.4040926805144254,0.025025059907072045,0.3033463060360475,-0.06742572965058713,-0.5151163766464242,-14.246555789084388,1.541266725677513,-0.4805107851146012,-0.4117113290570542,2.7101103805691946,-0.5015164324657823,-0.5901139611504819,1.3881092515309092,-0.27382087152081236,-0.3712116982604008,3.928291997363921,-0.010053152476071747,-0.040281150909501795,4.03340629511508,0.10138504333132947,-0.02567327304717737,6.234162266973246,-0.04863335494261878,-0.1392717950800263,0.02965928241610527,-0.012378321960568428,0.017233964614172956,0.019021021926971193,-0.22598418334138992,-0.298704283801393,0.018944754709858885,0.019244301902337214,-0.0016985520185632819,-0.017237613789028106,0.0202586977685425,0.02028660571728908,0.005395787833600174,0.004012681437788546,-0.0020046590718449096,-0.0018869064960878841,0.002210648328782039,0.06475369724853941,0.025130912244444227,0.02362871169129015,0.0518169269963904,0.11868641993337614,0.014376169844802025,0.014421943239147106,-0.5171687153405632,-0.5187011597850031,0.002407222413679279,0.002186267902616733,0.2701039202251885,0.3984665926845372,-0.0017149742993219867,-0.0013846912916387034,-0.2917093459152672,-0.1227645645349964,-0.0019986861254414393,-0.0014849642792023657,0.05696222941572837,0.42261721216862935,0.0008328308915258811,0.0010707820154929383,-0.28120395016424726,-0.4409361136548341,0.00021300702262265882,-4.9942833564887366e-05,-0.7268653142185639,-2.1649240149277937
2030-07-01,64,0.01720156482772784,0.018936416130082102,0.02028795560509959,-0.0019821645204325567,0.0236393036313835,3.43893280101632,3.0407455179043437,6.241596499712218,1.9898637986681127,0.657256864931199,1.7081374293463658,2.051122614075111,0.6322098172055821,69.51424629340205,73.3991449054893,0.019520150874863057,0.3099073605560173,-0.0024410974649683873,0.0008911270847529626,1.0992894327145603e-05,0.0018398343259024598,-0.001311670650393378,0.008094496093690395,13.912308810347714,1101638.0983393583,1.8300190084807286,0.8931586894362238,0.90670975361741,1.1108364087364673,3.7700558746015167,3.9298555539903868,5.365919297231716,0.8728268588991466,63.942076387670575,60.4730367392345,0.0871440250383535,0.14950811207239534,67.8021526987216,72.09391952494892,0.08254888648798353,0.01810451407193492,0.29711052340129596,0.3026092697260074,0.0430709656737307,0.02411720842728271,1.33752626238519,0.08734597260827703,0.48771942251034317,1.2417279995741577,-0.264120841341117,-0.4706917576501449,1.6274968190789643,0.8838855791851574,0.04954885891146499,1.4878743762969173,0.8464668586152864,0.378559001183977,1.4870772234480047,-0.27567556983413966,-0.5748641649290333,3.106842254999335,-0.08782975228986378,0.10689005709337374,3.6546277703265027,-0.226244965971647,-0.16797394728035875,6.026939178897873,0.16319239145699882,0.03561630778786107,-0.010816998779773712,0.01801472343504429,0.01333936119510467,0.008858534396975828,0.2895343769565619,0.9418070819480249,0.018912576058505267,0.01874049633171753,0.0012605406848378298,0.01045435483119972,0.020368009403486584,0.020336136341401544,-0.003930369276699763,-0.0023692178048524415,-0.002009090668071861,-0.0019040346965768483,-0.013402156541369892,0.0410338235937473,0.02643311888956729,0.02866168537050806,-0.1056937423788632,-0.17522981200164967,0.0069412645546480176,0.02203935325077164,1.8121894391407327,-0.11430473241406858,0.0030574226244679923,0.0019255349427850265,-0.39824010224212925,-0.0445074327026298,-0.0012147002682052763,-0.001202687116837749,0.07983070781022872,0.09061669658704075,-0.0021125357430488677,-0.0012610490617453495,0.15552954452989787,0.9357672425447088,0.0005986355550099917,0.0008346566351590082,0.48859698909479077,0.0676571025918895,5.817960619327917e-05,0.00012458038465710847,-0.8110524452395573,-0.9117606326437173
2030-08-01,65,0.018213582397473282,0.018879793232916484,0.025981966551191,-0.0020200626945891683,0.024662674691044863,2.8166558023946937,3.014127823360397,4.733633117332684,0.19769689387966016,0.2636493469415294,0.7714762368198402,0.8184002237815139,1.513991492516753,65.93848214602275,68.55841758727834,0.02293897034972683,0.3087149430496616,-0.002207011687525718,0.0010453856816800907,0.00011158363793323683,0.0012282828371840367,-0.0010061902372990065,-0.007706031668931246,13.904602778678782,1093181.4656537545,1.9898637986681127,0.657256864931199,1.7081374293463658,2.051122614075111,3.43893280101632,3.0407455179043437,6.241596499712218,0.6322098172055821,69.51424629340205,65.76945107634401,-0.051439299683793016,0.0025700544388387314,73.3991449054893,71.17467918343753,-0.0659507317754724,-0.0367583194778629,0.3099073605560173,0.30954137653453473,-0.0038476579072413974,-0.002669864346167339,1.7035243386304395,-0.9006480272609684,-0.8839483009449692,0.3052959676425474,-0.5988640651640391,-0.13641392325816604,0.6112767566910393,-0.5483523611358059,0.26207356712856544,1.6469810372948037,-0.6009988782896114,-0.5030906821333225,0.8790329932586427,1.3947611240975606,0.7223375051080512,1.6454409649239683,-0.18095061306162263,0.7117938974643458,3.2709028479525393,-0.008753673856367716,-0.07850279770702262,6.208324154890988,-0.24159898552382575,-0.2375344780276213,0.008094496093690395,-0.02516213245689869,0.01720156482772784,0.016469186615158702,0.05883287828059314,0.10591875743936185,0.018936416130082102,0.018817193605189783,-0.002990159108072654,0.0033267249644195473,0.02028795560509959,0.02035866938143663,0.2806596710345799,0.2762114293619693,-0.0019821645204325567,-0.001913406415130742,0.0191195906121564,0.0557415709569149,0.0236393036313835,0.022093675575632046,0.04329108317314123,0.1162775793741746,0.019520150874863057,0.021294920589767154,0.175143086586812,0.07720384553815585,0.0018398343259024598,0.0019053375886240599,-0.3323948684447172,-0.35534634674843024,-0.001311670650393378,-0.00183873051786338,-0.23289414381785256,-0.4527799329353559,-0.0024410974649683873,-0.0016902388545858335,-0.0958936629126772,0.30573952997105347,0.0008911270847529626,0.0009071369723585093,0.17310504816480976,0.1524011406592125,1.0992894327145603e-05,0.0001051351307516827,9.15052402147583,0.06133541790883168
2030-09-01,66,0.018325949518155304,0.018888557239477258,0.020304797224178397,-0.0020228710497746227,0.028769572343347864,3.201195808206391,3.3413402943315686,5.437087925292352,1.2577196084243056,1.3553155036890019,1.0515287411866616,3.0908376202664103,1.2340813679509046,65.6680679922233,67.55160508264623,0.012037370836306576,0.29959478838526127,-0.0024066083604366486,0.0006234993003543703,4.7735563997457043e-05,0.0029622643135078525,-0.00208456349696326,0.031562358140945435,13.936165136819728,1128235.1287819725,0.19769689387966016,0.2636493469415294,0.7714762368198402,0.8184002237815139,2.8166558023946937,3.014127823360397,4.733633117332684,1.513991492516753,65.93848214602275,62.33060492682682,-0.004101006650420125,0.053544531924798466,68.55841758727834,69.93414784695109,-0.014685468831750481,-0.03406837485914582,0.3087149430496616,0.3180316647253521,-0.029542316851611683,-0.057971826031891105,0.9146034275957748,5.361858215080964,0.37515295752879796,0.012438071327606881,4.140598751377055,107.96508534090938,0.7189551702977122,0.36300859443350664,0.4625790099697511,1.7041023605151477,2.776682276533154,0.8137628888279074,1.0112970429401178,-0.18488223081131416,0.22029563575415168,4.650122578526635,0.13652360557678533,-0.311588941119769,2.7054240767584514,0.10855958676840993,0.23505232434208634,5.710031613639884,0.14860780092650105,-0.0478007315573411,-0.007706031668931246,-0.004459109157323837,0.018213582397473282,0.018494544428536455,0.006169413475605401,-0.009115926647050188,0.018879793232916484,0.018947589690811218,0.00046420034651095676,-0.0031155652142176304,0.025981966551191,0.021108129045650112,-0.2185042196797211,-0.03805793586605266,-0.0020200626945891683,-0.0019281505773342542,0.001390231695767019,0.04912503906791521,0.024662674691044863,0.022033186322154553,0.16652280029441568,0.30573816799342457,0.02293897034972683,0.02625794810494235,-0.47524362895172734,-0.5415722969594541,0.0012282828371840367,0.001765566913217365,1.411711882500243,0.6777978174215806,-0.0010061902372990065,-0.0009002258332921455,1.071738941295051,1.315600619169043,-0.002207011687525718,-0.0014511137600638074,0.09043752420482143,0.6584560264460775,0.0010453856816800907,0.0012319682457249807,-0.40357007822001734,-0.49389986104109573,0.00011158363793323683,4.722126529395796e-05,-0.572199249983063,0.010891252072504187
2030-10-01,67,0.020805927624142465,0.018840407145468314,0.020248281180032093,-0.002029056665925027,0.025784824899463054,2.7290827586862765,2.944812100798668,4.947820771582714,0.6733705351066528,1.7549013721421063,0.7668430719486287,2.5538516065652277,0.6283153380169253,60.597164355793865,70.20811808185037,0.019364573327480237,0.303657205717733,-0.0027123159761919644,0.0010474588953001882,9.793017767476851e-05,0.0014332708856145998,-0.00146391221868462,0.011013182811439037,13.947178319631167,1140729.262313459,1.2577196084243056,1.3553155036890019,1.0515287411866616,3.0908376202664103,3.201195808206391,3.3413402943315686,5.437087925292352,1.2340813679509046,65.6680679922233,57.39696436064973,-0.07722023490975782,0.055755561827902644,67.55160508264623,72.8125653471877,0.03932568287539606,-0.035769200726807227,0.29959478838526127,0.30457483554772063,0.01355970627649139,-0.0030128222127656645,1.436002194813951,-0.46460997300482276,-0.5310797312577262,0.03935461067806667,0.2948286707895549,43.59201455447653,1.7406361602616585,-0.27073503375358254,-0.5594466612520825,1.8388934903992207,-0.1737347863828893,0.388798002656908,0.6156044742649609,-0.49086392977458715,0.02064777675168994,2.3774546027566514,-0.14748021608357542,0.14790110209545682,3.254161669401913,-0.11867339408847188,-0.09506275349254567,5.4045317984491765,-0.08998698576008957,-0.0845051974710399,0.031562358140945435,0.008997183293104172,0.018325949518155304,0.017950964007697263,0.13532603609598914,0.15904235645623332,0.018888557239477258,0.019002525340706733,-0.0025491673820544625,-0.008531402659999743,0.020304797224178397,0.02026971218191055,-0.0027833838241441144,-0.0010572918690766597,-0.0020228710497746227,-0.0019397606912088968,0.0030578400689917906,0.04603453153825865,0.028769572343347864,0.02336277989799994,-0.10374667402989557,0.10367109616396575,0.012037370836306576,0.018338923738919266,0.6087045577322983,0.05592746898141665,0.0029622643135078525,0.0023811348365874495,-0.5161569887336117,-0.39807235458000845,-0.00208456349696326,-0.0023211189382992136,-0.29773680637830846,-0.3693075376149,-0.0024066083604366486,-0.0013934692554166198,0.12702840261879955,0.946448381009336,0.0006234993003543703,0.0013108541809687057,0.6799680363792828,-0.20093408518853828,4.7735563997457043e-05,0.0001206646046102645,1.0515139965662796,-0.1884100727709347
2030-11-01,68,0.018192204212127645,0.01876120338109774,0.020394217487675538,-0.0019494428118795246,0.03707158106973843,3.05294254326462,3.6422613075858616,4.620702579092817,0.8790496305749537,1.9817521281625146,0.21051153454728144,2.167515106260117,1.470415307802813,66.02072328795127,77.24012794279986,0.02540149381890376,0.2986714028867781,-0.0024296693695120297,0.0007955441397125435,0.0001754521457560689,0.0018207310768515793,-0.0017645393093082924,0.03264826536178589,13.979826584992953,1178586.721504014,0.6733705351066528,1.7549013721421063,0.7668430719486287,2.5538516065652277,2.7290827586862765,2.944812100798668,4.947820771582714,0.6283153380169253,60.597164355793865,69.14967656775633,0.08950186019123252,-0.04524899370627067,70.20811808185037,72.14415341210287,0.1001594979764504,0.07063600152860205,0.303657205717733,0.3084638216219152,-0.01641918168604073,-0.03174576092472747,1.166154569285339,0.30544712716858635,-0.24619801377302275,1.8575369494700051,0.1292669546115317,0.0668709059746837,0.8941795312045497,-0.7254829022418504,-0.7645757622479892,1.6432255783588654,-0.15127601749136443,0.31906120182529896,1.375514936007339,1.3402505379602934,0.06899261455563543,2.2506926342021636,0.11866982910193702,0.35644578778605274,2.939494155985677,0.23683996904184057,0.2390775808038752,4.52967910675309,-0.06611358971785442,0.020094905222761694,0.011013182811439037,-0.0036974542308598757,0.020805927624142465,0.018058357491457448,-0.12562397885984888,0.007411898935631989,0.018840407145468314,0.019018066173837216,-0.004203930613549622,-0.013506251918128043,0.020248281180032093,0.019933658967333626,0.007207343000914079,0.0231045650523396,-0.002029056665925027,-0.001954718968005075,-0.039236880557599996,-0.002699189096699084,0.025784824899463054,0.030868393300531698,0.43772863357743463,0.20095596517813852,0.019364573327480237,0.0032622807020210656,0.31175076204010854,6.786421874477844,0.0014332708856145998,0.0012442222777484997,0.2703328415624886,0.4633487194477095,-0.00146391221868462,-0.0020436493715494035,0.20535868666619717,-0.13657433908513494,-0.0027123159761919644,-0.0016796054654823543,-0.10420858379367903,0.44657148327048923,0.0010474588953001882,0.0003073963463291429,-0.24050085088584705,1.5880077925868354,9.793017767476851e-05,9.1476210351756e-05,0.7916044872169548,0.9180084645111328
2030-12-01,69,0.017896170172297197,0.018930355779202896,0.020138764588651242,-0.0020362169178735293,0.025296554943900856,2.175739622828628,3.2861681473479663,5.032005930258272,1.5809516064334046,0.8040401413253958,1.5934591112423508,2.735165984515037,1.3982912350073733,62.10642581142003,76.28352198415065,0.020783224342676633,0.28620062857278483,-0.0025813006296517877,0.0011704318082011692,0.0002697381967464361,0.0019509654146263496,-0.0010128061354834268,0.006366695277392864,13.986193280270346,1186114.3616858053,0.8790496305749537,1.9817521281625146,0.21051153454728144,2.167515106260117,3.05294254326462,3.6422613075858616,4.620702579092817,1.470415307802813,66.02072328795127,68.28313142191358,-0.05928892144151343,-0.09045726934121401,77.24012794279986,71.47233362939042,-0.012384831358094317,0.06731539478909365,0.2986714028867781,0.2854715919064183,-0.041754162579538234,0.0025537976003073837,1.33405912419675,0.7984782103820043,0.18506862084190678,0.595136856202659,-0.5942781491694908,0.35101722056951545,1.6245499886122434,6.569462237160481,-0.019138147541062578,2.685554351563993,0.26189016012643096,0.01847351662130814,1.2136632088266772,-0.049050137340593936,0.15212459670684697,3.9133051857034666,-0.28733030772926627,-0.4440148366712393,3.0572107306821135,-0.0977670546306626,0.07489095022729053,5.228646418608276,0.08901316285243488,-0.03760829717805714,0.03264826536178589,-0.011480276472866535,0.018192204212127645,0.016974626642146252,-0.016272576779514214,0.05428947272765616,0.01876120338109774,0.018914952471731063,0.009016074004910557,0.0008143455551821166,0.020394217487675538,0.020282543653979163,-0.012525751438056787,-0.007088808375359412,-0.0019494428118795246,-0.0019627286575778064,0.04451226035727762,0.03744188480256594,0.03707158106973843,0.021903657905081562,-0.3176294559351702,0.15490093268997573,0.02540149381890376,0.01704884073046253,-0.18181094029951173,0.2190403248674604,0.0018207310768515793,0.001281891806240231,0.07152859608458617,0.5219423395399501,-0.0017645393093082924,-0.0004421708099986094,-0.4260223446762138,1.2905314249183748,-0.0024296693695120297,-0.0019363554927382665,0.06240818690907379,0.33307165927547855,0.0007955441397125435,0.0010280643039321702,0.4712342782439263,0.13848112780928945,0.0001754521457560689,4.5112021040777184e-05,0.5373889876585098,4.979297546935819
2031-01-01,70,0.016792413100631547,0.018867516561069404,0.020268288843619177,-0.0020418344427802345,0.028363112824063855,3.189718824828216,3.540460495519922,5.3156455095708,1.9532276447741952,0.1424195354064608,0.4180931891108779,1.6689384725085625,1.0107982443397905,62.78222545200686,73.7407939215712,0.02387853107931629,0.3023729705014981,-0.002519880378760067,0.0012397167072068676,-2.0446362802022e-05,0.0026288991740651534,-0.0015221160878595222,-0.01047331653535366,13.975719963734992,1173756.636671674,1.5809516064334046,0.8040401413253958,1.5934591112423508,2.735165984515037,2.175739622828628,3.2861681473479663,5.032005930258272,1.3982912350073733,62.10642581142003,65.17966724802682,0.010881315930799662,-0.03678205025037973,76.28352198415065,70.26117742190503,-0.033332599183186096,0.04952402773969644,0.28620062857278483,0.27719592620640354,0.056507010516926304,0.09082761294387631,0.7594962305857546,0.23547592274543927,1.571741064821067,2.058205147982349,-0.8228701179375278,-0.9308040136105605,0.5722138996124845,-0.7376191292508856,-0.26934108137879986,1.9869472479660704,-0.3898218675001267,-0.16004892720883057,1.6846917482063961,-0.2771189441558214,-0.40000997487170287,4.825010042838757,0.4660388547234975,-0.33891975425784404,3.637750891864662,0.07738263435398984,-0.02674465603522136,4.902250414274573,0.056367099570959756,0.08432761698433144,0.006366695277392864,0.022784052416682243,0.017896170172297197,0.017839845690138748,-0.06167560215616619,-0.05871309694602267,0.018930355779202896,0.018954562024105635,-0.0033194948297025073,-0.004592322572557039,0.020138764588651242,0.020318051934711596,0.0064315889089305855,-0.0024492058221095014,-0.0020362169178735293,-0.001969105733960624,0.0027588047508080304,0.03693489260900429,0.025296554943900856,0.030064770029324575,0.12122432825195295,-0.05659970801708969,0.020783224342676633,0.02812871328555719,0.14893294156882586,-0.1510976404463965,0.0019509654146263496,0.0009141200642630621,0.347486303117599,1.8758795226582166,-0.0010128061354834268,-0.001092328040765037,0.5028701293688298,0.39346060071246836,-0.0025813006296517877,-0.0017547657331925515,-0.02379430361042678,0.43602096342256247,0.0011704318082011692,0.0005597025597897365,0.05919601511187733,1.2149562933437217,0.0002697381967464361,9.778307933961574e-06,-1.0758007692223224,-3.0909919119041676
2031-02-01,71,0.017751783429955207,0.0189350250676132,0.02029462741436662,-0.002044365141511531,0.03202892166141426,2.622494468361733,2.8866996399222504,5.107717299218797,1.0498744635400699,0.7716628542470589,1.4552077565305246,2.387693006793359,0.984434716227803,62.1863849631506,67.37499622813532,0.03762200956532792,0.2732362755387527,-0.0029278492012503724,0.001044591922135108,0.00011551592046151168,0.0016768010835283595,-0.0010468510959167259,0.005497214384377003,13.981217178119369,1180226.7961718119,1.9532276447741952,0.1424195354064608,0.4180931891108779,1.6689384725085625,3.189718824828216,3.540460495519922,5.3156455095708,1.0107982443397905,62.78222545200686,65.76678881054502,-0.009490592035666934,-0.054440910254999975,73.7407939215712,73.97777388270285,-0.08632667693009077,-0.08925353262233493,0.3023729705014981,0.3042527374875905,-0.09636011748808426,-0.10194308259955387,-0.5649393644793419,-0.46249252290229503,-2.85838433210908,0.6007258065676369,4.41823740714192,0.28455086465504786,1.8144820555758772,2.480582306602954,-0.1980037763070226,2.2192638091659505,0.4306656872763228,0.07589417577656432,0.6438893918178675,-0.026081889496362365,0.5288879250650291,4.112331184559075,-0.17782895221086803,-0.36228519769792866,4.155035678812531,-0.18465418733662942,-0.3052527431612233,6.459488222336635,-0.0391162672487525,-0.2092690437058885,-0.01047331653535366,0.012174664996564388,0.016792413100631547,0.01621746229506414,0.05713117725096817,0.09460920006936235,0.018867516561069404,0.01881631228474778,0.0035780282118893503,0.00630903553623785,0.020268288843619177,0.020613219226515846,0.0012994965164874195,-0.015455703868874848,-0.0020418344427802345,-0.001978460909809798,0.0012394240582260796,0.03331085864520267,0.028363112824063855,0.02664979610244906,0.12924564592361154,0.2018449048648019,0.02387853107931629,0.018696799832088124,0.5755579537267392,1.0122165238545082,0.0026288991740651534,0.002262814426073195,-0.3621660731341527,-0.25897543156545166,-0.0015221160878595222,-0.0011956585503221347,-0.3122396482985331,-0.12445647995852749,-0.002519880378760067,-0.0020065724257785226,0.16190007507064696,0.4591295901589034,0.0012397167072068676,0.0011276834691101947,-0.157394656325463,-0.07368339543067937,-2.0446362802022e-05,0.0001326623783674369,-6.6497051128373785,-0.1292488354040694
2031-03-01,72,0.017414317549145485,0.018935728601322463,0.020498752987756916,-0.0021867737260029903,0.024115169779611523,2.5102952917094994,3.097108838145131,4.960191904599956,0.7849470584623547,1.132888141612054,1.1495733921908822,2.148599369173564,1.1863292506535852,61.27821236975352,72.11060740250818,0.01839735850057773,0.3064490930017997,-0.0032787669407209905,0.0012238006182004747,7.903843426750956e-05,0.0019053853428049926,-0.0016916835770717322,0.01233699917793274,13.993554177297302,1194877.4398550792,1.0498744635400699,0.7716628542470589,1.4552077565305246,2.387693006793359,2.622494468361733,2.8866996399222504,5.107717299218797,0.984434716227803,62.1863849631506,68.70465826579407,-0.014604042250329075,-0.10809231984402357,67.37499622813532,78.8254375645765,0.07028736830407878,-0.08518608167023878,0.2732362755387527,0.29839751077511945,0.12155347015164719,0.02698273925196415,1.0244688990694124,-0.2523419839972171,-0.2338009878334325,-0.10193006166509222,0.4681128362948821,-12.11436727404661,0.629494751840395,-0.21002799288833462,0.826184235579378,1.8138941182795474,-0.10013583695204364,0.1845230366651609,0.8263161021442421,0.20508676817027527,0.43568453715851585,3.5905153885183134,-0.04278337971950963,-0.30085377165159155,3.5429607160971384,0.07288918989457027,-0.12584160922990695,5.253791057924347,-0.028882842564799893,-0.05588329457479135,0.005497214384377003,0.006341647356748581,0.017751783429955207,0.01976187344300928,-0.019010252245431625,-0.11879217325390978,0.0189350250676132,0.018852346207105526,3.7155150666601244e-05,0.004422918680832888,0.02029462741436662,0.020226541314966498,0.010058108938023391,0.013458142375977866,-0.002044365141511531,-0.0019816467177873453,0.06965907488823997,0.103513409516649,0.03202892166141426,0.02473662656797899,-0.24708143363242085,-0.02512294013331351,0.03762200956532792,0.018651166194674416,-0.5109947949847804,-0.013608140716110051,0.0016768010835283595,0.0020993155456647296,0.13632163142192244,-0.09237782441054176,-0.0010468510959167259,-0.0008968725540975392,0.6159734499683813,0.8862028605323489,-0.0029278492012503724,-0.0020075924859614164,0.11985512755259209,0.6331835089285169,0.001044591922135108,0.0013332959280936859,0.17155856968438998,-0.0821237863148393,0.00011551592046151168,7.072297989246554e-05,-0.3157788644912881,0.11757782813574447
2031-04-01,73,0.01808908428394243,0.01910186069309007,0.02038887251670174,-0.0020462621061845252,0.02712459810015304,3.379579515842767,3.71052152559552,4.6147486136799225,1.1641074703106227,0.411472378527062,1.8012372823555616,2.242344506553642,0.629859107317152,72.34098307167018,73.95294582660144,0.02347600630985519,0.27601762632288857,-0.003045654081848816,0.0007661495403666607,6.963688970128016e-05,0.0007951100366694864,-0.0012014074620790183,0.006297881714999676,13.999852059012301,1202426.3828589388,0.7849470584623547,1.132888141612054,1.1495733921908822,2.148599369173564,2.5102952917094994,3.097108838145131,4.960191904599956,1.1863292506535852,61.27821236975352,65.79394550365818,0.18053350896014653,0.09950820729618637,72.11060740250818,73.4283098342221,0.025548785268298513,0.007144873599348678,0.3064490930017997,0.2936475419827348,-0.0993034972981055,-0.06003767489694434,2.0689052571329967,0.48303947095618316,-0.43733166789677225,0.2989943390835458,-0.6367934631732013,0.3761878562258909,1.7313643351565278,0.5668745419748487,0.04035715983067001,1.2092930299969304,0.04363081304270122,0.8542606720881651,1.0452991390635737,-0.4690688887843376,-0.3974365004438746,3.6212666866332617,0.3462876367589762,-0.06674105822766518,2.7263702403141017,0.19805977752391923,0.360974922161722,5.3868007030469585,-0.06964313025866564,-0.1433229354355614,0.01233699917793274,0.013737124390900135,0.017414317549145485,0.018483716294761733,0.03874781385447146,-0.021350252542619907,0.018935728601322463,0.018908195336681713,0.008773472374123736,0.010242402987695298,0.020498752987756916,0.02047327861243635,-0.005360349047613067,-0.004122744448138316,-0.0021867737260029903,-0.001976971221320897,-0.0642552167824395,0.035049010383333856,0.024115169779611523,0.034831563843978994,0.12479399266290359,-0.2212638450098814,0.01839735850057773,0.02999270202734642,0.2760530980095852,-0.2172760464045389,0.0019053853428049926,0.0010647975446174212,-0.5827038138652973,-0.25327585446755774,-0.0016916835770717322,-0.001435724450862604,-0.2898154960169155,-0.16320470731191117,-0.0032787669407209905,-0.0018868756592013473,-0.07109772151750249,0.6141254814522021,0.0012238006182004747,0.0009209323468223254,-0.37395885492096115,-0.16807185347516818,7.903843426750956e-05,0.00010009957161981166,-0.11894902338790525,-0.30432379904912943
2031-05-01,74,0.01755361253712001,0.018900138677520557,0.020402180302309905,-0.002059471094228299,0.02585559014913037,4.126397232869998,3.1417827157278215,5.2899843665626145,1.5188524843204,0.3625254103575162,1.1582273374703618,2.7069758694828723,0.980242532210748,69.58711278932705,73.47519667305924,0.016524718914925546,0.29597649384468067,-0.0031561440657014734,0.0010098439005535424,7.115351068351224e-06,0.001398644535622764,-0.0003404673936666117,0.024294929578900337,14.024146988591202,1231997.0007188697,1.1641074703106227,0.411472378527062,1.8012372823555616,2.242344506553642,3.379579515842767,3.71052152559552,4.6147486136799225,0.629859107317152,72.34098307167018,68.10902211484571,-0.0380679134483809,0.02170183374515311,73.95294582660144,76.4374703306105,-0.006460177457465632,-0.03875420843649979,0.27601762632288857,0.2979344487741593,0.07231011942130094,-0.006571764149914783,1.7853407492755706,0.30473562197407733,-0.14926465161527414,1.842006300932409,-0.11895565953846066,-0.8031899184199268,1.7453870602827306,-0.3569823649465582,-0.3364065978106062,2.2284313487629968,0.20720784053086594,0.21474501378986433,1.2019442926252621,0.5562885744179102,-0.18445260880625147,3.8083417145387592,0.2209794779280394,0.08351548841245715,3.5681032512515873,-0.15327732394071447,-0.11948099746671426,5.64022222674001,0.1463212429125671,-0.062096464660015616,0.006297881714999676,0.02965928241610527,0.01808908428394243,0.017233964614172956,-0.029601926687784497,0.018547555951471617,0.01910186069309007,0.018944754709858885,-0.010560333300016378,-0.0023550599108632664,0.02038887251670174,0.0202586977685425,0.0006526984558496984,0.007082515145183876,-0.0020462621061845252,-0.0020046590718449096,0.006455178935216299,0.027342316283708756,0.02712459810015304,0.025130912244444227,-0.046784396448458665,0.028836116159943526,0.02347600630985519,0.014376169844802025,-0.2961017859333044,0.14945212064953228,0.0007951100366694864,0.002407222413679279,0.7590578298839366,-0.4189799298665431,-0.0012014074620790183,-0.0017149742993219867,-0.7166095563636355,-0.8014737633087474,-0.003045654081848816,-0.0019986861254414393,0.036277916297567936,0.5791094086893671,0.0007661495403666607,0.0008328308915258811,0.3180767557078419,0.2125437598782447,6.963688970128016e-05,0.00021300702262265882,-0.8978221012042067,-0.9665956972650801
2031-06-01,75,0.018111383107681987,0.019078138633233068,0.020509365556811484,-0.0020568456222691813,0.02566792664605552,3.835763554381846,4.207609834679919,4.55660312702551,0.15937615969895746,1.242868441820673,1.1635009267603245,2.453296647850107,0.15222712592088616,71.62432564279717,66.19382267676328,0.01330196298247789,0.28069377940313955,-0.003500289772599245,0.0007513792662942201,8.659710158470969e-06,0.0007131261285878289,0.0003568525149939344,-0.012303263880312443,14.01184372471089,1216932.2791703278,1.5188524843204,0.3625254103575162,1.1582273374703618,2.7069758694828723,4.126397232869998,3.1417827157278215,5.2899843665626145,0.980242532210748,69.58711278932705,63.942076387670575,0.029275720342611722,0.12014388160544476,73.47519667305924,67.8021526987216,-0.09909975510097258,-0.023720928583269685,0.29597649384468067,0.29711052340129596,-0.05163489249778397,-0.05525467024937025,1.8300190084807286,-0.89506804555133,-0.9129101069658994,0.8931586894362238,2.428362278370992,0.3915426861101152,0.90670975361741,0.004553155601974002,0.283212099702711,1.1108364087364673,-0.09371314480214676,1.2085129984536924,0.8728268588991466,-0.8447046308248152,-0.8255929863193225,3.7700558746015167,-0.07043279211536546,0.01742883446980059,3.9298555539903868,0.3392427851921609,0.07067798723734242,5.365919297231716,-0.1386358047053453,-0.15082525945251035,0.024294929578900337,-0.010816998779773712,0.01755361253712001,0.01333936119510467,0.03177525819158178,0.35773991293740304,0.018900138677520557,0.018912576058505267,0.009417917971375589,0.008754099611583355,0.020402180302309905,0.020368009403486584,0.005253617648376618,0.00694010644460441,-0.002059471094228299,-0.002009090668071861,-0.0012748282636622088,0.023769437067342913,0.02585559014913037,0.02643311888956729,-0.007258140386370626,-0.028948239014419896,0.016524718914925546,0.0069412645546480176,-0.19502636922536587,0.9163601787185325,0.001398644535622764,0.0030574226244679923,-0.4901305439481801,-0.7667557887219086,-0.0003404673936666117,-0.0012147002682052763,-2.0481253759746734,-1.2937782466461336,-0.0031561440657014734,-0.0021125357430488677,0.1090399233158208,0.6569138695601591,0.0010098439005535424,0.0005986355550099917,-0.2559451357953896,0.2551530893979044,7.115351068351224e-06,5.817960619327917e-05,0.2170460846252531,-0.8511555728015339
2031-07-01,76,0.01763557092302783,0.019209592634747683,0.020255725756797672,-0.002059191193229885,0.03190171436057378,2.294082725653607,3.15594450875831,5.756100909701672,-0.32917199969243094,1.0729084282326093,1.8913432005742923,2.2993226516888328,1.2658091704429486,60.777144481115464,69.70089293190576,0.015119240099590094,0.2991434390255532,-0.0033810942560954815,0.0008261059650348448,0.00018307924067797337,0.0021598167622249712,-0.0016685865084509416,0.03953809291124344,14.051381817622133,1266011.3129453626,0.15937615969895746,1.242868441820673,1.1635009267603245,2.453296647850107,3.835763554381846,4.207609834679919,4.55660312702551,0.15222712592088616,71.62432564279717,69.51424629340205,-0.15144549096041016,-0.12568793129698175,66.19382267676328,73.3991449054893,0.05298183596780848,-0.05038549125259573,0.28069377940313955,0.3099073605560173,0.06572877981708225,-0.034732706932652846,1.9898637986681127,-3.065377910436527,-1.1654243872936216,0.657256864931199,-0.13674819302603736,0.6324035327419828,1.7081374293463658,0.6255622639172163,0.10725470215709265,2.051122614075111,-0.06276207824121305,0.12100692367708099,0.6322098172055821,7.31526682767959,1.0021979032814237,3.43893280101632,-0.4019228002119878,-0.33290853343350335,3.0407455179043437,-0.24994364193504437,0.037885114086548155,6.241596499712218,0.2632438571535587,-0.07778387949828702,-0.012303263880312443,0.008094496093690395,0.018111383107681987,0.01720156482772784,-0.026271443866279776,0.025230617077371953,0.019078138633233068,0.018936416130082102,0.006890294909883243,0.014425987620308778,0.020509365556811484,0.02028795560509959,-0.012367023217330742,-0.0015886198160752762,-0.0020568456222691813,-0.0019821645204325567,0.0011403728774335153,0.03885987868480223,0.02566792664605552,0.0236393036313835,0.24286292385350206,0.34952005600626546,0.01330196298247789,0.019520150874863057,0.13661721352750922,-0.22545475203986287,0.0007131261285878289,0.0018398343259024598,2.028660254676067,0.17391915772935507,0.0003568525149939344,-0.001311670650393378,-5.675843488112458,0.2721078328241333,-0.003500289772599245,-0.0024410974649683873,-0.03405304253289054,0.3850713888391455,0.0007513792662942201,0.0008911270847529626,0.09945270264000561,-0.07296503588614733,8.659710158470969e-06,1.0992894327145603e-05,20.141497501378197,15.654325533347635
2031-08-01,77,0.017699123597200495,0.01887572987448609,0.020151228834256983,-0.002058926261382635,0.0256906137201049,2.6168151540103715,3.451241315970969,5.387176018701216,0.7767073503565389,1.047104301592097,1.5710517332491627,1.2712413695820803,0.3734864970168503,65.23251021461735,72.62430164704026,0.016555267345182298,0.29165943555405566,-0.003012554853969193,0.0010572112621716418,0.00018172934513951714,0.0015971342628360997,-0.000859353303358369,0.0214876476675272,14.07286946528966,1293509.2934188265,-0.32917199969243094,1.0729084282326093,1.8913432005742923,2.2993226516888328,2.294082725653607,3.15594450875831,5.756100909701672,1.2658091704429486,60.777144481115464,65.93848214602275,0.07330659858306188,-0.010706523845089522,69.70089293190576,68.55841758727834,0.04194219890397277,0.059305395352595935,0.2991434390255532,0.3087149430496616,-0.025018110027337892,-0.05524678309097053,0.19769689387966016,-3.3595790379566686,2.928778723399304,0.2636493469415294,-0.024050632804720418,2.9715793486274693,0.7714762368198402,-0.16934603261210102,1.0364227156565602,0.8184002237815139,-0.4471235393395684,0.5533248069119054,1.513991492516753,-0.7049424939099194,-0.7533100424520929,2.8166558023946937,0.1406803794596443,-0.07094961628411245,3.014127823360397,0.09356844088771443,0.1450215512503521,4.733633117332684,-0.06409284631870305,0.1380636997353084,0.03953809291124344,-0.007706031668931246,0.01763557092302783,0.018213582397473282,0.003603664120092498,-0.028245887549511295,0.019209592634747683,0.018879793232916484,-0.017380002096331726,-0.00021522261288919875,0.020255725756797672,0.025981966551191,-0.0051588831619928666,-0.2244147957563566,-0.002059191193229885,-0.0020200626945891683,-0.00012865820722274268,0.019238792388753367,0.03190171436057378,0.024662674691044863,-0.19469488599474638,0.04167994923248486,0.015119240099590094,0.02293897034972683,0.09498012043813864,-0.27829073873930676,0.0021598167622249712,0.0012282828371840367,-0.26052325791249753,0.3002984446951098,-0.0016685865084509416,-0.0010061902372990065,-0.48498127067072894,-0.14593357050929368,-0.0033810942560954815,-0.002207011687525718,-0.10900003792023272,0.3649927052930879,0.0008261059650348448,0.0010453856816800907,0.27975260670953883,0.011312169947215622,0.00018307924067797337,0.00011158363793323683,-0.007373285651925077,0.6286379303052494
2031-09-01,78,0.017999690781077077,0.018978863844227194,0.020245561179247466,-0.0020914497870906045,0.030326936719424706,3.8603040085423124,3.8035857691077997,4.573992115690868,0.3294765040236832,0.5484487615388459,1.589609074239273,1.639707408389756,1.5207906590526794,60.526413558781144,74.8286874349662,0.024198630310253683,0.2704152275394086,-0.0034701281593179025,0.001400701764273508,0.00014028441533611195,0.0011920766635417387,-0.0020898427648504917,-0.0203264020383358,14.052543063251324,1267482.3169822283,0.7767073503565389,1.047104301592097,1.5710517332491627,1.2712413695820803,2.6168151540103715,3.451241315970969,5.387176018701216,0.3734864970168503,65.23251021461735,65.6680679922233,-0.07214342419681496,-0.07829763522281563,72.62430164704026,67.55160508264623,0.03035328034738871,0.10772626858261614,0.29165943555405566,0.29959478838526127,-0.07283909047650095,-0.09739675714361717,1.2577196084243056,-0.5758035457338717,-0.7380366006725001,1.3553155036890019,-0.4762233707712378,-0.5953349902321372,1.0515287411866616,0.01181204959542037,0.511712435406551,3.0908376202664103,0.28984742600754765,-0.4694941598878223,1.2340813679509046,3.07187588092125,0.23232608363404195,3.201195808206391,0.4751917049342387,0.20589437192385152,3.3413402943315686,0.10209209408403908,0.13834133433233653,5.437087925292352,-0.15094808489409572,-0.1587422939376275,0.0214876476675272,0.031562358140945435,0.017699123597200495,0.018325949518155304,0.016982037682595985,-0.017803101375729935,0.01887572987448609,0.018888557239477258,0.005463840096615824,0.004781021843277333,0.020151228834256983,0.020304797224178397,0.004681220473766734,-0.002917342353973118,-0.002058926261382635,-0.0020228710497746227,0.015796352845647288,0.033901685094372525,0.0256906137201049,0.028769572343347864,0.1804675843804977,0.05413234362647512,0.016555267345182298,0.012037370836306576,0.46168767955871504,1.0102920014117087,0.0015971342628360997,0.0029622643135078525,-0.25361524620671705,-0.5975792375765058,-0.000859353303358369,-0.00208456349696326,1.4318784331000378,0.0025325531675683965,-0.003012554853969193,-0.0024066083604366486,0.15188878793222105,0.4419164399014601,0.0010572112621716418,0.0006234993003543703,0.324902424323682,1.2465169784110572,0.00018172934513951714,4.7735563997457043e-05,-0.22805854371833623,1.9387819811573852
2031-10-01,79,0.017654042561150763,0.019456326722873202,0.020529265106124368,-0.0020637803374435985,0.018827032506198507,2.6693479725446068,2.6676564524356667,5.2274344651751905,0.8858225399091824,0.9115342036867974,1.6709010016972017,2.0446080173485006,0.8228254098441959,62.542531836381855,64.87224417993144,0.04263377967932343,0.29782648009993,-0.003509224019446027,0.0008753233249265361,0.000158310699432875,0.002420478588814298,-0.0017781391082722262,-0.0023240118753165007,14.050219051376008,1264540.0932315297,0.3294765040236832,0.5484487615388459,1.589609074239273,1.639707408389756,3.8603040085423124,3.8035857691077997,4.573992115690868,1.5207906590526794,60.526413558781144,60.597164355793865,0.033309726432786624,0.03210327580950567,74.8286874349662,70.20811808185037,-0.13305650007141878,-0.07600081084210564,0.2704152275394086,0.303657205717733,0.10136726696179355,-0.019201670528520287,0.6733705351066528,1.6885757530239798,0.3155053476892631,1.7549013721421063,0.6620225399528679,-0.4805781007657767,0.7668430719486287,0.05113957184525497,1.1789347296980424,2.5538516065652277,0.2469346707144353,-0.19940218449169334,0.6283153380169253,-0.4589489322897704,0.30957396717574803,2.7290827586862765,-0.3085135350382474,-0.02188822817906222,2.944812100798668,-0.2986469572733168,-0.09411658159372316,4.947820771582714,0.14286040136420852,0.05651249438912731,-0.0203264020383358,0.011013182811439037,0.017999690781077077,0.020805927624142465,-0.01920300877000014,-0.15148976387548163,0.018978863844227194,0.018840407145468314,0.025157611254545076,0.0326914154587703,0.020245561179247466,0.020248281180032093,0.014013142158178837,0.013876927310223719,-0.0020914497870906045,-0.002029056665925027,-0.013229793905545573,0.017113209355708925,0.030326936719424706,0.025784824899463054,-0.37919768553018396,-0.2698405911381402,0.024198630310253683,0.019364573327480237,0.7618261501874435,1.2016379580551817,0.0011920766635417387,0.0014332708856145998,1.0304722530368942,0.6887795692412841,-0.0020898427648504917,-0.00146391221868462,-0.14915172654176445,0.2146487238626582,-0.0034701281593179025,-0.0027123159761919644,0.01126640237281884,0.2938109166664664,0.001400701764273508,0.0010474588953001882,-0.37508229999229437,-0.16433634880184989,0.00014028441533611195,9.793017767476851e-05,0.12849812328456656,0.616567060244019
2031-11-01,80,0.01740127979184251,0.01910628422230736,0.02012108911107792,-0.0020310116714312245,0.028901087404552953,3.1539469778508926,2.475531896019696,4.969814653506867,1.122631269860086,0.48532361124960266,0.5070320407231939,2.1905969678422115,0.8597336587090357,61.82260660211504,72.30535238047077,0.01392502222872978,0.28407559885367845,-0.0038470603711438698,0.0011626382991000161,-3.773688792855853e-05,0.0015844203075580958,-0.001429929674293661,-0.018802938982844353,14.031416112393163,1240985.1679128013,0.8858225399091824,0.9115342036867974,1.6709010016972017,2.0446080173485006,2.6693479725446068,2.6676564524356667,5.2274344651751905,0.8228254098441959,62.542531836381855,66.02072328795127,-0.011510970424897793,-0.06358786267042282,64.87224417993144,77.24012794279986,0.11458071621389654,-0.06388875437885788,0.29782648009993,0.2986714028867781,-0.04617078119325624,-0.048869104614721826,0.8790496305749537,0.2673320211237593,0.2770965720397547,1.9817521281625146,-0.46757498590106716,-0.7551037769291582,0.21051153454728144,-0.6965517165839383,1.408571301394951,2.167515106260117,0.07140192606846618,0.010648996869932148,1.470415307802813,0.04485550448889075,-0.41531235825223844,3.05294254326462,0.1815420882891985,0.03308428938798991,3.6422613075858616,-0.07201997702536023,-0.32033105618649016,4.620702579092817,-0.04928226520764045,0.07555389433495874,-0.0023240118753165007,0.03264826536178589,0.017654042561150763,0.018192204212127645,-0.014317557490457156,-0.04347600824301834,0.019456326722873202,0.01876120338109774,-0.017991191531252615,0.018393321270494534,0.020529265106124368,0.020394217487675538,-0.01988264036420284,-0.013392442086227252,-0.0020637803374435985,-0.0019494428118795246,-0.01587798149727726,0.04184214025394084,0.018827032506198507,0.03707158106973843,0.5350845862213134,-0.22039776641344977,0.04263377967932343,0.02540149381890376,-0.673380536901279,-0.451803018830066,0.002420478588814298,0.0018207310768515793,-0.3454103189013359,-0.1297889470322623,-0.0017781391082722262,-0.0017645393093082924,-0.1958280048836628,-0.18963002595039946,-0.003509224019446027,-0.0024296693695120297,0.09627095615034986,0.5833678521932004,0.0008753233249265361,0.0007955441397125435,0.3282386816295495,0.46143782734684713,0.000158310699432875,0.0001754521457560689,-1.2383723150977504,-1.2150836501083555
2031-12-01,81,0.0189040217416283,0.018838002583154195,0.020390106908182905,-0.0020637967564650916,0.024659463677457284,3.5644040071435916,2.5613036941389717,5.4963456627807314,0.7759544402704198,1.567739948376182,1.789777446979508,1.5044967038208574,0.7409805466286364,69.26854669462512,73.35725308375136,0.017442481440803553,0.3037870161175094,-0.004250482241738806,0.0007198257693233025,2.3898119108262404e-05,0.0012339647044163856,-0.0011349253410521877,0.0004402833874337375,14.031856395780597,1241531.6733660928,1.122631269860086,0.48532361124960266,0.5070320407231939,2.1905969678422115,3.1539469778508926,2.475531896019696,4.969814653506867,0.8597336587090357,61.82260660211504,62.10642581142003,0.12044041009838846,0.11532012653492818,72.30535238047077,76.28352198415065,0.014548033702200813,-0.03836043255851873,0.28407559885367845,0.28620062857278483,0.06938792822534512,0.06144776002912278,1.5809516064334046,-0.3088073875163594,-0.5091852039538658,0.8040401413253958,2.230298118691553,0.9498279598228618,1.5934591112423508,2.5299099528832514,0.1232026189765838,2.735165984515037,-0.31320241655277126,-0.4499431799245578,1.3982912350073733,-0.13812779211031168,-0.4700813907163416,2.175739622828628,0.13014075131103997,0.638249342772732,3.2861681473479663,0.03464782589034088,-0.22058045136673277,5.032005930258272,0.10594580401551323,0.0922772625783903,-0.018802938982844353,0.006366695277392864,0.01740127979184251,0.017896170172297197,0.08635812812401622,0.05631660626982815,0.01910628422230736,0.018930355779202896,-0.014041539214618037,-0.004878576880745222,0.02012108911107792,0.020138764588651242,0.013369942134835888,0.01248052324288551,-0.0020310116714312245,-0.0020362169178735293,0.01614224354051297,0.013544646618673939,0.028901087404552953,0.025296554943900856,-0.14676346490781045,-0.025184902365417816,0.01392502222872978,0.020783224342676633,0.2525998992530607,-0.16074228169751026,0.0015844203075580958,0.0019509654146263496,-0.2211885327838491,-0.3675107230679866,-0.001429929674293661,-0.0010128061354834268,-0.20630688246063278,0.12057510444530606,-0.0038470603711438698,-0.0025813006296517877,0.10486497004854245,0.6466436310877077,0.0011626382991000161,0.0011704318082011692,-0.38086869331544404,-0.38499127904803,-3.773688792855853e-05,0.0002697381967464361,-1.6332827220279809,-0.9114025399571885
2032-01-01,82,0.02056729375298084,0.018572223248734525,0.020445735520550106,-0.0020678940455372773,0.02428896043642493,2.5303463670243938,3.9370160893981803,6.003381035433933,1.9640630111194999,1.6024942003643068,1.6558621860488034,3.234113206072677,0.8928011841983472,63.6078648914562,75.90414789612308,0.0210545788797735,0.29196725920877414,-0.0040119406912851,0.0010856826738813016,-2.0269658756461468e-05,0.0016624527685219612,-0.0016322042751103396,-0.00925405789166689,14.02260233788893,1230095.4646690902,0.7759544402704198,1.567739948376182,1.789777446979508,1.5044967038208574,3.5644040071435916,2.5613036941389717,5.4963456627807314,0.7409805466286364,69.26854669462512,62.78222545200686,-0.0817208108627484,0.013150846971496488,73.35725308375136,73.7407939215712,0.034719059197376945,0.029337275333009893,0.3037870161175094,0.3023729705014981,-0.03890803846653934,-0.03441349693216833,1.9532276447741952,1.5311576417231723,0.005547416029203944,0.1424195354064608,0.022168378131923072,10.251926891846962,0.4180931891108779,-0.07482229768662285,2.9605098317200054,1.6689384725085625,1.1496313005267758,0.9378265042997769,1.0107982443397905,0.2048915295556335,-0.11673651077472325,3.189718824828216,-0.29010674380535817,-0.20671805071700422,3.540460495519922,0.5371141260629302,0.11200678397063246,5.3156455095708,0.09224954247085693,0.12937949391562475,0.0004402833874337375,-0.01047331653535366,0.0189040217416283,0.016792413100631547,0.08798508772817759,0.2247967954175285,0.018838002583154195,0.018867516561069404,-0.014108679157807447,-0.01565088396128278,0.020390106908182905,0.020268288843619177,0.002728215826317104,0.008754891855944358,-0.0020637967564650916,-0.0020418344427802345,0.0019853161699912025,0.012762838264966714,0.024659463677457284,0.028363112824063855,-0.015024789098355584,-0.1436426393996617,0.017442481440803553,0.02387853107931629,0.20708621369205504,-0.11826322943243828,0.0012339647044163856,0.0026288991740651534,0.34724499215577875,-0.367623990709672,-0.0011349253410521877,-0.0015221160878595222,0.4381600410799933,0.0723257497433254,-0.004250482241738806,-0.002519880378760067,-0.056121055656057184,0.5921155325869938,0.0007198257693233025,0.0012397167072068676,0.5082575814171473,-0.12424938087074022,2.3898119108262404e-05,-2.0446362802022e-05,-1.8481696264311256,-0.008642321730839009
2032-02-01,83,0.011856309927610956,0.01894840972147155,0.019230327509177247,-0.002067161640178403,0.025880923254757753,3.4610037938665514,3.0995309593198153,4.417438211869605,1.6143376918874475,-0.058368157200800574,0.8477347863901541,2.9254800859519143,1.4428201315085853,68.69249073889107,75.3646079937237,0.023708085381506077,0.29770662041947443,-0.004256333995715352,0.000736871293175139,1.0636106651121295e-05,0.0017357527046879448,-0.0010546270599835917,-0.016452046111226082,14.006150291777704,1210023.4430148783,1.9640630111194999,1.6024942003643068,1.6558621860488034,3.234113206072677,2.5303463670243938,3.9370160893981803,6.003381035433933,0.8928011841983472,63.6078648914562,62.1863849631506,0.0799370621244957,0.10462267230352351,75.90414789612308,67.37499622813532,-0.007108174155880942,0.11858422579401906,0.29196725920877414,0.2732362755387527,0.01965755073446873,0.08955745291313333,1.0498744635400699,-0.17806216870441027,0.5376483074405534,0.7716628542470589,-1.0364233188410488,-1.0756394543025563,1.4552077565305246,-0.48804025266558704,-0.4174475894690767,2.387693006793359,-0.09543052467713375,0.22523292468021117,0.984434716227803,0.616059831735219,0.46563312703684634,2.622494468361733,0.36779843225043574,0.31973730950465407,2.8866996399222504,-0.2127207791539365,0.07372825231075897,5.107717299218797,-0.2641749397886909,-0.13514434079089832,-0.00925405789166689,0.005497214384377003,0.02056729375298084,0.017751783429955207,-0.42353573250770504,-0.33210598392023805,0.018572223248734525,0.0189350250676132,0.020255327953946356,0.0007068727826107235,0.020445735520550106,0.02029462741436662,-0.059445550890123044,-0.052442446143946,-0.0020678940455372773,-0.002044365141511531,-0.00035417934514336835,0.011150893841800125,0.02428896043642493,0.03202892166141426,0.06554264940649479,-0.1919514641063641,0.0210545788797735,0.03762200956532792,0.12602990147106286,-0.36983468837998446,0.0016624527685219612,0.0016768010835283595,0.044091439801416055,0.03515719409933715,-0.0016322042751103396,-0.0010468510959167259,-0.35386331474208566,0.0074279561794377,-0.0040119406912851,-0.0029278492012503724,0.06091647988743554,0.4537408531483229,0.0010856826738813016,0.001044591922135108,-0.3212829946518041,-0.2945845381716137,-2.0269658756461468e-05,0.00011551592046151168,-1.5247304248637519,-0.9079251880725384
2032-03-01,84,0.017964566424190715,0.018869104939610408,0.02039786044847916,-0.002071211927672165,0.02534328008608758,2.3698792453667106,4.610008181157427,5.3906119597635165,1.3018688882541725,0.3725635429112457,1.1867340202900993,2.3682985383784065,0.03594075459861712,67.06927623828493,74.94131038372004,0.023721538959078407,0.2790664904860657,-0.004318290739055506,0.001131126144962126,0.00012061041885336596,0.0006533808232676337,-0.0009712842429860169,-0.012173675000667572,13.993976616777037,1195382.3098901277,1.6143376918874475,-0.058368157200800574,0.8477347863901541,2.9254800859519143,3.4610037938665514,3.0995309593198153,4.417438211869605,1.4428201315085853,68.69249073889107,61.27821236975352,-0.02363015932521917,0.09450445182029887,75.3646079937237,72.11060740250818,-0.005616663063369387,0.039255015082751976,0.29770662041947443,0.3064490930017997,-0.06261241321118238,-0.08935449032499887,0.7849470584623547,-0.19355851331696494,0.6585435593636393,1.132888141612054,-7.3829930698263615,-0.6711382799178188,1.1495733921908822,0.3998883133526707,0.03232558125618734,2.148599369173564,-0.19045815770515084,0.10225227297229789,1.1863292506535852,-0.9750899271407877,-0.9697042329700492,2.5102952917094994,-0.3152624537521418,-0.05593606728520217,3.097108838145131,0.4873244505901251,0.48848762574271576,4.960191904599956,0.22030274136693184,0.08677487956955865,-0.016452046111226082,0.01233699917793274,0.011856309927610956,0.017414317549145485,0.5151903529743991,0.03159749863825301,0.01894840972147155,0.018935728601322463,-0.0041853001400574685,-0.003518410255806126,0.019230327509177247,0.020498752987756916,0.06071310739480307,-0.004921886679546517,-0.002067161640178403,-0.0021867737260029903,0.001959347259081534,-0.052845796049530214,0.025880923254757753,0.024115169779611523,-0.02077372446793746,0.05092687788225225,0.023708085381506077,0.01839735850057773,0.0005674679062368515,0.2893991796884037,0.0017357527046879448,0.0019053853428049926,-0.6235749358171969,-0.6570873048148014,-0.0010546270599835917,-0.0016916835770717322,-0.07902586626107566,-0.42584756620544306,-0.004256333995715352,-0.0032787669407209905,0.014556363152544494,0.31704717570012075,0.000736871293175139,0.0012238006182004747,0.535038961944309,-0.07572677432915587,1.0636106651121295e-05,7.903843426750956e-05,10.339715067698272,0.5259717626130336
2032-04-01,85,0.017652587254528763,0.018828803974018968,0.020664124709809904,-0.0020696184309870963,0.02806606939002044,2.8164578022908278,3.024408220251847,5.225246550803378,1.4679927305343379,-0.03932179691637716,1.281161107722909,2.0814123308487322,1.4621836130622545,72.95391191638653,69.9584551105437,0.033426237208118235,0.28381374852423186,-0.004570444918481475,0.0005421606184725567,9.95422161727169e-05,0.0013228253971759093,-0.0010267379540947464,0.021334215998649597,14.015310832775686,1221158.8376233028,1.3018688882541725,0.3725635429112457,1.1867340202900993,2.3682985383784065,2.3698792453667106,4.610008181157427,5.3906119597635165,0.03594075459861712,67.06927623828493,72.34098307167018,0.0877396627510123,0.008472774611164802,74.94131038372004,73.95294582660144,-0.06649010068896255,-0.05401394997061615,0.2790664904860657,0.27601762632288857,0.017011207722925192,0.02824501574483973,1.1641074703106227,0.12760412648230668,0.2610457092442062,0.411472378527062,-1.1055438667163004,-1.0955636367552457,1.8012372823555616,0.07956887206260999,-0.2887327392827028,2.242344506553642,-0.1211359982201009,-0.07176960330339843,0.629859107317152,39.683163984501164,1.321445536114164,3.379579515842767,0.1884393720891946,-0.16662478598658248,3.71052152559552,-0.343947320394448,-0.18491020753034304,4.6147486136799225,-0.030676555870549516,0.13229278303778047,-0.012173675000667572,0.006297881714999676,0.017964566424190715,0.01808908428394243,-0.017366362332120966,-0.024130410504037636,0.018869104939610408,0.01910186069309007,-0.0021358175557569803,-0.014294770727224404,0.02039786044847916,0.02038887251670174,0.01305353872791093,0.013500118404423223,-0.002071211927672165,-0.0020462621061845252,-0.0007693547259838285,0.011414141293033753,0.02534328008608758,0.02712459810015304,0.1074363418896025,0.03470913325208258,0.023721538959078407,0.02347600630985519,0.4091091335086321,0.42384683182189953,0.0006533808232676337,0.0007951100366694864,1.0245855863358604,0.6637010428353896,-0.0009712842429860169,-0.0012014074620790183,0.05709318514037487,-0.14538740060928945,-0.004318290739055506,-0.003045654081848816,0.058392126575784964,0.5006447861955021,0.001131126144962126,0.0007661495403666607,-0.5206895173564305,-0.2923566615819,0.00012061041885336596,6.963688970128016e-05,-0.17467979036092285,0.4294466137089259
2032-05-01,86,0.01809234835522104,0.018883769143622116,0.019943679489529447,-0.0020557284197477658,0.02554888483539578,3.471375033768214,3.442257104733938,5.7068573036518195,0.4133339303924235,0.631073803682008,1.3184815831964412,2.014008805343479,1.0815109650726638,59.87193828838551,65.98730485927936,-0.0016996506190728074,0.28579219350544144,-0.004459515004138775,0.0012282519990198999,7.365473507454535e-05,0.0015123999721034648,-0.0014346531762487306,0.002110778819769621,14.017421611595456,1223739.1561161177,1.4679927305343379,-0.03932179691637716,1.281161107722909,2.0814123308487322,2.8164578022908278,3.024408220251847,5.225246550803378,1.4621836130622545,72.95391191638653,69.58711278932705,-0.17931832967359518,-0.13961169118129602,69.9584551105437,73.47519667305924,-0.056764407461391,-0.10191046982968377,0.28381374852423186,0.29597649384468067,0.0069709272066524886,-0.03440915258825805,1.5188524843204,-0.7184359828253555,-0.7278643353061591,0.3625254103575162,-17.048956384777313,0.7407712277593292,1.1582273374703618,0.02913019701313302,0.13836165020598146,2.7069758694828723,-0.032383552507238345,-0.25599307033046226,0.980242532210748,-0.260345311347285,0.10330956833052762,4.126397232869998,0.2325322363944864,-0.1587394916524315,3.1417827157278215,0.13815889061672237,0.09563818258402668,5.2899843665626145,0.0921699575638959,0.07880419075039446,0.021334215998649597,0.024294929578900337,0.017652587254528763,0.01755361253712001,0.024911991333137706,0.030690880122925313,0.018828803974018968,0.018900138677520557,0.002919206641005534,-0.0008661065496790021,0.020664124709809904,0.020402180302309905,-0.03486454085995905,-0.02247312816505931,-0.0020696184309870963,-0.002059471094228299,-0.006711387486390774,-0.0018172988642677357,0.02806606939002044,0.02585559014913037,-0.08968781911156043,-0.011862243791983307,0.033426237208118235,0.016524718914925546,-1.0508477998432924,-1.1028550396423167,0.0013228253971759093,0.001398644535622764,0.14331035322747576,0.08133262854385648,-0.0010267379540947464,-0.0003404673936666117,0.3972924352578693,3.2137755419056493,-0.004570444918481475,-0.0031561440657014734,-0.024271141283014552,0.4129630686385095,0.0005421606184725567,0.0010098439005535424,1.2654762392744172,0.21627906882107006,9.95422161727169e-05,7.115351068351224e-06,-0.2600653480856189,9.351525085270696
2032-06-01,87,0.017610843083355216,0.018715782502330695,0.02037205593980622,-0.0020735988550735266,0.021119324654475462,2.181012390858288,4.0915093135441145,5.43684971538541,1.7666327555808674,0.8831423875648978,1.4850913910726096,1.5564625267045955,0.5320150520831382,69.3184947458507,71.3799800524586,-0.00048754295139665643,0.30361741124109437,-0.004762710401730827,0.0008111441590249575,7.324013734836856e-05,0.002530162253379504,-0.001010946942966568,0.018319042399525642,14.035740653994981,1246363.4808858333,0.4133339303924235,0.631073803682008,1.3184815831964412,2.014008805343479,3.471375033768214,3.442257104733938,5.7068573036518195,1.0815109650726638,59.87193828838551,71.62432564279717,0.15777936588529862,-0.032193404632471556,65.98730485927936,66.19382267676328,0.08172291935061371,0.07834805675176515,0.28579219350544144,0.28069377940313955,0.06237125485134554,0.08166775867530474,0.15937615969895746,3.274105331501839,10.084673886720735,1.242868441820673,0.3994280580372571,-0.28943212503554594,1.1635009267603245,0.12636491096997382,0.27639897563960525,2.453296647850107,-0.22718186604991097,-0.3655628527155216,0.15222712592088616,-0.5080816845464036,2.4948768090099214,3.835763554381846,-0.3717151360362305,-0.4314007211506107,4.207609834679919,0.18861235202835291,-0.02759298644538799,4.55660312702551,-0.04731283329857072,0.19318043810730412,0.002110778819769621,-0.012303263880312443,0.01809234835522104,0.018111383107681987,-0.026613751980232747,-0.02763676420242389,0.018883769143622116,0.019078138633233068,-0.008895821592277753,-0.018993264378065144,0.019943679489529447,0.020509365556811484,0.021479308795634866,-0.006694971457060106,-0.0020557284197477658,-0.0020568456222691813,0.008692994246756403,0.008145109493371994,0.02554888483539578,0.02566792664605552,-0.17337587176343383,-0.17720956017610623,-0.0016996506190728074,0.01330196298247789,-0.7131510759178139,-1.0366519552068274,0.0015123999721034648,0.0007131261285878289,0.672945186490927,2.5479870277504326,-0.0014346531762487306,0.0003568525149939344,-0.2953370475155893,-3.8329545133898013,-0.004459515004138775,-0.003500289772599245,0.06798842414716932,0.3606617483540895,0.0012282519990198999,0.0007513792662942201,-0.3395946762779781,0.07954024739795651,7.365473507454535e-05,8.659710158470969e-06,-0.0056289351357680095,7.4575737534038264
2032-07-01,88,0.022638618188218017,0.01894475470985893,0.020146340794300915,-0.0020744378092992745,0.022002406696606996,3.4931199669426687,4.361438378442919,4.958335485803335,1.0542013151689542,0.08546530153226117,2.2583086847995513,2.1526019998004817,0.5689368952774196,68.95273482992678,76.47881831522747,0.01629706680224284,0.31432441437436986,-0.005039873765323369,0.0010916652458395207,0.00017719769090858369,0.0022592223429322425,-0.001721678267988805,-0.03360360860824585,14.002137045386736,1205177.0521841885,1.7666327555808674,0.8831423875648978,1.4850913910726096,1.5564625267045955,2.181012390858288,4.0915093135441145,5.43684971538541,0.5320150520831382,69.3184947458507,60.777144481115464,-0.005276512671905764,0.13451751342729867,71.3799800524586,69.70089293190576,0.07143232961149093,0.09724302083107328,0.30361741124109437,0.2991434390255532,0.035264786329310294,0.0507481474381255,-0.32917199969243094,-0.4032708202433767,-4.202585019849715,1.0729084282326093,-0.9032259092807039,-0.9203424082770537,1.8913432005742923,0.5206530038319623,0.19402374149431623,2.2993226516888328,0.38300920379885817,-0.06381037988756644,1.2658091704429486,0.06939999733036073,-0.5505350185776188,2.294082725653607,0.6016048242477112,0.5226652151122597,3.15594450875831,0.06597298068105562,0.38197562293606513,5.756100909701672,-0.08801314265280435,-0.13859475996220572,0.018319042399525642,0.03953809291124344,0.017610843083355216,0.01763557092302783,0.2854931522054598,0.2836906889505575,0.018715782502330695,0.019209592634747683,0.012234177625205955,-0.01378675383306649,0.02037205593980622,0.020255725756797672,-0.01107964489063984,-0.005400199618127655,-0.0020735988550735266,-0.002059191193229885,0.00040458848812297,0.007404176998967671,0.021119324654475462,0.03190171436057378,0.04181393375873865,-0.3103064478629083,-0.00048754295139665643,0.015119240099590094,-34.426935525489384,0.07790250666663323,0.002530162253379504,0.0021598167622249712,-0.10708400620765357,0.04602500658660835,-0.001010946942966568,-0.0016685865084509416,0.7030352383643743,0.03181840394188007,-0.004762710401730827,-0.0033810942560954815,0.05819446076163204,0.4906043380001661,0.0008111441590249575,0.0008261059650348448,0.34583382459631595,0.3214591009441201,7.324013734836856e-05,0.00018307924067797337,1.4194068624658418,-0.03212570550112248
2032-08-01,89,0.017271604854130852,0.01876517015383682,0.020154588157895625,-0.0020513387865563767,0.027410982303241224,3.227860762535977,4.361298156626147,5.164798057659051,1.5789033283142015,0.40064877702653645,2.008327086089926,2.214498399364799,1.5966999115177263,61.62252781251692,77.88932837578277,0.031206960687056952,0.2810219566538022,-0.004850838378310831,0.0013426040109448714,0.000176492568719626,0.0017385383810225698,-0.0014680132750760093,-0.0007615333888679743,14.001375511997868,1204259.6189917943,1.0542013151689542,0.08546530153226117,2.2583086847995513,2.1526019998004817,3.4931199669426687,4.361438378442919,4.958335485803335,0.5689368952774196,68.95273482992678,65.23251021461735,-0.10630770535048328,-0.05534023434363411,76.47881831522747,72.62430164704026,0.01844314663364055,0.07249676223161439,0.31432441437436986,0.29165943555405566,-0.10594931923074691,-0.036472260463803585,0.7767073503565389,0.49772468085107135,1.0328162564567251,1.047104301592097,3.6878530800631504,-0.6173745285762273,1.5710517332491627,-0.11069416700747181,0.27833287955223107,1.2712413695820803,0.028754223758063135,0.7419968011997702,0.3734864970168503,1.8064622364474334,3.275120852483427,2.6168151540103715,-0.07593761649098407,0.23350736393785954,3.451241315970969,-3.215036063908272e-05,0.2636897154782536,5.387176018701216,0.04163949221404195,-0.04127913405283112,-0.03360360860824585,0.0214876476675272,0.022638618188218017,0.017699123597200495,-0.2370733624051471,-0.02415479731082637,0.01894475470985893,0.01887572987448609,-0.009479381431560796,-0.005857242150869579,0.020146340794300915,0.020151228834256983,0.00040937278282537903,0.00016670564689991174,-0.0020744378092992745,-0.002058926261382635,-0.011135076038119696,-0.003685161032024209,0.022002406696606996,0.0256906137201049,0.24581745448184478,0.06696486903269272,0.01629706680224284,0.016555267345182298,0.9148820499871901,0.8850170182324721,0.0022592223429322425,0.0015971342628360997,-0.2304704375550206,0.08853614970063495,-0.001721678267988805,-0.000859353303358369,-0.14733588593710767,0.7082767580446663,-0.005039873765323369,-0.003012554853969193,-0.037507960678139995,0.6102074861540221,0.0010916652458395207,0.0010572112621716418,0.2298678702667427,0.26994864601328383,0.00017719769090858369,0.00018172934513951714,-0.003979296712853131,-0.028816350027953797
2032-09-01,90,0.01768850173679346,0.018900127906098147,0.020354444453457025,-0.0022191662166013964,0.02630582892266789,3.5748562372924444,3.921207432829762,4.902732629120718,0.37478501879928194,0.31908835917679934,0.5387793311006456,1.4482103514276716,0.6176287034088215,68.46674730993021,75.40872317647775,0.006960696057835154,0.3062559548224081,-0.005463940784648947,0.0007921310520766069,0.00014571433915231685,0.0015575427479480727,-0.002046430941838167,0.004381715320050716,14.005757227317918,1209547.9192657867,1.5789033283142015,0.40064877702653645,2.008327086089926,2.214498399364799,3.227860762535977,4.361298156626147,5.164798057659051,1.5966999115177263,61.62252781251692,60.526413558781144,0.11106684098121455,0.13118791093474735,77.88932837578277,74.8286874349662,-0.03184781857839569,0.007751515647199669,0.2810219566538022,0.2704152275394086,0.08979368896677453,0.1325396044044016,0.3294765040236832,-0.7626295340073539,0.1375166794058913,0.5484487615388459,-0.2035708643741475,-0.418198414230171,1.589609074239273,-0.7317272993864701,-0.6610617416370217,1.639707408389756,-0.3460323331716687,-0.11678733411965281,1.5207906590526794,-0.6131842314554017,-0.59387658009844,3.8603040085423124,0.107500137175635,-0.07394437604349602,3.8035857691077997,-0.10090819476025792,0.030923888893809037,4.573992115690868,-0.050740692203775084,0.07187168344740269,-0.0007615333888679743,-0.0203264020383358,0.017271604854130852,0.017999690781077077,0.024137703831436097,-0.01728857723549171,0.01876517015383682,0.018978863844227194,0.00719192797906687,-0.004148611780730782,0.020154588157895625,0.020245561179247466,0.009916168665699443,0.005378130704579709,-0.0020513387865563767,-0.0020914497870906045,0.08181360930963288,0.061065979350360955,0.027410982303241224,0.030326936719424706,-0.040317905004179866,-0.13259195394374457,0.031206960687056952,0.024198630310253683,-0.7769505294784412,-0.7123516509574636,0.0017385383810225698,0.0011920766635417387,-0.10410793057559042,0.30657934643272866,-0.0014680132750760093,-0.0020898427648504917,0.39401392111539946,-0.020772769962638993,-0.004850838378310831,-0.0034701281593179025,0.12639101914412,0.5745645502968839,0.0013426040109448714,0.001400701764273508,-0.41000395826380964,-0.43447558054054725,0.000176492568719626,0.00014028441533611195,-0.17438824643208106,0.03870653631192855
2032-10-01,91,0.017274854957547964,0.018981906308872806,0.020138764588651267,-0.00207865837992444,0.026415855948611303,3.4141452009349815,3.858893452460686,5.914738760463334,0.1317330685957181,1.1850977236907918,1.7639087847371986,2.276873328814348,0.5187653809939434,66.15152227980259,74.41052962333495,-0.006932869258618881,0.2627019360777201,-0.005622746862450532,0.0009056476326256557,-3.718014158676214e-05,0.0014065332031535352,-0.0008596001054171264,0.0010308261262252927,14.006788053444144,1210795.3957170818,0.37478501879928194,0.31908835917679934,0.5387793311006456,1.4482103514276716,3.5748562372924444,3.921207432829762,4.902732629120718,0.6176287034088215,68.46674730993021,62.542531836381855,-0.03381532088339512,0.05770457858761224,75.40872317647775,64.87224417993144,-0.013237109860708585,0.147031840257412,0.3062559548224081,0.29782648009993,-0.14221443880150553,-0.11793626950304947,0.8858225399091824,-0.6485103139454237,-0.8512872921372899,0.9115342036867974,2.7140111496018475,0.30011328033280327,1.6709010016972017,2.2738983901513015,0.05566325171002062,2.0446080173485006,0.5721979383518185,0.1135989439027314,0.8228254098441959,-0.1600691837494449,-0.36953164694783436,2.6693479725446068,-0.044955943872916015,0.27901841050733545,2.6676564524356667,-0.015891528677458133,0.44654812989033,5.2274344651751905,0.20641674916792585,0.13148023181675783,0.004381715320050716,-0.0023240118753165007,0.01768850173679346,0.017654042561150763,-0.023385065925910387,-0.0214787974079792,0.018900127906098147,0.019456326722873202,0.00432687033553214,-0.024383863447495435,0.020354444453457025,0.020529265106124368,-0.010596204936908826,-0.01902165106517162,-0.0022191662166013964,-0.0020637803374435985,-0.06331559827552746,0.007209121150592468,0.02630582892266789,0.018827032506198507,0.004182610107701379,0.40308123119850636,0.006960696057835154,0.04263377967932343,-1.9960022964679012,-1.1626144646513992,0.0015575427479480727,0.002420478588814298,-0.0969537080080014,-0.4189028526616535,-0.002046430941838167,-0.0017781391082722262,-0.5799515694162602,-0.5165731964287212,-0.005463940784648947,-0.003509224019446027,0.029064384857126146,0.6022764096257809,0.0007921310520766069,0.0008753233249265361,0.14330530314581158,0.034643550372274845,0.00014571433915231685,0.000158310699432875,-1.255157740844553,-1.234855519683474
2032-11-01,92,0.021470570852807524,0.018953531935184273,0.020424800797389953,-0.0020785153183184905,0.027325395391406868,4.0786578213536515,3.632456573331018,5.341241943540747,1.6277861014783248,1.0634107356429268,2.182239934337803,2.0251902848529526,1.402760165286808,64.20864809878573,74.25516118984395,0.02634714119879194,0.2754801652366493,-0.005377690753241529,0.0009686806213644964,0.00015412693616552618,0.001962951561528246,-0.0020282858212270546,-0.007697205990552902,13.99909084745359,1201511.4302782281,0.1317330685957181,1.1850977236907918,1.7639087847371986,2.276873328814348,3.4141452009349815,3.858893452460686,5.914738760463334,0.5187653809939434,66.15152227980259,61.82260660211504,-0.029370060038815815,0.03859496756626668,74.41052962333495,72.30535238047077,-0.002087989889031583,0.026966313629360306,0.2627019360777201,0.28407559885367845,0.04864154923909214,-0.0302575569732636,1.122631269860086,11.356700704163472,0.44997395420955666,0.48532361124960266,-0.10268097357312522,1.1911374410671582,0.5070320407231939,0.2371614412379781,3.3039487824580354,2.1905969678422115,-0.1105388871555959,-0.0755075832831944,0.8597336587090357,1.7040358063199004,0.6316217831847755,3.1539469778508926,0.19463513743841054,0.293191626237439,2.475531896019696,-0.0586792255135411,0.4673438783687227,4.969814653506867,-0.09696063345283934,0.07473664833190274,0.0010308261262252927,-0.018802938982844353,0.017274854957547964,0.01740127979184251,0.24287994924242828,0.23385010238572468,0.018981906308872806,0.01910628422230736,-0.0014948115972561737,-0.007994871495983658,0.020138764588651267,0.02012108911107792,0.014203264926184955,0.015094197169715828,-0.00207865837992444,-0.0020310116714312245,-6.882401039598474e-05,0.02338915504793282,0.026415855948611303,0.028901087404552953,0.03443157187732093,-0.054520163587265524,-0.006932869258618881,0.01392502222872978,-4.800322812382104,0.892071751557648,0.0014065332031535352,0.0015844203075580958,0.39559560849838893,0.23890835794293852,-0.0008596001054171264,-0.001429929674293661,1.3595690699023542,0.41845145092814584,-0.005622746862450532,-0.0038470603711438698,-0.043582988031262926,0.3978701227510364,0.0009056476326256557,0.0011626382991000161,0.06959990449717757,-0.16682546746108395,-3.718014158676214e-05,-3.773688792855853e-05,-5.145410146055026,-5.084251368510066
2032-12-01,93,0.01828236421492999,0.0166364846644704,0.020173252420562643,-0.002078489592167713,0.026195239334461537,2.981869130609414,3.529069287080517,6.1326285516146655,0.8102579327985262,0.0750337113406978,1.194101994348809,0.8449825765707004,1.2366778219575085,62.12841508084319,70.78408250980475,0.025905465134806335,0.27947040808700263,-0.005547672399072632,0.0012309700915570916,7.92275401061367e-05,0.0016104341923148515,-0.001945277633921659,0.004807409830391407,14.003898257283982,1207301.4945942627,1.6277861014783248,1.0634107356429268,2.182239934337803,2.0251902848529526,4.0786578213536515,3.632456573331018,5.341241943540747,1.402760165286808,64.20864809878573,69.26854669462512,-0.03239801926279584,-0.10307898684896133,74.25516118984395,73.35725308375136,-0.04674528510098963,-0.03507724820351232,0.2754801652366493,0.3037870161175094,0.014484682942329297,-0.08004492206836367,0.7759544402704198,-0.5022331668376667,0.04420812711136968,1.567739948376182,-0.9294405173600836,-0.9521389300448614,1.789777446979508,-0.4528090263772223,-0.33282096253698035,1.5044967038208574,-0.5827638603194001,-0.4383619622264632,0.7409805466286364,-0.11839682038257937,0.6689747491809728,3.5644040071435916,-0.26890921935202405,-0.1634312146902236,2.5613036941389717,-0.028462084587481673,0.3778410171179942,5.4963456627807314,0.1481652799927844,0.11576471493461771,-0.007697205990552902,0.0004402833874337375,0.021470570852807524,0.0189040217416283,-0.14849193622910306,-0.03288493502572354,0.018953531935184273,0.018838002583154195,-0.12224883882526605,-0.11686578282203308,0.020424800797389953,0.020390106908182905,-0.01231583011862003,-0.010635279579296109,-0.0020785153183184905,-0.0020637967564650916,-1.2377176415667712e-05,0.007119322993698107,0.027325395391406868,0.024659463677457284,-0.04135918403950101,0.06227936167193282,0.02634714119879194,0.017442481440803553,-0.016763718714418063,0.48519379095941884,0.001962951561528246,0.0012339647044163856,-0.17958536324704,0.3050893486264832,-0.0020282858212270546,-0.0011349253410521877,-0.04092529092136443,0.7140137448320563,-0.005377690753241529,-0.004250482241738806,0.03160866878197521,0.3051865843822854,0.0009686806213644964,0.0007198257693233025,0.2707698124724853,0.710094503443949,0.00015412693616552618,2.3898119108262404e-05,-0.4859591575800256,2.3152207396415982
2033-01-01,94,0.01783622047059824,0.019013293393392118,0.02021070961214233,-0.0020800378400455412,0.02607760527500759,2.9885129779129875,3.0690618267156116,5.318918369710862,0.5604661254421708,1.1612810482088232,2.045176402388673,1.6799610722167588,0.6023885095927404,62.49786684713885,72.3911875952274,0.010827905324554679,0.2735908018293129,-0.005815129917962931,0.0010733693974315608,8.803595955928908e-05,0.0016625078463754304,-0.0017929065961634042,0.014675382524728775,14.01857363980871,1225149.7505158933,0.8102579327985262,0.0750337113406978,1.194101994348809,0.8449825765707004,2.981869130609414,3.529069287080517,6.1326285516146655,1.2366778219575085,62.12841508084319,63.6078648914562,0.005946582828725289,-0.01745064146094999,70.78408250980475,75.90414789612308,0.022704328832686915,-0.046281532673329906,0.27947040808700263,0.29196725920877414,-0.02103838577377881,-0.06294013044223212,1.9640630111194999,-0.30828677788270065,-0.714639437599963,1.6024942003643068,14.476790731247645,-0.2753290165138691,1.6558621860488034,0.7127317532904622,0.2351126921189295,3.234113206072677,0.9881606068550635,-0.4805497009002947,0.8928011841983472,-0.5128977823510786,-0.32528258222055395,2.5303463670243938,0.0022280814524597847,0.18106873306336446,3.9370160893981803,-0.13034809547348236,-0.22045992268607817,6.003381035433933,-0.13268538523983509,-0.11401286403164268,0.004807409830391407,-0.00925405789166689,0.01828236421492999,0.02056729375298084,-0.02440295681055371,-0.13278719675926165,0.0166364846644704,0.018572223248734525,0.14286724490527347,0.023748914642604646,0.020173252420562643,0.020445735520550106,0.0018567750404743233,-0.011495106555181156,-0.002078489592167713,-0.0020678940455372773,0.0007448908494236406,0.005872541939211828,0.026195239334461537,0.02428896043642493,-0.004490665572930763,0.07364023846406864,0.025905465134806335,0.0210545788797735,-0.5820223544256533,-0.4857220661413123,0.0016104341923148515,0.0016624527685219612,0.032335164211663825,3.313047715525208e-05,-0.001945277633921659,-0.0016322042751103396,-0.07832868434881268,0.09845723571714138,-0.005547672399072632,-0.0040119406912851,0.048210762938166285,0.4494556040159796,0.0012309700915570916,0.0010856826738813016,-0.12802966961299356,-0.011341505898515458,7.92275401061367e-05,-2.0269658756461468e-05,0.11117875730272875,-5.343238365136531
2033-02-01,95,0.018451373630298286,0.01912749212974506,0.020330001382724172,-0.0020809593701378412,0.02658940284620999,3.344008542575062,2.940072950052822,4.982748691978758,0.5842348866927333,0.6948325442943615,2.6135028639969846,1.9108836829886087,1.035133169144625,72.08169109311068,78.88689947245417,0.011761817604572544,0.2703723769759293,-0.0063276896389012315,0.000914383414460019,0.00014896401759659033,0.0013908078326045766,-0.0014237563699059574,-0.012473341077566147,14.006100298731145,1209962.9517686372,0.5604661254421708,1.1612810482088232,2.045176402388673,1.6799610722167588,2.9885129779129875,3.0690618267156116,5.318918369710862,0.6023885095927404,62.49786684713885,68.69249073889107,0.15334642171728086,0.04933873146487566,72.3911875952274,75.3646079937237,0.08973069917774112,0.04673667882706711,0.2735908018293129,0.29770662041947443,-0.01176364421561027,-0.09181604159501267,1.6143376918874475,0.042408916741953906,-0.6380962362282089,-0.058368157200800574,-0.40166719730242617,-12.90430840404931,0.8477347863901541,0.2778862796111534,2.082925115207162,2.9254800859519143,0.13745712004334742,-0.3468136419165433,1.4428201315085853,0.7183813314175802,-0.28256256858413153,3.4610037938665514,0.11895399728541012,-0.033803849478242,3.0995309593198153,-0.04202876447126791,-0.051445851440046875,4.417438211869605,-0.0632026390264715,0.1279724702408218,0.014675382524728775,-0.016452046111226082,0.01783622047059824,0.011856309927610956,0.034488986089518336,0.5562492666734999,0.019013293393392118,0.01894840972147155,0.006006257516261382,0.009451052141361771,0.02021070961214233,0.019230327509177247,0.005902403867609429,0.0571843549217832,-0.0020800378400455412,-0.002067161640178403,0.000443035253762325,0.0066747223300096525,0.02607760527500759,0.025880923254757753,0.019625942098790095,0.02737458723857511,0.010827905324554679,0.023708085381506077,0.08625050293892134,-0.5038900267438904,0.0016625078463754304,0.0017357527046879448,-0.16342780839393278,-0.19872927240829663,-0.0017929065961634042,-0.0010546270599835917,-0.20589484530169166,0.3500093292960915,-0.005815129917962931,-0.004256333995715352,0.08814243674161149,0.4866525148804144,0.0010733693974315608,0.000736871293175139,-0.14811860982060365,0.24089976489651233,8.803595955928908e-05,1.0636106651121295e-05,0.6920814896811385,13.005502434566695
2033-03-01,96,0.0176335113224863,0.018706409223129432,0.020357869092257546,-0.002080263367372059,0.02584373185443018,3.5540047649574187,3.310160593288648,4.52355423220621,1.8266042457948082,0.7773062772652377,1.9265861714530372,2.9905557944196928,0.5945957790859641,64.98229205245174,69.4384156994817,0.012480992239288065,0.29731167165292166,-0.006335760702760249,0.0011198682867664953,7.924094895281374e-05,0.001441702938567378,-0.001609924310011027,-0.030714785680174828,13.97538551305097,1173364.1386009462,0.5842348866927333,0.6948325442943615,2.6135028639969846,1.9108836829886087,3.344008542575062,2.940072950052822,4.982748691978758,1.035133169144625,72.08169109311068,67.06927623828493,-0.09849101669227445,-0.03111684370081036,78.88689947245417,74.94131038372004,-0.11977253303346913,-0.07342938969257429,0.2703723769759293,0.2790664904860657,0.09963774768082434,0.06537933355981695,1.3018688882541725,2.1264895120093614,0.40306313659919657,0.3725635429112457,0.11869584067141337,1.0863723572931887,1.1867340202900993,-0.2628337248092413,0.6234355285290294,2.3682985383784065,0.565011947635915,0.26274443274679005,0.03594075459861712,-0.4255852321133675,15.54377560310996,2.3698792453667106,0.06279775296885126,0.49965647908253596,4.610008181157427,0.1258770273809624,-0.2819621000200543,5.3906119597635165,-0.0921568572205459,-0.16084588058446414,-0.012473341077566147,-0.012173675000667572,0.018451373630298286,0.017964566424190715,-0.04432528028531202,-0.018428226648355084,0.01912749212974506,0.018869104939610408,-0.022014538223795954,-0.008622333544790584,0.020330001382724172,0.02039786044847916,0.0013707677146079789,-0.001960566223238147,-0.0020809593701378412,-0.002071211927672165,-0.00033446244831580874,0.004370117600697165,0.02658940284620999,0.02534328008608758,-0.028043916446438555,0.019746921733991618,0.011761817604572544,0.023721538959078407,0.06114485523359359,-0.4738540252038961,0.0013908078326045766,0.0006533808232676337,0.036593916693357764,1.206527781695908,-0.0014237563699059574,-0.0009712842429860169,0.13075828424027813,0.6575212885793764,-0.0063276896389012315,-0.004318290739055506,0.001275515127890925,0.4671917861987225,0.000914383414460019,0.001131126144962126,0.22472506506236622,-0.009952787534592389,0.00014896401759659033,0.00012061041885336596,-0.46805308938829593,-0.3430007978900049
2033-04-01,97,0.018338620413743487,0.018850597371758183,0.02040318685733939,-0.0020778171938072004,0.02299346519730678,3.2458423373599414,3.2414894464609314,4.387553215724897,0.2836291970386453,2.074059543347426,1.4694261369889825,2.334092404504436,1.393102923005011,67.67659680332622,78.6465969399161,0.02240289919305485,0.2889584031579019,-0.006466473068021525,0.0008616337459046534,8.113593395152478e-05,0.0015281792806688295,-0.0014879441296142106,0.01954595558345318,13.994931468634423,1196524.2680226709,1.8266042457948082,0.7773062772652377,1.9265861714530372,2.9905557944196928,3.5540047649574187,3.310160593288648,4.52355423220621,0.5945957790859641,64.98229205245174,72.95391191638653,0.041462137849796354,-0.07233765776821832,69.4384156994817,69.9584551105437,0.13260932219833377,0.12419001842799382,0.29731167165292166,0.28381374852423186,-0.028095999220546175,0.018126868978057153,1.4679927305343379,-0.8447232356479988,-0.8067911433489139,-0.03932179691637716,1.6682655267425575,-53.74579764902858,1.281161107722909,-0.23729020857616934,0.1469487546345276,2.0814123308487322,-0.21951216932324158,0.1213983745126892,1.4621836130622545,1.3429411576828603,-0.047244880492517405,2.8164578022908278,-0.08670850152930776,0.15245551867308804,3.024408220251847,-0.020745563513428156,0.07177643042876247,5.225246550803378,-0.030065079249637416,-0.1603165184520693,-0.030714785680174828,0.021334215998649597,0.0176335113224863,0.017652587254528763,0.03998687943438872,0.038863037430318936,0.018706409223129432,0.018828803974018968,0.0077079543652061044,0.001157449924556353,0.020357869092257546,0.020664124709809904,0.002226056414670552,-0.012627578285309027,-0.002080263367372059,-0.0020696184309870963,-0.0011758960924015405,0.003961485217443439,0.02584373185443018,0.02806606939002044,-0.11028850915100341,-0.1807379623495602,0.012480992239288065,0.033426237208118235,0.7949613911732347,-0.32978100246312336,0.001441702938567378,0.0013228253971759093,0.05998208076580824,0.15523884250433118,-0.001609924310011027,-0.0010267379540947464,-0.07576764922319912,0.44919560407806314,-0.006335760702760249,-0.004570444918481475,0.02063088733833185,0.4148454216947448,0.0011198682867664953,0.0005421606184725567,-0.23059367241076867,0.5892591909979679,7.924094895281374e-05,9.95422161727169e-05,0.023914213847179733,-0.18490930711503506
2033-05-01,98,0.018107046365542157,0.01886710845425015,0.020134712705178665,-0.0020808147212583524,0.027236564396081218,3.2726967469793236,3.1078647845337457,4.509492424982642,2.2513024493203746,1.9139975172681307,2.008703424809929,1.437554704888969,1.3611573202660165,62.2562965230328,71.71033848747076,0.015163749753417595,0.2967555569112305,-0.00679497952028563,0.0007598642572714312,0.0001860313929863451,0.0011587841113237449,-0.0016375953139331082,0.002971671987324953,13.997903140621748,1200085.2340630987,0.2836291970386453,2.074059543347426,1.4694261369889825,2.334092404504436,3.2458423373599414,3.2414894464609314,4.387553215724897,1.393102923005011,67.67659680332622,59.87193828838551,-0.08009120635964095,0.03982430338504406,78.6465969399161,65.98730485927936,-0.08819527763857915,0.08672931316707055,0.2889584031579019,0.28579219350544144,0.026983654630275078,0.038361311662560516,0.4133339303924235,6.9374848316960405,4.4466916064281605,0.631073803682008,-0.07717330324131544,2.0329218327569425,1.3184815831964412,0.36699856783954155,0.5234975220056992,2.014008805343479,-0.38410548694871216,-0.28622223444360695,1.0815109650726638,-0.02293125813711283,0.2585700600590435,3.471375033768214,0.008273479370912495,-0.05723331096646833,3.442257104733938,-0.04122322905387754,-0.09714333067693337,5.7068573036518195,0.027792075278019857,-0.20981160294703416,0.01954595558345318,0.002110778819769621,0.018338620413743487,0.01809234835522104,-0.012627670074232045,0.0008123882003894245,0.018850597371758183,0.018883769143622116,0.0008758917378768327,-0.000882275632859808,0.02040318685733939,0.019943679489529447,-0.013158442062895293,0.009578634461585134,-0.0020778171938072004,-0.0020557284197477658,0.0014426329034555874,0.01220312044606775,0.02299346519730678,0.02554888483539578,0.1845350042877152,0.06605687768991397,0.02240289919305485,-0.0016996506190728074,-0.32313449153409,-9.92168636498348,0.0015281792806688295,0.0015123999721034648,-0.24172240392070588,-0.23381107332864237,-0.0014879441296142106,-0.0014346531762487306,0.10057580882267314,0.14145728113537648,-0.006466473068021525,-0.004459515004138775,0.05080148773659299,0.5237037018553281,0.0008616337459046534,0.0012282519990198999,-0.11811223633815726,-0.3813449863075533,8.113593395152478e-05,7.365473507454535e-05,1.2928360336308056,1.5257221113899093
2033-06-01,99,0.01746294025427832,0.018876230468446196,0.020417492935573142,-0.0020786661130174247,0.026744722316026197,2.779602931283888,3.6725091431316508,5.467085063508212,0.49506866398139926,0.1301474331745881,1.4234567100053983,2.3120591325745594,1.170890213641824,62.28325577810773,77.62765924228734,0.025852555582315646,0.30090825732448195,-0.006872052311691802,0.0011381128587555351,1.3451964310895502e-05,0.0025255084924629273,-0.002086365830962343,0.025828007608652115,14.0237311482304,1231484.793147256,2.2513024493203746,1.9139975172681307,2.008703424809929,1.437554704888969,3.2726967469793236,3.1078647845337457,4.509492424982642,1.3611573202660165,62.2562965230328,69.3184947458507,0.00043303660160631807,-0.10149151382379218,71.71033848747076,71.3799800524586,0.08251698262239349,0.08752705149591211,0.2967555569112305,0.30361741124109437,0.013993673636560233,-0.008922920149863067,1.7666327555808674,-0.7800967772540508,-0.7197670752919889,0.8831423875648978,-0.9320022978084377,-0.8526314272679792,1.4850913910726096,-0.2913554622230552,-0.041502281568473354,1.5564625267045955,0.6083277559535611,0.48545762773341106,0.5320150520831382,-0.1397833327502569,1.2008591844481282,2.181012390858288,-0.15066896013220832,0.27445535978364544,4.0915093135441145,0.18168240825915327,-0.10240723857708167,5.43684971538541,0.21235042622990008,0.0055611888695839,0.002971671987324953,0.018319042399525642,0.018107046365542157,0.017610843083355216,-0.035572124700004926,-0.008398395714324769,0.01886710845425015,0.018715782502330695,0.00048348766416261846,0.008572869774241099,0.020134712705178665,0.02037205593980622,0.014044413473143225,0.0022303588749794656,-0.0020808147212583524,-0.0020735988550735266,-0.0010325802768390568,0.002443702132406189,0.027236564396081218,0.021119324654475462,-0.01805815421146828,0.26636257331072555,0.015163749753417595,-0.00048754295139665643,0.7048919958923099,-54.02621134867451,0.0011587841113237449,0.002530162253379504,1.179446945969854,-0.0018393132339085128,-0.0016375953139331082,-0.001010946942966568,0.27404237983033575,1.0637738166950852,-0.00679497952028563,-0.004762710401730827,0.011342608344304672,0.44288687155834916,0.0007598642572714312,0.0008111441590249575,0.49778443697607644,0.40309567182683415,0.0001860313929863451,7.324013734836856e-05,-0.9276898157082397,-0.8163307061139045
2033-07-01,100,0.018311268706950243,0.0178093816960763,0.020360489443479318,-0.002081503346596432,0.030584146746318822,2.643635499841746,3.7078842182884393,5.492317780162499,1.2600225198286665,1.3343326675107505,1.1890765082180363,1.1814755861375192,1.170913979930319,68.7419228109663,67.78012658858046,-0.0040314868879811235,0.2952534902476766,-0.0070035633566392945,0.0006012705067115348,0.00022575938499844726,0.0017343025438833434,-0.0018567893810330209,-0.020043961703777313,14.003687186526623,1207046.6954447085,0.49506866398139926,0.1301474331745881,1.4234567100053983,2.3120591325745594,2.779602931283888,3.6725091431316508,5.467085063508212,1.170890213641824,62.28325577810773,68.95273482992678,0.10369828860373675,-0.003057340937679287,77.62765924228734,76.47881831522747,-0.12685597826634554,-0.11373988142433211,0.30090825732448195,0.31432441437436986,-0.018792329353420123,-0.06067274209243956,1.0542013151689542,1.5451469897032468,0.19523899439143255,0.08546530153226117,9.252470102278478,14.612566077556876,2.2583086847995513,-0.16465565839826146,-0.47346591003187877,2.1526019998004817,-0.4889942175389327,-0.4511407188848534,0.5689368952774196,2.0297623311016366e-05,1.0580735572780333,3.4931199669426687,-0.048916134715449866,-0.24318788794546575,4.361438378442919,0.009632399478963105,-0.14984830770159963,4.958335485803335,0.004615387608052801,0.10769386135489567,0.025828007608652115,-0.03360360860824585,0.01746294025427832,0.022638618188218017,0.04857878686632322,-0.19114901118478544,0.018876230468446196,0.01894475470985893,-0.05651810482782871,-0.059930731813158666,0.020417492935573142,0.020146340794300915,-0.002791894787165905,0.010629654852209347,-0.0020786661130174247,-0.0020744378092992745,0.0013649299236848655,0.0034060010213292635,0.026744722316026197,0.022002406696606996,0.14355820879067172,0.39003642501686975,0.025852555582315646,0.01629706680224284,-1.155941522885221,-1.2473749992499448,0.0025255084924629273,0.0022592223429322425,-0.31328580004416606,-0.23234534692482112,-0.002086365830962343,-0.001721678267988805,-0.11003652692271582,0.07847640035675618,-0.006872052311691802,-0.005039873765323369,0.019137084379253988,0.38963070956796697,0.0011381128587555351,0.0010916652458395207,-0.4716951819971601,-0.4492171395919624,1.3451964310895502e-05,0.00017719769090858369,15.782633359768287,0.2740537635725544
2033-08-01,101,0.015265150258440201,0.019737096200971423,0.020221021762023006,-0.0020828224963691036,0.028025254381443702,2.499523263681208,3.4470331569418735,4.5858218215573165,1.1637904755393271,1.7294104632687806,1.2981931039215902,2.7390586539459636,1.5639757843927087,60.319143219972005,74.99247008876246,0.012164865980623754,0.3003099678995648,-0.006985359489786239,0.0008094717269219128,0.00011073712666509426,0.0018849235528895576,-0.0015965567745849982,0.03374214842915535,14.037429334955778,1248469.9692590632,1.2600225198286665,1.3343326675107505,1.1890765082180363,1.1814755861375192,2.643635499841746,3.7078842182884393,5.492317780162499,1.170913979930319,68.7419228109663,61.62252781251692,-0.12252755300657114,-0.02115110559096811,67.78012658858046,77.88932837578277,0.10640793788952774,-0.03719197927916651,0.2952534902476766,0.2810219566538022,0.01712588612465349,0.06863524642497598,1.5789033283142015,-0.07637327331453148,-0.262912139920619,0.40064877702653645,0.29608642985190725,3.3165250025316695,2.008327086089926,0.09176583251743597,-0.3535947839805903,2.214498399364799,1.3183370744887721,0.23687542728937094,1.5966999115177263,0.33568802764297057,-0.020494851217165766,3.227860762535977,-0.05451289944062443,-0.22564092829163707,4.361298156626147,-0.07035037935110466,-0.20963139112496243,5.164798057659051,-0.1650479806320242,-0.11210045961877468,-0.020043961703777313,-0.0007615333888679743,0.018311268706950243,0.017271604854130852,-0.16635212432625457,-0.11617070982322564,0.0178093816960763,0.01876517015383682,0.1082415177456626,0.0517941505015278,0.020360489443479318,0.020154588157895625,-0.006849917917910342,0.0032962025126450634,-0.002081503346596432,-0.0020513387865563767,0.0006337485715930402,0.015347884035078918,0.030584146746318822,0.027410982303241224,-0.08366727985253064,0.022409706861539425,-0.0040314868879811235,0.031206960687056952,-4.0174638585307765,-0.6101874161148568,0.0017343025438833434,0.0017385383810225698,0.08684817394602495,0.08420013815334193,-0.0018567893810330209,-0.0014680132750760093,-0.14015192520286968,0.08756289993517496,-0.0070035633566392945,-0.004850838378310831,-0.002599229267455372,0.4400313811771843,0.0006012705067115348,0.0013426040109448714,0.34626880561474893,-0.39708825511981094,0.00022575938499844726,0.000176492568719626,-0.5094904840130748,-0.37256776606266095
2033-09-01,102,0.01792676732814455,0.019007857206266857,0.020883547771361293,-0.0021226097982908402,0.027856732720952158,4.322752405888172,4.050201585602648,5.778065148800224,1.4530180198543805,0.18800036929634112,2.246956179181091,1.8083893348242535,0.9809818133024986,63.53861026434912,70.17861269297758,0.01127008609509068,0.2904937773165622,-0.007516565901673288,0.0010908940865857425,0.0001761981900697184,0.0027358978997939864,-0.0020552015612694736,-0.0030004719737917185,14.034428862981986,1244729.5843723635,1.1637904755393271,1.7294104632687806,1.2981931039215902,2.7390586539459636,2.499523263681208,3.4470331569418735,4.5858218215573165,1.5639757843927087,60.319143219972005,68.46674730993021,0.05337388551154243,-0.0719785478237015,74.99247008876246,75.40872317647775,-0.06419120999864536,-0.0693568364930438,0.3003099678995648,0.3062559548224081,-0.032686862349789014,-0.051467333965754536,0.37478501879928194,0.24852200666191115,2.876937302642163,0.31908835917679934,-0.8912922216620575,-0.4108203452443261,0.5387793311006456,0.7308335504120851,3.1704572716085737,1.4482103514276716,-0.3397770682204859,0.24870626220943048,0.6176287034088215,-0.37276406508850546,0.5883034708203416,3.5748562372924444,0.7294307553360309,0.20921013852075232,3.921207432829762,0.17498190507569444,0.03289653888057531,4.902732629120718,0.2599846600315643,0.17853972180336775,0.03374214842915535,0.004381715320050716,0.015265150258440201,0.01768850173679346,0.17435904820083392,0.013470083271975408,0.019737096200971423,0.018900127906098147,-0.03694763339445417,0.0056999243975459635,0.020221021762023006,0.020354444453457025,0.03276422018310532,0.025994485829084146,-0.0020828224963691036,-0.0022191662166013964,0.019102588910526963,-0.04351022360931134,0.028025254381443702,0.02630582892266789,-0.006013207166573609,0.05895665948575535,0.012164865980623754,0.006960696057835154,-0.07355443840962017,0.6191033197613558,0.0018849235528895576,0.0015575427479480727,0.4514635862021559,0.7565475511977404,-0.0015965567745849982,-0.002046430941838167,0.2872712038716527,0.004285812558829205,-0.006985359489786239,-0.005463940784648947,0.07604567992009015,0.3756675260447979,0.0008094717269219128,0.0007921310520766069,0.34766175309663105,0.3771636444827091,0.00011073712666509426,0.00014571433915231685,0.5911392626485612,0.20920282173147298
2033-10-01,103,0.015229921351199143,0.01883675152218781,0.0202587982481309,-0.0020836121307737806,0.028800491392427754,2.462195854991352,2.7477443365644802,5.076062446489613,0.7795827516410999,1.541366404772222,0.8505731940744331,2.030967222032294,0.5143028435754704,65.10601404603744,67.74896794365701,0.018801698392287212,0.2757401169677482,-0.007627675534045846,0.0007294608943597764,4.4177319067513954e-05,0.001457604643272085,-0.000916479376459229,0.009624805301427841,14.044053668283414,1256767.7036208515,1.4530180198543805,0.18800036929634112,2.246956179181091,1.8083893348242535,4.322752405888172,4.050201585602648,5.778065148800224,0.9809818133024986,63.53861026434912,66.15152227980259,0.024668524778354906,-0.015804749425764375,70.17861269297758,74.41052962333495,-0.034620871745498216,-0.08952444920629754,0.2904937773165622,0.2627019360777201,-0.05078821476005779,0.04963108032127628,0.1317330685957181,-0.4634734456223546,4.917897153322972,1.1850977236907918,7.1987413670586875,0.30062388439317056,1.7639087847371986,-0.6214553706230146,-0.5177907148973362,2.276873328814348,0.12308073428760369,-0.10800166336442896,0.5187653809939434,-0.47572642366930573,-0.008602226713592342,3.4141452009349815,-0.430410159129746,-0.2788250908845158,3.858893452460686,-0.32157837616479257,-0.287945010554169,5.914738760463334,-0.12149442490387596,-0.1417943121308748,-0.0030004719737917185,0.0010308261262252927,0.01792676732814455,0.017274854957547964,-0.1504368259809692,-0.11837631119764169,0.019007857206266857,0.018981906308872806,-0.009001839724607885,-0.007647007857011001,0.020883547771361293,0.020138764588651267,-0.029915871099600477,0.005960328844961671,-0.0021226097982908402,-0.00207865837992444,-0.018372508950284305,0.002383148138810798,0.027856732720952158,0.026415855948611303,0.03387901520718395,0.0902728818803169,0.01127008609509068,-0.006932869258618881,0.6682834748243272,-3.7119649442275446,0.0027358978997939864,0.0014065332031535352,-0.4672298833294024,0.03631015606602417,-0.0020552015612694736,-0.0008596001054171264,-0.5540683727910705,0.06616945563833032,-0.007516565901673288,-0.005622746862450532,0.014781967433801668,0.35657459256871427,0.0010908940865857425,0.0009056476326256557,-0.33131831648035803,-0.19454226116075446,0.0001761981900697184,-3.718014158676214e-05,-0.7492748418696367,-2.1881966335287744
2033-11-01,104,0.017604873338771823,0.018639722434946177,0.019584723343986678,-0.0020837967284351227,0.023400930387979392,2.8152050199138157,3.245908241510316,5.429365915586482,1.0719691519918608,2.0608178305024527,2.307947643741705,2.7702767068611576,1.1286147091512975,65.37571246595779,73.64786086933944,0.015766542027485807,0.3061976310355578,-0.00821852422330464,0.0012332886386334987,7.79976163584609e-05,0.0015402848188369,-0.0014773817734312009,0.014601700939238071,14.058655369222652,1275253.2817803682,0.7795827516410999,1.541366404772222,0.8505731940744331,2.030967222032294,2.462195854991352,2.7477443365644802,5.076062446489613,0.5143028435754704,65.10601404603744,64.20864809878573,0.004142450184857482,0.018176124271866323,67.74896794365701,74.25516118984395,0.0870698566299668,-0.00817856039598186,0.2757401169677482,0.2754801652366493,0.11045731902468181,0.11150518140760113,1.6277861014783248,0.37505498901208134,-0.3414557655835011,1.0634107356429268,0.33700710234890163,0.9379321286017526,2.182239934337803,1.7134027498399367,0.05760489826342008,2.0251902848529526,0.3640184227538006,0.3679093404609657,1.402760165286808,1.194455510502502,-0.19543287792140773,4.0786578213536515,0.1433716835347787,-0.30977170843434787,3.632456573331018,0.1812992199880914,-0.10641512816937304,5.341241943540747,0.06960187602522483,0.01649877930586996,0.009624805301427841,-0.007697205990552902,0.015229921351199143,0.021470570852807524,0.15593987209826832,-0.1800463313498819,0.01883675152218781,0.018953531935184273,-0.010459823022539227,-0.01655678220350887,0.0202587982481309,0.020424800797389953,-0.03327319300425002,-0.04113026421832355,-0.0020836121307737806,-0.0020785153183184905,8.85950214128961e-05,0.002540953184268613,0.028800491392427754,0.027325395391406868,-0.1874815582441075,-0.14361969688686071,0.018801698392287212,0.02634714119879194,-0.1614299039094511,-0.401584334766129,0.001457604643272085,0.001962951561528246,0.0567233206524449,-0.21532204409683997,-0.000916479376459229,-0.0020282858212270546,0.6120185695165226,-0.27161065863122413,-0.007627675534045846,-0.005377690753241529,0.07746117236129968,0.5282627061347349,0.0007294608943597764,0.0009686806213644964,0.6906850636810562,0.273163322805273,4.4177319067513954e-05,0.00015412693616552618,0.7655579379830881,-0.49393909786998835
2033-12-01,105,0.018516027073831855,0.018818138859369372,0.020186683085784703,-0.0020840205354709807,0.026496060738803732,2.769583982391506,2.9700332931745805,6.176786243963649,1.1425841968554482,0.27087233908920305,1.662372457436643,1.4484298289414232,1.7542627704617053,64.37019289489788,76.50553102976394,0.028457332114798572,0.28373276653736157,-0.008109816985520437,0.0009662772999086473,8.651629027870553e-05,0.002244532327091672,-0.0015708543484664584,-0.003116833046078682,14.055538536176574,1271284.718097577,1.0719691519918608,2.0608178305024527,2.307947643741705,2.7702767068611576,2.8152050199138157,3.245908241510316,5.429365915586482,1.1286147091512975,65.37571246595779,62.12841508084319,-0.01538062887778846,0.03608297123204629,73.64786086933944,70.78408250980475,0.03880180804564537,0.08082959214971375,0.3061976310355578,0.27947040808700263,-0.07336720542944852,0.015251555538688732,0.8102579327985262,0.06587413894548666,0.4101487324031621,0.0750337113406978,-0.868560755307925,2.6100085448163566,1.194101994348809,-0.2797182977939823,0.3921528188579908,0.8449825765707004,-0.4771533741181557,0.7141534856490994,1.2366778219575085,0.5543504406219253,0.41852852805666374,2.981869130609414,-0.016205227398929045,-0.07119197353054951,3.529069287080517,-0.08499160413954632,-0.15840890286640097,6.1326285516146655,0.13766254476079665,0.007200451156846421,0.014601700939238071,0.004807409830391407,0.017604873338771823,0.01828236421492999,0.05175576770855628,0.012780779124345942,0.018639722434946177,0.0166364846644704,0.009571839121847336,0.13113672983801727,0.019584723343986678,0.020173252420562643,0.030736188161823108,0.0006657659827014051,-0.0020837967284351227,-0.002078489592167713,0.00010740348749171957,0.0026610396915671686,0.023400930387979392,0.026195239334461537,0.13226526892342072,0.01148381965521672,0.015766542027485807,0.025905465134806335,0.8049190536002704,0.09850689677691116,0.0015402848188369,0.0016104341923148515,0.4572190153679261,0.3937435865450438,-0.0014773817734312009,-0.001945277633921659,0.06326907283969585,-0.1924780704440462,-0.00821852422330464,-0.005547672399072632,-0.013227099516960772,0.4618413637539416,0.0012332886386334987,0.0012309700915570916,-0.21650352590672017,-0.21502780080840667,7.79976163584609e-05,7.92275401061367e-05,0.10921710582916488,0.09199768366914451
2034-01-01,106,0.017540512744188122,0.019312772766568165,0.01996886398632033,-0.002081585712217318,0.0289723671868316,3.909125042431397,2.4426648707707472,5.854354792123516,0.617202780342585,0.5499048309645524,0.6420496760835633,1.488125434890446,0.5405475538328706,66.37493013359513,69.85827261911602,0.0030237985380244074,0.2789175387135224,-0.00863510892010773,0.0006207187743149846,7.616538369581129e-05,0.0017983365953168776,-0.000551032318614957,-0.007399111054837704,14.048139425121736,1261913.0550296684,1.1425841968554482,0.27087233908920305,1.662372457436643,1.4484298289414232,2.769583982391506,2.9700332931745805,6.176786243963649,1.7542627704617053,64.37019289489788,62.49786684713885,0.0311438749604267,0.06203512986993687,76.50553102976394,72.3911875952274,-0.08688598485855681,-0.03498927231687465,0.28373276653736157,0.2735908018293129,-0.01697099662687407,0.019469722112707366,0.5604661254421708,-0.4598185568807852,0.1012311936883834,1.1612810482088232,1.0301254561967625,-0.5264670582433653,2.045176402388673,-0.6137750759696803,-0.6860663582204065,1.6799610722167588,0.02740595723441719,-0.11419052530376783,0.6023885095927404,-0.6918662569059688,-0.10265958725155455,2.9885129779129875,0.41144845842728683,0.3080502147129085,3.0690618267156116,-0.1775631349371659,-0.20410046825782246,5.318918369710862,-0.052200519672383705,0.10066641094959317,-0.003116833046078682,0.014675382524728775,0.018516027073831855,0.01783622047059824,-0.05268486191740329,-0.01657905759225009,0.018818138859369372,0.019013293393392118,0.026284953623483265,0.015751052012910494,0.020186683085784703,0.02021070961214233,-0.010790237234058475,-0.011966211501881263,-0.0020840205354709807,-0.0020800378400455412,-0.0011683297799713888,0.00074415577542708,0.026496060738803732,0.02607760527500759,0.09345941921099588,0.11100566487208519,0.028457332114798572,0.010827905324554679,-0.8937427259229282,-0.7207402126829394,0.002244532327091672,0.0016625078463754304,-0.19879229467501036,0.08170111752409381,-0.0015708543484664584,-0.0017929065961634042,-0.649214887966602,-0.692659773914549,-0.008109816985520437,-0.005815129917962931,0.06477235374425461,0.48493826310464483,0.0009662772999086473,0.0010733693974315608,-0.3576183830731945,-0.421710013532818,8.651629027870553e-05,8.803595955928908e-05,-0.11964112827248596,-0.13483780858301864
2034-02-01,107,0.01812835191867903,0.019146600006589038,0.02024828118003217,-0.00208371351253935,0.024755631329414735,3.087149701727163,3.3157010049939415,5.222031174451616,1.6929411169794584,1.7330964076608617,1.6225521270841938,1.8275973292690049,0.814820874184093,67.3793990517634,67.44643851359332,0.021244803746428717,0.2892431159247346,-0.0087033809558097,0.0006128101167504594,8.046397784671234e-05,0.0017782757718916218,-0.0009238496393229828,0.02034580148756504,14.068485226609301,1287850.6534193803,0.617202780342585,0.5499048309645524,0.6420496760835633,1.488125434890446,3.909125042431397,2.4426648707707472,5.854354792123516,0.5405475538328706,66.37493013359513,72.08169109311068,0.015133257634268649,-0.06523559547559932,69.85827261911602,78.88689947245417,-0.03452467424541972,-0.1450235848457404,0.2789175387135224,0.2703723769759293,0.03702017900644705,0.06979536578355905,0.5842348866927333,1.7429252927859031,1.8977063087809527,0.6948325442943615,2.151629718584122,1.4942648727268684,2.6135028639969846,1.5271442187800703,-0.3791657359798226,1.9108836829886087,0.22812048394532702,-0.04358525558674742,1.035133169144625,0.5073990593545887,-0.2128347361746562,3.344008542575062,-0.21027092553503524,-0.07681165809765067,2.940072950052822,0.35741134392607865,0.1277614743995965,4.982748691978758,-0.10800910435469879,0.04802218559769145,-0.007399111054837704,-0.012473341077566147,0.017540512744188122,0.018451373630298286,0.03351322638419929,-0.01750664845292793,0.019312772766568165,0.01912749212974506,-0.008604293230580762,0.0009989744977734194,0.01996886398632033,0.020330001382724172,0.013992643442473973,-0.0040196850533146256,-0.002081585712217318,-0.0020809593701378412,0.0010222016367347209,0.0013234964800521443,0.0289723671868316,0.02658940284620999,-0.14554336655423306,-0.06896625424051739,0.0030237985380244074,0.011761817604572544,6.025866134689306,0.806251759776444,0.0017983365953168776,0.0013908078326045766,-0.011155210585992115,0.27859200257840855,-0.000551032318614957,-0.0014237563699059574,0.6765797723899714,-0.3511181696177378,-0.00863510892010773,-0.0063276896389012315,0.007906331736359684,0.37544371681936584,0.0006207187743149846,0.000914383414460019,-0.012741128336665852,-0.32981055095761,7.616538369581129e-05,0.00014896401759659033,0.056437635344538384,-0.45984285906804045
2034-03-01,108,0.02264561938110249,0.01921526594256062,0.02023863961065753,-0.002085956957630384,0.02508950693146405,4.045789477876668,3.3089756210524146,4.898784304564028,0.813066387681836,1.2737367315208625,0.1800807636296924,2.670185160926111,1.1132329426435097,67.53853278053396,72.56392855228808,0.02575422808169309,0.27914666938869803,-0.009063971238806286,0.0009125913677513811,8.461570679115443e-05,0.0012155321953826615,-0.001222053732169243,0.0024309500586241484,14.070916176667925,1290985.1624146025,1.6929411169794584,1.7330964076608617,1.6225521270841938,1.8275973292690049,3.087149701727163,3.3157010049939415,5.222031174451616,0.814820874184093,67.3793990517634,64.98229205245174,0.0023617564271878333,0.039337497144897426,67.44643851359332,69.4384156994817,0.07587487421835282,0.04501129268751036,0.2892431159247346,0.29731167165292166,-0.034906436766031224,-0.06109750809053083,1.8266042457948082,-0.5197314427967186,-0.5548754528772885,0.7773062772652377,-0.2650514270928477,0.6386548890383261,1.9265861714530372,-0.8890138808955824,-0.9065285704330188,2.9905557944196928,0.46103581908500657,-0.10712745573628346,0.5945957790859641,0.3662302696383748,0.8722516738258974,3.5540047649574187,0.31052584706636543,0.13837480404310654,3.310160593288648,-0.0020283445133917333,-0.0003579802861033432,4.52355423220621,-0.06190060133479247,0.08295027606529048,0.02034580148756504,-0.030714785680174828,0.01812835191867903,0.0176335113224863,0.24918246747896444,0.28423766355738445,0.019146600006589038,0.018706409223129432,0.0035863252978569626,0.02720226599138087,0.02024828118003217,0.020357869092257546,-0.000476167299777841,-0.005856677880169747,-0.00208371351253935,-0.002080263367372059,0.0010766571688158866,0.002736956458315065,0.024755631329414735,0.02584373185443018,0.013486854671833859,-0.0291840562042065,0.021244803746428717,0.012480992239288065,0.21226010788743643,1.0634760111958976,0.0017782757718916218,0.001441702938567378,-0.3164546159847569,-0.15687749336868417,-0.0009238496393229828,-0.001609924310011027,0.3227842282482145,-0.24092472883966032,-0.0087033809558097,-0.006335760702760249,0.04143105820915305,0.4306050471346654,0.0006128101167504594,0.0011198682867664953,0.48919109330402044,-0.18509044453219137,8.046397784671234e-05,7.924094895281374e-05,0.051597361397560215,0.06782803473922594
2034-04-01,109,0.017199114065837115,0.01882687372340043,0.020260830026906176,-0.002080985410243601,0.023341863460870544,2.8020715920265826,4.088207451921866,4.209787675271659,0.963880560019649,1.348069474794313,1.7042166961822123,1.3066804581866804,0.9513918760526808,61.5599518630062,72.50771948684817,0.03844022935983532,0.2862116490533112,-0.008946973105461277,0.00116818947631638,0.00017391432141273746,0.0021229378559483878,-0.0009579265415226302,0.03151680901646614,14.102432985684391,1332320.8583004656,0.813066387681836,1.2737367315208625,0.1800807636296924,2.670185160926111,4.045789477876668,3.3089756210524146,4.898784304564028,1.1132329426435097,67.53853278053396,67.67659680332622,-0.0885210363831136,-0.09038050418072141,72.56392855228808,78.6465969399161,-0.0007746144201578042,-0.07805649184996344,0.27914666938869803,0.2889584031579019,0.025309202793229568,-0.00950570765401726,0.2836291970386453,0.1854881404798996,2.398382712652525,2.074059543347426,0.05835801185123701,-0.35003337820350233,1.4694261369889825,8.463624330728985,0.1597838457360925,2.334092404504436,-0.5106405063933921,-0.44017620910595046,1.393102923005011,-0.1453793365174023,-0.31706993048261756,3.2458423373599414,-0.307410430683808,-0.13671974766781403,3.2414894464609314,0.23549035112613415,0.2612126367973784,4.387553215724897,-0.14064645153910016,-0.04051587108188903,0.0024309500586241484,0.01954595558345318,0.02264561938110249,0.018338620413743487,-0.2405103266820081,-0.062136972258414414,0.01921526594256062,0.018850597371758183,-0.020212690280800305,-0.001258509101324079,0.02023863961065753,0.02040318685733939,0.0010964381339622076,-0.006977186036112082,-0.002085956957630384,-0.0020778171938072004,-0.002383341309415532,0.001524781124077279,0.02508950693146405,0.02299346519730678,-0.06965634977871304,0.015152055619897187,0.02575422808169309,0.02240289919305485,0.492579363586511,0.7158595871266618,0.0012155321953826615,0.0015281792806688295,0.7465089481073481,0.3891942410181439,-0.001222053732169243,-0.0014879441296142106,-0.21613386031542647,-0.35620799030202943,-0.009063971238806286,-0.006466473068021525,-0.012908043313740403,0.3835939640275472,0.0009125913677513811,0.0008616337459046534,0.28007947214621476,0.3557842666548132,8.461570679115443e-05,8.113593395152478e-05,1.055343245456624,1.1434931841253442
2034-05-01,110,0.017979538489672844,0.018984940818972763,0.020292600558016516,-0.002085053332501966,0.02658992254292127,3.429799584645115,3.655153130050218,4.966014164422859,0.47459173127051013,1.2528200255169053,1.9083479629798026,0.6879001695352498,0.5904904808632334,64.00329165487267,74.83790541864532,0.016565763291453824,0.2961713510817097,-0.009595807691261702,0.0007838098439184857,5.7773857501828784e-05,0.0019898088321695004,-0.001898865778362373,0.0262459684163332,14.128678954100724,1367751.8357606125,0.963880560019649,1.348069474794313,1.7042166961822123,1.3066804581866804,2.8020715920265826,4.088207451921866,4.209787675271659,0.9513918760526808,61.5599518630062,62.2562965230328,0.03969041102085025,0.02806134044921116,72.50771948684817,71.71033848747076,0.0321370737941884,0.043613891624859624,0.2862116490533112,0.2967555569112305,0.03479838106290134,-0.001968643268559056,2.2513024493203746,-0.5076239204774132,-0.7891923711033227,1.9139975172681307,-0.07065618727991796,-0.34544323374825014,2.008703424809929,0.11978011203322048,-0.04996031797955569,1.437554704888969,-0.4735513451468698,-0.5214789620208711,1.3611573202660165,-0.37934042141165336,-0.5661849867965068,3.2726967469793236,0.22402282454336997,0.048004092591467984,3.1078647845337457,-0.10592767783055357,0.17609786250677528,4.509492424982642,0.1796353040779901,0.10123572597906616,0.03151680901646614,0.002971671987324953,0.017199114065837115,0.018107046365542157,0.04537585022393098,-0.007041892603310562,0.01882687372340043,0.01886710845425015,0.008395822795362218,0.006245385455240227,0.020260830026906176,0.020134712705178665,0.0015680764839420824,0.007841574655159667,-0.002080985410243601,-0.0020808147212583524,0.001954805756129163,0.002036995990229329,0.023341863460870544,0.027236564396081218,0.1391516614556354,-0.0237416820916293,0.03844022935983532,0.015163749753417595,-0.569051393102177,0.09245823499034223,0.0021229378559483878,0.0011587841113237449,-0.06270980726348874,0.7171523260673887,-0.0009579265415226302,-0.0016375953139331082,0.9822665894026843,0.15954519544987966,-0.008946973105461277,-0.00679497952028563,0.07252001075138725,0.4121908186205008,0.00116818947631638,0.0007598642572714312,-0.3290387734102418,0.031512979348495396,0.00017391432141273746,0.0001860313929863451,-0.6678027603907413,-0.6894402790067296
2034-06-01,111,0.01886068851835939,0.01856743118914815,0.04154780373390671,-0.0021246146578210003,0.023940653852275524,0.8148014439558422,1.8285486097672083,4.137519299078731,-4.391885338617718,-1.990984445423834,-1.8360295236780586,-0.3714521355036563,2.218660650974405,68.54488215074083,75.03348693176127,0.048285480937214895,0.29189371095300254,-0.009782416517886512,0.0015871428181723952,0.0002052095091919889,2.6466298500183122e-05,0.000155911522856129,-0.026617178693413734,14.10206177540731,1331826.3788890934,0.47459173127051013,1.2528200255169053,1.9083479629798026,0.6879001695352498,3.429799584645115,3.655153130050218,4.966014164422859,0.5904904808632334,64.00329165487267,62.28325577810773,0.07095870194236187,0.10053466689251067,74.83790541864532,77.62765924228734,0.0026134017517174257,-0.03341814420075795,0.2961713510817097,0.30090825732448195,-0.014443125957604996,-0.029957789964396575,0.49506866398139926,-10.254028355825714,-9.871265055028266,0.1301474331745881,-2.5892022835461677,-16.297915578196612,1.4234567100053983,-1.9621041651183875,-2.289838679864803,2.3120591325745594,-1.5399797121064993,-1.1606585793028708,1.170890213641824,2.7573182343785834,0.8948494274913246,2.779602931283888,-0.7624346776401658,-0.7068640866702898,3.6725091431316508,-0.49973406182791413,-0.5020982825360771,5.467085063508212,-0.1668329646096396,-0.24319463644421568,0.0262459684163332,0.025828007608652115,0.017979538489672844,0.01746294025427832,0.04900848980037309,0.08004083182605126,0.018984940818972763,0.018876230468446196,-0.0219916213490311,-0.016359160257882976,0.020292600558016516,0.020417492935573142,1.0474361388586741,1.0349121150676872,-0.002085053332501966,-0.0020786661130174247,0.018973771415027763,0.022104822181796102,0.02658992254292127,0.026744722316026197,-0.09963431395369104,-0.104845674993993,0.016565763291453824,0.025852555582315646,1.914775497373253,0.8677256406420577,0.0019898088321695004,0.0025255084924629273,-0.9866990747692447,-0.9895204080369682,-0.001898865778362373,-0.002086365830962343,-1.0821077111572313,-1.0747287558789316,-0.009595807691261702,-0.006872052311691802,0.019446911883690854,0.4235072834418252,0.0007838098439184857,0.0011381128587555351,1.0249079932931466,0.3945390441400074,5.7773857501828784e-05,1.3451964310895502e-05,2.551944046413954,14.254984658692425
2034-07-01,112,0.01732304036409116,0.018892072171571347,0.020245931608059216,-0.0020636041593600466,0.026389576342265,4.6233825518920355,4.264233349316601,4.822476364408241,1.0114104421885697,0.1415824603127036,1.4347060585551512,2.363612481524728,1.8362955164724732,68.08139225005539,72.63900275307476,0.004392576686365349,0.27957484458446336,-0.010206513966712467,0.0010080841718847174,2.9399332239564928e-05,0.0007125420415687384,-0.000858220633282699,0.003666391596198082,14.105728167003509,1336718.3383718326,-4.391885338617718,-1.990984445423834,-1.8360295236780586,-0.3714521355036563,0.8148014439558422,1.8285486097672083,4.137519299078731,2.218660650974405,68.54488215074083,68.7419228109663,-0.006761845467414429,-0.009608846158221551,75.03348693176127,67.78012658858046,-0.03191220715710785,0.07168585260967819,0.29189371095300254,0.2952534902476766,-0.04220326066059921,-0.053102321161592525,1.2600225198286665,-1.2302907212297343,-0.19730764627437158,1.3343326675107505,-1.0711117862513306,-0.8938926822672856,1.1890765082180363,-1.7814177495801107,0.20657169546240395,1.1814755861375192,-7.363168375165963,1.0005597316249686,1.170913979930319,-0.17234052189729976,0.5682582563253289,2.643635499841746,4.674244426280862,0.7488729260023939,3.7078842182884393,1.3320317144095388,0.1500449038521956,5.492317780162499,0.1655477632411344,-0.12195969762959336,-0.026617178693413734,-0.020043961703777313,0.01886068851835939,0.018311268706950243,-0.08152661832951913,-0.053968316377990155,0.01856743118914815,0.0178093816960763,0.017484431697419422,0.06079326581750899,0.04154780373390671,0.020360489443479318,-0.5127075371366325,-0.005626477484154568,-0.0021246146578210003,-0.002081503346596432,-0.028716030098147716,-0.008599163323783854,0.023940653852275524,0.030584146746318822,0.10229137871924543,-0.13714851811449313,0.048285480937214895,-0.0040314868879811235,-0.9090290372777488,-2.0895673999240145,2.6466298500183122e-05,0.0017343025438833434,25.922617893235365,-0.5891477850379795,0.000155911522856129,-0.0018567893810330209,-6.504536275196555,-0.5377932241268906,-0.009782416517886512,-0.0070035633566392945,0.04335303532113155,0.45733156779924244,0.0015871428181723952,0.0006012705067115348,-0.36484344046269723,0.6765900882085927,0.0002052095091919889,0.00022575938499844726,-0.8567350394466386,-0.8697758135735215
2034-08-01,113,0.0185453887893386,0.01889987080598573,0.020012633353376358,-0.002086276846073712,0.028650166943701025,2.4982654759345486,3.955015627178497,5.275938395388383,2.795761025072202,1.7523785012011865,2.5892565511614722,2.725407103731888,1.027995366789526,60.25249702036404,79.58833216123884,-0.0013745756653661227,0.28495451973874397,-0.010378147404489816,0.0010257994309777313,0.00017820942634735713,0.0018923800107730562,-0.002049249116799199,-0.015278290025889874,14.090449876977619,1316450.7889111128,1.0114104421885697,0.1415824603127036,1.4347060585551512,2.363612481524728,4.6233825518920355,4.264233349316601,4.822476364408241,1.8362955164724732,68.08139225005539,60.319143219972005,-0.11499317171624057,-0.0011048930082597774,72.63900275307476,74.99247008876246,0.09566939446824829,0.06128431383893118,0.27957484458446336,0.3003099678995648,0.019242343359884506,-0.0511319962777802,1.1637904755393271,1.7642200519726825,1.4022889719703042,1.7294104632687806,11.377087510210139,0.013280848254493494,1.2981931039215902,0.8047296418118104,0.9945080152866543,2.7390586539459636,0.15306850214878387,-0.0049840298945073025,1.5639757843927087,-0.4401797763116544,-0.34270378285383984,2.499523263681208,-0.45964551972620593,-0.0005032110582586791,3.4470331569418735,-0.07251425914289156,0.1473680255188765,4.5858218215573165,0.09403094939497669,0.15048918180530335,0.003666391596198082,0.03374214842915535,0.01732304036409116,0.015265150258440201,0.0705620029484686,0.21488412988825534,0.018892072171571347,0.019737096200971423,0.00041279931304294415,-0.04241887390428223,0.020245931608059216,0.020221021762023006,-0.011523216575027306,-0.010305533078354245,-0.0020636041593600466,-0.0020828224963691036,0.010986935944486964,0.0016584945239599413,0.026389576342265,0.028025254381443702,0.0856622543733494,0.022298194112774672,0.004392576686365349,0.012164865980623754,-1.3129315123018421,-1.1129955453315763,0.0007125420415687384,0.0018849235528895576,1.6558152366796168,0.0039558410058953,-0.000858220633282699,-0.0015965567745849982,1.3877882182356873,0.2835429027144192,-0.010206513966712467,-0.006985359489786239,0.016816068477162105,0.48569982971733916,0.0010080841718847174,0.0008094717269219128,0.01757319436916993,0.26724553416883823,2.9399332239564928e-05,0.00011073712666509426,5.061682792493058,0.6093015207656729
2034-09-01,114,0.018601187174648252,0.018826327854580965,0.020169403189769508,-0.0020859076832433782,0.02903373667844764,3.43301669441075,3.620558629559817,5.369779608027002,1.6500601218397004,1.7957717407006806,1.0734052703727355,1.8726754350368267,0.6239324918248559,66.21738450451363,73.6964981451548,0.028789796126518892,0.305860103087378,-0.010789094393635963,0.0007692359795632318,5.2880425668947324e-05,0.0026615698865875177,-0.0013428032503931626,-0.008187725208699703,14.08226215176892,1305716.058084095,2.795761025072202,1.7523785012011865,2.5892565511614722,2.725407103731888,2.4982654759345486,3.955015627178497,5.275938395388383,1.027995366789526,60.25249702036404,63.53861026434912,0.09899817898225183,0.04215978645141294,79.58833216123884,70.17861269297758,-0.07402886649449703,0.05012760037830222,0.28495451973874397,0.2904937773165622,0.0733646315482237,0.0528972631109772,1.4530180198543805,-0.4097992972067107,0.1356088495069505,0.18800036929634112,0.024762481090557564,8.55195858083684,2.246956179181091,-0.5854388125845489,-0.522284733312449,1.8083893348242535,-0.3128823094089025,0.035548816272365835,0.9809818133024986,-0.39305904288905114,-0.36397139746722484,4.322752405888172,0.37416008325797745,-0.20582620236714966,4.050201585602648,-0.08456527840758021,-0.10607940048468034,5.778065148800224,0.017786639192118647,-0.0706612906325571,-0.015278290025889874,-0.0030004719737917185,0.0185453887893386,0.01792676732814455,0.0030087471308084535,0.03762082890677565,0.01889987080598573,0.019007857206266857,-0.00389118804883426,-0.00955022703064301,0.020012633353376358,0.020883547771361293,0.00783354362341826,-0.034196516291696843,-0.002086276846073712,-0.0021226097982908402,-0.00017694815097457628,-0.017291032519031635,0.028650166943701025,0.027856732720952158,0.013388045364634227,0.04225204618523737,-0.0013745756653661227,0.01127008609509068,-21.944497165131057,1.5545320491437864,0.0018923800107730562,0.0027358978997939864,0.4064669207218268,-0.027167685318982726,-0.002049249116799199,-0.0020552015612694736,-0.34473401043083596,-0.34663184589849716,-0.010378147404489816,-0.007516565901673288,0.039597335933806654,0.435375480607995,0.0010257994309777313,0.0010908940865857425,-0.25011073672555895,-0.2948573202273279,0.00017820942634735713,0.0001761981900697184,-0.7032680776050793,-0.6998809939646741
2034-10-01,115,0.02027742259464972,0.018819768862965856,0.020363539957668632,-0.0021155534351842385,0.024576914715608123,3.5994162502746345,3.2098619591972093,5.205353375155086,1.0458567030578023,0.8273167475498819,0.6969412331575247,1.8650711139220855,0.39975313113026967,58.13582659699634,71.6016103103911,0.021283421937099433,0.29822623432373796,-0.011101087606605267,0.001183415718808109,0.00013290568069549195,0.001793274615518787,-0.0008584485012098357,-0.00818511564284563,14.074077036126074,1295072.2410132284,1.6500601218397004,1.7957717407006806,1.0734052703727355,1.8726754350368267,3.43301669441075,3.620558629559817,5.369779608027002,0.6239324918248559,66.21738450451363,65.10601404603744,-0.12204586405804696,-0.10705904133698585,73.6964981451548,67.74896794365701,-0.028425880299462247,0.056866436252403396,0.305860103087378,0.2757401169677482,-0.02495869414344365,0.08154822592832889,0.7795827516410999,-0.3661705478393442,0.3415595725484806,1.541366404772222,-0.5392973790605055,-0.4632575713416175,0.8505731940744331,-0.35071938587043205,-0.18062168192836825,2.030967222032294,-0.004060672219258099,-0.08168330158681925,0.5143028435754704,-0.35930066735090893,-0.22272813358145738,2.462195854991352,0.04847036023296858,0.4618724351183985,2.7477443365644802,-0.11343461393208809,0.16818072063084188,5.076062446489613,-0.030620666931306495,0.02547071278740587,-0.008187725208699703,0.009624805301427841,0.018601187174648252,0.015229921351199143,0.09011443217377146,0.3314200465686028,0.018826327854580965,0.01883675152218781,-0.00034839463467184473,-0.0009015704858637008,0.020169403189769508,0.0202587982481309,0.009625310480063876,0.005170183752009949,-0.0020859076832433782,-0.0020836121307737806,0.01421239884152703,0.015329774644091687,0.02903373667844764,0.028800491392427754,-0.15350493848585156,-0.14664946577717408,0.028789796126518892,0.018801698392287212,-0.26073036976129116,0.13199464713412645,0.0026615698865875177,0.001457604643272085,-0.3262342557467087,0.2302887643752134,-0.0013428032503931626,-0.000916479376459229,-0.3607041828663369,-0.06331934655593952,-0.010789094393635963,-0.007627675534045846,0.028917460686351593,0.45536966760790687,0.0007692359795632318,0.0007294608943597764,0.5384300139991451,0.6223155044476423,5.2880425668947324e-05,4.4177319067513954e-05,1.5133247135250918,2.0084596236448604
2034-11-01,116,0.017518598354008243,0.018914952471732124,0.02031826462404495,-0.002089190954767889,0.03241252041879326,3.513719280403776,2.8425340575049804,4.984316572649892,0.954156309243188,1.0022681197354655,2.280114104441338,2.683212060158693,1.0546936207132158,65.17037185140836,67.08878137602727,0.03187548565200635,0.31909524715478443,-0.011444632563261963,0.0008888158821958414,6.553185251500158e-05,0.0017547758224016451,-0.0017285515893516409,0.007919911295175552,14.08199694742125,1305369.822422299,1.0458567030578023,0.8273167475498819,0.6969412331575247,1.8650711139220855,3.5994162502746345,3.2098619591972093,5.205353375155086,0.39975313113026967,58.13582659699634,65.37571246595779,0.12100189618316137,-0.0031409311930077344,71.6016103103911,73.64786086933944,-0.06302691957346807,-0.08906001363636074,0.29822623432373796,0.3061976310355578,0.06997711947900664,0.042121867747986874,1.0719691519918608,-0.08767969220497152,-0.10990320246600471,2.0608178305024527,0.21146842814883926,-0.5136551591796445,2.307947643741705,2.271601673086804,-0.012059865992125496,2.7702767068611576,0.438664745879918,-0.03142814090983448,1.1286147091512975,1.6383623756270649,-0.06549718680670857,2.8152050199138157,-0.023808574477686473,0.2481219859828696,3.245908241510316,-0.11443728931698294,-0.12427159179880154,5.429365915586482,-0.042463361576985936,-0.08197077704027167,-0.00818511564284563,0.014601700939238071,0.02027742259464972,0.017604873338771823,-0.13605398949319158,-0.0049006308141720245,0.018819768862965856,0.018639722434946177,0.0050576396266786006,0.014765779788111999,0.020363539957668632,0.019584723343986678,-0.0022233528020079163,0.03745476855477259,-0.0021155534351842385,-0.0020837967284351227,-0.01246126898896005,0.0025886528465841607,0.024576914715608123,0.023400930387979392,0.31881974584096007,0.38509537361997137,0.021283421937099433,0.015766542027485807,0.4976673274725498,1.0217169748723482,0.001793274615518787,0.0015402848188369,-0.021468431429284673,0.13925411777200503,-0.0008584485012098357,-0.0014773817734312009,1.0135763379114113,0.17001009518149202,-0.011101087606605267,-0.00821852422330464,0.03094696383192974,0.3925410757821086,0.001183415718808109,0.0012332886386334987,-0.2489402768022866,-0.2793123569348194,0.00013290568069549195,7.79976163584609e-05,-0.5069296348201588,-0.15982236926535354
2034-12-01,117,0.01880359868103123,0.018958111579609152,0.020338045314892923,-0.0020859021286452214,0.0230034734789467,3.1126664652227483,3.152439446376796,5.431822230016419,1.134432452981926,-0.004652485753299684,2.5338212144062093,1.1482460095897995,1.3862499385714988,71.54104161281599,71.88532917522579,0.00848735839370659,0.3074951131053048,-0.011871667916340358,0.0008143316524061732,0.0001358404321437715,0.0016774983806563133,-0.001657622181725831,-0.00012787200103048235,14.081869075420219,1305202.9128427797,0.954156309243188,1.0022681197354655,2.280114104441338,2.683212060158693,3.513719280403776,2.8425340575049804,4.984316572649892,1.0546936207132158,65.17037185140836,64.37019289489788,0.09775408027336518,0.11140014338043835,67.08878137602727,76.50553102976394,0.07149552728218822,-0.06039042919316118,0.31909524715478443,0.28373276653736157,-0.036353202226959924,0.08374903913261722,1.1425841968554482,0.18893774740296854,-0.007134479801100713,0.27087233908920305,-1.004641957238476,-1.0171759352355558,1.662372457436643,0.1112694796592355,0.5242199201936546,1.4484298289414232,-0.5720628918454216,-0.20724774742523178,1.7542627704617053,0.3143626844296967,-0.20978204524818655,2.769583982391506,-0.11413911675236077,0.12387509640888172,2.9700332931745805,0.10902433624448227,0.061415524742231886,6.176786243963649,0.08978275172610317,-0.1206070575414937,0.007919911295175552,-0.003116833046078682,0.017518598354008243,0.018516027073831855,0.07335063576755729,0.015530956292767018,0.018914952471732124,0.018818138859369372,0.0022817455101473705,0.007438180857619159,0.02031826462404495,0.020186683085784703,0.0009735423380874408,0.0074981228201282946,-0.002089190954767889,-0.0020840205354709807,-0.0015742103971694288,0.000902866906642652,0.03241252041879326,0.026496060738803732,-0.2902905055908904,-0.13181534018534702,0.03187548565200635,0.028457332114798572,-0.7337339896130377,-0.7017514375743981,0.0017547758224016451,0.002244532327091672,-0.0440383556456615,-0.2526289951769537,-0.0017285515893516409,-0.0015708543484664584,-0.04103401255869632,0.05523607796233909,-0.011444632563261963,-0.008109816985520437,0.037313155378112084,0.4638638501382297,0.0008888158821958414,0.0009662772999086473,-0.08380164135417234,-0.15724849121141427,6.553185251500158e-05,8.651629027870553e-05,1.0728916844320073,0.5701139254373029
2035-01-01,118,0.018168214974422305,0.01856743118914815,0.020318051934723587,-0.0020851699870047145,0.022886238875171612,3.096245093477587,3.8512044877621077,5.5412810790295985,1.3984558083834098,1.2611016556963035,1.2777933027598505,1.8319392420980387,1.1726732396678945,61.68943503405291,71.60181763110715,0.02644712229779044,0.30714934837899477,-0.012019970998527236,0.0008615229040287337,0.00017687267509099172,0.0015779377337278243,-0.0018770979223793238,0.011237245053052902,14.093106320473272,1319952.5150562667,1.134432452981926,-0.004652485753299684,2.5338212144062093,1.1482460095897995,3.1126664652227483,3.152439446376796,5.431822230016419,1.3862499385714988,71.54104161281599,66.37493013359513,-0.13770566316437638,-0.07059133757446612,71.88532917522579,69.85827261911602,-0.003943941655014993,0.02495831841559193,0.3074951131053048,0.2789175387135224,-0.0011244560045792218,0.10121919831821491,0.617202780342585,0.23273607406724128,1.2657963523871065,0.5499048309645524,-272.05975656172444,1.2933089230809025,0.6420496760835633,-0.4957050262682815,0.9901782531131509,1.488125434890446,0.5954240004304325,0.23103819015962435,0.5405475538328706,-0.15406795914717264,1.1694173460832422,3.909125042431397,-0.005275660572256702,-0.20794421772914562,2.4426648707707472,0.2216585134374034,0.5766405510007258,5.854354792123516,0.020151404883669954,-0.05347706522931073,-0.00012787200103048235,-0.007399111054837704,0.01880359868103123,0.017540512744188122,-0.033790537512901175,0.035785854118897786,0.018958111579609152,0.019312772766568165,-0.02060755834358563,-0.03859319355272772,0.020338045314892923,0.01996886398632033,-0.000983053182337823,0.01748662060307815,-0.0020859021286452214,-0.002081585712217318,-0.0003509952027243024,0.0017218963246909968,0.0230034734789467,0.0289723671868316,-0.005096387025306681,-0.21006665670129399,0.00848735839370659,0.0030237985380244074,2.116060506812236,7.7463241896629835,0.0016774983806563133,0.0017983365953168776,-0.05935066649038212,-0.12255706866167493,-0.001657622181725831,-0.000551032318614957,0.13240395976421238,2.4065114857464054,-0.011871667916340358,-0.00863510892010773,0.012492185869076744,0.3919883477714461,0.0008143316524061732,0.0006207187743149846,0.057950899345642126,0.3879440089104713,0.0001358404321437715,7.616538369581129e-05,0.30206207606725144,1.3222186577223116
2035-02-01,119,0.017867391307289853,0.01855305963199035,0.01990626759198624,-0.0020542242896662865,0.028161881468164944,3.2526623218617945,4.264865706162923,4.7520778890711375,0.3102900982510616,1.382009534652623,1.967242992525415,2.1838047162155965,0.9693649919018801,62.1142280465429,76.34537333256505,0.03827799210278557,0.2730172126699884,-0.012370450469602876,0.0010670236759399813,0.00020382046351446169,0.0007313262227247525,-0.0011894991534980883,0.010797473601996899,14.103903794075269,1334281.8887947265,1.3984558083834098,1.2611016556963035,1.2777933027598505,1.8319392420980387,3.096245093477587,3.8512044877621077,5.5412810790295985,1.1726732396678945,61.68943503405291,67.3793990517634,0.006885992913624461,-0.0781421484803626,71.60181763110715,67.44643851359332,0.06624909615977503,0.13194076685277034,0.30714934837899477,0.2892431159247346,-0.1111255351481012,-0.0560978027182103,1.6929411169794584,-0.778119482652976,-0.8167153629036547,1.7330964076608617,0.09587480787943425,-0.20257780897607192,1.6225521270841938,0.5395627667451786,0.2124374679170693,1.8275973292690049,0.192072676883422,0.19490474255019086,0.814820874184093,-0.1733716101712972,0.18966637038175693,3.087149701727163,0.0505183613253708,0.05361340917223156,3.3157010049939415,0.10741086839592606,0.28626365879776183,5.222031174451616,-0.14242251542610218,-0.08999434696592556,0.011237245053052902,0.02034580148756504,0.018168214974422305,0.01812835191867903,-0.016557689765117845,-0.014395164687877049,0.01856743118914815,0.019146600006589038,-0.0007740196805576804,-0.030999779302561814,0.020318051934723587,0.02024828118003217,-0.02026692047349321,-0.01689099361101354,-0.0020851699870047145,-0.00208371351253935,-0.014840851120670795,-0.01415224439233298,0.022886238875171612,0.024755631329414735,0.23051592801107534,0.13759496146248096,0.02644712229779044,0.021244803746428717,0.4473405337556726,0.8017578585172931,0.0015779377337278243,0.0017782757718916218,-0.5365303667610387,-0.5887442013862607,-0.0018770979223793238,-0.0009238496393229828,-0.36630948267720986,0.28754626604582456,-0.012019970998527236,-0.0087033809558097,0.029158096231561847,0.4213385042447584,0.0008615229040287337,0.0006128101167504594,0.2385319890513251,0.7411978796924479,0.00017687267509099172,8.046397784671234e-05,0.15235699018860172,1.533064720001157
2035-03-01,120,0.018055782731976333,0.018913771781566637,0.020229161347527856,-0.0020686009108207295,0.0298740542274655,3.1562767923622754,4.107846499203358,6.073815021986079,1.8941103396170011,0.997510482400309,2.1993060954255137,2.335053732034282,0.7359687148372113,67.64596560131987,74.55846826358213,0.0247866751396433,0.30161625352295696,-0.012785911086443467,0.0010028358866740483,0.00012117482155814115,0.0017159628281692258,-0.0021398604587254825,-0.009962574578821659,14.093941219496447,1321055.002290441,0.3102900982510616,1.382009534652623,1.967242992525415,2.1838047162155965,3.2526623218617945,4.264865706162923,4.7520778890711375,0.9693649919018801,62.1142280465429,67.53853278053396,0.08905749501759863,0.001590689290438485,76.34537333256505,72.56392855228808,-0.02340554497256897,0.02748665557511587,0.2730172126699884,0.27914666938869803,0.10475178679498809,0.08049382850766218,0.813066387681836,5.104320925137742,1.329588786737784,1.2737367315208625,-0.27821736580779843,-0.21686290603454206,0.1800807636296924,0.11796361902511676,11.212887435040196,2.670185160926111,0.06925940524608398,-0.12550868523873981,1.1132329426435097,-0.24077233963932276,-0.33889064305843997,4.045789477876668,-0.029632811513108037,-0.21986133741719827,3.3089756210524146,-0.036816917056184284,0.24142543482894085,4.898784304564028,0.27813877713466817,0.23986169718215922,0.010797473601996899,0.0024309500586241484,0.017867391307289853,0.02264561938110249,0.010543868517035149,-0.2026809941421307,0.01855305963199035,0.01921526594256062,0.019442192109075496,-0.015690345472980982,0.01990626759198624,0.02023863961065753,0.016220708078475088,-0.0004683251103835273,-0.0020542242896662865,-0.002085956957630384,0.006998564483325476,-0.008320424228393963,0.028161881468164944,0.02508950693146405,0.06079752736819266,0.190699136059995,0.03827799210278557,0.02575422808169309,-0.3524562345620129,-0.03756870285456371,0.0007313262227247525,0.0012155321953826615,1.3463712565590016,0.41169673225234793,-0.0011894991534980883,-0.001222053732169243,0.7989592110532944,0.7510363107578413,-0.012370450469602876,-0.009063971238806286,0.033584922219403124,0.4106301476004415,0.0010670236759399813,0.0009125913677513811,-0.060155918479866566,0.0988882013480239,0.00020382046351446169,8.461570679115443e-05,-0.40548255327883975,0.4320606203434627
2035-04-01,121,0.017639759310705837,0.01888413839151694,0.020152235662328852,-0.002085301223589519,0.02010976318290554,3.8610063180936898,3.0971221657227463,5.3003789166671025,1.6271993125631807,1.7418676731860356,0.8881955748801118,1.8168351394263111,0.5579427207115111,59.62352118398249,68.553142889837,0.02373494544515726,0.29120251808647,-0.013056527262873178,0.0009498611358371655,4.355026315416574e-05,0.0020166669049631676,-0.0024935446843539384,-0.009991194121539593,14.083950025374907,1307921.8027408784,1.8941103396170011,0.997510482400309,2.1993060954255137,2.335053732034282,3.1562767923622754,4.107846499203358,6.073815021986079,0.7359687148372113,67.64596560131987,61.5599518630062,-0.11859457317260691,-0.03145601353511429,74.55846826358213,72.50771948684817,-0.08054518170243052,-0.05454007690489382,0.30161625352295696,0.2862116490533112,-0.034526439854788205,0.017437686584969025,0.963880560019649,-0.14091630327502003,0.6881752574509956,1.348069474794313,0.7462149059271841,0.29212010638532404,1.7042166961822123,-0.5961473590567815,-0.47882474284529175,1.3066804581866804,-0.22193005047318648,0.3904203801651611,0.9513918760526808,-0.24189342635994748,-0.41355109839027415,2.8020715920265826,0.2232787464764674,0.3779113742419544,4.088207451921866,-0.24604724973940073,-0.24242539006507857,4.209787675271659,-0.12733942382494068,0.2590608661338405,-0.009962574578821659,0.03151680901646614,0.018055782731976333,0.017199114065837115,-0.02304100727429159,0.025620229227038216,0.018913771781566637,0.01882687372340043,-0.0015667625892884507,0.0030416450950818685,0.020229161347527856,0.020260830026906176,-0.003802712523641283,-0.005359818153210405,-0.0020686009108207295,-0.002080985410243601,0.008073240556663919,0.002073927728985403,0.0298740542274655,0.023341863460870544,-0.3268485412195209,-0.1384679626535893,0.0247866751396433,0.03844022935983532,-0.042431253427932636,-0.38254932812765763,0.0017159628281692258,0.0021229378559483878,0.1752392720037912,-0.05005843703217838,-0.0021398604587254825,-0.0009579265415226302,0.16528378015784861,1.6030646153622943,-0.012785911086443467,-0.008946973105461277,0.02116518522615385,0.45932340568939556,0.0010028358866740483,0.00116818947631638,-0.052824945278510116,-0.18689463045640797,0.00012117482155814115,0.00017391432141273746,-0.6405997335571088,-0.7495878269230557
2035-05-01,122,0.017988418435394022,0.01936160285913447,0.020308147861000877,-0.002082861589621341,0.027426443760239862,4.724396502718861,2.8086572868779256,5.38446836306049,1.726245705971409,0.8891433519458336,1.1530182375095759,2.1688052170633947,1.2498460089419567,62.80135496851443,73.49992741684177,0.020641641153785775,0.28397917065848094,-0.013811349639171872,0.0009915195354806903,-4.15937790491502e-05,0.0018186222811523997,-0.0017849940166953587,0.006085142493247986,14.090035167868155,1315904.9579651463,1.6271993125631807,1.7418676731860356,0.8881955748801118,1.8168351394263111,3.8610063180936898,3.0971221657227463,5.3003789166671025,0.5579427207115111,59.62352118398249,64.00329165487267,0.05329832457774475,-0.01877929486563734,68.553142889837,74.83790541864532,0.07215985027782179,-0.017878346465188488,0.29120251808647,0.2961713510817097,-0.024805236834676614,-0.04116596820961638,0.47459173127051013,0.060869244869707684,2.6373278172170154,1.2528200255169053,-0.48954598237677327,-0.2902864467073162,1.9083479629798026,0.29815805225691383,-0.39580293537810163,0.6879001695352498,0.19372703114286005,2.1527906418872593,0.5904904808632334,1.2400973478928137,1.1166234671807351,3.429799584645115,0.2236179155105491,0.3774555585899342,3.655153130050218,-0.09313965139554137,-0.23158970720350158,4.966014164422859,0.015864799048416645,0.08426359345397949,-0.009991194121539593,0.0262459684163332,0.017639759310705837,0.017979538489672844,0.01976552619267191,0.0004938917495729278,0.01888413839151694,0.018984940818972763,0.02528388945889204,0.019840042892590226,0.020152235662328852,0.020292600558016516,0.007736719701203043,0.0007661562617324869,-0.002085301223589519,-0.002085053332501966,-0.001169919213867221,-0.0010511687382092072,0.02010976318290554,0.02658992254292127,0.3638372322332428,0.03146008477340567,0.02373494544515726,0.016565763291453824,-0.13032700237373518,0.24604226141723706,0.0020166669049631676,0.0019898088321695004,-0.09820393408716399,-0.08603165703634708,-0.0024935446843539384,-0.001898865778362373,-0.2841539885386737,-0.059968304745172674,-0.013056527262873178,-0.009595807691261702,0.05781187915450281,0.4393107994180625,0.0009498611358371655,0.0007838098439184857,0.043857357746097225,0.2650001057958211,4.355026315416574e-05,5.7773857501828784e-05,-1.9550752633092094,-1.7199411783752467
2035-06-01,123,0.01982529134220384,0.01880836582222437,0.020453061037266636,-0.0020837443572073264,0.028000867921620674,2.8381668998589986,3.3879776999080304,5.685806900121231,1.3480137355625177,1.351272895990261,2.0844315619224796,0.8344219909667401,1.3245446879607683,67.05681021082042,75.29414499072793,0.006789517597222532,0.2936163774467196,-0.013967361220901616,0.0007646915398855521,0.00015143865562259375,0.0018713916403408776,-0.002438281716757806,-0.023337246850132942,14.066697921018022,1285550.926515368,1.726245705971409,0.8891433519458336,1.1530182375095759,2.1688052170633947,4.724396502718861,2.8086572868779256,5.38446836306049,1.2498460089419567,62.80135496851443,68.54488215074083,0.06776056415406106,-0.0217094536197161,73.49992741684177,75.03348693176127,0.02441114756087548,0.0034738897207817754,0.28397917065848094,0.29189371095300254,0.033936315701930564,0.005901691023395994,-4.391885338617718,-0.21910668284388235,-1.3069328162348577,-1.990984445423834,0.5197469486029291,-1.6786958577682944,-1.8360295236780586,0.8078045030967416,-2.1352930522308844,-0.3714521355036563,-0.6152619034656491,-3.2463782307654188,2.218660650974405,0.059766305996405755,-0.4029980712106438,0.8148014439558422,-0.39925302666157436,2.483261990896535,1.8285486097672083,0.2062624072138297,0.8528234260829151,4.137519299078731,0.05596439922055052,0.3742067381745495,0.006085142493247986,-0.026617178693413734,0.017988418435394022,0.01886068851835939,0.10211419716563785,0.05114356365651673,0.01936160285913447,0.01856743118914815,-0.02857392752734278,0.012976196363503112,0.020308147861000877,0.04154780373390671,0.0071357160316940504,-0.5077222091386959,-0.002082861589621341,-0.0021246146578210003,0.0004238244107934719,-0.019236570953337195,0.027426443760239862,0.023940653852275524,0.020944172215777934,0.1695949531870966,0.020641641153785775,0.048285480937214895,-0.6710766577793499,-0.859388009284802,0.0018186222811523997,2.6466298500183122e-05,0.029016118264557855,69.70847630347437,-0.0017849940166953587,0.000155911522856129,0.3659887338288723,-16.638880770908685,-0.013811349639171872,-0.009782416517886512,0.011295896911281078,0.4278027515351861,0.0009915195354806903,0.0015871428181723952,-0.22876805496844965,-0.5181961376569129,-4.15937790491502e-05,0.0002052095091919889,-4.640896765923648,-0.26202905401956045
2035-07-01,124,0.01744002183888924,0.0188938321807042,0.020109610166475486,-0.0020864219492196293,0.03019783278340882,2.3841181069345962,2.446658183832592,5.459439047334119,1.1755422054160527,0.3769775514922318,2.413838636845764,1.7895787430612191,0.3714333655839631,62.80911771542981,78.4056046993664,0.033366143830440696,0.30408418692211586,-0.01463039389870057,0.001412008537786786,7.735105139388909e-05,0.00217307061533489,-0.002192597053802862,0.012568396516144276,14.079266317534167,1301810.2027851918,1.3480137355625177,1.351272895990261,2.0844315619224796,0.8344219909667401,2.8381668998589986,3.3879776999080304,5.685806900121231,1.3245446879607683,67.05681021082042,68.08139225005539,-0.06334468463436083,-0.07744075672338047,75.29414499072793,72.63900275307476,0.04132405924818783,0.07938712988522623,0.2936163774467196,0.27957484458446336,0.035651313344385205,0.0876664793432369,1.0114104421885697,-0.12794493527507989,0.16228007580416293,0.1415824603127036,-0.7210204151871416,1.662600654485216,1.4347060585551512,0.15803208939106206,0.6824621478748527,2.363612481524728,1.1446926883936253,-0.24286288169082992,1.8362955164724732,-0.7195765692467413,-0.7977268025478343,4.6233825518920355,-0.15997959561397168,-0.4843346661939235,4.264233349316601,-0.2778411192319806,-0.4262372662545072,4.822476364408241,-0.03981279293573714,0.13208207460111399,-0.023337246850132942,0.003666391596198082,0.01982529134220384,0.01732304036409116,-0.12031447418060726,0.006752941304724258,0.01880836582222437,0.018892072171571347,0.004544060833761687,9.316125393077357e-05,0.020453061037266636,0.020245931608059216,-0.0167921500926127,-0.006733275811791506,-0.0020837443572073264,-0.0020636041593600466,0.0012849906482248485,0.011057251341584307,0.028000867921620674,0.026389576342265,0.07846059871921951,0.14430911628712262,0.006789517597222532,0.004392576686365349,3.9143614922053045,6.596029896076696,0.0018713916403408776,0.0007125420415687384,0.16120568698226134,2.0497437183504847,-0.002438281716757806,-0.000858220633282699,-0.10076139326575928,1.5548174545934246,-0.013967361220901616,-0.010206513966712467,0.047470146100807575,0.43343691552435515,0.0007646915398855521,0.0010080841718847174,0.8465073354912687,0.40068515821143214,0.00015143865562259375,2.9399332239564928e-05,-0.4892251844426122,1.6310479014823294
2035-08-01,125,0.01860249936093472,0.019002281096353747,0.020252089034378806,-0.0020850934952436253,0.028917070714130615,3.1975596496338454,3.5026179820415684,5.840686925433197,1.6058387901659106,1.034000170266702,1.739234163621566,2.344134302555436,1.5550260325541365,64.18235537251262,76.0889652685976,0.015221731096924953,0.2980767906104783,-0.0148491191588907,0.0010491038775101594,0.00012437359972343776,0.0024702004372633823,-0.001573161572375546,-0.022674769163131714,14.056591548371035,1272624.1014781196,1.1755422054160527,0.3769775514922318,2.413838636845764,1.7895787430612191,2.3841181069345962,2.446658183832592,5.459439047334119,0.3714333655839631,62.80911771542981,60.25249702036404,0.021863667362827188,0.06522316163627817,78.4056046993664,79.58833216123884,-0.029546860070164382,-0.04396834055464094,0.30408418692211586,0.28495451973874397,-0.01975570111830971,0.04605040440757113,2.795761025072202,0.3660409492465355,-0.4256165760360584,1.7523785012011865,1.7428693463939835,-0.4099447296586122,2.5892565511614722,-0.27947372410349847,-0.32828820580123996,2.725407103731888,0.3098805021262183,-0.1398957244421858,1.027995366789526,3.1865545118956753,0.5126780555544233,2.4982654759345486,0.3411917976434229,0.2799118750330989,3.955015627178497,0.43159269455239446,-0.11438580470532012,5.275938395388383,0.06983279322172176,0.10704229043660773,0.012568396516144276,-0.015278290025889874,0.01744002183888924,0.0185453887893386,0.0666557377498973,0.0030795025245817786,0.0188938321807042,0.01889987080598573,0.005739911025583355,0.005418570921425836,0.020109610166475486,0.020012633353376358,0.007085113372353957,0.011965226003705753,-0.0020864219492196293,-0.002086276846073712,-0.0006367139573569824,-0.0005672069995474871,0.03019783278340882,0.028650166943701025,-0.04241238364568589,0.009315958645339517,0.033366143830440696,-0.0013745756653661227,-0.5437971143960059,-12.073767330858862,0.00217307061533489,0.0018923800107730562,0.13673270432709894,0.3053405886771552,-0.002192597053802862,-0.002049249116799199,-0.28251222920917496,-0.23232292283100875,-0.01463039389870057,-0.010378147404489816,0.014950059561250395,0.43080634530847406,0.001412008537786786,0.0010257994309777313,-0.2570130778709395,0.02271832663254214,7.735105139388909e-05,0.00017820942634735713,0.6079109137133663,-0.3020930358587497
2035-09-01,126,0.01769635530528044,0.018968181256534617,0.02021076667152368,-0.0020839101070093523,0.02558097748099404,4.90990701794003,3.267522782958931,5.497526346626636,1.5581685366681401,0.9173429942340396,0.8434107761251174,1.610026822978311,1.1752511098504772,67.55945770829743,75.59788743395352,0.02564559338165849,0.2798058823774404,-0.015347081954407179,0.0008929972762271617,6.606596602239032e-05,0.0014920405080947347,-0.0015732415845774884,0.012897200882434845,14.06948874925347,1289143.6893993234,1.6058387901659106,1.034000170266702,1.739234163621566,2.344134302555436,3.1975596496338454,3.5026179820415684,5.840686925433197,1.5550260325541365,64.18235537251262,66.21738450451363,0.05261730137799092,0.020267686708349553,76.0889652685976,73.6964981451548,-0.006453995436927817,0.02580026645300948,0.2980767906104783,0.305860103087378,-0.06129597744130977,-0.08518345624991308,1.6500601218397004,-0.02968557852114484,-0.05568984060357007,1.7957717407006806,-0.11282123483845541,-0.4891650350416431,1.0734052703727355,-0.5150677270685029,-0.21426622413336338,1.8726754350368267,-0.31316784144016185,-0.14025314111804466,0.6239324918248559,-0.24422415750807558,0.8836190216879778,3.43301669441075,0.5355169428980839,0.4302019054943096,3.620558629559817,-0.06711985157616518,-0.09750866723122442,5.369779608027002,-0.058753462253261945,0.02378994072841878,-0.022674769163131714,-0.008187725208699703,0.01860249936093472,0.018601187174648252,-0.04871087685976139,-0.04864376993104058,0.019002281096353747,0.018826327854580965,-0.0017945129664287407,0.007534841794393454,0.020252089034378806,0.020169403189769508,-0.0020404000192266736,0.002050803455362127,-0.0020850934952436253,-0.0020859076832433782,-0.0005675468447685628,-0.0009576532317671083,0.028917070714130615,0.02903373667844764,-0.11536760642585975,-0.11892231563898747,0.015221731096924953,0.028789796126518892,0.6848013684093615,-0.10921240049922443,0.0024702004372633823,0.0026615698865875177,-0.39598403207000665,-0.43941336441564316,-0.001573161572375546,-0.0013428032503931626,5.086076557381247e-05,0.17160990198441595,-0.0148491191588907,-0.010789094393635963,0.0335348373319726,0.4224624787285003,0.0010491038775101594,0.0007692359795632318,-0.14879994691611076,0.1608885958951125,0.00012437359972343776,5.2880425668947324e-05,-0.4688103731877399,0.249346335371613
2035-10-01,127,0.01792444026536288,0.018979877704155962,0.020189611681309817,-0.0022221073489352887,0.031057565826293286,2.7351576536842437,3.0904978352301042,5.005486614485205,0.9083001872137754,1.1899833432820646,2.5930205314484924,2.1446482273092093,1.4840069333252939,66.46467381666093,73.11657270152264,0.006568309649408143,0.30129456213832645,-0.01613059223990874,0.0005927160745775601,0.00017780509513009538,0.0017183325406728471,-0.0023418156494353494,-0.002863893285393715,14.066624855968076,1285457.0011040878,1.5581685366681401,0.9173429942340396,0.8434107761251174,1.610026822978311,4.90990701794003,3.267522782958931,5.497526346626636,1.1752511098504772,67.55945770829743,58.13582659699634,-0.016204746585792074,0.1432653100024024,75.59788743395352,71.6016103103911,-0.0328225406377749,0.021158216757475534,0.2798058823774404,0.29822623432373796,0.07679852753023675,0.010288591215143361,1.0458567030578023,-0.4170719239678591,-0.13152520363626186,0.8273167475498819,0.29720655279618,0.43836486666833263,0.6969412331575247,2.07444557841863,2.720572708405689,1.8650711139220855,0.33205745190128444,0.14990158353758276,0.39975313113026967,0.2627147686881135,2.7123084668014585,3.5994162502746345,-0.4429308653523567,-0.24011076699574496,3.2098619591972093,-0.054177111985894255,-0.03718668450058771,5.205353375155086,-0.0895020234770415,-0.038396386616869393,0.012897200882434845,-0.00818511564284563,0.01769635530528044,0.02027742259464972,0.012888809935590606,-0.11603951726624684,0.018968181256534617,0.018819768862965856,0.000616635167239199,0.008507481805750228,0.02021076667152368,0.020363539957668632,-0.0010467188384133408,-0.008541161149798748,-0.0020839101070093523,-0.0021155534351842385,0.06631631636177682,0.05036692147734412,0.02558097748099404,0.024576914715608123,0.21408831423147134,0.2636885543070009,0.02564559338165849,0.021283421937099433,-0.743881549096628,-0.6913884586407213,0.0014920405080947347,0.001793274615518787,0.15166614535625222,-0.04179062938682121,-0.0015732415845774884,-0.0008584485012098357,0.4885289534628403,1.7279628843605206,-0.015347081954407179,-0.011101087606605267,0.05105272049951903,0.45306413313150196,0.0008929972762271617,0.001183415718808109,-0.33626216971037626,-0.49914804649162414,6.606596602239032e-05,0.00013290568069549195,1.6913266517564538,0.3378291597443086
2035-11-01,128,0.018022462152221124,0.01880473309145613,0.020222895033539856,-0.0020851862782047966,0.03233504159500236,4.285949936594523,2.5196127698674853,5.508885947901627,0.7270201247191622,0.7803435171118784,1.0613012521690792,2.328530513474401,0.45671495691332264,65.93460274582115,74.30792327130206,0.010086133097972945,0.28271277607283496,-0.01636652049728754,0.0010793793010752924,-1.6602432971480762e-05,0.0014674071657599385,-0.0010723512392120547,-0.00785048957914114,14.058774366388935,1275405.0423365517,0.9083001872137754,1.1899833432820646,2.5930205314484924,2.1446482273092093,2.7351576536842437,3.0904978352301042,5.005486614485205,1.4840069333252939,66.46467381666093,65.17037185140836,-0.007975230154622426,0.011726661559569918,73.11657270152264,67.08878137602727,0.016293851390474234,0.10760579857326769,0.30129456213832645,0.31909524715478443,-0.06167315444930088,-0.11401759006551837,0.954156309243188,-0.19958166369060482,-0.23804924028033125,1.0022681197354655,-0.34423996645227684,-0.2214223901306578,2.280114104441338,-0.5907085041180821,-0.5345402889698303,2.683212060158693,0.0857400686153087,-0.1321854325085714,1.0546936207132158,-0.6922420329331367,-0.5669690723980314,3.513719280403776,0.5669846053741618,0.21977585417751633,2.8425340575049804,-0.18472268734662078,-0.11360331348885844,4.984316572649892,0.10056950945781207,0.10524399235196458,-0.002863893285393715,0.007919911295175552,0.01792444026536288,0.017518598354008243,0.0054686163365258444,0.028761650220583856,0.018979877704155962,0.018914952471732124,-0.009227910497098701,-0.005827103210579665,0.020189611681309817,0.02031826462404495,0.0016485385036331124,-0.004693786219923113,-0.0022221073489352887,-0.002089190954767889,-0.06161766702949667,-0.0019168552084496415,0.031057565826293286,0.03241252041879326,0.04113251424319819,-0.002390397994040949,0.006568309649408143,0.03187548565200635,0.535575153476783,-0.6835771160293493,0.0017183325406728471,0.0017547758224016451,-0.14602841357741725,-0.163763742908427,-0.0023418156494353494,-0.0017285515893516409,-0.5420855439792553,-0.3796243943090638,-0.01613059223990874,-0.011444632563261963,0.014626137333946687,0.4300608085772162,0.0005927160745775601,0.0008888158821958414,0.8210731029094938,0.21440145557329537,0.00017780509513009538,6.553185251500158e-05,-1.0933743375538996,-1.2533490559828158
2035-12-01,129,0.01769475319078916,0.018843705202846766,0.020090371589212487,-0.002085720424612533,0.026108372878855205,4.323798210695079,3.5930227984728202,4.7419654677847705,1.2161216408158289,0.9391547753432195,1.1676312894441234,1.9263608601421327,0.4475638359131261,63.81513533485352,77.36782281851848,0.03424800396168594,0.29451673068993334,-0.01683081141424045,0.001211415822659827,9.742206489779961e-05,0.002167194803754215,-0.0013359111454059893,0.01227929163724184,14.071053658026177,1291162.6610093082,0.7270201247191622,0.7803435171118784,1.0613012521690792,2.328530513474401,4.285949936594523,2.5196127698674853,5.508885947901627,0.45671495691332264,65.93460274582115,71.54104161281599,-0.03214499401988069,-0.10799264455465285,74.30792327130206,71.88532917522579,0.04117864438284147,0.07626721204724118,0.28271277607283496,0.3074951131053048,0.04175246262679444,-0.04220679244072045,1.134432452981926,0.6727482492807193,0.07200886013017138,-0.004652485753299684,0.20351454807892266,-202.8608600095427,2.5338212144062093,0.10018836504501216,-0.5391816585931644,1.1482460095897995,-0.17271392880834135,0.6776551749831969,1.3862499385714988,-0.020036832299173635,-0.6771405909858281,3.1126664652227483,0.008830778394632643,0.389097823041461,3.152439446376796,0.42602182424317103,0.13975949723710035,5.431822230016419,-0.13921516752565588,-0.12700282391781492,-0.00785048957914114,-0.00012787200103048235,0.018022462152221124,0.01880359868103123,-0.018183362443159656,-0.05896985513526487,0.01880473309145613,0.018958111579609152,0.0020724628848012294,-0.00603469265817802,0.020222895033539856,0.020338045314892923,-0.0065531391083016866,-0.012177852976808512,-0.0020851862782047966,-0.0020859021286452214,0.00025616244137016686,-8.711052651655393e-05,0.03233504159500236,0.0230034734789467,-0.19256720910201452,0.13497524201074151,0.010086133097972945,0.00848735839370659,2.395553442435626,3.0351782466357218,0.0014674071657599385,0.0016774983806563133,0.476887161466103,0.2919206532445715,-0.0010723512392120547,-0.001657622181725831,0.24577759278535805,-0.19407983306840937,-0.01636652049728754,-0.011871667916340358,0.028368333820854463,0.41772929742030973,0.0010793793010752924,0.0008143316524061732,0.12232634204954462,0.48761971744602617,-1.6602432971480762e-05,0.0001358404321437715,-6.867939058398775,-0.2828198249937137
2036-01-01,130,0.016568836318019232,0.018893708498647115,0.020433164716748962,-0.0020879472998377477,0.022620806941514537,2.8784652895029974,3.0586904398472012,5.391813544605821,2.15742789713484,1.5113809504722062,1.514003522525088,2.1329921604492,0.9175061582508889,66.24327876359418,67.99658596823365,0.018233597373297487,0.2876841535561712,-0.01745392340353665,0.0008616091620674318,0.00017728056853728356,0.0021950038665826442,-0.0018442167171484644,-0.008780371397733688,14.062273286628443,1279875.3990027895,1.2161216408158289,0.9391547753432195,1.1676312894441234,1.9263608601421327,4.323798210695079,3.5930227984728202,4.7419654677847705,0.4475638359131261,63.81513533485352,61.68943503405291,0.03804964787741327,0.07381885937239518,77.36782281851848,71.60181763110715,-0.12112576661575347,-0.05035111931721725,0.29451673068993334,0.30714934837899477,-0.023199283510163093,-0.06337371355515709,1.3984558083834098,0.7740231114442966,0.5427215391445144,1.2611016556963035,0.6092991167721673,0.19846084068275505,1.2777933027598505,0.29664521344393124,0.1848579259689791,1.8319392420980387,0.10726510519520271,0.1643356457643097,1.1726732396678945,1.050000658294877,-0.21759435858642928,3.096245093477587,-0.33427390705167415,-0.07033674576775428,3.8512044877621077,-0.14871387925863755,-0.2057834244931065,5.5412810790295985,0.13704192517551794,-0.026973461965216328,0.01227929163724184,0.011237245053052902,0.01769475319078916,0.018168214974422305,-0.06362998458526181,-0.08803168933517802,0.018843705202846766,0.01856743118914815,0.0026535808781806836,0.017572560586068597,0.020090371589212487,0.020318051934723587,0.01706255785336186,0.005665542267300205,-0.002085720424612533,-0.0020851699870047145,0.0010676767599993031,0.0013319359334451608,0.026108372878855205,0.022886238875171612,-0.1335803634153394,-0.01159788356246827,0.03424800396168594,0.02644712229779044,-0.4676011660797561,-0.3105640315800696,0.002167194803754215,0.0015779377337278243,0.01283182424591267,0.3910586074882829,-0.0013359111454059893,-0.0018770979223793238,0.38049354816034486,-0.017517043111518027,-0.01683081141424045,-0.012019970998527236,0.03702210035869058,0.4520769979956871,0.001211415822659827,0.0008615229040287337,-0.2887585369525283,0.0001001227457735343,9.742206489779961e-05,0.00017687267509099172,0.8197168036138356,0.00230614166988774
2036-02-01,131,0.015515660591826168,0.01898791601741749,0.020486136352981982,-0.0020867999238142762,0.027291580825776183,3.6225338506724105,2.7383742926395125,5.316103762875945,0.3054304412141333,0.7064792519314859,2.2739091732459853,1.5899270670007546,1.1503115987865165,64.54924082928547,71.57476440336173,0.03471800164631072,0.2885893552806556,-0.01763538105873116,0.0008077071088058422,0.00012074538216183956,0.0015355340203596973,-0.0011835656593633523,-0.00736959557980299,14.05490369104864,1270477.9053157556,2.15742789713484,1.5113809504722062,1.514003522525088,2.1329921604492,2.8784652895029974,3.0586904398472012,5.391813544605821,0.9175061582508889,66.24327876359418,62.1142280465429,-0.025572978359877263,0.039202174112475285,67.99658596823365,76.34537333256505,0.052622913109192204,-0.062487204148210296,0.2876841535561712,0.2730172126699884,0.0031465122888933994,0.05703721922284122,0.3102900982510616,-0.8584284361856271,-0.015661656831202575,1.382009534652623,-0.5325604363937775,-0.4888029103872543,1.967242992525415,0.5019180202787838,0.15588627428627566,2.1838047162155965,-0.2546024798019314,-0.27194631681352743,0.9693649919018801,0.2537371966848072,0.18666509353677174,3.2526623218617945,0.25849488749537275,0.11371347290637446,4.264865706162923,-0.10472329694916438,-0.35792250417582006,4.7520778890711375,-0.014041617185671984,0.11869036808128874,-0.008780371397733688,0.010797473601996899,0.016568836318019232,0.017867391307289853,-0.06356365081883852,-0.1316213808170298,0.018893708498647115,0.01855305963199035,0.004986184622099099,0.023438526801117687,0.020433164716748962,0.01990626759198624,0.0025924342590748495,0.029129959110425263,-0.0020879472998377477,-0.0020542242896662865,-0.0005495234595052079,0.015857876041998287,0.022620806941514537,0.028161881468164944,0.20648131149069093,-0.030903497813971503,0.018233597373297487,0.03827799210278557,0.9040675811540133,-0.09300358406771769,0.0021950038665826442,0.0007313262227247525,-0.30044131414203923,1.0996567231496943,-0.0018442167171484644,-0.0011894991534980883,-0.35822853769952456,-0.00498822896786999,-0.01745392340353665,-0.012370450469602876,0.01039638200530546,0.4256054055642893,0.0008616091620674318,0.0010670236759399813,-0.06255974940221332,-0.24302794116137805,0.00017728056853728356,0.00020382046351446169,-0.31890233002921686,-0.4075895026444569
2036-03-01,132,0.017885495953465454,0.01895278000032255,0.02042004271753017,-0.002082924171265772,0.02494396179614894,4.277765104746574,1.8905853640696375,5.227502883378517,0.12512730934223737,-0.0627134042898756,1.857685055484003,1.9713153940657462,1.6457083369492933,66.56067499981295,70.05032030252738,0.020521960033743333,0.30183232100065893,-0.01852900119462846,0.0007815626676665503,3.279273988013708e-05,0.001927696053116098,-0.0010875365407742104,0.0013159792870283127,14.056219670335668,1272150.9285142708,0.3054304412141333,0.7064792519314859,2.2739091732459853,1.5899270670007546,3.6225338506724105,2.7383742926395125,5.316103762875945,1.1503115987865165,64.54924082928547,67.64596560131987,0.031161236672746506,-0.01604368555995228,71.57476440336173,74.55846826358213,-0.02129862547983108,-0.060464600011863934,0.2885893552806556,0.30161625352295696,0.045888614661911076,0.0007163654981396927,1.8941103396170011,-0.590324694405584,-0.9339387433112588,0.997510482400309,-1.088768925794239,-1.062869920062362,2.1993060954255137,-0.18304342260417816,-0.1553312841045963,2.335053732034282,0.23987787552069562,-0.1557730055537735,0.7359687148372113,0.4306630817992094,1.2361118125969623,3.1562767923622754,0.18087650276961242,0.3553200134722452,4.107846499203358,-0.3095957082450892,-0.5397624121455653,6.073815021986079,-0.016666506796980785,-0.13933781907155052,-0.00736959557980299,-0.009962574578821659,0.015515660591826168,0.018055782731976333,0.15273828320836969,-0.009431149069450528,0.01898791601741749,0.018913771781566637,-0.0018504409363677699,0.0020624241006190758,0.020486136352981982,0.020229161347527856,-0.0032262616197119565,0.009435950740767751,-0.0020867999238142762,-0.0020686009108207295,-0.001857270792602006,0.006924129429760173,0.027291580825776183,0.0298740542274655,-0.08601989912617958,-0.16502923887658838,0.03471800164631072,0.0247866751396433,-0.40889570077187654,-0.17205676363906797,0.0015355340203596973,0.0017159628281692258,0.255391302020477,0.12339033309525238,-0.0011835656593633523,-0.0021398604587254825,-0.08113543835058257,-0.4917722151742756,-0.01763538105873116,-0.012785911086443467,0.050672006061069697,0.4491733181434543,0.0008077071088058422,0.0010028358866740483,-0.0323687149144265,-0.22064748773736143,0.00012074538216183956,0.00012117482155814115,-0.7284141282009133,-0.7293766191815457
2036-04-01,133,0.018505741200720464,0.018945448785620003,0.020409720656883346,-0.002086811682509522,0.030043227874070374,2.991037377255595,3.313003661472061,5.259271482729887,1.2223493893823103,2.1708001766682887,1.6242614324621507,2.4024506786232784,1.2302017133218033,63.279046058755384,74.25311516227272,0.00405950416781756,0.2773241705438534,-0.019006596419383095,0.0007835857733099056,8.816577677827604e-05,0.0018701338223940504,-0.0010472399015659254,0.012235189788043499,14.068454860123712,1287811.546514845,0.12512730934223737,-0.0627134042898756,1.857685055484003,1.9713153940657462,4.277765104746574,1.8905853640696375,5.227502883378517,1.6457083369492933,66.56067499981295,59.62352118398249,-0.049302819436052636,0.06131011389771679,70.05032030252738,68.553142889837,0.059996797182292116,0.08314676807152965,0.30183232100065893,0.29120251808647,-0.08119789946800304,-0.04765874839892548,1.6271993125631807,8.768845792400493,-0.24880168031975547,1.7418676731860356,-35.6146123185142,0.24624861583067115,0.8881955748801118,-0.12565295841336022,0.828720473732818,1.8168351394263111,0.21870436656426429,0.32232728577777436,0.5579427207115111,-0.2524788957426861,1.2048889028483076,3.8610063180936898,-0.30079438584957263,-0.22532181228535986,3.0971221657227463,0.7523692526321866,0.0697039006528617,5.3003789166671025,0.006077203601815739,-0.007755565136664533,0.0013159792870283127,-0.009991194121539593,0.017885495953465454,0.017639759310705837,0.034678671973579434,0.04909261372342244,0.01895278000032255,0.01888413839151694,-0.0003868147418173429,0.0032466609189121254,0.02042004271753017,0.020152235662328852,-0.0005054867313261102,0.012776994020361476,-0.002082924171265772,-0.002085301223589519,0.001866371948330503,0.0007243360829198853,0.02494396179614894,0.02010976318290554,0.20442887619835526,0.4939622908940495,0.020521960033743333,0.02373494544515726,-0.8021873075893968,-0.8289650938024027,0.001927696053116098,0.0020166669049631676,-0.029860636291182296,-0.07266102409301622,-0.0010875365407742104,-0.0024935446843539384,-0.0370531358694377,-0.5800195969468827,-0.01852900119462846,-0.013056527262873178,0.02577555151181543,0.45571605961634276,0.0007815626676665503,0.0009498611358371655,0.0025885392522593254,-0.1750522852803238,3.279273988013708e-05,4.355026315416574e-05,1.688576102531738,1.0244602533439036
2036-05-01,134,0.017927033700974242,0.018957071112562493,0.02022727718820616,-0.0020882949837828933,0.022249094203889482,3.1171617216254304,4.232623732130974,4.365295241006237,1.1819697342871838,1.92459466705806,1.632729761162856,2.161280390816879,0.8740173695779734,64.33876340758104,77.2631694194863,0.029356032598688294,0.31781580262084674,-0.019395072966247682,0.0010382518634944932,0.00013367381022942428,0.001783990457788462,-0.0015910857992478939,-0.003466891823336482,14.064987968300375,1283354.5735799016,1.2223493893823103,2.1708001766682887,1.6242614324621507,2.4024506786232784,2.991037377255595,3.313003661472061,5.259271482729887,1.2302017133218033,63.279046058755384,62.80135496851443,0.01674673394794368,0.024480497910234433,74.25311516227272,73.49992741684177,0.04053775051235786,0.05120062202649489,0.2773241705438534,0.28397917065848094,0.14600830500127793,0.1191518092115933,1.726245705971409,-0.033034462524279995,-0.3152946129287807,0.8891433519458336,-0.11341693825919119,1.1645493528644253,1.1530182375095759,0.005213648819986094,0.41604851341243076,2.1688052170633947,-0.10038511506284153,-0.003469572180716418,1.2498460089419567,-0.28953328538460354,-0.3006999555746367,4.724396502718861,0.04216742503082993,-0.34019896089764623,2.8086572868779256,0.27757894787544535,0.5069918825290054,5.38446836306049,-0.16998100300759167,-0.18928017648802065,0.012235189788043499,0.006085142493247986,0.018505741200720464,0.017988418435394022,-0.031271781738938964,-0.003412458668350715,0.018945448785620003,0.01936160285913447,0.0006134627410521176,-0.02089350502203524,0.020409720656883346,0.020308147861000877,-0.008939047806891698,-0.003982178648108903,-0.002086811682509522,-0.002082861589621341,0.0007107978577096663,0.002608619885558605,0.030043227874070374,0.027426443760239862,-0.2594306345127393,-0.18877217920086264,0.00405950416781756,0.020641641153785775,6.231433048255856,0.422175319296463,0.0018701338223940504,0.0018186222811523997,-0.046062674004426096,-0.019042889621913583,-0.0010472399015659254,-0.0017849940166953587,0.519313575493793,-0.10863241872735008,-0.019006596419383095,-0.013811349639171872,0.02043903802094804,0.40428513309366987,0.0007835857733099056,0.0009915195354806903,0.325000911015606,0.047132029517852114,8.816577677827604e-05,-4.15937790491502e-05,0.51616437935543,-4.213793343265724
2036-06-01,135,0.01874394536535486,0.019737096200971423,0.020314314203704623,-0.002127300731617011,0.021397189981253537,2.9734882866009844,4.2400577382230935,5.12670349598373,1.4361150781275436,0.30846292328703895,1.5071168173933593,1.8842171756433168,0.5362535206689713,61.54370385140291,70.69092248130782,0.01489995292049545,0.26710942308300634,-0.019883782974299852,0.0012824440181895221,7.138030987498056e-05,0.001716463305538807,-0.000582137449512015,-0.014052231796085835,14.05093573650429,1265446.695145714,1.1819697342871838,1.92459466705806,1.632729761162856,2.161280390816879,3.1171617216254304,4.232623732130974,4.365295241006237,0.8740173695779734,64.33876340758104,67.05681021082042,-0.04344285479146759,-0.0822154579390939,77.2631694194863,75.29414499072793,-0.0850631288822189,-0.061136526751010556,0.31781580262084674,0.2936163774467196,-0.1595464389111354,-0.09027750629653919,1.3480137355625177,0.21501848691043546,0.06535641309935292,1.351272895990261,-0.8397257726175891,-0.7717241837660139,2.0844315619224796,-0.07693431378382731,-0.27696507531130476,0.8344219909667401,-0.12819401700528232,1.2581106395102446,1.3245446879607683,-0.3864498128590902,-0.5951412394438937,2.8381668998589986,-0.046091107185009306,0.0476791504927736,3.3879776999080304,0.0017563588361719784,0.2515010763908492,5.685806900121231,0.17442308319150057,-0.09833316782629054,-0.003466891823336482,-0.023337246850132942,0.017927033700974242,0.01982529134220384,0.04556870244162159,-0.054543762216851976,0.018957071112562493,0.01880836582222437,0.04114691999504205,0.049378579060262995,0.02022727718820616,0.020453061037266636,0.004302952626229484,-0.006783670830943556,-0.0020882949837828933,-0.0020837443572073264,0.018678274926207772,0.020902935745946927,0.022249094203889482,0.028000867921620674,-0.03828938898946366,-0.23583833039932856,0.029356032598688294,0.006789517597222532,-0.4924398291763302,1.1945525152760115,0.001783990457788462,0.0018713916403408776,-0.03785174520124146,-0.08278776684812483,-0.0015910857992478939,-0.002438281716757806,-0.6341256707921148,-0.7612509475377252,-0.019395072966247682,-0.013967361220901616,0.02519763699278932,0.42358908456842514,0.0010382518634944932,0.0007646915398855521,0.2351954889569281,0.6770736320444446,0.00013367381022942428,0.00015143865562259375,-0.4660112571604671,-0.5286519839896741
2036-07-01,136,0.015471031065073537,0.01889483307188644,0.02044831126229238,-0.0020873659497123607,0.02637091061417008,2.5962054255625953,3.090414827669492,5.377167731282352,1.2890738275362972,1.4308555638562985,1.655316026965052,2.1684632325986706,1.4299175756140652,64.85308924907571,64.20415403204805,0.027840280023104683,0.28358264335470834,-0.02069088242356981,0.0006059272442014464,7.601746999223437e-05,0.0008821913733576271,-0.0012390239033191535,0.003635436063632369,14.054571172567922,1270055.5181625532,1.4361150781275436,0.30846292328703895,1.5071168173933593,1.8842171756433168,2.9734882866009844,4.2400577382230935,5.12670349598373,0.5362535206689713,61.54370385140291,62.80911771542981,0.05377293192595789,0.032542592667939685,70.69092248130782,78.4056046993664,-0.09176239638087913,-0.1811280038177311,0.26710942308300634,0.30408418692211586,0.0616721794445374,-0.06742061721433257,1.1755422054160527,-0.10238820887735811,0.09657809102656834,0.3769775514922318,3.6386630477622157,2.7955988577897686,2.413838636845764,0.09833292805265836,-0.31423915348040676,1.7895787430612191,0.1508563135023464,0.2117171379055045,0.3714333655839631,1.6664954550419666,2.8497283984328274,2.3841181069345962,-0.12688224222657485,0.08895839430567998,2.446658183832592,-0.27113850365523307,0.26311670673525844,5.459439047334119,0.048854831471107474,-0.015069554827604636,-0.014052231796085835,0.012568396516144276,0.01874394536535486,0.01744002183888924,-0.17461181392103142,-0.11290070574482192,0.019737096200971423,0.0188938321807042,-0.042674115812615154,5.297449308683255e-05,0.020314314203704623,0.020109610166475486,0.0065961891326520306,0.016842747970397642,-0.002127300731617011,-0.0020864219492196293,-0.018772513594866647,0.0004524494640618659,0.021397189981253537,0.03019783278340882,0.2324473745045077,-0.1267283714260884,0.01489995292049545,0.033366143830440696,0.8684810731723402,-0.16561289897379872,0.001716463305538807,0.00217307061533489,-0.486041227615581,-0.5940346498028213,-0.000582137449512015,-0.002192597053802862,1.1284043903339032,-0.4349057884711748,-0.019883782974299852,-0.01463039389870057,0.040590839797092215,0.4142396005761344,0.0012824440181895221,0.001412008537786786,-0.5275214858447714,-0.5708756512540707,7.138030987498056e-05,7.735105139388909e-05,0.06496413542299817,-0.017240637038840267
2036-08-01,137,0.02027821271556992,0.018933980956765753,0.020733984511976028,-0.0020859377027181393,0.02476832467674879,2.7663321862419594,3.0174149774974532,5.401228955896038,0.877620121075548,0.620655638028238,-0.2131998939022164,2.4067815189931356,0.6248416093701825,62.167085332601864,71.34905017978296,0.021789426867938264,0.2963536255452929,-0.021099403222715186,0.0012793197754170963,8.652108475716718e-05,0.0009918742503624805,-0.001283277799092167,0.01076479721814394,14.065335969786066,1283801.2605975398,1.2890738275362972,1.4308555638562985,1.655316026965052,2.1684632325986706,2.5962054255625953,3.090414827669492,5.377167731282352,1.4299175756140652,64.85308924907571,64.18235537251262,-0.041416745872474015,-0.03139912875141748,64.20415403204805,76.0889652685976,0.11128401667232435,-0.062294382267948034,0.28358264335470834,0.2980767906104783,0.045034428198803544,-0.005780943432919794,1.6058387901659106,-0.31918552504252407,-0.45348180250093795,1.034000170266702,-0.5662345985813487,-0.3997528667058625,1.739234163621566,-1.1287970939864027,-1.1225826276654292,2.344134302555436,0.1099019263097516,0.026725096923587266,1.5550260325541365,-0.5630226384889003,-0.5981793254329784,3.1975596496338454,0.06552900591157873,-0.13486142891541242,3.5026179820415684,-0.023621375848461246,-0.13852581327219282,5.840686925433197,0.004474702262625474,-0.07524080217748785,0.003635436063632369,-0.022674769163131714,0.015471031065073537,0.01860249936093472,0.3107214787609589,0.09008001140718758,0.01889483307188644,0.019002281096353747,0.002071883076731673,-0.003594312663920074,0.02044831126229238,0.020252089034378806,0.013970505731221161,0.023794852806502176,-0.0020873659497123607,-0.0020850934952436253,-0.0006842341154498222,0.00040487751577544806,0.02637091061417008,0.028917070714130615,-0.06077097453586455,-0.14347048075497149,0.027840280023104683,0.015221731096924953,-0.21734167724407982,0.4314683874779588,0.0008821913733576271,0.0024702004372633823,0.12433002670089555,-0.598464061701272,-0.0012390239033191535,-0.001573161572375546,0.0357167409397543,-0.18426827757154107,-0.02069088242356981,-0.0148491191588907,0.01974400080104921,0.4209195169723059,0.0006059272442014464,0.0010491038775101594,1.111342224103351,0.21944051760947536,7.601746999223437e-05,0.00012437359972343776,0.1381736956781885,-0.3043452553471234
2036-09-01,138,0.018125153566705052,0.01884481958339835,0.020315055021518105,-0.002087985242784203,0.028666414335964306,2.4443494198985665,3.558199354890194,4.786654430446223,2.1107991889839184,1.1774621552922757,1.178509581625267,1.0655840414875046,1.581489097640147,61.1387951160809,76.16790414345365,0.006887482161365003,0.2992351314048634,-0.021766305882601884,0.0009064170534711382,0.00019733948687805547,0.002420546406386887,-0.002458829841335589,0.017673205584287643,14.083009175370353,1306691.8232106683,0.877620121075548,0.620655638028238,-0.2131998939022164,2.4067815189931356,2.7663321862419594,3.0174149774974532,5.401228955896038,0.6248416093701825,62.167085332601864,67.55945770829743,-0.016540749996875048,-0.09503721329349812,71.34905017978296,75.59788743395352,0.06753914665336547,0.00754011426573431,0.2963536255452929,0.2798058823774404,0.009723200970693568,0.06943831510023135,1.5581685366681401,1.4051399213558082,0.3546668022815287,0.9173429942340396,0.897126334069819,0.28355714568401935,0.8434107761251174,-6.5277212387628465,0.3973138771592346,1.610026822978311,-0.5572576766613673,-0.3381575845324539,1.1752511098504772,1.5310239809961281,0.34566058639277,4.90990701794003,-0.11639338469354399,-0.5021597331747227,3.267522782958931,0.17922108209366994,0.088959309923476,5.497526346626636,-0.11378420179336013,-0.1293075960639306,0.01076479721814394,0.012897200882434845,0.02027821271556992,0.01769635530528044,-0.1061759820288164,0.024230879976548714,0.018933980956765753,0.018968181256534617,-0.00470906639079216,-0.006503611045669877,0.020733984511976028,0.02021076667152368,-0.020204967849568267,0.005160039284475282,-0.0020859377027181393,-0.0020839101070093523,0.000981592146014565,0.0019555237825008565,0.02476832467674879,0.02558097748099404,0.15738204784092003,0.12061450182123257,0.021789426867938264,0.02564559338165849,-0.6839071443636964,-0.7314360381970779,0.0009918742503624805,0.0014920405080947347,1.4403762931664956,0.6223060923981281,-0.001283277799092167,-0.0015732415845774884,0.9160542191839103,0.562906717849017,-0.021099403222715186,-0.015347081954407179,0.031607655100345466,0.4182699973366151,0.0012793197754170963,0.0008929972762271617,-0.291485154151065,0.01502779191071446,8.652108475716718e-05,6.606596602239032e-05,1.2808253899256434,1.9870067564163887
2036-10-01,139,0.0182033433909226,0.018890316988094263,0.02025948295024331,-0.0020652414625729203,0.023368926843255308,3.2577374568878583,2.8365406513597224,6.005781652348654,0.04447655056725108,1.1978418657044738,1.4931861721793909,2.6562939920160247,0.8620641197922999,65.87022752719001,74.77317587180737,0.02266475541492955,0.2903104106435749,-0.022895246336610546,0.0010112618133338517,-3.911185898254645e-05,0.0015292264682161185,-0.0012184914464050366,0.008729119785130024,14.091738295155483,1318148.021175474,2.1107991889839184,1.1774621552922757,1.178509581625267,1.0655840414875046,2.4443494198985665,3.558199354890194,4.786654430446223,1.581489097640147,61.1387951160809,66.46467381666093,0.07738838166708706,-0.008943793075862683,76.16790414345365,73.11657270152264,-0.01831123341689267,0.022657013438626805,0.2992351314048634,0.30129456213832645,-0.029825110171350255,-0.03645652087709661,0.9083001872137754,-0.9789290469698063,-0.9510332033469204,1.1899833432820646,0.01730816597425111,0.006603892791251065,2.5930205314484924,0.2670123310496615,-0.4241518128877757,2.1446482273092093,1.4928057183626406,0.2385686184763054,1.4840069333252939,-0.45490353295596697,-0.4190969729092663,2.7351576536842437,0.33276258720123786,0.1910602127448493,3.0904978352301042,-0.20281570298714802,-0.08217355177389185,5.005486614485205,0.2546929676284948,0.19983971887343177,0.017673205584287643,-0.002863893285393715,0.018125153566705052,0.01792444026536288,0.0043138847861228236,0.01555993500665509,0.01884481958339835,0.018979877704155962,0.0024143189322967107,-0.004718719343596578,0.020315055021518105,0.020189611681309817,-0.002735511728416795,0.0034607534823551944,-0.002087985242784203,-0.0022221073489352887,-0.010892692029257467,-0.0705932980409475,0.028666414335964306,0.031057565826293286,-0.18479770195963707,-0.24756090113568363,0.006887482161365003,0.006568309649408143,2.2907171131515076,2.450622249054873,0.002420546406386887,0.0017183325406728471,-0.36823088201032594,-0.11005208129427635,-0.002458829841335589,-0.0023418156494353494,-0.5044425498987861,-0.4796808849155846,-0.021766305882601884,-0.01613059223990874,0.051866424192404725,0.41936799319527496,0.0009064170534711382,0.0005927160745775601,0.11566944759171172,0.706148789797201,0.00019733948687805547,0.00017780509513009538,-1.1981958076475356,-1.2199704061007324
2036-11-01,140,0.017837183484551777,0.0187765197952071,0.020199485439620718,-0.002086241817207153,0.021334981679001656,2.729192730393623,3.4811410805597682,4.884012093749756,0.547137819899542,0.8221611270548553,0.6237386919595825,1.890011449320466,1.5760109657449393,65.70296136507707,74.35748237804069,0.04161800665493883,0.2910552696727932,-0.023293270465513317,0.0008387464605460942,0.0002263535939607883,0.0018071746816743593,-0.0007479782094700196,-0.0056088571436703205,14.086129438011813,1310775.41251294,0.04447655056725108,1.1978418657044738,1.4931861721793909,2.6562939920160247,3.2577374568878583,2.8365406513597224,6.005781652348654,0.8620641197922999,65.87022752719001,65.93460274582115,-0.00253932874368612,-0.003513199004732903,74.77317587180737,74.30792327130206,-0.005559393310769045,0.0006669424276288805,0.2903104106435749,0.28271277607283496,0.0025657330977799653,0.029508725130303226,0.7270201247191622,11.30171433983484,-0.24742410657353708,0.7803435171118784,-0.31363133098430607,0.05358871961639111,1.0613012521690792,-0.5822766754870223,-0.4122887439501365,2.328530513474401,-0.28847806191587244,-0.18832437952450132,0.45671495691332264,0.8281829965555845,2.450754002882462,4.285949936594523,-0.16224288589515679,-0.36322337620160094,2.5196127698674853,0.22724878943337212,0.3816174938432515,5.508885947901627,-0.18678160871203386,-0.11343016719921195,0.008729119785130024,-0.00785048957914114,0.0182033433909226,0.018022462152221124,-0.020114980995931453,-0.010280430393164286,0.018890316988094263,0.01880473309145613,-0.0060241018167606075,-0.001500329524052102,0.02025948295024331,0.020222895033539856,-0.0029614532004564875,-0.001157578768040568,-0.0020652414625729203,-0.0020851862782047966,0.010168474250981774,0.0005062084924447596,0.023368926843255308,0.03233504159500236,-0.08703631013508373,-0.340190065433559,0.02266475541492955,0.010086133097972945,0.8362433608052326,3.1262599105799023,0.0015292264682161185,0.0014674071657599385,0.18175739122700008,0.23154276729898782,-0.0012184914464050366,-0.0010723512392120547,-0.3861440622527066,-0.3024876718381738,-0.022895246336610546,-0.01636652049728754,0.017384575079513853,0.4232267921195445,0.0010112618133338517,0.0010793793010752924,-0.17059415327769756,-0.22293631190581142,-3.911185898254645e-05,-1.6602432971480762e-05,-6.787339181750423,-14.633760446412447
2036-12-01,141,0.018065963672194447,0.0178093816960763,0.020197974450141272,-0.002030926201819558,0.039782169947331976,3.2501892101729135,3.615128928431779,5.730566169286023,0.802604402448088,0.3382979621743526,1.4833965767810733,2.2224591760517036,1.269649844517828,67.74814716137787,71.93124134353751,0.026385433813785025,0.29661025757887344,-0.024059740105339057,0.0010948563761306973,0.00011295334455975519,0.0015897480088495524,-0.0017809713441242986,-0.0025734740775078535,14.083555963934305,1307406.5027276964,0.547137819899542,0.8221611270548553,0.6237386919595825,1.890011449320466,2.729192730393623,3.4811410805597682,4.884012093749756,1.5760109657449393,65.70296136507707,63.81513533485352,0.031127756706988752,0.06163133253399655,74.35748237804069,77.36782281851848,-0.03262941343505865,-0.07026928349442563,0.2910552696727932,0.29451673068993334,0.01908568057305815,0.007108346218687833,1.2161216408158289,0.46691450171631566,-0.3400295040308098,0.9391547753432195,-0.5885259579394089,-0.6397846541846952,1.1676312894441234,1.378234019955901,0.2704323618179818,1.9263608601421327,0.17589720255438968,0.15370864412585905,0.4475638359131261,-0.19439022182329957,1.8368016864621564,4.323798210695079,0.1908976504213935,-0.24830229076522425,3.5930227984728202,0.03848963451101084,0.006152515917337009,4.7419654677847705,0.17333169109462943,0.20847910180229157,-0.0056088571436703205,0.01227929163724184,0.017837183484551777,0.01769475319078916,0.012826026476703056,0.020978562255308475,0.0187765197952071,0.018843705202846766,-0.05150784648482476,-0.05488960348489258,0.020199485439620718,0.020090371589212487,-7.480336486598294e-05,0.00535594179783927,-0.002086241817207153,-0.002085720424612533,-0.02651447925708139,-0.026271125384963456,0.021334981679001656,0.026108372878855205,0.864645142230726,0.5237322575376187,0.04161800665493883,0.03424800396168594,-0.366009188461364,-0.22957747133809492,0.0018071746816743593,0.002167194803754215,-0.12031303616059941,-0.26644895692088033,-0.0007479782094700196,-0.0013359111454059893,1.3810470967947142,0.3331510484427118,-0.023293270465513317,-0.01683081141424045,0.03290519641544254,0.4295056556205159,0.0008387464605460942,0.001211415822659827,0.3053484308212211,-0.09621753682662626,0.0002263535939607883,9.742206489779961e-05,-0.500987183003057,0.15942260799182018
2037-01-01,142,0.0174323841460707,0.018861940314519925,0.020189611681309817,-0.002083687930134769,0.03100140321875422,2.2544550025241534,3.942679309515592,5.553002513859532,0.031733654940167,0.5787306590893485,1.2619630631587702,2.705000150077211,0.9059084309187259,63.513220690042935,68.2814425948822,0.020404511369581064,0.2882299361281768,-0.024541387480661637,0.0011124341842361036,-1.1482300052519977e-05,0.0012582983298468806,-0.0016553989501036665,0.016268812119960785,14.099824776054266,1328850.4139979372,0.802604402448088,0.3382979621743526,1.4833965767810733,2.2224591760517036,3.2501892101729135,3.615128928431779,5.730566169286023,1.269649844517828,67.74814716137787,66.24327876359418,-0.06250984932838433,-0.04121260487866463,71.93124134353751,67.99658596823365,-0.050740105140465785,0.00418927836732319,0.29661025757887344,0.2876841535561712,-0.02825364678586062,0.0018971589684693146,2.15742789713484,-0.9604616485489319,-0.9852909777507232,1.5113809504722062,0.710712814731888,-0.6170848528238142,1.514003522525088,-0.14927465594049527,-0.166472835509629,2.1329921604492,0.21712028694392616,0.26817163242997966,0.9175061582508889,-0.28648955077629246,-0.012640489906108776,2.8784652895029974,-0.30636192026364706,-0.21678576054206544,3.0586904398472012,0.09060544936799864,0.2890089360309869,5.391813544605821,-0.030985359941950397,0.029895130445482643,-0.0025734740775078535,-0.008780371397733688,0.018065963672194447,0.016568836318019232,-0.035070342087474615,0.05211879769204586,0.0178093816960763,0.018893708498647115,0.05910135659990501,-0.0016814160189602134,0.020197974450141272,0.020433164716748962,-0.00041403997475575327,-0.011919496505575888,-0.002030926201819558,-0.0020879472998377477,0.02597914600143536,-0.002039979506815004,0.039782169947331976,0.022620806941514537,-0.22072116076631076,0.37048175597393507,0.026385433813785025,0.018233597373297487,-0.2266751604849202,0.1190612006966223,0.0015897480088495524,0.0021950038665826442,-0.2084919604601555,-0.42674436751407685,-0.0017809713441242986,-0.0018442167171484644,-0.0705078127365244,-0.10238371948864489,-0.024059740105339057,-0.01745392340353665,0.02001881039503406,0.4060671009756389,0.0010948563761306973,0.0008616091620674318,0.016054898604625834,0.2911122968641804,0.00011295334455975519,0.00017728056853728356,-1.101655246219341,-1.064769084097929
2037-02-01,143,0.01810785248021432,0.018913978797194413,0.02039637773084868,-0.0020815070899493655,0.03008780276208264,3.4465472407803306,3.2742485453322883,4.98673703541464,0.9919239908578676,0.4090792041417628,2.4274077762096464,1.410858390684497,0.7689774951435824,66.41039885849109,74.741262962991,0.031046601212105722,0.30996794111009257,-0.025737945541533847,0.0013337594513903774,0.00011593371398489635,0.0020530021065823193,-0.0012930948217059692,0.004451424349099398,14.104276200403365,1334778.8763484901,0.031733654940167,0.5787306590893485,1.2619630631587702,2.705000150077211,2.2544550025241534,3.942679309515592,5.553002513859532,0.9059084309187259,63.513220690042935,64.54924082928547,0.04561535593647448,0.02883315133214137,68.2814425948822,71.57476440336173,0.09460579804142832,0.044240432867992174,0.2882299361281768,0.2885893552806556,0.07541897026354949,0.0740796063272886,0.3054304412141333,30.257792168223773,2.24762648711378,0.7064792519314859,-0.2931440598197057,-0.42096076703830054,2.2739091732459853,0.9235172938688849,0.06750428063252123,1.5899270670007546,-0.47842576251087243,-0.11262697518198339,1.1503115987865165,-0.1511531752014662,-0.3315050496276053,3.6225338506724105,0.5287718037935891,-0.048581080852954206,2.7383742926395125,-0.16953718821869612,0.19569065271068098,5.316103762875945,-0.10197464831531611,-0.061956414350182176,0.016268812119960785,-0.00736959557980299,0.0174323841460707,0.015515660591826168,0.03874790324052557,0.16706938599531806,0.018861940314519925,0.01898791601741749,0.0027589146082933613,-0.0038939091659798697,0.020189611681309817,0.020486136352981982,0.010241209826252984,-0.0043814324276054695,-0.002083687930134769,-0.0020867999238142762,-0.0010466251466276777,-0.0025363398783513347,0.03100140321875422,0.027291580825776183,-0.02946964852606737,0.10245730923968677,0.020404511369581064,0.03471800164631072,0.5215557309737802,-0.1057491865922282,0.0012582983298468806,0.0015355340203596973,0.6315702388575406,0.33699552036066627,-0.0016553989501036665,-0.0011835656593633523,-0.21886212285866724,0.09254168661967888,-0.024541387480661637,-0.01763538105873116,0.048756740498681506,0.4594493567118676,0.0011124341842361036,0.0008077071088058422,0.19895583063752698,0.651290965313255,-1.1482300052519977e-05,0.00012074538216183956,-11.096732662847703,-0.03984970763100448
2037-03-01,144,0.017582918513208673,0.018863576010036853,0.0202488996518722,-0.0020465678618243025,0.027556991675589625,3.7792070758281193,3.2298782207897663,6.265603401861505,2.254189596081617,0.46896955272828633,2.314077727112065,1.7388556753253155,0.8344457339721578,66.89683756354214,69.85528109910393,0.022979237328256553,0.302726453311864,-0.025830955210352266,0.0007847507111352452,0.00010770261772749937,0.0013139771639524202,-0.0010450492638331187,0.012240545824170113,14.116516746227536,1351217.7032030146,0.9919239908578676,0.4090792041417628,2.4274077762096464,1.410858390684497,3.4465472407803306,3.2742485453322883,4.98673703541464,0.7689774951435824,66.41039885849109,66.56067499981295,0.007324736990174774,0.005050468068872993,74.741262962991,70.05032030252738,-0.06537194676930225,-0.002784272828177392,0.30996794111009257,0.30183232100065893,-0.02336205406370262,0.0029623477970839307,0.12512730934223737,1.2725426714723134,17.015168774357267,-0.0627134042898756,0.14640281876995398,-8.477979517115713,1.857685055484003,-0.0466876847838662,0.2456781736391549,1.9713153940657462,0.23248065631993464,-0.1179211197965605,1.6457083369492933,0.08513674228704349,-0.49295648856042207,4.277765104746574,0.09651973752504595,-0.11654637800594947,1.8905853640696375,-0.013551300070294148,0.708401155627902,5.227502883378517,0.2564535401334893,0.19858439902228553,0.004451424349099398,0.0013159792870283127,0.01810785248021432,0.017885495953465454,-0.028989299950351377,-0.016917475536827542,0.018913978797194413,0.01895278000032255,-0.0026648431669510364,-0.004706644106256652,0.02039637773084868,0.02042004271753017,-0.007230601478488308,-0.00838113161786136,-0.0020815070899493655,-0.002082924171265772,-0.016785543654291857,-0.01745445654863953,0.03008780276208264,0.02494396179614894,-0.08411418761633216,0.10475600872047952,0.031046601212105722,0.020521960033743333,-0.2598469258755298,0.11973891823553062,0.0020530021065823193,0.001927696053116098,-0.3599728126242263,-0.3183691164235193,-0.0012930948217059692,-0.0010875365407742104,-0.19182317778181657,-0.03906744771154569,-0.025737945541533847,-0.01852900119462846,0.0036137176787605085,0.3940824407653791,0.0013337594513903774,0.0007815626676665503,-0.41162500455597006,0.004079063139253103,0.00011593371398489635,3.279273988013708e-05,-0.07099829699641402,2.2843433675005613
2037-04-01,145,0.01835856164983532,0.01891192726445432,0.02025948295024331,-0.002085887752101604,0.0266616864995011,1.961917658834345,2.8935423709264043,4.7121505089757,1.1423905364605689,0.9751098612269773,1.0868754536685166,1.950800969409216,1.1260816073610322,66.52792831944186,80.7414682311223,0.022992917969762768,0.3031823178098792,-0.026845843511339756,0.001092661021035275,0.00024116279904202483,0.0025776253442277505,-0.0018880346740865655,0.01324957050383091,14.129766316731367,1369239.8868737796,2.254189596081617,0.46896955272828633,2.314077727112065,1.7388556753253155,3.7792070758281193,3.2298782207897663,6.265603401861505,0.8344457339721578,66.89683756354214,63.279046058755384,-0.005514599157992683,0.051342149780036817,69.85528109910393,74.25311516227272,0.1558391428784618,0.0873815604189796,0.302726453311864,0.2773241705438534,0.001505862778188094,0.09324159237658969,1.2223493893823103,-0.4932145288726608,-0.06541407359981344,2.1708001766682887,1.0792604883497434,-0.5508062548974171,1.6242614324621507,-0.5303202477019122,-0.33084943596735716,2.4024506786232784,0.12188780074818384,-0.18799541369685047,1.2302017133218033,0.3494965118949307,-0.08463661270607803,2.991037377255595,-0.4808652663192743,-0.3440678228386138,3.313003661472061,-0.10413267215415989,-0.1266105725821257,5.259271482729887,-0.24793348593118358,-0.10402980252127947,0.012240545824170113,0.012235189788043499,0.017582918513208673,0.018505741200720464,0.044113446584192806,-0.007953183246689588,0.018863576010036853,0.018945448785620003,0.002563207230259046,-0.0017693706570374168,0.0202488996518722,0.020409720656883346,0.0005226604187418271,-0.007361085884797114,-0.0020465678618243025,-0.002086811682509522,0.019212600281063752,-0.00044274738140581693,0.027556991675589625,0.030043227874070374,-0.03248922039924984,-0.11255586079975799,0.022979237328256553,0.00405950416781756,0.0005953479356510805,4.6639720072326085,0.0013139771639524202,0.0018701338223940504,0.9616972158589869,0.378310639250407,-0.0010450492638331187,-0.0010472399015659254,0.80664657583842,0.8028673957737951,-0.025830955210352266,-0.019006596419383095,0.03928961560743027,0.41244875826174376,0.0007847507111352452,0.0007835857733099056,0.39236703520102223,0.3944370332552365,0.00010770261772749937,8.816577677827604e-05,1.2391544804620795,1.7353334576579957
2037-05-01,146,0.016338646404286665,0.01889987080598573,0.020252789688471048,-0.002087315352507828,0.026161898506208828,3.4954145817366835,2.915698740897105,5.819772477966708,1.3050947614325175,0.5371141025398567,1.2586915603531994,1.6906144645909484,0.9903299085979984,62.12361901735692,74.90066160094992,0.01104970107603444,0.27864237039950307,-0.027666735939279992,0.0010135747674289621,2.313998061170586e-05,0.0012303461424299925,-0.001231327439635592,-0.002359606558457017,14.12740671017291,1366012.8282482459,1.1423905364605689,0.9751098612269773,1.0868754536685166,1.950800969409216,1.961917658834345,2.8935423709264043,4.7121505089757,1.1260816073610322,66.52792831944186,64.33876340758104,-0.06620241172905783,-0.03442939019811975,80.7414682311223,77.2631694194863,-0.07233961380852127,-0.030577412708888252,0.3031823178098792,0.31781580262084674,-0.08094122238937673,-0.12325828954476958,1.1819697342871838,0.14242434594744613,0.10416935694177254,1.92459466705806,-0.4491758068531807,-0.7209209233854469,1.632729761162856,0.15808260836580135,-0.22908763575379465,2.161280390816879,-0.13337419290757424,-0.21777180241201255,0.8740173695779734,-0.12055227425405468,0.13307806351284235,3.1171617216254304,0.7816316428964971,0.12134527942105455,4.232623732130974,0.0076571783407501925,-0.3111367970738199,4.365295241006237,0.23505657700899207,0.33319103443395104,0.01324957050383091,-0.003466891823336482,0.01835856164983532,0.017927033700974242,-0.11002578982361477,-0.08860290682675831,0.01891192726445432,0.018957071112562493,-0.0006375055434595378,-0.0030173599200594703,0.02025948295024331,0.02022727718820616,-0.000330376732155524,0.0012612918697609832,-0.002085887752101604,-0.0020882949837828933,0.0006844090267013048,-0.0004691057933257081,0.0266616864995011,0.022249094203889482,-0.01874555059754468,0.1758635325313751,0.022992917969762768,0.029356032598688294,-0.519430239756192,-0.6235969203642262,0.0025776253442277505,0.001783990457788462,-0.5226823226326551,-0.3103404017333137,-0.0018880346740865655,-0.0015910857992478939,-0.3478258336376633,-0.22610871128531196,-0.026845843511339756,-0.019395072966247682,0.030578008383066457,0.4264826942093536,0.001092661021035275,0.0010382518634944932,-0.07237949563843715,-0.02376792850867049,0.00024116279904202483,0.00013367381022942428,-0.9040482997227383,-0.8268921894872996
2037-06-01,147,0.019049967762407805,0.018894207733199248,0.020463954570162503,-0.0018394381233679822,0.02727091957579786,4.0263478517898115,3.234595955679605,5.871577805348896,0.2629493974155407,1.4732390477683608,1.331602177610423,2.9628186394207465,0.7402242116051103,65.50725014809794,70.77323121430226,0.02301090427009764,0.2902355883087988,-0.02839085319601336,0.0008523562604302986,7.797774996008527e-05,0.0015293087350665307,-0.0009168076937313645,-0.004851470235735178,14.122555239937174,1359401.707465246,1.3050947614325175,0.5371141025398567,1.2586915603531994,1.6906144645909484,3.4954145817366835,2.915698740897105,5.819772477966708,0.9903299085979984,62.12361901735692,61.54370385140291,0.05446609814852632,0.06440214105840947,74.90066160094992,70.69092248130782,-0.055105392908776585,0.001164346568206076,0.27864237039950307,0.26710942308300634,0.0416060841453294,0.08657936870540817,1.4361150781275436,-0.7985208391098603,-0.8169022793365674,0.30846292328703895,1.7428791029724242,3.7760652465756603,1.5071168173933593,0.05792572187960343,-0.11645722332692066,1.8842171756433168,0.7525099314334882,0.572440097521757,0.5362535206689713,-0.25254785786179135,0.38036242761014893,2.9734882866009844,0.15189421959478566,0.3540822978631466,4.2400577382230935,0.10937248430692859,-0.2371339836907158,5.12670349598373,0.008901606992080868,0.14529303478320976,-0.002359606558457017,-0.014052231796085835,0.016338646404286665,0.01874394536535486,0.16594528647182094,0.01632646655162473,0.01889987080598573,0.019737096200971423,-0.0002996355289733854,-0.042705799231534836,0.020252789688471048,0.020314314203704623,0.010426459018219258,0.007366252434482412,-0.002087315352507828,-0.002127300731617011,-0.11875408708225654,-0.13531824813044535,0.026161898506208828,0.021397189981253537,0.04239069535897144,0.2745093911719436,0.01104970107603444,0.01489995292049545,1.082491111004415,0.5443608709961272,0.0012303461424299925,0.001716463305538807,0.24299063680247968,-0.10903499647697246,-0.001231327439635592,-0.000582137449512015,-0.25543144396855866,0.5748990113930852,-0.027666735939279992,-0.019883782974299852,0.0261728473616325,0.42783962351173566,0.0010135747674289621,0.0012824440181895221,-0.1590593138063322,-0.3353657170676313,2.313998061170586e-05,7.138030987498056e-05,2.369827800142518,0.09242661031676436
2037-07-01,148,0.018169994716861027,0.018945557593173273,0.02044269468213895,-0.0020842614514777927,0.03351033323214963,2.4633926134906092,3.5057147672523366,4.968205060324378,0.6956119547136079,2.006100641488196,1.1138900541355057,1.6812484422966436,0.897756198204338,66.27129358581794,70.70500685403566,0.030596309739196886,0.2870578321881532,-0.02904513437981297,0.0006733685641234429,0.00022388510630736233,0.0011409532612604426,-0.0005614257259944225,0.0038488206919282675,14.126404060629103,1364643.8825102625,0.2629493974155407,1.4732390477683608,1.331602177610423,2.9628186394207465,4.0263478517898115,3.234595955679605,5.871577805348896,0.7402242116051103,65.50725014809794,64.85308924907571,0.011663494284871678,0.021867953449302258,70.77323121430226,64.20415403204805,-0.0009639853811396204,0.10125283823134956,0.2902355883087988,0.28358264335470834,-0.010948885142454068,0.012254589323007492,1.2890738275362972,1.6454213683339525,-0.46037849822529175,1.4308555638562985,0.36169391147146523,0.4020287527006252,1.655316026965052,-0.1634963708647612,-0.327083145459678,2.1684632325986706,-0.4325510107411298,-0.22468206192186724,1.4299175756140652,0.21281658196188102,-0.37216227458508944,2.5962054255625953,-0.38818186998036697,-0.051156511254576764,3.090414827669492,0.0838184475859114,0.13438323420678944,5.377167731282352,-0.15385519445924112,-0.07605540526079968,-0.004851470235735178,0.003635436063632369,0.019049967762407805,0.015471031065073537,-0.04619288896033036,0.17445273301018105,0.018894207733199248,0.01889483307188644,0.0027177567167211425,0.002684571019698767,0.020463954570162503,0.02044831126229238,-0.001038894410689828,-0.0002746720783630696,-0.0018394381233679822,-0.0020873659497123607,0.1330968000497581,-0.0014872802897814008,0.02727091957579786,0.02637091061417008,0.22879366568515236,0.2707309854572586,0.02301090427009764,0.027840280023104683,0.32964395401689517,0.0989943245472018,0.0015293087350665307,0.0008821913733576271,-0.25394183980070784,0.29331718232288506,-0.0009168076937313645,-0.0012390239033191535,-0.3876297833960729,-0.5468806336258326,-0.02839085319601336,-0.02069088242356981,0.02304549212672069,0.4037648943733061,0.0008523562604302986,0.0006059272442014464,-0.209991648581893,0.11130266969737868,7.797774996008527e-05,7.601746999223437e-05,1.8711408885478633,1.9451796584421124
2037-08-01,149,0.019111292083446276,0.01876503191013346,0.020347457965803298,-0.002086082707507775,0.027068235121872855,4.2746476673928,3.7763141823058493,6.047310968815087,0.8131894780858462,0.5971421485895693,1.4547844559702137,1.7945305177206454,1.0084503315746527,65.01431396843974,72.52760438702259,0.013566784711161623,0.2779536216677525,-0.030127290527216497,0.0010062236091064876,4.803904239623863e-05,0.001912487319424822,-0.0012910456918825352,-0.00805517565459013,14.118348884974512,1353695.5907364003,0.6956119547136079,2.006100641488196,1.1138900541355057,1.6812484422966436,2.4633926134906092,3.5057147672523366,4.968205060324378,0.897756198204338,66.27129358581794,62.167085332601864,-0.018967180952194407,0.045799615996227505,70.70500685403566,71.34905017978296,0.02577748895137688,0.016518148514520492,0.2870578321881532,0.2963536255452929,-0.031715596996612416,-0.06208799991457581,0.877620121075548,0.16902746218708442,-0.07341518436329864,0.620655638028238,-0.7023368936532575,-0.03788492039380931,-0.2131998939022164,0.30603954184623494,-7.823570262363484,2.4067815189931356,0.06737973554298415,-0.2543857830222256,0.6248416093701825,0.1233008845739203,0.6139295406257175,2.7663321862419594,0.7352685251969056,0.5452401879471589,3.0174149774974532,0.07718808660112408,0.2515064087863057,5.401228955896038,0.21720236894172285,0.11961759410583395,0.0038488206919282675,0.01076479721814394,0.018169994716861027,0.02027821271556992,0.05180504349358794,-0.0575455366057811,0.018945557593173273,0.018933980956765753,-0.009528655050240475,-0.00892305992163378,0.02044269468213895,0.020733984511976028,-0.004658716368682203,-0.018642173960797148,-0.0020842614514777927,-0.0020859377027181393,0.0008738136133021879,6.95153980134755e-05,0.03351033323214963,0.02476832467674879,-0.1922421381383418,0.09285692412144053,0.030596309739196886,0.021789426867938264,-0.5565875484068186,-0.37736844601799635,0.0011409532612604426,0.0009918742503624805,0.676218811375362,0.9281550244155479,-0.0005614257259944225,-0.001283277799092167,1.2995841339400274,0.006053165414272366,-0.02904513437981297,-0.021099403222715186,0.03725774283749406,0.42787405924268374,0.0006733685641234429,0.0012793197754170963,0.494313311783924,-0.21346982322818486,0.00022388510630736233,8.652108475716718e-05,-0.7854299323944851,-0.44477068761832417
2037-09-01,150,0.017519874134926824,0.01898075680238387,0.020280012398091702,-0.002086131520274069,0.0289809519697999,3.526756488866955,2.9324321061042693,5.207902080483855,0.9391443156030967,1.1949899939839876,0.9270519978539031,2.2089038807528287,0.15439448469702588,57.77444171096641,72.01329865959802,0.03412227884054202,0.296201658956185,-0.030910304037116663,0.0016741704368017979,4.273580588130094e-05,0.001932546606883231,-0.0013918410862061971,-0.007098060566931963,14.11125082440758,1344120.998162425,0.8131894780858462,0.5971421485895693,1.4547844559702137,1.7945305177206454,4.2746476673928,3.7763141823058493,6.047310968815087,1.0084503315746527,65.01431396843974,61.1387951160809,-0.11135812739618878,-0.05502812737357321,72.52760438702259,76.16790414345365,-0.007091172137440593,-0.05454535648021641,0.2779536216677525,0.2992351314048634,0.06565137442333824,-0.010137420811643039,2.1107991889839184,0.1548899007076845,-0.5550764276846367,1.1774621552922757,1.0011817903099218,0.014886116392726967,1.178509581625267,-0.36275645917893673,-0.21336914666793128,1.0655840414875046,0.23090906448250714,1.0729513532027974,1.581489097640147,-0.8468992672589581,-0.902373980998409,2.4443494198985665,-0.1749597245711716,0.4428201058968506,3.558199354890194,-0.22346712573748262,-0.1758662700913327,4.786654430446223,-0.13880696604820153,0.08800460867996307,-0.00805517565459013,0.017673205584287643,0.019111292083446276,0.018125153566705052,-0.08327108086521784,-0.033394444331224515,0.01876503191013346,0.01884481958339835,0.011496111132851983,0.007213505992133662,0.020347457965803298,0.020315055021518105,-0.003314692568720301,-0.001724958332098292,-0.002086082707507775,-0.002087985242784203,2.339924784289238e-05,-0.000887804411712434,0.027068235121872855,0.028666414335964306,0.07066278386142177,0.010972339621875271,0.013566784711161623,0.006887482161365003,1.5151338041407145,3.954245694014176,0.001912487319424822,0.002420546406386887,0.010488585861286648,-0.2016072892533739,-0.0012910456918825352,-0.002458829841335589,0.0780726777970866,-0.43394168119816867,-0.030127290527216497,-0.021766305882601884,0.025990173566813324,0.42009876199634344,0.0010062236091064876,0.0009064170534711382,0.6638154995075476,0.8470200118042088,4.803904239623863e-05,0.00019733948687805547,-0.11039430118517368,-0.7834401692363312
2037-10-01,151,0.018520892480979406,0.018840662278664898,0.0202488996518722,-0.002086103321192449,0.027381980519337733,2.7770001488784413,4.076771883231924,5.48097681112807,1.9754906229669036,1.3385807041079636,0.6790235317131088,1.490980263033772,1.141005709592745,65.54743388995098,76.89744224128509,0.020255946221062943,0.2842399911307366,-0.03203247580103465,0.0008403786663663093,0.00010730043168086925,0.0015027635290547656,-0.0003714290839521631,0.0015120662283152342,14.112762890635896,1346154.9354669466,0.9391443156030967,1.1949899939839876,0.9270519978539031,2.2089038807528287,3.526756488866955,2.9324321061042693,5.207902080483855,0.15439448469702588,57.77444171096641,65.87022752719001,0.1345403252509345,-0.004900448189673945,72.01329865959802,74.77317587180737,0.06782280040765931,0.028409470972847295,0.296201658956185,0.2903104106435749,-0.04038352745086349,-0.020910099294686124,0.04447655056725108,1.103500591065484,43.41645311454289,1.1978418657044738,0.1201605961948331,0.11749367127080546,1.4931861721793909,-0.2675453660797589,-0.5452519288187386,2.6562939920160247,-0.3250135164208128,-0.43869907942600306,0.8620641197922999,6.390197336593879,0.3235740629915691,3.2577374568878583,-0.21259090111701728,-0.1475678486591946,2.8365406513597224,0.39023572779248683,0.43723372385926673,6.005781652348654,0.05243468990470035,-0.0873832702551468,-0.007098060566931963,0.008729119785130024,0.017519874134926824,0.0182033433909226,0.057136160816189774,0.01744454758872238,0.01898075680238387,0.018890316988094263,-0.007380871330766814,-0.002628580000042402,0.020280012398091702,0.02025948295024331,-0.0015341581459008546,-0.0005223873875311869,-0.002086131520274069,-0.0020652414625729203,-1.3517403550822316e-05,0.010101413804436632,0.0289809519697999,0.023368926843255308,-0.05517318589563258,0.1717260575549564,0.03412227884054202,0.02266475541492955,-0.406371821890276,-0.10627995536540824,0.001932546606883231,0.0015292264682161185,-0.22239208943147315,-0.017304787558524715,-0.0013918410862061971,-0.0012184914464050366,-0.7331382960072088,-0.6951730067141587,-0.030910304037116663,-0.022895246336610546,0.03630413219392792,0.3990884976770597,0.0016741704368017979,0.0010112618133338517,-0.4980327881241877,-0.1689801243499819,4.273580588130094e-05,-3.911185898254645e-05,1.5107852646770512,-3.743424487410628
2037-11-01,152,0.01719856419247271,0.019054927831468255,0.02027626884768738,-0.002086105395172728,0.02497160794638927,3.232522201627603,3.2098950271390256,5.489282073725325,1.551357218321472,1.347363581000315,1.7504904761009885,1.9019413845691255,0.5866146965410541,72.63586312286466,73.51570784650126,0.012783633533184659,0.30035996020316447,-0.03315348223749663,0.0005365819447667906,9.321579252086166e-05,0.00195890392990434,-0.0007651389452323245,0.002258643275126815,14.115021533911023,1349198.8555299693,1.9754906229669036,1.3385807041079636,0.6790235317131088,1.490980263033772,2.7770001488784413,4.076771883231924,5.48097681112807,1.141005709592745,65.54743388995098,65.70296136507707,0.10814197920874524,0.10551886267751431,76.89744224128509,74.35748237804069,-0.04397720257291249,-0.01132064325765847,0.2842399911307366,0.2910552696727932,0.05671253016966715,0.031968809706938606,0.547137819899542,-0.21469775645325206,1.8354048320152887,0.8221611270548553,0.006561335349746011,0.6388072078119764,0.6237386919595825,1.577952595670249,1.8064484353239676,1.890011449320466,0.2756314967571405,0.0063120968145187195,1.5760109657449393,-0.4858792628211892,-0.6277851428122667,2.729192730393623,0.16403385967881046,0.18442430453102743,3.4811410805597682,-0.21263805798367807,-0.07791871893256508,4.884012093749756,0.0015152887675775606,0.12392884545682326,0.0015120662283152342,-0.0056088571436703205,0.018520892480979406,0.017837183484551777,-0.07139657496876572,-0.035802697922132976,0.018840662278664898,0.0187765197952071,0.011372506424362383,0.014827456807635864,0.0202488996518722,0.020199485439620718,0.0013516386710252792,0.0038012556456539226,-0.002086103321192449,-0.002086241817207153,9.941886662812038e-07,-6.539128556426466e-05,0.027381980519337733,0.021334981679001656,-0.08802769292915857,0.17045368597465727,0.020255946221062943,0.04161800665493883,-0.36889477323494646,-0.6928340744626312,0.0015027635290547656,0.0018071746816743593,0.30353438317503323,0.08395937026375466,-0.0003714290839521631,-0.0007479782094700196,1.0599866254169474,0.022942828474193266,-0.03203247580103465,-0.023293270465513317,0.03499593485764119,0.42330731472773553,0.0008403786663663093,0.0008387464605460942,-0.36149980212265165,-0.3602572767729705,0.00010730043168086925,0.0002263535939607883,-0.13126358337399646,-0.5881850564431081
2037-12-01,153,0.0173903137308982,0.018870459410519572,0.020163724066132004,-0.002086148532517939,0.028524982427294593,3.609868953531034,3.3205448861614655,5.265194457356553,0.3960989597763592,1.079099595910496,1.7561382378433499,2.2597374801456813,0.5248082208054752,63.7498055189561,70.23634984844387,0.030194823325291595,0.27710083165185195,-0.03403066124420866,0.0010608070659909145,6.79528800027052e-05,0.0015982780317530978,-0.0011936797749612592,0.018783096224069595,14.133804630135092,1374780.4864710055,1.551357218321472,1.347363581000315,1.7504904761009885,1.9019413845691255,3.232522201627603,3.2098950271390256,5.489282073725325,0.5866146965410541,72.63586312286466,67.74814716137787,-0.12233705530390215,-0.05901772683019091,73.51570784650126,71.93124134353751,-0.04460758243537011,-0.023562661556179476,0.30035996020316447,0.29661025757887344,-0.07743751376042252,-0.0657746164487707,0.802604402448088,-0.7446758521516225,-0.5064829465572502,0.3382979621743526,-0.19910289165649953,2.1897904113130537,1.4833965767810733,0.003226388157758553,0.18386294355223476,2.2224591760517036,0.18812151545753997,0.016773448302525917,1.269649844517828,-0.10536128075211537,-0.5866512148435852,3.2501892101729135,0.11673446564835155,0.11066424755590942,3.615128928431779,0.03447148834678937,-0.08148645542168875,5.730566169286023,-0.04082275484464104,-0.08120867959325062,0.002258643275126815,-0.0025734740775078535,0.01719856419247271,0.018065963672194447,0.011149159678655707,-0.03739905346627859,0.019054927831468255,0.0178093816960763,-0.009680877439170454,0.059579705379499304,0.02027626884768738,0.020197974450141272,-0.005550566645214472,-0.001695733604070826,-0.002086105395172728,-0.002030926201819558,2.0678411220664827e-05,0.02719071261619721,0.02497160794638927,0.039782169947331976,0.14229658292465386,-0.2829706759319788,0.012783633533184659,0.026385433813785025,1.3619906849574295,0.14437471592816342,0.00195890392990434,0.0015897480088495524,-0.1840957551036475,0.0053656446531538116,-0.0007651389452323245,-0.0017809713441242986,0.5600823646466118,-0.3297591345872046,-0.03315348223749663,-0.024059740105339057,0.026458125889410544,0.4144234765302792,0.0005365819447667906,0.0010948563761306973,0.9769712274831812,-0.031099339495208933,9.321579252086166e-05,0.00011295334455975519,-0.2710153701960173,-0.39839869047209664
2038-01-01,154,0.018098586677231434,0.018969190448086266,0.020120636218954865,-0.002088490930165917,0.02405620452505989,3.3077532563982874,2.9725928042417817,5.7782529263068,1.3347073393296993,1.5299475599875616,0.8948194789700269,1.9382319567319808,0.3231913746711723,62.461526329627425,79.66784238917418,0.018270342756525428,0.31468393701644276,-0.03508236338748236,0.0008453595334511322,0.00012645703592638956,0.0025242177389815344,-0.001713462403792591,0.00039907460450194776,14.134203704739594,1375329.2359386266,0.3960989597763592,1.079099595910496,1.7561382378433499,2.2597374801456813,3.609868953531034,3.3205448861614655,5.265194457356553,0.5248082208054752,63.7498055189561,63.513220690042935,-0.020208362658386547,-0.01655866839989084,70.23634984844387,68.2814425948822,0.1342822137124382,0.1667568721687409,0.27710083165185195,0.2882299361281768,0.13562970973616584,0.09178089286499991,0.031733654940167,2.3696310136317607,41.05967897004792,0.5787306590893485,0.4178001416974493,1.643626246439032,1.2619630631587702,-0.49046182146291484,-0.2909305310963386,2.705000150077211,-0.1422756077812073,-0.2834632720162118,0.9059084309187259,-0.38417242364241455,-0.6432405708561425,2.2544550025241534,-0.08369159684792127,0.4672074859311144,3.942679309515592,-0.10478764595828571,-0.24604752989484135,5.553002513859532,0.09744340367778825,0.04056371519463098,0.018783096224069595,0.016268812119960785,0.0173903137308982,0.0174323841460707,0.04072801430113415,0.038216375085498466,0.018870459410519572,0.018861940314519925,0.005232042072683019,0.0056860604888979704,0.020163724066132004,0.020189611681309817,-0.0021368992670114384,-0.0034163838038947514,-0.002086148532517939,-0.002083687930134769,0.0011228335909287956,0.0023050476809343134,0.028524982427294593,0.03100140321875422,-0.1566618985173741,-0.22402852686012775,0.030194823325291595,0.020404511369581064,-0.3949180440734045,-0.10459297820957592,0.0015982780317530978,0.0012582983298468806,0.5793358156920947,1.0060566553312524,-0.0011936797749612592,-0.0016553989501036665,0.4354456192811018,0.03507520267865849,-0.03403066124420866,-0.024541387480661637,0.030904546218674556,0.4295183357145924,0.0010608070659909145,0.0011124341842361036,-0.20309775400914198,-0.240081305096147,6.79528800027052e-05,-1.1482300052519977e-05,0.8609518231067661,-12.01321471725837
2038-02-01,155,0.017949477199256606,0.018874930331940966,0.020198324154320227,-0.0020873053999827355,0.02322471783023031,3.583785358381002,2.120036685646813,5.758470659619931,1.4682031892774747,1.3231524977675786,1.8877958058152449,2.0327445159395827,0.29277781905962774,66.26716339907604,73.01097134754251,0.02816533064595412,0.27966750875183166,-0.03618281175322284,0.0009466385077403426,0.00012139385016090844,0.0010809250327238433,-0.0012007605477445135,-0.011955473572015762,14.122248231167578,1358984.4232778805,1.3347073393296993,1.5299475599875616,0.8948194789700269,1.9382319567319808,3.3077532563982874,2.9725928042417817,5.7782529263068,0.3231913746711723,62.461526329627425,66.41039885849109,0.06092769890644645,-0.002156822754825871,79.66784238917418,74.741262962991,-0.08355781758357572,-0.02315041981970878,0.31468393701644276,0.30996794111009257,-0.11127491474972051,-0.0977534394355285,0.9919239908578676,0.10001881761946252,0.480156950340213,0.4090792041417628,-0.1351648040941117,2.234465317159099,2.4274077762096464,1.1096945810658632,-0.22229967938761241,1.410858390684497,0.048762254114805614,0.4407856446552154,0.7689774951435824,-0.09410385918401609,-0.6192634753180122,3.4465472407803306,0.08345002803603241,0.03981901538352317,3.2742485453322883,-0.2868055514964587,-0.3525119867063543,4.98673703541464,-0.0034235723044946376,0.15475723278059772,0.00039907460450194776,0.004451424349099398,0.018098586677231434,0.01810785248021432,-0.008238736020333093,-0.008746221073468785,0.018969190448086266,0.018913978797194413,-0.004969116441909671,-0.002064529397655779,0.020120636218954865,0.02039637773084868,0.003861107298991584,-0.009710232823787468,-0.002088490930165917,-0.0020815070899493655,-0.000567649189210151,0.0027856306910349904,0.02405620452505989,0.03008780276208264,-0.034564334284878595,-0.22810189850424545,0.018270342756525428,0.031046601212105722,0.5415874251124599,-0.09280470176001532,0.0025242177389815344,0.0020530021065823193,-0.5717782123027262,-0.473490538924344,-0.001713462403792591,-0.0012930948217059692,-0.2992197873225927,-0.07140564822588946,-0.03508236338748236,-0.025737945541533847,0.031367566477380704,0.40581584862062514,0.0008453595334511322,0.0013337594513903774,0.11980579893118937,-0.2902479478188369,0.00012645703592638956,0.00011593371398489635,-0.040038782566660824,0.04709705217175575
2038-03-01,156,0.01727264429038061,0.018882535303423025,0.02019384422507277,-0.002085672980284116,0.02908445573765657,2.6632769711152,3.773844481918955,4.418733181956986,1.9159289032212876,0.2134382995162888,0.9956470585585824,1.838201663466572,0.4480206270989693,66.07810961436714,75.65116527248311,0.01828311434813739,0.2943584337832583,-0.03728272506971201,0.0011316143933160047,9.232351007236594e-05,0.0011482271300150134,-0.00053242853492638,0.002547061536461115,14.12479529270404,1362450.2521971073,1.4682031892774747,1.3231524977675786,1.8877958058152449,2.0327445159395827,3.583785358381002,2.120036685646813,5.758470659619931,0.29277781905962774,66.26716339907604,66.89683756354214,-0.0028529029312810428,-0.012238664471953986,73.01097134754251,69.85528109910393,0.0361616052520779,0.08296987832826175,0.27966750875183166,0.302726453311864,0.052529967091969,-0.02764218137218777,2.254189596081617,0.3049480597873824,-0.15005867006409612,0.46896955272828633,-0.8386895691340177,-0.5448781306279139,2.314077727112065,-0.47258752483104915,-0.5697434676055003,1.7388556753253155,-0.09570452703107568,0.057132969429835256,0.8344457339721578,0.5302410153131323,-0.4630919557029961,3.7792070758281193,-0.25685366036587853,-0.29528154512898475,3.2298782207897663,0.7800845180976541,0.16841695690810865,6.265603401861505,-0.23265508445802696,-0.2947633454354637,-0.011955473572015762,0.012240545824170113,0.017949477199256606,0.017582918513208673,-0.037707666990102084,-0.017646343671272713,0.018874930331940966,0.018863576010036853,0.00040291388356483715,0.0010050741903913085,0.020198324154320227,0.0202488996518722,-0.0002217970764916144,-0.0027189342505502534,-0.0020873053999827355,-0.0020465678618243025,-0.0007820703662402284,0.01910765784475643,0.02322471783023031,0.027556991675589625,0.25230609690331596,0.05542927472086845,0.02816533064595412,0.022979237328256553,-0.35086455834795194,-0.2043637442372619,0.0010809250327238433,0.0013139771639524202,0.06226342739197577,-0.12614377059555104,-0.0012007605477445135,-0.0010450492638331187,-0.5565905825882738,-0.4905230276192968,-0.03618281175322284,-0.025830955210352266,0.030398779508648888,0.44333512896070615,0.0009466385077403426,0.0007847507111352452,0.19540287455367267,0.44200492877410147,0.00012139385016090844,0.00010770261772749937,-0.23947127510997923,-0.1427923292825104
2038-04-01,157,0.017947784202904226,0.01885988554353704,0.020259293352930682,-0.0020883456404486526,0.015332421615195633,3.330511934380223,3.7104471353827804,6.035303511832639,2.1796397693895173,1.5341140569615508,1.4464907216820553,1.2834537887334843,0.7148757830724729,69.06931784415416,70.5682829062469,0.02090711046033642,0.3026979630683432,-0.03825370161592433,0.0007620803535090564,2.775295362885179e-05,0.001808338720198355,-0.0012284117790153028,-0.018618572503328323,14.106176720200711,1337318.062150222,1.9159289032212876,0.2134382995162888,0.9956470585585824,1.838201663466572,2.6632769711152,3.773844481918955,4.418733181956986,0.4480206270989693,66.07810961436714,66.52792831944186,0.04526776336738081,0.03820034065256794,75.65116527248311,80.7414682311223,-0.06718842132739788,-0.12599703160901987,0.2943584337832583,0.3031823178098792,0.02833120552348567,-0.0015975692284262433,1.1423905364605689,0.13764125888223067,0.9079637828081313,0.9751098612269773,6.187623123114665,0.5732730412870408,1.0868754536685166,0.4528147391668771,0.3308707237795592,1.950800969409216,-0.30178836509532736,-0.3420888092329749,1.1260816073610322,0.5956314058605932,-0.3651652079214921,1.961917658834345,0.25053157088112776,0.6975798751712217,2.8935423709264043,-0.016799141257654027,0.2823199593219827,4.7121505089757,0.36584474855295523,0.2807959975676919,0.002547061536461115,0.01324957050383091,0.01727264429038061,0.01835856164983532,0.039087235351660254,-0.022375252199279938,0.018882535303423025,0.01891192726445432,-0.0011995084093330277,-0.002751793626823762,0.02019384422507277,0.02025948295024331,0.003241043514471187,-9.358447749741039e-06,-0.002085672980284116,-0.002085887752101604,0.0012814377852143899,0.0011783416171711192,0.02908445573765657,0.0266616864995011,-0.47283106297415567,-0.4249267909033986,0.01828311434813739,0.022992917969762768,0.14352019367347846,-0.09071521553590212,0.0011482271300150134,0.0025776253442277505,0.5748963536288421,-0.2984478041978097,-0.00053242853492638,-0.0018880346740865655,1.3071862201847573,-0.34937011704532883,-0.03728272506971201,-0.026845843511339756,0.02604360449502474,0.4249394547713081,0.0011316143933160047,0.001092661021035275,-0.32655473630384935,-0.3025464084121898,9.232351007236594e-05,0.00024116279904202483,-0.6993945138448681,-0.8849202541225457
2038-05-01,158,0.01830144964728993,0.018907205160524125,0.02038516359038854,-0.00208838006030562,0.02879271904387271,2.324730472086794,3.184241009219418,4.456042565129021,0.4215581622541288,1.5922704494810405,1.856746677010174,2.249631494365315,1.702678195298826,60.640432606023,74.18317120124141,0.0257080940792589,0.28368644084728484,-0.03946969439535069,0.0010941234111104395,0.00015217264888685506,0.0017896864630120044,-0.0019716408749729866,0.02986023761332035,14.136036957814031,1377852.875016533,2.1796397693895173,1.5341140569615508,1.4464907216820553,1.2834537887334843,3.330511934380223,3.7104471353827804,6.035303511832639,0.7148757830724729,69.06931784415416,62.12361901735692,-0.12203515976732004,-0.023874758663360085,70.5682829062469,74.90066160094992,0.05122539682306049,-0.009579226463059864,0.3026979630683432,0.27864237039950307,-0.06280690503611319,0.01810230956817449,1.3050947614325175,-0.8065927369401042,-0.676990380536497,0.5371141025398567,0.03790878015593813,1.9644919802918146,1.2586915603531994,0.28362156022062246,0.47514032467903045,1.6906144645909484,0.7527950862845303,0.33065908371346087,0.9903299085979984,1.3817818922063152,0.719304022342709,3.4954145817366835,-0.3019900490104671,-0.3349199593566494,2.915698740897105,-0.1418174432794007,0.09210219991372903,5.819772477966708,-0.2616705097941413,-0.2343270150165978,-0.018618572503328323,-0.002359606558457017,0.017947784202904226,0.016338646404286665,0.019705242741244744,0.1201325491987082,0.01885988554353704,0.01889987080598573,0.00250900870410109,0.00038806373936028926,0.020259293352930682,0.020252789688471048,0.006212962874129646,0.006536082384386077,-0.0020883456404486526,-0.002087315352507828,1.64818774730513e-05,0.0005100847825953991,0.015332421615195633,0.026161898506208828,0.8778976841686159,0.1005592364422454,0.02090711046033642,0.01104970107603444,0.22963401030623443,1.3265872897699347,0.001808338720198355,0.0012303461424299925,-0.0103145815427238,0.45462029041460483,-0.0012284117790153028,-0.001231327439635592,0.6050325376670171,0.6012319806309916,-0.03825370161592433,-0.027666735939279992,0.03178758467965248,0.4266118880801326,0.0007620803535090564,0.0010135747674289621,0.43570609853995834,0.07946985883024449,2.775295362885179e-05,2.313998061170586e-05,4.483115452211089,5.576178754872216
2038-06-01,159,0.018535269412268313,0.019146600006589038,0.02042004271753017,-0.0020622832889337192,0.027685985996999233,3.192050491000224,3.3826889267553755,5.891383043412498,0.6154698092732913,0.5499225963679919,1.37943659100144,2.991157025881333,0.7556213848002884,67.52138010603717,73.99447516864863,0.023571538047826055,0.3027391891186198,-0.040514411418882214,0.0010399031411941187,5.2435334288648556e-05,0.002023686055955193,-0.0015917857456051834,-0.006773848086595535,14.129263109727436,1368551.049101175,0.4215581622541288,1.5922704494810405,1.856746677010174,2.249631494365315,2.324730472086794,3.184241009219418,4.456042565129021,1.702678195298826,60.640432606023,65.50725014809794,0.11347127987557815,0.030746672366581018,74.18317120124141,70.77323121430226,-0.0025436501235689413,0.0455150047422932,0.28368644084728484,0.2902355883087988,0.06716129334355991,0.04308086710757775,0.2629493974155407,0.4599878839548275,1.3406397402792303,1.4732390477683608,-0.654629905021961,-0.6267254813799525,1.331602177610423,-0.2570679629691448,0.035922450560163854,2.9628186394207465,0.3296208882980738,0.009564671317892959,0.7402242116051103,-0.5562159738190138,0.020800688431672265,4.0263478517898115,0.3730841184934788,-0.20720945916749878,3.234595955679605,0.06232188988251375,0.0457840710570776,5.871577805348896,0.32211103401834706,0.0033730691681475022,0.02986023761332035,-0.004851470235735178,0.01830144964728993,0.019049967762407805,0.01277602427592428,-0.02701833181865898,0.018907205160524125,0.018894207733199248,0.012661567060410439,0.01335818240985609,0.02038516359038854,0.020463954570162503,0.0017110055058902063,-0.0021458146069361916,-0.00208838006030562,-0.0018394381233679822,-0.012496179152410414,0.12114849786722437,0.02879271904387271,0.02727091957579786,-0.038437948329475224,0.015220110933469755,0.0257080940792589,0.02301090427009764,-0.0831083014106675,0.02436383077986859,0.0017896864630120044,0.0015293087350665307,0.1307489316030095,0.3232684869658806,-0.0019716408749729866,-0.0009168076937313645,-0.19265939055610604,0.7362264262057943,-0.03946969439535069,-0.02839085319601336,0.026468839942540567,0.42702338457976463,0.0010941234111104395,0.0008523562604302986,-0.049555899604864506,0.22003344079286746,0.00015217264888685506,7.797774996008527e-05,-0.6554220835858893,-0.3275603064272975
2038-07-01,160,0.017293042951991463,0.018895403045637797,0.020286605717892085,-0.0021023154122359,0.028057089916100217,2.6648919993142295,3.5855501947668413,5.92092561082541,0.28128826699134846,1.0365293964396254,1.6340585232212645,2.097670120701589,1.0302135100390188,67.03366653350257,66.0478703086113,0.002680783824096148,0.2749658045081729,-0.04172491814597151,0.0007220077808138321,9.656228995305965e-05,0.00139768654008615,-0.00042744327158960585,0.0065337917767465115,14.135796901504182,1377522.1524374508,0.6154698092732913,0.5499225963679919,1.37943659100144,2.991157025881333,3.192050491000224,3.3826889267553755,5.891383043412498,0.7556213848002884,67.52138010603717,66.27129358581794,-0.007223098398887684,0.011503818718996195,73.99447516864863,70.70500685403566,-0.10739457022872845,-0.06586713943806866,0.3027391891186198,0.2870578321881532,-0.0917403019123656,-0.042124012390836074,0.6956119547136079,-0.5429698374263455,-0.5956247372040087,2.006100641488196,0.8848641668581494,-0.48331136783312556,1.1138900541355057,0.18458400616658643,0.46698367325800705,1.6812484422966436,-0.2987094617396361,0.24768598615686988,0.897756198204338,0.363399092140974,0.14754263139549195,2.4633926134906092,-0.16514729111343418,0.08179751157818771,3.5057147672523366,0.05997041773688827,0.02277293870575714,4.968205060324378,0.005014538554906078,0.19176353208714558,-0.006773848086595535,0.0038488206919282675,0.018535269412268313,0.018169994716861027,-0.06701960638644033,-0.048263732518083136,0.019146600006589038,0.018945557593173273,-0.01311966411084975,-0.0026472985705919827,0.02042004271753017,0.02044269468213895,-0.006534609230936184,-0.007635439782957887,-0.0020622832889337192,-0.0020842614514777927,0.01941155393974947,0.008662042252571833,0.027685985996999233,0.03351033323214963,0.013404034775615692,-0.1627331867537981,0.023571538047826055,0.030596309739196886,-0.8862703053718045,-0.9123821190546453,0.002023686055955193,0.0011409532612604426,-0.30933627971932,0.2250164731043296,-0.0015917857456051834,-0.0005614257259944225,-0.7314693433021694,-0.23864680259797666,-0.040514411418882214,-0.02904513437981297,0.029878423126372455,0.43655448793417473,0.0010399031411941187,0.0006733685641234429,-0.30569708637984105,0.07223268100390956,5.2435334288648556e-05,0.00022388510630736233,0.8415500017888491,-0.5686971252991997
2038-08-01,161,0.01812528272087416,0.019026680086633288,0.020334222691530533,-0.0020860714803798744,0.030114683837383294,2.785142323585894,2.5527254257375027,4.76665792517536,0.9917806195887426,1.4957150487074553,1.084745211762687,2.2277663008685877,1.105976691436761,64.50846064705836,80.15931829947924,0.01054814846254521,0.31073065460990645,-0.04290396381803703,0.0009004121530275305,8.912592891203221e-05,0.0022550348588899517,-0.0015467548561670257,0.0008827769779600203,14.136679678482142,1378738.7341864263,0.28128826699134846,1.0365293964396254,1.6340585232212645,2.097670120701589,2.6648919993142295,3.5855501947668413,5.92092561082541,1.0302135100390188,67.03366653350257,65.01431396843974,-0.0376707111072635,-0.0077806453764465155,66.0478703086113,72.52760438702259,0.2136548525324382,0.10522495506307106,0.2749658045081729,0.2779536216677525,0.13007017423750433,0.11792266906071647,0.8131894780858462,2.5258513630760384,0.21961811646072849,0.5971421485895693,0.44300301935004116,1.504788938848625,1.4547844559702137,-0.33616501713518865,-0.2543601855855292,1.7945305177206454,0.06201937038769789,0.24142012569294402,1.0084503315746527,0.07354124233419612,0.09670913559999028,4.2746476673928,0.04512390156997337,-0.34845102092715574,3.7763141823058493,-0.2880519621609984,-0.3240166727391345,6.047310968815087,-0.19494716899325126,-0.2117723150411528,0.0065337917767465115,-0.00805517565459013,0.017293042951991463,0.019111292083446276,0.04812569836281222,-0.05159302459859183,0.018895403045637797,0.01876503191013346,0.006947565007130008,0.013943390970656111,0.020286605717892085,0.020347457965803298,0.0023472124563672647,-0.0006504632812122102,-0.0021023154122359,-0.002086082707507775,-0.007726686377069081,-5.381918876001812e-06,0.028057089916100217,0.027068235121872855,0.07333597060265151,0.1125470021149888,0.002680783824096148,0.013566784711161623,2.9347254962274403,-0.22250196438459946,0.00139768654008615,0.001912487319424822,0.6134052909681429,0.17911101212851466,-0.00042744327158960585,-0.0012910456918825352,2.61862019821916,0.19806360525600675,-0.04172491814597151,-0.030127290527216497,0.028257591014096528,0.42408968968776994,0.0007220077808138321,0.0010062236091064876,0.24709480556096608,-0.10515700001604633,9.656228995305965e-05,4.803904239623863e-05,-0.07701102619503286,0.8552811310620674
2038-09-01,162,0.018121691605169153,0.01886580700466048,0.020124488820983805,-0.002085343349382108,0.03198147386020011,4.044129722491095,3.064683713702506,5.115457897785949,1.4606070066535313,0.9124185835610135,1.285887370967939,2.4683354771163555,1.0045807115606553,66.18504030457167,77.56815453003576,0.029403667861133215,0.2914379900034465,-0.04428905482539143,0.0008937109830776631,8.429165278959306e-05,0.0010055099094947212,-0.0016225024553262568,-0.013095314614474773,14.123584363867668,1360801.4204090594,0.9917806195887426,1.4957150487074553,1.084745211762687,2.2277663008685877,2.785142323585894,2.5527254257375027,4.76665792517536,1.105976691436761,64.50846064705836,57.77444171096641,0.025990073870872488,0.14557645811069464,80.15931829947924,72.01329865959802,-0.032325172224678456,0.07713652858335451,0.31073065460990645,0.296201658956185,-0.062088063473107025,-0.016082519488667568,0.9391443156030967,0.4727117850510074,0.555252991885026,1.1949899939839876,-0.38997833554627015,-0.236463411280045,0.9270519978539031,0.1854280221973974,0.38707146302982864,2.2089038807528287,0.10798672022014699,0.1174481147070594,0.15439448469702588,-0.0916800332784441,5.50658417968739,3.526756488866955,0.4520370065987307,0.14669944898587461,2.9324321061042693,0.20055360549288004,0.04509963157303343,5.207902080483855,0.07317495362282722,-0.017750752850045348,0.0008827769779600203,-0.007098060566931963,0.01812528272087416,0.017519874134926824,-0.0001981274311859682,0.03435055900559081,0.019026680086633288,0.01898075680238387,-0.008455131491164725,-0.006056122994471558,0.020334222691530533,0.020280012398091702,-0.0103143293809842,-0.007668810750950605,-0.0020860714803798744,-0.002086131520274069,-0.0003490441265388,-0.0003778145741537564,0.030114683837383294,0.0289809519697999,0.06198936149877321,0.10353427635941537,0.01054814846254521,0.03412227884054202,1.787566743636662,-0.13828534141753845,0.0022550348588899517,0.001932546606883231,-0.5541044939812209,-0.47969694189348133,-0.0015467548561670257,-0.0013918410862061971,0.0489719485005784,0.16572392596110497,-0.04290396381803703,-0.030910304037116663,0.03228352077744634,0.4328249496417036,0.0009004121530275305,0.0016741704368017979,-0.007442336187195475,-0.4661768220056869,8.912592891203221e-05,4.273580588130094e-05,-0.05424096198997952,0.9723894530903159
2038-10-01,163,0.017478586665369972,0.018897045269573965,0.020294502674293384,-0.00210467340724688,0.024277857402115497,3.9365684373473373,3.7290742937528503,4.7580732956872005,1.7912527713609196,1.7029355153465033,1.2151103468641804,1.440524679926665,0.9397098789981359,68.538107029378,71.400302608439,0.020017874835055644,0.2836326984007707,-0.0450918377351414,0.0006675072099328172,0.00023465720565701354,0.002374680945320109,-0.0009085418907562146,-0.013161157257854939,14.110423206609813,1343009.0399036848,1.4606070066535313,0.9124185835610135,1.285887370967939,2.4683354771163555,4.044129722491095,3.064683713702506,5.115457897785949,1.0045807115606553,66.18504030457167,65.54743388995098,0.03555284870988884,0.04562609032793152,77.56815453003576,76.89744224128509,-0.07951525930926262,-0.07148663821089685,0.2914379900034465,0.2842399911307366,-0.026781997784789402,-0.002136549215154493,1.9754906229669036,0.22637558439826133,-0.09326182036201469,1.3385807041079636,0.8663972282329429,0.27219487784365426,0.6790235317131088,-0.05504138675106662,0.7894966670721675,1.490980263033772,-0.4163983407921662,-0.033840543941502266,1.141005709592745,-0.06457503296249845,-0.1764196523315006,2.7770001488784413,-0.026596892910127123,0.417561478683109,4.076771883231924,0.2167892814125607,-0.08528747730751884,5.48097681112807,-0.0698636581983072,-0.13189318990971688,-0.013095314614474773,0.0015120662283152342,0.018121691605169153,0.018520892480979406,-0.035488129574820615,-0.056277299632286226,0.01886580700466048,0.018840662278664898,0.0016558138703406389,0.002992622556210023,0.020124488820983805,0.0202488996518722,0.008448107915780101,0.0022521234835082282,-0.002085343349382108,-0.002086103321192449,0.00926948450503362,0.008901805517387285,0.03198147386020011,0.027381980519337733,-0.24087746836681934,-0.11336371797613543,0.029403667861133215,0.020255946221062943,-0.3192048376551021,-0.011753160450225786,0.0010055099094947212,0.0015027635290547656,1.3616683663648925,0.580209327287692,-0.0016225024553262568,-0.0003714290839521631,-0.4400366620255606,1.4460709460038594,-0.04428905482539143,-0.03203247580103465,0.018125988755346434,0.40769130726026903,0.0008937109830776631,0.0008403786663663093,-0.253106180217088,-0.20570662173156573,8.429165278959306e-05,0.00010730043168086925,1.7838723988810568,1.1869176291380281
2038-11-01,164,0.018417656738613057,0.018859594959782813,0.01804475665536395,-0.0020885200729186463,0.027095313982477567,3.8111895660453805,2.7994556680663116,5.328941927021878,1.446414149296643,2.8984704369208103,1.1982190674986577,3.164625849072088,0.43416831309102283,68.06827079215878,69.01693582024777,0.013802640098129877,0.2879179869291842,-0.04671880585801061,0.00040167284776803204,4.164048879183789e-05,0.0015041254014283461,-0.0014815303248985473,0.033898454159498215,14.144321660769311,1389315.3930185093,1.7912527713609196,1.7029355153465033,1.2151103468641804,1.440524679926665,3.9365684373473373,3.7290742937528503,4.7580732956872005,0.9397098789981359,68.538107029378,72.63586312286466,-0.006855109625625078,-0.06288343160429888,71.400302608439,73.51570784650126,-0.033380345756539476,-0.061194704615329276,0.2836326984007707,0.30035996020316447,0.015108584280217219,-0.041423541491896865,1.551357218321472,-0.19251254070763146,-0.06764597333577038,1.347363581000315,0.7020435658311153,1.1512162550578338,1.7504904761009885,-0.013901025046090476,-0.31549523755904707,1.9019413845691255,1.1968563907098035,0.6638924178985763,0.5866146965410541,-0.5379762171342628,-0.25987481109649013,3.232522201627603,-0.0318497882857699,0.17901419644586314,3.2098950271390256,-0.24928938188329652,-0.12786691016451646,5.489282073725325,0.11997894859083469,-0.029209675245315037,-0.013161157257854939,0.002258643275126815,0.017478586665369972,0.01719856419247271,0.05372688829032435,0.07088339075850913,0.018897045269573965,0.019054927831468255,-0.0019818076983416644,-0.010251042324225468,0.020294502674293384,0.02027626884768738,-0.11085494702854382,-0.11005536615667566,-0.00210467340724688,-0.002086105395172728,-0.007674983811081559,0.0011575051536254488,0.024277857402115497,0.02497160794638927,0.11605046251390227,0.08504482533313884,0.020017874835055644,0.012783633533184659,-0.31048424411374287,0.07971180981526182,0.002374680945320109,0.00195890392990434,-0.3665989511590625,-0.23215968967819778,-0.0009085418907562146,-0.0007651389452323245,0.630668150772236,0.9362892637084363,-0.0450918377351414,-0.03315348223749663,0.036081211247712464,0.4091673846909385,0.0006675072099328172,0.0005365819447667906,-0.3982494244392367,-0.2514231019409212,0.00023465720565701354,9.321579252086166e-05,-0.8225475809479226,-0.5532893336446314
2038-12-01,165,0.01934371397248487,0.018877574673280682,0.020255725756797672,-0.002088587272090148,0.025716638977078748,2.5242182679311442,3.4808047357388627,5.17364606355016,0.891721699471419,0.4939551630599017,1.2568833968009512,2.1919688528402386,1.5169525356870124,61.0317259357431,74.11581859400042,0.008538523677535412,0.3023284243713287,-0.04831949437808971,0.0010520107243057117,9.877269162310119e-05,0.002503474279555,-0.0019737309707559794,0.0030069921631366014,14.147328652932448,1393499.3409141025,1.446414149296643,2.8984704369208103,1.1982190674986577,3.164625849072088,3.8111895660453805,2.7994556680663116,5.328941927021878,0.43416831309102283,68.06827079215878,63.7498055189561,-0.10337481435221463,-0.0426366725527465,69.01693582024777,70.23634984844387,0.07387871850805605,0.055234486899271795,0.2879179869291842,0.27710083165185195,0.05005049387792804,0.0910412017498834,0.3960989597763592,-0.38349490019504984,1.2512598871122824,1.079099595910496,-0.8295807482567754,-0.5422524807424061,1.7561382378433499,0.04895960254142695,-0.28429131049245626,2.2597374801456813,-0.30735292025660665,-0.029989601845730296,0.5248082208054752,2.4939273317465367,1.890489278843222,3.609868953531034,-0.33768231042090124,-0.30074517927803124,3.3205448861614655,0.2433862680680292,0.04826311797358551,5.265194457356553,-0.029141969568902026,-0.01738746679687786,0.033898454159498215,0.018783096224069595,0.018417656738613057,0.0173903137308982,0.050280947626215156,0.11232691208531609,0.018859594959782813,0.018870459410519572,0.0009533456861725575,0.0003770582690287849,0.01804475665536395,0.020163724066132004,0.12252695581663575,0.004562733072716485,-0.0020885200729186463,-0.002086148532517939,3.217549707712486e-05,0.0011690153094063849,0.027095313982477567,0.028524982427294593,-0.05088241480760858,-0.0984520659170901,0.013802640098129877,0.030194823325291595,-0.38138474836474956,-0.7172189555292603,0.0015041254014283461,0.0015982780317530978,0.6644052930544577,0.5663571855573981,-0.0014815303248985473,-0.0011936797749612592,0.3322244827429619,0.6534844705901435,-0.04671880585801061,-0.03403066124420866,0.034262188227669244,0.41988114868948445,0.00040167284776803204,0.0010608070659909145,1.6190735324814707,-0.008292122071213881,4.164048879183789e-05,6.79528800027052e-05,1.3720348749235143,0.4535468050679978
2039-01-01,166,0.017682406156049425,0.019041718721064648,0.02036502949487507,-0.0020885838134076878,0.02650569118558817,3.0529818095950874,2.658920414783973,5.752332983234325,1.253450859173548,0.11767832379625609,0.43755969720579024,2.909805041845839,1.6396982241582405,67.82221183880316,73.1672888625568,0.011069519920045246,0.2836126304818146,-0.04970349160516433,0.0008316941796562192,-5.885415911820072e-06,0.0010888584711072546,-0.0007021684181633387,-0.007946040481328964,14.139382612451119,1382470.4149167803,0.891721699471419,0.4939551630599017,1.2568833968009512,2.1919688528402386,2.5242182679311442,3.4808047357388627,5.17364606355016,1.5169525356870124,61.0317259357431,62.461526329627425,0.11126157418863403,0.08582379945193552,74.11581859400042,79.66784238917418,-0.012797939082877408,-0.0815957020005944,0.3023284243713287,0.31468393701644276,-0.06190550534053252,-0.09873813970048495,1.3347073393296993,0.4056525258009862,-0.06087962339141628,1.5299475599875616,-0.7617631465429479,-0.9230834265997896,0.8948194789700269,-0.6518692996347335,-0.5110078541099272,1.9382319567319808,0.3274846666162552,0.5012677052090355,0.3231913746711723,0.08091597171538245,4.073459110183662,3.3077532563982874,0.20947615678945186,-0.07702250653381959,2.9725928042417817,-0.2361190538832193,-0.10552147909737575,5.7782529263068,0.11185282343938874,-0.004485775095525613,0.0030069921631366014,0.00039907460450194776,0.01934371397248487,0.018098586677231434,-0.08588360119460736,-0.022995194520110118,0.018877574673280682,0.018969190448086266,0.008695187312186548,0.0038234775056358306,0.020255725756797672,0.020120636218954865,0.005396189669516938,0.012146399013465148,-0.002088587272090148,-0.002088490930165917,-1.6559913518232605e-06,4.447385450867536e-05,0.025716638977078748,0.02405620452505989,0.030682555726380345,0.10182348832196686,0.008538523677535412,0.018270342756525428,0.29642082613986376,-0.3941263134709576,0.002503474279555,0.0025242177389815344,-0.5650610513558771,-0.5686352828078196,-0.0019737309707559794,-0.001713462403792591,-0.6442430966696572,-0.5902049460734279,-0.04831949437808971,-0.03508236338748236,0.028642626436550467,0.41676577077184307,0.0010520107243057117,0.0008453595334511322,-0.20942423832693657,-0.016165138327742024,9.877269162310119e-05,0.00012645703592638956,-1.0595854564162102,-1.0465408339575977
2039-02-01,167,0.018041288034813675,0.01890384238091358,0.020248971683833293,-0.0020936353136954255,0.030843682934048107,4.023060902256929,3.562200520530897,6.015131109026647,0.5693210797307362,1.2340191056038645,1.0910673774021529,1.7445353376471642,0.3253526467193404,64.78093953870786,74.17919580135751,0.002269173678525714,0.2812255204501325,-0.05118147580641119,0.0010751789476953792,5.910335938691233e-05,0.0018668192313843089,-0.0005932710187336676,-0.007207418791949749,14.132175193659169,1372542.193073649,1.253450859173548,0.11767832379625609,0.43755969720579024,2.909805041845839,3.0529818095950874,2.658920414783973,5.752332983234325,1.6396982241582405,67.82221183880316,66.26716339907604,-0.044841833046136315,-0.022427757340657606,73.1672888625568,73.01097134754251,0.013830045564508398,0.016000669930195555,0.2836126304818146,0.27966750875183166,-0.008416797332427617,0.005570942814395297,1.4682031892774747,-0.5457970485527346,-0.6122327727602146,1.3231524977675786,9.486375619527006,-0.06736441363644763,1.8877958058152449,1.4935280474175143,-0.42204163498976777,2.0327445159395827,-0.40046315386802833,-0.1417832767632392,0.29277781905962774,-0.8015777281905857,0.11126125525608344,3.583785358381002,0.31774807488633594,0.12257306170656723,2.120036685646813,0.33971686430498593,0.680254188358107,5.758470659619931,0.04568548562092456,0.04457093985152927,-0.007946040481328964,-0.011955473572015762,0.017682406156049425,0.017949477199256606,0.02029598662065979,0.005114958755504606,0.019041718721064648,0.018874930331940966,-0.007240750804629048,0.0015317698377772526,0.02036502949487507,0.020198324154320227,-0.0056988776309400135,0.00250751147105599,-0.0020885838134076878,-0.0020873053999827355,0.002418624646667089,0.0030325766956489364,0.02650569118558817,0.02322471783023031,0.16366265335569197,0.32805415159449725,0.011069519920045246,0.02816533064595412,-0.7950070378014696,-0.9194337994092864,0.0010888584711072546,0.0010809250327238433,0.7144737180452387,0.7270570806192507,-0.0007021684181633387,-0.0012007605477445135,-0.15508729332275273,-0.5059206268493273,-0.04970349160516433,-0.03618281175322284,0.029736023637689346,0.4145245581101753,0.0008316941796562192,0.0009466385077403426,0.29275757122624624,0.13578619388922486,-5.885415911820072e-06,0.00012139385016090844,-11.042341997990512,-0.5131272357819576
2039-03-01,168,0.01771932061832877,0.018912907206394707,0.02077246242749723,-0.0021020628994155746,0.029900166834762012,3.294079175087637,3.287103002724086,6.035683198615867,2.457595023880862,1.4269682761948008,1.140765842634105,2.956660813505036,0.5933858729309016,65.23829431920056,73.54672252693463,0.02064287014354116,0.2882541836632129,-0.05278164523718437,0.0013478337126806655,0.00015900989262632658,0.000965755478084389,-0.0014348959353833789,0.005205803085118532,14.137380996744287,1379706.007983181,0.5693210797307362,1.2340191056038645,1.0910673774021529,1.7445353376471642,4.023060902256929,3.562200520530897,6.015131109026647,0.3253526467193404,64.78093953870786,66.07810961436714,0.007060020798547173,-0.01270943282227277,74.17919580135751,75.65116527248311,-0.008526289178391266,-0.027817717519203145,0.2812255204501325,0.2943584337832583,0.024992977884191525,-0.020737473160154396,1.9159289032212876,3.3167118017888892,0.28271723431326756,0.2134382995162888,0.15635833328246318,5.6856242737536435,0.9956470585585824,0.04555031729597192,0.14575323939149065,1.838201663466572,0.6948127961068717,0.6084529093120381,0.4480206270989693,0.8238237153262664,0.3244610561196788,2.6632769711152,-0.18120076848956845,0.23685189742330848,3.773844481918955,-0.07722684790518519,-0.12897761991171575,4.418733181956986,0.0034167317747038073,0.3659306751675737,-0.007207418791949749,0.002547061536461115,0.018041288034813675,0.01727264429038061,-0.017846143571546236,0.025860332699430444,0.01890384238091358,0.018882535303423025,0.0004795229085425845,0.0016084653084786904,0.020248971683833293,0.02019384422507277,0.025852707576350165,0.028653197280092302,-0.0020936353136954255,-0.002085672980284116,0.004025336057822626,0.00785833603177144,0.030843682934048107,0.02908445573765657,-0.030590254130921424,0.0280462905843315,0.002269173678525714,0.01828311434813739,8.097086899471206,0.12906749640518278,0.0018668192313843089,0.0011482271300150134,-0.4826732755649571,-0.15891599071364781,-0.0005932710187336676,-0.00053242853492638,1.4186179504371426,1.6950019415878694,-0.05118147580641119,-0.03728272506971201,0.0312646207550884,0.41571317918666506,0.0010751789476953792,0.0011316143933160047,0.253590126155014,0.19107155285562127,5.910335938691233e-05,9.232351007236594e-05,1.6903697907489375,0.7223120362482953
2039-04-01,169,0.017647663591575016,0.01889656679048822,0.02025958687978211,-0.0020936820654255395,0.024282790735838073,4.725926892633787,2.5229525189039084,5.045298981459424,0.044698429105726856,0.8509850843624224,1.19173133182584,2.4643879480495916,0.8621255024275971,65.23020045828362,74.66274277198164,0.015645948001030374,0.2758421222726003,-0.05436493922248831,0.0008607325783453862,6.346444890473767e-06,0.001764009672240076,-0.001680228180568308,-0.025842800736427307,14.11153819600786,1344507.3158703465,2.457595023880862,1.4269682761948008,1.140765842634105,2.956660813505036,3.294079175087637,3.287103002724086,6.035683198615867,0.5933858729309016,65.23829431920056,69.06931784415416,-0.00012406610260751183,-0.05558354281901268,73.54672252693463,70.5682829062469,0.015174302901646008,0.058021248315966556,0.2882541836632129,0.3026979630683432,-0.04305943189748973,-0.08872157752075582,2.1796397693895173,-0.9818121258094256,-0.9794927447491719,1.5341140569615508,-0.4036412031305374,-0.44529216683675144,1.4464907216820553,0.04467655612307975,-0.17612238090263566,1.2834537887334843,-0.1664962254739898,0.9201220719301912,0.7148757830724729,0.45289185630475837,0.20597944823680825,3.330511934380223,0.43467313365594995,0.4189791196509367,3.7104471353827804,-0.23246928471268202,-0.32004083959448915,6.035303511832639,-0.1640881710596679,-0.1640355830377448,0.005205803085118532,-0.018618572503328323,0.01771932061832877,0.017947784202904226,-0.004044005314720267,-0.016721875410149356,0.018912907206394707,0.01885988554353704,-0.0008639822385931861,0.001944934759360084,0.02077246242749723,0.020259293352930682,-0.02469016610357222,1.4488503933263175e-05,-0.0021020628994155746,-0.0020883456404486526,-0.00398695680912553,0.002555336086865534,0.029900166834762012,0.015332421615195633,-0.18787106205685655,0.5837544352271087,0.02064287014354116,0.02090711046033642,-0.24206528005865724,-0.2516446483260887,0.000965755478084389,0.001808338720198355,0.8265593230069512,-0.024513686215498653,-0.0014348959353833789,-0.0012284117790153028,0.1709756360271384,0.3678053314623717,-0.05278164523718437,-0.03825370161592433,0.029997056328750382,0.4211680680819958,0.0013478337126806655,0.0007620803535090564,-0.36139557109496734,0.1294512112562387,0.00015900989262632658,2.775295362885179e-05,-0.9600877355134884,-0.7713236228710431
2039-05-01,170,0.018531530762913695,0.019246681326190587,0.020655446491067164,-0.002081659979151834,0.023411181931262,3.5034518619912998,3.934340041967779,5.244171297271494,1.2676359402435957,1.9767174148924014,1.216056172421094,2.3621929857498216,0.5991434609183025,64.44684580201496,78.0458264501435,0.012248651846974677,0.3158651859029045,-0.055651646511603724,0.0007535349926760132,0.00011683143699718314,0.002031243660182597,-0.0023249546561431647,0.0031749969348311424,14.114713192942691,1348782.9063787612,0.044698429105726856,0.8509850843624224,1.19173133182584,2.4643879480495916,4.725926892633787,2.5229525189039084,5.045298981459424,0.8621255024275971,65.23020045828362,60.640432606023,-0.012009079395204902,0.06277021835780738,74.66274277198164,74.18317120124141,0.04531153762317186,0.05206915782049304,0.2758421222726003,0.28368644084728484,0.14509409694416253,0.11343067705143595,0.4215581622541288,27.35974251455704,2.0070250175334623,1.5922704494810405,1.3228578869550969,0.24144577043219106,1.856746677010174,0.020411346035507982,-0.3450608058288014,2.249631494365315,-0.04146869910666906,0.05003552433651515,1.702678195298826,-0.30503916282348964,-0.6481170296462564,2.324730472086794,-0.2586741306870268,0.507035720509323,3.184241009219418,0.5594189793460898,0.23556603616892668,4.456042565129021,0.03941735000103885,0.17686741556510555,-0.025842800736427307,0.02986023761332035,0.017647663591575016,0.01830144964728993,0.05008408998461622,0.012571742679292841,0.01889656679048822,0.018907205160524125,0.018527944233690086,0.01795485703911681,0.02025958687978211,0.02038516359038854,0.01953937232945746,0.013258804594830753,-0.0020936820654255395,-0.00208838006030562,-0.00574207826118156,-0.0032178439554735316,0.024282790735838073,0.02879271904387271,-0.03589409528986698,-0.18690617945497356,0.015645948001030374,0.0257080940792589,-0.21713584589645607,-0.5235488166018188,0.001764009672240076,0.0017896864630120044,0.15149235979140996,0.13497179654812652,-0.001680228180568308,-0.0019716408749729866,0.38371364260584495,0.17919783752455376,-0.05436493922248831,-0.03946969439535069,0.023667961511914415,0.4099842262310289,0.0008607325783453862,0.0010941234111104395,-0.12454226593286666,-0.3112888500290465,6.346444890473767e-06,0.00015217264888685506,17.40895793053386,-0.23224417888624105
2039-06-01,171,0.017985809730114297,0.01924160361041312,0.020385566795698796,-0.002086177012370613,0.025230152953109156,3.4034281079319766,2.9897883174372626,4.481985292900103,2.561406156738359,0.18104983309378697,1.364232388022996,2.2346699387439855,1.1396906229196848,69.10404794846198,74.90074226674044,0.02022988016567378,0.28384863336540456,-0.057562831317212695,0.0009395960892152775,8.044935480640426e-05,0.0015105440912131422,-0.0017361670461831342,-0.01682105101644993,14.097892141926241,1326284.7124166149,1.2676359402435957,1.9767174148924014,1.216056172421094,2.3621929857498216,3.5034518619912998,3.934340041967779,5.244171297271494,0.5991434609183025,64.44684580201496,67.52138010603717,0.07226423711649521,0.023439506715344782,78.0458264501435,73.99447516864863,-0.04029791631987101,0.012247767093775952,0.3158651859029045,0.3027391891186198,-0.1013614477517687,-0.06239877898930857,0.6154698092732913,1.0206165472447442,3.1617088574380423,0.5499225963679919,-0.9084088440108967,-0.670772151772731,1.37943659100144,0.12184981168007414,-0.011022038329000616,2.991157025881333,-0.053985024837145956,-0.25290784823122137,0.7556213848002884,0.9021998857717481,0.508282647692543,3.192050491000224,-0.028550058056876382,0.06622001046904424,3.3826889267553755,-0.24007882248482382,-0.11615038149398427,5.891383043412498,-0.14533964685096212,-0.2392303708869049,0.0031749969348311424,-0.006773848086595535,0.018531530762913695,0.018535269412268313,-0.029448243633036775,-0.029644008400025457,0.019246681326190587,0.019146600006589038,-0.00026382292569882004,0.004961904661474392,0.020655446491067164,0.02042004271753017,-0.01306578850692397,-0.0016883374000866702,-0.002081659979151834,-0.0020622832889337192,0.0021699188455452934,0.01158605297589732,0.023411181931262,0.027685985996999233,0.0776966761946436,-0.08870310936934855,0.012248651846974677,0.023571538047826055,0.651600553139275,-0.14176664566275377,0.002031243660182597,0.002023686055955193,-0.2563452032744544,-0.25356796981033913,-0.0023249546561431647,-0.0015917857456051834,-0.2532469217858907,0.09070397883419812,-0.055651646511603724,-0.040514411418882214,0.03434192742546216,0.4207989034337758,0.0007535349926760132,0.0010399031411941187,0.2469176592297453,-0.09645807191586975,0.00011683143699718314,5.2435334288648556e-05,-0.31140661388643254,0.5342584518207278
2039-07-01,172,0.018052058218283457,0.018946781337097478,0.01990626759198624,-0.002087204358719376,0.02987829552178506,3.0831657793913028,2.9425189490433694,4.930341652715203,1.2084032965213753,1.547749127373957,1.7248276705911418,2.0233987486608713,0.6700876824715358,64.72058474473103,69.12321478781469,0.02390461998253755,0.30253405928029453,-0.05894177160769732,0.0008157098031199208,0.0001666698562819975,0.002230682922000652,-0.0009539198655375866,0.007316103205084801,14.105208245131326,1336023.5299094752,2.561406156738359,0.18104983309378697,1.364232388022996,2.2346699387439855,3.4034281079319766,2.9897883174372626,4.481985292900103,1.1396906229196848,69.10404794846198,67.03366653350257,-0.06343279929129697,-0.03450626988478234,74.90074226674044,66.0478703086113,-0.07713578402668586,0.046562356436834706,0.28384863336540456,0.2749658045081729,0.0658288387488406,0.10026066630878905,0.28128826699134846,-0.5282265979792401,3.2959605441294215,1.0365293964396254,7.548746502142292,0.4932033116381649,1.6340585232212645,0.2643210099202449,0.05554828427499747,2.097670120701589,-0.09454245856184951,-0.035406602452761726,1.0302135100390188,-0.41204422586641076,-0.34956426416291453,2.6648919993142295,-0.09409992465957351,0.1569571225343127,3.5855501947668413,-0.015810272626394783,-0.1793396301248229,5.92092561082541,0.1000352144228005,-0.16730221306937076,-0.01682105101644993,0.0065337917767465115,0.017985809730114297,0.017293042951991463,0.0036833753477463205,0.04389136535421523,0.01924160361041312,0.018895403045637797,-0.015322125914499662,0.0027190894703641444,0.020385566795698796,0.020286605717892085,-0.02351169376431983,-0.01874823867505837,-0.002086177012370613,-0.0021023154122359,0.0004924540643822528,-0.007187814648827007,0.025230152953109156,0.028057089916100217,0.18422966271011454,0.0649107092407244,0.02022988016567378,0.002680783824096148,0.18164911441735065,7.917026344187683,0.0015105440912131422,0.00139768654008615,0.4767413509983378,0.5959822592719237,-0.0017361670461831342,-0.00042744327158960585,-0.4505598596432723,1.2316876389002052,-0.057562831317212695,-0.04172491814597151,0.02395539376591249,0.41262761502596446,0.0009395960892152775,0.0007220077808138321,-0.13185057655872412,0.12977979572528953,8.044935480640426e-05,9.656228995305965e-05,1.0717363946929948,0.7260346286631993
2039-08-01,173,0.01903590592975035,0.018979615928906728,0.020445735520550106,-0.0020353248764370135,0.027273130935605586,3.319119305887606,3.437728074803936,5.842544455283583,0.984512429185333,0.6183188720176369,1.8981001371509914,2.693017059516041,1.781438103574036,61.114336712796565,77.78145283599733,0.040407237903811996,0.29413969579309857,-0.060617577857112914,0.0012541042437687587,0.00021627149175915518,0.0014985563101045005,-0.0012754113568538708,0.010233265347778797,14.115441510479105,1349765.6064376957,1.2084032965213753,1.547749127373957,1.7248276705911418,2.0233987486608713,3.0831657793913028,2.9425189490433694,4.930341652715203,0.6700876824715358,64.72058474473103,64.50846064705836,-0.05572026343949332,-0.05261517481918965,69.12321478781469,80.15931829947924,0.12525803486947984,-0.029664242584974132,0.30253405928029453,0.31073065460990645,-0.02774683785080434,-0.05339337645214404,0.9917806195887426,-0.18527826594031638,-0.007328425520578885,1.4957150487074553,-0.6005044609091594,-0.5866065046601179,1.084745211762687,0.10045784255099788,0.7498119526765374,2.2277663008685877,0.33093739496396224,0.2088418154391043,1.105976691436761,1.658514923007421,0.6107374751811372,2.785142323585894,0.07652962681198638,0.1917234095291087,2.5527254257375027,0.1682942860645169,0.3466893227698975,4.76665792517536,0.18501817253699193,0.22571087478836493,0.007316103205084801,0.0008827769779600203,0.018052058218283457,0.01812528272087416,0.05450058378774969,0.05024049681870402,0.018946781337097478,0.019026680086633288,0.0017329904866194568,-0.0024735874841151917,0.01990626759198624,0.020334222691530533,0.02710040574261363,0.005483997628589865,-0.002087204358719376,-0.0020860714803798744,-0.024855966817831643,-0.024326397450973203,0.02987829552178506,0.030114683837383294,-0.08719254364024809,-0.09435771987917418,0.02390461998253755,0.01054814846254521,0.6903526570733898,2.8307422432753615,0.002230682922000652,0.0022550348588899517,-0.3282073864803352,-0.33546201993428615,-0.0009539198655375866,-0.0015467548561670257,0.33702148674208177,-0.17542760459505802,-0.05894177160769732,-0.04290396381803703,0.02843155547765641,0.4128666086472177,0.0008157098031199208,0.0009004121530275305,0.5374392203845904,0.3928113248493814,0.0001666698562819975,8.912592891203221e-05,0.29760411740701365,1.4265833119407523
2039-09-01,174,0.018647176619812945,0.018878015803171222,0.020305285395146814,0.038321889812460125,0.024163492570350678,7.436941468942288,7.927634669701573,10.093540898479805,6.299637825180486,7.691577494805202,5.862442521690187,5.627290546802298,-0.3154400299996124,64.0753749795115,79.75898001585188,-0.06119524817436988,0.26615286884631045,-0.06246314186437873,0.00027784856665278006,8.267488394752951e-05,0.0033094332878781823,-0.002310882206211613,-0.0032027028501033783,14.112238807629002,1345449.6233778053,0.984512429185333,0.6183188720176369,1.8981001371509914,2.693017059516041,3.319119305887606,3.437728074803936,5.842544455283583,1.781438103574036,61.114336712796565,66.18504030457167,0.04845079609765168,-0.031875259353954855,77.78145283599733,77.56815453003576,0.025424148145241965,0.02824387790440208,0.29413969579309857,0.2914379900034465,-0.09514807877708009,-0.08675986667639668,1.4606070066535313,5.3987387446122215,3.3130272526994764,0.9124185835610135,11.439499816181913,7.42987816489477,1.285887370967939,2.0885844255243513,3.559063767207925,2.4683354771163555,1.0895859262820902,1.2797916243445187,1.0045807115606553,-1.1770704406550845,-1.3140016788791056,4.044129722491095,1.240636983355886,0.8389473086341293,3.064683713702506,1.3060679894391325,1.5867709069801652,5.115457897785949,0.7275933415195366,0.973145141678998,0.010233265347778797,-0.013095314614474773,0.01903590592975035,0.018121691605169153,-0.02042084634017216,0.028997569658116173,0.018979615928906728,0.01886580700466048,-0.0053531181092428826,0.0006471389486666368,0.020445735520550106,0.020124488820983805,-0.006869409284010586,0.008983908896830872,-0.0020353248764370135,-0.002085343349382108,-19.82838963750368,-19.37677705391536,0.027273130935605586,0.03198147386020011,-0.11401838580972079,-0.24445343963896082,0.040407237903811996,0.029403667861133215,-2.5144625405983705,-3.081211380273407,0.0014985563101045005,0.0010055099094947212,1.208414368925117,2.291298530853073,-0.0012754113568538708,-0.0016225024553262568,0.8118720629177998,0.4242703908555474,-0.060617577857112914,-0.04428905482539143,0.030446020321302836,0.4103516570998911,0.0012541042437687587,0.0008937109830776631,-0.7784485874812079,-0.6891069127337388,0.00021627149175915518,8.429165278959306e-05,-0.6177263897564542,-0.019180651803082926
2039-10-01,175,0.018576235016037813,0.018981906308872806,0.02032300528927554,-0.002086477983752469,0.018311278513162246,3.686647572231266,2.836846534791788,4.7084470758012555,1.006005273165836,2.3049110868323632,0.6024277360713474,1.0836918343769182,1.0540056778562736,65.57250877951982,84.16258997151647,0.03199514351327925,0.2917684623300412,-0.06454188971140232,0.000776878204208036,0.00016516638243138578,0.002152526694160946,-0.0012480298007461388,-0.016943296417593956,14.095295511211408,1322845.308159619,6.299637825180486,7.691577494805202,5.862442521690187,5.627290546802298,7.436941468942288,7.927634669701573,10.093540898479805,-0.3154400299996124,64.0753749795115,68.538107029378,0.023365197636175283,-0.04326933407406497,79.75898001585188,71.400302608439,0.05521146276932565,0.1787427629413023,0.26615286884631045,0.2836326984007707,0.09624391273618937,0.028684153749349184,1.7912527713609196,-0.8403074428906532,-0.4383789439155955,1.7029355153465033,-0.7003331126301371,0.35349287513295735,1.2151103468641804,-0.8972394639533859,-0.504219729816288,1.440524679926665,-0.8074220932145177,-0.24771033118843389,0.9397098789981359,-4.341382125336372,0.12162881482100985,3.9365684373473373,-0.5042790658461918,-0.06348698596091995,3.7290742937528503,-0.6421572571155605,-0.2392625323812323,4.7580732956872005,-0.5335187994819144,-0.01042989815455908,-0.0032027028501033783,-0.013161157257854939,0.018647176619812945,0.017478586665369972,-0.0038044152861058667,0.06279960569366816,0.018878015803171222,0.018897045269573965,0.005503253455489299,0.004490704133279122,0.020305285395146814,0.020294502674293384,0.000872673975464533,0.0014044500345533617,0.038321889812460125,-0.00210467340724688,-1.054446114060744,-0.008645247966625025,0.024163492570350678,0.024277857402115497,-0.24219239168965467,-0.24576216879967927,-0.06119524817436988,0.020017874835055644,-1.5228370579054147,0.5983286825856662,0.0033094332878781823,0.002374680945320109,-0.349578460443594,-0.09355119962408964,-0.002310882206211613,-0.0009085418907562146,-0.45993361436101965,0.37366236322615265,-0.06246314186437873,-0.0450918377351414,0.033279591531546915,0.43134307566938923,0.00027784856665278006,0.0006675072099328172,1.7960489901640555,0.16384990700883462,8.267488394752951e-05,0.00023465720565701354,0.9977818479456271,-0.2961376064760566
2039-11-01,176,0.017478625995952263,0.01890817685440438,0.02023512911143118,-0.0020860387720244185,0.02294846410152771,3.8575803810679377,3.3684034003531425,5.034899504586068,2.066409706481088,0.4991717923804462,0.7152678494445133,1.5199580198984506,1.353621011807831,69.22589736959632,68.77344601149119,0.030160785147745048,0.30221254336252146,-0.06634918147256885,0.0007121577985517686,0.0001136663996229248,0.0026137799389883373,-0.0011444263547494306,0.0018879350973293185,14.097183446308737,1325345.1132375982,1.006005273165836,2.3049110868323632,0.6024277360713474,1.0836918343769182,3.686647572231266,2.836846534791788,4.7084470758012555,1.0540056778562736,65.57250877951982,68.06827079215878,0.055715248022012,0.01700684568544819,84.16258997151647,69.01693582024777,-0.18285017090412137,-0.00352797187911591,0.2917684623300412,0.2879179869291842,0.03579578460630928,0.04964801465096769,1.446414149296643,1.0540744284353751,0.4286431776721309,2.8984704369208103,-0.7834312155327183,-0.8277809612884162,1.1982190674986577,0.18730896108641626,-0.40305753025807645,3.164625849072088,0.4025740267502975,-0.5197037209488372,0.43416831309102283,0.2842634914082629,2.1177333098559084,3.8111895660453805,0.04636537816204056,0.012172266484947958,2.7994556680663116,0.1873759680131475,0.20323512844903324,5.328941927021878,0.06933335418860143,-0.05517838746652248,-0.016943296417593956,0.033898454159498215,0.018576235016037813,0.018417656738613057,-0.05908673200667025,-0.05098535367379797,0.018981906308872806,0.018859594959782813,-0.0038841965221355634,0.0025759776243956534,0.02032300528927554,0.01804475665536395,-0.004323975543653047,0.12138553585958878,-0.002086477983752469,-0.0020885200729186463,-0.0002105038881170529,-0.0011880665770955812,0.018311278513162246,0.027095313982477567,0.2532420434232505,-0.15304675500832388,0.03199514351327925,0.013802640098129877,-0.05733239998666895,1.18514609765356,0.002152526694160946,0.0015041254014283461,0.21428456431161136,0.7377407073281537,-0.0012480298007461388,-0.0014815303248985473,-0.083013599462744,-0.22753767809120007,-0.06454188971140232,-0.04671880585801061,0.02800184142806783,0.4201814505751613,0.000776878204208036,0.00040167284776803204,-0.08330830406324052,0.7729796836131753,0.00016516638243138578,4.164048879183789e-05,-0.3118066888088158,1.729708582220221
2039-12-01,177,0.018701776263644995,0.018898630273529057,0.020354599552107264,-0.0020862024261812514,0.03978343786483779,2.7373350283503806,3.5303376690610255,5.2940902216360035,-0.38116310001058085,0.6938166274983324,1.1328882719669984,2.0469616473203467,1.3695946028149553,67.12726345859076,73.84732763134559,0.01358943592895126,0.2882392536823803,-0.06823556182488467,0.0010338237056903106,-4.212628683965303e-05,0.0016295706820499628,-0.0013376685608930258,0.01952473260462284,14.11670817891336,1351476.3951973333,2.066409706481088,0.4991717923804462,0.7152678494445133,1.5199580198984506,3.8575803810679377,3.3684034003531425,5.034899504586068,1.353621011807831,69.22589736959632,61.0317259357431,-0.030315734295230268,0.09987489997030918,68.77344601149119,74.11581859400042,0.07377675417059404,-0.003622586483535861,0.30221254336252146,0.3023284243713287,-0.04623663043455939,-0.04660220327693587,0.891721699471419,-1.1844566925983269,-1.4274462539562744,0.4939551630599017,0.3899355654486516,0.4046145872842988,1.2568833968009512,0.583865782373435,-0.09865284651666817,2.1919688528402386,0.3467224887284095,-0.06615386223759478,1.5169525356870124,0.011800637599286956,-0.09714076703482366,2.5242182679311442,-0.2904010395260842,0.08442881629008547,3.4808047357388627,0.0480744879579762,0.014230310828294401,5.17364606355016,0.051478826303057224,0.02328032428317961,0.0018879350973293185,0.0030069921631366014,0.017478625995952263,0.01934371397248487,0.06997977232169106,-0.033185856126335844,0.01890817685440438,0.018877574673280682,-0.000504891664005136,0.0011153763453615184,0.02023512911143118,0.020255725756797672,0.005904110619615155,0.004881276360902964,-0.0020860387720244185,-0.002088587272090148,7.84521165320129e-05,-0.001141846424501991,0.02294846410152771,0.025716638977078748,0.7335991502014878,0.5469921205604196,0.030160785147745048,0.008538523677535412,-0.5494336151269834,0.5915439767069615,0.0026137799389883373,0.002503474279555,-0.3765463351590771,-0.34907632350845486,-0.0011444263547494306,-0.0019737309707559794,0.16885508214803835,-0.32226398596731176,-0.06634918147256885,-0.04831949437808971,0.02843110209423938,0.41217458301521104,0.0007121577985517686,0.0010520107243057117,0.4516778553751375,-0.017287864272870324,0.0001136663996229248,9.877269162310119e-05,-1.37061336489413,-1.4264973055548527
2040-01-01,178,0.018169978712330108,0.018912551586873196,0.020354599552107264,-0.0020848066937538654,0.02319852162793328,2.376218809206171,3.6811595816446423,5.485462409013716,2.147531928917763,1.557387329090016,1.1233354026798301,2.223977069285047,0.7599012077539242,62.02803650653854,65.3166193209432,0.023143281941468617,0.3076273901362128,-0.07032265348181445,0.0005772452641673916,0.00016274198925380327,0.0022344162820590527,-0.0017400790033276906,0.0033026167657226324,14.120010795679082,1355947.182383273,-0.38116310001058085,0.6938166274983324,1.1328882719669984,2.0469616473203467,2.7373350283503806,3.5303376690610255,5.2940902216360035,1.3695946028149553,67.12726345859076,67.82221183880316,-0.07596357559246869,-0.0854318249902547,73.84732763134559,73.1672888625568,-0.11551817220778349,-0.10729753232159411,0.2882392536823803,0.2836126304818146,0.06726403918321577,0.08467450696254519,1.253450859173548,-6.634154850923788,0.7132956694718129,0.11767832379625609,1.244667059516038,12.234275258597489,0.43755969720579024,-0.00843231369196007,1.5672734711476646,2.909805041845839,0.08647715612865992,-0.23569550629609748,1.6396982241582405,-0.445163403687424,-0.5365603276517367,3.0529818095950874,-0.13192255073060288,-0.22167279158426245,2.658920414783973,0.04272166764822005,0.38445647382933124,5.752332983234325,0.036148267098964126,-0.046393450274597514,0.01952473260462284,-0.007946040481328964,0.018701776263644995,0.017682406156049425,-0.02843567069875952,0.027573880612050017,0.018898630273529057,0.019041718721064648,0.0007366308109448827,-0.0067833758120039445,0.020354599552107264,0.02036502949487507,0.0,-0.0005121496519527868,-0.0020862024261812514,-0.0020885838134076878,-0.0006690302004589421,-0.0018084596986605028,0.03978343786483779,0.02650569118558817,-0.41687991604071317,-0.12477205497108801,0.01358943592895126,0.011069519920045246,0.7030347736629461,1.0907213780391318,0.0016295706820499628,0.0010888584711072546,0.3711686806050094,1.0520722769295134,-0.0013376685608930258,-0.0007021684181633387,0.3008297078956659,1.47815048116122,-0.06823556182488467,-0.04970349160516433,0.030586568075543275,0.4148433281195829,0.0010338237056903106,0.0008316941796562192,-0.4416405224699793,-0.30594047873943764,-4.212628683965303e-05,-5.885415911820072e-06,-4.86319330429607,-28.65173977372741
2040-02-01,179,0.01804874932784397,0.018924812314283293,0.020632102288678848,-0.0020856301566075826,0.02397255166541814,2.032651530022892,3.409363940134421,4.900821451369163,0.10772199853044973,0.6995556002527172,0.8404665811818073,2.0170907290039914,0.6733101333350411,73.56784624098918,74.81222412792513,0.017312078323607778,0.30522999629353875,-0.07258134893447553,0.0007554630562531434,0.00010824289313068575,0.0014626321881001192,-0.0010582164978817875,0.005773703567683697,14.125784499246766,1363798.6637195153,2.147531928917763,1.557387329090016,1.1233354026798301,2.223977069285047,2.376218809206171,3.6811595816446423,5.485462409013716,0.7599012077539242,62.02803650653854,64.78093953870786,0.18604183502139704,0.13564030970916963,65.3166193209432,74.17919580135751,0.1453780815005723,0.008533771763484577,0.3076273901362128,0.2812255204501325,-0.007793174208618248,0.08535667675175573,0.5693210797307362,-0.9498391632366856,-0.8107886702853204,1.2340191056038645,-0.5508146321817908,-0.4331079664197004,1.0910673774021529,-0.25181154339408396,-0.22968407030648252,1.7445353376471642,-0.09302539272473909,0.1562338036238462,0.3253526467193404,-0.1139504366295514,1.0694779652917958,4.023060902256929,-0.14458570812258476,-0.49474999772372863,3.562200520530897,-0.07383424583532738,-0.042905103043917814,6.015131109026647,-0.10658006819696197,-0.18525110050972748,0.0033026167657226324,-0.007207418791949749,0.018169978712330108,0.018041288034813675,-0.0066719607328913355,0.00041356764638411647,0.018912551586873196,0.01890384238091358,0.0006482852064555455,0.0011092947638458028,0.020354599552107264,0.020248971683833293,0.013633416656573472,0.01892099069660147,-0.0020848066937538654,-0.0020936353136954255,0.0003949828327893812,-0.0038235680471557787,0.02319852162793328,0.030843682934048107,0.033365489831595596,-0.22277272410438953,0.023143281941468617,0.002269173678525714,-0.25196096355773834,6.629243405844309,0.0022344162820590527,0.0018668192313843089,-0.3454074785239756,-0.216511077499706,-0.0017400790033276906,-0.0005932710187336676,-0.39185721116220784,0.7836982836959445,-0.07032265348181445,-0.05118147580641119,0.032119030509068835,0.4181175472353946,0.0005772452641673916,0.0010751789476953792,0.3087384222074303,-0.29736063203947527,0.00016274198925380327,5.910335938691233e-05,-0.334880361073403,0.8314169321931086
2040-03-01,180,0.01716677242930917,0.019457491911443824,0.02022297378646986,-0.002084345055079745,0.025097871498124362,3.6601364075612723,3.1996610223132005,5.614052411486314,1.1088748943305011,1.1000270525013711,0.6737620527707366,2.7664899132298957,0.9566057339186599,65.89846762930388,70.8828446651245,0.022164425191579754,0.3037877217708001,-0.07431533544072913,0.0009338624107549417,5.6909975120306435e-05,0.0027031969315087197,-0.0019437396109574052,0.0146971195936203,14.140481618840386,1383990.5939259615,0.10772199853044973,0.6995556002527172,0.8404665811818073,2.0170907290039914,2.032651530022892,3.409363940134421,4.900821451369163,0.6733101333350411,73.56784624098918,65.23829431920056,-0.10424905721124966,0.010119414018907369,74.81222412792513,73.54672252693463,-0.05252322743515281,-0.03622021172778378,0.30522999629353875,0.2882541836632129,-0.004725205714551151,0.05388833532329951,2.457595023880862,9.29385742427584,-0.548796736827924,1.4269682761948008,0.5724655082512127,-0.22911597205598822,1.140765842634105,-0.19834759899276666,-0.40937743085384215,2.956660813505036,0.37152477746796553,-0.06431948480749072,0.5933858729309016,0.4207505376168905,0.6121141024030654,3.294079175087637,0.8006708742250825,0.1111258148383445,3.287103002724086,-0.06150792977911079,-0.02660153342880356,6.035683198615867,0.1455329412006825,-0.06985634819704312,0.005773703567683697,0.005205803085118532,0.01804874932784397,0.01771932061832877,-0.048866371985906376,-0.031183373274935255,0.018924812314283293,0.018912907206394707,0.028147153499561872,0.02879434129857028,0.020632102288678848,0.02077246242749723,-0.019829705014281718,-0.02645274449022439,-0.0020856301566075826,-0.0021020628994155746,-0.0006161694218729252,-0.008428788853442781,0.02397255166541814,0.029900166834762012,0.04694201303274559,-0.16061098799804985,0.017312078323607778,0.02064287014354116,0.28028679037080306,0.0737085026189861,0.0014626321881001192,0.000965755478084389,0.8481727350879837,1.7990490272657929,-0.0010582164978817875,-0.0014348959353833789,0.8368071324234247,0.3546206125659366,-0.07258134893447553,-0.05278164523718437,0.023890249102686,0.4079768659498775,0.0007554630562531434,0.0013478337126806655,0.2361457029899019,-0.3071382604775398,0.00010824289313068575,0.00015900989262632658,-0.47423822964897233,-0.6420978960469779
2040-04-01,181,0.017617126882991045,0.018886421387216204,0.02071174897634244,-0.0020879738944513597,0.02621399378900363,2.495758359185891,2.8952876288949154,5.065331383407194,0.7616067747035287,0.9585517436893143,1.021417476538582,1.0669059740740674,1.3069177962302154,69.38648531922499,79.76467248783489,0.03557652457383266,0.2852661375777553,-0.07670062710724351,0.0006614555227070309,0.00011886564713234053,0.0008044465101526317,-0.0011779049987902764,0.04325803741812706,14.183739656258513,1445173.0877403591,1.1088748943305011,1.1000270525013711,0.6737620527707366,2.7664899132298957,3.6601364075612723,3.1996610223132005,5.614052411486314,0.9566057339186599,65.89846762930388,65.23020045828362,0.05293017903757824,0.06371718669789184,70.8828446651245,74.66274277198164,0.12530292575969937,0.06833300688449695,0.3037877217708001,0.2758421222726003,-0.060968837335100834,0.034164525807417245,0.044698429105726856,-0.3131715952831996,16.0387816740063,0.8509850843624224,-0.12861075415404888,0.12640252021277587,1.19173133182584,0.5159913983552042,-0.1429129626275092,2.4643879480495916,-0.614346696522581,-0.5670706087820074,0.8621255024275971,0.3662031805689998,0.515925224981931,4.725926892633787,-0.31812422235683824,-0.4719007686987323,2.5229525189039084,-0.09512676227128514,0.14757911898903564,5.045298981459424,-0.09774063151894363,0.00397050839234403,0.0146971195936203,-0.025842800736427307,0.01716677242930917,0.017647663591575016,0.026234078393966298,-0.0017303541868595174,0.019457491911443824,0.01889656679048822,-0.0293496472632091,-0.0005368913509263828,0.02022297378646986,0.02025958687978211,0.024169303438428713,0.022318426295827365,-0.002084345055079745,-0.0020936820654255395,0.001740997423997026,-0.0027263790756213435,0.025097871498124362,0.024282790735838073,0.044470794703155514,0.07952969962037226,0.022164425191579754,0.015645948001030374,0.6051183040536576,1.2738490867724823,0.0027031969315087197,0.001764009672240076,-0.7024092100816159,-0.5439670638930889,-0.0019437396109574052,-0.001680228180568308,-0.39400062017047155,-0.29896128846507586,-0.07431533544072913,-0.05436493922248831,0.03209689699129181,0.41084728878931487,0.0009338624107549417,0.0008607325783453862,-0.29169916779035465,-0.23152028940444191,5.6909975120306435e-05,6.346444890473767e-06,1.0886610278964484,17.729485433768122
2040-05-01,182,0.01736229004195591,0.01884481958339835,0.02010414638183198,-0.0020885213199374063,0.02810311159271877,1.8735020603203802,3.3750917552998314,5.329123724640832,1.5472945568089589,-0.23455020891537348,1.4859871216640081,2.173669312749586,1.011552412201804,64.47045729460262,70.0800422480749,0.026552423321261093,0.2770053559770437,-0.0788481587947141,0.0013586231828999627,8.524491233224198e-05,0.0015897789328424951,-0.0012596807953824812,0.01917208358645439,14.202911739844968,1473147.3727732827,0.7616067747035287,0.9585517436893143,1.021417476538582,1.0669059740740674,2.495758359185891,2.8952876288949154,5.065331383407194,1.3069177962302154,69.38648531922499,64.44684580201496,-0.07084993571882614,0.0003663715779078647,79.76467248783489,78.0458264501435,-0.12141503171390833,-0.10206547312503911,0.2852661375777553,0.3158651859029045,-0.02895815700684068,-0.12302663180426021,1.2676359402435957,1.0316186885434093,0.22061430075233002,1.9767174148924014,-1.2446922771353237,-1.1186564185392887,1.216056172421094,0.4548283691990247,0.2219724346330958,2.3621929857498216,1.0373578980434917,-0.07980875150232203,0.5991434609183025,-0.22600150130359264,0.6883308893189046,3.5034518619912998,-0.24932553929960155,-0.46524110102785454,3.934340041967779,0.16571898474489366,-0.14214538669825727,5.244171297271494,0.052078002655020494,0.016199399781913648,0.04325803741812706,0.0031749969348311424,0.017617126882991045,0.018531530762913695,-0.014465289529201009,-0.06309466475903502,0.018886421387216204,0.019246681326190587,-0.0022027361862217987,-0.020879534293810398,0.02071174897634244,0.020655446491067164,-0.02933613164221338,-0.026690302215137574,-0.0020879738944513597,-0.002081659979151834,0.0002621802348685698,0.0032960910303747593,0.02621399378900363,0.023411181931262,0.0720652419055503,0.20041404467458457,0.03557652457383266,0.012248651846974677,-0.25365325479850265,1.167783332646469,0.0008044465101526317,0.002031243660182597,0.9762394550519689,-0.21733715949194232,-0.0011779049987902764,-0.0023249546561431647,0.06942478101051419,-0.45819124168548375,-0.07670062710724351,-0.055651646511603724,0.027998880432462236,0.4168162801485802,0.0006614555227070309,0.0007535349926760132,1.0539902325401225,0.8029994573644317,0.00011886564713234053,0.00011683143699718314,-0.2828465213558842,-0.27035980620269806
2040-06-01,183,0.017637931099258465,0.018918352625644647,0.019927825246927402,-0.0020856448254128724,0.02820536221039985,3.5260495273284884,2.8089255980711574,5.638052165838092,0.11778871297217175,1.0649218514210756,1.7747913172355734,1.226525177199071,0.354217055218936,66.8475896204395,66.79676908454014,0.025356794099313396,0.2832581013629716,-0.08140250979279562,0.0006298308908252782,5.212494637121131e-05,0.0008709547634772048,-0.0007415523536221129,-0.0024176533333957195,14.200494086511572,1469590.114957717,1.5472945568089589,-0.23455020891537348,1.4859871216640081,2.173669312749586,1.8735020603203802,3.3750917552998314,5.329123724640832,1.011552412201804,64.47045729460262,69.10404794846198,0.036871652933597066,-0.03265305571831845,70.0800422480749,74.90074226674044,-0.046850330824749875,-0.10819616651247588,0.2770053559770437,0.28384863336540456,0.02257265157878785,-0.0020804468756161487,2.561406156738359,-0.9238744087518206,-0.954014043160511,0.18104983309378697,-5.540272448895166,4.881926722735102,1.364232388022996,0.19435174865322002,0.30094500967503546,2.2346699387439855,-0.4357351552948151,-0.4511381050355697,1.1396906229196848,-0.6498282729137816,-0.6891989386457398,3.4034281079319766,0.8820633304910872,0.0360287967037507,2.9897883174372626,-0.16774837494110673,-0.060493486549286546,4.481985292900103,0.05796983841242698,0.25793633789234205,0.01917208358645439,-0.01682105101644993,0.01736229004195591,0.017985809730114297,0.015875846828757645,-0.019341838709289072,0.01884481958339835,0.01924160361041312,0.0039020295164342578,-0.01679958652684932,0.02010414638183198,0.020385566795698796,-0.008770386543937914,-0.022454197784089747,-0.0020885213199374063,-0.002086177012370613,-0.0013772876039493953,-0.00025510153480978737,0.02810311159271877,0.025230152953109156,0.0036384091257557483,0.11792275943868402,0.026552423321261093,0.02022988016567378,-0.04502900573260782,0.2534327386841868,0.0015897789328424951,0.0015105440912131422,-0.4521535381526576,-0.42341652352714376,-0.0012596807953824812,-0.0017361670461831342,-0.41131725089374505,-0.5728796055354385,-0.0788481587947141,-0.057562831317212695,0.03239582302399624,0.4141505539261805,0.0013586231828999627,0.0009395960892152775,-0.5364197381934019,-0.3296791056768935,8.524491233224198e-05,8.044935480640426e-05,-0.38852718660728547,-0.35207750892911016
2040-07-01,184,0.01977302407004818,0.01881893916460946,0.020245931608059216,-0.002086346510729383,0.027213447452551172,4.811307587113679,1.8621682701116604,5.33077265054701,1.402423922270052,0.5542189458790142,1.0291064446268434,2.4713986375492167,0.670543451553549,67.9000882029793,71.1770701756215,0.017117115392336325,0.29402942415453626,-0.08393508448352523,0.0009518245744199906,5.3917164239072584e-05,0.00044672243090105733,-0.0009117880631433042,0.00209511024877429,14.202589196760346,1472672.295896066,0.11778871297217175,1.0649218514210756,1.7747913172355734,1.226525177199071,3.5260495273284884,2.8089255980711574,5.638052165838092,0.354217055218936,66.8475896204395,64.72058474473103,0.015744749938118696,0.049126618228014785,66.79676908454014,69.12321478781469,0.06557654136740498,0.029712961037930086,0.2832581013629716,0.30253405928029453,0.03802653036130499,-0.028111331153887753,1.2084032965213753,10.906267475741778,0.1605594972367279,1.547749127373957,-0.47956843486736456,-0.6419193937331761,1.7248276705911418,-0.4201535500918574,-0.4033569485384342,2.0233987486608713,1.0149595650314942,0.22140959076150524,0.6700876824715358,0.8930298292359091,0.0006801633486712699,3.0831657793913028,0.36450368885174633,0.5605088831984755,2.9425189490433694,-0.33705318809783336,-0.3671516471569155,4.930341652715203,-0.05450100606605601,0.08121769768455778,-0.0024176533333957195,0.007316103205084801,0.017637931099258465,0.018052058218283457,0.12105121393061102,0.09533349776269251,0.018918352625644647,0.018946781337097478,-0.005254868803979629,-0.006747434839378452,0.019927825246927402,0.01990626759198624,0.01596292406171429,0.017063169401466016,-0.0020856448254128724,-0.002087204358719376,0.00033643567109842287,-0.00041100335307808766,0.02820536221039985,0.02987829552178506,-0.03516759509945033,-0.0891900967808179,0.025356794099313396,0.02390461998253755,-0.32494954506887697,-0.28394112080257006,0.0008709547634772048,0.002230682922000652,-0.4870888252363875,-0.7997373689935271,-0.0007415523536221129,-0.0009539198655375866,0.22956667683633536,-0.04416702483760393,-0.08140250979279562,-0.05894177160769732,0.031111751924800535,0.42403396087544776,0.0006298308908252782,0.0008157098031199208,0.5112383153719224,0.1668666611329901,5.212494637121131e-05,0.0001666698562819975,0.0343831119767084,-0.6765032055475748
2040-08-01,185,0.019088811129145705,0.018980053962196774,0.0204272769044789,-0.0020871670643869984,0.025422525362294144,3.2231985921946253,3.5539127566836464,5.108010395236879,2.474135511353351,0.6811024149558321,1.1075756979352767,2.037909813925474,0.9421825119743165,69.19743154600444,65.72531841012018,0.007462074379964602,0.2987591231747791,-0.08626716917112487,0.000792398289476521,8.346086884636938e-05,0.0017054393956137173,-0.0011176287822954136,0.011302479542791843,14.213891676303138,1489411.5638127036,1.402423922270052,0.5542189458790142,1.0291064446268434,2.4713986375492167,4.811307587113679,1.8621682701116604,5.33077265054701,0.670543451553549,67.9000882029793,61.114336712796565,0.019106651807975217,0.1322618434229914,71.1770701756215,77.78145283599733,-0.0765942142890923,-0.15500011874678632,0.29402942415453626,0.29413969579309857,0.016085801731724025,0.01570487577076274,0.984512429185333,0.7641851882764228,1.513056654247276,0.6183188720176369,0.22894105302657142,0.10153910187687809,1.8981001371509914,0.07624989010430916,-0.41648194620662915,2.693017059516041,-0.17540222651154957,-0.24326145401704047,1.781438103574036,0.40510284574611877,-0.4711112835837242,3.319119305887606,-0.3300784591641055,-0.028899447369316378,3.437728074803936,0.9084809969780789,0.03379693778901838,5.842544455283583,-0.04178798645394721,-0.12572160394645238,0.00209511024877429,0.010233265347778797,0.01977302407004818,0.01903590592975035,-0.03460335346169463,0.00277923202555197,0.01881893916460946,0.018979615928906728,0.008561311356503065,2.3079144050530687e-05,0.020245931608059216,0.020445735520550106,0.00895712283980532,-0.0009028100775662073,-0.002086346510729383,-0.0020353248764370135,0.000393296920427888,0.025471210296775126,0.027213447452551172,0.027273130935605586,-0.06581018789992132,-0.06785453337502378,0.017117115392336325,0.040407237903811996,-0.5640577159802567,-0.8153282736689944,0.00044672243090105733,0.0014985563101045005,2.8176712823078454,0.1380549293438229,-0.0009117880631433042,-0.0012754113568538708,0.22575500543678184,-0.12371112559924857,-0.08393508448352523,-0.060617577857112914,0.027784384824886654,0.4231378458319943,0.0009518245744199906,0.0012541042437687587,-0.16749544950614303,-0.36815596198346856,5.3917164239072584e-05,0.00021627149175915518,0.5479461879022027,-0.6140921386933731
2040-09-01,186,0.018148884377014805,0.018664990343594853,0.02012108911107792,-0.0020864890955063866,0.02355823210402168,3.74917251769515,3.7750840356551727,5.269817417221868,0.168548825607304,1.9259878556909844,0.7631249653433828,2.2704520700405175,0.9506067056842149,68.63758310018524,75.54447697760962,0.019363883204840424,0.26260229648624883,-0.08867953428940718,0.0006988097916688644,0.00020628664102737896,0.001269364109845615,-0.0010987290499131714,0.008749854750931263,14.22264153105407,1502500.8799582687,2.474135511353351,0.6811024149558321,1.1075756979352767,2.037909813925474,3.2231985921946253,3.5539127566836464,5.108010395236879,0.9421825119743165,69.19743154600444,64.0753749795115,-0.008090595753499796,0.07120064645946345,65.72531841012018,79.75898001585188,0.1493968961278933,-0.05284048313311729,0.2987591231747791,0.26615286884631045,-0.12102333915131325,-0.013340349760091796,6.299637825180486,-0.9318756693665871,-0.9732446800459557,7.691577494805202,1.8277507367462205,-0.7495978091631044,5.862442521690187,-0.3109952062274506,-0.8698281539614365,5.627290546802298,0.11410821741277877,-0.596528373440625,-0.3154400299996124,0.00894114845354732,-4.013589320560815,7.436941468942288,0.1631838406650572,-0.4958717191264418,7.927634669701573,0.06223317625216929,-0.523807012691557,10.093540898479805,0.03167711290013653,-0.477902009787709,0.011302479542791843,-0.0032027028501033783,0.019088811129145705,0.018647176619812945,-0.049239669551540355,-0.02672212812467789,0.018980053962196774,0.018878015803171222,-0.016599721962300196,-0.011284314082446345,0.0204272769044789,0.020305285395146814,-0.014989163500977676,-0.009071346720047502,-0.0020871670643869984,0.038321889812460125,-0.00032482731841632084,-1.0544464040191457,0.025422525362294144,0.024163492570350678,-0.0733323393999844,-0.025048550600324737,0.007462074379964602,-0.06119524817436988,1.5949732231069347,-1.3164278891338905,0.0017054393956137173,0.0033094332878781823,-0.2556967353338151,-0.6164406412133909,-0.0011176287822954136,-0.002310882206211613,-0.01691056340140551,-0.5245412998724877,-0.08626716917112487,-0.06246314186437873,0.027963884076188883,0.4197097943287904,0.000792398289476521,0.00027784856665278006,-0.1181078998409798,1.5150743085968417,8.346086884636938e-05,8.267488394752951e-05,1.471657003800202,1.49515489079248
2040-10-01,187,0.018355290511413443,0.01906727629738154,0.02023456981987954,-0.00208730056182501,0.0340624657845882,3.3258157422737646,2.155208677085512,5.293042416465158,1.3051392205488328,0.25731208137572303,1.4207398706961987,1.7184222228479067,1.6871562468401247,68.03833618690179,65.48337301923092,0.03178659761527064,0.2909434896754747,-0.09148405389200782,0.00036020956508952943,9.959389398997074e-05,0.0014459364977674751,-0.0009908003711334968,0.003910329192876816,14.226551860246946,1508387.655124824,0.168548825607304,1.9259878556909844,0.7631249653433828,2.2704520700405175,3.74917251769515,3.7750840356551727,5.269817417221868,0.9506067056842149,68.63758310018524,65.57250877951982,-0.008730594613286069,0.037604591516744224,75.54447697760962,84.16258997151647,-0.13318119816172225,-0.22194204050287947,0.26260229648624883,0.2917684623300412,0.10792439201197124,-0.002827490839751423,1.006005273165836,6.7433895836784465,0.2973482896780857,2.3049110868323632,-0.8663999460768108,-0.8883635543055386,0.6024277360713474,0.8617394728488661,1.3583573358712955,1.0836918343769182,-0.24313653411884606,0.5857111480736905,1.0540056778562736,0.7748204770192169,0.6007088787904886,3.686647572231266,-0.11292005727217092,-0.09787532518035502,2.836846534791788,-0.42909650308977243,-0.24028013124661507,4.7084470758012555,0.0044071734188342315,0.12415884287377699,0.008749854750931263,-0.016943296417593956,0.018148884377014805,0.018576235016037813,0.011372937868293853,-0.011893933535704004,0.018664990343594853,0.018981906308872806,0.021552968760294,0.0044974402001356495,0.02012108911107792,0.02032300528927554,0.005639888982905239,-0.004351495664013161,-0.0020864890955063866,-0.002086477983752469,0.00038891471820812207,0.0003942423926570626,0.02355823210402168,0.018311278513162246,0.4458837842408947,0.8601904700484959,0.019363883204840424,0.03199514351327925,0.6415404533799753,-0.006518048525772535,0.001269364109845615,0.002152526694160946,0.1391030253276464,-0.32826082868575035,-0.0010987290499131714,-0.0012480298007461388,-0.09823047710279786,-0.2061084033881695,-0.08867953428940718,-0.06454188971140232,0.031625330749347924,0.4174368662131962,0.0006988097916688644,0.000776878204208036,-0.4845384690027109,-0.5363371463655184,0.00020628664102737896,0.00016516638243138578,-0.5172062839650758,-0.3970086858847047
2040-11-01,188,0.017927020288700714,0.018931437071569045,0.02044795859344485,-0.002086438660562136,0.030918099952889345,3.171491438962481,2.8153915559156797,5.128567883007214,0.6612337026928414,1.5466791268162967,0.8551210143803513,2.7307719206913443,0.4421265255465272,63.90922329709608,72.98826207606349,0.007018800268934424,0.29334029253572197,-0.09392670320219035,0.0009873830526178659,-3.0713579551753236e-05,0.0017088406189799902,-0.000981923188163236,0.031984224915504456,14.25853608516245,1557412.0902014186,1.3051392205488328,0.25731208137572303,1.4207398706961987,1.7184222228479067,3.3258157422737646,2.155208677085512,5.293042416465158,1.6871562468401247,68.03833618690179,69.22589736959632,-0.06068803444080417,-0.07680180791466784,65.48337301923092,68.77344601149119,0.11460755167007908,0.06128551510808489,0.2909434896754747,0.30221254336252146,0.008238035719310144,-0.029357652492129405,2.066409706481088,-0.4933615569266383,-0.680008422038017,0.4991717923804462,5.010907527337825,2.098490640748161,0.7152678494445133,-0.3981157057545516,0.1955255853376463,1.5199580198984506,0.5891158088992186,0.7966100937931095,1.353621011807831,-0.7379457140531079,-0.6733749537796814,3.8575803810679377,-0.046401940236706074,-0.17785473647486738,3.3684034003531425,0.3063197015905359,-0.16417625168632866,5.034899504586068,-0.031073722920925362,0.01860382284409612,0.003910329192876816,0.0018879350973293185,0.018355290511413443,0.017478625995952263,-0.023332249764525748,0.025653863916551112,0.01906727629738154,0.01890817685440438,-0.007124207133409555,0.0012301671040932938,0.02023456981987954,0.02023512911143118,0.010545752910233075,0.010517821796028892,-0.00208730056182501,-0.0020860387720244185,-0.0004129262831799041,0.0001916975576294888,0.0340624657845882,0.02294846410152771,-0.09231175017052184,0.34728406293783665,0.03178659761527064,0.030160785147745048,-0.7791899481068552,-0.767287216345587,0.0014459364977674751,0.0026137799389883373,0.18182272984908998,-0.3462186339828607,-0.0009908003711334968,-0.0011444263547494306,-0.00895960803900897,-0.1419953026350692,-0.09148405389200782,-0.06634918147256885,0.026700274050666106,0.41564222975415355,0.00036020956508952943,0.0007121577985517686,1.7411350178123493,0.38646667160816106,9.959389398997074e-05,0.0001136663996229248,-1.308388178444415,-1.2702080795524622
2040-12-01,189,0.017408075769300216,0.018892469962309394,0.020226461767470835,-0.0022952840370203858,0.029444895374982894,3.817551892241351,3.619305187101854,5.177013476965191,1.4010686099433158,0.8154504343237761,1.6976852032637244,2.6029992780406714,1.1583776062960958,63.016931025004396,65.38041251346353,0.011593024061910092,0.28771723493301055,-0.09689139173509327,0.0010803770380901057,6.73213795564642e-05,0.003110479790700794,-0.001858386041515904,-0.006529847625643015,14.252006237536808,1547275.5575863165,0.6612337026928414,1.5466791268162967,0.8551210143803513,2.7307719206913443,3.171491438962481,2.8153915559156797,5.128567883007214,0.4421265255465272,63.90922329709608,67.12726345859076,-0.013961870072237703,-0.06123193799076787,72.98826207606349,73.84732763134559,-0.104233877423627,-0.11465431979001173,0.29334029253572197,0.2882392536823803,-0.01916905977731198,-0.0018110605779773081,-0.38116310001058085,1.1188705358446391,-4.675771893723246,0.6938166274983324,-0.47277336314591045,0.17531117301701737,1.1328882719669984,0.9853157327608453,0.49854601311750435,2.0469616473203467,-0.04678993572569212,0.27164047330746377,1.3695946028149553,1.6200138181354014,-0.15421862504769002,2.7373350283503806,0.20370871740086471,0.3946235490735488,3.5303376690610255,0.2855423891206168,0.025200852264223084,5.2940902216360035,0.00944622262259509,-0.02211461077719079,0.031984224915504456,0.01952473260462284,0.017927020288700714,0.018701776263644995,-0.028947617118924462,-0.06917527384068034,0.018931437071569045,0.018898630273529057,-0.0020583281191141056,-0.0003259660160817024,0.02044795859344485,0.020354599552107264,-0.010832221953198995,-0.006295274161911113,-0.002086438660562136,-0.0020862024261812514,0.1000965810334351,0.10022115218313399,0.030918099952889345,0.03978343786483779,-0.047648612953293035,-0.25987051508669434,0.007018800268934424,0.01358943592895126,0.6517102093959593,-0.14690910479867414,0.0017088406189799902,0.0016295706820499628,0.8202281454179412,0.908772552773152,-0.000981923188163236,-0.0013376685608930258,0.8925981827480418,0.38927242206787604,-0.09392670320219035,-0.06823556182488467,0.031563851725116,0.41995448038881933,0.0009873830526178659,0.0010338237056903106,0.09418227832215997,0.04503024272277667,-3.0713579551753236e-05,-4.212628683965303e-05,-3.191909264207573,-2.598084820831996
2041-01-01,190,0.017978401706492703,0.01888311930747929,0.020306284956069308,-0.0020876473391042314,0.024683458609929498,3.0459699539404217,4.3632203263226685,6.1728090565714755,1.1286604914161396,0.8125071105167561,0.2652568185865436,2.366220140632566,1.530976232213232,66.12929516140801,71.68440673878898,0.022380590975579925,0.3088940296750271,-0.099674372970347,0.0008238899744524175,5.2965555761533804e-05,0.0017827034392139786,-0.0014090258876509742,-0.0005992880905978382,14.25140694944621,1546348.5715653668,1.4010686099433158,0.8154504343237761,1.6976852032637244,2.6029992780406714,3.817551892241351,3.619305187101854,5.177013476965191,1.1583776062960958,63.016931025004396,62.02803650653854,0.04938933213311625,0.06611943382146457,65.38041251346353,65.3166193209432,0.0964202271441359,0.09749107476853136,0.28771723493301055,0.3076273901362128,0.0736028022337527,0.004117447208629388,2.147531928917763,-0.19442882139668904,-0.47443831860282426,1.557387329090016,-0.003609445385188592,-0.4782883516899388,1.1233354026798301,-0.8437538254579829,-0.7638667685948946,2.223977069285047,-0.09096396583956567,0.06395887498662312,0.7599012077539242,0.32165558440698616,1.0147043018110349,2.376218809206171,-0.20211432878464952,0.2818558384183467,3.6811595816446423,0.20554087062674653,0.18528420992096728,5.485462409013716,0.19234942772256947,0.12530331926590366,-0.006529847625643015,0.0033026167657226324,0.017408075769300216,0.018169978712330108,0.0327621469914714,-0.010543601006389847,0.018892469962309394,0.018912551586873196,-0.0004949408335045424,-0.0015562299597022822,0.020226461767470835,0.020354599552107264,0.003946473165506781,-0.002373645126953816,-0.0022952840370203858,-0.0020848066937538654,-0.09046231079343758,0.0013625461578172793,0.029444895374982894,0.02319852162793328,-0.1617066966758126,0.06400998330032404,0.011593024061910092,0.023143281941468617,0.9305222568383464,-0.03295517756805644,0.003110479790700794,0.0022344162820590527,-0.4268718785623957,-0.20216145329410729,-0.001858386041515904,-0.0017400790033276906,-0.24180129630030067,-0.19025177307674968,-0.09689139173509327,-0.07032265348181445,0.02872268821220514,0.4173864044553288,0.0010803770380901057,0.0005772452641673916,-0.23740514153383618,0.4272788805652339,6.73213795564642e-05,0.00016274198925380327,-0.21324316122918707,-0.6745427777773338
2041-02-01,191,0.0184849180658202,0.019054802051760383,0.02040318685733939,-0.0021052279003354007,0.02341139701547306,3.413129676823369,3.352377834013525,5.64035119414945,0.7012502169958733,1.533669730381547,1.139261112015307,2.0199281870220775,1.8217296707921542,68.2017723640105,78.76040791577473,0.012069013662075858,0.29721677906631544,-0.10238294227687017,0.0006287190022475494,-8.65332216214375e-06,0.0020915070058317863,-0.0014160360067939294,0.014819221571087837,14.266226171017298,1569434.8918250639,1.1286604914161396,0.8125071105167561,0.2652568185865436,2.366220140632566,3.0459699539404217,4.3632203263226685,6.1728090565714755,1.530976232213232,66.12929516140801,73.56784624098918,0.03133977456653647,-0.07294047809148607,71.68440673878898,74.81222412792513,0.09871046576098497,0.0527745810777982,0.3088940296750271,0.30522999629353875,-0.03780341957724709,-0.026253046307798122,0.10772199853044973,-0.378688079959272,5.509814397823776,0.6995556002527172,0.8875769953645454,1.1923485850552877,0.8404665811818073,3.2949361983831826,0.3555103052561057,2.0170907290039914,-0.1463481557205888,0.0014067081749402632,0.6733101333350411,0.18991375075666528,1.7056323387987038,2.032651530022892,0.12053950906770128,0.6791514071203981,3.409363940134421,-0.23167349267486648,-0.016714585805893467,4.900821451369163,-0.08625859921184165,0.15089914009694883,-0.0005992880905978382,0.005773703567683697,0.017978401706492703,0.01804874932784397,0.02817360339348607,0.02416614747390544,0.01888311930747929,0.018924812314283293,0.009091863557367574,0.006868746454039121,0.020306284956069308,0.020632102288678848,0.004772015239602911,-0.011095109365809375,-0.0020876473391042314,-0.0020856301566075826,0.008421231355441927,0.009396557517990178,0.024683458609929498,0.02397255166541814,-0.05153498197147788,-0.023408215269573374,0.022380590975579925,0.017312078323607778,-0.46073749012058307,-0.30285587689273363,0.0017827034392139786,0.0014626321881001192,0.17322206252878702,0.42996101333483017,-0.0014090258876509742,-0.0010582164978817875,0.004975152837427332,0.33813450237109577,-0.099674372970347,-0.07258134893447553,0.027174179538896892,0.4105957491820482,0.0008238899744524175,0.0007554630562531434,-0.23688960693396555,-0.16777002257953444,5.2965555761533804e-05,0.00010824289313068575,-1.1633764063782035,-1.0799435594510234
2041-03-01,192,0.018492146318770674,0.01888570207212905,0.020337994046362547,-0.002086229897110871,0.0247460219860068,3.431278118946309,2.9651554200357046,5.179381096089883,1.4345422320071213,1.2189347658763583,1.5251626212272402,2.364493102144255,0.8199238175328474,64.20827543793193,74.14357908967041,0.013901359939675804,0.3091133156971739,-0.10535389331416635,0.0011627351873991047,0.00018144726749352548,0.0017615314040185235,-0.0020532256482175717,0.004083816893398762,14.270309987910696,1575857.2815554133,0.7012502169958733,1.533669730381547,1.139261112015307,2.0199281870220775,3.413129676823369,3.352377834013525,5.64035119414945,1.8217296707921542,68.2017723640105,65.89846762930388,-0.058554151712718494,-0.02564842935164624,78.76040791577473,70.8828446651245,-0.05861865051589743,0.046001743298407005,0.29721677906631544,0.3037877217708001,0.04002646374215657,0.017530642434560928,1.1088748943305011,1.045692389447864,0.2936916863585828,1.1000270525013711,-0.2052169109622375,0.10809526284340087,0.6737620527707366,0.3387296425217998,1.2636517075357059,2.7664899132298957,0.17058275503851417,-0.14530933554581693,0.9566057339186599,-0.5499201496914112,-0.14288218389190066,3.6601364075612723,0.005317243656511428,-0.06252725667332448,3.1996610223132005,-0.11550679343152415,-0.07329076444102811,5.614052411486314,-0.0817271978627353,-0.07742558913541608,0.014819221571087837,0.0146971195936203,0.0184849180658202,0.01716677242930917,0.00039103516308469644,0.0772057703286535,0.019054802051760383,0.019457491911443824,-0.008874402325040776,-0.029386615804191996,0.02040318685733939,0.02022297378646986,-0.003195226874736612,0.005687603668340868,-0.0021052279003354007,-0.002084345055079745,-0.009024202663048042,0.0009042850302221073,0.02341139701547306,0.025097871498124362,0.05700748954245061,-0.014019097681006731,0.012069013662075858,0.022164425191579754,0.1518223716456366,-0.372807558981637,0.0020915070058317863,0.0027031969315087197,-0.15776930265745515,-0.3483525438025079,-0.0014160360067939294,-0.0019437396109574052,0.4499812422611442,0.056327522803446994,-0.10238294227687017,-0.07431533544072913,0.029018027527104584,0.4176602001371885,0.0006287190022475494,0.0009338624107549417,0.8493717912812406,0.24508190286740472,-8.65332216214375e-06,5.6909975120306435e-05,-21.968509445691808,2.188320977297037
2041-04-01,193,0.01908881417179843,0.01891023295479071,0.020360489443479318,-0.0020873465902817604,0.0273827624633217,2.7963592183709545,3.2378318498580394,5.694972254027862,2.32028251875673,1.3851022770629073,1.474307095587949,1.738431838494141,1.154612019208739,68.67727068633775,69.7545685152198,0.01721567280896759,0.2884757573705505,-0.1086555474089992,0.0006005247089187409,0.00017573766066668694,0.0016762290119937994,-0.0013359156480415068,0.010280006565153599,14.28058999447585,1592140.6579637104,1.4345422320071213,1.2189347658763583,1.5251626212272402,2.364493102144255,3.431278118946309,2.9651554200357046,5.179381096089883,0.8199238175328474,64.20827543793193,69.38648531922499,0.0696015461858317,-0.010221221461562235,74.14357908967041,79.76467248783489,-0.05919609800792691,-0.12549545632675607,0.3091133156971739,0.2852661375777553,-0.06676373122289303,0.011251317173670117,0.7616067747035287,0.6174375818203253,2.046562341386667,0.9585517436893143,0.13632190650258647,0.44499479155070687,1.021417476538582,-0.033344329930122374,0.4433932544253467,1.0669059740740674,-0.2647761006713728,0.629414288361136,1.3069177962302154,0.4081942669783263,-0.1165381460569288,2.495758359185891,-0.18503860035989395,0.12044469693096338,2.8952876288949154,0.09196024868708275,0.11831094691406108,5.065331383407194,0.0995468663866459,0.12430398387817632,0.004083816893398762,0.04325803741812706,0.018492146318770674,0.017617126882991045,0.03226601405495577,0.08353730427112183,0.01888570207212905,0.018886421387216204,0.0012989129325440274,0.0012607770993939837,0.020337994046362547,0.02071174897634244,0.0011060774757574166,-0.0169594336656137,-0.002086229897110871,-0.0020879738944513597,0.0005352685111241762,-0.0003004367876754399,0.0247460219860068,0.02621399378900363,0.10655209466822191,0.044585677547857916,0.013901359939675804,0.03557652457383266,0.23841644872689183,-0.5160945872259229,0.0017615314040185235,0.0008044465101526317,-0.04842513271697946,1.0837047471009105,-0.0020532256482175717,-0.0011779049987902764,-0.3493576075278282,0.13414549510657414,-0.10535389331416635,-0.07670062710724351,0.03133870036475339,0.4166187618919468,0.0011627351873991047,0.0006614555227070309,-0.48352409437092836,-0.092116267377931,0.00018144726749352548,0.00011886564713234053,-0.03146703119705163,0.4784562647526518
2041-05-01,194,0.01805651418430179,0.018843977157926448,0.020570400059142784,-0.00208722313550503,0.02743042805573157,3.8414260280638213,4.002553895263177,5.139470567320361,0.9317447539791801,1.5984273752800293,2.9422785529651474,2.4812911438901315,1.1938389344071343,70.00959166376475,72.7346536185669,0.008849594314713808,0.30395938102270265,-0.11190202758079794,0.0007018342379826041,0.00016427107459613283,0.001669477636773802,-0.001347189723074206,0.019010702148079872,14.29960069662393,1622697.9068746192,2.32028251875673,1.3851022770629073,1.474307095587949,1.738431838494141,2.7963592183709545,3.2378318498580394,5.694972254027862,1.154612019208739,68.67727068633775,64.47045729460262,0.01939973682868046,0.08591740467809372,69.7545685152198,70.0800422480749,0.042722436204259084,0.037879705624248805,0.2884757573705505,0.2770053559770437,0.05367391628774976,0.09730506816587603,1.5472945568089589,-0.5984347826408509,-0.39782328459763294,-0.23455020891537348,0.15401396831826397,-7.814862296101162,1.4859871216640081,0.9957026333050212,0.9800161859211702,2.173669312749586,0.42731575029105984,0.14152190921415686,1.011552412201804,0.033974109524061324,0.1802047229649275,1.8735020603203802,0.37372409196472267,1.0503986141370532,3.3750917552998314,0.23618337235105846,0.185909653856982,5.329123724640832,-0.09754247464763566,-0.035588056708751536,0.010280006565153599,0.01917208358645439,0.01908881417179843,0.01736229004195591,-0.054078790762275175,0.039984595388528055,0.01891023295479071,0.01884481958339835,-0.003503700722390035,-4.47032919669299e-05,0.020360489443479318,0.02010414638183198,0.010309703813662141,0.023191916157761172,-0.0020873465902817604,-0.0020885213199374063,-5.914435930542972e-05,-0.0006215806465481588,0.0273827624633217,0.02810311159271877,0.001740715257407599,-0.02393626537644633,0.01721567280896759,0.026552423321261093,-0.4859571035699469,-0.6667123671673407,0.0016762290119937994,0.0015897789328424951,-0.004027716482467358,0.05013194116795039,-0.0013359156480415068,-0.0012596807953824812,0.008439211749055708,0.06946912901466762,-0.1086555474089992,-0.0788481587947141,0.029878641718847465,0.4192091393299564,0.0006005247089187409,0.0013586231828999627,0.1687016829769976,-0.48342244794870315,0.00017573766066668694,8.524491233224198e-05,-0.0652483140327117,0.9270484314170733
2041-06-01,195,0.017657039576347972,0.019104483593863582,0.02035068172422389,-0.0020816933853529565,0.02679696203050975,3.1556817469882485,3.022016807525764,5.964914118509641,1.657052312727644,0.8268315061218624,1.598836080330038,2.9301847430043084,1.0273442477734487,61.8143689518643,72.9248448240714,0.011936208012264932,0.3133430667708285,-0.11512323562341312,0.0011949888088556072,6.585247457474724e-05,0.0020144317628272043,-0.002367722727507184,-0.0028049838729202747,14.29679571275101,1618152.6430911724,0.9317447539791801,1.5984273752800293,2.9422785529651474,2.4812911438901315,3.8414260280638213,4.002553895263177,5.139470567320361,1.1938389344071343,70.00959166376475,66.8475896204395,-0.11705857036361056,-0.07529397390622194,72.7346536185669,66.79676908454014,0.0026148637003469144,0.09174209806129041,0.30395938102270265,0.2832581013629716,0.030871512228224374,0.10621043233395677,0.11778871297217175,0.7784401850945875,13.06800593125703,1.0649218514210756,-0.48272188095063795,-0.2235754153992574,1.7747913172355734,-0.4565993492632521,-0.09914136676057461,1.226525177199071,0.1809112970154756,1.3890131221731332,0.354217055218936,-0.13946159891021448,1.9003240601683151,3.5260495273284884,-0.17851294703212228,-0.10503760014421837,2.8089255980711574,-0.24497785998530341,0.07586217648517724,5.638052165838092,0.1606086736711585,0.05797426895977664,0.019010702148079872,-0.0024176533333957195,0.01805651418430179,0.017637931099258465,-0.022123572904293787,0.0010833740636571054,0.018843977157926448,0.018918352625644647,0.013824387163808183,0.009838645673969859,0.020570400059142784,0.019927825246927402,-0.010681286425503145,0.021219399109377868,-0.00208722313550503,-0.0020856448254128724,-0.002649333489078809,-0.0018945891514072777,0.02743042805573157,0.02820536221039985,-0.023093552311133303,-0.04993377391802456,0.008849594314713808,0.025356794099313396,0.34878589772405233,-0.5292698293989722,0.001669477636773802,0.0008709547634772048,0.20662398732097564,1.3129005630381712,-0.001347189723074206,-0.0007415523536221129,0.7575273081093457,2.1929272639241733,-0.11190202758079794,-0.08140250979279562,0.028785966726915024,0.4142467586865717,0.0007018342379826041,0.0006298308908252782,0.702665307823336,0.8973169246903607,0.00016427107459613283,5.212494637121131e-05,-0.5991231278139,0.2633581261796303
2041-07-01,196,0.017233015130898192,0.01886710845425015,0.020320394653024657,-0.0021164584323015304,0.02556427636613902,2.7488208983690674,2.922768943358161,5.523335674338018,0.2413236049831764,0.5849522673509526,0.7284208882025782,2.6026447183238237,0.9328365049595945,62.082458463220746,74.54403156183176,0.027795128590780628,0.3091659947042234,-0.11838235766767267,0.001314544439944638,-3.3269822369693986e-05,0.0028911385496878427,-0.0015720212249373303,0.0037772792857140303,14.300572992036724,1624276.4158699962,1.657052312727644,0.8268315061218624,1.598836080330038,2.9301847430043084,3.1556817469882485,3.022016807525764,5.964914118509641,1.0273442477734487,61.8143689518643,67.9000882029793,0.004337009596671715,-0.0856792663121061,72.9248448240714,71.1770701756215,0.022203499255522452,0.047304017682979316,0.3133430667708285,0.29402942415453626,-0.01333066695763252,0.051479781634819144,1.402423922270052,-0.85436572935592,-0.8279239243205758,0.5542189458790142,-0.2925375206194192,0.05545339382650316,1.0291064446268434,-0.5444055227649012,-0.29218120049116447,2.4713986375492167,-0.11178135626515451,0.053105993820874664,0.670543451553549,-0.09199228303334517,0.39116488692619633,4.811307587113679,-0.1289296200440634,-0.4286748771308352,1.8621682701116604,-0.03284159900118511,0.5695514687203345,5.33077265054701,-0.07402930459658541,0.03612291058243655,-0.0028049838729202747,0.00209511024877429,0.017657039576347972,0.01977302407004818,-0.024014469901158852,-0.12845829399447029,0.019104483593863582,0.01881893916460946,-0.012425101073639033,0.002559617692546423,0.02035068172422389,0.020245931608059216,-0.001488258310441859,0.0036779263314214994,-0.0020816933853529565,-0.002086346510729383,0.016700368648516983,0.014432847763922174,0.02679696203050975,0.027213447452551172,-0.04600094827791501,-0.06060132915124461,0.011936208012264932,0.017117115392336325,1.3286397624957624,0.6238208339253857,0.0020144317628272043,0.00044672243090105733,0.4352129484049647,5.471890260483,-0.002367722727507184,-0.0009117880631433042,-0.3360619439623297,0.7241081436380443,-0.11512323562341312,-0.08393508448352523,0.02830985444954548,0.41040374708753347,0.0011949888088556072,0.0009518245744199906,0.10004749015476078,0.3810784836540666,6.585247457474724e-05,5.3917164239072584e-05,-1.5052174969056078,-1.6170543803485882
2041-08-01,197,0.01908881704518746,0.01893360765091702,0.021028934332480563,-0.002087174408795516,0.022887289392231454,3.509300966754164,3.0640594840036974,5.250644614979234,0.34393082407104447,0.18114668265949507,1.1986990534416926,1.6429647870488993,1.1632137235119469,64.4691898377609,67.86313016444038,0.009892719769352928,0.2768058458518023,-0.12174764083468285,0.0012747866662359115,5.246184025191565e-05,0.002089984477596567,-0.001574062442816413,-0.0035871693398803473,14.296985822696843,1618460.299245822,0.2413236049831764,0.5849522673509526,0.7284208882025782,2.6026447183238237,2.7488208983690674,2.922768943358161,5.523335674338018,0.9328365049595945,62.082458463220746,69.19743154600444,0.03844453704993178,-0.06832972846831853,74.54403156183176,65.72531841012018,-0.0896235588203973,0.03252645717104685,0.3091659947042234,0.2987591231747791,-0.10466917256983521,-0.07348152950005071,2.474135511353351,0.42518517446737647,-0.8609894961319582,0.6811024149558321,-0.690322283081582,-0.7340389951909919,1.1075756979352767,0.645613233853787,0.08227280146746319,2.037909813925474,-0.36873259132079517,-0.1937990700951685,0.9421825119743165,0.24696419718515528,0.2345948993199478,3.2231985921946253,0.2766568272368364,0.08876349575616316,3.5539127566836464,0.04834133090356385,-0.13783491779833623,5.108010395236879,-0.049370720057036244,0.02792363536991993,0.0037772792857140303,0.011302479542791843,0.017233015130898192,0.019088811129145705,0.10768875325606131,3.099219596514047e-07,0.01886710845425015,0.018980053962196774,0.00352460986950498,-0.0024471116558605344,0.020320394653024657,0.0204272769044789,0.034868401502745394,0.029453628636607165,-0.0021164584323015304,-0.0020871670643869984,-0.013836332931977169,3.5188407496722363e-06,0.02556427636613902,0.025422525362294144,-0.10471592997849721,-0.09972400199953657,0.027795128590780628,0.007462074379964602,-0.6440844036017791,0.3257332030774873,0.0028911385496878427,0.0017054393956137173,-0.27710677240901394,0.2254815286734171,-0.0015720212249373303,-0.0011176287822954136,0.0012984671241726975,0.40839469039403653,-0.11838235766767267,-0.08626716917112487,0.02842723555529547,0.41128591565554595,0.001314544439944638,0.000792398289476521,-0.03024452616482176,0.6087700884337708,-3.3269822369693986e-05,8.346086884636938e-05,-2.576859643822565,-0.37141991238451155
2041-09-01,198,0.02084041487682871,0.01854128662572551,0.020294502674293384,-0.0020878388185464796,0.02686467955073672,2.5816940182774797,2.8248940939884193,5.534033277275564,1.3162565866601246,0.4009486834973093,0.24177548250964187,2.2345030617377466,0.042051740728208054,66.05860203589705,75.00816736124646,0.006689087858969161,0.28802532507959067,-0.12532593904244627,0.0013273223616929856,9.610446845316859e-05,0.00162549956874472,-0.0006132484069723875,0.008971825242042542,14.305957647938886,1633046.175338425,0.34393082407104447,0.18114668265949507,1.1986990534416926,1.6429647870488993,3.509300966754164,3.0640594840036974,5.250644614979234,1.1632137235119469,64.4691898377609,68.63758310018524,0.024653826147590374,-0.0375738909763742,67.86313016444038,75.54447697760962,0.10528599520082293,-0.007099256462151593,0.2768058458518023,0.26260229648624883,0.0405319446677983,0.09681190505001203,0.168548825607304,2.8270968884958987,6.8093489047905,1.9259878556909844,1.2133923603281231,-0.7918218007903994,0.7631249653433828,-0.7983017657222148,-0.6831770765082357,2.2704520700405175,0.3600431849494299,-0.01583341431300478,0.9506067056842149,-0.9638486549133495,-0.9557632610029396,3.74917251769515,-0.2643281261038861,-0.311396313161762,3.7750840356551727,-0.07805507408190693,-0.2517003416857305,5.269817417221868,0.05397216591042331,0.05013757387309714,-0.0035871693398803473,0.008749854750931263,0.01908881704518746,0.018148884377014805,0.09176041802353851,0.1483028071534067,0.01893360765091702,0.018664990343594853,-0.020720880691351362,-0.006627580062573912,0.021028934332480563,0.02012108911107792,-0.034924815807370724,0.008618497848607465,-0.002087174408795516,-0.0020864890955063866,0.00031832977070034296,0.0006468871766451834,0.022887289392231454,0.02355823210402168,0.17378161696401206,0.14035210418656963,0.009892719769352928,0.019363883204840424,-0.3238373253337704,-0.6545585517011858,0.002089984477596567,0.001269364109845615,-0.22224323378037414,0.28056209887832706,-0.001574062442816413,-0.0010987290499131714,-0.6104040155642592,-0.4418565641630662,-0.12174764083468285,-0.08867953428940718,0.02939110920943655,0.41324534512600075,0.0012747866662359115,0.0006988097916688644,0.04121136253503299,0.8994043551151987,5.246184025191565e-05,0.00020628664102737896,0.8318928194605091,-0.534121705726871
2041-10-01,199,0.01804854846359715,0.018946006286918934,0.020260830026906176,-0.0020353401099565383,0.02557993944932356,3.2694277121874493,3.4043023863789617,4.524649597431125,2.1486231523965613,2.9712690795943857,1.3235088296792026,1.45303472982111,1.2179907834401769,63.16863565371736,63.09885283912412,0.015148973668525051,0.286877904965839,-0.12911513186341955,0.0005437273966366178,0.00011188008215447062,0.0007124154726163207,-0.0003889136347977819,0.006337334867566824,14.312294982806453,1643428.1982368834,1.3162565866601246,0.4009486834973093,0.24177548250964187,2.2345030617377466,2.5816940182774797,2.8248940939884193,5.534033277275564,0.042051740728208054,66.05860203589705,68.03833618690179,-0.04374852469038404,-0.07157289266755917,75.00816736124646,65.48337301923092,-0.15877357014691418,-0.036414131865298516,0.28802532507959067,0.2909434896754747,-0.0039837473091458575,-0.013973795097359076,1.3051392205488328,0.6323740934497335,0.6462788939045365,0.25731208137572303,6.41059692147443,10.547336074188392,1.4207398706961987,4.47412341376021,-0.06843690602513353,1.7184222228479067,-0.34972802020190474,-0.1544367207885472,1.6871562468401247,27.964099044374542,-0.2780806248850086,3.3258157422737646,0.2663885375420396,-0.016954646455478173,2.155208677085512,0.20510796975488943,0.5795697291747166,5.293042416465158,-0.1823956650187265,-0.14517034978668986,0.008971825242042542,0.003910329192876816,0.02084041487682871,0.018355290511413443,-0.1339640515667314,-0.01671136981599708,0.01854128662572551,0.01906727629738154,0.02182802463297695,-0.006360111878132235,0.020294502674293384,0.02023456981987954,-0.0016592004212974132,0.0012977892418961634,-0.0020878388185464796,-0.00208730056182501,-0.025145000717291976,-0.024893612744989912,0.02686467955073672,0.0340624657845882,-0.04782264753937582,-0.24902854622763737,0.006689087858969161,0.03178659761527064,1.2647293604033512,-0.5234163199257503,0.00162549956874472,0.0014459364977674751,-0.5617252158568837,-0.5072982294061394,-0.0006132484069723875,-0.0009908003711334968,-0.3658138686118212,-0.6074752834893911,-0.12532593904244627,-0.09148405389200782,0.030234705200891776,0.4113402977947749,0.0013273223616929856,0.00036020956508952943,-0.5903576912973129,0.5094751759339742,9.610446845316859e-05,9.959389398997074e-05,0.16415067847744713,0.12336286565657462
2041-11-01,200,0.017266255394151695,0.018910105322986554,0.02024962108951604,-0.002087173482712716,0.02675500575432781,3.243972706910531,4.1477185987296075,4.74795288134716,1.3822067985841218,1.8371341497351115,0.8589521450981878,2.3751538700445547,1.00941059573976,69.66593671249143,70.5836951585625,0.02784433686135614,0.29807009933718315,-0.13306822525533749,0.0005845225625715109,-2.5904040195460988e-05,0.001374829388307621,-0.0014115832840784384,-0.016304681077599525,14.295990301728853,1616849.889813243,2.1486231523965613,2.9712690795943857,1.3235088296792026,1.45303472982111,3.2694277121874493,3.4043023863789617,4.524649597431125,1.2179907834401769,63.16863565371736,63.90922329709608,0.10285644119957671,0.09007641023321478,63.09885283912412,72.98826207606349,0.11862089376682694,-0.032944570114508354,0.286877904965839,0.29334029253572197,0.03901379010933903,0.016123958834892038,0.6612337026928414,-0.35670115206455977,1.09034535438099,1.5466791268162967,-0.3817005122989727,0.1877926829701846,0.8551210143803513,-0.3510038423344829,0.004480220522486755,2.7307719206913443,0.6346160358720203,-0.1302262001276029,0.4421265255465272,-0.17124939739797418,1.2830808318772422,3.171491438962481,-0.007785767882871331,0.02285400082043454,2.8153915559156797,0.2183754931186921,0.4732297502329479,5.128567883007214,0.04935261374556288,-0.07421467558636952,0.006337334867566824,0.031984224915504456,0.01804854846359715,0.017927020288700714,-0.043343821860427956,-0.036858601368655486,0.018946006286918934,0.018931437071569045,-0.0018949093222442315,-0.0011267897150040174,0.020260830026906176,0.02044795859344485,-0.0005532318950038917,-0.009699623706808325,-0.0020353401099565383,-0.002086438660562136,0.02546668859057899,0.00035218967347061536,0.02557993944932356,0.030918099952889345,0.045937024492656686,-0.13464909567227423,0.015148973668525051,0.007018800268934424,0.8380345408618792,2.9671077384259856,0.0007124154726163207,0.0017088406189799902,0.9298140497406779,-0.19546072756143928,-0.0003889136347977819,-0.000981923188163236,2.6295546305863,0.4375699658533525,-0.12911513186341955,-0.09392670320219035,0.030616809469703243,0.41672411272531895,0.0005437273966366178,0.0009873830526178659,0.07502871142275236,-0.40800830941775224,0.00011188008215447062,-3.0713579551753236e-05,-1.2315339754550394,-0.15659325374914512
2041-12-01,201,0.017950374962300748,0.018924236569632297,0.02044269468213895,-0.002083908909460503,0.021607049958877744,3.919400934040231,3.4939832571975864,4.713342560095837,0.8903711083324148,0.08298151893032202,1.8687601020179971,2.2788687812045727,0.8925745371897732,66.42987684137525,71.04579590116768,0.019579737381138298,0.3008984089799377,-0.13673607191926834,0.0009122923913727196,7.012153995054638e-05,0.0030322882060982203,-0.001279727743507462,-0.007328190375119448,14.288662111353734,1605044.6144960735,1.3822067985841218,1.8371341497351115,0.8589521450981878,2.3751538700445547,3.243972706910531,4.1477185987296075,4.74795288134716,1.00941059573976,69.66593671249143,63.016931025004396,-0.04645110686548681,0.05415918802863673,70.5836951585625,65.38041251346353,0.006546848270936989,0.08665261000819635,0.29807009933718315,0.28771723493301055,0.009488739893883436,0.0458129456512959,1.4010686099433158,-0.3558336500410243,-0.36450570513571257,0.8154504343237761,-0.9548309964504842,-0.8982384269632089,1.6976852032637244,1.1756277258081438,0.10076950569245047,2.6029992780406714,-0.040538463656746515,-0.1245219311317205,1.1583776062960958,-0.11574681209321169,-0.229461505178977,3.817551892241351,0.20821020648258148,0.02667915058492709,3.619305187101854,-0.15761323387084447,-0.03462596366586557,5.177013476965191,-0.007289525005038211,-0.08956339768718591,-0.016304681077599525,-0.006529847625643015,0.017266255394151695,0.017408075769300216,0.03962176815598206,0.03115216180049596,0.018910105322986554,0.018892469962309394,0.0007472854542256435,0.0016814427857383407,0.02024962108951604,0.020226461767470835,0.009534676810464937,0.01069059517942339,-0.002087173482712716,-0.0022952840370203858,-0.0015641120775307105,-0.09209105459308575,0.02675500575432781,0.029444895374982894,-0.19241093957220878,-0.26618689984425536,0.02784433686135614,0.011593024061910092,-0.2968143763440779,0.6889240699041814,0.001374829388307621,0.003110479790700794,1.205574183885382,-0.025138110472968878,-0.0014115832840784384,-0.001858386041515904,-0.09340967837902614,-0.31137679958918796,-0.13306822525533749,-0.09689139173509327,0.027563655086650707,0.41123034224869803,0.0005845225625715109,0.0010803770380901057,0.5607479501890211,-0.1555796178476051,-2.5904040195460988e-05,6.73213795564642e-05,-3.706973098460269,0.041593924731349485
2042-01-01,202,0.017478615706775266,0.01885513770093563,0.018969185384639105,-0.002087835119195164,0.027399653360082467,3.654102099574893,3.258383128400192,5.4701261940036465,1.3470913582412685,0.328411063242006,1.1913521429483367,1.286114218650183,1.6877659268333014,65.1598078390576,75.21919451812852,0.015401221973474818,0.2805051502187164,-0.14089560255056793,0.0008264518265107618,0.00011274044828989804,0.00179689454978352,-0.0019691844097379017,0.0021786338184028864,14.290840745172137,1608545.2308692446,0.8903711083324148,0.08298151893032202,1.8687601020179971,2.2788687812045727,3.919400934040231,3.4939832571975864,4.713342560095837,0.8925745371897732,66.42987684137525,66.12929516140801,-0.01911894260093805,-0.014660481712138074,71.04579590116768,71.68440673878898,0.05874237263477888,0.04931041407959147,0.3008984089799377,0.3088940296750271,-0.0677745649448781,-0.09190491472488893,1.1286604914161396,0.5129549304045249,0.19353106490957428,0.8125071105167561,2.957641020258576,-0.5958053055890971,0.2652568185865436,-0.3624905938103855,3.491315809699505,2.366220140632566,-0.43563480738440585,-0.45646890728165135,1.530976232213232,0.8908963414384965,0.10241157982799565,3.0459699539404217,-0.06768861847258378,0.19965139342486315,4.3632203263226685,-0.06743023977349039,-0.2532159999478265,6.1728090565714755,0.16056198425187707,-0.11383518526622227,-0.007328190375119448,-0.0005992880905978382,0.017950374962300748,0.017978401706492703,-0.026281303678405976,-0.027799245332077782,0.018924236569632297,0.01888311930747929,-0.003651342469875307,-0.001481831793149535,0.02044269468213895,0.020306284956069308,-0.07207999338694182,-0.06584658761181028,-0.002083908909460503,-0.0020876473391042314,0.0018840601510154986,8.994818589092013e-05,0.021607049958877744,0.024683458609929498,0.26808858276484426,0.1100410924205053,0.019579737381138298,0.022380590975579925,-0.21341018657833277,-0.3118491826118661,0.0030322882060982203,0.0017827034392139786,-0.40741300705856587,0.00796044381661054,-0.001279727743507462,-0.0014090258876509742,0.5387526133807066,0.39755019903912703,-0.13673607191926834,-0.099674372970347,0.03042014131980819,0.41355895554501454,0.0009122923913727196,0.0008238899744524175,-0.09409325965417092,0.003109458954209332,7.012153995054638e-05,5.2965555761533804e-05,0.6077862575381101,1.128561603270775
2042-02-01,203,0.018417692212875175,0.018891538443273265,0.02025262923884643,-0.002086284966424855,0.027451850012923173,3.221089705505744,3.1853979181967684,6.241304300370863,0.27972705439210777,1.3369290178971518,1.2993392703602897,1.517303100957227,0.7107690650174824,60.02266127229707,72.95174301436069,0.021458897022731696,0.29233517410005205,-0.14489331041331133,0.0010434194047502386,0.00010086547569493485,0.0025901305260459502,-0.001381932320919191,0.02150452323257923,14.312345268404716,1643510.8410848894,1.3470913582412685,0.328411063242006,1.1913521429483367,1.286114218650183,3.654102099574893,3.258383128400192,5.4701261940036465,1.6877659268333014,65.1598078390576,68.2017723640105,-0.07883919147596485,-0.11992519854263306,75.21919451812852,78.76040791577473,-0.03014458634253725,-0.07375107690688643,0.2805051502187164,0.29721677906631544,0.042173998844982075,-0.016424392262101017,0.7012502169958733,-0.7923473766788074,-0.6011023631615449,1.533669730381547,3.07090128054538,-0.128281016823257,1.139261112015307,0.09064249227328247,0.14051050865925796,2.0199281870220775,0.1797576598987327,-0.2488331462941048,1.8217296707921542,-0.5788698813519274,-0.6098383440675837,3.413129676823369,-0.11850035446998708,-0.05626506740182169,3.352377834013525,-0.022399210690505322,-0.04980939622096392,5.64035119414945,0.1409799479969185,0.10654533477361516,0.0021786338184028864,0.014819221571087837,0.017478615706775266,0.0184849180658202,0.053727167062543435,-0.003636794748326677,0.01885513770093563,0.019054802051760383,0.001930547679629413,-0.008568108345792802,0.018969185384639105,0.02040318685733939,0.06765940804430293,-0.007379122660870152,-0.002087835119195164,-0.0021052279003354007,-0.0007424689603393597,-0.008998044300822627,0.027399653360082467,0.02341139701547306,0.001905011430427317,0.17258487371683517,0.015401221973474818,0.012069013662075858,0.3933243128168582,0.7780158034091402,0.00179689454978352,0.0020915070058317863,0.4414482621464877,0.23840394453561142,-0.0019691844097379017,-0.0014160360067939294,-0.2982209720504917,-0.024083911504449107,-0.14089560255056793,-0.10238294227687017,0.028373546018291007,0.4152094791482164,0.0008264518265107618,0.0006287190022475494,0.26252900807963964,0.6595957828858601,0.00011274044828989804,-8.65332216214375e-06,-0.10533018783487691,-12.656271869340262
2042-03-01,204,0.017463574884573757,0.01888223851645779,0.020360282128502608,-0.0020555029530969797,0.027618950948058277,3.7626023088460236,2.543167931388836,6.499615921303054,1.5263473815345208,1.3636367301135048,0.9685751125898211,1.9411991885740714,0.8140455773862991,60.43372672479821,67.78816505702531,0.0050157299729476565,0.26434290914341946,-0.14895566589848966,0.000770021431273881,8.429553424759876e-05,0.0022215875157170694,-0.0016694163228151058,0.006493140943348408,14.318838409348064,1654217.1096579374,0.27972705439210777,1.3369290178971518,1.2993392703602897,1.517303100957227,3.221089705505744,3.1853979181967684,6.241304300370863,0.7107690650174824,60.02266127229707,64.20827543793193,0.006848504278014422,-0.05878601609199818,72.95174301436069,74.14357908967041,-0.07078073455104306,-0.08571765904312179,0.29233517410005205,0.3091133156971739,-0.095754009221799,-0.14483493359960664,1.4345422320071213,4.4565597341005185,0.06399612885495287,1.2189347658763583,0.019976911158949617,0.11871181976921674,1.5251626212272402,-0.2545633502470468,-0.36493649981374077,2.364493102144255,0.27937469273569615,-0.1790209974333682,0.8199238175328474,0.14530248635156418,-0.007169251607101579,3.431278118946309,0.1681147229196016,0.0965599926366385,2.9651554200357046,-0.20161687905274162,-0.1423154704793813,5.179381096089883,0.04138744219166535,0.2549020434526179,0.02150452323257923,0.004083816893398762,0.018417692212875175,0.018492146318770674,-0.05180439097762901,-0.05562206876726117,0.018891538443273265,0.01888570207212905,-0.0004922800143249972,-0.00018339565339076103,0.02025262923884643,0.020337994046362547,0.0053155019225696876,0.0010958839937338372,-0.002086284966424855,-0.002086229897110871,-0.014754462512676092,-0.014728455409657282,0.027451850012923173,0.0247460219860068,0.006087055519261586,0.11609659781584458,0.021458897022731696,0.013901359939675804,-0.7662633840110968,-0.6391914176229416,0.0025901305260459502,0.0017615314040185235,-0.14228742784306414,0.26116827133994613,-0.001381932320919191,-0.0020532256482175717,0.20803044949747984,-0.18692992937023512,-0.14489331041331133,-0.10535389331416635,0.02803687398397048,0.4138600977403122,0.0010434194047502386,0.0011627351873991047,-0.26202117023288474,-0.3377499540576182,0.00010086547569493485,0.00018144726749352548,-0.16427763150050934,-0.5354268189758953
2042-04-01,205,0.017689264422224495,0.01922210061365931,0.019943679489529447,-0.002087848746469236,0.025954178290652524,4.209365630184688,3.8183656735048497,5.716490192406749,1.8660559447525813,1.4883763409643829,2.5064413221072734,2.012248035973731,1.682244489548275,65.96604879489094,69.32706621328876,0.02495390640560455,0.31085309312852266,-0.15340975147581737,0.0006280206067128905,0.00017229145208253423,0.0022193672162978627,-0.0016182006252739882,0.008804485201835632,14.3276428945499,1668845.944901369,1.5263473815345208,1.3636367301135048,0.9685751125898211,1.9411991885740714,3.7626023088460236,2.543167931388836,6.499615921303054,0.8140455773862991,60.43372672479821,68.67727068633775,0.09154361926554189,-0.039477717509035615,67.78816505702531,69.7545685152198,0.02270161989144981,-0.0061286638428244,0.26434290914341946,0.2884757573705505,0.17594640285913266,0.07757094031727685,2.32028251875673,0.22256307268436681,-0.1957634772198067,1.3851022770629073,0.09147569003989431,0.07456060509875617,1.474307095587949,1.5877614338091286,0.7000808919716368,1.738431838494141,0.03660049304463664,0.1575075832232653,1.154612019208739,1.0665237135119017,0.45697815505257355,2.7963592183709545,0.11873785339691789,0.5053021809683282,3.2378318498580394,0.5014209743591813,0.17929708847365355,5.694972254027862,-0.12048800088779754,0.00377840969526555,0.006493140943348408,0.010280006565153599,0.017463574884573757,0.01908881417179843,0.01292344432010295,-0.0733177942316402,0.01888223851645779,0.01891023295479071,0.017999036338053775,0.01649200512834459,0.020360282128502608,0.020360489443479318,-0.020461535667521735,-0.02047150954336996,-0.0020555029530969797,-0.0020873465902817604,0.015736194065555376,0.0002405715417905796,0.027618950948058277,0.0273827624633217,-0.060276462365881134,-0.05217092959787073,0.0050157299729476565,0.01721567280896759,3.9751295504729054,0.4494877244998605,0.0022215875157170694,0.0016762290119937994,-0.000999420190966438,0.32402386572346975,-0.0016694163228151058,-0.0013359156480415068,-0.03067880482608043,0.21130449190135603,-0.14895566589848966,-0.1086555474089992,0.029902088990445552,0.4118906501695234,0.000770021431273881,0.0006005247089187409,-0.1844115225807056,0.04578645538775006,8.429553424759876e-05,0.00017573766066668694,1.0438977416818744,-0.019609960500663326
2042-05-01,206,0.017781906292494536,0.018917356572355305,0.021099198538438904,-0.002127289896252583,0.027594510853443697,3.5274506872758127,3.251613584284345,5.552863209549831,0.6806753731013837,0.7231326280712093,1.0619844080476375,1.404026751024437,0.6819252593240521,57.58742016346109,73.53404478609131,0.0255886479638778,0.2844007136081307,-0.15787461433223263,0.0012890919782933522,0.00012220479157878635,0.0016463051783646339,-0.0023032964064560704,0.017258858308196068,14.344901752858096,1697898.3047393707,1.8660559447525813,1.4883763409643829,2.5064413221072734,2.012248035973731,4.209365630184688,3.8183656735048497,5.716490192406749,1.682244489548275,65.96604879489094,70.00959166376475,-0.1270142563408887,-0.17743528001082565,69.32706621328876,72.7346536185669,0.06068306078118946,0.01099051315644628,0.31085309312852266,0.30395938102270265,-0.08509607948297049,-0.06434631939558766,0.9317447539791801,-0.6352331370259996,-0.26946154491942176,1.5984273752800293,-0.5141466521816246,-0.5475974453049371,2.9422785529651474,-0.5762979174175196,-0.6390605481668624,2.4812911438901315,-0.3022595992521242,-0.43415477281588777,1.1938389344071343,-0.5946336792536225,-0.4287962641604588,3.8414260280638213,-0.1619994561695881,-0.0817340587829204,4.002553895263177,-0.14842792379816439,-0.18761529029441237,5.139470567320361,-0.028623679451818873,0.08043486908127329,0.008804485201835632,0.019010702148079872,0.017689264422224495,0.01805651418430179,0.005237180476179049,-0.015208245013646926,0.01922210061365931,0.018843977157926448,-0.015853836551425138,0.0038940513360785634,0.019943679489529447,0.020570400059142784,0.05793911045933675,0.025706766896888222,-0.002087848746469236,-0.00208722313550503,0.0188908079907828,0.019196203829859648,0.025954178290652524,0.02743042805573157,0.06320109788958117,0.005981780429337613,0.02495390640560455,0.008849594314713808,0.025436560831641586,1.8915051983041469,0.0022193672162978627,0.001669477636773802,-0.2582096526095201,-0.013880065176523071,-0.0016182006252739882,-0.001347189723074206,0.4233688768140751,0.7097045553465822,-0.15340975147581737,-0.11190202758079794,0.02910416589208209,0.4108288986831856,0.0006280206067128905,0.0007018342379826041,1.052626879618746,0.8367470672260136,0.00017229145208253423,0.00016427107459613283,-0.29070891154689693,-0.2560784552044124
2042-06-01,207,0.011837910572358602,0.018926579263140272,0.020371537988884605,-0.002087676852540162,0.026651684090351378,3.297820311637213,3.229548769484277,4.394196378309624,0.8709320803725875,0.900600194664221,2.4164495443328216,2.2452367766602457,0.7456677139378693,68.47191365956317,72.5197601572703,0.017575736688455294,0.2924781944958928,-0.16285375509457467,0.0009654184923374306,0.00017708195322537216,0.0005481961233839137,-0.0014031873963085669,-0.0012517456198111176,14.343650007238285,1695774.2976091758,0.6806753731013837,0.7231326280712093,1.0619844080476375,1.404026751024437,3.5274506872758127,3.251613584284345,5.552863209549831,0.6819252593240521,57.58742016346109,61.8143689518643,0.18900818034922562,0.10770221908894984,73.53404478609131,72.9248448240714,-0.013793401842256081,-0.005554823843346601,0.2844007136081307,0.3133430667708285,0.028401760267352527,-0.066587949399869,1.657052312727644,0.2795116656040175,-0.47440881999738327,0.8268315061218624,0.24541496221290116,0.08921852638194738,1.598836080330038,1.2754096256227019,0.5113804185817525,2.9301847430043084,0.5991410242162596,-0.23375589814920272,1.0273442477734487,0.09347425358169148,-0.2741793069324655,3.1556817469882485,-0.0650981107877483,0.04504211008750181,3.022016807525764,-0.0067858047176059255,0.06867333147906196,5.964914118509641,-0.2086611514664234,-0.26332612825488044,0.017258858308196068,-0.0028049838729202747,0.017781906292494536,0.017657039576347972,-0.3342721315905709,-0.32956424993146827,0.018917356572355305,0.019104483593863582,0.00048752534476426135,-0.009312176895503899,0.021099198538438904,0.02035068172422389,-0.03448759194471929,0.0010248435380859622,-0.002127289896252583,-0.0020816933853529565,-0.018621365984111127,0.0028743268481832285,0.027594510853443697,0.02679696203050975,-0.034167185209396767,-0.005421433220413885,0.0255886479638778,0.011936208012264932,-0.3131432065787113,0.4724723857355302,0.0016463051783646339,0.0020144317628272043,-0.6670142750030907,-0.7278656276673605,-0.0023032964064560704,-0.002367722727507184,-0.3907916530519151,-0.40736836285476363,-0.15787461433223263,-0.11512323562341312,0.03153857751863698,0.41460370022343596,0.0012890919782933522,0.0011949888088556072,-0.2510864169556293,-0.19211085059284105,0.00012220479157878635,6.585247457474724e-05,0.4490590011865949,1.689070598620733
2042-07-01,208,0.018169958651073754,0.018848830508608222,0.02055920410442922,-0.0020995282244810325,0.03130668836544057,2.3690795518478662,4.91067636983497,5.023041699955714,1.2426711916652757,1.193384513537797,1.83110963219714,2.1978646013854815,0.9189310234573831,64.45115397876606,70.79249513123862,0.030656813929505776,0.28703722362825135,-0.16730790576958607,0.001047703072070551,8.558222783927773e-05,0.0019897322672508,-0.001945864329270299,9.123872587224469e-05,14.343741245964157,1695929.024953912,0.8709320803725875,0.900600194664221,2.4164495443328216,2.2452367766602457,3.297820311637213,3.229548769484277,4.394196378309624,0.7456677139378693,68.47191365956317,62.082458463220746,-0.0587212984989437,0.03815402247558519,72.5197601572703,74.54403156183176,-0.02381785353792998,-0.050326449374841764,0.2924781944958928,0.3091659947042234,-0.018602996633712676,-0.07157569543552955,0.2413236049831764,0.42682904863678583,4.149397597271544,0.5849522673509526,0.3250991068048097,1.0401399911521403,0.7284208882025782,-0.24223138178425863,1.5138071434435547,2.6026447183238237,-0.0210989663839507,-0.15552645894712513,0.9328365049595945,0.23235994569821283,-0.014906665239064254,2.7488208983690674,-0.2816226088826139,-0.13814699486114557,2.922768943358161,0.520545661435901,0.6801452543808584,5.523335674338018,0.1431081516406867,-0.09057823096045403,-0.0012517456198111176,0.0037772792857140303,0.011837910572358602,0.017233015130898192,0.534895752084867,0.054369099838811996,0.018926579263140272,0.01886710845425015,-0.004107913714945122,-0.0009687730203198353,0.020371537988884605,0.020320394653024657,0.009212172180962153,0.01175220538194699,-0.002087676852540162,-0.0021164584323015304,0.005676822984577612,-0.007999310339436794,0.026651684090351378,0.02556427636613902,0.1746607928905488,0.22462642466608695,0.017575736688455294,0.027795128590780628,0.7442690723537551,0.10295636263666497,0.0005481961233839137,0.0028911385496878427,2.629599302834448,-0.3117824576530127,-0.0014031873963085669,-0.0015720212249373303,0.38674587185530496,0.2378104687154412,-0.16285375509457467,-0.11838235766767267,0.027350616953380813,0.4132841165341461,0.0009654184923374306,0.001314544439944638,0.08523203189727235,-0.20299151536126459,0.00017708195322537216,-3.3269822369693986e-05,-0.5167083585849246,-3.57236804237452
2042-08-01,209,0.017617123328225112,0.01888499837193399,0.02043271578139476,-0.002087172988867343,0.02271565874690918,2.5400743635269,3.4767486203201043,4.920912180669628,0.8025581879294081,1.025931778366147,1.6046880640512007,1.9559935609025612,1.2931009750683027,76.18966478150858,71.07858064922003,0.01099737154239733,0.3070340279657217,-0.1723178253997106,0.0005467430245669545,0.00015602890815110968,0.0010957526984036801,-0.00048482938488586617,-0.0004556685162242502,14.343285577447933,1695156.4195308413,1.2426711916652757,1.193384513537797,1.83110963219714,2.1978646013854815,2.3690795518478662,4.91067636983497,5.023041699955714,0.9189310234573831,64.45115397876606,64.4691898377609,0.18213034333892408,0.18179963131602395,70.79249513123862,67.86313016444038,0.004041184273150034,0.047381405440453994,0.28703722362825135,0.2768058458518023,0.06966624079171235,0.10920355392386893,0.34393082407104447,-0.354166900051881,1.3334872356879148,0.18114668265949507,-0.14031750309481983,4.6635416299320855,1.1986990534416926,-0.12365265528872627,0.33869135830535324,1.6429647870488993,-0.11004819875184779,0.19052676984996464,1.1632137235119469,0.4071795837332206,0.1116624133045847,3.509300966754164,0.07217774158139134,-0.2761879395382052,3.0640594840036974,-0.29200208719171916,0.13468705110684098,5.250644614979234,-0.020332206138560682,-0.06279846732893202,9.123872587224469e-05,-0.0035871693398803473,0.018169958651073754,0.01908881704518746,-0.030425788713392188,-0.07709716707318859,0.018848830508608222,0.01893360765091702,0.0019188385883808223,-0.0025673542982007636,0.02055920410442922,0.021028934332480563,-0.00615239395416145,-0.02835229506446768,-0.0020995282244810325,-0.002087174408795516,-0.00588476757284051,-6.803112221343e-07,0.03130668836544057,0.022887289392231454,-0.27441515110921233,-0.007498950285503403,0.030656813929505776,0.009892719769352928,-0.6412748054091535,0.1116631016342493,0.0019897322672508,0.002089984477596567,-0.4492964121662085,-0.47571251837058137,-0.001945864329270299,-0.001574062442816413,-0.7508411159026294,-0.691988467739324,-0.16730790576958607,-0.12174764083468285,0.029944309009665826,0.41536890750676103,0.001047703072070551,0.0012747866662359115,-0.47815078609396544,-0.5711101794143064,8.558222783927773e-05,5.246184025191565e-05,0.8231461378188223,1.974140964210882
2042-09-01,210,0.01665322010138034,0.01891906172882217,0.0202990896020994,-0.0020845457509863596,0.029137381412407695,3.059959147037609,2.9505717937794884,5.00769842021289,1.1001203929242187,-0.4431661669047817,1.5884492528883691,1.7166577843386857,1.0368106270739115,72.98015476352751,75.37968612080913,0.031493487357385164,0.2533507599320729,-0.17753648982434647,0.0008420382318211285,0.00013278844405101463,0.0009977817810856696,-0.0008175007011036171,0.002521335380151868,14.345806912828085,1699435.870084254,0.8025581879294081,1.025931778366147,1.6046880640512007,1.9559935609025612,2.5400743635269,3.4767486203201043,4.920912180669628,1.2931009750683027,76.18966478150858,66.05860203589705,-0.04212526760926283,0.10477897676171222,71.07858064922003,75.00816736124646,0.060511977480466106,0.00495304408349817,0.3070340279657217,0.28802532507959067,-0.17484468542243203,-0.12038720948561055,1.3162565866601246,0.3707671412119262,-0.16420521342600136,0.4009486834973093,-1.4319645577316538,-2.1052939818612866,0.24177548250964187,-0.010119606125713276,5.569935199384919,2.2345030617377466,-0.12236020677564907,-0.23174963877486876,0.042051740728208054,-0.1981982481923763,23.655593540707464,2.5816940182774797,0.20467305641746947,0.18525244485759407,2.8248940939884193,-0.15134163668472844,0.04448934919667269,5.534033277275564,0.01763620978325453,-0.09510872643718404,-0.0004556685162242502,0.008971825242042542,0.017617123328225112,0.02084041487682871,-0.05471399665463328,-0.20091705468415966,0.01888499837193399,0.01854128662572551,0.0018037256989549277,0.020374805196771373,0.02043271578139476,0.020294502674293384,-0.006539814908845032,0.0002260182414732803,-0.002087172988867343,-0.0020878388185464796,-0.0012587542551559805,-0.0015772613914768474,0.02271565874690918,0.02686467955073672,0.28270026139445736,0.08459813776593705,0.01099737154239733,0.006689087858969161,1.8637285951439138,3.708188623230096,0.0010957526984036801,0.00162549956874472,-0.08940969751727468,-0.38616915053616463,-0.00048482938488586617,-0.0006132484069723875,0.6861616201255318,0.3330661634159393,-0.1723178253997106,-0.12532593904244627,0.030285110739591614,0.41659812151271547,0.0005467430245669545,0.0013273223616929856,0.5400987191159161,-0.36561135702775494,0.00015602890815110968,9.610446845316859e-05,-0.14894973229952557,0.38170936469745964
2042-10-01,211,0.01745255272490224,0.01888413839151694,0.0203032618171148,-0.0020885157610298966,0.03015297627058514,2.8527770384125857,3.11035945291698,5.238649342686768,2.543397188017723,0.8660577299804776,1.6072392171694887,2.6184797334843695,0.4748662338002878,64.37094035561098,71.01470233015677,0.02249634365616348,0.2911002428744313,-0.1823846041791959,0.0010263301701695625,1.7267389633598805e-05,0.0011123633273785896,-0.0010842897383465785,-0.002618885599076748,14.343188027229008,1694991.0647163345,1.1001203929242187,-0.4431661669047817,1.5884492528883691,1.7166577843386857,3.059959147037609,2.9505717937794884,5.00769842021289,1.0368106270739115,72.98015476352751,63.16863565371736,-0.11796651344207698,0.019033254232124097,75.37968612080913,63.09885283912412,-0.057906632612620745,0.1254515594953014,0.2533507599320729,0.286877904965839,0.1490008672264478,0.01471824018338097,2.1486231523965613,1.3119262258716473,0.1837334923906191,2.9712690795943857,-2.9542505603018157,-0.708522618860657,1.3235088296792026,0.011829124693126136,0.21437740431173236,1.45303472982111,0.5253358924376974,0.8020764953131871,1.2179907834401769,-0.541993280739747,-0.6101232946451015,3.2694277121874493,-0.06770747538430344,-0.1274384113836542,3.4043023863789617,0.054154811441755824,-0.0863445429049089,4.524649597431125,0.04611917553614586,0.1578022186869492,0.002521335380151868,0.006337334867566824,0.01665322010138034,0.01804854846359715,0.047998682456352304,-0.03302181003070692,0.01891906172882217,0.018946006286918934,-0.0018459338949154969,-0.003265484792154383,0.0202990896020994,0.020260830026906176,0.0002055370510294363,0.0020942769941938444,-0.0020845457509863596,-0.0020353401099565383,0.0019044964792249708,0.02612617459520994,0.029137381412407695,0.02557993944932356,0.03485539224691503,0.17877434113248092,0.031493487357385164,0.015148973668525051,-0.28568267461532393,0.48500777335853607,0.0009977817810856696,0.0007124154726163207,0.11483627829749099,0.5613969237550027,-0.0008175007011036171,-0.0003889136347977819,0.32634716628719596,1.787996206176628,-0.17753648982434647,-0.12911513186341955,0.027307706486965788,0.4125734261118661,0.0008420382318211285,0.0005437273966366178,0.21886409830804743,0.8875822268994038,0.00013278844405101463,0.00011188008215447062,-0.8699631601454338,-0.8456616289416192
2042-11-01,212,0.018782798700299117,0.019246681326190587,0.02057543971353242,-0.0022211342823809884,0.023008467212852265,3.120889705325253,3.916719761693483,5.097544241298505,0.9680732313259148,0.4500461834621112,0.19146983680180196,2.907158253130693,0.7660700398930564,64.59842087362935,72.50724576883314,0.01822326385364271,0.29009699405616945,-0.1877147592919298,0.000984870466477747,-3.725314408211805e-05,0.0015215891042948573,-0.0013634348866147978,0.016946570947766304,14.360134598176774,1723960.1208432466,2.543397188017723,0.8660577299804776,1.6072392171694887,2.6184797334843695,2.8527770384125857,3.11035945291698,5.238649342686768,0.4748662338002878,64.37094035561098,69.66593671249143,0.003533900806197199,-0.0727402239601761,71.01470233015677,70.5836951585625,0.021017386396092297,0.0272520531257181,0.2911002428744313,0.29807009933718315,-0.003446403233317241,-0.026749094587962485,1.3822067985841218,-0.6193778793628323,-0.29961766045603966,1.8371341497351115,-0.48035082664494433,-0.7550281325253241,0.8589521450981878,-0.8808703553544446,-0.7770890521730814,2.3751538700445547,0.11024661216765796,0.22398733395582449,1.00941059573976,0.6132333389180054,-0.2410719254124416,3.243972706910531,0.09398304294465909,-0.037942058304953785,4.1477185987296075,0.25924987802302923,-0.055692986767925,4.74795288134716,-0.026935397305270725,0.07362991349908965,-0.002618885599076748,-0.016304681077599525,0.01745255272490224,0.017266255394151695,0.07622071088195659,0.08783278548405438,0.01888413839151694,0.018910105322986554,0.019198277790450247,0.017798737630239536,0.0203032618171148,0.02024962108951604,0.013405624124306348,0.01609010966556168,-0.0020885157610298966,-0.002087173482712716,0.06349893250778949,0.06418287735917505,0.03015297627058514,0.02675500575432781,-0.23694208470898093,-0.14003131136944402,0.02249634365616348,0.02784433686135614,-0.189945524829767,-0.34553069285216387,0.0011123633273785896,0.001374829388307621,0.36788859075447466,0.10674758427145181,-0.0010842897383465785,-0.0014115832840784384,0.2574451628527672,-0.034109498183151565,-0.1823846041791959,-0.13306822525533749,0.0292248084026705,0.4106655359063669,0.0010263301701695625,0.0005845225625715109,-0.04039606833828713,0.6849143720731177,1.7267389633598805e-05,-2.5904040195460988e-05,-3.1574276640883263,0.438120995837773
2042-12-01,213,0.01767866883929518,0.01924430190238213,0.020247993971908827,-0.0020876324524453844,0.024092691656639485,3.330231171421323,3.422276092664874,4.33622430291167,0.9804837294938051,1.1939166660463696,1.2430822293783983,1.885205652399315,0.7158369280253922,68.42348910926289,80.67457658495816,0.02056379232220896,0.285457622926863,-0.19319370098489816,0.0012204627272264105,8.706499414758642e-05,0.0016924128099101898,-0.001469707820038437,-0.01831665448844433,14.34181794368833,1692670.3754890463,0.9680732313259148,0.4500461834621112,0.19146983680180196,2.907158253130693,3.120889705325253,3.916719761693483,5.097544241298505,0.7660700398930564,64.59842087362935,66.42987684137525,0.05921303003855671,0.03001077772051408,72.50724576883314,71.04579590116768,0.11264158125884438,0.13552921128767625,0.29009699405616945,0.3008984089799377,-0.015992482598451763,-0.051315612154347434,0.8903711083324148,0.012819792724660273,0.10120793489151181,0.08298151893032202,1.6528758823412706,13.38774176993408,1.8687601020179971,5.492313620474655,-0.33480909184863006,2.2788687812045727,-0.35152974545876425,-0.17274497419600165,0.8925745371897732,-0.06557247934493926,-0.19800879568089702,3.919400934040231,0.06707749579835043,-0.15032138138814366,3.4939832571975864,-0.12623922545196975,-0.02052304182768938,4.713342560095837,-0.1493503346609314,-0.0800107890262276,0.016946570947766304,-0.007328190375119448,0.018782798700299117,0.017950374962300748,-0.058784097014592085,-0.015136515174541065,0.019246681326190587,0.018924236569632297,-0.00012362774486318617,0.01691298518553941,0.02057543971353242,0.02044269468213895,-0.015914398242883432,-0.009524219446482074,-0.0022211342823809884,-0.002083908909460503,-0.06010524937397932,0.0017868069798909758,0.023008467212852265,0.021607049958877744,0.047122845418472004,0.1150384574707044,0.01822326385364271,0.019579737381138298,0.12843629370478515,0.050258842696155215,0.0015215891042948573,0.0030322882060982203,0.11226664618796445,-0.4418694085520676,-0.0013634348866147978,-0.001279727743507462,0.07794500087019096,0.1484535109087186,-0.1877147592919298,-0.13673607191926834,0.029187591394705503,0.4128949169972025,0.000984870466477747,0.0009122923913727196,0.23921141791491296,0.337797770504245,-3.725314408211805e-05,7.012153995054638e-05,-3.3371180149430297,0.24162980745986906
2043-01-01,214,0.017388889095723017,0.018838002583154195,0.01993365896737036,-0.0020873636159712467,0.028288039804649345,3.60592478293409,2.6172112040970195,5.735924362940668,0.740484714097595,3.022596096445927,1.9087913493358741,1.8147413039793645,0.9238830140677519,70.89525623135684,67.75018100852506,0.019773779354690692,0.31465972652348195,-0.19913121275839626,0.00031083509579715713,5.666181924567584e-05,0.0019245505652535915,-0.0010486291947765982,-0.006674075033515692,14.335143868654814,1681410.9812113068,0.9804837294938051,1.1939166660463696,1.2430822293783983,1.885205652399315,3.330231171421323,3.422276092664874,4.33622430291167,0.7158369280253922,68.42348910926289,65.1598078390576,0.036124540772056735,0.0880212600759287,80.67457658495816,75.21919451812852,-0.16020407076847132,-0.09929664306367114,0.285457622926863,0.2805051502187164,0.10229926003447742,0.12176095974756396,1.3470913582412685,-0.24477613261376052,-0.45030846678108394,0.328411063242006,1.531664212758828,8.20369754480097,1.1913521429483367,0.5355310406861522,0.6022058302694886,1.286114218650183,-0.03737753933119714,0.4110265462145284,1.6877659268333014,0.2906333522304396,-0.45260003216133027,3.654102099574893,0.08278512731448084,-0.013184447321931136,3.258383128400192,-0.23524253063433087,-0.1967760999971715,5.4701261940036465,0.3227923562646735,0.04859086600751361,-0.01831665448844433,0.0021786338184028864,0.01767866883929518,0.017478615706775266,-0.01639149113580629,-0.005133507856544317,0.01924430190238213,0.01885513770093563,-0.02111270761022732,-0.000908777122353488,0.020247993971908827,0.018969185384639105,-0.015524254154488548,0.05084422779231579,-0.0020876324524453844,-0.002087835119195164,-0.00012877576884895436,-0.00022583355341720956,0.024092691656639485,0.027399653360082467,0.17413364217665994,0.032423273130204544,0.02056379232220896,0.015401221973474818,-0.03841766903398702,0.28390976954599,0.0016924128099101898,0.00179689454978352,0.1371637900541065,0.07104257480521081,-0.001469707820038437,-0.0019691844097379017,-0.2865049906659858,-0.46748045048956555,-0.19319370098489816,-0.14089560255056793,0.030733464617266337,0.4133245406784598,0.0012204627272264105,0.0008264518265107618,-0.7453137331743409,-0.6238920577990766,8.706499414758642e-05,0.00011274044828989804,-0.3492009067429932,-0.49741357156947774
2043-02-01,215,0.018259593656819874,0.018832807377231576,0.020413925976995297,-0.0020844975434706962,0.026479010879257078,3.169719920812903,3.781592479172096,4.761136229897059,1.5847259405333476,1.2208722336386755,1.3024090298641071,2.3116220863678163,1.1360482898399147,59.314273748847654,66.16969718572642,0.03260625322884854,0.27956262578484337,-0.20471700024427888,0.0009488273963509672,0.00016464753802366002,0.001235711440006822,-0.001862526938200098,0.004751000553369522,14.339894869208184,1689418.3722111178,0.740484714097595,3.022596096445927,1.9087913493358741,1.8147413039793645,3.60592478293409,2.6172112040970195,5.735924362940668,0.9238830140677519,70.89525623135684,60.02266127229707,-0.1633534188058543,-0.0118020012514235,67.75018100852506,72.95174301436069,-0.023328112180243,-0.09296619310794552,0.31465972652348195,0.29233517410005205,-0.11153985648690701,-0.04369145230138216,0.27972705439210777,1.1401197220723218,4.665258027963058,1.3369290178971518,-0.5960848903781026,-0.08680848624336202,1.2993392703602897,-0.3176786816865791,0.002362554241099879,1.517303100957227,0.2738025421578776,0.523507125840232,0.7107690650174824,0.22964517427160303,0.5983367112522995,3.221089705505744,-0.12096892985278884,-0.015947952211649352,3.1853979181967684,0.4448938905856499,0.1871648617491497,6.241304300370863,-0.16994438408944768,-0.23715685043362666,-0.006674075033515692,0.02150452323257923,0.017388889095723017,0.018417692212875175,0.05007246617675043,-0.008584058970470765,0.018838002583154195,0.018891538443273265,-0.000275783268405827,-0.003108855650800657,0.01993365896737036,0.02025262923884643,0.024093269098818704,0.007964236951490955,-0.0020873636159712467,-0.002086284966424855,-0.0013730585694897712,-0.0008567491895518087,0.028288039804649345,0.027451850012923173,-0.06395031037445509,-0.035438017226821605,0.019773779354690692,0.021458897022731696,0.6489641481264812,0.5194747984627681,0.0019245505652535915,0.0025901305260459502,-0.3579220716167587,-0.522915379136032,-0.0010486291947765982,-0.001381932320919191,0.7761539994095759,0.3477700101559533,-0.19913121275839626,-0.14489331041331133,0.028050788264217585,0.4128809650377867,0.00031083509579715713,0.0010434194047502386,2.052510508562866,-0.0906557880451857,5.666181924567584e-05,0.00010086547569493485,1.9057933581302215,0.6323478067126997
2043-03-01,216,0.01652820724448991,0.018839266002302926,0.02049875298775692,-0.0020871847508417527,0.02570041540644783,3.5349157472127715,2.979699928047645,5.446753943570547,0.966227710330505,0.7514363692590841,0.45745776687752737,1.8683773893864046,1.1330159312127368,58.79059917280129,75.65077602773458,0.011540736259607458,0.3019101924445835,-0.21063020304461386,0.0010398165888351584,4.5792463533197785e-05,0.002786175085497287,-0.001991816319838924,-0.0017663738690316677,14.338128495339152,1686436.8617508775,1.5847259405333476,1.2208722336386755,1.3024090298641071,2.3116220863678163,3.169719920812903,3.781592479172096,4.761136229897059,1.1360482898399147,59.314273748847654,60.43372672479821,-0.008828812070830305,-0.027188916537935093,66.16969718572642,67.78816505702531,0.1432843015043046,0.11598795990561217,0.27956262578484337,0.26434290914341946,0.07993760466729638,0.14211572166962072,1.5263473815345208,-0.3902871874455994,-0.36696736141473685,1.3636367301135048,-0.3845085926645161,-0.4489468106388298,0.9685751125898211,-0.6487602923597218,-0.527700267195225,1.9411991885740714,-0.19174617667625293,-0.03751382115565316,0.8140455773862991,-0.002669216312631506,0.39183353203708005,3.7626023088460236,0.11521391022655747,-0.06051305531226414,2.543167931388836,-0.2120515511761355,0.1716489073611498,6.499615921303054,0.1440029607571871,-0.16198833753878594,0.004751000553369522,0.006493140943348408,0.018259593656819874,0.017463574884573757,-0.09482064304773274,-0.053561063314138124,0.018832807377231576,0.01888223851645779,0.0003429454218895067,-0.002275816721487134,0.020413925976995297,0.020360282128502608,0.004155350169154914,0.006801028511312479,-0.0020844975434706962,-0.0020555029530969797,0.0012891391402565233,0.015413160899155454,0.026479010879257078,0.027618950948058277,-0.029404250648168206,-0.06946446102238102,0.03260625322884854,0.0050157299729476565,-0.6460575774036884,1.300908605896336,0.001235711440006822,0.0022215875157170694,1.2547133540188842,0.2541369924821457,-0.001862526938200098,-0.0016694163228151058,0.06941611366102873,0.19312138776752885,-0.20471700024427888,-0.14895566589848966,0.028884766742766965,0.41404626520319265,0.0009488273963509672,0.000770021431273881,0.09589646424009324,0.3503735696225274,0.00016464753802366002,8.429553424759876e-05,-0.7218758076624422,-0.45676287668225757
2043-04-01,217,0.017579245886999238,0.01887979323291649,0.02022727718820616,-0.0020816229906409386,0.026219759790219586,3.285559457408322,4.272413639551448,6.423536331887284,0.6965117210566715,1.6209975137190304,1.3273655527757453,2.018613660286269,0.2953085333422111,62.83269083970962,70.40622712779248,0.014039063379140942,0.2963098978398958,-0.21695688149700204,0.0014108863947553982,4.028834077549158e-05,0.001665108227347909,-0.0008880798905540744,-0.002852319274097681,14.335276176065054,1681633.4590611896,0.966227710330505,0.7514363692590841,0.45745776687752737,1.8683773893864046,3.5349157472127715,2.979699928047645,5.446753943570547,1.1330159312127368,58.79059917280129,65.96604879489094,0.06875404782025685,-0.04749955488351143,75.65077602773458,69.32706621328876,-0.06932577794072303,0.015566227931578913,0.3019101924445835,0.31085309312852266,-0.018549538057466064,-0.046784785514789595,1.8660559447525813,-0.2791432975789685,-0.6267466026325265,1.4883763409643829,1.1571986398759662,0.08910459613239796,2.5064413221072734,1.9016133267032571,-0.47041826151359023,2.012248035973731,0.08041002409540154,0.0031634391977217735,1.682244489548275,-0.7393606522141978,-0.8244556393693352,4.209365630184688,-0.07054094287850088,-0.21946446422993038,3.8183656735048497,0.43384023315086395,0.11891159853996669,5.716490192406749,0.1793329381933526,0.12368535861737495,-0.0017663738690316677,0.008804485201835632,0.01652820724448991,0.017689264422224495,0.06359060162799679,-0.006219508770926141,0.018839266002302926,0.01922210061365931,0.0021512107004917347,-0.017808011081763553,0.02049875298775692,0.019943679489529447,-0.013243527531303978,0.014219928615760491,-0.0020871847508417527,-0.002087848746469236,-0.002664718683178857,-0.002981899832938506,0.02570041540644783,0.025954178290652524,0.02020762604644366,0.010232706911114553,0.011540736259607458,0.02495390640560455,0.21647900648051555,-0.43740017490857375,0.002786175085497287,0.0022193672162978627,-0.40236769899522873,-0.24973739581253973,-0.001991816319838924,-0.0016182006252739882,-0.5541356491014731,-0.4511929629221916,-0.21063020304461386,-0.15340975147581737,0.030036900505898023,0.4142313601961729,0.0010398165888351584,0.0006280206067128905,0.35686082517295303,1.2465606696252993,4.5792463533197785e-05,0.00017229145208253423,-0.12019713142788069,-0.7661616970051891
2043-05-01,218,0.017757737664949237,0.018858133129384648,0.020117718177214746,-0.002087347843027735,0.02240978551672499,1.9780756255532335,3.8811700611029423,4.865662578699163,2.0352606744937614,1.3280209420140119,2.377505024375459,2.449360041352673,1.3677630309060658,66.9900715283107,71.68084850626386,0.030682936050053476,0.308665985786318,-0.22349238466890956,0.0006780676923260158,0.00013991179301898966,0.0011516441758221787,-0.0020013333168890073,0.00596960075199604,14.34124577681705,1691702.1625922814,0.6965117210566715,1.6209975137190304,1.3273655527757453,2.018613660286269,3.285559457408322,4.272413639551448,6.423536331887284,0.2953085333422111,62.83269083970962,57.58742016346109,0.06616588646834853,0.16327613458217627,70.40622712779248,73.53404478609131,0.018103815961588943,-0.025201881458015274,0.2963098978398958,0.2844007136081307,0.04169988257732293,0.08532071481234693,0.6806753731013837,1.922076704475391,1.9900606881374832,0.7231326280712093,-0.18073844606513112,0.8364832265364706,1.0619844080476375,0.7911456413824323,1.2387381644767155,1.404026751024437,0.2133872318120138,0.7445251948123612,0.6819252593240521,3.631640729870366,1.0057374502622762,3.5274506872758127,-0.3979486138675582,-0.43923365599736675,3.251613584284345,-0.09157436789982287,0.19361355846874329,5.552863209549831,-0.24252587246290336,-0.12375608851102593,-0.002852319274097681,0.017258858308196068,0.017579245886999238,0.017781906292494536,0.010153551471852484,-0.001359169660876014,0.01887979323291649,0.018917356572355305,-0.0011472638108175337,-0.0031306405175659524,0.02022727718820616,0.021099198538438904,-0.005416399348860179,-0.046517423846032746,-0.0020816229906409386,-0.002127289896252583,0.002750186951496758,-0.018776027327168543,0.026219759790219586,0.027594510853443697,-0.14530927453102682,-0.1878897351815776,0.014039063379140942,0.0255886479638778,1.1855401048792031,0.19908390991845382,0.001665108227347909,0.0016463051783646339,-0.3083667734580514,-0.3004673793432572,-0.0008880798905540744,-0.0023032964064560704,1.253550990373594,-0.13110040406465695,-0.21695688149700204,-0.15787461433223263,0.030123511763316957,0.41563218136254854,0.0014108863947553982,0.0012890919782933522,-0.5194030541037497,-0.47399587946880284,4.028834077549158e-05,0.00012220479157878635,2.472761357898898,0.14489613059719897
2043-06-01,219,0.01835870150089519,0.018884844544752158,0.021099198538438904,-0.0020876776394458353,0.0241727383626664,2.5583432369842156,3.0718174350791645,3.972272204408437,1.9325011820419822,1.1548261738518244,1.9926012032417812,1.0430597714545289,1.096600416666421,66.6756741823927,69.97523163750576,0.01659319709994813,0.2824687205236153,-0.23003392489407506,0.000643703145486204,0.00026833340463818396,0.0015351963904335457,-0.0009044905576613001,0.032503169029951096,14.373748945847002,1747591.2092228911,2.0352606744937614,1.3280209420140119,2.377505024375459,2.449360041352673,1.9780756255532335,3.8811700611029423,4.865662578699163,1.3677630309060658,66.9900715283107,68.47191365956317,-0.004693193166469878,-0.026233230257025286,71.68084850626386,72.5197601572703,-0.02379459652474747,-0.0350873818976557,0.308665985786318,0.2924781944958928,-0.08487253688146379,-0.034222975116245946,0.8709320803725875,-0.050489597592868085,1.2188885053071554,0.900600194664221,-0.13041569050826018,0.28228505911259405,2.4164495443328216,-0.16189400955515854,-0.17540127915563997,2.2452367766602457,-0.5741500825340102,-0.5354343994818828,0.7456677139378693,-0.1982526271820747,0.4706288017691913,3.297820311637213,0.2933495584976391,-0.22423206990494937,3.229548769484277,-0.20853315193145072,-0.048840053414118456,4.394196378309624,-0.18361124715096333,-0.09601850658834099,0.00596960075199604,-0.0012517456198111176,0.017757737664949237,0.011837910572358602,0.03384236479245639,0.5508396848141908,0.018858133129384648,0.018926579263140272,0.001416440067754543,-0.00220508512435702,0.020117718177214746,0.020371537988884605,0.04878686303180135,0.0357194704666548,-0.002087347843027735,-0.002087676852540162,0.0001579978244650171,3.7692886833973205e-07,0.02240978551672499,0.026651684090351378,0.07866888527896321,-0.0930127236718381,0.030682936050053476,0.017575736688455294,-0.4592043905811546,-0.05590318095471636,0.0011516441758221787,0.0005481961233839137,0.33304750083726375,1.8004510155180617,-0.0020013333168890073,-0.0014031873963085669,-0.5480560134444299,-0.3554028777333752,-0.22349238466890956,-0.16285375509457467,0.029269633660477634,0.41251839578698446,0.0006780676923260158,0.0009654184923374306,-0.05068011236743797,-0.33323926297734674,0.00013991179301898966,0.00017708195322537216,0.9178755332065835,0.5153063299266645
2043-07-01,220,0.018445322636873936,0.018933660327878812,0.020280446262750364,-0.0020873660672346373,0.0305971912628525,3.152042419313884,3.9736667850409075,5.181200546143137,0.7260471905562279,1.4365492184871562,1.3536490494625166,2.768827381385684,1.480780656892299,68.7066009544101,71.95959519402344,0.029263897096073847,0.2814181784957094,-0.23670791237071653,0.0008336965142986322,0.0001019236897705131,0.0014149521493906005,-0.00029839938910724813,0.03260984644293785,14.40635879228994,1805519.269464596,1.9325011820419822,1.1548261738518244,1.9926012032417812,1.0430597714545289,2.5583432369842156,3.0718174350791645,3.972272204408437,1.096600416666421,66.6756741823927,64.45115397876606,0.03045978607522981,0.06602592371031935,69.97523163750576,70.79249513123862,0.0283580848549001,0.016486211718080845,0.2824687205236153,0.28703722362825135,-0.003719144640010219,-0.019576015478115605,1.2426711916652757,-0.6242966383135413,-0.4157366844697925,1.193384513537797,0.24395277056777176,0.20376056685074273,1.83110963219714,-0.32066233461053195,-0.2607493152453797,2.1978646013854815,1.6545241770033963,0.25978068878323124,0.9189310234573831,0.35033749247857826,0.6114165471539035,2.3690795518478662,0.2320639286187114,0.33049243401527484,4.91067636983497,0.29358819950134873,-0.19081069779916127,5.023041699955714,0.30434176701008275,0.031486667966307724,0.032503169029951096,9.123872587224469e-05,0.01835870150089519,0.018169958651073754,0.0047182604921442994,0.015154904371998068,0.018884844544752158,0.018848830508608222,0.0025849184519879387,0.004500534886334062,0.021099198538438904,0.02055920410442922,-0.03880489935183662,-0.013558785654489425,-0.0020876776394458353,-0.0020995282244810325,-0.00014924344894584607,-0.00579280483328648,0.0241727383626664,0.03130668836544057,0.26577265694102525,-0.022662796342627134,0.01659319709994813,0.030656813929505776,0.7636081172184308,-0.045435798926623305,0.0015351963904335457,0.0019897322672508,-0.07832498942300647,-0.28887309479800993,-0.0009044905576613001,-0.001945864329270299,-0.670091205950446,-0.8466494376721793,-0.23003392489407506,-0.16730790576958607,0.02901305744235194,0.4148041079224738,0.000643703145486204,0.001047703072070551,0.29515681280215245,-0.20426260404962127,0.00026833340463818396,8.558222783927773e-05,-0.6201602632816245,0.19094457276719212
2043-08-01,221,0.01806942916834667,0.019030908065591393,0.02022811615549884,-0.0020864781569440646,0.0278291772877876,2.4889439579958577,3.378310139829681,5.9240097918090795,-0.09169485608336614,2.4079615135442753,1.9722965636704504,2.1533337941397575,1.1210051840995379,60.841901046970705,78.64252469701901,0.03656401261419939,0.3060894359658233,-0.24371136892336198,0.0010796762449385333,0.00012412170124822224,0.0023636529960083404,-0.0024827158611855794,0.013676198199391365,14.42003499048933,1830381.5319460356,0.7260471905562279,1.4365492184871562,1.3536490494625166,2.768827381385684,3.152042419313884,3.9736667850409075,5.181200546143137,1.480780656892299,68.7066009544101,76.18966478150858,-0.11446789388777912,-0.2014415443164257,71.95959519402344,71.07858064922003,0.09287058223405098,0.10641664448995969,0.2814181784957094,0.3070340279657217,0.0876676041398301,-0.003076505904433202,0.8025581879294081,-1.1262932455025663,-1.114253218598315,1.025931778366147,0.6762123306016083,1.347097111446423,1.6046880640512007,0.4570220874114863,0.22908408671725522,1.9559935609025612,-0.22229395425073317,0.10089002192120544,1.2931009750683027,-0.24296337956481595,-0.13308766622782464,2.5400743635269,-0.21037104616833335,-0.020129491587028814,3.4767486203201043,-0.14982550813079754,-0.02831337299311565,4.920912180669628,0.1433662409031602,0.2038438351084233,0.03260984644293785,-0.0004556685162242502,0.018445322636873936,0.017617123328225112,-0.020378796073526995,0.02567421659567426,0.018933660327878812,0.01888499837193399,0.005136235467866124,0.007726222199428312,0.020280446262750364,0.02043271578139476,-0.00258032326180313,-0.010013334893162806,-0.0020873660672346373,-0.002087172988867343,-0.0004253735386956503,-0.0003329057663090662,0.0305971912628525,0.02271565874690918,-0.09046627683193575,0.22510985033943576,0.029263897096073847,0.01099737154239733,0.2494580777863984,2.3247956089540973,0.0014149521493906005,0.0010957526984036801,0.670482635774172,1.1571044264383459,-0.00029839938910724813,-0.00048482938488586617,7.320110401745035,4.120803190941152,-0.23670791237071653,-0.1723178253997106,0.029586913603788068,0.4143131643986686,0.0008336965142986322,0.0005467430245669545,0.29504709018345565,0.974741691114736,0.0001019236897705131,0.00015602890815110968,0.21779050118465282,-0.20449548279852214
2043-09-01,222,0.01770234009125537,0.01917252423677578,0.020447144648030973,-0.002088648019751382,0.022887345659761374,3.648628053740685,3.77924932068109,6.383566259448219,1.8484246333368146,0.2834660087586316,1.1446630148255017,1.8860264888562186,1.3731859894357263,56.95176412646357,75.71693772358499,0.017376035681862127,0.29728052482742773,-0.25067166870306945,0.001427350667260789,0.00010094141583092848,0.0029764994043992715,-0.0029632995530029073,-0.01636379398405552,14.403671196505275,1800673.2784363343,-0.09169485608336614,2.4079615135442753,1.9722965636704504,2.1533337941397575,2.4889439579958577,3.378310139829681,5.9240097918090795,1.1210051840995379,60.841901046970705,72.98015476352751,-0.06393845119178476,-0.21962670110798765,78.64252469701901,75.37968612080913,-0.03720108153578794,0.004474038300389838,0.3060894359658233,0.2533507599320729,-0.028778879972123916,0.1733950389852119,1.1001203929242187,-21.158433223956248,0.6802021353531462,-0.4431661669047817,-0.8822796763302923,-1.6396381987786917,1.5884492528883691,-0.41962936207966606,-0.27938332764229346,1.7166577843386857,-0.12413649291670836,0.09866189176591145,1.0368106270739115,0.22495953534662383,0.32443278799247444,3.059959147037609,0.46593419350374843,0.19237802807693538,2.9505717937794884,0.11868039471107372,0.2808531989116998,5.00769842021289,0.07757523768352859,0.2747505388267446,0.013676198199391365,0.002521335380151868,0.01806942916834667,0.01665322010138034,-0.020315477244536084,0.0629980258165248,0.019030908065591393,0.01891906172882217,0.007441377505282176,0.013397202862733604,0.02022811615549884,0.0202990896020994,0.010827923413549989,0.00729367911732659,-0.0020864781569440646,-0.0020845457509863596,0.001039964305447505,0.001967943741739253,0.0278291772877876,0.029137381412407695,-0.17757735260807983,-0.2145023145417193,0.03656401261419939,0.031493487357385164,-0.524777658699465,-0.44826574825834653,0.0023636529960083404,0.0009977817810856696,0.2592793482909235,1.983116610087421,-0.0024827158611855794,-0.0008175007011036171,0.19357176523125497,2.624828148774044,-0.24371136892336198,-0.17753648982434647,0.02855960232982091,0.41194449068516836,0.0010796762449385333,0.0008420382318211285,0.3220172935656733,0.6951138479469854,0.00012412170124822224,0.00013278844405101463,-0.18675449324479643,-0.23983282918693716
2043-10-01,223,0.01795899882647221,0.018883769143622116,0.020260830026906176,-0.0020843805127911726,0.02774900134919476,4.2207272162358915,3.573168253368031,4.6892462474587315,0.6640470125004432,1.3285276651290323,0.33770571638654645,2.0487926168907027,1.1399508519453698,67.96122607143406,75.97840695863242,0.027366584297253235,0.2707126002089137,-0.25798176721681915,0.0010836120502535377,0.0001631172509207548,0.0012441000780788632,-0.0008040724495135551,-0.014460332691669464,14.389210863813606,1774822.3010819624,1.8484246333368146,0.2834660087586316,1.1446630148255017,1.8860264888562186,3.648628053740685,3.77924932068109,6.383566259448219,1.3731859894357263,56.95176412646357,64.37094035561098,0.1933120442155849,0.055774945899327966,75.71693772358499,71.01470233015677,0.0034532463000809255,0.06989685889829866,0.29728052482742773,0.2911002428744313,-0.08936987928804552,-0.0700365017363177,2.543397188017723,-0.6407497495303924,-0.7389133653096513,0.8660577299804776,3.6867265353859766,0.5339943506525593,1.6072392171694887,-0.7049736804521215,-0.7898845966555741,2.6184797334843695,0.08630108272402559,-0.2175640732707116,0.4748662338002878,-0.1698496338330674,1.400572562977374,2.8527770384125857,0.15679843329293952,0.479515279113609,3.11035945291698,-0.054529630047249644,0.14879592132575437,5.238649342686768,-0.26541903743565765,-0.10487495140231362,-0.01636379398405552,-0.002618885599076748,0.01770234009125537,0.01745255272490224,0.01449857667934129,0.029018454179906117,0.01917252423677578,0.01888413839151694,-0.015060880329976989,-1.9553335564914676e-05,0.020447144648030973,0.0203032618171148,-0.009112011693169997,-0.002089900164359504,-0.002088648019751382,-0.0020885157610298966,-0.0020431910594095326,-0.001979993790750645,0.022887345659761374,0.03015297627058514,0.21241675473013655,-0.07972595805527527,0.017376035681862127,0.02249634365616348,0.5749613317046582,0.21649032018389458,0.0029764994043992715,0.0011123633273785896,-0.5820257594407441,0.11842960609886899,-0.0029632995530029073,-0.0010842897383465785,-0.7286563726914698,-0.25843395812296777,-0.25067166870306945,-0.1823846041791959,0.029162045122892666,0.4144931167728816,0.001427350667260789,0.0010263301701695625,-0.24082282293454604,0.05581233188780921,0.00010094141583092848,1.7267389633598805e-05,0.6159596096211641,8.44654950064728
2043-11-01,224,0.018861181716281195,0.018918352625644647,0.02035084606676437,-0.002086241361953211,0.02644405518436799,4.008465364302754,2.9068254760579335,5.593243905119742,1.641882873651312,0.39743192726143795,0.8016418399037436,2.068962933596372,1.476290747345612,62.120514158748215,67.75187672946825,0.010479134820660525,0.2841962589302309,-0.2659663690923514,0.0010041718569153738,1.6613329727727996e-05,0.0017197376048176873,-0.0016350966320836586,-0.0015641413629055023,14.3876467224507,1772048.3980627959,0.6640470125004432,1.3285276651290323,0.33770571638654645,2.0487926168907027,4.2207272162358915,3.573168253368031,4.6892462474587315,1.1399508519453698,67.96122607143406,64.59842087362935,-0.085941826690217,-0.03835862674922874,75.97840695863242,72.50724576883314,-0.10827458166690995,-0.06558474244802948,0.2707126002089137,0.29009699405616945,0.04980802042798027,-0.020340559353731247,0.9680732313259148,1.4725401104793256,0.696031684919661,0.4500461834621112,-0.7008478350182963,-0.11690857101802932,0.19146983680180196,1.3737881860020522,3.186778728670223,2.907158253130693,0.0098449772511775,-0.2883211874109969,0.7660700398930564,0.2950477161592231,0.9270963103474226,3.120889705325253,-0.050290350704643605,0.2843982783060255,3.916719761693483,-0.186485138695053,-0.2578418541741415,5.097544241298505,0.19278101638422562,0.09724283701262526,-0.014460332691669464,0.016946570947766304,0.01795899882647221,0.018782798700299117,0.05023570069391248,0.004173127617069561,0.018883769143622116,0.019246681326190587,0.001831386613525332,-0.017058977336480097,0.020260830026906176,0.02057543971353242,0.0044428604227297885,-0.01091561832432364,-0.0020843805127911726,-0.0022211342823809884,0.0008927588559857202,-0.060731546713680196,0.02774900134919476,0.023008467212852265,-0.047026779393076645,0.14931842002915552,0.027366584297253235,0.01822326385364271,-0.6170828369796845,-0.42495839906495037,0.0012441000780788632,0.0015215891042948573,0.3823145220546105,0.13022471044484574,-0.0008040724495135551,-0.0013634348866147978,1.0335190355954285,0.19924805220684627,-0.25798176721681915,-0.1877147592919298,0.03095025653042227,0.416864449527522,0.0010836120502535377,0.000984870466477747,-0.07331054810582527,0.019597897484585625,0.0001631172509207548,-3.725314408211805e-05,-0.8981509948582995,-1.4459577879146739
2043-12-01,225,0.017885468695789844,0.018843696425639413,0.020538732944211577,-0.002088535340006683,0.026219768969112267,3.0717753889352655,2.9920327745495063,5.0742862400951205,-0.26296516734550734,1.3255642391142828,2.25637649049453,1.189793476315815,1.175989117896659,57.99214416971317,68.68503877390786,0.028454651280361364,0.29664469007415795,-0.27308516086913037,0.0007680888472703037,0.00021984380860603055,0.0017613936502591534,-0.0013693051250484888,0.01181694958359003,14.39946367203429,1793112.8181176973,1.641882873651312,0.39743192726143795,0.8016418399037436,2.068962933596372,4.008465364302754,2.9068254760579335,5.593243905119742,1.476290747345612,62.120514158748215,68.42348910926289,-0.06645743431042839,-0.1524526894980801,67.75187672946825,80.67457658495816,0.013773227982535552,-0.1486160612001992,0.2841962589302309,0.285457622926863,0.043802234381217,0.03918994011297139,0.9804837294938051,-1.1601607347061917,-1.26819941977137,1.1939166660463696,2.3353239842814704,0.11026529473272317,1.2430822293783983,1.8146940169258907,0.8151466066913595,1.885205652399315,-0.424932434991642,-0.3688786818554485,0.7158369280253922,-0.2034163188984952,0.6428170605008858,3.330231171421323,-0.23367795159443017,-0.07760896141505691,3.422276092664874,0.029312836010755516,-0.12571847111854262,4.33622430291167,-0.09278294918438956,0.17020843148908615,-0.0015641413629055023,-0.01831665448844433,0.018861181716281195,0.01767866883929518,-0.051731277242777596,0.011697705204760656,0.018918352625644647,0.01924430190238213,-0.003946231549994184,-0.020816836005525752,0.02035084606676437,0.020247993971908827,0.009232386547016969,0.014358902551339536,-0.002086241361953211,-0.0020876324524453844,0.0010995746203230627,0.00043249354561480935,0.02644405518436799,0.024092691656639485,-0.008481536348793672,0.08828724257078191,0.010479134820660525,0.02056379232220896,1.715362648475573,0.3837258631342164,0.0017197376048176873,0.0016924128099101898,0.02422232631581145,0.04075887392546029,-0.0016350966320836586,-0.001469707820038437,-0.16255400556752586,-0.06831473141874023,-0.2659663690923514,-0.19319370098489816,0.026765759148695834,0.4135303556842016,0.0010041718569153738,0.0012204627272264105,-0.2351021969190339,-0.37065767750577605,1.6613329727727996e-05,8.706499414758642e-05,12.232976905232105,1.5250539640922378
2044-01-01,226,0.017716061362140652,0.018867501568419726,0.020276557047006094,-0.002085721105703528,0.03714275016046463,4.204031569431662,3.834102361565466,5.258864829956564,1.7302173011269781,0.4418187163104518,1.2448527116237755,2.872065938436082,0.9163645918937091,65.53061680239868,62.7036303729029,0.022687790729531376,0.30219850100039597,-0.2813171903729229,0.0008773930487680307,5.402096209630958e-05,0.00203560278119517,-0.0011205933197893968,-0.0009108040248975158,14.398552868009393,1791480.3872710036,-0.26296516734550734,1.3255642391142828,2.25637649049453,1.189793476315815,3.0717753889352655,2.9920327745495063,5.0742862400951205,1.175989117896659,57.99214416971317,70.89525623135684,0.12999127279419564,-0.07566993497352492,68.68503877390786,67.75018100852506,-0.0870845894211999,-0.07448763325056129,0.29664469007415795,0.31465972652348195,0.018722097890407685,-0.03960222574640815,0.740484714097595,-7.579644439575766,1.3366009698600445,3.022596096445927,-0.6666938475907688,-0.8538280662672868,1.9087913493358741,-0.448295655947496,-0.3478319607552197,1.8147413039793645,1.4139197227147426,0.5826310516756388,0.9238830140677519,-0.22077119766831432,-0.00813785085293428,3.60592478293409,0.36859992581972545,0.1658677932851671,2.6172112040970195,0.28143728711084903,0.4649571863224138,5.735924362940668,0.036375281394843695,-0.08317047136575695,0.01181694958359003,-0.006674075033515692,0.017885468695789844,0.017388889095723017,-0.00947178609241972,0.018815018292232644,0.018843696425639413,0.018838002583154195,0.001263294750807109,0.0015659295689824937,0.020538732944211577,0.01993365896737036,-0.01276494990794319,0.01720196378382055,-0.002088535340006683,-0.0020873636159712467,-0.001347467887781062,-0.0007868826759033221,0.026219768969112267,0.028288039804649345,0.41659334238299306,0.31301958060593327,0.028454651280361364,0.019773779354690692,-0.20266846688822793,0.14736744668638302,0.0017613936502591534,0.0019245505652535915,0.15567736995967496,0.05770293488077072,-0.0013693051250484888,-0.0010486291947765982,-0.18163358970140775,0.06862685625315823,-0.27308516086913037,-0.19913121275839626,0.03014455079724221,0.4127227292802258,0.0007680888472703037,0.00031083509579715713,0.1423067160604936,1.8226962161975253,0.00021984380860603055,5.666181924567584e-05,-0.7542757176613628,-0.04660734837891389
2044-02-01,227,0.014943087814045783,0.01898075680238387,0.020644303883754853,-0.002104370253744111,0.032475172810200036,3.347835419876146,3.141515904271393,6.699159170115396,0.30242442884240484,0.710479346403587,1.1893159237016708,2.090151214639174,1.8159517365925557,67.73740761595123,69.94528710989482,0.02573975992486437,0.28211653212501675,-0.2898089272653726,0.0007773184434197971,4.748500631919041e-05,0.0015731750306687267,-0.0012697345380150373,0.0014354829909279943,14.39998835100032,1794053.8735514907,1.7302173011269781,0.4418187163104518,1.2448527116237755,2.872065938436082,4.204031569431662,3.834102361565466,5.258864829956564,0.9163645918937091,65.53061680239868,59.314273748847654,0.0336757216890986,0.14200854760136417,62.7036303729029,66.16969718572642,0.1154902306919916,0.05705919907070145,0.30219850100039597,0.27956262578484337,-0.06645290697637485,0.009135363974363653,1.5847259405333476,-0.8252101463524724,-0.8091629466602772,1.2208722336386755,0.6080788798099628,-0.4180559383465693,1.3024090298641071,-0.04461313969398273,-0.08683378536943676,2.3116220863678163,-0.27224817972761506,-0.09580755999638024,1.1360482898399147,0.9816912969539873,0.5984811146086484,3.169719920812903,-0.2036607326598321,0.05619281940139498,3.781592479172096,-0.18063848900770862,-0.16926111907246943,4.761136229897059,0.2738793231486667,0.4070505120287724,-0.0009108040248975158,0.004751000553369522,0.017716061362140652,0.018259593656819874,-0.1565231397324427,-0.18163086786629512,0.018867501568419726,0.018832807377231576,0.0060026619610149545,0.007855941081368556,0.020276557047006094,0.020413925976995297,0.01813655227049793,0.011285330759951417,-0.002085721105703528,-0.0020844975434706962,0.008941343111303901,0.009533573371512283,0.03714275016046463,0.026479010879257078,-0.125665906000489,0.22644961922048923,0.022687790729531376,0.03260625322884854,0.13452033438233468,-0.2105882345877449,0.00203560278119517,0.001235711440006822,-0.22716993452668433,0.27309255197964477,-0.0011205933197893968,-0.001862526938200098,0.13309129689767363,-0.3182731954244492,-0.2813171903729229,-0.20471700024427888,0.030185630964082888,0.4156563789013987,0.0008773930487680307,0.0009488273963509672,-0.11405903601441891,-0.18075885412959725,5.402096209630958e-05,0.00016464753802366002,-0.12098925164395902,-0.7115960135865089
2044-03-01,228,0.016873372070551812,0.018915893536920053,0.020280446262750364,-0.002087170657502488,0.028116214501417235,3.037211817889373,3.126993457865051,4.547848192972685,1.6370271512395136,0.8232207632197108,1.1824715647330468,2.3119890424052265,1.2948302838016952,64.567375757222,76.31347538341343,0.0151120317707901,0.25236880487656954,-0.2980715693458556,0.0013338532345154575,0.0002595942059108205,0.0011132273249915897,-0.0015816797232201284,0.010420756414532661,14.410409107414853,1812847.0213044095,0.30242442884240484,0.710479346403587,1.1893159237016708,2.090151214639174,3.347835419876146,3.141515904271393,6.699159170115396,1.8159517365925557,67.73740761595123,58.79059917280129,-0.046798836422885626,0.09826020938213631,69.94528710989482,75.65077602773458,0.09104528034195081,0.008759980934444078,0.28211653212501675,0.3019101924445835,-0.10544482106162012,-0.164093127055018,0.966227710330505,4.413012293701241,0.6942457080635338,0.7514363692590841,0.1586835949374399,0.09552957096208448,0.45745776687752737,-0.005754870368943954,1.5848759171895828,1.8683773893864046,0.10613482230966165,0.2374315036880792,1.1330159312127368,-0.28696877912002805,0.14281736746257256,3.5349157472127715,-0.09278341466327666,-0.14079654648511242,2.979699928047645,-0.00462275119683353,0.04943233660240254,5.446753943570547,-0.32113149165638555,-0.16503513099925282,0.0014354829909279943,-0.0017663738690316677,0.014943087814045783,0.01652820724448991,0.1291757286396762,0.02088337960409903,0.01898075680238387,0.018839266002302926,-0.003417317135408937,0.004067437372971883,0.020644303883754853,0.02049875298775692,-0.017625085498320536,-0.010649756360152307,-0.002104370253744111,-0.0020871847508417527,-0.008173274741467895,-6.7523199654973e-06,0.032475172810200036,0.02570041540644783,-0.13422432989836808,0.09399844542447822,0.02573975992486437,0.011540736259607458,-0.4128915026828973,0.30945127163872255,0.0015731750306687267,0.002786175085497287,-0.29236906047359656,-0.6004460269614045,-0.0012697345380150373,-0.001991816319838924,0.24567748286405733,-0.2059108525890394,-0.2898089272653726,-0.21063020304461386,0.0285106541004414,0.41514163228870204,0.0007773184434197971,0.0010398165888351584,0.7159675623380253,0.28277741366839515,4.748500631919041e-05,4.5792463533197785e-05,4.466866828780627,4.6689285939513745
2044-04-01,229,0.01855103393939855,0.01890362829053023,0.020230609603218687,-0.002127291067031739,0.02777469514902863,2.8426175877934288,2.8503999740749983,5.4645836197373585,1.1336376555186287,1.6643625633072048,2.5217129862499337,2.5724996125616766,1.1810953160707487,63.40941194957828,74.73923155591854,0.0057133616821056,0.29843278337905915,-0.3068608682041988,0.0007857196212618331,4.936543671811409e-05,0.0011847251916203626,-0.001338097074949049,0.002075941301882267,14.412485048716736,1816614.294275776,1.6370271512395136,0.8232207632197108,1.1824715647330468,2.3119890424052265,3.037211817889373,3.126993457865051,4.547848192972685,1.2948302838016952,64.567375757222,62.83269083970962,-0.0179341934539472,0.009178679158273084,76.31347538341343,70.40622712779248,-0.020628648080638357,0.06154291466664352,0.25236880487656954,0.2963098978398958,0.1825264359635057,0.0071644098109420185,0.6965117210566715,-0.307502227644625,0.6275930773983207,1.6209975137190304,1.0217694179598822,0.026752076558515192,1.3273655527757453,1.1325781198123206,0.8997878775568693,2.018613660286269,0.11267811627923363,0.2743892816998268,0.2953085333422111,-0.08783774148146595,2.9995299245283413,3.285559457408322,-0.06407002269310669,-0.1348147477946693,4.272413639551448,-0.08845348975526679,-0.3328361402819938,6.423536331887284,0.20157564365961234,-0.14928734930470577,0.010420756414532661,-0.002852319274097681,0.016873372070551812,0.017579245886999238,0.09942659130800946,0.055280417524508296,0.018915893536920053,0.01887979323291649,-0.00064840956975587,0.0012624639115317304,0.020280446262750364,0.02022727718820616,-0.0024573748962917197,0.0001647485710269958,-0.002087170657502488,-0.0020816229906409386,0.01922239055298869,0.02193868755107231,0.028116214501417235,0.026219759790219586,-0.012146704613147374,0.05930395134241695,0.0151120317707901,0.014039063379140942,-0.6219329228020218,-0.5930382584785223,0.0011132273249915897,0.001665108227347909,0.06422575607305814,-0.2884995868963266,-0.0015816797232201284,-0.0008880798905540744,-0.1540025105557853,0.5067305196092304,-0.2980715693458556,-0.21695688149700204,0.029487209657841795,0.41438642594260866,0.0013338532345154575,0.0014108863947553982,-0.4109399738065952,-0.4431021348121714,0.0002595942059108205,4.028834077549158e-05,-0.809836138118303,0.22530329539270433
2044-05-01,230,0.018109735656051115,0.018972563045527798,0.020192896663864476,-0.002085629148201769,0.021474831061098522,3.05684280146478,3.560176296800741,5.600108669384621,0.5113033503921106,1.6257997239294466,2.33907850509987,1.5779023547298294,0.4837422041071772,64.41746887964307,72.02406597705694,0.02571813716739948,0.2753703807782486,-0.3156306865680804,0.001066240736385705,0.00011151425741607918,0.0023178863639077858,-0.001637786431927549,0.005116815213114023,14.41760186392985,1825933.395660395,1.1336376555186287,1.6643625633072048,2.5217129862499337,2.5724996125616766,2.8426175877934288,2.8503999740749983,5.4645836197373585,1.1810953160707487,63.40941194957828,66.9900715283107,0.015897591525787513,-0.03840274521248144,74.73923155591854,71.68084850626386,-0.03632851880247345,0.004788133482586776,0.29843278337905915,0.308665985786318,-0.07727838188446434,-0.10786936864212548,2.0352606744937614,-0.5489710950381284,-0.748777462857779,1.3280209420140119,-0.023169734905074457,0.22422747450340497,2.377505024375459,-0.07242476925245211,-0.016162539671470633,2.449360041352673,-0.3866267862491277,-0.3557899499910091,1.3677630309060658,-0.5904291571348501,-0.6463260132226814,1.9780756255532335,0.07536195321919559,0.5453619477313127,3.8811700611029423,0.24900937734399076,-0.0827054108036126,4.865662578699163,0.02480061777401743,0.15094472310938856,0.002075941301882267,0.00596960075199604,0.01855103393939855,0.017757737664949237,-0.02378833895668797,0.019822231736008833,0.01890362829053023,0.018858133129384648,0.003646641477398349,0.00606793447464038,0.020230609603218687,0.020117718177214746,-0.0018641523954973094,0.0037369291083357847,-0.002127291067031739,-0.002087347843027735,-0.019584493854948648,-0.0008233868790518128,0.02777469514902863,0.02240978551672499,-0.22682027846308994,-0.04172081231784608,0.0057133616821056,0.030682936050053476,3.501401906332899,-0.16180977187303236,0.0011847251916203626,0.0011516441758221787,0.9564759661585194,1.012675800885292,-0.001338097074949049,-0.0020013333168890073,0.22396682766077447,-0.1816523424126958,-0.3068608682041988,-0.22349238466890956,0.028579135603715278,0.41226595723012305,0.0007857196212618331,0.0006780676923260158,0.35702444934920496,0.5724694576261495,4.936543671811409e-05,0.00013991179301898966,1.258954135316305,-0.20296741961598763
2044-06-01,231,0.01746357347639517,0.018945448785620003,0.020216593637791314,-0.0020848080819362833,0.02637283860047067,3.0073318101546267,4.372978026965408,5.912041167348416,0.879969955877155,0.20794366159624356,2.71105255733036,2.3336363376135396,0.47399781720244033,63.7037259566157,72.7767535927877,0.0019302142134795738,0.2644638721214678,-0.3249077613530288,0.0012882973474139085,3.526269815787102e-05,0.001032941239146996,-0.0013797829126518007,-0.03379198908805847,14.383809874841791,1765262.3452540783,0.5113033503921106,1.6257997239294466,2.33907850509987,1.5779023547298294,3.05684280146478,3.560176296800741,5.600108669384621,0.4837422041071772,64.41746887964307,66.6756741823927,-0.011079959139048468,-0.04457320097952322,72.02406597705694,69.97523163750576,0.010450501586102279,0.04003590827386927,0.2753703807782486,0.2824687205236153,-0.03960668763995945,-0.06374103429495381,1.9325011820419822,0.7210330329388994,-0.5446471318856672,1.1548261738518244,-0.872097615385456,-0.8199350981951984,1.9926012032417812,0.159025894778426,0.36055953038657385,1.0430597714545289,0.4789485107353857,1.2372987641535862,1.096600416666421,-0.020143760089574414,-0.567757033465885,2.5583432369842156,-0.01619677377143125,0.1754997400972984,3.0718174350791645,0.2283037867801856,0.42358005297691514,3.972272204408437,0.05570115088464389,0.4883273006283957,0.005116815213114023,0.032503169029951096,0.018109735656051115,0.01835870150089519,-0.03568037612078778,-0.04875769805704255,0.018972563045527798,0.018884844544752158,-0.00142913004651668,0.0032091469285981944,0.020192896663864476,0.021099198538438904,0.0011735301933795128,-0.04183120505926541,-0.002085629148201769,-0.0020876776394458353,-0.00039367797779077396,-0.001374521360641534,0.021474831061098522,0.0241727383626664,0.22808130715611763,0.09101576349339946,0.02571813716739948,0.01659319709994813,-0.9249473552102239,-0.8836743635447079,0.0023178863639077858,0.0015351963904335457,-0.5543607075691437,-0.32716019554000575,-0.001637786431927549,-0.0009044905576613001,-0.1575318455728676,0.5254807261000516,-0.3156306865680804,-0.23003392489407506,0.029392182635408437,0.41243410728500485,0.001066240736385705,0.000643703145486204,0.20826123355680548,1.0013842660980434,0.00011151425741607918,0.00026833340463818396,-0.6837830518271781,-0.8685862529660866
2044-07-01,232,0.018410603145333458,0.018935463060139986,0.020546688998888805,-0.002087346217774818,0.024219881663793213,3.3240511546744482,2.790072447081188,5.3803920855887135,1.5457221165236397,1.0078495928772757,1.2258747406903794,1.9248781518137186,1.087652290261889,60.30598043376337,70.34228814417928,0.01848615328020248,0.2535345156492803,-0.33475015118024504,0.0011351267449947735,0.00014865833803513325,0.0011852493214281367,-0.0007879121325546422,-0.005054558161646128,14.378755316680145,1756362.2360679293,0.879969955877155,0.20794366159624356,2.71105255733036,2.3336363376135396,3.0073318101546267,4.372978026965408,5.912041167348416,0.47399781720244033,63.7037259566157,68.7066009544101,-0.053336684343492036,-0.12226802670999437,72.7767535927877,71.95959519402344,-0.03345114103646529,-0.022475210505054077,0.2644638721214678,0.2814181784957094,-0.041326463174401695,-0.0990826640818947,0.7260471905562279,0.7565623760221021,1.128955440677975,1.4365492184871562,3.846743512837528,-0.2984232075677492,1.3536490494625166,-0.5478233214713003,-0.09439249325581966,2.768827381385684,-0.17515933361657876,-0.3048038441275467,1.480780656892299,1.2946356518712876,-0.2654872379650508,3.152042419313884,0.10531572986072901,0.054570564884087513,3.9736667850409075,-0.36197428162763134,-0.2978594839445087,5.181200546143137,-0.08992648506846412,0.0384450549002302,-0.03379198908805847,0.03260984644293785,0.01746357347639517,0.018445322636873936,0.05422885930066679,-0.0018822924501775695,0.018945448785620003,0.018933660327878812,-0.0005270778007431254,9.521308769433467e-05,0.020216593637791314,0.020280446262750364,0.01632794164099116,0.01312805116263438,-0.0020848080819362833,-0.0020873660672346373,0.0012174433994793787,-9.50933337995341e-06,0.02637283860047067,0.0305971912628525,-0.0816353889428888,-0.20842794177653368,0.0019302142134795738,0.029263897096073847,8.57725476846309,-0.3682948918419122,0.001032941239146996,0.0014149521493906005,0.1474508679766886,-0.16233964382568944,-0.0013797829126518007,-0.00029839938910724813,-0.4289593490903898,1.6404616139192485,-0.3249077613530288,-0.23670791237071653,0.030292873848962953,0.4141907966979199,0.0012882973474139085,0.0008336965142986322,-0.11889382736571286,0.3615587033486962,3.526269815787102e-05,0.0001019236897705131,3.2157391748524233,0.4585258674391186
2044-08-01,233,0.01806942877027663,0.018886353658828525,0.020298241291779984,-0.0021271265063103756,0.02037189467689475,3.3260622126934987,3.344400903846871,5.501428908921645,1.1805171990531542,0.5087958384264732,1.4954400135951367,2.4776691503443664,1.031912130434416,62.48741498490928,73.54212648421469,0.030088197748771042,0.30272019882020945,-0.344271217747515,0.0011603004361067015,0.000179233600731568,0.002174679558890005,-0.0019714886609343584,0.014013956300914288,14.39276927298106,1781149.095013531,1.5457221165236397,1.0078495928772757,1.2258747406903794,1.9248781518137186,3.3240511546744482,2.790072447081188,5.3803920855887135,1.087652290261889,60.30598043376337,60.841901046970705,0.0361727731720054,0.02704573508753816,70.34228814417928,78.64252469701901,0.04548954013945017,-0.06485547396213809,0.2535345156492803,0.3060894359658233,0.19399994925727881,-0.011007361737208177,-0.09169485608336614,-0.23626815814205904,-13.874410293854044,2.4079615135442753,-0.49516689591159213,-0.7887026700532362,1.9722965636704504,0.21989626179339128,-0.24177730614095994,2.1533337941397575,0.2871823330789951,0.15062010222812616,1.1210051840995379,-0.051248142744269476,-0.0794760407256162,2.4889439579958577,0.0006050021270649353,0.3363347141699822,3.378310139829681,0.19867887564912134,-0.010037336591163237,5.9240097918090795,0.022495911340202568,-0.07133358953452806,-0.005054558161646128,0.013676198199391365,0.018410603145333458,0.01806942916834667,-0.01853140673141429,-2.203002869016757e-08,0.018935463060139986,0.019030908065591393,-0.002593514674317121,-0.007595770326074391,0.020546688998888805,0.02022811615549884,-0.012091860986568559,0.0034667161164230187,-0.002087346217774818,-0.0020864781569440646,0.019057829600479304,0.019481799620584717,0.024219881663793213,0.0278291772877876,-0.15887720015787266,-0.2679663338148829,0.01848615328020248,0.03656401261419939,0.6276072849073273,-0.17710897689914673,0.0011852493214281367,0.0023636529960083404,0.8347865884197927,-0.0799497377311591,-0.0007879121325546422,-0.0024827158611855794,1.5021681726643985,-0.2059145020353207,-0.33475015118024504,-0.24371136892336198,0.028442306997326527,0.41261862041313013,0.0011351267449947735,0.0010796762449385333,0.022176987039490337,0.0746744142479101,0.00014865833803513325,0.00012412170124822224,0.20567472434145428,0.4440150185593361
2044-09-01,234,0.017614741327583335,0.018889703864560323,0.020334222691530533,-0.0020843995871626738,0.02578068046843928,3.2374203478685177,4.037342647706502,5.128543789243341,1.5124806194534495,0.16837335498905548,0.4291404078214809,1.0168006627790087,0.7370638236342786,66.78499102400859,75.6074232020794,0.022984107695689995,0.29325326533566143,-0.35449318824343834,0.0008443581517642839,0.00024100749651944405,0.0012568343621895772,-0.0015515979495731686,-0.00591448787599802,14.386854785105061,1770645.6022945843,1.1805171990531542,0.5087958384264732,1.4954400135951367,2.4776691503443664,3.3260622126934987,3.344400903846871,5.501428908921645,1.031912130434416,62.48741498490928,56.95176412646357,0.0687750651893213,0.17265886401183228,73.54212648421469,75.71693772358499,0.028083179214406062,-0.0014463675473166404,0.30272019882020945,0.29728052482742773,-0.03127288341327561,-0.013547000746531035,1.8484246333368146,0.2812016806417983,-0.18174612468613993,0.2834660087586316,-0.6690748188708164,-0.4060192411555642,1.1446630148255017,-0.7130340208098358,-0.6250945455008858,1.8860264888562186,-0.5896140279109963,-0.4608767857785243,1.3731859894357263,-0.2857300521082272,-0.463245453052463,3.648628053740685,-0.026650693569918893,-0.11270200738893754,3.77924932068109,0.20719458096742538,0.06829222026000092,6.383566259448219,-0.06777968521479893,-0.19660209030451248,0.014013956300914288,-0.01636379398405552,0.01806942877027663,0.01770234009125537,-0.025163354551707484,-0.004948428468804833,0.018886353658828525,0.01917252423677578,0.00017738764148544917,-0.014751337315978663,0.020298241291779984,0.020447144648030973,0.0017726363202275053,-0.00552262716600449,-0.0021271265063103756,-0.002088648019751382,-0.02008668455822793,-0.0020340586582962006,0.02037189467689475,0.022887345659761374,0.2655023441525559,0.12641635477043223,0.030088197748771042,0.017376035681862127,-0.23610885944045001,0.322747496408621,0.002174679558890005,0.0029764994043992715,-0.42205997336403545,-0.5777474840640069,-0.0019714886609343584,-0.0029632995530029073,-0.2129815502779452,-0.47639517307629875,-0.344271217747515,-0.25067166870306945,0.029691620934225282,0.41417332911023785,0.0011603004361067015,0.001427350667260789,-0.27229351511970257,-0.40844378951061744,0.000179233600731568,0.00010094141583092848,0.344655776236916,1.3875977420716867
2044-10-01,235,0.017492335841857068,0.018865951331134934,0.020219540076829964,-0.0020847816354738363,0.025907382642480485,3.5228578695050183,3.2914668118944004,5.477902605833764,2.4674718587756943,0.8668217774533147,2.246095927056679,2.0355999607788373,1.0182370339848994,66.09733064428445,67.02207482568268,0.039119509912355674,0.288532227490781,-0.36485050353276716,0.0009351493713595446,0.00018886365668645597,0.0009274635028342787,-0.0012381201854207362,-0.013655127957463264,14.373199657147598,1746631.5407121514,1.5124806194534495,0.16837335498905548,0.4291404078214809,1.0168006627790087,3.2374203478685177,4.037342647706502,5.128543789243341,0.7370638236342786,66.78499102400859,67.96122607143406,-0.010296630562949827,-0.027425865230719326,75.6074232020794,75.97840695863242,-0.11355165951695345,-0.11787996736791484,0.29325326533566143,0.2707126002089137,-0.016098841523475182,0.06582489055963991,0.6640470125004432,0.6314072570842864,2.715808989915526,1.3285276651290323,4.148212301819723,-0.3475320083988426,0.33770571638654645,4.23394181978556,5.651045031425352,2.0487926168907027,1.0019656116424605,-0.00643923450480155,1.1399508519453698,0.38147742615317304,-0.10677111013405638,4.2207272162358915,0.088168199049107,-0.16534339012632138,3.573168253368031,-0.18474424910053466,-0.07883800075971836,4.6892462474587315,0.06812047063401727,0.16818403571841278,-0.00591448787599802,-0.014460332691669464,0.017614741327583335,0.01795899882647221,-0.006949036801045083,-0.02598491091425792,0.018889703864560323,0.018883769143622116,-0.0012574328107891608,-0.0009435517004929839,0.020334222691530533,0.020260830026906176,-0.005639881909444089,-0.0020379199678087767,-0.0020843995871626738,-0.0020843805127911726,0.0001832893815156833,0.00019244215737090897,0.02578068046843928,0.02774900134919476,0.004914617137290689,-0.06636702645761039,0.022984107695689995,0.027366584297253235,0.7020243043714682,0.4294626427413548,0.0012568343621895772,0.0012441000780788632,-0.26206385603707516,-0.2545105340187215,-0.0015515979495731686,-0.0008040724495135551,-0.20203543336639984,0.5398117248884347,-0.35449318824343834,-0.25798176721681915,0.02921724770129064,0.41424918306777414,0.0008443581517642839,0.0010836120502535377,0.10752690597651338,-0.13700722399613097,0.00024100749651944405,0.0001631172509207548,-0.21635775063445473,0.1578398705248485
2044-11-01,236,0.017927015473990178,0.01888855723947726,0.020295170894067828,-0.002083806781742538,0.027841877296759136,4.001062209020256,3.555710541880917,5.151979928568168,0.06597639026981406,0.8093719287061284,0.6579976662464581,1.7903330235920343,1.5633190914718038,65.57280763027069,73.94786782706659,0.030573602896416818,0.31004469532764983,-0.375605704976986,0.0009389935896330103,8.21415554034075e-05,0.001093386343853826,-0.001407928362651703,0.02413220889866352,14.397331866046262,1789294.3210683877,2.4674718587756943,0.8668217774533147,2.246095927056679,2.0355999607788373,3.5228578695050183,3.2914668118944004,5.477902605833764,1.0182370339848994,66.09733064428445,62.120514158748215,-0.007935615688273279,0.05557412906628856,67.02207482568268,67.75187672946825,0.10333599816772554,0.09145120986594657,0.288532227490781,0.2841962589302309,0.07455828426499145,0.09095276797350316,1.641882873651312,-0.9732615429695113,-0.9598166280137316,0.39743192726143795,-0.06627642526007071,1.0365045513158,0.8016418399037436,-0.7070482794968116,-0.17918747064715768,2.068962933596372,-0.12048877083538645,-0.1346712913411212,1.476290747345612,0.5353194190489323,0.05895068046905383,4.008465364302754,0.13574329627508597,-0.0018468801922117972,2.9068254760579335,0.08028145051671709,0.22322807859210148,5.593243905119742,-0.05949771303317808,-0.07889231795303364,-0.013655127957463264,-0.0015641413629055023,0.017492335841857068,0.018861181716281195,0.024849719103435808,-0.04952851079763654,0.018865951331134934,0.018918352625644647,0.001198238453261613,-0.0015749461254357389,0.020219540076829964,0.02035084606676437,0.003740481581207211,-0.00273576698059097,-0.0020847816354738363,-0.002086241361953211,-0.00046760471922357993,-0.0011669695822699166,0.025907382642480485,0.02644405518436799,0.07466962915453479,0.052859597465121366,0.039119509912355674,0.010479134820660525,-0.21845639260525807,1.9175693814090744,0.0009274635028342787,0.0017197376048176873,0.17889959067121897,-0.36421327254180846,-0.0012381201854207362,-0.0016350966320836586,0.137149994992823,-0.1389326263503261,-0.36485050353276716,-0.2659663690923514,0.02947837906232431,0.4122300735194253,0.0009351493713595446,0.0010041718569153738,0.004110806670250877,-0.06490748255241774,0.00018886365668645597,1.6613329727727996e-05,-0.5650748437017945,3.9443162056978567
2044-12-01,237,0.01794776673681137,0.018839020271759797,0.020252695031271757,-0.0020837888757559977,0.023198722151977325,3.8372256572527705,2.79814833458699,5.6628907289804244,2.2054487801899723,2.5891349361395704,1.4649130184706076,2.2843880578062654,1.2345643805311717,61.52936759615393,76.19205761788099,0.015199329863217249,0.30022152813012287,-0.3862262300709003,0.001015008218192671,9.317358514422073e-05,0.0024316047637314843,-0.0016243734144419084,0.01488818321377039,14.412220049260032,1816132.9562547267,0.06597639026981406,0.8093719287061284,0.6579976662464581,1.7903330235920343,4.001062209020256,3.555710541880917,5.151979928568168,1.5633190914718038,65.57280763027069,57.99214416971317,-0.06166336596284716,0.06099487227251199,73.94786782706659,68.68503877390786,0.030348269081437618,0.10929627438493794,0.31004469532764983,0.29664469007415795,-0.03168306810457122,0.01205765070350906,-0.26296516734550734,32.42784852536898,-9.386847590701072,1.3255642391142828,2.1989433340968376,0.953232336646002,2.25637649049453,1.226319474394478,-0.35076746959478255,1.189793476315815,0.27595705810251103,0.9199870425242649,1.175989117896659,-0.21029277562978033,0.04980935770841044,3.0717753889352655,-0.040948264038015214,0.2491882287600542,2.9920327745495063,-0.21305508375076787,-0.06480023935958001,5.0742862400951205,0.09916785536745065,0.115997494235617,0.02413220889866352,0.01181694958359003,0.017927015473990178,0.017885468695789844,0.0011575414129194606,0.0034831651370808014,0.01888855723947726,0.018843696425639413,-0.0026225913969719628,-0.000248154808589085,0.020295170894067828,0.020538732944211577,-0.002092904909142046,-0.013926755546058822,-0.002083806781742538,-0.002088535340006683,-8.592920753058841e-06,-0.0022726281714102736,0.027841877296759136,0.026219768969112267,-0.1667687525266942,-0.11522019208841361,0.030573602896416818,0.028454651280361364,-0.5028610165863511,-0.46584023422183285,0.001093386343853826,0.0017613936502591534,1.223920919993275,0.38050047096157225,-0.001407928362651703,-0.0013693051250484888,0.15373300057863104,0.18627571366490536,-0.375605704976986,-0.27308516086913037,0.028275728917815712,0.4143069101289987,0.0009389935896330103,0.0007680888472703037,0.08095329872206003,0.32147240752145967,8.21415554034075e-05,0.00021984380860603055,0.13430509912593624,-0.5761828102642101
2045-01-01,238,0.018294754263026007,0.01890220901513837,0.020355255537090694,-0.0021007019292755467,0.025644612600971492,2.276088376831082,3.543352518345286,5.138360419584764,1.177779787551687,1.2819938602641827,0.683767073643525,2.311735025454189,0.5410773251343286,64.35344137135189,71.35059883085555,0.021483037378870546,0.313176454808123,-0.39763684296468743,0.000982661995178231,2.7591799183196956e-06,0.0017375642989958364,-0.0016769095137142845,-0.012813406065106392,14.399406643194926,1793010.5618906347,2.2054487801899723,2.5891349361395704,1.4649130184706076,2.2843880578062654,3.8372256572527705,2.79814833458699,5.6628907289804244,1.2345643805311717,61.52936759615393,65.53061680239868,0.04589798149289748,-0.017963747153432852,76.19205761788099,62.7036303729029,-0.06354282766986508,0.13790219811083526,0.30022152813012287,0.30219850100039597,0.04315122489279033,0.03632696314305228,1.7302173011269781,-0.4659681974340679,-0.31928793754140616,0.4418187163104518,-0.5048562968388004,1.9016286837503888,1.2448527116237755,-0.5332370830062056,-0.45072451764062527,2.872065938436082,0.011971244357749544,-0.19509681358047382,0.9163645918937091,-0.5617261167849911,-0.409539248983674,4.204031569431662,-0.40684010268485793,-0.4585938903549234,3.834102361565466,0.2663204714871876,-0.07583257195602544,5.258864829956564,-0.09262589276380051,-0.022914528946505586,0.01488818321377039,-0.0009108040248975158,0.01794776673681137,0.017716061362140652,0.019333186758158316,0.03266487336299395,0.018839020271759797,0.018867501568419726,0.0033541416945812585,0.0018395359127323374,0.020252695031271757,0.020276557047006094,0.005064042373648325,0.0038812550820219727,-0.0020837888757559977,-0.002085721105703528,0.008116490934530374,0.007182563158157906,0.023198722151977325,0.03714275016046463,0.10543211962154109,-0.3095661336281972,0.015199329863217249,0.022687790729531376,0.4134200370807153,-0.05310139559303462,0.0024316047637314843,0.00203560278119517,-0.28542486636298137,-0.14641288809025166,-0.0016243734144419084,-0.0011205933197893968,0.03234237817812735,0.4964478942543056,-0.3862262300709003,-0.2813171903729229,0.02954385799144843,0.4134822064644095,0.001015008218192671,0.0008773930487680307,-0.03186794198773668,0.11997923457224902,9.317358514422073e-05,5.402096209630958e-05,-0.9703866722092014,-0.9489239026620707
2045-02-01,239,0.02054136982622918,0.0187765197952071,0.02016162849753475,-0.0020860526892559337,0.02289126633671834,1.5665878956901027,3.240040787490446,5.532294558177256,0.4757371793798083,0.08993941244403936,0.9951917637172312,1.7292443040604426,0.937851835015348,57.4471473265671,75.37746575888653,0.02071419370986484,0.27293319612940153,-0.4094096814390416,0.0012607573915352926,0.00023924133600093772,0.0032602291570494554,-0.0018585766030946064,0.012105660513043404,14.411512303707969,1814848.0509796136,1.177779787551687,1.2819938602641827,0.683767073643525,2.311735025454189,2.276088376831082,3.543352518345286,5.138360419584764,0.5410773251343286,64.35344137135189,67.73740761595123,-0.10731817751488981,-0.15191399629177593,71.35059883085555,69.94528710989482,0.05643774535904189,0.07766325471588842,0.313176454808123,0.28211653212501675,-0.1285002689725756,-0.03255156982982377,0.30242442884240484,-0.5960728954529367,0.5730778799873928,0.710479346403587,-0.9298441160821899,-0.8734102364842716,1.1893159237016708,0.45545435291911174,-0.1632233758211531,2.090151214639174,-0.25197123155553003,-0.17267023938315174,1.8159517365925557,0.7333046340142153,-0.483548039236368,3.347835419876146,-0.31171921458023166,-0.5320594655312958,3.141515904271393,-0.08560021315533217,0.031362210544626956,6.699159170115396,0.07666533805044495,-0.17418075646619402,-0.012813406065106392,0.0014354829909279943,0.018294754263026007,0.014943087814045783,0.12280107898161918,0.37464024048103894,0.01890220901513837,0.01898075680238387,-0.006649446095459366,-0.010760214110699606,0.020355255537090694,0.020644303883754853,-0.009512385595116801,-0.023380560029438557,-0.0021007019292755467,-0.002104370253744111,-0.006973497674972351,-0.008704534981706091,0.025644612600971492,0.032475172810200036,-0.10736548479382546,-0.2951148721977397,0.021483037378870546,0.02573975992486437,-0.035788406241004656,-0.19524526373475926,0.0017375642989958364,0.0015731750306687267,0.8763214454472787,1.072388064577655,-0.0016769095137142845,-0.0012697345380150373,0.10833446163587968,0.4637521052235847,-0.39763684296468743,-0.2898089272653726,0.02960701122808107,0.41268830226252073,0.000982661995178231,0.0007773184434197971,0.2830020879220245,0.621931657749706,2.7591799183196956e-06,4.748500631919041e-05,85.70740694091184,4.038250061351506
2045-03-01,240,0.018029297042755757,0.01888499837193399,0.02033001342310986,-0.002087859114006617,0.02482198768011958,3.828499482742761,3.8244263415169586,5.319132664368791,0.21341747623979535,0.6222456072160552,0.8360727516363108,1.7193648365858363,0.6676919015221117,65.59595019160314,82.9927543384886,0.006608942580125482,0.2910983722954519,-0.4215779710001472,0.0009697755631577813,0.00012816226749218327,0.001496094717934889,-0.0019063440642768938,0.0005634553963318467,14.412075759104301,1815870.9250523562,0.4757371793798083,0.08993941244403936,0.9951917637172312,1.7292443040604426,1.5665878956901027,3.240040787490446,5.532294558177256,0.937851835015348,57.4471473265671,64.567375757222,0.14184869474393436,0.01593024994927239,75.37746575888653,76.31347538341343,0.10102871598206087,0.08752424026709815,0.27293319612940153,0.25236880487656954,0.06655539312791392,0.15346416304433697,1.6370271512395136,-0.5513962635461545,-0.8696310711290272,0.8232207632197108,5.9184975786140335,-0.24413275877252993,1.1824715647330468,-0.15988779035568035,-0.2929447298590546,2.3119890424052265,-0.005713170459146988,-0.2563265633832186,1.2948302838016952,-0.2880624885580302,-0.48434021827035867,3.037211817889373,1.443845949068984,0.26053094492542583,3.126993457865051,0.18036364118710502,0.22303624649348608,4.547848192972685,-0.038530467162742,0.16959327547209924,0.012105660513043404,0.010420756414532661,0.02054136982622918,0.016873372070551812,-0.12229334288435667,0.06850586636569922,0.0187765197952071,0.018915893536920053,0.005777352667589719,-0.0016332913338595878,0.02016162849753475,0.020280446262750364,0.008351752220595587,0.0024440862748931202,-0.0020860526892559337,-0.002087170657502488,0.0008659535590771483,0.0003298515632415011,0.02289126633671834,0.028116214501417235,0.08434314270785004,-0.11716466386794733,0.02071419370986484,0.0151120317707901,-0.6809461824730321,-0.5626701504889737,0.0032602291570494554,0.0011132273249915897,-0.5411074970911334,0.34392561550372625,-0.0018585766030946064,-0.0015816797232201284,0.025701098949999057,0.2052655390914313,-0.4094096814390416,-0.2980715693458556,0.02972154815278194,0.4143514992903796,0.0012607573915352926,0.0013338532345154575,-0.23079922460194102,-0.27295182253685724,0.00023924133600093772,0.0002595942059108205,-0.4642971418129811,-0.506297657751994
2045-04-01,241,0.017293066474907005,0.018915893536920053,0.020447144648030973,-0.002137982891223728,0.02811622188654999,2.353878336440896,3.913422045361002,5.910896810164457,0.9753748053360108,1.6602436786049095,0.9716446243666987,2.0168440754155,0.8234320490282709,69.93098653381537,72.47869596216786,0.012646259702114856,0.26972945411360133,-0.43385238896569783,0.0008339137961454506,8.658154203025414e-05,0.0008035902894532028,-0.001310139571216533,-0.009308259934186935,14.402767499170114,1799046.749848585,0.21341747623979535,0.6222456072160552,0.8360727516363108,1.7193648365858363,3.828499482742761,3.8244263415169586,5.319132664368791,0.6676919015221117,65.59595019160314,63.40941194957828,0.06608695094056527,0.10284868418938986,82.9927543384886,74.73923155591854,-0.12668646148841878,-0.030245636015930666,0.2910983722954519,0.29843278337905915,-0.07340789305466144,-0.09618021498998597,1.1336376555186287,3.570266795958556,-0.13960620433891113,1.6643625633072048,1.6681484920928376,-0.002474752072115116,2.5217129862499337,0.16215320074126915,-0.6146886542343417,2.5724996125616766,0.17301693770844584,-0.2159982976995899,1.1810953160707487,0.23325151488452156,-0.3028233726574642,2.8426175877934288,-0.38516947774156085,-0.17193281764358426,2.8503999740749983,0.023270340672515877,0.3729378616876291,5.4645836197373585,0.11125199974042932,0.08167377818413701,0.0005634553963318467,0.002075941301882267,0.018029297042755757,0.01855103393939855,-0.040835234235855666,-0.0678111779969246,0.01888499837193399,0.01890362829053023,0.0016359633386031636,0.000648830277516943,0.02033001342310986,0.020230609603218687,0.005761492748842301,0.010703337618547915,-0.002087859114006617,-0.002127291067031739,0.02400726029876754,0.005026027870698391,0.02482198768011958,0.02777469514902863,0.13271435990071123,0.012296327131183782,0.006608942580125482,0.0057133616821056,0.9135072742415542,1.2134533757460648,0.001496094717934889,0.0011847251916203626,-0.46287472322445855,-0.32170743465484775,-0.0019063440642768938,-0.001338097074949049,-0.31274758016282367,-0.020893479446235763,-0.4215779710001472,-0.3068608682041988,0.02911541591329092,0.41384071388663757,0.0009697755631577813,0.0007857196212618331,-0.1400960925123107,0.06133762423575417,0.00012816226749218327,4.936543671811409e-05,-0.32443812266715066,0.753889923523841
2045-05-01,242,0.017402742511897426,0.01883637595670402,0.020316791583440404,-0.002086287699646642,0.024616902200067296,3.0852506341734,4.624928184357137,5.30474754001293,1.7309053357889037,2.3595665209855397,1.0035410984680724,1.618349367102542,0.8164679551555596,59.87414260850771,74.25119434123064,0.016114072908142166,0.2885391453900599,-0.4462345185138651,0.00097838342839232,0.00026007020966008627,0.0017870044034545137,-0.0018530035300960736,0.011433870531618595,14.414201369701733,1819734.8646948976,0.9753748053360108,1.6602436786049095,0.9716446243666987,2.0168440754155,2.353878336440896,3.913422045361002,5.910896810164457,0.8234320490282709,69.93098653381537,64.41746887964307,-0.14381098313899288,-0.07052941306377714,72.47869596216786,72.02406597705694,0.02445543970586872,0.030922002721745168,0.26972945411360133,0.2753703807782486,0.06973539963691389,0.04782200821524052,0.5113033503921106,0.7746053376810538,2.3852806449664357,1.6257997239294466,0.42121698844127864,0.451326683266146,2.33907850509987,0.0328273046559211,-0.5709673291084238,1.5779023547298294,-0.19758330015217573,0.025633406434479866,0.4837422041071772,-0.008457399588623793,0.6878162546567141,3.05684280146478,0.310709473132053,0.009293193845299363,3.560176296800741,0.1818117572674176,0.29907279830867006,5.600108669384621,-0.10254776722022685,-0.052742035344136906,-0.009308259934186935,0.005116815213114023,0.017293066474907005,0.018109735656051115,0.006342197154539653,-0.03903939613372853,0.018915893536920053,0.018972563045527798,-0.004203744330704251,-0.007178107064236605,0.020447144648030973,0.020192896663864476,-0.0063751231203384995,0.006135569435050003,-0.002137982891223728,-0.002085629148201769,-0.02417942247774363,0.0003157567324185706,0.02811622188654999,0.021474831061098522,-0.12445910053642983,0.14631412605897554,0.012646259702114856,0.02571813716739948,0.2742165104712646,-0.3734354551709719,0.0008035902894532028,0.0023178863639077858,1.2237755071312124,-0.22903709548480367,-0.001310139571216533,-0.001637786431927549,0.41435582193388987,0.1314073031580989,-0.43385238896569783,-0.3156306865680804,0.028539959357343214,0.41378686390055397,0.0008339137961454506,0.001066240736385705,0.1732428854332939,-0.08239912901020807,8.658154203025414e-05,0.00011151425741607918,2.0037604270112226,1.332170035349999
2045-06-01,243,0.018161670187021115,0.018910161493735814,0.02022363638355317,-0.0020863506398284145,0.026508025028512096,2.4939942869590634,3.6262320411099487,4.410764163297414,1.0500658365693605,-0.022077930213619146,1.0391861548743324,2.5157536789707677,0.7833939727358659,62.9606152273628,70.20009267040376,0.002209184786052254,0.2881518271907385,-0.459414024640422,0.0010450854471281145,3.160915176057831e-05,0.0018867012893763351,-0.0006990485482345104,-0.01304174680262804,14.401159622899105,1796156.4295304818,1.7309053357889037,2.3595665209855397,1.0035410984680724,1.618349367102542,3.0852506341734,4.624928184357137,5.30474754001293,0.8164679551555596,59.87414260850771,63.7037259566157,0.051549341408298144,-0.01166510620994099,74.25119434123064,72.7767535927877,-0.0545594142527801,-0.03540499947004083,0.2885391453900599,0.2644638721214678,-0.0013423419508566958,0.0895697203525434,0.879969955877155,-0.39334300099620034,0.19329737288888893,0.20794366159624356,-1.0093567738045366,-1.106172652939463,2.71105255733036,0.035519279141305704,-0.616685352681748,2.3336363376135396,0.5545182827085842,0.07804015493839445,0.47399781720244033,-0.04050861054723476,0.6527375112389708,3.0073318101546267,-0.19163964854762794,-0.17069533912493984,4.372978026965408,-0.215937654259167,-0.17076371782587207,5.912041167348416,-0.16852515034359905,-0.253935478721359,0.011433870531618595,-0.03379198908805847,0.017402742511897426,0.01746357347639517,0.04360965948929296,0.03997444804578709,0.01883637595670402,0.018945448785620003,0.003917183284162018,-0.0018625735543922328,0.020316791583440404,0.020216593637791314,-0.00458513341068878,0.0003483646101829496,-0.002086287699646642,-0.0020848080819362833,3.0168505419148062e-05,0.0007399040254576494,0.024616902200067296,0.02637283860047067,0.0768221286770856,0.00512597184131014,0.016114072908142166,0.0019302142134795738,-0.8629033889417249,0.14452829671675826,0.0017870044034545137,0.001032941239146996,0.05578994977801632,0.8265330280881953,-0.0018530035300960736,-0.0013797829126518007,-0.6227483990825067,-0.4933633821489998,-0.4462345185138651,-0.3249077613530288,0.02953493192424883,0.41398291849742974,0.00097838342839232,0.0012882973474139085,0.06817574460086595,-0.188785532139774,0.00026007020966008627,3.526269815787102e-05,-0.8784591599249614,-0.10360938295010191
2045-07-01,244,0.01772305027728114,0.018925367532881727,0.020456886014854802,-0.002086351500524242,0.02624457697113914,2.075166065236928,3.4892742253056266,5.990396436892365,2.124892748282904,-0.24995393689518397,1.84095168645436,1.8871522982290136,0.49769363671665784,66.11894240090928,73.49746900195886,0.021730539012978455,0.2998680691473388,-0.4727661737092029,0.0011148147639791013,0.00014222381830726087,0.0016236495831834848,-0.001922935484496243,-0.008305909112095833,14.392853713787009,1781299.5030288275,1.0500658365693605,-0.022077930213619146,1.0391861548743324,2.5157536789707677,2.4939942869590634,3.6262320411099487,4.410764163297414,0.7833939727358659,62.9606152273628,60.30598043376337,0.050163537350153886,0.09639113609189276,70.20009267040376,70.34228814417928,0.046971110808024186,0.04485468046351393,0.2881518271907385,0.2535345156492803,0.04065996065624433,0.18275047631839092,1.5457221165236397,1.0235804977953378,0.37469259549823275,1.0078495928772757,10.321438852134593,-1.2480071814898481,1.2258747406903794,0.7715321531366863,0.5017453458724388,1.9248781518137186,-0.24986602861649165,-0.019599086596290616,1.087652290261889,-0.36469560139893564,-0.5424147577560644,3.3240511546744482,-0.16793471577387376,-0.3757117539184903,2.790072447081188,-0.037768629875765125,0.25060344900932696,5.3803920855887135,0.35813120246584296,0.11337544580394754,-0.01304174680262804,-0.005054558161646128,0.018161670187021115,0.018410603145333458,-0.024150857560084282,-0.03734548306890162,0.018910161493735814,0.018935463060139986,0.0008041200045250108,-0.0005331544956780343,0.02022363638355317,0.020546688998888805,0.011533515876072542,-0.004370679092814411,-0.0020863506398284145,-0.002087346217774818,4.1253651761330445e-07,-0.00047654636404137474,0.026508025028512096,0.024219881663793213,-0.009938426461027938,0.08359641617789926,0.002209184786052254,0.01848615328020248,8.83645150472463,0.1755035611573399,0.0018867012893763351,0.0011852493214281367,-0.1394241407869098,0.36988020480544015,-0.0006990485482345104,-0.0007879121325546422,1.7507896116124315,1.440545595181435,-0.459414024640422,-0.33475015118024504,0.029063433749614953,0.41229562419120036,0.0010450854471281145,0.0011351267449947735,0.06672116336764833,-0.01789402029794107,3.160915176057831e-05,0.00014865833803513325,3.499450645956176,-0.043283947694556346
2045-08-01,245,0.01786466806580117,0.018863314717109718,0.020401994148762457,-0.0020692331018013774,0.027011395503334642,3.573305489873036,3.4214452278487992,4.852751244389267,0.11946293869170965,2.2227109689726423,0.6742817715882523,0.62556798077432,0.9228902975816092,69.32074344840491,74.5131207224884,0.01894648469021239,0.29205317952980214,-0.48666657244556055,0.00040187400778262446,0.00014798207196986624,0.001980986748474899,-0.0016236008760716592,-0.0042717596516013145,14.388581954135407,1773706.4490815701,2.124892748282904,-0.24995393689518397,1.84095168645436,1.8871522982290136,2.075166065236928,3.4892742253056266,5.990396436892365,0.49769363671665784,66.11894240090928,62.48741498490928,0.04842486784016686,0.10935527522055244,73.49746900195886,73.54212648421469,0.01381886661297771,0.013203238534068351,0.2998680691473388,0.30272019882020945,-0.026061092932495145,-0.03523722345578473,1.1805171990531542,-0.9437793089612424,-0.8988045758354676,0.5087958384264732,-9.892482337274476,3.3685714408488607,1.4954400135951367,-0.6337319569277198,-0.5491081116873191,2.4776691503443664,-0.6685121909019318,-0.7475175486253387,1.031912130434416,0.8543341314749826,-0.10565030649161056,3.3260622126934987,0.721937125771696,0.0743351330699602,3.344400903846871,-0.019439285386314453,0.023036808749007598,5.501428908921645,-0.18991150326826678,-0.1179107601445909,-0.008305909112095833,0.014013956300914288,0.01772305027728114,0.01806942877027663,0.007990599039352064,-0.011331885865273228,0.018925367532881727,0.018886353658828525,-0.0032788169457843575,-0.0012198724081414758,0.020456886014854802,0.020298241291779984,-0.0026832952998069315,0.005111421008897388,-0.002086351500524242,-0.0021271265063103756,-0.00820494471739941,-0.027216719051382454,0.02624457697113914,0.02037189467689475,0.02921817078776945,0.3259147434121694,0.021730539012978455,0.030088197748771042,-0.12811713142979575,-0.370301775852086,0.0016236495831834848,0.002174679558890005,0.22008268840298917,-0.08906728792446572,-0.001922935484496243,-0.0019714886609343584,-0.15566544527259651,-0.17645943989240231,-0.4727661737092029,-0.344271217747515,0.029402270105956863,0.41361388160678847,0.0011148147639791013,0.0011603004361067015,-0.6395149931920365,-0.6536465942122011,0.00014222381830726087,0.000179233600731568,0.04048726669793967,-0.1743619981640948
2045-09-01,246,0.016112126989440943,0.018957502110291978,0.02022811615549884,-0.00208622673149949,0.02154226164776229,3.7499494092039627,3.1642751259259505,5.011002571980868,1.1603882187470762,1.2622697919826846,1.4699980995087663,1.8842598586616246,0.7508541198649701,63.41142527505809,73.50796498201348,0.005719451010337296,0.3001777684004429,-0.5008260097051667,0.0007521782540655778,0.00013696867175061675,0.0016115972623071805,-0.0021661198295052763,-0.008324019610881805,14.380257934524526,1759003.361108908,0.11946293869170965,2.2227109689726423,0.6742817715882523,0.62556798077432,3.573305489873036,3.4214452278487992,4.852751244389267,0.9228902975816092,69.32074344840491,66.78499102400859,-0.08524602996713526,-0.05051383098543405,74.5131207224884,75.6074232020794,-0.013489647604727928,-0.027767884833934997,0.29205317952980214,0.29325326533566143,0.02781886806957945,0.023612705750626795,1.5124806194534495,8.713374134731573,-0.23279134699498194,0.16837335498905548,-0.4321034945150257,6.496850033455318,0.4291404078214809,1.180094674732532,2.4254478784022457,1.0168006627790087,2.0120784895820787,0.853126111770788,0.7370638236342786,-0.18641021383305456,0.01870977219136183,3.2374203478685177,0.049434317841434705,0.15831402977153974,4.037342647706502,-0.07516417326503333,-0.2162480616492921,5.128543789243341,0.03261064077301956,-0.022919023819004014,-0.0042717596516013145,-0.00591448787599802,0.01786466806580117,0.017614741327583335,-0.09810095938559116,-0.08530436582621925,0.018863314717109718,0.018889703864560323,0.004993151765465109,0.003589164034426995,0.020401994148762457,0.020334222691530533,-0.00852259793801402,-0.005218125995831047,-0.0020692331018013774,-0.0020843995871626738,0.00821252554065488,0.0008765806460859782,0.027011395503334642,0.02578068046843928,-0.20247505742149352,-0.1644029072803438,0.01894648469021239,0.022984107695689995,-0.6981260057549399,-0.7511562734536867,0.001980986748474899,0.0012568343621895772,-0.18646741905371156,0.2822670280111994,-0.0016236008760716592,-0.0015515979495731686,0.3341455165670115,0.3960574194501594,-0.48666657244556055,-0.35449318824343834,0.02909473972796861,0.41279445223426503,0.00040187400778262446,0.0008443581517642839,0.8716767929724745,-0.10917156126946426,0.00014798207196986624,0.00024100749651944405,-0.07442388170840153,-0.4316829404534047
2045-10-01,247,0.017702339854172095,0.01890220901513837,0.020248971683833293,-0.0020871739411305336,0.023370576908266535,2.871465183608515,3.5059317463969375,5.030992879568377,0.287548984349986,0.43116216078191516,2.079984013006427,1.559723878217313,-0.13553270929315797,62.57796306996951,69.15220643889846,0.02490833925367186,0.30109610440858414,-0.5155152861837409,0.0010342788362793964,0.0001003281128845422,0.0013956644364380762,-0.0014460433156675864,-0.006314803846180439,14.373943130678345,1747930.5978781094,1.1603882187470762,1.2622697919826846,1.4699980995087663,1.8842598586616246,3.7499494092039627,3.1642751259259505,5.011002571980868,0.7508541198649701,63.41142527505809,66.09733064428445,-0.013143722940673452,-0.053245230026838675,73.50796498201348,67.02207482568268,-0.05925559963713889,0.03178253760057448,0.3001777684004429,0.288532227490781,0.0030593071999793775,0.04354410260186481,2.4674718587756943,-0.752195877462057,-0.8834641281409947,0.8668217774533147,-0.6584231330572556,-0.5025942217918762,2.246095927056679,0.41495694021747487,-0.07395584135532784,2.0355999607788373,-0.17223525669905582,-0.23377681849603205,1.0182370339848994,-1.180504715506564,-1.1331052640687669,3.5228578695050183,-0.23426562060791423,-0.1849046172243184,3.2914668118944004,0.10797310817623962,0.06515786023651327,5.477902605833764,0.003989283042735714,-0.08158409493981233,-0.008324019610881805,-0.013655127957463264,0.016112126989440943,0.017492335841857068,0.09869664419683977,0.012005487100957168,0.018957502110291978,0.018865951331134934,-0.002916686746593622,0.0019218582390594374,0.02022811615549884,0.020219540076829964,0.0010310168368685702,0.0014556021992337964,-0.00208622673149949,-0.0020847816354738363,0.00045403005183564105,0.0011475089841501696,0.02154226164776229,0.025907382642480485,0.08487109155013739,-0.09791825632182294,0.005719451010337296,0.039119509912355674,3.3550227475771193,-0.36327578465381793,0.0016115972623071805,0.0009274635028342787,-0.13398684083141987,0.5048187148852765,-0.0021661198295052763,-0.0012381201854207362,-0.33242690641087447,0.16793452905074324,-0.5008260097051667,-0.36485050353276716,0.029330099064187376,0.4129493619773572,0.0007521782540655778,0.0009351493713595446,0.37504485231930684,0.10600388339644051,0.00013696867175061675,0.00018886365668645597,-0.26751050731357895,-0.4687802055474177
2045-11-01,248,0.018410603313103947,0.018929441803997492,0.02029271905447249,-0.0020857978070267305,0.02753844039689364,1.5795664741092195,3.185073598899802,6.055151893326513,1.372495353866611,1.3741014853992684,1.0623013846644223,1.2847720571658787,1.737069738998874,58.17740950778124,73.614090776777,0.027662227234080086,0.32029967250988917,-0.5308011000311782,0.0007415972958650978,9.183293017692547e-05,0.001788966149655367,-0.0023154491154392587,-9.930723172146827e-05,14.373843823446624,1747757.024347889,0.287548984349986,0.43116216078191516,2.079984013006427,1.559723878217313,2.871465183608515,3.5059317463969375,5.030992879568377,-0.13553270929315797,62.57796306996951,65.57280763027069,-0.07032113776646798,-0.11278147741039346,69.15220643889846,73.94786782706659,0.06452266048547539,-0.004513680517065799,0.30109610440858414,0.31004469532764983,0.06377886601696447,0.03307580273677013,0.06597639026981406,3.7730836433631723,19.802825802589624,0.8093719287061284,2.1869714237152142,0.6977380072915591,0.6579976662464581,-0.4892742549838339,0.6144455203379537,1.7903330235920343,-0.17628236952151466,-0.28238375752675526,1.5633190914718038,-13.816608979914827,0.11114215164064212,4.001062209020256,-0.4499092368850496,-0.6052132179929266,3.555710541880917,-0.09151865201793596,-0.10423709652840696,5.151979928568168,0.20356995890759477,0.1753058003487511,-0.006314803846180439,0.02413220889866352,0.017702339854172095,0.017927015473990178,0.040009595610883464,0.02697536797552247,0.01890220901513837,0.01888855723947726,0.0014407199093668943,0.0021645149495475025,0.020248971683833293,0.020295170894067828,0.002160473693294973,-0.00012080901452549142,-0.0020871739411305336,-0.002083806781742538,-0.0006593289024381388,0.0009554749997153777,0.023370576908266535,0.027841877296759136,0.17833806606429414,-0.010898579022931676,0.02490833925367186,0.030573602896416818,0.11056088293812127,-0.09522514151179551,0.0013956644364380762,0.001093386343853826,0.281802489874321,0.6361701970319582,-0.0014460433156675864,-0.001407928362651703,0.6012308140093983,0.6445787845898097,-0.5155152861837409,-0.375605704976986,0.029651523935585455,0.41318700168225964,0.0010342788362793964,0.0009389935896330103,-0.282981271730513,-0.2102211303115088,0.0001003281128845422,8.21415554034075e-05,-0.08467400076978426,0.11798382348523129
2045-12-01,249,0.017705841799290183,0.018852346207105693,0.02024828118003217,-0.002085394920848245,0.023709632654801437,2.883877325771053,3.4160728023034013,4.219746334563606,1.7194902279832829,-0.7423239504732007,0.9047470838537703,1.455591656618319,1.3805278931069715,65.33292675255831,78.10599605960736,0.02331602386173256,0.2874298014156947,-0.546248760014606,0.0011002384886544803,0.00015466196653160814,0.0008282554189864373,-0.0018188737073323625,0.008650736883282661,14.382494560329906,1762941.996402867,1.372495353866611,1.3741014853992684,1.0623013846644223,1.2847720571658787,1.5795664741092195,3.185073598899802,6.055151893326513,1.737069738998874,58.17740950778124,61.52936759615393,0.12299477246095014,0.06181697139110742,73.614090776777,76.19205761788099,0.061019639520528024,0.025119920652690197,0.32029967250988917,0.30022152813012287,-0.10262224384003904,-0.04260762642205973,2.2054487801899723,0.25282043625074113,-0.22034451970579427,2.5891349361395704,-1.5402249821871825,-1.2867073245630118,1.4649130184706076,-0.1483141254310073,-0.3823885292531971,2.2843880578062654,0.13295712535129134,-0.3628089362294482,1.2345643805311717,-0.2052547677777108,0.11823078235336659,3.8372256572527705,0.8257397666010773,-0.24844729412245703,2.79814833458699,0.07252554650021015,0.2208333489967098,5.6628907289804244,-0.3031147015132253,-0.25484235233983576,-9.930723172146827e-05,0.01488818321377039,0.018410603313103947,0.01794776673681137,-0.038280196570861014,-0.01347938944542848,0.018929441803997492,0.018839020271759797,-0.0040727876548117825,0.0007073581934551321,0.02029271905447249,0.020252695031271757,-0.0021898432793079348,-0.00021793895739663505,-0.0020857978070267305,-0.0020837888757559977,-0.00019315687125975867,0.000770733115495803,0.02753844039689364,0.023198722151977325,-0.13903502474759233,0.022023217463319034,0.027662227234080086,0.015199329863217249,-0.15711689935772666,0.5340165699119346,0.001788966149655367,0.0024316047637314843,-0.5370200720980688,-0.6593790934529113,-0.0023154491154392587,-0.0016243734144419084,-0.2144618099338762,0.11973865809499173,-0.5308011000311782,-0.3862262300709003,0.029102539505891034,0.41432330972013487,0.0007415972958650978,0.001015008218192671,0.48360639229545144,0.08397002993096048,9.183293017692547e-05,9.317358514422073e-05,0.6841667388118418,0.6599336205879736
2046-01-01,250,0.01734718186731868,0.01885069160938101,0.020283543296022354,-0.002087174756284803,0.025548832676693983,3.4867921012657535,3.988268635860903,6.975836949337655,0.8351321143069511,0.9970087635509666,1.2012949074641548,2.1284078501532995,0.8270440336847793,72.04768328958073,74.4605747863732,0.01822413321720215,0.27895484550036964,-0.5621673906888901,0.0007053283103800623,0.0001274900618607981,0.0010553394222195954,-0.0010480635399730057,-0.004851513542234898,14.377643046787671,1754409.773266558,1.7194902279832829,-0.7423239504732007,0.9047470838537703,1.455591656618319,2.883877325771053,3.4160728023034013,4.219746334563606,1.3805278931069715,65.33292675255831,64.35344137135189,0.10277752537329099,0.11956224491288925,78.10599605960736,71.35059883085555,-0.046672745463128384,0.043587243926153985,0.2874298014156947,0.313176454808123,-0.029485306929145305,-0.10927261223619211,1.177779787551687,-0.5143141259450819,-0.2909267732952149,1.2819938602641827,-2.343091197468996,-0.22229833195495086,0.683767073643525,0.3277687531715925,0.7568773837893776,2.311735025454189,0.46222866864879575,-0.07930284971344026,0.5410773251343286,-0.40092189530233924,0.5285135696260348,2.276088376831082,0.20906394668972306,0.5319229853984369,3.543352518345286,0.16750106530858466,0.1255636054307656,5.138360419584764,0.6531413019306707,0.3575997749689539,0.008650736883282661,-0.012813406065106392,0.017705841799290183,0.018294754263026007,-0.020256587404157367,-0.0517947594203213,0.018852346207105693,0.01890220901513837,-8.77661436144983e-05,-0.002725470113895123,0.02024828118003217,0.020355255537090694,0.0017414868786471693,-0.003523033200819703,-0.002085394920848245,-0.0021007019292755467,0.0008534764416872065,-0.0064393585792578145,0.023709632654801437,0.025644612600971492,0.07757184806151307,-0.003734894567051561,0.02331602386173256,0.021483037378870546,-0.2183858909531946,-0.15169662018433505,0.0008282554189864373,0.0017375642989958364,0.27417146695043426,-0.39263288107985905,-0.0018188737073323625,-0.0016769095137142845,-0.42378432557027823,-0.37500292567868576,-0.546248760014606,-0.39763684296468743,0.02914172413656102,0.41377088324487565,0.0011002384886544803,0.000982661995178231,-0.3589314338179237,-0.2822269367890503,0.00015466196653160814,2.7591799183196956e-06,-0.17568575701031797,45.20578057064067
2046-02-01,251,0.020840413218587577,0.019394392803043795,0.020457947907662855,-0.0021511061829099765,0.023340145528772206,2.314756840409156,2.8634868133110496,5.921661077223748,-0.5791161876074795,1.2938136942708147,2.133675364049858,2.794251329759196,0.9609603166473849,65.93795392835854,76.32752503730028,0.026306384224157067,0.29467201422509504,-0.5786606794938636,0.0008152683241038944,6.2402171518744e-05,0.0016980652716093694,-0.0013727219926653737,0.031928956508636475,14.409572003296308,1811330.114589592,0.8351321143069511,0.9970087635509666,1.2012949074641548,2.1284078501532995,3.4867921012657535,3.988268635860903,6.975836949337655,0.8270440336847793,72.04768328958073,57.4471473265671,-0.08480119113150941,0.14780205801210888,74.4605747863732,75.37746575888653,0.02507300348249175,0.012604022553009964,0.27895484550036964,0.27293319612940153,0.056343056871921426,0.07964886061491327,0.4757371793798083,-1.6934426034952197,-2.217302772851263,0.08993941244403936,0.29769540807519257,13.385391888965591,0.9951917637172312,0.7761461825838334,1.1439841464123188,1.7292443040604426,0.31283641411017116,0.6158800252792551,0.937851835015348,0.16192158761603093,0.024639799986805766,1.5665878956901027,-0.3361356877088062,0.47757865790829124,3.240040787490446,-0.2820225830417412,-0.11621889935251528,5.532294558177256,-0.15111819266561266,0.07038065579334907,-0.004851513542234898,0.012105660513043404,0.01734718186731868,0.02054136982622918,0.20137169126300525,0.014558103714025439,0.01885069160938101,0.0187765197952071,0.028842506414576974,0.03290668422986531,0.020283543296022354,0.02016162849753475,0.008598330631645723,0.014697196219260578,-0.002087174756284803,-0.0020860526892559337,0.030630605526761112,0.03118497149621202,0.025548832676693983,0.02289126633671834,-0.08644963062976152,0.01960919004877626,0.01822413321720215,0.02071419370986484,0.4434916553027559,0.26996901702377274,0.0010553394222195954,0.0032602291570494554,0.6090228753494205,-0.4791576941952945,-0.0010480635399730057,-0.0018585766030946064,0.3097698186321127,-0.2614122063197529,-0.5621673906888901,-0.4094096814390416,0.029338750482774012,0.4134025298569357,0.0007053283103800623,0.0012607573915352926,0.1558706946905215,-0.35335035148110616,0.0001274900618607981,0.00023924133600093772,-0.5105330516908939,-0.7391664310113224
2046-03-01,252,0.01784794798611835,0.018854130923824253,0.020371659608485446,-0.0020555952584278493,0.015333055435406865,3.3333767393845455,3.910207431064074,5.46637265098745,1.2314754039639095,1.5565996643899245,1.3984788144739972,2.183965454067313,0.5436045661990141,64.86143874054481,71.90066084692779,0.027826490625125884,0.28128345285563927,-0.5954605247298855,0.0012500635071427137,0.0001525472302646043,0.001297850086622936,-0.0019041512855337318,-0.009608105756342411,14.399963897539966,1794010.0032626109,-0.5791161876074795,1.2938136942708147,2.133675364049858,2.794251329759196,2.314756840409156,2.8634868133110496,5.921661077223748,0.9609603166473849,65.93795392835854,65.59595019160314,-0.016326184294152668,-0.01119751217739584,76.32752503730028,82.9927543384886,-0.05799826718093026,-0.1336513479998669,0.29467201422509504,0.2910983722954519,-0.045435469685385366,-0.03371684754681792,0.21341747623979535,-3.126473806666572,4.770265048867071,0.6222456072160552,0.20310959088063618,1.5015840149586532,0.8360727516363108,-0.3445681390726698,0.6726759863145635,1.7193648365858363,-0.2184076533102971,0.2702164238766449,0.6676919015221117,-0.43431111901108344,-0.1858452005187129,3.828499482742761,0.4400548175052972,-0.1293255348707809,3.8244263415169586,0.3655405755274639,0.022429792571999174,5.319132664368791,-0.0768852557245222,0.027681202163836627,0.031928956508636475,0.0005634553963318467,0.020840413218587577,0.018029297042755757,-0.14358953448198652,-0.010058576116825035,0.019394392803043795,0.01888499837193399,-0.027856601890354216,-0.0016344956722692539,0.020457947907662855,0.02033001342310986,-0.004217837466732877,0.0020485075198348746,-0.0021511061829099765,-0.002087859114006617,-0.044400841409382164,-0.015453080795692742,0.023340145528772206,0.02482198768011958,-0.34306084696407413,-0.38227930683861344,0.026306384224157067,0.006608942580125482,0.05778469545704068,3.2104300783012025,0.0016980652716093694,0.001496094717934889,-0.23568892885202397,-0.13250807514753937,-0.0013727219926653737,-0.0019063440642768938,0.3871354110357754,-0.0011502534008696053,-0.5786606794938636,-0.4215779710001472,0.02903229099775073,0.412456450979213,0.0008152683241038944,0.0009697755631577813,0.5333154376097295,0.2890235170210511,6.2402171518744e-05,0.00012816226749218327,1.4445820802691625,0.19026631823526596
2046-04-01,253,0.01753177498904126,0.01911305968314981,0.02040609889419897,-0.0020861189115061636,0.028553475352304007,3.2571942919404213,4.002815719363604,5.316524559411129,1.4605007133193222,0.37655742375702994,1.0696622138985292,1.8080933251836075,1.5915332391818267,66.10552698376186,75.57568067040104,0.023793152947949033,0.31119222198278923,-0.6130266672735643,0.0011146953431420568,7.817716853031887e-05,0.002648127903300725,-0.001806011927783419,0.020267905667424202,14.42023180320739,1830741.8097628881,1.2314754039639095,1.5565996643899245,1.3984788144739972,2.183965454067313,3.3333767393845455,3.910207431064074,5.46637265098745,0.5436045661990141,64.86143874054481,69.93098653381537,0.019180706863342722,-0.05470335454517994,71.90066084692779,72.47869596216786,0.05111246239164813,0.042729586496006,0.28128345285563927,0.26972945411360133,0.10632964301138537,0.15371983755146412,0.9753748053360108,0.18597635699277393,0.49737383550335634,1.6602436786049095,-0.7580897437077287,-0.7731914726677662,0.9716446243666987,-0.2351244775196285,0.1008780237895277,2.0168440754155,-0.17210534543195222,-0.10350366336023598,0.8234320490282709,1.9277407478567148,0.9328045842519599,2.353878336440896,-0.022854436626983277,0.3837564335909367,3.913422045361002,0.023683727764368,0.022842840094022154,5.910896810164457,-0.02741271061153372,-0.1005553420812958,-0.009608105756342411,-0.009308259934186935,0.01784794798611835,0.017293066474907005,-0.01771480941803516,0.013803712284378822,0.018854130923824253,0.018915893536920053,0.013733264098552134,0.010423305980493458,0.020371659608485446,0.020447144648030973,0.0016905488494995957,-0.002007407613070167,-0.0020555952584278493,-0.002137982891223728,0.014849057932571519,-0.02425836985434382,0.015333055435406865,0.02811622188654999,0.8622169255560601,0.015551643727893083,0.027826490625125884,0.012646259702114856,-0.14494597006547982,0.8814379514893296,0.001297850086622936,0.0008035902894532028,1.0403958289137019,2.2953707107419437,-0.0019041512855337318,-0.001310139571216533,-0.051539685158369375,0.3784881912286968,-0.5954605247298855,-0.43385238896569783,0.029500095831956452,0.4129844225014345,0.0012500635071427137,0.0008339137961454506,-0.10828902949904495,0.33670332388604884,0.0001525472302646043,8.658154203025414e-05,-0.48752154729577934,-0.09706888215271714
2046-05-01,254,0.01866455653840434,0.018907205160524125,0.020410562352234454,-0.0020832742145582826,0.03247518471163724,3.600915121482328,3.262162613104649,5.468553763986369,1.3741076630731965,1.0769177275810957,1.6735642963739932,2.331617984324237,1.6784311005149246,64.9705982116164,73.91349346338158,0.013427457754898436,0.2873212236451625,-0.631067607294009,0.0007853111424249,0.00010536939307506005,0.00233159541887431,-0.001127964135646315,0.002466221572831273,14.422698024780221,1835262.3968017702,1.4605007133193222,0.37655742375702994,1.0696622138985292,1.8080933251836075,3.2571942919404213,4.002815719363604,5.316524559411129,1.5915332391818267,66.10552698376186,59.87414260850771,-0.017168439976648853,0.08511947530392727,75.57568067040104,74.25119434123064,-0.021993678287444696,-0.004548086813218277,0.31119222198278923,0.2885391453900599,-0.07670821007520856,-0.004220993110834237,1.7309053357889037,-0.05915303529690008,-0.20613355643339537,2.3595665209855397,1.8599030576435176,-0.5435950976574755,1.0035410984680724,0.564572698398367,0.6676589518144558,1.618349367102542,0.2895451533661664,0.4407383422398563,0.8164679551555596,0.05460009203312044,1.0557219544460104,3.0852506341734,0.10552665844724296,0.1671386050770831,4.624928184357137,-0.18503302629597684,-0.294656590747022,5.30474754001293,0.028595599037744224,0.030879174312796742,0.020267905667424202,0.011433870531618595,0.01753177498904126,0.017402742511897426,0.06461305544197082,0.07250661932418256,0.01911305968314981,0.01883637595670402,-0.010770359431628185,0.0037602351950771773,0.02040609889419897,0.020316791583440404,0.00021873156935225957,0.004615431940074632,-0.0020861189115061636,-0.002086287699646642,-0.0013636312542831819,-0.0014444245100374564,0.028553475352304007,0.024616902200067296,0.13734613075801239,0.3192230463323067,0.023793152947949033,0.016114072908142166,-0.4356587466876314,-0.16672477334307145,0.002648127903300725,0.0017870044034545137,-0.11953066316467464,0.30475079656604676,-0.001806011927783419,-0.0018530035300960736,-0.37543926576902265,-0.3912779348089893,-0.6130266672735643,-0.4462345185138651,0.029429290736538105,0.41420616539417465,0.0011146953431420568,0.00097838342839232,-0.2954925780785109,-0.19733805823415929,7.817716853031887e-05,0.00026007020966008627,0.3478282093856522,-0.5948425111327489
2046-06-01,255,0.01805933012815521,0.01855305963199035,0.02016799574790083,-0.002085394940259943,0.024156936115480136,3.2691334408108017,2.2441283209708756,5.586726122188375,1.8876772402140243,0.3364826299132969,0.6333437939221452,1.8149652148617132,1.0461154702465467,62.16499559217664,69.40322090678512,0.024015320361115124,0.2841283140723462,-0.6493788282598331,0.0010497909084166406,2.581720241556705e-05,0.001552141679720547,-0.0018502361559587588,-0.0014855582267045975,14.421212466553516,1832538.0317525251,1.3741076630731965,1.0769177275810957,1.6735642963739932,2.331617984324237,3.600915121482328,3.262162613104649,5.468553763986369,1.6784311005149246,64.9705982116164,62.9606152273628,-0.04318265025514478,-0.012636783047831224,73.91349346338158,70.20009267040376,-0.06102096309154903,-0.01135143463926791,0.2873212236451625,0.2881518271907385,-0.011112682635514348,-0.013963170588291995,1.0500658365693605,0.37374769891918636,0.7976751309053152,-0.022077930213619146,-0.6875502916373353,-16.24067820930659,1.0391861548743324,-0.6215599273392893,-0.39053865281843103,2.5157536789707677,-0.22158551398044002,-0.2785600474191724,0.7833939727358659,-0.3767301678778415,0.3353631846223837,2.4939942869590634,-0.0921381564070155,0.31080229730472575,3.6262320411099487,-0.31207343497965445,-0.3811404522574421,4.410764163297414,0.021609435200260707,0.26661184215567557,0.002466221572831273,-0.01304174680262804,0.01866455653840434,0.018161670187021115,-0.0324265089826169,-0.005634947546786728,0.018907205160524125,0.018910161493735814,-0.01873071802664872,-0.018884125440375432,0.020410562352234454,0.02022363638355317,-0.01188436654255487,-0.002751267605740404,-0.0020832742145582826,-0.0020863506398284145,0.0010179772239489182,-0.00045807236340211777,0.03247518471163724,0.026508025028512096,-0.25614168695324835,-0.08869347718297094,0.013427457754898436,0.002209184786052254,0.788523248368006,9.87067071651791,0.00233159541887431,0.0018867012893763351,-0.3343005964259793,-0.17732516087185146,-0.001127964135646315,-0.0006990485482345104,0.6403324338841565,1.6467920727847054,-0.631067607294009,-0.459414024640422,0.029016258724388955,0.4134936972550942,0.0007853111424249,0.0010450854471281145,0.33678341195449546,0.004502465613177131,0.00010536939307506005,3.160915176057831e-05,-0.7549838557276674,-0.18323646863041576
2046-07-01,256,0.017397014038223652,0.018817180556099884,0.020570400059142784,-0.002087348376991502,0.03020149399901144,2.5874447650371675,3.0013182413300745,5.645246831371729,0.3398930191477908,1.1318854514528365,1.7338207422526786,1.7136209186795974,1.3613587086468733,67.84080645645265,74.01347348085366,0.032492657366241115,0.2849617950916106,-0.6683300734964215,0.0008492262590455962,0.00016607211998444666,0.0007769973517564363,-0.0018560575497234598,0.028679480776190758,14.449891947329707,1885855.170481911,1.8876772402140243,0.3364826299132969,0.6333437939221452,1.8149652148617132,3.2691334408108017,2.2441283209708756,5.586726122188375,1.0461154702465467,62.16499559217664,66.11894240090928,0.09130236092207356,0.026041917686809413,69.40322090678512,73.49746900195886,0.06642706943328358,0.007020710861227686,0.2841283140723462,0.2998680691473388,0.0029334669513163547,-0.04970944088216367,2.124892748282904,-0.8199411361715344,-0.8400422706405047,-0.24995393689518397,2.3638748358109742,-5.528376170076021,1.84095168645436,1.7375664826768813,-0.05819324047988117,1.8871522982290136,-0.05583814794480102,-0.0919540938546749,0.49769363671665784,0.3013465027202309,1.735334768649873,2.075166065236928,-0.2085227440592219,0.24686154442379582,3.4892742253056266,0.3374093688330695,-0.13984455003183704,5.990396436892365,0.01047495579762403,-0.05761715591893091,-0.0014855582267045975,-0.008305909112095833,0.01805933012815521,0.01772305027728114,-0.03667445498983268,-0.01839616961846724,0.01855305963199035,0.018925367532881727,0.01423597667169263,-0.005716505985623455,0.02016799574790083,0.020456886014854802,0.019952617814481544,0.005548940547723369,-0.002085394940259943,-0.002086351500524242,0.0009367226772476478,0.0004778084934438098,0.024156936115480136,0.02624457697113914,0.25022038617131814,0.1507708442861806,0.024015320361115124,0.021730539012978455,0.35299704012494604,0.4952531709791017,0.001552141679720547,0.0016236495831834848,-0.49940307517782156,-0.5214500962498447,-0.0018502361559587588,-0.001922935484496243,0.0031462977014868887,-0.0347790840160731,-0.6493788282598331,-0.4727661737092029,0.02918365122462152,0.4136588247269768,0.0010497909084166406,0.0011148147639791013,-0.19105199689102703,-0.2382355468504398,2.581720241556705e-05,0.00014222381830726087,5.432614863193304,0.16768148936673755
2046-08-01,257,0.017583039514186938,0.018908237888344562,0.020221769234059578,-0.002087845808902046,0.02595422527361601,4.014699685633635,3.9856580823899668,5.631174352894769,1.6014492500524342,0.42850493589482785,1.6093292436916447,1.51574951492796,1.0287824955823626,65.76589536691873,69.27587768098176,0.015550659823802193,0.30117527719674225,-0.6879717371118981,0.0010379808889050463,0.00012015993451192838,0.0016803843866211971,-0.0009433157795257982,0.010462380014359951,14.460354327344067,1905689.278995694,0.3398930191477908,1.1318854514528365,1.7338207422526786,1.7136209186795974,2.5874447650371675,3.0013182413300745,5.645246831371729,1.3613587086468733,67.84080645645265,69.32074344840491,-0.030585000354702796,-0.05128115921220666,74.01347348085366,74.5131207224884,-0.06400991031852399,-0.07028618571770551,0.2849617950916106,0.29205317952980214,0.056897038074592565,0.031234372046989645,0.11946293869170965,3.7116273645976205,12.405406459866114,2.2227109689726423,-0.6214237621441123,-0.8072151791769459,0.6742817715882523,-0.07180182790943401,1.3867310544387306,0.62556798077432,-0.11546976440046264,1.4229972784920752,0.9228902975816092,-0.24429726783404193,0.11473974564283407,3.573305489873036,0.5516078796665504,0.12352545759424638,3.4214452278487992,0.3279691661833464,0.16490483318241256,4.852751244389267,-0.0024928012711076253,0.16040861550558816,0.028679480776190758,-0.0042717596516013145,0.017397014038223652,0.01786466806580117,0.010692954294027723,-0.015764555522493118,0.018817180556099884,0.018863314717109718,0.004839052905572627,0.0023815099259356654,0.020570400059142784,0.020401994148762457,-0.01694817913510882,-0.00883369112787491,-0.002087348376991502,-0.0020692331018013774,0.00023830804480318157,0.008994978421940747,0.03020149399901144,0.027011395503334642,-0.1406310802218742,-0.03913793456499204,0.032492657366241115,0.01894648469021239,-0.5214100327799334,-0.17923244981505482,0.0007769973517564363,0.001980986748474899,1.1626642392314661,-0.15174375198881385,-0.0018560575497234598,-0.0016236008760716592,-0.4917637227001146,-0.4189977392669477,-0.6683300734964215,-0.48666657244556055,0.029389166213514395,0.41364082939733016,0.0008492262590455962,0.00040187400778262446,0.22226659603246635,1.5828515126723377,0.00016607211998444666,0.00014798207196986624,-0.2764593206663355,-0.18801018993438146
2046-09-01,258,0.018879476486964402,0.018910844534153263,0.02039786044847916,-0.0020874669106492987,0.02291851844955888,3.1165390898164094,3.320917363430712,5.38311449311541,1.9006419164166322,0.7161418276072804,1.1471048512468613,1.1943909026653485,0.47273419161567554,65.03222080742142,70.54478507527354,0.04069738776268772,0.28948352993283016,-0.7080078905419379,0.0007958188707496524,0.0001708493083279116,0.0014276194569774166,-0.00162933015079622,0.02123164013028145,14.481585967474349,1946582.7697460032,1.6014492500524342,0.42850493589482785,1.6093292436916447,1.51574951492796,4.014699685633635,3.9856580823899668,5.631174352894769,1.0287824955823626,65.76589536691873,63.41142527505809,-0.0111558514546789,0.025559992151774624,69.27587768098176,73.50796498201348,0.018316727795714804,-0.04031100449407077,0.30117527719674225,0.3001777684004429,-0.038820408410463525,-0.03562635076074794,1.1603882187470762,0.18682619280904578,0.6379362403979261,1.2622697919826846,0.6712568925531586,-0.4326554971402625,1.4699980995087663,-0.28721555533564125,-0.21965555490840916,1.8842598586616246,-0.21201300683106927,-0.3661219830296044,0.7508541198649701,-0.5404916066849728,-0.3704047442655176,3.7499494092039627,-0.22371800287609067,-0.1689116972706075,3.1642751259259505,-0.16678317738701975,0.049503355830641915,5.011002571980868,-0.04405117729161434,0.07425897628055789,0.010462380014359951,-0.008324019610881805,0.017583039514186938,0.016112126989440943,0.07373224474252194,0.17175569056382423,0.018908237888344562,0.018957502110291978,0.0001378576800277198,-0.002461166870364462,0.020221769234059578,0.02022811615549884,0.008708002370187762,0.008391502781349036,-0.002087845808902046,-0.00208622673149949,-0.0001814780819214823,0.0005944603868235365,0.02595422527361601,0.02154226164776229,-0.11696387744399772,0.06388636552186466,0.015550659823802193,0.005719451010337296,1.6170843053485986,6.115610867045027,0.0016803843866211971,0.0016115972623071805,-0.15042089872783393,-0.11415867328192109,-0.0009433157795257982,-0.0021661198295052763,0.7272372477594713,-0.2478116267610433,-0.6879717371118981,-0.5008260097051667,0.029123512419494846,0.41368035369955725,0.0010379808889050463,0.0007521782540655778,-0.23330103737347974,0.05801898213381462,0.00012015993451192838,0.00013696867175061675,0.4218492130665339,0.24736048137330569
2046-10-01,259,0.019773027947404084,0.019001444224269214,0.02025958687978211,-0.0020817254224115745,0.026860664447183033,3.2232037199719192,2.8429370094484097,5.240980946706661,-0.065147665793436,0.38824811422981786,0.8896891370544623,1.9207673490822046,0.806741635519086,61.61824050198264,73.56214470092505,0.01603786022302256,0.2827579306714869,-0.7287760323118384,0.001304587441732905,0.00012323973179181587,0.0015673531778687892,-0.0010705916141133297,-0.004453659523278475,14.47713230795107,1937932.6295433359,1.9006419164166322,0.7161418276072804,1.1471048512468613,1.1943909026653485,3.1165390898164094,3.320917363430712,5.38311449311541,0.47273419161567554,65.03222080742142,62.57796306996951,-0.05249675104204932,-0.015336430284791924,70.54478507527354,69.15220643889846,0.04277225626858017,0.06377147583747922,0.28948352993283016,0.30109610440858414,-0.023233098141727804,-0.06090471935237174,0.287548984349986,-1.034276664757695,-1.2265619749647332,0.43116216078191516,-0.45786141897757393,-0.09953110559208722,2.079984013006427,-0.2244046949261853,-0.5722615503335058,1.559723878217313,0.6081563789509008,0.231479094413523,-0.13553270929315797,0.7065438672033957,-6.952375922583378,2.871465183608515,0.034225346476175034,0.12249444582203872,3.5059317463969375,-0.1439302161642827,-0.18910657277623577,5.030992879568377,-0.026403589704533825,0.041738891738662076,0.02123164013028145,-0.006314803846180439,0.018879476486964402,0.017702339854172095,0.047329249889775715,0.11697256466036987,0.018910844534153263,0.01890220901513837,0.004790885460050465,0.005249926558920537,0.02039786044847916,0.020248971683833293,-0.006778827075824889,0.0005242338284907611,-0.0020874669106492987,-0.0020871739411305336,-0.0027504571250608345,-0.0026104765930566876,0.02291851844955888,0.023370576908266535,0.17200701722061051,0.14933681580115388,0.04069738776268772,0.02490833925367186,-0.6059240873998692,-0.3561248680737179,0.0014276194569774166,0.0013956644364380762,0.09787882912945123,0.12301577438548605,-0.00162933015079622,-0.0014460433156675864,-0.3429253036346539,-0.2596407019667486,-0.7080078905419379,-0.5155152861837409,0.029333206659609035,0.41368462166626574,0.0007958188707496524,0.0010342788362793964,0.6393019689316972,0.2613498371733949,0.0001708493083279116,0.0001003281128845422,-0.2786641456266158,0.22836688788954307
2046-11-01,260,0.018805082039748015,0.019268843132126068,0.020437926872535945,-0.0020882720124905233,0.03004550006648709,2.6798738103453754,3.1010731674119496,5.274867369978059,1.4020274758804128,1.511880066044971,0.896211202427884,2.2192478346530233,0.9948168798733841,69.51142358290969,73.96889876224799,0.021025897011025006,0.31347217430383967,-0.7499173583195892,0.0006591469659097327,0.0001417521116894107,0.0015294178902404598,-0.001387434612395079,0.0028695270884782076,14.480001835039548,1943501.5660051676,-0.065147665793436,0.38824811422981786,0.8896891370544623,1.9207673490822046,3.2232037199719192,2.8429370094484097,5.240980946706661,0.806741635519086,61.61824050198264,58.17740950778124,0.12809815756866794,0.19481812908174456,73.56214470092505,73.614090776777,0.0055293937252189895,0.004819837910474023,0.2827579306714869,0.32029967250988917,0.1086238096290113,-0.02131596998694618,1.372495353866611,-22.52076300516779,0.021517101628507174,1.3741014853992684,2.8941079444626365,0.10026812583327405,1.0623013846644223,0.0073307238469997316,-0.1563493982350458,1.2847720571658787,0.1553964803251373,0.7273475261818316,1.737069738998874,0.23312946310659166,-0.4273017038183353,1.5795664741092195,-0.16856828076361163,0.6965881805364749,3.185073598899802,0.0907991127153478,-0.026373152418477153,6.055151893326513,0.00646566427467965,-0.12886291493503543,-0.004453659523278475,-9.930723172146827e-05,0.019773027947404084,0.018410603313103947,-0.048952841731210284,0.021426713722265234,0.019001444224269214,0.018929441803997492,0.014072557048864898,0.017929811752658287,0.02025958687978211,0.02029271905447249,0.008802745772264808,0.007155660987256951,-0.0020817254224115745,-0.0020857978070267305,0.003144790378437623,0.001186215392238621,0.026860664447183033,0.02753844039689364,0.11856875787888632,0.09103854951336476,0.01603786022302256,0.027662227234080086,0.31101635247088977,-0.23990585309338608,0.0015673531778687892,0.001788966149655367,-0.024203407479552186,-0.1450828230958464,-0.0010705916141133297,-0.0023154491154392587,0.29595131710812117,-0.4007924410241803,-0.7287760323118384,-0.5308011000311782,0.02900935962546103,0.4128029468581367,0.001304587441732905,0.0007415972958650978,-0.49474681050572056,-0.11117938322467058,0.00012323973179181587,9.183293017692547e-05,0.15021437996040987,0.5435869400694378
2046-12-01,261,0.020709628041143756,0.01896064847244276,0.02025958687978211,-0.002085653018266659,0.02543648594015349,2.9398998652189934,3.7651603168114414,5.24003596460382,0.7724317830434781,1.5984592877037873,1.7093468169210513,2.0598986539335566,0.7974985451877081,67.29090526938774,68.58354985274329,0.014748848553267394,0.27992325809666285,-0.7719711640841761,0.0005438482969067578,0.00013365434549139938,0.0012020737480869961,-0.0011191042632017509,-0.005506621673703194,14.474495213365845,1932828.85043132,1.4020274758804128,1.511880066044971,0.896211202427884,2.2192478346530233,2.6798738103453754,3.1010731674119496,5.274867369978059,0.9948168798733841,69.51142358290969,65.33292675255831,-0.031944653109764465,0.029969245434925407,73.96889876224799,78.10599605960736,-0.07280558450402752,-0.1219169678035592,0.31347217430383967,0.2874298014156947,-0.1070235860062616,-0.02611609263221637,1.7194902279832829,-0.4490608805234546,-0.5507786142236873,-0.7423239504732007,0.05726593239985278,-3.1533176811617567,0.9047470838537703,0.9073035600206063,0.8893090095854062,1.455591656618319,-0.0718032381202619,0.4151624492814041,1.3805278931069715,-0.19834638784053382,-0.42232348279984144,2.883877325771053,0.09702921602868542,0.019426117382771224,3.4160728023034013,0.21414752685558724,0.10218971746522976,4.219746334563606,-0.006603276050594742,0.24178932787573104,0.0028695270884782076,0.008650736883282661,0.018805082039748015,0.017705841799290183,0.10127826070474621,0.16964944541490223,0.019268843132126068,0.018852346207105693,-0.0159944557942594,0.0057447632325065,0.020437926872535945,0.02024828118003217,-0.0087259335971831,0.0005583535535396145,-0.0020882720124905233,-0.002085394920848245,-0.0012541441958708877,0.00012376428840110698,0.03004550006648709,0.023709632654801437,-0.1534011454671882,0.07283340532913529,0.021025897011025006,0.02331602386173256,-0.2985389139148841,-0.36743723369257864,0.0015294178902404598,0.0008282554189864373,-0.2140318510998963,0.4513321863417594,-0.001387434612395079,-0.0018188737073323625,-0.19340035688609425,-0.38472679071100724,-0.7499173583195892,-0.546248760014606,0.029408314822855885,0.41322273036104384,0.0006591469659097327,0.0011002384886544803,-0.17492103425499883,-0.5056996255676816,0.0001417521116894107,0.00015466196653160814,-0.057126247372978334,-0.13582926372474025
2047-01-01,262,0.017841901598350137,0.018819060312490712,0.020185460883554655,-0.0020884924415135384,0.027900690371626933,2.67048689113472,3.6012259121988337,5.92398275798686,1.0684475825836819,0.8590591763716231,2.105128832511408,1.8847197545130796,0.8829488745447661,63.08021017759023,76.67259438757712,0.0231312169787109,0.2919382134695091,-0.7942366737466585,0.001234368123088543,7.570187468880157e-05,0.0018164364896684914,-0.0016463853780752033,0.016119403764605522,14.49061461713045,1964237.3622376176,0.7724317830434781,1.5984592877037873,1.7093468169210513,2.0598986539335566,2.9398998652189934,3.7651603168114414,5.24003596460382,0.7974985451877081,67.29090526938774,72.04768328958073,-0.06257450505295925,-0.12446580795592832,68.58354985274329,74.4605747863732,0.11794438392591133,0.029707259278486386,0.27992325809666285,0.27895484550036964,0.042922318976071905,0.0465429017583503,0.8351321143069511,0.3832258149371641,0.2793755194893346,0.9970087635509666,-0.46257049961799435,-0.13836346501912322,1.2012949074641548,0.23153991435351662,0.7523830488511603,2.1284078501532995,-0.08504248453483754,-0.11449313890787804,0.8270440336847793,0.10714794387110183,0.0675959665785999,3.4867921012657535,-0.09164018722937173,-0.23411353083962283,3.988268635860903,-0.04353982057035943,-0.09704529935168793,6.975836949337655,0.1305233013672169,-0.15078537514422086,-0.005506621673703194,-0.004851513542234898,0.020709628041143756,0.01734718186731868,-0.13847310232208498,0.02851873778780689,0.01896064847244276,0.01885069160938101,-0.007467474551718478,-0.0016779913196689478,0.02025958687978211,0.020283543296022354,-0.003658810846801086,-0.0048355660071942586,-0.002085653018266659,-0.002087174756284803,0.001361407301219808,0.0006313248206781807,0.02543648594015349,0.025548832676693983,0.09687676345196339,0.09205343056938764,0.014748848553267394,0.01822413321720215,0.5683405314773886,0.26926294397787043,0.0012020737480869961,0.0010553394222195954,0.5110857321018816,0.7211869957896129,-0.0011191042632017509,-0.0010480635399730057,0.47116352980812004,0.5708831719473881,-0.7719711640841761,-0.5621673906888901,0.028842411087850683,0.41281171213681844,0.0005438482969067578,0.0007053283103800623,1.269691989676625,0.7500617867208683,0.00013365434549139938,0.0001274900618607981,-0.4335996004434217,-0.40621352296889013
2047-02-01,263,0.01806484347208139,0.01904489654588787,0.020338045314892923,-0.002088642434521304,0.026053166181031165,3.143687591984169,3.2223071441709763,5.657043709496627,1.386494434256989,1.0571061320211204,0.9918069640000644,1.628961046450255,0.9248998660363327,68.45090453791896,74.9187219484736,0.0049144253013314945,0.300202463835755,-0.817564436867243,0.000992958520731104,0.00010752808804484055,0.0015419717225805144,-0.0017753632785959816,0.023207928985357285,14.513822546115808,2010356.3364041501,1.0684475825836819,0.8590591763716231,2.105128832511408,1.8847197545130796,2.67048689113472,3.6012259121988337,5.92398275798686,0.8829488745447661,63.08021017759023,65.93795392835854,0.08514071759127884,0.03811083692846662,76.67259438757712,76.32752503730028,-0.02287482839354249,-0.018457340102908004,0.2919382134695091,0.29467201422509504,0.028308217235524902,0.018768153552700007,-0.5791161876074795,0.29767192781158003,-3.39415589466607,1.2938136942708147,0.23053936340681558,-0.18295335974404048,2.133675364049858,-0.5288616313250321,-0.5351650111769821,2.794251329759196,-0.13570118711304124,-0.41703130670402644,0.9609603166473849,0.04751236759115396,-0.03752543157750843,2.314756840409156,0.177196414039831,0.3581070534512347,2.8634868133110496,-0.10521938286190369,0.1253088818820236,5.921661077223748,-0.04506074028158491,-0.044686341260716245,0.016119403764605522,0.031928956508636475,0.017841901598350137,0.020840413218587577,0.012495409892399945,-0.1331820879650628,0.018819060312490712,0.019394392803043795,0.012000399044752585,-0.018020479460490013,0.020185460883554655,0.020457947907662855,0.007559125462554217,-0.00586092961577156,-0.0020884924415135384,-0.0021511061829099765,7.181879368300947e-05,-0.029037966086905564,0.027900690371626933,0.023340145528772206,-0.0662178665110944,0.11623837773052981,0.0231312169787109,0.026306384224157067,-0.787541429149424,-0.8131850709905395,0.0018164364896684914,0.0016980652716093694,-0.15110066806578426,-0.09192435157743661,-0.0016463853780752033,-0.0013727219926653737,0.0783400425188221,0.29331597226675976,-0.7942366737466585,-0.5786606794938636,0.02937129937672145,0.41285638689385484,0.001234368123088543,0.0008152683241038944,-0.19557342565960156,0.2179530240212859,7.570187468880157e-05,6.2402171518744e-05,0.42041512824974947,0.7231465737140557
2047-03-01,264,0.019445931611707268,0.018943223208845558,0.020546688998888805,-0.0020853922979424564,0.028827831925162844,4.308766197078777,3.139248100691821,3.78160590588152,0.7463839836431669,0.040948772362562225,1.6324076518054014,2.3869844960187216,0.9428345682701698,63.27091947701195,70.3327624082132,0.01619676733750588,0.26935574740087165,-0.8416032825309443,0.0015205956931396494,4.3470665783136144e-05,0.0016099790841853008,-0.0012435774961293495,0.00033005792647600174,14.514152604042284,2011019.9799624053,1.386494434256989,1.0571061320211204,0.9918069640000644,1.628961046450255,3.143687591984169,3.2223071441709763,5.657043709496627,0.9248998660363327,68.45090453791896,64.86143874054481,-0.07567445742134071,-0.024521800539996863,74.9187219484736,71.90066084692779,-0.06121246360041299,-0.021806453796753722,0.300202463835755,0.28128345285563927,-0.10275304219941384,-0.04240457564664912,1.2314754039639095,-0.4616754563150136,-0.39391076651577117,1.5565996643899245,-0.9612633290809971,-0.9736934464915157,1.3984788144739972,0.6458925083785714,0.1672737798458468,2.183965454067313,0.4653416674513555,0.09295890719027433,0.5436045661990141,0.01939096640882476,0.7344125250136277,3.3333767393845455,0.3706089014905125,0.29261302695545943,3.910207431064074,-0.02577626519228804,-0.19716583939958754,5.46637265098745,-0.3315225937651428,-0.30820561507119215,0.023207928985357285,-0.009608105756342411,0.01806484347208139,0.01784794798611835,0.07645170807930368,0.08953318481383898,0.01904489654588787,0.018854130923824253,-0.0053386132498716155,0.004725345622201393,0.020338045314892923,0.020371659608485446,0.010258787448127915,0.00859180811810023,-0.002088642434521304,-0.0020555952584278493,-0.0015561000414090476,0.014495577080381183,0.026053166181031165,0.015333055435406865,0.10650013610061193,0.8801100698164854,0.0049144253013314945,0.027826490625125884,2.2957602047827637,-0.41793711770175446,0.0015419717225805144,0.001297850086622936,0.04410415613262675,0.24049695783781821,-0.0017753632785959816,-0.0019041512855337318,-0.2995363196242218,-0.34691245092914147,-0.817564436867243,-0.5954605247298855,0.02940299819768799,0.413365366096627,0.000992958520731104,0.0012500635071427137,0.5313788656751264,0.21641475369143004,0.00010752808804484055,0.0001525472302646043,-0.5957273436777901,-0.7150347095274486
2047-04-01,265,0.01684633909547824,0.01906727629738154,0.020280538428165885,-0.0020872343297971313,0.024663525637247188,2.393518197343064,3.149930564938235,5.697984324224431,0.7248530303436089,0.8382473630177929,0.11262794008471921,1.4409333572010194,0.9742650110049166,62.26997773915754,67.29176908419544,0.010906168109735305,0.2980272199906371,-0.8663332771440244,0.0006456499676396824,6.649953540840923e-05,0.0021231188474254386,-0.001679787267405549,-0.011852080002427101,14.502300524039857,1987325.8997026826,0.7463839836431669,0.040948772362562225,1.6324076518054014,2.3869844960187216,4.308766197078777,3.139248100691821,3.78160590588152,0.9428345682701698,63.27091947701195,66.10552698376186,-0.015819933488054994,-0.058021612104332654,70.3327624082132,75.57568067040104,-0.04323722288011034,-0.10961081015377439,0.26935574740087165,0.31119222198278923,0.10644462895790663,-0.04230504833401738,1.4605007133193222,-0.028847019458353773,-0.5036955314481055,0.37655742375702994,19.470634762769297,1.2260810971520346,1.0696622138985292,-0.931005015836482,-0.8947070031816573,1.8080933251836075,-0.3963373622223486,-0.2030647217533995,1.5915332391818267,0.03333611621009247,-0.38784501195478305,3.2571942919404213,-0.444500330752269,-0.2651595260173554,4.002815719363604,0.003402873523777883,-0.21307130135907604,5.316524559411129,0.5067631228739022,0.07174983592205075,0.00033005792647600174,0.020267905667424202,0.019445931611707268,0.01753177498904126,-0.13368310493614843,-0.03909677679478951,0.018943223208845558,0.01911305968314981,0.006548679027234217,-0.002395398043392949,0.020546688998888805,0.02040609889419897,-0.01295345302288431,-0.006153085245939827,-0.0020853922979424564,-0.0020861189115061636,0.0008833023199004142,0.0005346858632149232,0.028827831925162844,0.028553475352304007,-0.1444543696080306,-0.13623384428904328,0.01619676733750588,0.023793152947949033,-0.3266453803728756,-0.5416257721877329,0.0016099790841853008,0.002648127903300725,0.31872449044877027,-0.19825668360689663,-0.0012435774961293495,-0.001806011927783419,0.3507700747511979,-0.06989137692617009,-0.8416032825309443,-0.6130266672735643,0.029384384693355692,0.41320651024374055,0.0015205956931396494,0.0011146953431420568,-0.5753966879213126,-0.42078347091703894,4.3470665783136144e-05,7.817716853031887e-05,0.5297565429560738,-0.14937395842599221
2047-05-01,266,0.01758172502770992,0.019162887164490564,0.020394078239600884,-0.002069680648668718,0.027168231979657103,2.2415105231222396,2.8871730094210553,5.456322149436279,1.2044747519018202,1.0207980473904574,1.04292325784581,2.500662957399183,0.5509481321202263,62.35689724577355,72.33940977797258,0.02214109774041989,0.27722337604297653,-0.8918089906521072,0.0012209362521146037,4.876533158075121e-05,0.001215034755297435,-0.0018160577878549614,0.017458554357290268,14.519759078397147,2022326.3768034203,0.7248530303436089,0.8382473630177929,0.11262794008471921,1.4409333572010194,2.393518197343064,3.149930564938235,5.697984324224431,0.9742650110049166,62.26997773915754,64.9705982116164,0.0013958493285497475,-0.040228981074327486,67.29176908419544,73.91349346338158,0.07501126456434126,-0.02129629667942623,0.2980272199906371,0.2873212236451625,-0.0698051807090444,-0.03514480230202788,1.3741076630731965,0.6616813360507738,-0.12344950525346154,1.0769177275810957,0.21777662826812816,-0.05211139045569502,1.6735642963739932,8.259898183890417,-0.37682510310153816,2.331617984324237,0.735446642901421,0.0725011447893511,1.6784311005149246,-0.4344986980986367,-0.6717481391096713,3.600915121482328,-0.06350805036266749,-0.3775164236030326,3.262162613104649,-0.08341693573881437,-0.11495122964661486,5.468553763986369,-0.04241187076643038,-0.002236718349674649,-0.011852080002427101,0.002466221572831273,0.01684633909547824,0.01866455653840434,0.0436525661785514,-0.058015389139644324,0.01906727629738154,0.018907205160524125,0.005014395638780922,0.013522993049246201,0.020280538428165885,0.020410562352234454,0.0055984613937720695,-0.0008076265782929193,-0.0020872343297971313,-0.0020832742145582826,-0.008410019362856791,-0.006525096789741003,0.024663525637247188,0.03247518471163724,0.1015550809421697,-0.16341562885948513,0.010906168109735305,0.013427457754898436,1.0301445491800014,0.6489419028216756,0.0021231188474254386,0.00233159541887431,-0.42771232200645537,-0.47888268030477954,-0.001679787267405549,-0.001127964135646315,0.08112367744034876,0.610031498753614,-0.8663332771440244,-0.631067607294009,0.029406366095120484,0.41317503916283416,0.0006456499676396824,0.0007853111424249,0.8910188388578546,0.5547165781254184,6.649953540840923e-05,0.00010536939307506005,-0.26668161993527906,-0.5371964271824822
2047-06-01,267,0.01798346253906566,0.01887739623867627,0.02027773507138827,-0.0020865091999755178,0.02960665638354695,4.1818007281320675,4.137033517641917,5.318339378872604,0.38818281588897385,2.7467547223649715,1.353887888976113,1.599076167342859,0.6929927196309316,58.86949665929158,71.27442448202466,0.03023608608456245,0.3023663172471029,-0.9176683374216686,0.000777943487626608,8.095194341148121e-05,0.0028155922795053087,-0.0019315566817116661,0.006671494338661432,14.526430572735809,2035863.4217266676,1.2044747519018202,1.0207980473904574,1.04292325784581,2.500662957399183,2.2415105231222396,2.8871730094210553,5.456322149436279,0.5509481321202263,62.35689724577355,62.16499559217664,-0.05592646107353172,-0.05301213169071295,72.33940977797258,69.40322090678512,-0.014722062278592296,0.02696133624335295,0.27722337604297653,0.2841283140723462,0.09069560281319333,0.06418931965405195,1.8876772402140243,-0.6777161038236394,-0.7943595400636595,0.3364826299132969,1.6907915129605766,7.1631397230601195,0.6333437939221452,0.29816635959640014,1.1376824119358808,1.8149652148617132,-0.3605391071950057,-0.11894941332817954,1.0461154702465467,0.25781843921327363,-0.33755618825940104,3.2691334408108017,0.8656172634457069,0.27917712869344014,2.2441283209708756,0.43290114729615303,0.8434924059298512,5.586726122188375,-0.025288604078835375,-0.04804007525084131,0.017458554357290268,-0.0014855582267045975,0.01758172502770992,0.01805933012815521,0.022849720987137223,-0.0042010190051995355,0.019162887164490564,0.01855305963199035,-0.014898116518857196,0.017481569785216422,0.020394078239600884,0.02016799574790083,-0.005704752470092167,0.005441260740986609,-0.002069680648668718,-0.002085394940259943,0.008130989347377993,0.000534315919763495,0.027168231979657103,0.024156936115480136,0.08975278206236159,0.2255965012290837,0.02214109774041989,0.024015320361115124,0.36560916893315,0.2590332183750419,0.001215034755297435,0.001552141679720547,1.3172936142193432,0.8140046854564449,-0.0018160577878549614,-0.0018502361559587588,0.06359868867010365,0.04395143046524708,-0.8918089906521072,-0.6493788282598331,0.02899650826647604,0.4131479153405446,0.0012209362521146037,0.0010497909084166406,-0.3628303801453624,-0.2589538722525704,4.876533158075121e-05,2.581720241556705e-05,0.6600306157547955,2.13558154398129
2047-07-01,268,0.017626603178168554,0.018885187058345663,0.020095760137271768,-0.002085384274853871,0.02886818729196278,3.1244139443341763,3.1739721639537155,5.136112156470522,0.4265492131377231,0.3118586521222406,0.8423668736274611,1.7384041359157951,0.4719354381493351,66.6316964108238,73.2927259548419,0.02683365004666611,0.27851400857688724,-0.9446376704187233,0.001135526415099445,-3.999360689937144e-05,0.0010743060737281318,-0.0011984393163471424,9.673608292359859e-05,14.526527308818732,2036060.3727054324,0.38818281588897385,2.7467547223649715,1.353887888976113,1.599076167342859,4.1818007281320675,4.137033517641917,5.318339378872604,0.6929927196309316,58.86949665929158,67.84080645645265,0.13185435908270327,-0.017822754604265856,71.27442448202466,74.01347348085366,0.02831733104104206,-0.009738058384710313,0.3023663172471029,0.2849617950916106,-0.07888546874989,-0.022626845513274985,0.3398930191477908,0.09883589813445681,0.25495137913454125,1.1318854514528365,-0.8864628684960525,-0.7244786106916092,1.7338207422526786,-0.37781637572332016,-0.5141557295404079,1.7136209186795974,0.0871302889870802,0.014462485235821054,1.3613587086468733,-0.31898932733279706,-0.6533349842684617,2.5874447650371675,-0.2528544166833617,0.20752875058544307,3.0013182413300745,-0.2327903193390466,0.057526029811196366,5.645246831371729,-0.03426393267153849,-0.0901882043619151,0.006671494338661432,0.028679480776190758,0.01798346253906566,0.017397014038223652,-0.019843751453419767,0.013197042862669539,0.01887739623867627,0.018817180556099884,0.0004127062636651857,0.003614064394133365,0.02027773507138827,0.020570400059142784,-0.008974125240114539,-0.023073927609884137,-0.0020865091999755178,-0.002087348376991502,-0.0005391421814291419,-0.0009409555967182515,0.02960665638354695,0.03020149399901144,-0.02494267106752901,-0.04414704474859088,0.03023608608456245,0.032492657366241115,-0.11252898369122954,-0.17416265021938593,0.0028155922795053087,0.0007769973517564363,-0.6184440192040574,0.38263801195668967,-0.0019315566817116661,-0.0018560575497234598,-0.3795474252999219,-0.35430918264053723,-0.9176683374216686,-0.6683300734964215,0.029388976275273038,0.41342984234837266,0.000777943487626608,0.0008492262590455962,0.45965154688005705,0.3371305974165326,8.095194341148121e-05,0.00016607211998444666,-1.4940413437152795,-1.2408207163437006
2047-08-01,269,0.017719340646625666,0.019913678247146845,0.020405692763069975,-0.002102209796630238,0.025844249577466515,2.9535968480178925,4.024836792972609,6.009358551595029,1.8255591775580582,2.1662196702940344,0.9562328297904242,1.4755864502597513,1.2738512440465142,58.64614780292296,71.56504029052714,-0.0018159066362084461,0.3005393512060063,-0.9717447379214647,0.0005531285894749735,0.00011660053014518506,0.0016905687143426442,-0.002317041899930093,0.011578992009162903,14.538106300827895,2059772.9182449596,0.4265492131377231,0.3118586521222406,0.8423668736274611,1.7384041359157951,3.1244139443341763,3.1739721639537155,5.136112156470522,0.4719354381493351,66.6316964108238,65.76589536691873,-0.11984609484749142,-0.10825896194788387,73.2927259548419,69.27587768098176,-0.023572402879096677,0.03304415167552355,0.27851400857688724,0.30117527719674225,0.07908163306277172,-0.0021114813827184387,1.6014492500524342,3.2798324819992724,0.1399419478939381,0.42850493589482785,5.946158638064438,4.055296891202464,1.6093292436916447,0.1351738295128171,-0.4058190183651177,1.51574951492796,-0.15118330670422087,-0.026497164783930383,1.0287824955823626,1.6992065886000023,0.2382124010823352,4.014699685633635,-0.054671723836735575,-0.26430441146391015,3.9856580823899668,0.2680756430954323,0.009829922630781418,5.631174352894769,0.17002089684205668,0.06715902847260447,9.673608292359859e-05,0.010462380014359951,0.017626603178168554,0.017583039514186938,0.005261221774821134,0.007751852706055384,0.018885187058345663,0.018908237888344562,0.05446020659597739,0.053174725468313255,0.020095760137271768,0.020221769234059578,0.015422786880471051,0.009095323306361092,-0.002085384274853871,-0.002087845808902046,0.008068307591676982,0.006879812516301653,0.02886818729196278,0.02595422527361601,-0.10474983011275396,-0.00423729450561916,0.02683365004666611,0.015550659823802193,-1.0676727404974882,-1.1167736068297873,0.0010743060737281318,0.0016803843866211971,0.5736378632542911,0.006060713133573481,-0.0011984393163471424,-0.0009433157795257982,0.9333827489842912,1.456273869493482,-0.9446376704187233,-0.6879717371118981,0.028695729962500582,0.41247770148355833,0.001135526415099445,0.0010379808889050463,-0.5128879591704323,-0.46711100812418405,-3.999360689937144e-05,0.00012015993451192838,-3.9154792274316628,-0.029622222924813424
2047-09-01,270,0.01815978158159591,0.018924812314283293,0.020134712705178665,-0.0021023631062436726,0.030318392160564398,3.9224700145386002,4.098410082409152,5.832753169206948,0.3799179265578084,1.7093011446161597,1.0000712247429835,1.8721268064878145,0.16170810547773995,60.754618692332286,65.65870264069731,0.039704911638863236,0.30614109365998854,-1.0003422081842244,0.0007375636166874931,8.560274569940529e-05,0.002212841396149811,-0.0021425019329696362,0.005161029286682606,14.543267330114578,2070430.9461395314,1.8255591775580582,2.1662196702940344,0.9562328297904242,1.4755864502597513,2.9535968480178925,4.024836792972609,6.009358551595029,1.2738512440465142,58.64614780292296,65.03222080742142,0.035952419185224516,-0.06577665750884187,71.56504029052714,70.54478507527354,-0.08253104624621621,-0.06926213510130652,0.3005393512060063,0.28948352993283016,0.018638965019068365,0.05754235389841855,1.9006419164166322,-0.7918895584277897,-0.8001107292876687,0.7161418276072804,-0.21092898930968274,1.3868193124917014,1.1471048512468613,0.045844896333633756,-0.128178018203007,1.1943909026653485,0.26873407258399484,0.5674322387336184,0.47273419161567554,-0.873055738467501,-0.6579301680611125,3.1165390898164094,0.32803162258617036,0.25859804786522567,3.320917363430712,0.01827981933702305,0.23411986324623335,5.38311449311541,-0.0293883916014972,0.08352760779407387,0.011578992009162903,0.02123164013028145,0.017719340646625666,0.018879476486964402,0.024856508137288902,-0.03812049056897393,0.019913678247146845,0.018910844534153263,-0.04965762329745549,0.0007386121812171798,0.020405692763069975,0.02039786044847916,-0.01327963039714719,-0.012900752211985833,-0.002102209796630238,-0.0020874669106492987,7.292783702195216e-05,0.007136015195441159,0.025844249577466515,0.02291851844955888,0.17311946201753403,0.32287748997788945,-0.0018159066362084461,0.04069738776268772,-22.865062248886208,-0.024386727954426868,0.0016905687143426442,0.0014276194569774166,0.3089331284651424,0.5500218810654776,-0.002317041899930093,-0.00162933015079622,-0.07532879183830155,0.3149587466497443,-0.9717447379214647,-0.7080078905419379,0.029428994206780024,0.41289697692284455,0.0005531285894749735,0.0007958188707496524,0.33343969326840317,-0.07320164952520358,0.00011660053014518506,0.0001708493083279116,-0.26584599921786733,-0.4989576104393255
2047-10-01,271,0.01765703867668508,0.018819143524171023,0.020146340794300915,-0.0020857978541599068,0.020568642699314216,2.8463529406280985,3.837384930538568,4.940872012439911,1.5782825358095547,1.1748772210864304,1.504044618997388,2.550504736759632,1.4072101040030018,57.78143543618047,71.40868239651972,0.02396516268456852,0.3034021230134198,-1.0295100356030196,0.0010173392688795978,5.432810621137117e-05,0.0018907379811604478,-0.0015187752258324768,-0.00973612628877163,14.533531203825806,2050370.7815854077,0.3799179265578084,1.7093011446161597,1.0000712247429835,1.8721268064878145,3.9224700145386002,4.098410082409152,5.832753169206948,0.16170810547773995,60.754618692332286,61.61824050198264,-0.04893756754870482,-0.06226735840791675,65.65870264069731,73.56214470092505,0.08757376439933484,-0.029274055469160953,0.30614109365998854,0.2827579306714869,-0.008946759201202692,0.07301012669355567,-0.065147665793436,3.1542723453703694,-25.226233075085485,0.38824811422981786,-0.3126563889651752,2.0260989764678645,0.8896891370544623,0.5039375014353851,0.690528248975707,1.9207673490822046,0.3623568274974289,0.32785719102229294,0.806741635519086,7.702161835645972,0.7443132250110698,3.2232037199719192,-0.27434679421942887,-0.11691807657354769,2.8429370094484097,-0.06368936895576505,0.3497959742988124,5.240980946706661,-0.15290912042628102,-0.05726197773249553,0.005161029286682606,-0.004453659523278475,0.01815978158159591,0.019773027947404084,-0.027684413639662786,-0.10701392201272864,0.018924812314283293,0.019001444224269214,-0.005583610994784771,-0.00959404442875722,0.020134712705178665,0.02025958687978211,0.0005775145288893224,-0.005589752947737003,-0.0021023631062436726,-0.0020817254224115745,-0.007879348735986502,0.0019562770884617997,0.030318392160564398,0.026860664447183033,-0.3215787106920476,-0.23424669036914614,0.039704911638863236,0.01603786022302256,-0.39641818366090054,0.4942867908379831,0.002212841396149811,0.0015673531778687892,-0.14556100385224202,0.20632542036976087,-0.0021425019329696362,-0.0010705916141133297,-0.291120720844642,0.4186317226950591,-1.0003422081842244,-0.7287760323118384,0.02915784936410848,0.4126562756697507,0.0007375636166874931,0.001304587441732905,0.37932409606729034,-0.2201831503695535,8.560274569940529e-05,0.00012323973179181587,-0.3653462191254385,-0.5591672797280544
2047-11-01,272,0.01776399907665117,0.018914952471732124,0.020308056705591805,-0.002087226667655753,0.02299476240818921,4.406654545904665,3.1184493227044863,5.554836555771358,1.4375209686351937,2.1547407814705495,1.2249318604273132,2.3283741641591766,1.4919362153929536,64.67298040620462,71.72227243021027,0.014055119054249462,0.2950335655240249,-1.0601173845616327,0.0007203352266394932,8.570208991861693e-05,0.001989204801165049,-0.0010659328613471287,0.01861041784286499,14.552141621668671,2088886.3220736436,1.5782825358095547,1.1748772210864304,1.504044618997388,2.550504736759632,2.8463529406280985,3.837384930538568,4.940872012439911,1.4072101040030018,57.78143543618047,69.51142358290969,0.1192691894550777,-0.06960644635531055,71.40868239651972,73.96889876224799,0.00439148326458727,-0.030372580498445156,0.3034021230134198,0.31347217430383967,-0.02758239595121348,-0.05882055981767231,1.4020274758804128,-0.0891865454889289,0.025315832510695024,1.511880066044971,0.8340135826942165,0.4252061587843283,0.896211202427884,-0.1855747861763133,0.3667892759082987,2.2192478346530233,-0.08709278967372869,0.04917266463085901,0.9948168798733841,0.06020857237233934,0.49970938931277553,2.6798738103453754,0.5481757314791251,0.6443515097215515,3.1010731674119496,-0.18735040160101446,0.005603271627105277,5.274867369978059,0.1242623856245686,0.053076061663037244,-0.00973612628877163,0.0028695270884782076,0.01765703867668508,0.018805082039748015,0.0060576635711471205,-0.05536178788778068,0.018819143524171023,0.019268843132126068,0.005091036552117512,-0.018365952640089667,0.020146340794300915,0.020437926872535945,0.008027061238666144,-0.006354370859338765,-0.0020857978541599068,-0.0020882720124905233,0.0006850201197572403,-0.0005005788654532939,0.020568642699314216,0.03004550006648709,0.11795234835577584,-0.23466867393438096,0.02396516268456852,0.021025897011025006,-0.4135187296975983,-0.33153296399770205,0.0018907379811604478,0.0015294178902404598,0.05207851166356048,0.30062869923164026,-0.0015187752258324768,-0.001387434612395079,-0.2981628596404938,-0.23172389399522997,-1.0295100356030196,-0.7499173583195892,0.02973001515297069,0.4136456141475884,0.0010173392688795978,0.0006591469659097327,-0.29194198172178787,0.09282946580101514,5.432810621137117e-05,0.0001417521116894107,0.5774908402877297,-0.3954087251525642
2047-12-01,273,0.017756492112614843,0.01855305963199035,0.020296919452052323,-0.002083337194645496,0.028205521772564288,3.623408102699084,3.5010413267341405,4.792006968882926,-0.12794264351429496,1.1876753508269562,-0.04877842480983485,2.533418940276502,0.8721262036939452,64.47056945181957,75.14344115714994,0.02294339402242158,0.2883903189431127,-1.0909193951668152,0.0009572923252397859,0.00016175059629939357,0.0005670775984042281,-0.0008130201754098994,0.01810983568429947,14.57025145735297,2127060.3293194193,1.4375209686351937,2.1547407814705495,1.2249318604273132,2.3283741641591766,4.406654545904665,3.1184493227044863,5.554836555771358,1.4919362153929536,64.67298040620462,67.29090526938774,-0.0031297607302728236,-0.041912585456792883,71.72227243021027,68.58354985274329,0.047700227711951815,0.09564817392059011,0.2950335655240249,0.27992325809666285,-0.022516917928008584,0.03024779328456506,0.7724317830434781,-1.0890022798316228,-1.165636171792653,1.5984592877037873,-0.44880824596617996,-0.2569874253519018,1.7093468169210513,-1.0398213373214236,-1.0285362948741419,2.0598986539335566,0.08806349910319122,0.22987552588508042,0.7974985451877081,-0.41544002036022687,0.09357717196671733,2.9398998652189934,-0.1777417392369668,0.23249371366911364,3.7651603168114414,0.12268661903341438,-0.07014813921681096,5.24003596460382,-0.13732709850767222,-0.08550112990584557,0.01861041784286499,-0.005506621673703194,0.01776399907665117,0.020709628041143756,-0.00042259425954338514,-0.14259724620171477,0.018914952471732124,0.01896064847244276,-0.019132632782589032,-0.021496566483197865,0.020308056705591805,0.02025958687978211,-0.0005484155230084387,0.0018427114280137324,-0.002087226667655753,-0.002085653018266659,-0.001863464601391529,-0.0011103590102861105,0.02299476240818921,0.02543648594015349,0.22660635808610707,0.10886078520931441,0.014055119054249462,0.014748848553267394,0.6323870280902968,0.5556057776007743,0.001989204801165049,0.0012020737480869961,-0.7149224664689635,-0.5282505758846439,-0.0010659328613471287,-0.0011191042632017509,-0.23726887040296107,-0.27350810631008293,-1.0601173845616327,-0.7719711640841761,0.029055282984458808,0.41316080952456513,0.0007203352266394932,0.0005438482969067578,0.32895392289190784,0.7602194043533295,8.570208991861693e-05,0.00013365434549139938,0.8873588316573449,0.21021576743123682
2048-01-01,274,0.015103301246100029,0.018931268090638147,0.020252642642032487,-0.0020832813256016634,0.027538444242523268,2.96119313046732,3.3182807284432387,4.617817620029342,0.7157691187755042,1.2737159307890742,0.07505245650338166,2.345195859428375,-0.0260213756564186,63.85269616275768,70.32721972690432,0.02272038835837948,0.2838289844468448,-1.1225092579584648,0.0011323536037275478,0.00011026390046336168,0.0021602695198551995,-0.001178835704016547,0.01784360781311989,14.58809506516609,2165355.404711329,-0.12794264351429496,1.1876753508269562,-0.04877842480983485,2.533418940276502,3.623408102699084,3.5010413267341405,4.792006968882926,0.8721262036939452,64.47056945181957,63.08021017759023,-0.009583803808707492,0.012246090857856329,75.14344115714994,76.67259438757712,-0.06409370340351195,-0.08275935764736442,0.2883903189431127,0.2919382134695091,-0.015816531265626987,-0.027777209863316665,1.0684475825836819,-6.594453101131459,-0.33008494712987524,0.8590591763716231,0.07244452779306187,0.48268706722722143,2.105128832511408,-2.538640429574703,-0.964347808388599,1.8847197545130796,-0.07429607391645388,0.24432072928224824,0.8829488745447661,-1.0298367088916758,-1.029470987966132,2.67048689113472,-0.18276025042237964,0.1088588902262222,3.6012259121988337,-0.05220178262259634,-0.07856912913936975,5.92398275798686,-0.036349978200092004,-0.2204876670507715,0.01810983568429947,0.016119403764605522,0.017756492112614843,0.017841901598350137,-0.1494208906628519,-0.15349262729390623,0.01855305963199035,0.018819060312490712,0.02038523381855928,0.005962453825229419,0.020296919452052323,0.020185460883554655,-0.0021814546845116967,0.003328225145087682,-0.002083337194645496,-0.0020884924415135384,-2.681709133611765e-05,-0.0024951567016916476,0.028205521772564288,0.027900690371626933,-0.023650600595869542,-0.012983410957889574,0.02294339402242158,0.0231312169787109,-0.009719820172384597,-0.017760787109019405,0.0005670775984042281,0.0018164364896684914,2.809477796220935,0.18928987175844458,-0.0008130201754098994,-0.0016463853780752033,0.44994643389041933,-0.2839855602977177,-1.0909193951668152,-0.7942366737466585,0.028957100709369188,0.4133183408205561,0.0009572923252397859,0.001234368123088543,0.18287128588846868,-0.08264513434269694,0.00016175059629939357,7.570187468880157e-05,-0.318309156281144,0.456554423739691
2048-02-01,275,0.01753177498641856,0.018895757002898694,0.02049177818749895,-0.002087645791422658,0.025227619522752324,4.604865499509292,2.868800839584165,4.998888746906289,1.8985797870264158,0.937464753054014,0.9548300671927946,1.5083586579992838,0.8384866181545149,61.366066890605246,78.88567661256836,0.01523900726709354,0.31125250088942197,-1.1553913890852325,0.0012800382033846705,0.00020325147744031962,0.0026347925022850286,-0.002972817493390039,-0.014538760297000408,14.57355630486909,2134101.56806689,0.7157691187755042,1.2737159307890742,0.07505245650338166,2.345195859428375,2.96119313046732,3.3182807284432387,4.617817620029342,-0.0260213756564186,63.85269616275768,68.45090453791896,-0.0389432149554676,-0.10350246932659601,70.32721972690432,74.9187219484736,0.12169479923845095,0.052950111279568945,0.2838289844468448,0.300202463835755,0.0966198589478906,0.036808615467302186,1.386494434256989,1.6525030728824888,0.36933819575254856,1.0571061320211204,-0.2639922839991101,-0.11317820921004362,0.9918069640000644,11.72216942225965,-0.037282352463162804,1.628961046450255,-0.35683041058799425,-0.07403638577716853,0.9248998660363327,-33.222993481426045,-0.09342984149423939,3.143687591984169,0.5550709786978927,0.46479742810667957,3.2223071441709763,-0.13545565479324162,-0.10970596183740267,5.657043709496627,0.08252190931579606,-0.11634256272149279,0.01784360781311989,0.023207928985357285,0.015103301246100029,0.01806484347208139,0.1607909225107731,-0.029508613594502853,0.018931268090638147,0.01904489654588787,-0.0018757902307143803,-0.007830945294442948,0.020252642642032487,0.020338045314892923,0.011807621834503568,0.007558881408010754,-0.0020832813256016634,-0.002088642434521304,0.0020949958929497026,-0.0004771726755012917,0.027538444242523268,0.026053166181031165,-0.08391268219149073,-0.031686999289933016,0.02272038835837948,0.0049144253013314945,-0.3292805111109265,2.100872702849862,0.0021602695198551995,0.0015419717225805144,0.21965915737293562,0.7087164853293555,-0.001178835704016547,-0.0017753632785959816,1.5218251222464758,0.674484050239591,-1.1225092579584648,-0.817564436867243,0.029293416418294305,0.41321140815821256,0.0011323536037275478,0.000992958520731104,0.13042268702193893,0.2891154833357923,0.00011026390046336168,0.00010752808804484055,0.8433184078034288,0.8902175341903338
2048-03-01,276,0.02256572620349697,0.01882745259378485,0.020164397071111055,-0.002126800413371382,0.030467892973038445,2.808153254011143,3.4920743378551955,5.772231740585316,0.4083043314845336,1.8459146224896927,1.6860682741196282,1.9620469816994652,0.9491851718034834,60.96067100431031,66.03536553802775,0.022715431051232506,0.2817511412715138,-1.189193912807268,0.0009040309290643327,0.00013375775463806455,0.0011193736825282396,-0.0005992844502774985,-0.014680632390081882,14.558875672479008,2103000.458021192,1.8985797870264158,0.937464753054014,0.9548300671927946,1.5083586579992838,4.604865499509292,2.868800839584165,4.998888746906289,0.8384866181545149,61.366066890605246,63.27091947701195,-0.006606189818513464,-0.03651359094822404,78.88567661256836,70.3327624082132,-0.16289790018094685,-0.06110092541571521,0.31125250088942197,0.26935574740087165,-0.09478272313830838,0.046018672295841334,0.7463839836431669,-0.784942231938524,-0.45295673482761023,0.040948772362562225,0.9690496271739153,44.07863156789864,1.6324076518054014,0.7658307295209899,0.032872072276112885,2.3869844960187216,0.3007827888242194,-0.17802273748657127,0.9428345682701698,0.13202184895044944,0.006735649865877491,4.308766197078777,-0.3901769217123957,-0.34826975389962145,3.139248100691821,0.21725924284147036,0.11239195687834269,3.78160590588152,0.1547029815691805,0.5263969552215322,-0.014538760297000408,0.00033005792647600174,0.01753177498641856,0.019445931611707268,0.28713300398722263,0.16043430852710894,0.018895757002898694,0.018943223208845558,-0.003614801413003299,-0.006111452828505448,0.02049177818749895,0.020546688998888805,-0.015976218041810264,-0.018606011304226455,-0.002087645791422658,-0.0020853922979424564,0.018755395244536066,0.019856271393051905,0.025227619522752324,0.028827831925162844,0.20771969569146287,0.05689158491464785,0.01523900726709354,0.01619676733750588,0.49061094683531214,0.4024669600971389,0.0026347925022850286,0.0016099790841853008,-0.5751567982839405,-0.30472781073756794,-0.002972817493390039,-0.0012435774961293495,-0.7984119605021205,-0.5180964176798157,-1.1553913890852325,-0.8416032825309443,0.029256340354758992,0.4130100695793606,0.0012800382033846705,0.0015205956931396494,-0.2937469157764989,-0.4054758058680705,0.00020325147744031962,4.3470665783136144e-05,-0.3419100499412625,2.0769658625737923
2048-04-01,277,0.01797371286133331,0.018929605975753244,0.020221021762023006,-0.0020863566235167445,0.02729410889179281,3.7249500060634517,2.744457074883706,5.838809414143357,0.8307787449272073,1.7525352561400478,-0.28116900515726484,1.7128266157500323,0.5798561020767852,66.59831240784575,77.59778013836439,0.015371740493982333,0.2775427328937037,-1.2239775242935962,0.001082201085891165,0.0001210300402725356,0.0008626430637898033,-0.0010046456401960283,0.01951468735933304,14.578390359838341,2144442.907520475,0.4083043314845336,1.8459146224896927,1.6860682741196282,1.9620469816994652,2.808153254011143,3.4920743378551955,5.772231740585316,0.9491851718034834,60.96067100431031,62.26997773915754,0.09247997619870074,0.06950917321376204,66.03536553802775,67.29176908419544,0.1750942772275288,0.15315411073936946,0.2817511412715138,0.2980272199906371,-0.014936615194593328,-0.06873361130428601,0.7248530303436089,1.0347047064296864,0.14613405773220722,0.8382473630177929,-0.05058704514930312,1.0907137122754635,0.11262794008471921,-1.1667601540655734,-3.496440980326625,1.4409333572010194,-0.127020590370148,0.18869245908579657,0.9742650110049166,-0.38910117930409793,-0.4048271306811213,2.393518197343064,0.32647675148881694,0.5562655885375554,3.149930564938235,-0.21408973310421275,-0.12872458033451284,5.697984324224431,0.011534130393609177,0.024714895988783514,-0.014680632390081882,-0.011852080002427101,0.02256572620349697,0.01684633909547824,-0.2034950393686885,0.06692099449414934,0.01882745259378485,0.01906727629738154,0.005425767583773666,-0.007220240556707225,0.020164397071111055,0.020280538428165885,0.0028081519478246886,-0.0029346689366107626,-0.002126800413371382,-0.0020872343297971313,-0.019016260106197058,-0.00042051161570932916,0.030467892973038445,0.024663525637247188,-0.10416815117652445,0.10665884891059041,0.022715431051232506,0.010906168109735305,-0.32329082995111,0.40945383743542973,0.0011193736825282396,0.0021231188474254386,-0.22935202314081515,-0.5936906382627276,-0.0005992844502774985,-0.001679787267405549,0.6764086565750662,-0.40192091005207153,-1.189193912807268,-0.8663332771440244,0.02924973892963889,0.4128252447240519,0.0009040309290643327,0.0006456499676396824,0.1970841384942852,0.6761420895712154,0.00013375775463806455,6.649953540840923e-05,-0.09515496428576342,0.8200133208333766
2048-05-01,278,0.017978409604034642,0.018889190162111064,0.020169118028315232,-0.0020862360730856244,0.025508345236027706,3.4374829124818453,3.932747442450939,5.610472276716951,1.453708426238334,0.6098315224171889,1.0650314257085671,2.7568215076799425,0.7694042609555527,63.07986020986562,72.04571763106671,0.01729012949408069,0.30048433801882346,-1.2595271157749335,0.0012315830120457893,2.4743728327655907e-05,0.0026681985607154724,-0.001908707716565792,0.008852759376168251,14.58724311921451,2163511.424537805,0.8307787449272073,1.7525352561400478,-0.28116900515726484,1.7128266157500323,3.7249500060634517,2.744457074883706,5.838809414143357,0.5798561020767852,66.59831240784575,62.35689724577355,-0.05283095127746262,0.011593953452215366,77.59778013836439,72.33940977797258,-0.07154924402989116,-0.004059919037317061,0.2775427328937037,0.27722337604297653,0.08265972193156368,0.08390692844113157,1.2044747519018202,0.7498141774988571,0.20692312059093254,1.0207980473904574,-0.6520289561761283,-0.40259336900560605,1.04292325784581,-4.78786923940236,0.021198269092610023,2.500662957399183,0.6095158040691431,0.10243625576282267,0.5509481321202263,0.3268882714174961,0.39650942820086654,2.2415105231222396,-0.07717340987494303,0.5335564464331466,2.8871730094210553,0.4329783032287309,0.36214471028168327,5.456322149436279,-0.03910679750452284,0.028251654330307296,0.01951468735933304,0.017458554357290268,0.01797371286133331,0.01758172502770992,0.0002613117688909927,0.02256232398695368,0.018929605975753244,0.019162887164490564,-0.0021350583680372903,-0.014282660020389248,0.020221021762023006,0.020394078239600884,-0.0025668205256201837,-0.011030663344657965,-0.0020863566235167445,-0.002069680648668718,-5.7780357279879624e-05,0.007999023630797852,0.02729410889179281,0.027168231979657103,-0.06542670665104855,-0.06109660521421778,0.015371740493982333,0.02214109774041989,0.12479972588981458,-0.21909339379697823,0.0008626430637898033,0.001215034755297435,2.093050501088387,1.1959853815558628,-0.0010046456401960283,-0.0018160577878549614,0.8998815504672488,0.051017059771134354,-1.2239775242935962,-0.8918089906521072,0.029044317216408322,0.4123283449451929,0.001082201085891165,0.0012209362521146037,0.1380352765323758,0.008720160379172892,0.0001210300402725356,4.876533158075121e-05,-0.7955571338162166,-0.49259591751811604
2048-06-01,279,0.017293066505060725,0.018878486435586622,0.020148223143207616,-0.0020837563107079134,0.026695297101246088,4.087787666375191,3.1015712774707804,5.720180827862189,1.680517578044713,0.1564188463258449,1.0517814010830016,1.5001134541238788,1.536418068980745,66.0835053289289,75.96095293217007,0.014655629381638724,0.2808625901160106,-1.2966748430555686,0.0007555111054403895,6.248867750213924e-05,0.0013979524539870138,-0.0012631819224471997,-0.0016623259289190173,14.58558079328559,2159917.950988906,1.453708426238334,0.6098315224171889,1.0650314257085671,2.7568215076799425,3.4374829124818453,3.932747442450939,5.610472276716951,0.7694042609555527,63.07986020986562,58.86949665929158,0.04761654685140693,0.12254238746746116,72.04571763106671,71.27442448202466,0.0543437615702933,0.06575329768292071,0.30048433801882346,0.3023663172471029,-0.06530040145248328,-0.0711181302430548,0.38818281588897385,0.15602107528074138,3.329191064772343,2.7467547223649715,-0.743504819649454,-0.943053216564176,1.353887888976113,-0.012440970572065835,-0.22313995889392402,1.599076167342859,-0.4558539789591497,-0.06188742927950952,0.6929927196309316,0.9968931119157156,1.2170767822770174,4.1818007281320675,0.18918050516906537,-0.022481478164281254,4.137033517641917,-0.2113474554730519,-0.25029099613419215,5.318339378872604,0.01955424529954808,0.07555769204686746,0.008852759376168251,0.006671494338661432,0.017978409604034642,0.01798346253906566,-0.0381203406790841,-0.03839060650890669,0.018889190162111064,0.01887739623867627,-0.0005666588367516656,5.775144498576523e-05,0.020169118028315232,0.02027773507138827,-0.0010359840761644534,-0.006386903060164428,-0.0020862360730856244,-0.0020865091999755178,-0.0011886298054675226,-0.0013193755712348487,0.025508345236027706,0.02960665638354695,0.04653190374505134,-0.09833461923511111,0.01729012949408069,0.03023608608456245,-0.1523701782189597,-0.5152934364371516,0.0026681985607154724,0.0028155922795053087,-0.4760688074083379,-0.5034961332424772,-0.001908707716565792,-0.0019315566817116661,-0.3382004423810069,-0.34602906846729453,-1.2595271157749335,-0.9176683374216686,0.029493392254425377,0.4130103330128807,0.0012315830120457893,0.000777943487626608,-0.38655283643007887,-0.02883549067896496,2.4743728327655907e-05,8.095194341148121e-05,1.5254349980999447,-0.22807687044018965
2048-07-01,280,0.01880508206169175,0.01901063610526687,0.020430975391699257,-0.002086285691839746,0.028116228394205505,4.2376425392631365,3.4351031207616183,5.604907504245586,0.9499089254417716,0.8881257811703331,2.212571317632211,2.5437982627837714,1.2144449749304456,61.927897036361614,73.16029729149656,0.007834264101594742,0.27856449580743964,-1.3344557935203534,0.0013132758651140735,-8.051128773170198e-05,0.001455352850485676,-0.0011230772884564327,-0.010455910116434097,14.575124883169156,2137451.70026213,1.680517578044713,0.1564188463258449,1.0517814010830016,1.5001134541238788,4.087787666375191,3.1015712774707804,5.720180827862189,1.536418068980745,66.0835053289289,66.6316964108238,-0.06288419889173325,-0.07059402098155343,75.96095293217007,73.2927259548419,-0.03686967491277238,-0.001806845926660361,0.2808625901160106,0.27851400857688724,-0.008182272717850214,0.00018127357690334023,0.4265492131377231,-0.4347521633501785,1.2269620859318464,0.3118586521222406,4.67786940021427,1.847847174117236,0.8423668736274611,1.1036417979572213,1.6266124498750485,1.7384041359157951,0.6957372495998597,0.46329510510724425,0.4719354381493351,-0.20956086142874863,1.5733286309093772,3.1244139443341763,0.03665916263718949,0.35629997009445336,3.1739721639537155,0.10753641088745858,0.08227260458472974,5.136112156470522,-0.020152041882159244,0.0912743595726333,-0.0016623259289190173,9.673608292359859e-05,0.017293066505060725,0.017626603178168554,0.08743478527585258,0.06685796869715666,0.018878486435586622,0.018885187058345663,0.00700001401760364,0.006642721966884979,0.020148223143207616,0.020095760137271768,0.014033607156418881,0.016680894484093933,-0.0020837563107079134,-0.002085384274853871,0.001213856495039467,0.00043225461932583364,0.026695297101246088,0.02886818729196278,0.053227775947587874,-0.026048012303378276,0.014655629381638724,0.02683365004666611,-0.4654433530224308,-0.7080432931051028,0.0013979524539870138,0.0010743060737281318,0.04106033530321729,0.3546910755472219,-0.0012631819224471997,-0.0011984393163471424,-0.11091405877574478,-0.06288347425083995,-1.2966748430555686,-0.9446376704187233,0.029136796065045267,0.4126641730567848,0.0007555111054403895,0.001135526415099445,0.7382614969617969,0.1565348437967089,6.248867750213924e-05,-3.999360689937144e-05,-2.288414012745681,1.0131039426945847
2048-08-01,281,0.017384298078334665,0.01893854613162882,0.0203845298488742,-0.0020558650300132398,0.020356921702254668,3.2580557380486854,3.4811512688385804,5.0120844566296245,0.7217163089473129,0.4547373713017687,1.0868250738773304,2.501423651847966,0.6241128005733423,65.58416386742418,76.90691602621033,0.02267127648911735,0.2724243018130667,-1.3734693419941053,0.0011225404031681829,0.00014038888311062288,0.00045727922246529325,-0.001165815426291015,-0.0057617672719061375,14.56936311589725,2125171.6124870037,0.9499089254417716,0.8881257811703331,2.212571317632211,2.5437982627837714,4.2376425392631365,3.4351031207616183,5.604907504245586,1.2144449749304456,61.927897036361614,58.64614780292296,0.05904070711323772,0.11830301433976587,73.16029729149656,71.56504029052714,0.05121109226478282,0.07464364882625918,0.27856449580743964,0.3005393512060063,-0.022042270593655933,-0.09354864605955704,1.8255591775580582,-0.2402257841596065,-0.6046601403999898,2.1662196702940344,-0.4879808908344764,-0.79007790505381,0.9562328297904242,-0.508795461092572,0.1365695048511646,1.4755864502597513,-0.01665800765562031,0.6952064390450547,1.2738512440465142,-0.4860921544765032,-0.5100583341342224,2.9535968480178925,-0.23116315077033056,0.10308072011761182,4.024836792972609,0.01340517197246549,-0.13508262622805156,6.009358551595029,-0.1057685692702175,-0.16595350175946877,-0.010455910116434097,0.011578992009162903,0.01880508206169175,0.017719340646625666,-0.07555319241341651,-0.018908297716755285,0.01901063610526687,0.019913678247146845,-0.0037920863478143607,-0.048967955764663396,0.020430975391699257,0.020405692763069975,-0.0022732905274766013,-0.0010371083423384997,-0.002086285691839746,-0.002102209796630238,-0.01458125411370692,-0.022045738104392476,0.028116228394205505,0.025844249577466515,-0.2759725302825452,-0.21232297183804572,0.007834264101594742,-0.0018159066362084461,1.8938616563235837,-13.484824955788607,0.001455352850485676,0.0016905687143426442,-0.6857949449766142,-0.7295116024650318,-0.0011230772884564327,-0.002317041899930093,0.038054493910496534,-0.496851815098299,-1.3344557935203534,-0.9717447379214647,0.029235549550002293,0.4134054843784578,0.0013132758651140735,0.0005531285894749735,-0.1452364023527707,1.0294384064177406,-8.051128773170198e-05,0.00011660053014518506,-2.743716776440822,0.20401582167609145
2048-09-01,282,0.020541369976457502,0.018822362914852647,0.020409720656883346,-0.0020353425215542823,0.03297022622136234,2.7227735166842537,3.191185707641776,5.540037551563435,2.024556823434689,0.9757626308030628,1.618823826020678,3.0204415676892644,0.3693384982576151,69.52691001833038,71.52658828520629,0.026407600903367634,0.28454073404023195,-1.4134108559279568,0.0011508354572419672,0.00015433739664945687,0.0011182041556219225,-0.00015853006413002935,0.010561173781752586,14.579924289679003,2147734.856651939,0.7217163089473129,0.4547373713017687,1.0868250738773304,2.501423651847966,3.2580557380486854,3.4811512688385804,5.0120844566296245,0.6241128005733423,65.58416386742418,60.754618692332286,0.060117350262729685,0.1443888796409356,76.90691602621033,65.65870264069731,-0.06995895842670885,0.0893695033333155,0.2724243018130667,0.30614109365998854,0.04447632662184198,-0.07055687742380234,0.3799179265578084,1.8051975524672352,4.328932071665831,1.7093011446161597,1.145771806723877,-0.4291452773687928,1.0000712247429835,0.48949804796589924,0.6187085339213843,1.8721268064878145,0.20748900949180116,0.6133744558445455,0.16170810547773995,-0.4082183574534577,1.2839825942333896,3.9224700145386002,-0.16429498584484714,-0.30585230566650146,4.098410082409152,-0.08329588081748196,-0.2213600778168313,5.832753169206948,0.10533603324171281,-0.050184811383560124,-0.0057617672719061375,0.005161029286682606,0.017384298078334665,0.01815978158159591,0.18160479554002618,0.13114631275495192,0.01893854613162882,0.018924812314283293,-0.006134748463195727,-0.0054134961937415405,0.0203845298488742,0.020134712705178665,0.0012357806726916998,0.013658399587392678,-0.0020558650300132398,-0.0021023631062436726,-0.009982420129411529,-0.03187869140699351,0.020356921702254668,0.030318392160564398,0.6196076550076166,0.08746618378553817,0.02267127648911735,0.039704911638863236,0.16480432480472773,-0.3349034209279078,0.00045727922246529325,0.002212841396149811,1.4453421469565946,-0.49467496515226106,-0.001165815426291015,-0.0021425019329696362,-0.8640178706209224,-0.9260070379911877,-1.3734693419941053,-1.0003422081842244,0.029080746626540144,0.4129273406282794,0.0011225404031681829,0.0007375636166874931,0.025206267849180453,0.5603202641835003,0.00014038888311062288,8.560274569940529e-05,0.09935625406922655,0.8029491389378309
2048-10-01,283,0.01776190006449774,0.018883769143622116,0.020335133768491814,-0.002088516721946237,0.028526279674181393,3.5305419971437857,3.619433462753429,5.746802615109276,2.2896034958095033,1.822607840858616,1.443923174772524,1.8834136137542732,0.8425893958259111,67.02096684636189,68.90608812803967,0.025900986560899685,0.29027532116011157,-1.4552906362801472,0.0009142656232405186,9.06210528343278e-05,0.0014912693254787686,-0.000676547589191296,-0.008621828630566597,14.571302461048436,2129297.052782433,2.024556823434689,0.9757626308030628,1.618823826020678,3.0204415676892644,2.7227735166842537,3.191185707641776,5.540037551563435,0.3693384982576151,69.52691001833038,57.78143543618047,-0.03604278072055578,0.15990484383840653,71.52658828520629,71.40868239651972,-0.036636727963559435,-0.03504607821474137,0.28454073404023195,0.3034021230134198,0.020153835405052334,-0.043265359262919856,1.5782825358095547,0.13091589690486383,0.4506930437743759,1.1748772210864304,0.8678803464307612,0.5513177106057237,1.504044618997388,-0.10804180691983456,-0.039973178631456774,2.550504736759632,-0.3764442808952779,-0.2615525912933161,1.4072101040030018,1.281347327183319,-0.4012341203143367,2.8463529406280985,0.2966711977730776,0.24037393492203707,3.837384930538568,0.13419706477318116,-0.056796873842559825,4.940872012439911,0.03732196065846005,0.16311505350477162,0.010561173781752586,-0.00973612628877163,0.020541369976457502,0.01765703867668508,-0.1353108344353524,0.0059387867769200575,0.018822362914852647,0.018819143524171023,0.003262408075290768,0.003434036164721821,0.020409720656883346,0.020146340794300915,-0.003654478649925963,0.009371080143958599,-0.0020353425215542823,-0.0020857978541599068,0.026125430893738866,0.0013035145188724506,0.03297022622136234,0.020568642699314216,-0.13478665621959218,0.38688196840195466,0.026407600903367634,0.02396516268456852,-0.019184413772450726,0.08077657981339992,0.0011182041556219225,0.0018907379811604478,0.33362885299720135,-0.21127658071188882,-0.00015853006413002935,-0.0015187752258324768,3.2676295685869334,-0.5545439656348989,-1.4134108559279568,-1.0295100356030196,0.029630294812398983,0.4135759593909478,0.0011508354572419672,0.0010173392688795978,-0.20556356037934354,-0.10131688492924773,0.00015433739664945687,5.432810621137117e-05,-0.412838010737259,0.6680326106298238
2048-11-01,284,0.01808657733878456,0.018961099011049348,0.020371537988884605,-0.0020882822671166356,0.02355836862344052,2.801662418259375,3.097725298807261,5.736354354966618,1.7834568035711444,0.6980159572955986,0.05757338289753067,2.4299796098933593,0.8888844356914553,63.54522201091548,77.95374137440125,0.0288026192656477,0.2948549928232323,-1.4973947440131579,0.001250457249698192,5.480496036601547e-05,0.002141015066843078,-0.0019308976977495669,0.008341075852513313,14.57964353690095,2147131.958761001,2.2896034958095033,1.822607840858616,1.443923174772524,1.8834136137542732,3.5305419971437857,3.619433462753429,5.746802615109276,0.8425893958259111,67.02096684636189,64.67298040620462,-0.05186055944871948,-0.017437860265690497,68.90608812803967,71.72227243021027,0.13130411973974554,0.08688331717674647,0.29027532116011157,0.2950335655240249,0.015776992838446136,-0.0006052623215104802,1.4375209686351937,-0.22106303260137516,0.2406475053121402,2.1547407814705495,-0.61702350793862,-0.676055717096874,1.2249318604273132,-0.9601271148608022,-0.9529987056770273,2.3283741641591766,0.2901996630732626,0.043637937277522854,1.4919362153929536,0.05494377225121072,-0.4042074811775137,4.406654545904665,-0.20644976875337429,-0.36422009279962586,3.1184493227044863,-0.14414083566252,-0.006645618303411149,5.554836555771358,-0.0018180997055976533,0.03267743296725212,-0.008621828630566597,0.01861041784286499,0.01776190006449774,0.01776399907665117,0.018279422421465963,0.018159101491813434,0.018883769143622116,0.018914952471732124,0.004095044100523193,0.0024396857135216,0.020335133768491814,0.020308056705591805,0.0017902129785445364,0.0031259161924301893,-0.002088516721946237,-0.002087226667655753,-0.00011225901480116374,0.0005057426091954476,0.028526279674181393,0.02299476240818921,-0.17415208388485504,0.02451019955094602,0.025900986560899685,0.014055119054249462,0.1120278834910613,1.0492618493287993,0.0014912693254787686,0.001989204801165049,0.43569979631661093,0.07631706176715247,-0.000676547589191296,-0.0010659328613471287,1.8540456408360644,0.8114627738460876,-1.4552906362801472,-1.0601173845616327,0.02893175196992437,0.41248013269053496,0.0009142656232405186,0.0007203352266394932,0.3677176718797295,0.7359379403556636,9.06210528343278e-05,8.570208991861693e-05,-0.395229269006517,-0.36051780746468964
2048-12-01,285,-0.05,0.01921526594256062,0.020169403189769508,-0.0020886305633843563,0.02189597792481991,5.200670760095248,3.7014863367925046,6.046746347346046,2.072030184907888,0.8167739621543662,1.3975246611737917,2.911208848622241,0.9746979128010912,65.6711684885957,71.88162953223001,0.02574890219912114,0.30748822121837216,-1.5413082520432995,0.0006980811398254555,-8.472110086429934e-05,0.0012043307990417806,-0.0016682794999662827,0.00594766391441226,14.585591200815362,2159940.4305162625,1.7834568035711444,0.6980159572955986,0.05757338289753067,2.4299796098933593,2.801662418259375,3.097725298807261,5.736354354966618,0.8888844356914553,63.54522201091548,64.47056945181957,0.033455646394862315,0.018622435740595744,77.95374137440125,75.14344115714994,-0.07789378335297226,-0.04340780212737927,0.2948549928232323,0.2883903189431127,0.04284556376060267,0.06622241115876948,-0.12794264351429496,0.1618056466290141,-17.194992756081213,1.1876753508269562,0.17013651853875222,-0.31229189728854634,-0.04877842480983485,23.273797905207545,-29.650467222385963,2.533418940276502,0.19803838549493058,0.149122556218241,0.8721262036939452,0.09654064540221396,0.11761108503872153,3.623408102699084,0.8562803020809109,0.43529809855568247,3.5010413267341405,0.194904641227456,0.057252968860366016,4.792006968882926,0.054109626632581564,0.26184005712237424,0.008341075852513313,0.01810983568429947,0.01808657733878456,0.017756492112614843,-3.7644810327259,-3.8158714955009736,0.018961099011049348,0.01855305963199035,0.013404651880313478,0.03569256627777184,0.020371537988884605,0.020296919452052323,-0.009922412300209627,-0.006282542657965795,-0.0020882822671166356,-0.002083337194645496,0.0001667860103038432,0.0025408122854355675,0.02355836862344052,0.028205521772564288,-0.07056476300173598,-0.22369888770792812,0.0288026192656477,0.02294339402242158,-0.10602220021595976,0.122279562211147,0.002141015066843078,0.0005670775984042281,-0.4374954115490818,1.1237495581394867,-0.0019308976977495669,-0.0008130201754098994,-0.13600834373015303,1.0519533837216133,-1.4973947440131579,-1.0909193951668152,0.02932660756671912,0.4128525525092659,0.001250457249698192,0.0009572923252397859,-0.44173929976899007,-0.27077537193187284,5.480496036601547e-05,0.00016175059629939357,-2.545865562140518,-1.5237761269670012
2049-01-01,286,0.017845143849801383,0.018910959904468463,0.020371537988884605,-0.0020871685418511186,0.027098494656095706,3.322086186548984,2.6521788830169313,5.701803721383666,0.56899010873752,1.0404901205262724,1.4818842315030432,1.7743211218728703,0.7657294181831593,64.15306105787721,73.65549201208096,0.016262965485242795,0.2985039839839944,-1.5862283898535419,0.0008425725746836598,0.00010063010353187835,0.0012805757172994472,-0.0011882503783998228,0.008333011530339718,14.593924212345701,2178014.4399061617,2.072030184907888,0.8167739621543662,1.3975246611737917,2.911208848622241,5.200670760095248,3.7014863367925046,6.046746347346046,0.9746979128010912,65.6711684885957,63.85269616275768,-0.023116802482083365,0.004704028383608394,71.88162953223001,70.32721972690432,0.024677549624213757,0.04732552058933992,0.30748822121837216,0.2838289844468448,-0.029218150857223568,0.05170366784685432,0.7157691187755042,-0.7253948746104708,-0.2050647425095471,1.2737159307890742,0.27390216723096894,-0.1831066131977458,0.07505245650338166,0.06036356471763238,18.744646618412464,2.345195859428375,-0.3905208406079881,-0.243423053669663,-0.0260213756564186,-0.2143930872052422,-30.42693838687501,2.96119313046732,-0.3612196695781331,0.12187420414037975,3.3182807284432387,-0.28348273053058004,-0.20073703822485423,4.617817620029342,-0.05704598905720226,0.23473991191263965,0.00594766391441226,0.01784360781311989,-0.05,0.015103301246100029,-1.3569028769960276,0.1815392912466307,0.01921526594256062,0.018931268090638147,-0.015836681053585377,-0.0010727324800670068,0.020169403189769508,0.020252642642032487,0.010021853260270275,0.005870609033774343,-0.0020886305633843563,-0.0020832813256016634,-0.0006999904908355781,0.0018659103797862286,0.02189597792481991,0.027538444242523268,0.23760147864318726,-0.01597583300469152,0.02574890219912114,0.02272038835837948,-0.36840159788257376,-0.28421269792050585,0.0012043307990417806,0.0021602695198551995,0.06330894993163882,-0.40721483799610203,-0.0016682794999662827,-0.001178835704016547,-0.28773902788840944,0.007986417743539809,-1.5413082520432995,-1.1225092579584648,0.029144162272985996,0.41310940520744976,0.0006980811398254555,0.0011323536037275478,0.20698372526484832,-0.2559103694199143,-8.472110086429934e-05,0.00011026390046336168,-2.187780877553291,-0.08737036229445228
2049-02-01,287,0.017695975259045697,0.0188669574105714,0.0204341041639624,-0.002084516647803835,0.019906957907444362,2.98193946813703,3.391977047107619,5.520838945041221,0.5295939319837409,1.5137951389267603,1.602611544363313,1.2743829518318415,1.1740235160810601,64.98193462696658,77.24310010255381,0.029276257342327208,0.28924852875251106,-1.632716076179255,0.0010472106448830467,0.00022110322706642821,0.0020895342982895047,-0.002853159693028286,-0.0140940360724926,14.579830176273209,2147532.7355211405,0.56899010873752,1.0404901205262724,1.4818842315030432,1.7743211218728703,3.322086186548984,2.6521788830169313,5.701803721383666,0.7657294181831593,64.15306105787721,61.366066890605246,0.012920249718740395,0.058922918146395054,73.65549201208096,78.88567661256836,0.048707950927602495,-0.020822240241175183,0.2985039839839944,0.31125250088942197,-0.03100613636024241,-0.07069492477661476,1.8985797870264158,-0.06923877260571654,-0.7210578477646183,0.937464753054014,0.4548866049406539,0.6147755251546401,0.9548300671927946,0.08146878838019544,0.6784259308831773,1.5083586579992838,-0.28176307201557915,-0.15511941070951407,0.8384866181545149,0.5332093663929711,0.4001696516815647,4.604865499509292,-0.10238949241870865,-0.3524372278723896,2.868800839584165,0.2789397686664128,0.1823675594013312,4.998888746906289,-0.03173816307702182,0.10441324553541143,0.008333011530339718,-0.014538760297000408,0.017845143849801383,0.01753177498641856,-0.008359057904559597,0.009365866990326932,0.018910959904468463,0.018895757002898694,-0.0023268249797656626,-0.001524130116770439,0.020371537988884605,0.02049177818749895,0.0030712543702853257,-0.0028144957947930926,-0.0020871685418511186,-0.002087645791422658,-0.0012705701499944322,-0.001498886272603861,0.027098494656095706,0.025227619522752324,-0.26538510127290904,-0.2109062097796962,0.016262965485242795,0.01523900726709354,0.8001795163921874,0.9211394042409249,0.0012805757172994472,0.0026347925022850286,0.6317147592772074,-0.20694540595612276,-0.0011882503783998228,-0.002972817493390039,1.4011435173036015,-0.040250637863847416,-1.5862283898535419,-1.1553913890852325,0.02930705730844063,0.4131281326857894,0.0008425725746836598,0.0012800382033846705,0.24287293029471968,-0.18189110128586972,0.00010063010353187835,0.00020325147744031962,1.197187713280902,0.08783084802594066
2049-03-01,288,0.017652719741942824,0.018884844544752158,0.020656122141553795,-0.0020876312143903223,0.02924659697040493,3.328714946361101,4.282724219235453,5.87107101040156,1.4148512428101196,-0.5185030782062846,3.689865566868413,1.120692335626047,1.7053875665042404,63.85952919394559,69.1333885036383,0.008931828948660002,0.28862583679453047,-1.6803416038901868,0.0009653018707247355,9.190241198714911e-05,0.002482989365619393,-0.0021177915253020522,-0.005799384787678719,14.57403079148553,2135114.4109702604,0.5295939319837409,1.5137951389267603,1.602611544363313,1.2743829518318415,2.98193946813703,3.391977047107619,5.520838945041221,1.1740235160810601,64.98193462696658,60.96067100431031,-0.017272576439347875,0.047552924563942334,77.24310010255381,66.03536553802775,-0.1049894629830812,0.04691460311257756,0.28924852875251106,0.2817511412715138,-0.0021527921357670232,0.024399885274614563,0.4083043314845336,1.6715775188556297,2.465187933877487,1.8459146224896927,-1.3425186571638017,-1.2808922318990839,1.6860682741196282,1.3024079539713571,1.1884437442458,1.9620469816994652,-0.12060002527880209,-0.4288147296782172,0.9491851718034834,0.45260085777233483,0.7966858492573661,2.808153254011143,0.11629192407474309,0.18537510073796426,3.4920743378551955,0.2626041272559274,0.22641267192091563,5.772231740585316,0.06343819641304971,0.017123233137244398,-0.0140940360724926,-0.014680632390081882,0.017695975259045697,0.02256572620349697,-0.0024443703423897567,-0.2177198472253371,0.0188669574105714,0.01882745259378485,0.0009480667068626492,0.00304831206884848,0.0204341041639624,0.020164397071111055,0.01086507026733008,0.02438580576987448,-0.002084516647803835,-0.002126800413371382,0.0014941433016466554,-0.018416960394966875,0.019906957907444362,0.030467892973038445,0.4691645557490196,-0.04008468861677639,0.029276257342327208,0.022715431051232506,-0.6949121998683047,-0.6067946530041579,0.0020895342982895047,0.0011193736825282396,0.18829797034294726,1.2181952321866851,-0.002853159693028286,-0.0005992844502774985,-0.2577381734093295,2.533866971387977,-1.632716076179255,-1.189193912807268,0.029169509877296607,0.41300891788412564,0.0010472106448830467,0.0009040309290643327,-0.0782161397599801,0.06777527149852913,0.00022110322706642821,0.00013375775463806455,-0.5843461300565371,-0.31291899870906115
2049-04-01,289,0.017718495272326523,0.01888680667558449,0.020328291386196667,-0.002084492066465462,0.02674549627430617,2.3725657371991873,2.825890528841841,5.317983060159019,1.4000309775231328,0.6023549352602773,0.0928752865144904,2.4363628136062188,1.2744602388770225,64.41653076136431,75.00206831748886,0.012851917485462886,0.2983177712652392,-1.72941895857957,0.001053063830999077,9.52335825452525e-05,0.0011335351008353641,-0.0020547307867646975,-0.002839332912117243,14.571191458573413,2129060.7086571488,1.4148512428101196,-0.5185030782062846,3.689865566868413,1.120692335626047,3.328714946361101,4.282724219235453,5.87107101040156,1.7053875665042404,63.85952919394559,66.59831240784575,0.008722293672524195,-0.03276031430226467,69.1333885036383,77.59778013836439,0.08488922560973133,-0.03345085150950344,0.28862583679453047,0.2775427328937037,0.03357958032568065,0.07485347627347938,0.8307787449272073,-0.010474786916504053,0.6852031736148996,1.7525352561400478,-2.1617191113774497,-0.6562951112396097,-0.28116900515726484,-0.9748296286595304,-1.3303183665729548,1.7128266157500323,1.1739800801307392,0.4224223229619515,0.5798561020767852,-0.25268586219996136,1.197890535794098,3.7249500060634517,-0.2872427421900938,-0.36306105227261076,2.744457074883706,-0.34016518828141684,0.02967197217379902,5.838809414143357,-0.09420563118086223,-0.08920077999510312,-0.005799384787678719,0.01951468735933304,0.017652719741942824,0.01797371286133331,0.003726084781565886,-0.014199491834312905,0.018884844544752158,0.018929605975753244,0.00010389976087354924,-0.002260971529126188,0.020656122141553795,0.020221021762023006,-0.01587087610687743,0.0053048567691629245,-0.0020876312143903223,-0.0020863566235167445,-0.0015036889193943415,-0.0008936904795018297,0.02924659697040493,0.02729410889179281,-0.08551766547847128,-0.020100037691708872,0.008931828948660002,0.015371740493982333,0.4388897905832596,-0.16392567969163263,0.002482989365619393,0.0008626430637898033,-0.5434796795625427,0.3140256363454259,-0.0021177915253020522,-0.0010046456401960283,-0.029776650715589548,1.0452293869147478,-1.6803416038901868,-1.2239775242935962,0.029206772346624943,0.41294993106812417,0.0009653018707247355,0.001082201085891165,0.09091659607833447,-0.026924067321642098,9.190241198714911e-05,0.0001210300402725356,0.036246824061257454,-0.21314094971128328
2049-05-01,290,0.015262866481880587,0.018816878558497393,0.020372509456815784,-0.0020861989706089335,0.022963778595499446,2.6166332643884154,2.9796682027293824,4.869758883245113,2.0641618161678874,1.096287967453982,2.335076163339024,1.100705592621138,0.9546174222229674,65.69563128009561,70.66973461039623,0.012580686900900251,0.3088538919734355,-1.7796064358686439,0.0008710738962413439,0.00016338984673876992,0.0025594971965125796,-0.002084839703470904,-0.004911073949187994,14.566280384624225,2118630.367127708,1.4000309775231328,0.6023549352602773,0.0928752865144904,2.4363628136062188,2.3725657371991873,2.825890528841841,5.317983060159019,1.2744602388770225,64.41653076136431,63.07986020986562,0.019856712300602153,0.041467610446937586,75.00206831748886,72.04571763106671,-0.05776285646888524,-0.019098748210360506,0.2983177712652392,0.30048433801882346,0.03531844805460316,0.027853544746441194,1.453708426238334,0.4743686741986972,0.41992835627236724,0.6098315224171889,0.8200032958645496,0.7976898982011065,1.0650314257085671,24.142061478052135,1.192495082279374,2.7568215076799425,-0.5482177012085026,-0.6007338198883037,0.7694042609555527,-0.2509633544439812,0.24072281720586175,3.4374829124818453,0.1028707122262289,-0.23879381192349858,3.932747442450939,0.05441742074508649,-0.2423443797671343,5.610472276716951,-0.08428461915794505,-0.13202335862985104,-0.002839332912117243,0.008852759376168251,0.017718495272326523,0.017978409604034642,-0.1385912715895936,-0.15104467981109093,0.01888680667558449,0.018889190162111064,-0.0037024849297311313,-0.003828200308910956,0.020328291386196667,0.020169118028315232,0.0021751985830515963,0.010084299581915923,-0.002084492066465462,-0.0020862360730856244,0.0008188585463728693,-1.7784409525600786e-05,0.02674549627430617,0.025508345236027706,-0.1413964295154897,-0.09975428107874051,0.012851917485462886,0.01729012949408069,-0.0211042892914175,-0.27237752006384486,0.0011335351008353641,0.0026681985607154724,1.257977891135745,-0.040739608289776075,-0.0020547307867646975,-0.001908707716565792,0.014653460638322846,0.0922781342457264,-1.72941895857957,-1.2595271157749335,0.029019849146498577,0.4129163346941742,0.001053063830999077,0.0012315830120457893,-0.17281947152726074,-0.2927201108479093,9.52335825452525e-05,2.4743728327655907e-05,0.7156746850422366,5.603283247179453
2049-06-01,291,0.017979490610494614,0.018734385549307002,0.02029116185254398,-0.0020861205760283347,0.02192837173214984,3.9767589311263936,3.579324360112642,5.242659455075875,1.5175690168215372,1.7477006276531162,1.1294983079806282,1.8601913303163824,0.9137304398169166,61.52905003338955,72.33575837515284,0.031431928972174915,0.29345115231533686,-1.8318776111371737,0.0010302619352956545,0.00012609207031703573,0.0019526152451137231,-0.0018382189023616615,0.021885665133595467,14.58816604975782,2165509.1170362215,2.0641618161678874,1.096287967453982,2.335076163339024,1.100705592621138,2.6166332643884154,2.9796682027293824,4.869758883245113,0.9546174222229674,65.69563128009561,66.0835053289289,-0.06342250109359171,-0.06891969899099115,70.66973461039623,75.96095293217007,0.02357478450911743,-0.047724448115525675,0.3088538919734355,0.2808625901160106,-0.049870634815971204,0.0448210713791628,1.680517578044713,-0.26480133246583293,-0.09696331853473794,0.1564188463258449,0.5941984948644234,10.173210061992036,1.0517814010830016,-0.5162905922668017,0.07389074081135383,1.5001134541238788,0.6899989813685437,0.24003376224820427,1.536418068980745,-0.04283075235610034,-0.40528528122356533,4.087787666375191,0.5197998837853495,-0.027161081815008092,3.1015712774707804,0.20124930582337108,0.1540358224594638,5.720180827862189,0.07657475057209995,-0.08348011840121805,-0.004911073949187994,-0.0016623259289190173,0.015262866481880587,0.017293066505060725,0.17798911704030718,0.03969360235982489,0.018816878558497393,0.018878486435586622,-0.00438399009346524,-0.007633074122297523,0.020372509456815784,0.020148223143207616,-0.003993008541448462,0.00709435806425196,-0.0020861989706089335,-0.0020837563107079134,-3.7577710325420455e-05,0.0011346169934900452,0.022963778595499446,0.026695297101246088,-0.045088697360656904,-0.17856798337987922,0.012580686900900251,0.014655629381638724,1.4984270906484212,1.1447000434900696,0.0025594971965125796,0.0013979524539870138,-0.23710983244121464,0.39676799417947994,-0.002084839703470904,-0.0012631819224471997,-0.11829245226799012,0.45522894976237915,-1.7796064358686439,-1.2966748430555686,0.029372323124362998,0.41275017476271736,0.0008710738962413439,0.0007555111054403895,0.1827491786187163,0.36366219884367146,0.00016338984673876992,6.248867750213924e-05,-0.22827475003000908,1.0178386766581689
2049-07-01,292,0.018689859427019766,0.019041488295983733,0.020311628014274347,-0.002086461317673169,0.030467893639975284,2.834927214394379,3.4296845615191085,4.949272543572556,0.13631890548076786,0.7310730212539962,1.5812515055714012,2.3420459089839016,0.8198848778218897,61.488291041599766,73.1600215722875,0.029556680729296105,0.28491697362118007,-1.8856456151455985,0.0012084097014913695,0.00011958509449783547,0.0023385651500352584,-0.0017871454034295948,-0.0008462377591058612,14.587319811998714,2163677.3566154274,1.5175690168215372,1.7477006276531162,1.1294983079806282,1.8601913303163824,3.9767589311263936,3.579324360112642,5.242659455075875,0.9137304398169166,61.52905003338955,61.927897036361614,-0.0006624349273662844,-0.007098674681359385,72.33575837515284,73.16029729149656,0.011394961712571261,-3.7686999542208e-06,0.29345115231533686,0.27856449580743964,-0.029082110009866713,0.022804334038791563,0.9499089254417716,-0.9101728461969525,-0.8564926575278042,0.8881257811703331,-0.5816943647633114,-0.17683616808125946,2.212571317632211,0.39995916275292087,-0.28533309052221567,2.5437982627837714,0.2590349556061877,-0.07931145985573751,1.2144449749304456,-0.10270595999169152,-0.32488923356214916,4.2376425392631365,-0.28712620918376797,-0.33101313097368257,3.4351031207616183,-0.04180671644657108,-0.001577408028818783,5.604907504245586,-0.05596146650709222,-0.11697516153056964,0.021885665133595467,-0.010455910116434097,0.017979490610494614,0.01880508206169175,0.0395099523070197,-0.0061272072248333975,0.018734385549307002,0.01901063610526687,0.0163924643201383,0.0016228910251097073,0.02029116185254398,0.020430975391699257,0.00100862443851657,-0.005841491908085694,-0.0020861205760283347,-0.002086285691839746,0.00016333746416652417,8.418110429930792e-05,0.02192837173214984,0.028116228394205505,0.38942799821773355,0.08364085014526479,0.031431928972174915,0.007834264101594742,-0.05966061594688865,2.7727450014455792,0.0019526152451137231,0.001455352850485676,0.19765793895512518,0.6068715908000175,-0.0018382189023616615,-0.0011230772884564327,-0.027784231174236007,0.5912933346607545,-1.8318776111371737,-1.3344557935203534,0.029351308013992883,0.4130446465904891,0.0010302619352956545,0.0013132758651140735,0.17291502295927486,-0.07985082678237998,0.00012609207031703573,-8.051128773170198e-05,-0.05160495662288389,-2.4853208521064043
2049-08-01,293,0.016528207793686783,0.01893122252713883,0.02044831126229238,-0.002127291308727447,0.02405965691212401,2.564608639444718,3.49905031931462,4.9777866888578775,1.824953775608721,-0.2636497801148193,1.2875976638990536,2.146230363131883,1.416145618053648,60.1620510220628,67.40383365120368,0.02594655817992739,0.27832868960730645,-1.9406980791501862,0.0011027090826937961,0.00010244716147060939,0.0017068523954858182,-0.001810745527684704,-0.020897801965475082,14.56642201003324,2118930.4402684923,0.13631890548076786,0.7310730212539962,1.5812515055714012,2.3420459089839016,2.834927214394379,3.4296845615191085,4.949272543572556,0.8198848778218897,61.488291041599766,65.58416386742418,-0.02156898487615644,-0.08267411712867101,73.1600215722875,76.90691602621033,-0.07867941803975931,-0.12356603106758224,0.28491697362118007,0.2724243018130667,-0.023123522372637817,0.021673498858010287,0.7217163089473129,12.387385771419572,1.528630367617129,0.4547373713017687,-1.3606339892868509,-1.5797847213658154,1.0868250738773304,-0.1857097625758356,0.1847331229720821,2.501423651847966,-0.08360875638726206,-0.14199645408073047,0.6241128005733423,0.7272493448297128,1.2690539542734958,3.2580557380486854,-0.09535291543892743,-0.2128407720302805,3.4811512688385804,0.020225112995460925,0.005141704308072592,5.0120844566296245,0.005761280073846686,-0.00684301473140192,-0.0008462377591058612,-0.0057617672719061375,0.018689859427019766,0.017384298078334665,-0.11565906323553743,-0.04924503024455107,0.019041488295983733,0.01893854613162882,-0.005790816722459624,-0.0003867036275693181,0.020311628014274347,0.0203845298488742,0.006729310320274351,0.003128912655383287,-0.002086461317673169,-0.0020558650300132398,0.019569014152542197,0.034742688684065604,0.030467893639975284,0.020356921702254668,-0.21032752718564607,0.18189072316661914,0.029556680729296105,0.02267127648911735,-0.12214235361653514,0.14446834047400192,0.0023385651500352584,0.00045727922246529325,-0.270128353935282,2.7326261759364443,-0.0017871454034295948,-0.001165815426291015,0.013205486363795371,0.5532008642615946,-1.8856456151455985,-1.3734693419941053,0.029195551678641962,0.4129897332346246,0.0012084097014913695,0.0011225404031681829,-0.0874708459118807,-0.017666464760124567,0.00011958509449783547,0.00014038888311062288,-0.14331161504025314,-0.2702615819666887
2049-09-01,294,0.017947766921901025,0.01890362829053023,0.020326452152730278,-0.0020876374250594484,0.025367816186187803,3.578238122876262,3.5763858131949626,5.259767566032355,0.44447678875499064,1.4091692477803632,1.091632213469714,2.2908540854872244,0.7323525422764602,59.4421560194819,70.03546989498868,0.031100477819082414,0.27215328527263266,-1.9973877877501274,0.0010290536175883872,7.166371034515711e-05,0.0005608639943651067,-0.001891095396448289,0.01679142564535141,14.58321343567859,2154810.7005265024,1.824953775608721,-0.2636497801148193,1.2875976638990536,2.146230363131883,2.564608639444718,3.49905031931462,4.9777866888578775,1.416145618053648,60.1620510220628,69.52691001833038,-0.011965931851573575,-0.14504821221293585,67.40383365120368,71.52658828520629,0.03904282740656839,-0.020847050390155553,0.27832868960730645,0.28454073404023195,-0.022187451618396414,-0.0435348872258402,2.024556823434689,-0.7564449057857734,-0.7804572419948532,0.9757626308030628,-6.344852732919675,0.4441721821429072,1.618823826020678,-0.15219463029773173,-0.32566336378114924,3.0204415676892644,0.06738499503114825,-0.24154994091151982,0.3693384982576151,-0.48285505887240165,0.9828762658953611,2.7227735166842537,0.39523749075843884,0.3141886759769055,3.191185707641776,0.02210185245220786,0.12070751778273725,5.540037551563435,0.056647842665828785,-0.050589907184290794,-0.020897801965475082,0.010561173781752586,0.016528207793686783,0.020541369976457502,0.08588705720147494,-0.12626241859861387,0.01893122252713883,0.018822362914852647,-0.0014576045772555224,0.004317490638407362,0.02044831126229238,0.020409720656883346,-0.005959372781400019,-0.004079845361577017,-0.002127291308727447,-0.0020353425215542823,-0.01864055172195478,0.025693416686067838,0.02405965691212401,0.03297022622136234,0.05437148496513222,-0.23058410288518805,0.02594655817992739,0.026407600903367634,0.1986359656419543,0.17770932440577436,0.0017068523954858182,0.0011182041556219225,-0.6714045128632995,-0.49842433374506145,-0.001810745527684704,-0.00015853006413002935,0.044373915348737025,10.9289385696405,-1.9406980791501862,-1.4134108559279568,0.029210988153687945,0.4131685626814916,0.0011027090826937961,0.0011508354572419672,-0.06679501081597772,-0.10582037500429131,0.00010244716147060939,0.00015433739664945687,-0.30048124988102876,-0.5356685294625948
2049-10-01,295,0.017323901043261706,0.01889799738102462,0.02035918078357661,-0.0020906055963659646,0.027430517488936004,3.9981485245281396,3.643985344826523,4.91491584340683,0.8600368655367094,0.5817717983403545,1.0050050778360402,2.190699902258599,0.9832470466782638,60.77327200973038,77.72860811676527,0.013072996869429527,0.300386560864632,-2.0559753938696925,0.0013789705682064378,8.07617518431672e-05,0.0021125826265875804,-0.0010918760822854305,-0.0077012283727526665,14.575512207305838,2138279.7472475725,0.44447678875499064,1.4091692477803632,1.091632213469714,2.2908540854872244,3.578238122876262,3.5763858131949626,5.259767566032355,0.7323525422764602,59.4421560194819,67.02096684636189,0.022393467521807375,-0.09322000458384394,70.03546989498868,68.90608812803967,0.10984631406502587,0.12803687204433678,0.27215328527263266,0.29027532116011157,0.10374034457719783,0.03483327368000122,2.2896034958095033,0.9349421326268363,-0.624373011697976,1.822607840858616,-0.587152643831303,-0.6808025372774176,1.443923174772524,-0.07935560582106005,-0.3039760733846737,1.8834136137542732,-0.043719145563705486,0.1631539064283396,0.8425893958259111,0.34258706008163475,0.16693498820321517,3.5305419971437857,0.11735116200549145,0.13244610254251277,3.619433462753429,0.018901632866944684,0.006783349473267197,5.746802615109276,-0.06556406120540037,-0.14475645457445863,0.01679142564535141,-0.008621828630566597,0.017947766921901025,0.01776190006449774,-0.03476008360004035,-0.02465946884317305,0.01890362829053023,0.018883769143622116,-0.00029787453599217084,0.0007534638500550361,0.020326452152730278,0.020335133768491814,0.0016101497005189813,0.0011825353773702307,-0.0020876374250594484,-0.002088516721946237,0.0014217848707285263,0.0010001712688136877,0.025367816186187803,0.028526279674181393,0.08131174112934869,-0.03841237615843551,0.031100477819082414,0.025900986560899685,-0.5796528611078673,-0.49527031185890746,0.0005608639943651067,0.0014912693254787686,2.7666575993686418,0.41663386384571455,-0.001891095396448289,-0.000676547589191296,-0.42262242066893674,0.6138939813392772,-1.9973877877501274,-1.4552906362801472,0.029332113913422164,0.41275930911295444,0.0010290536175883872,0.0009142656232405186,0.34003762742517707,0.5082822028447502,7.166371034515711e-05,9.06210528343278e-05,0.12695465325742683,-0.10879702544601022
2049-11-01,296,0.01775363373036102,0.018756823864048693,0.02020056508794884,-0.002116959772734957,0.02416375140240223,3.6807785924032257,3.8785576707882443,5.166576759303772,1.2686586206959347,0.19516698170579905,1.52455262099586,2.70060624459752,0.9950297083698562,65.52932179999262,76.03138692026762,0.02453836593232227,0.29942733607898375,-2.1159195068466374,0.0012985682555788339,0.00014100260047647599,0.002323991427437528,-0.0007968244105233315,-0.010954972356557846,14.56455723494928,2114982.7934594997,0.8600368655367094,0.5817717983403545,1.0050050778360402,2.190699902258599,3.9981485245281396,3.643985344826523,4.91491584340683,0.9832470466782638,60.77327200973038,63.54522201091548,0.07825890614381836,0.031223429965140603,77.72860811676527,77.95374137440125,-0.021835219202022138,-0.02466019488276794,0.300386560864632,0.2948549928232323,-0.0031933012678304618,0.015507091170379406,1.7834568035711444,0.47512120879169895,-0.2886518932470874,0.6980159572955986,-0.6645300059876393,-0.7203975358071235,0.05757338289753067,0.5169601175334364,25.480163997124585,2.4299796098933593,0.23275955862928122,0.11136991997889134,0.8888844356914553,0.011983419356710101,0.11941403000923456,2.801662418259375,-0.07937922520333829,0.3137837622457136,3.097725298807261,0.06437246689116094,0.252066370210952,5.736354354966618,0.05120350457974476,-0.09932747532751784,-0.0077012283727526665,0.008341075852513313,0.017323901043261706,0.01808657733878456,0.024805768979294873,-0.018408325809083914,0.01889799738102462,0.018961099011049348,-0.007470289794710205,-0.010773381167495377,0.02035918078357661,0.020371537988884605,-0.007790868272839591,-0.008392734069909369,-0.0020906055963659646,-0.0020882822671166356,0.012606001062468675,0.013732581112187336,0.027430517488936004,0.02355836862344052,-0.11909239728530141,0.0256971434923281,0.013072996869429527,0.0288026192656477,0.8770268345817378,-0.14805088710842762,0.0021125826265875804,0.002141015066843078,0.1000712578950973,0.08546243481800819,-0.0010918760822854305,-0.0019308976977495669,-0.2702245030814483,-0.5873295558578693,-2.0559753938696925,-1.4973947440131579,0.029156045911677975,0.41306727254549824,0.0013789705682064378,0.001250457249698192,-0.058306039651143116,0.03847473065732854,8.07617518431672e-05,5.480496036601547e-05,0.7459081465975583,1.5728072702687625
2049-12-01,297,0.018178726764258208,0.018882468883609702,0.020288914984090956,-0.002105232353584901,0.027604016431918905,3.871140894655233,3.5326139955653173,4.33811439666281,2.4629827355857556,0.5978375243064111,0.44469183811855206,1.614493639503785,0.7779956116304382,61.90104007147838,72.64069285557255,0.01997779238802337,0.2991703261329065,-2.177566765366679,0.001009856133544585,0.00015135744298317772,0.0016058537645309969,-0.0023419896858905076,0.0022808413486927748,14.566838076297973,2119812.239172673,1.2686586206959347,0.19516698170579905,1.52455262099586,2.70060624459752,3.6807785924032257,3.8785576707882443,5.166576759303772,0.9950297083698562,65.52932179999262,65.6711684885957,-0.055368827707211965,-0.0574091873783551,76.03138692026762,71.88162953223001,-0.04459597808272009,0.010559907006590485,0.29942733607898375,0.30748822121837216,-0.0008583382848166288,-0.027051101510514264,2.072030184907888,0.9414070069020326,0.18868091474992066,0.8167739621543662,2.0632103805735467,-0.26805021706431076,1.3975246611737917,-0.7083132244867527,-0.6818003642633026,2.911208848622241,-0.4021736257429124,-0.44542156765294927,0.9746979128010912,-0.21811820784223823,-0.20180847684937486,5.200670760095248,0.05171794430800514,-0.25564584392488343,3.7014863367925046,-0.0891938974708143,-0.045622846030419884,6.046746347346046,-0.16035034438404472,-0.28257046889905757,-0.010954972356557846,0.00594766391441226,0.01775363373036102,-0.05,0.02394400156911103,-1.363574535285164,0.018756823864048693,0.01921526594256062,0.006698629814498203,-0.017319409470872404,0.02020056508794884,0.020169403189769508,0.004373634883849009,0.00592540062772251,-0.002116959772734957,-0.0020886305633843563,-0.005539745866264267,0.007948648502798639,0.02416375140240223,0.02189597792481991,0.1423729690073976,0.2606889049074499,0.02453836593232227,0.02574890219912114,-0.185854818404662,-0.2241303247209797,0.002323991427437528,0.0012043307990417806,-0.3090104612383885,0.3333992336729126,-0.0007968244105233315,-0.0016682794999662827,1.9391540406654406,0.40383532012342127,-2.1159195068466374,-1.5413082520432995,0.029134973386541807,0.4128041957083517,0.0012985682555788339,0.0006980811398254555,-0.22233111027772356,0.4466171279130735,0.00014100260047647599,-8.472110086429934e-05,0.07343724492818327,-2.7865377271904443
2050-01-01,298,0.018538770047129706,0.018911559178477616,0.020235028831774648,-0.0020873585195047197,0.029606657899418225,2.75802961257662,3.211110389684307,5.444564320179742,3.2315343614547163,0.9135451812811339,1.8411591316003089,1.7728407282794851,0.4436464264781409,66.77921756500506,73.76793965003995,0.02876935507256093,0.28958311079810556,-2.2415700485010874,0.0011338032261526024,0.00015813528880845445,0.0014790412322006658,-0.0006793434812800318,-0.007373920641839504,14.559464155656133,2104238.402631287,2.4629827355857556,0.5978375243064111,0.44469183811855206,1.614493639503785,3.871140894655233,3.5326139955653173,4.33811439666281,0.7779956116304382,61.90104007147838,64.15306105787721,0.07880606671380241,0.040935794236826695,72.64069285557255,73.65549201208096,0.015518117327276038,0.001526670108191741,0.2991703261329065,0.2985039839839944,-0.03204601024013931,-0.029885273445352745,0.56899010873752,0.3120410122104169,4.6794209808407246,1.0404901205262724,0.5280827049807473,-0.12200494434385467,1.4818842315030432,3.140303405140229,0.24244464746943217,1.7743211218728703,0.09807848411491316,-0.0008343436681983452,0.7657294181831593,-0.4297571607783298,-0.42062246017558325,3.322086186548984,-0.287540885844649,-0.1697898676609324,2.6521788830169313,-0.09101011496999423,0.2107442715295187,5.701803721383666,0.2550531918586778,-0.04511544307272275,0.0022808413486927748,0.008333011530339718,0.018178726764258208,0.017845143849801383,0.01980574808899105,0.03886918498199954,0.018882468883609702,0.018910959904468463,0.001540598056706699,3.168924328433853e-05,0.020288914984090956,0.020371537988884605,-0.0026559405645182332,-0.006700974525558179,-0.002105232353584901,-0.0020871685418511186,-0.008490195417025892,9.102171185104702e-05,0.027604016431918905,0.027098494656095706,0.07254891593180024,0.0925572905489167,0.01997779238802337,0.016262965485242795,0.44006677583695764,0.7690103996510709,0.0016058537645309969,0.0012805757172994472,-0.07896891680380858,0.15498147608151913,-0.0023419896858905076,-0.0011882503783998228,-0.70992891840097,-0.42828254580917446,-2.177566765366679,-1.5862283898535419,0.029392110566874408,0.4131445779431888,0.001009856133544585,0.0008425725746836598,0.12273737663301021,0.3456445892251878,0.00015135744298317772,0.00010063010353187835,0.04478039329740824,0.5714511190814704
2050-02-01,299,0.018252141209270625,0.018852346207105693,0.020315055021518105,-0.0020863557954604265,0.02327253405494062,2.3115897798351193,3.667228061653222,5.335586002636718,1.5120243944925,0.5860154039544704,1.0794567594318947,1.681169224389269,1.0965141602665778,65.0930600192696,71.76715734074479,0.020225071718650414,0.3105083611227331,-2.3066988722799944,0.0009048881612272716,6.637549170739203e-05,0.00195698896603777,-0.0019213758483684206,-0.01817416399717331,14.54128999165896,2066341.0482987491,3.2315343614547163,0.9135451812811339,1.8411591316003089,1.7728407282794851,2.75802961257662,3.211110389684307,5.444564320179742,0.4436464264781409,66.77921756500506,64.98193462696658,-0.025249734980708594,0.001710096705198838,73.76793965003995,77.24310010255381,-0.027122654079631436,-0.07089232247979105,0.28958311079810556,0.28924852875251106,0.07225991276548038,0.07350022647275956,0.5295939319837409,-0.532103259514207,1.8550636689298785,1.5137951389267603,-0.3585260850123949,-0.6128832832889533,1.602611544363313,-0.41370805982769865,-0.3264389220029348,1.2743829518318415,-0.05170882100569851,0.3192025379598018,1.1740235160810601,1.471594708811668,-0.06602027536314758,2.98193946813703,-0.16186912232766992,-0.2248032515296874,3.391977047107619,0.1420435975773966,0.08114766424504927,5.520838945041221,-0.020015984959367072,-0.03355521583742194,-0.007373920641839504,-0.0140940360724926,0.018538770047129706,0.017695975259045697,-0.015461049310736774,0.03142895161659043,0.018911559178477616,0.0188669574105714,-0.003131046510396196,-0.0007744334790049656,0.020235028831774648,0.0204341041639624,0.003954834480778935,-0.00582600252445864,-0.0020873585195047197,-0.002084516647803835,-0.0004803794053218624,0.0008822897425784237,0.029606657899418225,0.019906957907444362,-0.21394254853068273,0.16906531691804472,0.02876935507256093,0.029276257342327208,-0.29699252320256964,-0.3091647104287034,0.0014790412322006658,0.0020895342982895047,0.3231469978196386,-0.0634329536300201,-0.0006793434812800318,-0.002853159693028286,1.8282833372421976,-0.3265796327267223,-2.2415700485010874,-1.632716076179255,0.02905500268548722,0.4127985299672785,0.0011338032261526024,0.0010472106448830467,-0.20190017072196997,-0.13590626141092155,0.00015813528880845445,0.00022110322706642821,-0.5802613559090464,-0.699798629861471
2050-03-01,300,0.01767659780368331,0.018818709984685947,0.02020105870241378,-0.0020874545419420835,0.030467893812677508,4.202453588666643,4.276598376579218,4.897423580403744,1.0006039778432743,-0.4322621320021478,0.6923104841860024,2.5138465208469776,0.9391866410727787,58.19062531120572,77.78363828634184,0.017456607942346554,0.2848424735703264,-2.3740887131505524,0.0014177327800680248,5.3342167273149154e-05,0.000755869771833845,-0.0019945007547998413,-0.008433159440755844,14.532856832218204,2048988.5358712673,1.5120243944925,0.5860154039544704,1.0794567594318947,1.681169224389269,2.3115897798351193,3.667228061653222,5.335586002636718,1.0965141602665778,65.0930600192696,63.85952919394559,-0.10603948725133738,-0.0887714637783037,71.76715734074479,69.1333885036383,0.08383334617854898,0.12512405322427234,0.3105083611227331,0.28862583679453047,-0.08265763749357424,-0.013108193175711547,1.4148512428101196,-0.3382355592357227,-0.29278503098607345,-0.5185030782062846,-1.7376292996484641,-0.16632677765863935,3.689865566868413,-0.35864917409905595,-0.8123751471050025,1.120692335626047,0.49529653789623795,1.2431192227639172,1.7053875665042404,-0.1434796967469627,-0.44928257979624275,3.328714946361101,0.8179928053525114,0.2624852702574303,4.282724219235453,0.1661664627018824,-0.0014303612239893182,5.87107101040156,-0.08212076836854376,-0.16583812872861547,-0.01817416399717331,-0.005799384787678719,0.018252141209270625,0.017652719741942824,-0.031532925314811,0.0013526562529484476,0.018852346207105693,0.018884844544752158,-0.0017841929089477127,-0.00350199123479622,0.020315055021518105,0.020656122141553795,-0.0056114206426503,-0.02203043901568369,-0.0020863557954604265,-0.0020876312143903223,0.0005266342797560775,-8.462818864796162e-05,0.02327253405494062,0.02924659697040493,0.3091781814885499,0.04175859651324321,0.020225071718650414,0.008931828948660002,-0.1368827668359237,0.9544270319871588,0.00195698896603777,0.002482989365619393,-0.6137587973404768,-0.695580745411171,-0.0019213758483684206,-0.0021177915253020522,0.03805861643026076,-0.05821667006842257,-2.3066988722799944,-1.6803416038901868,0.029214841035556827,0.41286075858281435,0.0009048881612272716,0.0009653018707247355,0.5667491749977125,0.46869370407788646,6.637549170739203e-05,9.190241198714911e-05,-0.19635748224206973,-0.4195781577461961
