,iter_0,iter_1,iter_2,iter_3,iter_4,iter_5,iter_6,iter_7,iter_8,iter_9,iter_10,iter_11,iter_12,iter_13,iter_14,iter_15,iter_16,iter_17,iter_18,iter_19,iter_20,iter_21,iter_22,iter_23,iter_24,iter_25,iter_26,iter_27,iter_28,iter_29,iter_30,iter_31,iter_32,iter_33,iter_34,iter_35,iter_36,iter_37,iter_38,iter_39,iter_40,iter_41,iter_42,iter_43,iter_44,iter_45,iter_46,iter_47,iter_48,iter_49,iter_50,iter_51,iter_52,iter_53,iter_54,iter_55,iter_56,iter_57,iter_58,iter_59,iter_60,iter_61,iter_62,iter_63,iter_64,iter_65,iter_66,iter_67,iter_68,iter_69,iter_70,iter_71,iter_72,iter_73,iter_74,iter_75,iter_76,iter_77,iter_78,iter_79,iter_80,iter_81,iter_82,iter_83,iter_84,iter_85,iter_86,iter_87,iter_88,iter_89,iter_90,iter_91,iter_92,iter_93,iter_94,iter_95,iter_96,iter_97,iter_98,iter_99
2025-04-01,97557.98,97687.1,97892.18,97980.54,96396.555,97582.63,97589.234,97852.32,97805.016,97639.79,97572.11,96845.95,97509.32,97194.32,97951.1,97657.766,97209.89,97525.98,97789.445,97756.16,97764.266,97857.27,96749.39,97582.07,97421.766,97743.49,97537.51,97258.664,97369.1,97548.016,96311.1,97416.29,97468.7,97272.39,97511.74,97635.5,97704.34,97606.64,97186.43,96627.86,97321.1,97388.7,96455.6,97712.73,97705.65,97608.98,97512.2,97756.99,97967.45,96417.71,97929.71,97693.625,97547.555,97710.96,97877.71,97644.91,97452.89,97435.15,97551.27,97548.484,97525.32,97564.57,97497.79,97572.766,97493.15,97794.016,97740.77,97729.96,97599.48,97584.12,97566.62,97634.016,97635.6,97654.31,97435.05,98181.08,97610.36,98089.27,97561.875,96914.69,97666.516,96710.555,97904.68,96568.35,97520.484,97335.87,97670.336,97710.86,97792.805,97779.086,97689.34,97726.24,97530.99,97794.11,97618.66,97775.83,96603.91,97804.836,97398.734,97327.32
2025-05-01,87139.88,96607.68,95601.89,94690.89,89228.04,95873.8,86148.08,95598.52,94729.55,95501.75,86288.93,95503.75,86802.97,87625.05,95421.81,86443.945,95650.96,94761.89,95723.69,94588.17,95506.76,95755.28,95634.72,79483.46,95554.5,86217.12,87356.55,86271.65,95794.27,90044.14,87532.01,96059.945,86840.805,87131.24,79551.56,87144.62,94412.26,95519.6,95648.31,95758.2,96213.06,95999.6,95554.04,95764.41,86946.71,79142.41,87789.49,95907.81,96016.164,95737.836,95653.516,78159.74,94715.266,95015.63,94644.75,86073.59,95730.54,78627.68,94427.83,95823.695,95745.055,87458.49,87635.33,94830.87,87034.15,95676.04,79552.695,97576.945,86771.016,94756.016,79711.5,79493.914,96500.68,87015.48,89430.875,87087.125,85931.45,94715.72,86576.36,95504.2,78693.47,95704.88,87219.19,79756.51,87030.25,85990.484,94545.79,79217.086,95619.03,86129.59,86079.09,95070.92,86280.45,87183.34,87489.11,95637.0,86797.67,95618.76,95530.984,95750.99
2025-06-01,96674.13,95762.58,87312.41,95862.086,87638.59,96843.92,95999.33,86278.73,87603.49,95505.02,95747.7,86209.97,95591.59,88021.125,87135.89,95571.914,94607.39,95501.93,86881.805,87744.05,86656.65,87070.43,86668.38,95639.1,95859.53,87621.29,95599.34,87216.03,87429.64,95861.45,95863.92,86371.836,78406.19,94753.12,96649.06,87447.66,95736.56,95653.88,95872.516,79388.234,87400.54,87464.5,95923.18,87097.84,94720.95,94419.28,96451.734,94589.35,87603.99,87133.23,87319.73,95621.13,79607.65,95811.734,79308.4,95682.7,95820.05,87464.914,95672.31,85786.195,94647.54,94806.54,95844.625,95696.57,87310.66,95450.125,95748.805,95286.5,86830.625,94358.61,87701.375,95644.02,95761.945,95615.11,87109.72,95723.6,87038.39,94684.016,87059.63,95618.484,87227.766,95547.2,87547.04,95986.234,94577.44,87002.04,87044.86,87161.33,88608.25,95803.69,95587.484,87545.87,96660.67,95849.38,96054.086,95265.51,95747.79,95703.055,96415.41,87374.625
2025-07-01,94515.32,95858.9,78570.78,87373.96,88230.23,86614.266,94536.586,87946.03,95959.05,95670.664,95809.91,87235.336,87440.73,87143.2,95694.12,96112.91,87030.75,88513.14,95781.67,86474.62,95823.695,95673.49,95462.33,95910.375,86986.69,79618.05,95761.67,86580.49,86038.14,87061.8,87321.4,95599.34,96032.375,96090.83,95591.41,95834.94,95727.44,87227.09,96559.32,95952.914,86323.83,94396.85,87229.59,87108.38,94551.74,87185.266,95930.86,95752.18,87673.95,94595.38,95745.6,95620.586,95770.9,95986.77,87160.07,95578.19,95955.2,96051.7,95506.76,85972.04,95736.195,95853.14,87774.01,80492.586,87137.13,79253.51,95797.3,95812.01,95351.95,87529.26,94260.48,95950.35,95645.4,87271.28,85978.1,94210.6,95460.5,94533.62,79428.15,94642.586,95745.055,88251.26,95255.8,96161.05,94573.92,79714.23,95869.86,95840.33,86283.25,94492.336,86181.52,95539.37,96429.11,87639.59,94637.8,95731.99,78158.92,95799.03,96056.11,86870.875
2025-08-01,96462.31,80324.42,88096.625,87744.125,88238.98,88401.875,87955.17,97020.305,87050.586,95501.57,96290.71,79410.57,80093.41,88867.97,87164.31,96608.234,96364.84,89658.805,96865.91,87389.625,95764.05,86980.38,88354.0,96606.75,87341.88,96733.52,87031.49,96571.016,87739.03,96231.69,88023.39,87960.375,96513.56,88108.48,87978.99,95659.35,87151.09,96404.47,96717.38,80579.99,96956.2,96758.34,96800.62,87821.484,87755.76,87845.02,96257.75,88690.76,79945.67,96564.02,95555.13,86826.56,87456.664,87429.23,88519.305,96002.43,96648.695,95658.805,87460.66,80264.23,96596.445,87925.305,88761.41,86931.95,96550.67,96862.85,96421.39,96785.48,87245.15,97000.23,96649.984,87943.09,88407.27,96551.22,96389.484,96681.51,95209.836,88099.56,96621.5,87890.85,97167.9,87946.445,96654.04,87578.19,96929.67,86910.56,96777.36,96567.8,96623.26,95938.28,88078.56,88324.17,96557.58,87094.1,87992.76,88177.234,88345.99,96677.734,80220.61,80412.8
2025-09-01,88398.164,96824.25,87144.78,87102.66,79914.04,96760.74,96472.26,87233.586,96617.26,96750.5,88177.484,96437.21,88490.6,87117.85,96391.5,96890.84,87271.28,79956.88,96680.4,96905.266,96513.945,87551.625,88152.92,88577.914,80833.13,87273.11,96317.53,96723.01,96751.33,88005.17,79653.664,96373.67,87026.766,95704.52,96272.625,95646.76,88623.2,96546.25,87363.125,96431.31,97255.6,96851.86,97265.53,88039.43,97041.67,96790.1,88485.46,96926.71,80403.516,96732.33,96617.914,80766.56,96798.02,88222.15,96893.08,96558.4,80072.79,96587.78,79950.016,87960.195,80703.195,96605.94,79878.305,87804.48,96710.27,96622.516,88112.836,96597.82,88004.42,86677.305,95591.59,88557.305,95881.38,95129.96,95690.19,96801.266,88421.85,79694.39,96979.5,95763.5,96670.72,94648.086,96611.36,87356.875,96653.945,87956.76,95782.305,86934.11,96740.07,96630.44,81021.23,96619.29,88713.51,80326.87,95619.5,96397.03,96577.93,96592.484,96839.86,96458.266
2025-10-01,97338.93,96465.26,88227.78,87810.59,88439.82,87062.38,96619.664,80510.94,86621.78,88165.375,87544.19,88967.19,87304.75,88219.29,87996.78,87101.24,88430.7,96521.95,79336.84,96814.19,96665.74,87171.05,95435.1,87774.17,95555.86,87974.375,97009.38,88084.695,87170.71,96644.45,87600.56,88004.586,80258.414,80578.99,96530.77,88102.586,86748.6,96935.95,96178.93,95385.6,96343.34,96432.51,86924.49,95536.086,96481.45,96589.63,80172.96,87278.11,87886.75,87060.555,96066.0,96455.14,95626.15,96699.484,86982.875,95637.64,86854.055,80011.42,96511.73,88266.92,87781.54,95749.52,79640.52,87867.64,96365.68,86839.15,95856.055,87763.45,95780.31,80719.82,87784.13,87740.695,87890.6,87948.71,87779.195,80267.07,95570.26,87135.305,95521.6,96632.195,87844.26,88156.54,86872.11,87649.37,95918.7,87812.18,95614.2,88222.15,87972.79,88070.836,95462.414,88018.44,87001.12,86966.2,80059.2,96883.64,80577.99,87925.734,87997.875,96686.21
2025-11-01,98401.55,98507.0,98453.93,89338.9,89910.03,98831.63,99125.484,98650.83,89788.78,98293.695,90439.85,89562.66,90054.19,97766.13,98473.55,97971.93,89921.17,89627.85,98642.266,98060.65,98591.87,90312.72,89714.57,98562.805,82058.4,98555.01,88656.34,90116.3,90372.695,90248.84,98623.37,88572.164,98500.79,89721.32,89561.55,88692.7,88151.914,98807.88,99101.85,98337.01,98443.51,98399.21,89869.39,89813.36,98499.3,87299.17,98664.19,90030.07,89959.766,81903.75,98537.91,98411.02,89961.32,89598.96,98080.85,89780.48,81867.75,89257.055,96768.95,89391.31,98355.57,98734.89,97486.08,90266.75,88769.03,98262.195,82112.97,98384.85,81802.82,89745.63,81906.875,89396.68,81309.32,89780.48,89689.24,98073.94,98043.445,98563.0,89629.9,89996.33,79368.016,98587.35,98421.445,89625.72,89804.625,89859.62,98251.33,89642.805,89781.234,89373.664,87713.51,99022.4,81467.586,89824.484,90395.62,89900.42,89541.56,98159.82,98593.08,81769.68
2025-12-01,90056.25,97304.484,88564.23,98197.84,89835.11,81813.12,97324.266,97258.94,81807.195,98468.484,81968.77,98582.37,89014.875,98294.26,90197.984,89550.27,89738.62,89717.39,88774.62,98337.01,98738.734,89674.79,88275.67,82151.89,97249.48,89737.16,88784.77,89752.39,98329.59,98493.28,88345.41,80732.53,89930.34,88603.26,97504.305,98409.81,88579.77,98317.6,97215.164,87531.086,98451.016,88214.91,98412.53,97472.88,90071.8,80882.95,81811.484,98541.1,98599.38,89847.96,98309.625,89931.98,89511.0,97298.18,88566.086,89985.42,81989.41,81622.19,89625.805,98585.09,90007.66,98582.555,98597.32,88462.26,81554.266,97554.336,98416.195,89366.34,98328.375,88332.6,98738.555,97855.49,90207.27,98381.56,89530.805,89793.484,97570.91,89819.43,97698.56,89518.17,81492.14,89764.73,98441.06,81668.91,98648.2,89897.51,89537.805,89584.01,98793.375,89536.62,88379.195,89707.555,89058.35,89948.7,90169.266,88896.445,88512.72,89859.62,90397.17,98390.58
2026-01-01,97286.02,98914.23,89445.125,81480.016,98562.914,88728.91,89336.69,81801.89,88777.49,98564.69,80848.71,97150.38,97211.086,88541.84,89613.16,89855.51,89570.6,80830.06,89681.46,87724.3,89672.484,88638.93,89458.43,88707.086,89381.336,90083.22,89389.87,89517.31,89848.65,89382.19,81652.79,89458.86,81156.48,81869.164,81848.945,88459.22,81601.41,97294.47,98383.06,80904.32,97463.03,80846.164,89535.33,89685.66,89691.05,97129.08,88906.53,80710.5,98431.02,89575.05,89375.03,98435.25,89576.33,90016.58,89375.03,89976.414,89481.555,89566.67,98455.44,80567.85,98684.62,98680.48,89522.78,81612.766,97331.13,98204.11,89522.52,88635.625,98374.055,89594.6,97239.086,89707.05,89107.8,89519.71,98235.5,89851.4,98214.32,88723.5,98283.48,88403.98,89444.96,97319.06,98161.695,89582.305,88756.164,89834.42,81572.39,89770.54,81693.52,89754.71,81080.04,82103.88,89556.25,89786.3,89647.516,89321.26,89551.3,98219.29,98568.83,98320.98
2026-02-01,88946.91,89075.164,88592.95,97141.12,88922.9,98311.69,89359.86,97549.51,90112.875,88531.55,88867.625,80779.97,98697.125,89512.11,97657.57,89439.836,98070.56,90029.2,89288.555,82009.664,97868.27,81824.05,97807.63,89569.58,89966.98,88801.8,97446.57,97849.34,98273.54,88572.84,81678.64,81343.14,98161.516,89944.414,89540.2,89290.34,89635.88,98256.67,88395.47,88866.52,97993.99,89542.76,89090.625,97660.18,98540.34,89394.98,89806.336,98224.16,89520.555,81879.47,98595.62,89242.67,88594.805,98159.17,98318.73,97467.86,88780.8,88590.92,89459.96,98279.72,98238.77,89910.88,98480.88,81854.484,98485.76,98365.15,98247.85,89333.62,89568.81,81483.91,89652.9,89676.16,81768.195,89059.2,98100.125,88559.664,80699.195,89673.086,88450.11,89385.86,98133.99,89347.51,89579.83,89943.13,89385.6,98290.79,90049.47,89744.695,98255.73,88970.4,89584.19,97555.09,89438.89,81613.55,89535.76,97584.59,89710.72,80865.52,80687.42,80669.875
2026-03-01,81393.58,88894.75,89414.76,89232.88,97704.62,97572.11,96977.75,81492.23,88827.3,81658.39,89328.24,97967.36,97987.266,97851.305,89128.37,88138.055,89415.445,88854.234,88031.7,97841.87,89134.74,88506.9,81232.05,97803.54,97701.266,88940.375,88749.984,88444.54,89104.23,80991.09,96986.06,89061.06,89031.69,89505.02,81330.66,88989.58,97759.234,97834.79,96839.12,88842.375,81154.46,88210.03,88963.27,97513.414,97645.93,89283.02,89270.85,81415.55,88100.83,88080.41,97875.84,80762.25,89284.13,81332.05,81647.805,81478.16,88799.34,81347.1,88182.62,89194.516,89251.78,97153.17,81540.49,87989.23,81270.95,88330.08,96887.43,97233.52,81090.71,96780.49,81074.555,89040.86,89962.945,81001.91,81523.31,97975.3,90050.93,88884.24,97867.08,88835.94,80517.086,89345.98,89295.2,89655.47,89260.3,88961.33,88342.2,98184.35,89536.35,88968.28,81367.43,97953.35,88467.16,97846.35,98025.58,88901.695,98363.086,89476.09,89122.914,88790.7
2026-04-01,80127.64,80453.07,88914.766,87619.625,88947.58,88593.71,96613.21,97206.46,87859.94,80528.516,97205.625,96771.08,79922.5,96594.69,88470.195,81144.555,88210.62,97067.5,97162.15,87539.85,80501.34,80390.016,87248.73,88852.03,88524.8,79388.914,95678.6,87543.53,88161.08,89491.875,87471.59,88732.04,87377.55,88063.016,85863.7,97068.695,88830.0,88371.445,80617.96,95758.2,80530.6,88247.47,86825.81,88490.02,97276.48,88955.984,80375.22,87901.67,80707.58,96631.36,87765.22,87440.15,80870.305,88235.44,80224.28,88375.91,80462.195,88344.23,80775.57,88459.9,87403.8,88359.4,97657.11,80724.445,86028.05,87972.87,95922.914,80744.23,96738.6,81222.99,88254.125,87359.38,96603.17,87048.43,88823.14,88502.42,80830.83,87001.28,88257.49,87062.125,88158.14,87491.195,88409.8,96852.6,88011.98,96734.08,80059.27,86895.984,80278.164,96544.5,96410.07,96031.65,88279.96,96683.164,80354.984,95997.03,95710.914,96177.93,97222.125,95831.836
2026-05-01,91544.77,80026.375,87617.77,88526.56,80696.805,79481.87,82774.195,87354.8,80326.336,96025.234,75131.445,87418.47,83628.914,83664.414,88807.64,84014.94,96802.36,79984.87,88236.03,87868.984,88814.086,79433.6,88721.3,90844.93,87856.41,82900.28,83435.57,80632.65,87314.15,87703.97,82634.43,96756.23,83781.86,83566.88,82465.63,92073.78,87141.125,88209.77,88281.65,88603.17,87411.89,87543.86,88520.65,87690.17,91640.07,83300.1,74921.88,88201.12,96395.18,88732.21,88294.79,91745.7,88560.85,87660.49,80757.01,82648.305,79557.48,83252.766,96702.164,87533.01,87984.28,76509.53,90997.875,79433.6,91714.56,88619.31,91720.42,87578.43,74918.945,79430.266,82806.96,83382.2,96163.06,76185.016,78796.35,91463.97,91727.86,88639.44,68906.836,88311.88,91820.45,79978.38,75453.2,82975.266,75358.42,75427.016,71598.42,83594.31,79639.234,83749.27,84313.12,87849.375,84111.38,91621.28,82938.08,87904.695,83967.36,80831.29,95925.836,88085.695
2026-06-01,79971.14,87929.086,91806.18,87249.06,73841.12,87241.9,88609.68,75122.13,75383.73,88210.37,80224.516,82021.4,87802.3,75099.43,82712.64,78706.38,87536.35,87458.164,76714.04,82534.88,82191.234,82289.59,91302.04,88279.88,95633.53,83540.75,87750.484,83113.06,75680.07,87512.06,86363.76,91164.13,89956.85,86671.6,87904.43,75834.24,87366.71,86719.81,86896.89,74837.19,91116.164,82148.68,87051.83,82551.81,80229.18,87173.71,88262.7,96234.9,82310.23,91144.23,82521.51,87455.164,81844.19,87259.55,83349.445,87570.75,87079.65,83030.51,78764.5,82859.1,88519.9,86678.73,81267.39,87463.086,82709.95,87320.4,87448.81,80173.805,82653.35,71113.02,90678.91,87946.61,87635.08,80593.91,75559.77,97383.49,83769.72,95653.24,81571.22,87106.23,82795.35,86807.02,82321.93,88345.24,80706.97,82503.32,82925.1,89964.66,83107.59,87983.35,79610.75,83206.484,79448.59,87095.016,88202.625,79237.18,78726.945,88402.47,79982.58,83052.055
2026-07-01,79251.69,96710.09,82898.45,82410.45,75202.125,75155.38,85408.73,82379.18,80036.75,87444.32,96807.91,83568.33,91768.28,82281.74,95931.05,79969.01,81683.555,82939.5,87313.57,82836.26,80030.875,70666.28,86298.39,86303.49,83056.56,90998.75,78169.88,81982.914,82882.73,75369.99,83254.984,78751.73,86926.48,88185.47,71619.38,88092.33,88618.47,91106.336,88746.01,88101.58,75773.586,87628.31,75352.53,83200.69,86367.72,74041.734,79515.23,86659.79,82776.95,96403.92,80798.69,88021.125,87096.59,80093.79,91589.13,87204.72,86946.13,79460.65,87493.2,83418.46,86818.695,87630.15,88956.914,75197.9,91386.36,75546.164,95912.21,80540.42,86421.516,82298.3,87780.62,79029.805,86410.23,74983.99,82418.79,87412.8,80739.53,88066.13,82273.03,79954.44,95863.65,82830.336,88658.79,87122.42,87085.97,82793.695,87388.71,87543.77,75420.69,96013.88,82798.984,80328.87,86803.22,90860.78,79479.37,95997.67,83058.78,87226.93,97422.22,82796.14
2026-08-01,87199.65,75524.62,82788.72,82643.49,81855.266,83003.586,90998.836,80306.19,82299.79,87786.484,87074.49,82653.5,83190.14,76586.04,75865.63,87093.27,87639.01,79816.32,86456.555,75386.75,95837.695,83050.79,74953.04,87441.82,74467.54,87599.734,83117.66,96190.664,75494.664,79602.09,82531.11,83600.61,87640.34,74646.23,82025.0,87474.01,83358.5,86501.016,80017.59,82504.81,95507.58,87529.42,87596.305,75206.72,83191.58,83223.08,87115.36,83793.375,90067.25,86998.63,96179.484,82907.945,82686.23,82485.55,82591.336,86552.25,77467.97,87163.9,75640.31,82727.71,87830.1,75637.35,73875.7,82685.664,95751.63,86209.23,87338.305,96480.26,83216.484,95940.28,87614.266,82728.26,82155.58,87604.41,96824.07,79476.02,95470.42,82857.83,87619.78,82468.164,87080.06,90454.86,87573.336,83268.086,87090.28,82970.984,79517.875,87518.57,86965.37,79148.07,83438.04,82158.086,87123.67,83024.18,92292.164,82996.79,90871.01,79927.984,82851.99,74894.586
2026-09-01,82355.06,79655.266,75408.82,82448.98,82457.86,86946.63,87031.99,75419.69,87947.95,78463.41,90805.516,87265.375,81950.555,83152.38,96230.586,79446.48,91714.3,82254.516,80769.64,86948.375,87289.17,81587.016,82504.98,75589.19,83096.19,74846.17,87236.25,95879.195,79810.984,83096.98,83349.29,87635.66,90915.23,87645.36,87029.17,79422.54,83204.42,79636.875,75342.62,87233.26,95930.586,87878.54,88430.04,90918.516,87732.49,86442.45,74663.24,87237.664,90775.984,88374.56,80939.74,83558.6,87542.44,83015.47,78906.44,87642.69,82841.086,87023.61,91605.21,74700.92,81802.2,87380.88,90811.93,75922.09,86559.766,87086.3,82371.8,95020.8,91286.9,75079.88,95694.3,82134.664,72056.82,79076.69,87711.41,72272.3,82841.8,82783.984,88118.97,87889.266,79036.88,86679.96,87167.89,81644.15,79994.09,89991.69,87596.72,82181.68,79752.7,88093.93,91356.22,87844.016,75434.64,82691.03,97223.055,94943.62,79552.695,87686.16,87715.766,87334.805
2026-10-01,79500.29,87353.055,90600.51,83887.56,74819.484,82926.53,78669.6,82244.32,90823.71,89756.49,75281.42,83204.51,83561.39,75329.4,82151.82,75323.65,75842.56,95832.664,82714.3,87149.93,87286.766,82246.36,87594.555,91204.14,95825.9,82110.38,87485.86,74658.04,83116.945,95044.0,82166.47,82207.77,83021.33,90776.42,79489.75,82723.914,90890.59,87306.41,96403.83,87344.97,86383.54,79518.56,82848.67,87392.625,87614.94,87176.87,83233.0,82391.59,83028.29,75290.69,86873.69,95185.14,87364.055,95767.336,82658.71,86827.055,82339.984,82060.83,87089.37,82644.914,82883.28,87530.76,75879.82,82655.7,87546.53,75923.47,96621.78,90939.836,95786.336,82478.54,90582.28,83796.57,83740.49,82306.46,75464.14,75965.91,79305.6,83990.58,95537.09,87600.07,91058.04,82942.74,82658.55,82537.945,70748.48,75039.93,87131.16,90708.664,67846.87,75524.836,86957.33,74978.84,75101.58,81893.52,89899.73,87547.95,81402.195,90937.51,83133.836,79154.71
2026-11-01,77873.445,87790.83,79432.84,87825.336,96901.85,87527.586,87690.93,87106.14,79615.086,87718.36,87035.484,86544.49,86472.39,87017.055,88237.805,87546.95,95725.42,87447.4,80127.64,80495.12,87602.91,80215.19,86932.78,86835.586,75306.555,87179.195,82678.016,87279.69,87639.34,87296.42,87005.68,82343.44,79441.71,87412.88,87566.66,91513.34,82519.45,80202.41,86906.51,87535.59,87303.83,87385.46,79171.695,95459.95,87618.445,83247.76,78068.19,79614.7,87275.19,82670.29,87437.23,80520.234,79270.74,87840.25,95874.984,87123.266,82760.14,78613.29,79424.27,86254.125,79627.914,95897.48,80074.016,79258.19,75061.05,95855.97,82321.22,87800.04,81787.06,87841.836,81926.484,79190.95,90971.85,79313.92,86992.33,88108.305,79743.43,87267.54,87737.1,95947.516,81670.93,88545.9,79831.0,87264.375,86476.68,95898.305,87454.914,79489.37,95894.0,87219.27,83504.91,86622.36,83290.086,87379.13,95842.43,95956.22,87362.3,88006.69,94807.086,82412.73
2026-12-01,80413.33,86394.734,83143.82,84929.195,79508.71,81675.6,87090.78,87779.53,75273.52,95972.32,82933.336,87720.28,87443.32,79585.41,77552.98,86519.9,71285.76,87531.586,75205.36,88156.375,79421.93,87756.26,82257.89,80684.65,87583.52,88624.89,75079.805,87300.24,95076.64,87506.22,82299.32,82800.24,79214.9,82124.8,87305.08,95694.75,82260.555,94930.77,87349.555,81645.625,79941.02,76312.484,79752.4,87115.95,87385.46,75603.75,82693.875,87384.46,87465.836,87028.016,79631.41,87227.766,87681.23,86605.42,82151.266,79848.52,75025.125,92146.164,79628.83,79127.46,86922.17,79746.62,87324.805,83511.59,82720.84,86993.664,87790.586,78814.836,87247.98,75905.01,86979.97,79876.63,87250.73,86356.02,87558.555,86343.75,88284.09,72331.46,80233.4,86855.22,82423.805,95847.555,87147.77,74229.875,79150.03,79581.16,78642.9,86677.305,87553.79,78568.99,82591.57,86887.77,88434.766,78731.0,86822.26,81515.31,75242.945,96521.12,87541.86,79292.59
2027-01-01,86686.41,79774.92,79619.11,82684.484,87415.805,83006.29,80181.76,82407.94,82805.14,87339.38,76537.19,87319.89,86641.94,83118.53,87227.43,78832.36,87638.336,90710.484,79807.18,74992.44,86871.12,75592.35,88403.98,91598.39,87299.914,79289.04,88109.4,87553.375,95557.68,79645.836,73172.77,79615.01,75497.83,91567.12,90865.46,89899.4,83841.65,95460.23,87036.31,82716.75,87088.2,74843.68,80010.66,87875.016,86939.26,86642.1,82751.94,82444.1,79680.4,87732.91,79924.02,86469.01,95824.16,95649.766,87002.62,86213.17,80794.68,95722.22,77447.13,75231.26,86841.305,88191.19,79288.88,75087.83,87535.43,79799.26,88084.27,82893.164,87006.43,77788.6,87224.19,87226.766,79048.945,87480.516,87043.78,87529.42,85906.38,81984.33,86410.89,81994.18,79418.3,79646.98,79553.08,87281.35,82921.78,79881.88,83054.03,87760.12,90888.95,87632.82,67763.78,75641.68,79585.25,88620.33,87802.48,87666.92,87293.17,87956.68,87243.65,86452.766
2027-02-01,84141.71,87181.35,82544.41,88582.305,90354.766,79188.23,79441.32,78867.93,88289.14,75673.5,91257.82,83027.5,87595.555,87106.06,87967.0,80266.06,79578.57,87361.71,80610.89,83997.23,95969.58,82014.984,86434.22,87889.266,87017.555,82706.65,87790.664,79360.0,81380.61,83833.73,75873.016,83396.35,96090.01,80379.9,96729.09,80134.664,87070.18,87491.03,75911.016,74819.27,79710.58,87480.266,86926.81,87535.43,79343.88,87396.125,79576.98,88370.26,79940.03,90681.07,79773.02,79487.625,82469.805,71735.11,80693.58,79995.32,75350.734,82461.87,79195.48,80131.0,88761.41,86577.92,88744.82,90970.29,79477.17,87399.05,88115.695,79037.26,87911.56,91022.62,86751.32,86924.58,82172.82,87148.61,87474.17,83290.64,90653.41,87770.234,82610.945,87513.65,88263.21,88231.23,87067.195,79594.97,87347.805,96189.94,87310.49,79726.09,80878.33,82334.09,88062.09,87820.9,79559.3,82385.77,79919.06,80110.21,80479.46,83027.336,83076.69,82584.64
2027-03-01,82283.78,90973.49,79819.81,79879.98,80625.57,80524.375,87688.33,75423.78,83764.445,82757.86,87916.43,87393.46,86791.95,96298.984,80145.375,83470.836,87250.56,83466.93,84072.57,79688.54,80194.45,82363.15,75408.1,78163.695,87314.31,76194.68,75114.48,83530.39,80605.125,74951.6,87519.41,95517.69,87465.164,79873.81,82964.734,75894.08,86323.914,79565.67,79749.51,83334.82,83331.96,76413.79,75427.375,88895.26,87559.48,80149.266,80388.95,75846.62,83359.06,82023.81,87598.734,75876.055,79808.17,83047.78,82144.21,76271.016,75754.3,83588.65,75915.87,87363.3,80064.086,87917.68,75567.555,75651.77,76127.78,82456.836,79975.26,96316.34,82736.86,88022.47,83591.44,88072.17,88154.03,83153.336,81936.18,96393.99,87172.79,83013.17,87734.0,82894.9,83174.35,88274.33,81450.65,80081.88,79540.48,75533.77,83602.125,80453.22,71511.82,75909.42,75774.89,88084.945,75475.445,87983.35,80266.375,75773.086,96182.69,79615.31,88149.41,75856.67
2027-04-01,84252.36,82250.125,75441.266,73915.8,82723.69,73461.83,79733.47,79679.73,83266.51,82956.12,86688.305,80457.51,83369.8,87868.484,90202.2,82459.12,82201.11,87677.8,78939.1,74899.586,83109.1,76357.19,75636.49,76545.37,82862.18,82742.94,80331.695,82762.99,82607.484,87540.85,76084.02,84102.48,91197.27,82697.66,82671.79,87453.91,81939.77,83344.2,76160.54,87841.16,83419.9,82081.65,82116.73,82942.02,87448.234,83437.73,83282.695,75510.36,75878.23,80183.75,83073.445,75123.14,76371.9,82557.945,76456.14,82354.44,82934.445,75864.695,76143.03,83007.234,83233.31,91062.81,87602.06,76074.01,75228.17,91296.3,87461.664,73270.6,87461.336,76122.266,83297.63,82895.69,96010.4,83349.6,83270.63,83236.17,83743.516,90357.695,82385.94,83190.86,76157.63,83165.234,75509.5,88176.22,82748.305,88924.766,76379.33,82276.64,74130.125,87506.88,88194.63,81286.3,83638.72,95595.6,82987.766,88127.805,87943.51,78952.28,95235.625,86454.24
2027-05-01,86678.38,83722.6,83712.53,75436.23,92136.49,82900.83,83179.04,83250.14,83014.99,88202.05,75856.305,75184.84,91021.75,82918.7,75840.97,74636.336,89115.19,82530.39,91224.58,83354.53,82180.97,83870.68,76421.586,79225.25,82673.52,83435.1,76198.24,83940.61,67394.43,83552.55,82854.36,79868.85,76243.38,82748.94,83095.15,77912.07,76233.56,76853.75,75014.75,82098.24,76239.164,82531.81,83095.234,82877.35,88686.11,83494.39,76220.26,83532.46,88243.61,76321.805,83722.6,88229.22,74883.02,75441.55,91203.266,83497.42,83634.81,83384.586,96399.77,82197.34,83638.88,83293.58,87467.586,76870.31,80409.65,76212.41,79849.51,83256.97,75712.555,91251.21,75914.92,83368.37,87717.86,82387.586,82321.93,86823.0,80020.42,83532.31,73503.45,83202.914,88173.87,83338.48,83101.734,83165.39,83674.54,75243.24,66520.19,83391.42,75623.22,83014.52,74198.03,83287.54,82123.62,80846.78,83466.13,82908.26,82672.74,90450.46,87701.13,82575.266
2027-06-01,83611.69,91197.79,96108.05,76533.98,82364.73,76255.74,83126.78,82616.23,76288.76,83216.88,76082.85,82851.04,82939.97,67711.58,83245.06,91353.516,76201.37,75536.73,91173.7,91588.96,82850.65,83412.42,87214.95,76480.2,88411.41,83640.0,82134.266,83315.91,83665.766,75579.53,75508.63,88155.37,87856.836,74691.945,83414.336,82777.35,82369.28,75607.57,75682.59,76991.445,80270.43,83000.51,77039.336,76925.32,83493.914,82181.12,75584.35,96208.836,82421.69,97235.38,83019.586,75846.25,82986.19,83540.195,82966.0,83600.2,82749.09,73870.13,83583.625,83446.0,82894.03,75537.734,82655.555,75770.78,83998.67,83009.055,83153.336,83857.57,83972.08,73172.28,88163.44,75407.664,75196.46,76453.88,76030.56,80175.49,83686.68,86643.84,83398.26,74808.93,76337.38,91353.86,82819.04,83628.44,90995.016,82981.27,82357.34,87815.37,83581.234,83328.15,83262.125,82808.61,75515.41,82625.28,83288.1,83296.05,75588.97,82352.0,74970.836,83720.52
2027-07-01,75313.74,80297.08,82164.586,83844.05,83302.16,82965.61,83628.914,83820.55,91443.48,75709.016,87665.26,82756.51,88320.13,75208.44,80331.01,83833.98,82033.52,74150.625,76063.85,67892.57,76144.84,73026.93,82947.73,83077.875,74411.04,80328.555,83056.65,75725.41,83440.67,83454.914,83166.82,81183.1,82004.11,76379.76,73017.74,84120.84,84302.35,87521.91,67262.61,91233.625,83605.46,82552.04,82764.72,76038.76,75040.44,83653.89,83495.586,83857.96,77031.55,80507.945,76394.26,82876.25,83576.766,91459.78,89066.67,82431.75,83399.77,76112.03,81879.55,82773.71,76729.25,76533.18,76336.8,83634.016,87107.64,76260.54,89139.16,83460.875,75955.55,75594.664,75489.555,83359.14,84271.8,82887.945,82751.46,75417.95,90442.016,76356.6,83124.48,82063.73,87622.96,91446.87,73631.92,81995.195,84147.0,82202.76,75512.164,82733.47,83083.26,87497.71,83173.73,74866.02,83358.5,88251.43,75454.28,88158.06,83263.95,82900.91,88567.266,74740.4
2027-08-01,83190.375,90717.75,83237.75,82990.22,82863.92,83553.984,88104.61,83064.41,82980.164,84196.86,83700.64,82884.54,82131.6,82842.19,75686.71,74778.54,84259.44,82520.945,75454.86,76403.23,80210.44,75821.59,83563.7,83522.43,82793.305,76203.76,83491.61,86824.66,74222.66,91364.58,82225.18,76923.195,82654.37,82712.33,83185.94,83220.055,84140.91,75335.35,76202.53,82381.84,87747.64,83000.266,75721.94,74728.07,83236.33,83536.52,83026.4,82811.62,87734.26,83022.43,88372.21,83735.85,82647.04,83419.58,82773.56,76545.0,82649.09,82842.27,83441.305,75539.31,82920.12,82746.336,83026.71,91627.58,87487.36,75488.68,82987.29,86685.586,83438.27,87483.11,83187.84,83099.91,75098.36,83731.06,88015.67,76114.36,88188.08,81917.89,91140.055,76049.78,68403.2,88346.586,67740.516,83500.92,74488.57,76070.67,82945.76,83163.89,76142.81,82804.35,82807.28,76804.37,74271.94,82954.69,79752.25,82836.58,87663.836,75546.95,82236.63,83205.77
2027-09-01,82895.14,83749.67,76348.88,83087.86,81867.36,76360.24,76299.02,82780.51,82550.78,82422.01,72393.15,83101.88,83192.445,82854.12,80172.89,83474.02,87894.46,83494.08,76473.49,75745.125,83402.48,82318.71,91482.11,75275.67,83275.234,83412.74,77233.836,88132.836,83522.51,84466.68,83271.9,75050.31,88449.6,83527.21,82548.42,75942.51,75434.93,76485.016,83283.49,76316.05,87557.805,75432.836,76089.83,79855.984,74889.586,83156.195,83500.21,82499.54,80598.055,74878.445,90604.13,82746.336,91826.5,91585.55,83696.734,83009.61,83279.37,83257.36,79193.82,83065.68,84083.47,83613.6,86703.94,83667.84,75578.16,83114.97,82904.15,80056.76,87979.67,83687.79,80222.61,82976.52,67276.97,82851.27,82311.49,73642.875,74309.484,75720.13,76318.97,83350.72,82754.45,82727.32,82043.15,82747.83,75115.97,79021.36,83647.57,82671.48,83356.59,75757.04,87818.22,74986.36,83548.96,77112.4,88521.414,87490.62,83244.1,82673.13,83459.37,75862.46
2027-10-01,76500.625,82708.39,80529.29,83587.53,82866.92,83115.12,83047.62,83477.99,80013.94,80141.85,82093.86,75962.15,76707.086,75506.54,83488.19,83174.27,84138.5,96452.75,74903.516,75541.19,75931.14,82770.72,82944.95,89162.71,86737.51,83084.13,75382.29,82847.164,83185.7,87381.625,82954.69,75838.586,80948.55,87954.664,82703.414,76131.414,80310.18,83104.664,96292.74,91053.87,75706.195,82550.7,75176.1,83002.01,75715.734,76331.34,90974.37,75424.14,83737.13,75505.03,75675.96,80512.7,76501.43,87333.22,83546.96,83528.4,75138.61,82651.3,83156.664,83596.62,82808.77,75710.6,82892.61,91382.18,81643.836,77009.14,87018.55,79856.664,79254.04,82356.086,78915.92,83730.11,91263.65,76514.266,76649.97,83408.52,75937.805,83402.8,79708.15,83053.64,87355.97,83437.73,84460.07,84114.11,74334.86,83166.42,75332.56,79238.55,66622.92,76103.25,83394.61,83023.305,82163.414,75559.34,86738.25,82683.94,76082.93,87440.484,75741.66,76516.68
2027-11-01,82609.22,83685.875,83508.89,83241.336,86686.66,75986.414,83133.195,82807.51,82314.78,83486.51,75884.52,83711.58,82970.195,74594.914,75660.87,83571.664,80000.125,82995.914,73657.41,92118.14,82433.64,84171.805,76255.59,91017.76,84167.39,83619.98,82899.33,75724.9,83659.625,83503.0,83836.29,73885.64,74595.56,82741.28,82425.78,80931.09,83704.555,83538.84,82331.81,83857.72,75486.02,76301.86,82721.4,87940.16,83317.5,82642.08,91439.54,76417.07,82599.45,75588.03,68003.9,74589.516,83171.42,75937.01,88254.8,74629.86,75176.38,82892.766,82668.086,82464.86,75786.39,81484.14,74271.8,83858.76,83661.3,87880.22,76225.57,76479.19,83081.2,76288.33,83661.46,81954.39,80508.48,90290.33,82888.5,83065.99,83828.22,82367.87,83230.93,80337.9,82844.32,76187.484,82666.43,75418.96,82074.76,88034.38,82850.086,76872.734,87522.91,76100.27,91611.5,82944.88,83355.96,83009.92,80490.82,80251.07,75431.18,84165.87,87980.34,67787.88
2027-12-01,83676.62,83922.37,75597.11,83796.41,82936.49,84583.234,83824.94,83156.664,82973.2,81200.14,83524.5,76513.18,82202.29,91147.53,83031.695,75785.44,67462.46,75614.78,76362.72,82729.445,75140.836,82791.09,83114.49,84138.984,82215.46,82664.46,75816.6,76790.6,95630.07,82663.516,75523.9,83658.1,83494.0,75718.48,75974.1,86506.37,83717.09,87445.32,82525.59,83525.62,75059.19,76160.75,74523.88,83698.73,82696.24,82296.89,84475.78,83715.98,83629.79,83043.26,76322.52,83329.25,76444.55,75674.08,76172.805,82352.47,82749.57,87797.12,75679.84,82729.37,84174.29,83142.71,75684.68,75055.18,82678.89,82019.984,67666.84,75449.39,75985.836,75576.28,83088.88,83154.13,82798.35,83036.53,82564.24,83387.84,83208.55,67008.875,75361.01,91298.2,84344.57,95540.555,82927.945,76157.05,83301.92,74633.63,83484.92,74997.51,76011.27,82899.49,76010.766,75745.055,67804.63,83451.41,83664.57,83729.07,83278.65,87604.83,76001.125,83252.52
2028-01-01,90763.18,83348.016,83524.664,82866.68,83340.06,75652.64,83099.12,82766.77,82801.04,83247.6,82919.73,83634.98,83244.43,75750.98,83079.15,76656.18,83731.86,86673.016,82699.234,83912.2,84221.02,83609.055,83415.6,87425.14,83438.836,83524.98,75662.97,83465.26,80175.18,83536.85,72675.38,83348.41,81979.64,79549.44,88096.54,88086.54,82119.23,88083.93,82917.75,68761.95,74349.46,82785.72,76083.73,82652.875,82979.46,84381.016,76271.6,82803.41,91169.26,83113.23,82850.65,83214.66,80218.93,88884.58,91000.57,83191.016,83414.414,87854.74,67284.42,83517.33,82054.96,82410.055,82127.375,83283.65,83631.86,74337.055,83229.82,75902.11,83101.016,83723.16,82295.94,83380.84,82857.36,74950.17,76073.28,82769.766,76411.38,76635.86,75566.12,76324.64,76279.164,82806.41,83439.87,83372.98,83808.234,91609.57,83324.96,76070.086,88697.44,76234.22,66809.47,82852.85,83384.74,83425.555,82344.69,82358.28,90442.016,76620.375,75853.7,83750.39
2028-02-01,76449.21,82679.04,81773.49,82013.66,87627.47,83687.48,82193.98,76431.43,82015.13,75637.43,87610.43,83071.93,82480.12,75775.83,83787.78,83449.82,75650.336,83132.805,76346.78,75702.734,80076.45,82861.38,83841.33,83118.21,82814.305,81867.05,67759.0,83165.39,75596.25,75475.01,76103.98,83741.61,87702.47,75472.42,86785.5,82084.7,83540.11,82451.49,74985.21,83474.17,76271.6,76197.22,83101.734,83447.664,82943.45,91114.16,73515.086,82919.96,75371.72,86868.47,75736.46,83462.31,73390.75,72596.83,83825.336,83520.2,75985.11,82391.195,77375.38,83275.305,74279.73,81903.29,83128.836,88005.34,75830.2,84178.555,82791.95,83620.695,82898.77,87401.96,76625.34,91411.12,75929.336,83357.95,91488.4,82564.164,87290.68,82321.69,83556.21,82250.125,82721.48,76354.34,76003.234,75656.55,82759.04,79872.28,92486.266,83539.24,82760.54,90899.95,82534.25,83738.65,68739.01,82820.23,74517.13,83533.1,75993.664,67680.66,75445.22,75922.81
2028-03-01,82311.64,80801.38,74694.73,83889.96,83358.266,75707.51,74859.95,74639.18,82948.36,83114.17,76018.31,82965.766,76547.99,87518.9,75837.93,83059.82,82004.34,83250.78,75967.22,76027.516,82067.41,83660.74,82916.4,83143.82,83386.81,83169.44,83552.62,83469.72,75515.26,76194.38,91364.76,88294.53,83536.3,76115.805,83342.445,75876.64,83481.49,75534.34,83528.32,75526.93,83654.28,91111.03,82700.18,82397.56,75666.35,82663.2,83702.64,69006.52,76485.305,76188.22,82976.055,67807.09,73767.64,83249.664,90206.336,75845.67,82861.625,76359.516,82859.33,91155.52,75920.79,83827.66,75388.9,82523.94,83507.77,76475.68,76631.99,79485.58,82896.64,82865.5,75908.195,82477.914,83728.83,83327.51,83071.93,80245.18,82879.88,75856.67,83342.77,84499.8,83302.72,83495.03,76222.805,83153.336,75844.875,82838.24,75531.54,75921.516,73785.016,83133.76,82069.59,82777.82,75647.59,83450.695,82593.46,83756.38,80553.875,76165.04,82966.63,82958.72
2028-04-01,82811.46,82924.87,83180.06,74065.96,82861.07,73076.46,75559.77,83213.16,75592.14,82665.41,76582.67,75974.68,83756.62,75659.79,88184.63,67958.19,83628.75,75738.836,76636.516,75315.17,76191.56,82752.25,82738.37,82983.49,83577.41,82838.164,74886.73,90214.67,74731.2,83494.87,90967.766,74910.02,88516.85,83011.59,77115.77,82595.19,75732.266,82353.734,83263.95,76070.234,76915.71,82700.414,75356.484,76482.76,83168.88,82665.96,76175.43,76233.34,82563.54,83415.6,83390.07,82752.25,68626.734,75580.53,83283.65,76499.54,76061.016,75979.6,82661.15,82196.25,75316.46,87402.29,75426.945,82738.83,74374.64,88920.86,82026.555,66869.01,91174.836,76137.22,91702.05,83575.17,87549.37,83190.86,83576.05,75097.42,82781.14,87424.22,83382.68,83132.72,90257.875,82261.73,76073.28,84288.836,83650.766,83760.14,82888.11,83305.414,75813.7,83570.875,83360.97,75607.93,75653.22,80073.48,82855.86,75520.16,82192.1,82834.05,80125.65,82934.04
2028-05-01,82772.38,75321.77,83826.23,83397.31,86779.54,67875.67,75427.734,83689.39,83289.21,83916.84,82159.65,76109.56,79244.29,83635.53,82397.33,74879.02,80235.0,74654.414,79729.28,82866.13,74875.734,83348.81,83540.91,75928.69,75555.59,76259.305,75430.76,82738.05,73218.71,82718.484,75883.36,83266.18,81970.26,91008.2,77168.38,83096.5,83894.6,82297.586,83209.03,82975.49,75792.6,83985.46,75707.79,83426.266,75726.85,83518.28,73446.34,75903.414,76195.336,90702.26,75061.62,82963.945,82994.88,76635.13,88297.56,83506.81,75300.95,75802.28,87743.8,83833.58,83654.37,74439.29,76671.1,83720.92,83397.945,83130.664,76700.5,83316.55,83697.445,80629.42,76180.586,75964.89,76222.88,81924.695,83083.11,76403.375,76058.336,76296.625,74534.12,91248.42,83285.24,83552.46,74863.305,82816.67,75324.37,83236.88,73159.516,83222.36,74978.63,83160.555,82955.64,76220.41,76247.16,74888.445,82970.12,82839.98,82670.14,79679.27,82424.37,83062.664
2028-06-01,76836.97,79993.72,87931.69,83430.555,82854.75,75731.54,91441.02,81982.53,76826.34,82008.72,83520.68,82584.96,76223.54,73272.49,68291.68,88195.91,83312.484,83055.38,80036.984,88271.805,73880.15,82033.68,74922.234,82697.34,75599.125,74500.44,75884.086,83036.84,82099.81,91245.63,84519.86,83497.19,83557.086,83437.65,83270.79,83311.45,75263.9,82965.766,83201.41,75340.02,75704.83,76195.48,82915.46,68639.82,83516.53,82749.57,83614.4,81049.125,75727.15,80918.3,83604.195,82217.97,83640.875,75642.48,82416.734,83649.17,75863.62,83495.27,76215.32,82824.734,67642.52,83540.03,83394.69,81898.21,83802.48,83033.04,82199.46,75361.01,75910.01,67410.37,83542.11,82031.17,82261.18,76234.73,82078.984,73497.84,75886.19,75068.92,90379.94,83818.305,82381.766,96348.02,76269.05,82836.89,87782.21,76545.66,75578.73,76120.96,83177.28,83061.4,83146.75,83101.81,83087.7,76096.93,82515.05,82151.82,82602.125,83612.33,76075.74,82654.14
2028-07-01,76122.49,75987.14,91423.15,76410.21,83777.07,83442.17,75528.805,76362.65,79473.16,83600.445,76511.28,76142.086,82130.74,75652.07,74996.65,74665.45,83391.74,82863.76,82726.68,73514.95,75794.48,59920.754,76753.84,75840.1,75888.79,75684.98,82958.56,82026.4,76365.05,84041.55,75484.08,83140.96,82295.0,76127.56,67072.62,83128.28,74209.06,82658.78,73024.77,86700.625,75563.09,75199.695,83400.57,76260.4,75696.09,82890.63,83124.71,76099.62,82611.11,83441.945,83381.32,83286.195,81989.26,88103.6,79507.414,76185.016,82621.664,75493.23,82125.42,75967.5,74881.234,75777.57,83588.57,83214.42,76083.58,68184.36,88061.516,83776.83,75444.14,75056.83,82709.95,83445.76,74435.875,74935.45,76022.95,76242.875,87761.87,82603.46,76351.22,75720.21,83333.39,80064.31,67366.73,83847.25,76209.94,75172.37,75399.54,91390.195,83453.164,82138.88,82371.48,76026.86,75481.99,82834.76,67850.82,83507.85,76673.66,76708.25,75544.14,74250.47
2028-08-01,82967.82,80046.15,82618.91,75816.67,82946.3,83425.305,75782.625,83598.3,76371.016,82765.75,83063.695,83421.805,83100.695,76128.73,74883.37,84372.64,83112.195,91677.484,83009.92,75904.5,83502.2,76811.55,83245.375,67476.68,82783.74,76194.31,83761.26,75662.31,76263.09,80091.88,83053.32,75655.31,75656.76,91367.016,82990.61,82875.61,83387.84,83598.21,75815.23,83350.32,83225.13,77085.05,83630.67,75812.41,76276.39,82309.99,83362.64,75784.5,83077.41,82741.516,76322.97,75496.17,84017.26,91773.8,83276.984,82880.516,83232.2,82844.8,83439.16,75760.8,75860.86,83182.37,76526.39,80408.73,76966.19,83558.76,82153.47,82891.35,76182.55,83393.88,75986.27,75488.33,75586.305,75587.89,82169.13,83459.84,83481.82,83417.516,80595.13,83332.44,67315.36,75414.64,73511.73,76224.625,76014.25,83304.625,76219.68,84410.07,82164.35,83235.45,82144.766,84013.66,83193.16,83239.91,83287.46,83295.72,83256.97,83438.68,83006.76,83660.336
2028-09-01,83757.09,83083.74,82756.51,83285.88,75616.51,82756.12,75268.0,75617.734,90311.86,91142.836,74144.91,83804.16,66899.05,74677.484,90738.43,82706.09,82922.1,82633.24,83320.2,74316.57,83035.9,76394.914,80239.44,82736.625,82654.6,82883.05,75436.08,83295.01,82232.31,82995.2,82532.21,83504.12,82970.27,83347.85,76152.914,74768.34,82581.57,76071.33,83598.375,75773.586,76226.23,74993.22,76402.93,75911.234,82204.8,75828.17,82497.58,83730.586,83739.2,82205.42,86690.71,74742.46,80711.734,87766.48,75968.01,82270.52,75370.29,82730.63,83719.64,83284.29,82459.9,74886.875,76458.62,82306.305,76011.78,84140.664,83088.414,75666.43,82720.3,83079.78,68368.5,83088.414,74493.4,83289.6,82803.72,72865.05,83084.61,83031.22,74411.96,83217.04,82537.72,74878.445,83112.36,76510.41,83265.47,83134.23,82131.29,83299.23,84236.766,67701.26,76029.4,90365.1,83434.22,76773.31,83365.66,82763.45,76640.4,91473.305,74543.93,75801.85
2028-10-01,83379.26,76914.09,82929.06,83305.26,82976.68,83394.2,75895.164,82001.52,82409.74,84314.81,75933.24,82730.0,75508.914,74917.73,75988.16,83789.21,83487.945,87948.8,82732.766,82753.516,83316.55,82668.484,83184.03,87927.99,76334.76,83269.75,76172.3,82774.98,82912.69,83090.234,75340.17,91238.586,83874.125,82125.65,82668.95,76143.68,76139.336,82904.234,87351.96,88131.33,74579.695,83226.01,75009.52,83184.27,83419.1,83304.625,88320.805,83265.39,82978.9,68007.73,82827.49,82283.86,83074.7,74787.664,83534.06,83274.59,82767.33,76430.19,82710.75,81988.39,83382.2,68509.68,82308.35,87930.016,83008.19,82868.18,82930.96,76332.57,83681.17,83027.5,76063.484,83493.36,97106.766,83156.836,83378.06,83200.61,82325.3,83114.09,83866.76,74737.12,75950.336,83052.445,91466.93,83801.04,83493.6,75821.23,76307.02,76156.32,66814.18,82913.24,83554.695,75493.08,83754.14,82947.96,75074.66,84347.22,90386.305,82266.76,83032.09,83370.75
2028-11-01,90963.695,76272.03,75750.91,75799.25,82528.03,75829.04,75834.89,83066.07,83070.91,83706.15,75864.625,75940.484,76992.33,76795.13,82785.24,82424.76,81974.32,74223.93,74605.164,87597.89,82775.23,83206.805,76250.14,86822.09,82962.68,76400.74,82363.23,75622.42,83245.86,82852.695,67657.49,83503.555,75628.555,83551.43,77076.3,91349.766,76220.914,83430.24,82843.21,82425.62,83144.77,75580.1,75546.95,83342.69,83727.7,76647.125,79758.56,83192.125,82853.17,75633.03,73599.27,84456.53,84311.836,83466.61,82757.54,83442.5,82795.04,82045.016,82161.21,76121.18,91584.51,83049.914,82868.266,75894.586,82753.75,82822.516,74767.84,74025.85,82090.734,82841.32,90436.234,83281.59,83575.016,79150.78,82167.49,82948.52,76313.14,74044.77,82769.06,76886.734,75911.445,75677.83,83186.97,75133.95,83302.875,76076.625,82161.69,75469.32,82542.67,75805.9,79265.38,83650.62,73801.98,82693.555,83084.375,75193.38,83549.36,83434.78,83229.58,73596.32
2028-12-01,75694.07,74820.91,75549.4,83167.77,83373.62,82772.92,83277.46,83305.97,75270.23,75989.75,76096.06,76033.17,75289.31,88058.58,81989.64,83012.62,73668.65,82880.12,83721.41,76018.53,83012.22,83350.4,83070.12,84289.33,76277.63,75514.83,75720.06,82623.72,80488.83,76398.99,76953.125,83756.62,75395.8,74539.375,83935.09,77027.43,91335.14,75364.68,76776.02,83422.28,83020.38,82822.44,74322.74,76867.97,82845.91,82048.62,82955.0,82296.734,82803.086,75836.27,83223.79,75929.914,82979.375,91875.73,83898.2,83198.72,83654.37,74898.445,83169.44,83120.35,76013.67,82242.05,83068.69,76395.56,77023.02,82565.266,73143.19,75891.12,83466.85,83633.305,75510.8,83428.17,75809.01,83341.81,74806.92,83282.695,75838.15,66878.82,82804.2,86775.41,76244.47,80104.1,83523.234,83328.3,75691.4,82630.49,76084.02,74642.17,81950.555,76767.09,76050.5,75730.1,66136.11,83338.48,83049.99,83294.93,82935.55,82128.0,91281.836,82325.14
2029-01-01,79876.09,82158.164,83655.48,76623.88,76292.695,82825.84,83407.17,73978.35,75987.51,83059.82,83640.086,83408.055,75784.8,82281.51,83723.0,83406.85,83777.79,76364.18,83249.03,74189.6,76709.28,82711.305,83174.6,75790.36,82358.76,75760.08,84089.41,75467.38,84212.03,75480.695,67219.19,75974.1,91854.34,76278.66,82752.96,75630.72,83744.72,83358.02,76186.98,73701.12,75593.08,82539.92,83620.46,83309.945,75485.16,84426.65,76644.414,82884.78,79662.7,83246.805,68435.5,84136.81,83289.13,83657.39,79791.66,83174.04,83461.836,74841.68,67381.19,83369.32,83547.6,74896.016,82789.586,91448.96,75558.19,76528.06,75617.52,83507.62,84093.26,75615.72,75420.33,83121.14,82801.984,83883.08,83667.92,82596.62,83330.84,82406.67,76167.0,83012.62,75611.68,82591.805,84001.805,83011.83,82746.414,88019.03,83305.89,76812.94,83548.164,82371.24,73184.36,82105.445,84456.055,74963.766,82670.766,75171.8,79172.75,83277.62,75934.98,76022.95
2029-02-01,83115.6,83446.0,83055.86,76179.7,83484.84,83653.08,91108.945,82765.664,82409.516,83195.375,75322.21,75166.2,82109.44,83331.72,83030.99,83204.26,82093.78,82746.49,83157.46,74109.484,83376.16,82714.85,75482.86,83506.664,76609.125,83486.12,73345.13,82886.516,73724.1,75815.01,83861.72,82892.84,82065.69,83468.12,75810.02,75434.13,83000.586,75938.9,75049.52,83399.46,83160.08,82955.0,83040.25,75713.49,76464.31,88181.266,73627.49,83439.16,75449.39,74003.33,84155.03,83468.445,67353.5,73410.22,82869.21,82675.734,82338.57,75671.695,76425.805,83478.8,75957.73,76292.55,83000.266,83509.055,82607.555,75615.0,75803.805,68765.69,83589.69,75633.75,76714.914,87923.555,82703.89,76369.34,87944.69,67853.92,83332.04,76611.31,82221.73,75521.375,84271.72,76689.67,82915.3,75512.23,75953.59,74939.32,87525.08,82550.78,83419.18,87821.65,82733.08,75900.95,59758.57,83021.17,83320.28,76726.18,83105.62,67559.74,75434.57,84026.875
2029-03-01,84691.16,83507.93,76066.75,84043.23,75909.13,82802.93,76258.07,76174.195,83561.63,82183.08,83064.805,74979.63,83478.625,83215.53,75746.93,82816.67,83058.23,84535.984,75687.43,74342.375,75822.234,83273.65,83346.66,75838.945,83197.84,83098.08,82986.89,83408.92,82759.35,83419.1,87293.01,82957.45,84655.71,74946.53,83555.89,75618.46,82831.68,83077.96,75687.0,82917.195,82432.23,88044.96,76281.78,82977.945,75289.18,75531.82,73855.555,67154.22,82114.61,82663.75,76231.74,73876.69,76228.836,82984.36,80835.3,82526.85,83367.73,75612.83,83047.23,87442.81,75813.414,82987.055,74324.016,75988.81,91422.28,82849.46,83582.43,83090.95,74717.234,83402.08,82821.17,83337.836,82780.82,76308.63,82069.91,83608.98,82163.26,75266.27,83626.92,76126.266,83092.14,75039.58,74533.914,83524.42,76083.3,83132.64,75790.29,76437.984,75638.8,83239.35,83150.33,67919.445,76246.07,76208.195,75000.08,83275.79,76025.266,83550.95,83718.69,75720.79
2029-04-01,76313.5,74682.55,76217.57,83308.125,76178.26,73837.805,73988.305,82803.41,83137.24,83664.17,82566.3,75675.16,75725.625,82999.87,82193.51,59981.016,83231.57,82815.41,83538.914,82794.086,82185.36,83733.3,82276.8,73964.46,82076.8,74750.945,75828.02,87599.4,83331.16,75866.65,87635.33,75678.91,75446.66,84303.16,83400.96,84516.31,82532.05,82817.39,83945.336,76352.96,82938.234,82827.734,83253.4,83587.13,75539.75,76042.59,75633.03,82142.81,82887.39,83082.79,83155.24,75814.8,73469.47,83520.12,76143.47,82794.8,83472.984,75249.195,67592.35,83200.61,76069.36,83777.71,83358.19,75782.05,83353.58,82799.77,82776.48,72660.13,80720.516,82710.59,79076.84,75736.67,82801.586,83189.82,75604.68,83780.266,83374.09,75017.97,75637.35,75651.64,88498.54,84415.54,82275.14,91201.09,74105.74,82649.24,83660.664,83506.19,76110.29,82794.72,75794.33,82102.24,75740.0,75897.336,75689.59,83829.98,82841.086,67179.65,76648.945,83058.555
2029-05-01,83569.836,82199.46,74373.43,83004.86,82052.07,73243.15,83886.6,75656.04,83503.945,83467.33,75984.68,76265.7,68166.35,76384.86,76159.44,83646.54,83474.17,76334.03,82894.51,82939.34,84674.68,82932.38,74579.55,83220.22,67699.32,75505.03,82115.87,83268.96,72558.21,75213.39,82500.18,82953.42,82592.984,87551.46,76118.055,82345.164,76625.49,83012.305,75177.96,82052.22,83319.086,83556.055,82841.32,83503.234,82779.65,75210.45,66800.484,76841.3,67330.5,80195.984,83602.28,76170.05,81981.2,75498.91,76336.0,84079.78,84017.1,75189.15,76237.49,82840.53,83128.28,82295.086,82859.49,75461.12,75641.9,83669.195,82969.41,68157.055,74867.09,75035.14,83601.24,76034.55,83411.47,74504.336,83359.23,82689.77,91673.03,82711.07,83048.88,87640.01,82259.06,83145.25,76573.914,82893.164,82661.07,82903.914,66475.68,75579.53,75966.85,82871.82,83481.34,76805.83,82997.58,75926.44,76815.43,75211.664,83361.52,83749.91,75760.08,82837.21
2029-06-01,83754.79,83670.31,82510.09,83074.87,76262.72,82983.96,87390.96,83385.695,75853.766,83022.12,75495.6,75540.03,83965.43,73525.61,66962.945,83566.805,83903.32,83152.55,76493.555,83279.84,75984.82,75354.47,75273.38,83535.49,82708.06,83685.4,83875.56,83727.23,83920.29,86584.86,74881.875,82628.914,83087.07,83756.305,73587.62,83973.52,82758.484,83740.016,75583.27,82880.195,76237.56,83339.43,82674.55,65500.945,83317.97,83869.64,82933.336,83550.79,83397.945,82915.22,75491.35,82711.22,83361.05,76298.01,83444.01,73924.125,83895.08,83110.37,83027.664,82805.23,73679.4,76185.59,83517.805,76105.42,76165.41,83563.23,82967.35,82940.445,75971.78,66841.78,75021.98,82973.6,83285.88,73858.02,74657.19,66433.4,83263.95,82693.555,87365.96,76092.22,83392.7,78407.61,83004.86,82974.78,83095.47,75354.4,82558.57,82805.93,83712.78,82660.05,83550.48,83127.49,74651.92,83429.05,83111.32,83183.32,74640.95,83943.58,83547.84,75044.734
2029-07-01,83359.45,76062.26,88553.836,76668.55,75490.56,83218.87,73888.88,82962.836,83441.945,75721.58,76829.87,82068.66,82712.484,74806.92,81907.98,76031.35,83458.97,83078.03,83694.336,72417.19,83124.164,68208.555,75897.19,82098.64,82916.73,83009.61,82925.82,75672.84,82697.97,83507.22,83183.32,83669.52,76319.766,83116.31,73163.42,76058.41,83357.79,83029.88,65628.945,91292.91,83002.72,75648.31,82930.33,83503.0,75740.65,75532.984,82232.71,75612.26,82352.234,75736.38,82950.016,83598.85,82941.164,83786.336,91592.37,82815.25,82753.12,75616.945,83582.91,83767.56,67378.42,82717.85,75970.48,82251.055,82936.414,73212.21,83624.6,76006.195,76075.31,75448.31,76361.77,83551.266,82432.85,83618.79,83037.8,83563.46,82401.414,74722.16,82353.414,76583.555,75227.24,75697.03,72496.65,84043.39,76264.62,83542.83,75953.52,88677.23,75822.234,75969.89,82608.266,75995.41,82998.52,82090.42,73747.8,76137.445,83563.86,82322.71,75858.766,82959.836
2029-08-01,76051.23,82877.27,83634.016,76227.67,74898.086,92411.24,84376.75,76003.3,82782.875,82916.56,83107.516,75956.56,67892.375,76262.29,76010.625,76152.914,76082.28,87067.195,83801.92,83595.1,74782.61,68193.2,83068.766,74229.02,76101.0,83629.63,83074.79,82671.164,75995.18,75608.22,75636.34,75795.2,75488.47,80916.82,83706.234,76893.41,75641.82,82713.67,82517.09,84136.81,75837.28,82970.984,83024.18,83666.805,83282.695,82360.33,83900.28,83632.266,82994.734,75392.78,76259.96,82139.59,82583.22,88206.5,75942.95,82649.33,83304.625,83274.28,76206.305,82686.38,76708.695,75702.08,82074.92,76531.79,68301.12,76187.414,75690.1,76379.18,82421.45,75773.81,75538.88,83214.18,76421.516,82824.02,84323.09,82539.92,82896.96,84521.15,82999.48,83243.95,73833.445,75013.75,74353.16,76064.28,84278.234,82847.01,75894.0,75615.29,83220.45,83304.305,82804.04,83381.88,83647.34,74743.04,82694.19,83540.36,75472.055,84611.8,73431.28,84458.14
2029-09-01,76489.54,82767.56,76493.85,83020.06,83417.03,75216.98,75999.31,83447.91,87570.25,88301.35,75559.2,83401.6,67490.45,82125.19,79801.25,82913.24,82043.77,82979.93,82726.53,76209.07,83807.516,82814.625,74894.01,83052.21,82240.63,82731.81,76942.86,82677.15,83373.13,83718.766,75988.664,82766.06,91407.73,82186.45,83592.71,75806.05,84214.2,82887.31,83623.97,83562.51,76015.266,83708.07,76320.64,76285.34,83427.85,82870.555,82823.15,82796.69,75437.375,83102.68,82954.53,76008.88,73792.336,82876.72,91129.98,83472.9,82715.56,76109.49,82518.83,83259.35,83984.26,77046.016,82894.266,82985.39,83643.195,82637.03,76068.78,68287.96,83100.94,83540.43,65643.84,82025.77,83183.63,75345.125,75979.75,73707.445,83953.586,74788.24,82753.516,83297.48,75600.5,83565.13,83413.61,92487.766,83068.055,84004.84,74996.94,76056.59,83508.734,66682.34,82502.22,87440.31,83815.83,74864.805,82936.1,75782.336,82551.73,87664.586,83683.96,83605.16
2029-10-01,83202.29,83372.336,75582.12,83543.305,83236.73,83531.43,76196.56,82407.07,83547.76,83321.38,83488.19,83105.84,83075.58,82946.94,76237.78,82917.75,82769.53,83198.234,83401.766,75904.5,82299.555,83290.56,83815.19,84352.05,75764.695,83457.85,83148.266,83511.59,75976.266,83405.98,68238.61,87335.64,83347.46,84402.02,74094.78,82736.47,82794.25,75708.73,76032.81,83069.0,83819.91,82373.445,83181.57,82734.26,83182.28,82087.29,75057.18,82900.12,76298.08,73226.25,76362.06,83488.35,83414.65,76257.055,82974.87,83247.6,83460.484,76433.68,83892.59,83701.05,82593.54,73312.89,75310.36,83601.96,83282.305,75559.49,76797.77,83060.61,83294.45,83476.56,75658.85,84073.93,87964.484,82723.14,75870.56,74918.945,74121.43,83752.14,82859.02,83253.234,83669.75,92148.72,87856.75,82941.56,75464.86,74822.55,82077.19,74528.65,73256.42,83703.76,76288.04,82760.305,83040.17,75683.17,83379.49,83211.73,87765.13,75903.414,82668.72,83205.3
2029-11-01,86764.15,76397.32,83279.766,91169.79,76025.414,76433.25,82262.91,75973.734,75451.91,76337.67,84287.96,74274.34,68051.58,82962.68,82365.51,82863.2,75444.43,76484.58,83081.68,83713.82,76147.53,83256.49,83979.055,83080.58,75099.79,68922.87,83062.27,84030.88,83460.01,83336.41,73036.96,83507.45,82981.35,82246.664,83400.484,88477.36,82792.195,76248.98,82633.72,77032.2,75569.58,82410.53,83317.5,82383.26,74880.445,83272.45,75949.03,76435.37,83028.766,76517.414,66102.305,82560.38,81961.5,83957.35,82405.11,82784.62,82851.12,74488.5,84308.94,76344.516,80188.19,82616.62,76298.37,82233.414,75792.52,82274.125,82333.94,82782.56,76160.32,75819.77,71933.02,82380.28,75901.17,84025.75,84269.07,76342.04,83730.11,74492.55,75300.375,83335.13,82755.17,83383.39,82756.67,76058.41,83784.42,76632.22,83541.39,83162.695,75646.95,76012.73,75044.445,82175.64,82910.79,84036.09,75786.45,83152.625,83288.81,83311.45,82785.24,67817.95
2029-12-01,82756.04,76102.52,75626.03,75984.89,82922.5,82980.48,76287.74,82284.64,68219.69,75343.05,75183.695,83096.65,76174.625,83189.35,76010.48,83306.37,82946.15,82510.805,82139.125,82781.85,83312.09,83484.68,76373.06,82188.02,83796.24,75993.16,76129.234,83341.97,83035.34,75628.12,75807.56,68423.03,83466.85,68044.18,83104.664,83365.34,88228.71,82798.195,75587.164,83319.72,75934.69,76722.44,83982.17,76004.54,82571.18,83206.805,82570.23,83950.7,75420.54,82897.586,83217.36,82827.336,76620.23,87706.734,67866.35,82728.5,75689.45,75508.99,75738.33,74781.25,82921.16,74351.31,75765.79,83736.414,77081.516,75929.62,73242.875,83801.69,91185.61,68407.25,76561.945,84161.37,75839.59,75751.625,76279.45,83851.65,83044.37,73740.414,83305.82,76283.97,76160.96,83604.91,82738.05,76452.85,76136.79,82903.05,76153.84,82645.625,83428.09,75770.125,82744.99,83622.94,73517.76,91180.05,76246.0,82477.984,90368.21,82914.12,87573.086,83095.55
2030-01-01,84026.39,83336.26,82668.64,76810.74,82964.734,76281.195,75234.195,76150.44,82233.1,82844.95,74127.8,76732.62,75732.92,83568.96,82917.91,84283.055,75886.19,75771.78,83118.69,82795.664,75998.016,76611.82,84080.26,83064.09,76566.09,82739.94,82966.71,75713.85,82693.4,82559.125,67800.56,83670.95,87373.05,84030.33,67995.08,68176.17,74201.0,83043.9,75765.5,76298.37,75951.64,83030.04,83472.9,83342.6,83349.6,83634.66,83111.484,82578.5,74506.83,83431.99,66785.195,83599.33,75084.82,83005.016,82567.01,83422.13,76475.53,83335.77,73511.87,83674.625,82817.94,75745.055,76008.734,88390.836,83238.555,83458.09,82713.11,75212.24,75606.414,84029.68,67954.56,83072.484,75575.77,74712.96,75864.77,67947.56,75929.62,82816.2,75375.45,83627.32,76057.47,67584.37,83566.17,82910.4,75885.54,75753.14,83080.016,82851.27,82969.88,83563.86,67749.95,75775.69,83515.81,83804.88,76878.16,75968.516,76379.984,83346.26,82835.0,83357.234
2030-02-01,83103.7,75528.805,82826.55,82781.06,76266.06,84097.02,96590.914,75588.75,83655.234,83112.9,83480.06,75708.08,76360.39,82637.51,74657.12,84164.34,82519.93,82035.01,68572.83,83056.414,82182.84,82445.195,76940.945,83517.49,83457.375,83520.27,73301.57,76335.92,76323.04,83913.0,82737.65,82443.08,75556.25,67668.586,82429.164,74862.875,75671.84,82544.95,83275.234,75786.96,84380.45,82188.73,82530.39,76021.79,68623.13,74427.78,66026.08,74855.88,76688.43,75668.375,75909.21,82300.34,74432.9,66938.29,83829.18,83031.695,84077.86,74531.84,91522.86,82866.055,83057.68,76735.1,83070.91,84074.98,75682.81,83347.38,76444.4,72714.484,83427.375,82877.984,83011.43,75489.19,82897.984,83199.51,82981.91,73234.21,82857.75,76017.94,76572.52,83385.695,83008.03,75246.11,83847.17,76862.914,82467.375,82712.01,82369.59,83584.51,82798.59,75556.03,75807.414,83402.72,63145.2,83588.17,82746.73,74697.71,83492.65,66698.44,83212.44,83169.04
2030-03-01,68701.445,82569.6,82978.586,75161.336,83939.49,76204.71,76006.42,82950.49,83025.52,82649.56,83118.77,82836.26,82168.9,83638.72,75347.5,75074.94,82961.49,83262.05,82912.055,75491.06,83675.74,84178.7,75883.95,91498.69,82505.836,82701.68,82200.57,75672.484,76037.45,83273.01,83307.65,83032.25,68207.914,82360.64,83448.54,83492.81,75839.81,83744.16,76262.44,83881.32,83700.57,82385.31,83171.1,82693.32,82886.516,74792.38,82825.2,74574.29,76289.27,83754.46,83504.34,75719.984,83115.28,76237.64,76113.266,82858.39,90435.8,83553.984,83638.65,84401.3,76069.22,82143.83,75573.62,82823.79,80080.586,84406.6,75996.42,76150.73,74960.76,83599.164,83922.28,74141.51,83525.14,75035.72,82964.03,83549.28,76121.54,82670.53,82975.57,82437.88,82834.836,83123.445,82738.05,82785.8,83375.67,83043.26,83889.4,75945.555,68557.33,75812.84,75662.02,67067.695,82043.85,83340.06,84148.445,83164.516,76693.77,76222.3,82969.01,82912.45
2030-04-01,82314.47,83562.51,76065.15,83853.57,82960.38,83626.68,76458.47,76515.37,75970.336,83728.03,74980.2,83401.05,68673.28,83287.234,83092.3,67742.39,83214.58,83268.484,83668.96,83428.65,83958.8,76039.99,83626.36,83508.17,76140.2,82818.89,76410.734,82660.2,75168.28,82748.7,75687.8,76384.13,75321.2,83210.46,83153.016,82975.734,67824.36,82011.695,76800.48,83677.81,83320.2,76570.555,83072.96,82939.66,75435.07,82924.08,83405.586,81526.97,75910.8,75060.41,82864.55,83517.65,73231.34,83288.734,83424.35,83005.97,75987.21,75729.74,72849.42,83857.96,82676.914,83278.56,75933.39,68207.65,76325.375,82918.14,82907.63,73270.81,75740.94,74410.47,82737.1,74579.695,75405.3,67235.86,75223.58,83500.69,75603.67,76191.05,76065.95,82869.21,82846.62,75845.38,83388.08,80078.14,76010.41,82926.53,83510.17,76278.72,82125.5,76219.54,75772.5,83083.51,83437.56,83566.57,83212.2,83604.99,76028.17,73219.83,82972.484,75418.67
2030-05-01,75948.31,83425.79,83930.69,83198.945,74294.75,66599.16,82977.8,82874.67,83080.016,75784.29,74775.83,75058.75,65991.58,82896.17,76169.25,83281.195,83025.92,75194.02,83081.52,83303.83,82747.2,83389.36,82305.2,83371.23,66928.016,83304.15,76098.83,76673.44,73019.13,75801.71,83486.91,82112.5,84427.45,82744.04,82101.06,82025.15,75566.48,82782.4,67764.49,82835.63,83249.11,83266.9,82704.59,75382.29,83123.69,75887.13,73841.61,75669.02,72747.984,76083.0,75918.4,83430.88,82935.234,75942.875,75727.5,82039.31,75762.53,82642.78,83815.51,82914.03,83263.0,74464.56,82351.52,83382.68,75892.34,82633.41,82848.11,66954.445,74681.33,74532.34,75505.9,83526.97,83372.9,82650.664,76378.67,74853.6,87298.0,82585.42,82713.11,76296.55,82892.69,83293.34,76059.57,76372.26,75947.73,91559.35,73518.734,82105.99,83188.945,82251.055,76413.72,76670.37,75568.14,75565.97,83508.414,83319.875,82896.4,76129.46,82686.14,83450.13
2030-06-01,83544.18,82029.766,84080.11,74969.766,75773.16,76456.0,83316.305,77038.16,75656.76,82884.625,82944.555,83454.75,82851.19,66277.98,66534.59,75671.84,75805.69,83784.34,76083.58,82201.586,83591.59,82997.5,83875.164,91335.92,75723.67,83555.97,83540.75,74075.57,76189.01,75892.92,75932.016,82891.5,83191.73,82633.96,67189.586,83191.09,82927.32,83114.73,75569.87,76733.86,83107.67,83586.98,83521.79,66643.06,76477.875,82623.08,82457.55,83324.64,83115.44,67871.016,83045.4,83240.93,82819.04,83083.03,82269.81,76939.695,76935.37,74283.27,82924.0,83191.25,91471.73,83281.195,83359.14,75614.56,83456.82,75841.62,75706.34,83031.94,75652.36,65314.504,83322.984,76012.66,84249.54,82849.46,83817.266,73575.06,83647.09,74704.266,82402.04,75209.234,82961.58,83032.57,75876.49,83287.15,67583.07,83139.55,74458.31,75262.33,82108.27,83633.54,76071.9,82996.31,82664.54,76347.35,76492.82,67885.7,76360.68,83754.54,83235.22,82933.96
2030-07-01,83589.29,83284.6,83123.52,76517.414,82900.12,76120.016,74959.19,74994.44,82584.64,83062.35,83028.45,82817.94,83513.91,74396.42,83489.45,83397.945,83098.0,75414.51,75802.87,73795.5,82714.06,72465.266,83552.55,83199.82,82088.22,75186.71,81918.99,83899.24,91207.7,75745.484,68026.14,75686.414,82694.03,74310.76,67553.56,83699.85,76204.56,75830.484,72852.48,88392.1,83571.664,75981.78,75693.21,76687.48,76061.96,82887.47,83051.81,76472.4,76115.375,69035.484,82321.84,82712.41,75993.01,75762.53,79138.86,82962.04,81978.0,82769.45,67279.86,83572.625,67174.266,76538.06,76349.91,83531.195,83661.3,72550.45,83925.484,82844.01,82540.55,75618.67,74896.016,82849.22,82849.695,83413.375,76982.27,82661.07,75734.51,75746.2,83556.93,91494.586,83501.4,75008.81,67455.836,83507.7,83400.65,75767.52,76390.47,74743.04,76481.664,81829.195,91175.35,82978.82,75941.64,75519.87,76407.74,76300.55,76191.56,75859.27,83668.484,82251.85
2030-08-01,90889.2,75618.38,76497.57,82896.96,82783.82,87467.67,83420.85,83252.44,75666.22,82924.87,75745.56,83228.71,67429.66,75611.97,81669.45,91278.01,83356.59,83243.79,84150.62,82502.93,82990.46,73391.1,82141.47,83761.41,75804.016,82942.586,83541.55,75991.85,82926.84,82894.34,75446.58,84561.46,83942.055,82887.63,75691.4,83244.51,75142.484,84465.95,75870.414,82565.03,68466.9,75060.766,75565.76,82962.37,83077.33,82787.77,82809.09,75792.24,76160.68,83750.945,83218.23,75968.875,83919.086,75638.08,75393.72,83698.73,83533.58,74467.62,83132.88,76415.24,82825.68,82820.62,75784.58,83438.59,67301.81,76078.65,75336.15,83679.74,83665.61,75647.74,83291.67,83075.81,83555.97,75338.95,82209.66,76198.6,83583.945,83606.75,82935.39,83298.35,76169.69,75577.37,83415.2,75470.04,83859.0,83742.086,83555.25,76113.34,75990.47,83573.34,83554.85,77200.984,83415.766,83651.96,84403.555,76203.98,83407.49,74884.02,66298.22,83366.055
2030-09-01,83181.09,83411.79,82848.43,83682.45,82739.625,76346.266,83391.9,82929.54,75570.945,83110.21,82445.59,76241.34,73572.6,83534.695,76439.22,75578.664,76625.92,83059.82,83478.625,82111.71,82137.24,83622.22,83414.414,76499.69,83152.86,83594.47,82866.29,82983.336,75523.9,83769.8,68562.04,83206.56,80592.21,83542.266,76154.22,82830.25,75607.63,76196.86,83625.49,76465.48,83474.97,75934.914,83746.63,83048.88,83561.23,83637.125,75545.23,82737.414,83368.29,91334.266,83593.35,75166.42,83071.22,83500.13,88356.11,83568.96,75688.586,82778.45,82964.97,76374.59,82733.234,76391.86,83667.37,83135.42,83281.83,74688.45,82900.76,73157.7,82878.77,75724.69,74229.875,83393.09,82681.97,83037.164,83133.04,76251.38,75798.09,75203.93,76544.125,83046.35,83713.34,82667.695,82802.46,88562.54,76107.39,82753.35,75018.26,83529.59,75007.38,66960.7,76056.734,75392.93,83945.9,67574.69,76059.49,81853.555,82840.84,75651.055,76121.9,75542.555
2030-10-01,83140.81,82884.78,82846.85,83091.664,74231.43,75226.16,83055.22,83861.0,83654.6,83297.234,74369.39,83333.55,83003.04,83216.96,83158.25,83096.81,81147.49,83030.586,82789.44,83646.46,76123.72,83284.69,83831.49,82970.76,82153.85,75802.36,82991.56,83281.42,75891.836,74954.18,72405.03,82415.484,82074.13,76048.91,84611.64,83522.75,82202.05,75107.805,83177.766,74048.375,76432.664,84439.13,82963.87,82147.27,75157.03,83131.62,76027.16,83909.73,84359.21,73172.28,90437.0,83440.19,83507.93,83397.47,82112.19,75638.94,75726.64,83523.234,76892.53,82765.195,82987.29,73064.695,83104.98,76193.73,74685.17,75551.414,83327.11,76691.06,82918.625,91083.055,83714.055,75265.7,82975.57,75550.414,83488.98,83013.17,75218.195,74826.91,82951.29,76152.11,82142.42,88551.23,82808.61,83238.87,83764.445,83629.63,82972.73,82092.445,73899.31,74024.79,83581.31,83245.22,82944.72,82951.52,91111.2,83891.0,83493.12,82725.82,83349.37,83216.01
2030-11-01,75837.5,82129.81,76361.19,88391.84,83470.03,74554.24,83004.06,91186.305,83252.52,75854.14,83585.85,82825.914,65471.28,75479.12,75423.42,82288.72,75735.805,75228.74,82945.984,82049.33,75249.555,83117.5,76255.45,82647.51,76134.61,73120.59,82409.35,81830.914,76288.984,83372.336,73680.17,68330.5,82564.086,91213.79,75830.055,82832.08,83541.23,83583.945,76142.81,82108.11,67966.03,74308.42,75467.74,68120.016,83257.29,75627.26,83531.34,82675.34,67739.484,83724.516,67087.45,83164.2,82723.914,83083.03,68341.914,83638.24,83625.164,75818.12,76231.164,83523.7,76255.59,82545.89,81989.88,82895.06,82431.99,76113.484,83666.805,84211.15,82675.58,75767.016,66735.09,83085.01,82935.39,83606.27,75589.47,83545.055,82954.53,82984.445,75457.086,82127.06,74801.08,82726.29,76028.31,75895.31,83026.234,84185.62,75499.84,83428.56,75120.84,76114.5,82462.97,76116.82,76049.484,76082.34,82167.88,82775.93,82837.21,82863.36,74922.805,73048.17
2030-12-01,82319.336,83478.31,82784.305,83348.33,75760.8,75966.27,83196.414,75314.164,73407.13,83062.51,82839.74,76499.97,83530.63,82942.27,75799.39,76206.01,76304.484,75046.586,82900.28,84279.68,74341.664,82210.83,82031.09,76261.85,75059.9,83666.56,82899.24,83364.39,90042.0,83672.47,82820.23,72922.75,83252.52,72946.75,76170.05,76221.87,76264.54,82899.805,74957.04,76438.2,83566.96,68541.97,75044.016,83392.7,83082.71,75837.07,75323.5,83414.336,83589.766,82982.53,76475.1,76516.98,75773.734,76164.39,73205.44,82466.27,74787.1,82762.35,82113.2,76792.35,83430.48,83874.76,73682.984,75766.8,76138.6,75722.805,67195.8,75701.36,88415.02,73850.91,83787.94,83266.51,76552.3,75994.24,76077.49,68153.94,75589.766,83305.5,83295.414,83101.09,82848.75,83233.31,76269.78,84558.4,83219.98,74437.72,83015.625,76970.01,76419.984,75652.58,91328.08,76114.93,72372.58,89083.836,75476.59,74710.47,86713.86,83521.08,76121.18,83354.84
2031-01-01,82749.41,76989.61,83043.18,83108.305,82879.33,83522.43,83265.62,75889.95,82198.99,83206.65,84323.57,73583.27,83924.05,76275.375,83706.31,82888.336,82907.55,84040.66,75582.266,76212.914,83226.73,82733.63,83039.23,75709.52,75440.61,83612.805,82859.65,75090.266,83533.9,75679.63,67267.93,83513.51,92017.26,77046.24,73700.13,67649.75,75658.71,84230.5,76047.6,83298.83,82894.12,82332.68,76446.08,83129.47,82930.164,75594.945,74816.42,75426.01,76152.11,83808.234,66658.125,82859.65,82168.12,75655.53,82638.37,76046.3,83200.77,84380.3,74551.82,82791.95,82552.35,74230.586,83177.92,75341.75,74507.11,83360.88,76212.05,75764.336,82163.18,83310.74,74205.52,76555.07,82816.516,84531.87,82235.375,73045.945,76368.55,83383.08,83624.125,83457.305,82719.51,72946.54,84073.85,82296.65,75723.6,75775.98,83384.11,83201.89,75457.38,75287.164,73704.484,75509.14,83492.96,83585.7,83185.23,83207.44,83037.086,82858.85,83011.83,83647.34
2031-02-01,83619.42,83069.484,83718.6,82643.65,91328.516,83471.625,89069.73,76091.2,83766.36,83266.82,82199.46,75484.01,76999.96,83002.8,75831.35,83012.62,82890.16,84280.97,66978.21,83064.89,82836.58,75605.766,76177.09,83406.85,82991.25,74834.19,74228.88,82597.24,83050.15,83543.87,83394.28,75669.6,82680.945,74349.96,83156.836,83296.36,76118.42,75584.14,75464.58,83479.11,83632.1,82984.914,83598.69,76590.93,67317.914,75786.75,67124.19,75354.4,83242.44,75478.76,75391.92,82673.68,82741.37,66958.85,83124.4,82396.38,83035.58,75957.66,80953.02,75889.74,83100.86,83860.69,83298.03,83097.52,68184.88,76635.71,82387.5,66687.25,68000.914,82442.914,82761.25,75743.03,75645.87,83118.46,83454.99,66967.54,83254.58,82686.14,75430.33,83621.016,76329.23,76212.27,83016.19,82931.59,82997.734,83371.07,82970.36,83655.875,82601.89,83714.94,68025.625,82072.414,68194.9,82815.88,83899.484,82818.57,83345.78,73131.76,83026.4,82360.95
2031-03-01,67179.13,84324.14,83524.9,75887.49,76306.6,82339.586,82899.64,76502.67,74227.18,83717.17,75968.234,83286.12,82932.07,83389.836,76291.086,76331.414,83236.73,75191.305,82704.59,75966.34,83136.52,83347.06,82934.28,88516.77,77095.93,76240.04,82762.83,83272.85,82629.85,82731.89,76390.98,83358.98,73626.58,82738.83,74266.06,83035.58,83699.29,83409.48,76912.99,83016.336,83114.73,82833.1,76108.984,82958.32,74423.95,83590.96,75737.97,83411.23,83135.58,82934.195,75867.52,75892.77,83259.984,76247.305,75768.32,76125.53,87758.945,83471.87,76657.06,82833.5,76482.17,75903.2,75751.266,68376.72,83532.625,83305.26,82825.28,82985.625,67969.47,82839.266,76215.02,83839.97,74832.91,82031.95,82798.51,75496.83,83869.555,74516.21,69429.125,82765.75,83054.586,82941.164,75769.62,82459.586,82987.68,74918.16,83621.734,82900.36,67349.516,75461.984,75268.36,74137.48,76114.93,83302.72,75054.6,75866.21,75397.31,83164.44,75248.12,83027.5
2031-04-01,82690.72,82248.555,83073.28,82652.25,82983.09,74272.07,82676.21,83026.31,76068.78,82193.04,83156.984,74596.2,67311.375,75812.12,68792.58,73141.94,83397.47,75272.586,82985.234,83201.086,83580.44,82920.05,83223.87,75184.414,83477.836,82896.64,73790.01,83288.1,76589.4,83522.34,83492.4,83888.445,90765.17,75807.92,83063.77,82713.59,66306.49,82339.195,82990.22,75856.81,82338.96,83501.25,75624.016,76299.83,74814.35,75973.516,82693.555,83333.55,83798.48,84341.43,68550.2,83500.92,73739.43,76536.24,83673.984,83495.91,83750.79,82688.67,66880.67,83623.65,75499.336,83262.375,82536.06,73105.81,75233.336,76108.04,83730.02,60327.51,82247.29,82854.67,76711.04,76008.375,82773.8,72837.055,76480.13,83596.94,83423.56,82202.125,82805.62,83199.734,82757.78,83387.445,76245.34,83359.14,76029.33,76452.71,83009.29,82411.31,75745.63,83319.0,82787.54,82681.26,83141.44,82532.67,75541.05,83673.42,83532.15,73205.99,82873.016,83292.63
2031-05-01,82943.3,83126.45,82412.58,83396.35,83886.68,67014.305,75631.0,83049.05,82789.664,76308.63,83093.016,75495.38,66667.53,75766.37,67946.79,82581.64,83711.414,83414.65,82934.195,84326.47,83005.26,82838.08,75601.945,82782.64,72500.516,83082.55,83636.49,83598.3,66727.77,75657.266,75577.22,83453.64,82756.04,75624.516,83841.164,75753.58,83505.23,76431.5,74442.125,76020.984,83620.14,75841.41,76233.93,74582.26,76508.73,75598.41,83560.27,76184.15,67260.94,75473.79,83187.92,75183.2,82426.26,82943.766,75762.17,84436.555,82864.23,83800.4,83157.78,75518.42,83527.21,83475.85,75890.31,74090.9,75513.6,91470.07,74180.97,73092.22,83493.68,82904.39,74981.49,83421.01,76298.805,91468.5,82913.164,82812.72,82817.94,82429.4,75200.484,67712.164,76877.06,83332.516,83561.63,83308.04,83330.68,88339.42,73757.72,84263.93,83611.93,83192.445,83430.24,83155.01,77238.766,74423.1,83711.266,68233.54,76335.055,82865.18,75844.305,82565.11
2031-06-01,75501.14,75814.87,83142.39,82863.125,82883.52,75405.3,74275.125,83136.29,82850.8,83223.47,83498.45,75956.35,75315.03,66926.164,73607.98,75815.01,83377.664,77122.32,82391.43,75818.48,82800.56,84624.71,83731.38,88153.44,75700.71,83032.73,82914.82,83219.98,76183.055,75123.35,76912.695,82381.14,82914.03,82835.16,72970.55,82819.83,83758.62,83461.914,75021.98,76093.74,82902.016,82611.11,82940.92,65897.68,73573.86,83848.21,75548.76,82694.82,82251.85,73229.46,76565.664,83835.9,83138.27,75972.87,83917.164,82220.79,76228.55,83695.29,82290.3,82239.93,88240.06,91056.65,75640.09,91393.51,76216.766,76526.75,82853.64,83504.03,90608.12,65937.09,83289.53,82144.766,76465.91,83601.8,82688.43,72334.36,83663.695,68126.125,84628.26,76414.44,84159.61,67907.98,81994.336,83353.89,72354.02,82708.06,83867.56,82755.09,76620.375,82859.1,83031.55,82750.836,76662.4,68516.16,82073.35,72322.91,74744.04,75752.93,83296.52,83279.6
2031-07-01,83279.37,82757.78,75742.74,76189.15,83927.25,83144.055,76161.26,76176.15,82702.16,82953.5,74826.766,82998.69,82776.41,76022.445,83149.21,83888.36,84050.2,76408.03,74849.1,84046.27,83577.56,67423.42,82683.305,75488.4,75016.47,75961.2,83169.83,76106.01,86848.266,76732.69,73060.73,83794.17,83087.7,83681.57,66539.99,83621.97,82431.59,82688.83,73501.14,82470.83,83460.01,74501.36,83914.92,83317.336,82936.19,83413.53,82207.54,74270.664,74421.11,67041.15,82983.805,73806.48,83030.35,83130.336,83681.57,83502.44,83186.016,82712.57,66704.68,76023.74,72439.695,82923.69,75492.65,83426.43,83162.06,67399.63,83521.79,91053.18,83702.086,82958.25,82326.32,76132.94,75542.92,74630.84,76304.78,74784.53,83257.29,83716.45,84437.2,79945.75,74849.32,82290.13,73713.625,75496.97,76120.086,76445.06,82504.34,68190.48,75995.55,83632.42,80116.63,83414.484,83171.1,82144.61,84463.625,83421.49,83425.39,83583.47,82428.85,74885.73
2031-08-01,80183.9,76301.28,75884.375,76489.24,82464.07,82535.98,83372.66,83156.836,82829.15,76039.63,83624.375,75639.586,73086.85,83366.77,83498.7,87348.63,82818.57,75688.44,83765.41,82991.56,82562.43,72950.65,83231.88,75154.38,82730.48,76142.38,76153.71,82950.66,69050.11,83131.21,76623.3,82920.99,75865.63,83824.695,76076.4,75818.92,76194.83,67848.234,75430.61,76054.42,73498.62,67775.61,75721.58,82951.92,82332.37,83795.37,82871.98,83006.2,76586.69,82273.34,83409.08,75677.61,75827.3,74889.234,75556.31,75573.04,75859.555,83385.46,83413.14,67815.375,83530.48,74940.45,75558.77,75811.1,67144.42,83335.45,83273.086,83121.305,83603.875,82552.516,83602.36,76024.836,83338.08,75493.65,83628.75,74390.31,84377.48,82816.836,82820.15,76246.14,83325.2,82801.984,83304.06,75383.08,83066.625,82658.07,82823.23,83631.79,83687.08,76340.44,75512.81,73758.21,76270.44,68059.766,82492.78,84509.7,82905.734,83553.18,66033.445,83737.77
2031-09-01,75922.6,82760.06,83387.05,82952.47,83940.22,82718.8,83106.17,82158.71,75587.664,75602.234,82760.305,82826.625,66908.555,75414.64,83649.98,82638.29,75787.54,82987.93,76135.266,83251.09,82123.15,76411.164,83384.11,82954.69,83539.95,75630.43,83351.664,75744.91,74447.805,83972.88,72908.984,76585.82,82092.3,74917.875,82687.805,76023.96,82438.125,83655.16,83111.234,82977.234,82095.11,76230.51,83385.3,83515.74,83635.85,76271.81,83561.39,83150.17,83691.54,88226.52,76024.69,82933.336,75945.48,83026.71,76386.68,83354.84,75716.82,83196.33,82879.414,83431.195,82308.35,83554.85,82612.61,76040.93,83078.664,74306.516,74992.5,72701.24,82614.18,83617.03,83430.555,82751.77,74447.52,83263.4,76680.32,82722.664,83289.13,75638.36,83248.48,83375.05,75861.586,83346.98,75979.31,74988.21,83261.18,82842.19,83847.96,76265.336,83186.97,73550.08,75125.28,83672.87,76294.15,67106.71,82398.98,82743.88,83450.13,75873.31,83361.52,75792.6
2031-10-01,76010.26,82902.26,82307.875,83777.31,82890.71,83405.664,82615.836,83586.89,83526.09,83494.72,84083.63,82091.75,83521.305,83803.766,83212.6,82788.0,75611.54,82564.64,82258.516,75975.84,82976.68,76360.24,82768.12,75721.66,74312.89,76108.984,75958.3,83342.13,75959.31,76072.195,73805.56,75839.74,83499.09,83678.54,82616.94,82563.45,83753.18,82476.65,83632.75,83138.27,81989.18,76320.49,75143.13,74431.97,75935.34,83655.4,82771.35,76212.27,83437.56,66407.37,87363.625,83498.14,82900.28,82924.64,82985.07,83277.85,83099.27,75456.16,83479.51,75471.336,83471.945,73203.695,75804.6,82613.94,76335.625,83633.14,76726.984,92000.055,83071.06,88238.38,83089.445,77122.02,75713.7,82902.17,75379.055,75161.625,82990.92,76339.13,82810.75,84052.92,76461.016,83089.13,75688.44,75573.33,83673.67,75738.836,82453.53,75825.13,82627.336,67766.234,83878.27,83044.29,75573.47,74525.8,80228.72,82770.56,76397.02,82758.56,82245.414,75457.445
2031-11-01,75579.305,84413.29,82680.07,83522.83,83493.516,83321.63,84081.39,78855.586,75905.08,75588.46,82750.76,83467.25,66771.63,82718.8,83976.97,83533.58,83451.96,75740.65,83751.11,82651.77,82943.766,75815.875,76534.27,83542.664,83623.56,73500.51,83244.74,82928.42,92378.1,75563.59,82861.47,67081.76,76403.375,88000.56,76281.78,83605.79,75157.25,76289.56,74468.4,77363.28,73052.63,75762.1,82914.12,73413.5,76215.47,82985.39,83769.4,76284.48,72551.016,76115.516,73097.586,82367.48,83678.14,83609.3,73377.03,83614.875,74890.02,83362.32,76254.58,82884.07,83164.83,83335.3,82833.66,82873.164,67898.336,82872.93,83101.96,74021.12,76012.07,83120.27,67040.9,76094.02,83243.0,83546.33,83454.75,76075.61,75948.375,82835.48,91257.48,82918.78,83122.26,75041.44,76634.914,75595.17,76234.07,76348.445,83752.14,82078.52,82653.11,82748.62,83192.84,75847.63,83650.29,76440.39,82893.63,75828.68,83353.1,76566.17,83678.06,73612.67
2031-12-01,75341.46,82093.4,82818.805,75712.555,75157.74,82954.92,83031.07,82778.84,66564.11,76392.875,83729.78,82663.43,83100.62,75127.086,82180.97,75365.61,83186.89,83316.695,83193.63,76320.42,75745.63,76279.164,83447.83,74297.94,82189.9,75762.1,74836.76,83708.47,87462.836,82875.53,74794.086,73208.93,82818.1,73462.45,76053.984,76273.27,74551.39,83174.914,76139.62,84273.33,75106.875,72687.234,82803.086,83691.7,83530.234,82782.56,83155.555,74298.5,75878.23,75937.086,67922.1,82380.91,82815.65,84308.94,66803.664,83256.734,76002.94,75517.56,82772.14,82898.375,83118.13,75790.94,83024.66,83469.63,83352.78,81979.79,67871.41,75059.05,83036.055,83287.78,90370.016,75508.78,76245.414,82275.62,82603.38,73582.56,84076.09,82562.43,75641.54,83502.6,76438.86,75898.13,74252.6,83456.5,75215.26,75851.96,75786.52,75044.086,75574.336,82620.8,80339.43,83636.89,73266.97,87421.055,83384.74,75750.1,83709.34,75647.234,83478.31,76465.4
2032-01-01,76220.26,76439.516,84632.94,82959.59,75573.18,76067.625,83001.3,75631.23,83499.49,75025.266,76357.984,72414.14,76154.65,76456.0,83544.42,75549.984,84165.14,74844.96,74674.5,76414.15,75705.695,74581.97,83539.4,82774.83,75825.13,82823.0,83585.625,83488.51,82825.84,82946.55,67023.25,83202.836,79658.22,83240.45,73457.69,73178.49,82960.23,75838.44,83019.03,82777.51,76635.13,83425.305,82738.83,83625.72,76342.84,82241.02,73746.95,82567.16,75854.21,83429.766,59476.336,83161.11,75934.26,75702.016,83521.0,83335.77,82001.52,75726.7,83394.445,75597.26,82890.875,83467.25,76027.445,75654.805,74907.16,83421.01,83768.68,75216.336,76539.164,76195.625,83045.24,83288.42,67295.13,76384.71,76069.66,72992.61,82637.266,82731.414,75508.42,84316.66,68537.45,66808.51,76211.39,83350.47,83250.38,82725.89,83447.586,83544.58,83886.6,83150.88,74219.61,83396.516,82158.555,75864.48,75730.39,76548.79,82919.414,82869.836,82945.59,74975.195
2032-02-01,82819.2,76348.88,76090.19,83199.34,87603.32,74911.875,79668.02,82215.375,84291.734,83469.16,74550.19,82786.11,83288.734,82295.55,75662.38,82999.64,82913.32,82854.75,73168.59,76473.49,84371.36,75058.9,76190.46,83200.69,83150.56,76399.87,83195.375,82333.7,76199.695,83363.12,76952.03,82609.92,82600.07,82271.54,75884.164,83475.93,83436.445,76014.76,75527.36,83117.18,76102.09,83180.86,83907.484,83044.77,73155.89,75926.51,73513.55,82997.414,82812.18,83333.7,91225.625,74094.93,82884.7,73218.914,83020.13,82476.65,83230.055,83415.52,83353.66,75861.01,83606.5,83523.55,74517.77,82056.445,73352.48,83299.38,76094.54,73078.836,72416.35,76442.36,74814.13,83140.17,83050.79,83030.12,75956.86,73300.87,83370.75,76133.66,83602.36,75747.15,83077.24,83736.81,75840.75,82121.74,83308.836,68002.41,82992.59,82976.28,76476.84,76123.21,72941.734,83521.95,60256.906,83445.836,75803.805,82573.54,83187.13,73036.69,68396.16,82883.67
2032-03-01,67464.516,82898.06,83066.945,75878.3,75511.516,75974.17,83024.18,76099.26,74706.83,91098.26,82983.25,82913.63,82296.81,83544.9,83391.19,83064.57,76182.625,82028.516,82245.57,76610.65,82919.57,83540.51,83124.71,84119.64,76290.37,83483.25,82392.84,83566.734,67948.086,83103.875,82890.79,75840.46,73198.32,82964.34,74877.164,83392.14,83027.74,81933.52,83715.49,82985.625,82961.49,75623.57,83522.43,75369.78,75799.32,67716.49,75427.445,83106.09,75816.1,75184.27,83262.29,84118.445,83175.78,83706.234,82845.266,83045.086,76008.375,82875.45,75106.164,82669.9,83008.664,75974.96,83331.875,72991.56,82798.74,75040.8,75793.47,77006.27,67382.6,76610.36,83051.414,82983.805,83351.03,82956.91,67149.67,76258.51,76015.914,82110.46,72300.086,83051.414,83277.77,75876.49,74923.59,83666.41,81781.13,75779.305,83154.445,75490.484,73383.96,82758.33,76280.76,75875.05,74980.27,76869.44,76819.16,82531.734,84354.625,75490.56,83570.234,83387.766
2032-04-01,83550.15,83942.54,83279.05,83108.625,81923.99,74834.98,82659.18,83598.3,83936.22,82803.72,76123.72,76674.98,67284.35,82898.375,72440.53,66999.734,82043.85,83895.484,82781.14,83551.664,75872.44,83056.33,76005.69,83213.63,83396.6,82748.305,83165.234,83105.13,74390.03,75686.63,83234.9,82586.69,86493.914,76247.305,83832.77,74545.06,73642.66,83370.67,82477.914,82783.984,82185.43,83553.18,81893.22,83510.086,75698.984,75716.734,82811.46,76718.2,83675.18,75897.19,73102.75,83614.8,68671.125,82126.59,83261.09,83311.45,83658.664,75871.64,66507.95,75308.06,76124.66,83494.234,74343.3,73560.81,83080.73,83558.125,75912.32,68151.86,83343.56,82886.99,74978.766,82609.53,74248.78,73713.625,83491.37,75577.8,75044.3,83378.78,83367.89,68118.01,75221.21,75917.96,83696.58,75899.5,82671.24,83455.55,82574.555,76208.92,82660.52,83842.13,75791.805,75460.83,82841.01,83216.805,82298.375,83000.586,82178.06,73064.55,82810.27,83369.72
2032-05-01,74705.55,82814.15,84146.52,83405.586,82701.766,72465.54,82819.68,82802.54,75683.1,75806.555,83383.31,74420.55,73099.68,83019.74,73638.164,82673.37,82936.02,82775.45,83706.55,74169.164,83570.63,75524.05,76305.06,83056.65,67102.81,76502.52,75991.484,76609.336,66540.24,75058.47,76507.49,83140.17,83507.14,82146.484,75596.9,82423.19,82828.05,83410.586,76369.93,84298.57,75849.44,90480.484,76526.46,82987.68,83093.41,76187.05,82562.74,75890.31,72937.21,82735.36,75838.66,83701.36,82613.31,82979.375,83068.85,76098.38,75599.56,83352.46,76436.086,82766.54,83814.48,75339.89,67124.96,83180.46,83670.95,71455.92,82872.22,73688.89,83766.766,82679.99,82104.04,83743.6,76345.83,87353.055,83110.37,83658.43,76275.82,68045.87,76377.28,74038.2,83469.086,75942.08,76119.66,82030.234,83145.88,83148.74,75597.11,76439.586,75580.1,83171.26,84291.9,83368.125,75311.66,82881.47,84302.02,73826.76,75538.95,82823.39,75340.234,82975.414
2032-06-01,83069.95,76158.42,75720.64,83319.875,75845.67,82954.53,83747.99,74262.02,83004.15,83292.63,75833.516,76410.8,75789.7,64940.35,73432.13,75682.305,75040.93,82802.46,75305.76,82939.18,76563.836,74279.234,82947.414,82893.41,76221.13,82920.59,83679.016,67698.16,83078.36,82227.07,75522.17,75832.73,82773.875,83478.07,66031.74,84468.77,83322.11,75583.414,76083.51,83213.55,83222.04,76214.516,82421.93,73000.195,67411.13,82934.59,75422.7,91084.27,75716.88,67159.15,76152.55,82762.195,75897.77,83512.48,82805.85,82891.89,82885.81,75727.0,75709.81,83353.26,83094.36,87518.734,83665.45,87476.016,83654.92,76360.09,83660.18,76346.414,79772.33,73816.336,83742.65,83007.47,73755.68,75783.56,83028.375,72891.4,82281.51,66771.695,75681.8,82923.69,82938.08,66659.586,83762.375,83300.89,67280.375,83498.93,83592.47,75997.8,83774.44,83328.54,76777.055,75730.46,68211.945,73312.89,75714.07,73291.23,82521.26,82814.23,82107.49,75996.195
2032-07-01,83131.21,82887.63,82454.8,83677.9,75541.55,82851.27,82898.54,83457.22,83673.984,75046.016,82569.6,82306.07,75467.81,76707.52,75737.69,84116.6,76381.805,75500.27,83910.76,75974.1,82063.49,72376.445,74891.945,75541.33,83167.46,83470.836,75293.414,75303.32,76522.23,82920.59,73467.78,83085.56,82965.13,82594.01,72341.26,83025.445,83901.4,81994.18,73061.97,68841.28,82824.02,68469.58,82774.586,82859.33,83452.05,75613.41,83034.0,82777.195,73944.56,73375.42,83399.86,83489.94,83235.22,82838.79,74162.94,83012.62,75635.33,76549.53,67318.12,83304.305,67279.92,83429.05,74423.95,82989.9,75472.27,72919.34,76677.09,87598.15,83038.75,82191.79,75776.19,82983.016,83605.55,68109.82,82899.33,76069.94,76463.79,82714.06,75477.6,76378.82,82511.03,83677.9,82664.38,74454.336,75506.04,83723.48,76580.34,67552.66,82798.51,75005.945,83496.23,76728.3,83265.39,74842.4,82720.77,83180.305,76080.53,83630.19,76440.32,75024.266
2032-08-01,75746.79,83159.84,83013.96,82828.92,76081.695,75999.24,83533.74,82361.82,82810.04,76102.016,82891.58,83369.32,72961.5,67621.37,82958.016,83597.02,68415.984,76093.81,67765.46,82712.17,75039.29,60140.703,83936.055,83244.03,83433.19,74320.19,82718.484,83461.99,67008.62,75927.734,83216.01,74728.77,83294.62,75990.914,83330.37,82118.14,82990.06,73501.98,83004.15,76192.79,73259.92,60745.496,83123.84,83821.266,82842.586,82136.695,75877.66,83384.51,76183.56,74934.45,83069.4,75823.76,74321.4,82745.94,82963.7,83116.08,83704.32,83407.016,82970.76,73702.805,83013.25,82493.57,75755.31,75954.68,67398.86,83480.86,83873.64,82927.945,76371.61,82967.82,82428.52,74846.32,83460.01,75527.36,82812.57,75875.12,83489.78,83815.12,75648.25,76064.14,82384.52,82370.62,82515.67,83499.33,75569.65,83877.8,75863.62,82752.016,82588.19,76414.52,74525.945,75469.32,82931.04,67148.52,75188.73,82717.766,75884.74,74893.3,73234.836,75622.78
2032-09-01,73898.82,75067.27,82143.67,75310.0,76426.18,75597.4,75609.01,82993.78,83838.695,83379.016,76318.89,75928.47,73171.66,82878.14,82626.16,83127.49,83507.45,82100.35,82852.93,75291.18,76498.586,82876.65,83399.53,76545.73,75243.67,75757.766,83604.04,83050.39,68481.46,82005.99,66402.18,75535.64,75916.305,75445.72,75728.586,75982.5,84301.38,82871.82,84446.055,84437.6,84197.81,83523.06,75574.625,75431.766,75456.94,83450.93,83436.13,83888.445,76315.98,83379.81,83734.98,83655.48,75987.06,83512.945,83531.59,82953.26,83364.23,76087.21,82536.766,74881.02,75936.58,75737.25,76187.56,84665.07,83132.164,83328.62,76445.35,66969.39,83092.85,83537.73,76205.36,83515.02,83299.695,91038.766,76201.73,82977.08,82852.22,83207.76,83191.09,75618.88,82869.53,82854.75,74428.14,83681.086,82650.43,75755.45,76235.016,74541.23,83621.734,72999.36,83338.79,83280.39,83106.72,73041.695,82717.695,83074.39,82957.22,82556.445,82292.805,83049.836
2032-10-01,74345.92,76169.33,76972.21,82343.44,76362.65,83421.97,83642.47,74894.945,75084.82,67868.75,82941.234,82820.15,74810.2,83909.88,83573.19,83470.44,82988.08,82295.0,83002.96,82497.11,82777.35,76703.28,75912.32,75396.375,76096.14,82875.93,83285.48,75685.99,82830.734,74397.836,83401.766,76483.56,75589.19,83578.2,75018.4,76010.836,82650.82,82685.59,74838.25,82963.39,82681.734,82980.95,82505.05,84141.47,67703.06,82676.6,83668.484,82385.625,83059.66,72439.22,82025.0,75642.4,83207.36,82767.72,82424.13,76554.42,75803.875,83712.945,74887.945,74807.78,83153.98,74366.84,83190.77,83016.336,83445.36,74806.35,82280.09,87543.445,67724.305,82425.38,75179.33,83442.98,76800.625,83150.41,83027.336,75482.29,83140.81,82989.19,82929.3,81842.15,76259.89,75988.23,75647.164,67204.836,74482.32,76851.04,82500.016,82663.12,76393.74,66960.45,83006.92,91230.32,74870.59,82742.55,84228.57,83806.555,82811.23,75811.1,82735.52,82880.59
2032-11-01,75205.79,83738.414,82678.016,83611.21,75797.66,83164.516,83342.6,75254.08,74745.46,75908.484,83541.87,83653.33,66792.14,75386.31,75737.18,74715.38,75555.016,83450.62,76307.02,83306.84,83819.03,76397.83,83443.77,74901.73,83322.58,66600.05,75525.195,83672.38,80334.99,82978.34,75970.4,66317.88,75367.19,82838.31,73877.95,83097.13,76158.21,75688.734,83250.62,84222.875,73714.266,82302.305,83523.86,72866.305,82009.12,83157.46,82162.625,76642.01,66918.19,83740.164,59825.91,75326.086,83055.86,82967.19,67255.03,75063.195,75818.48,75765.57,83605.07,75923.18,75416.51,82807.67,83197.125,82538.97,73138.73,83671.35,76252.55,83462.63,92030.77,82925.03,66654.56,82631.28,83252.125,75513.81,75332.56,76331.555,83796.32,82798.984,88799.26,76143.03,76049.92,68373.46,75542.625,83528.484,83466.37,82883.67,84215.97,76171.14,75688.01,82387.04,83536.61,83535.336,75657.695,75364.03,82808.77,82770.01,82629.85,74350.32,84101.516,67173.625
2032-12-01,75840.54,74554.516,75920.65,83339.586,74202.414,82484.05,82633.17,83372.98,66991.55,82606.22,75968.95,75653.87,76467.664,82844.164,83532.71,83531.984,83315.664,82974.87,82753.04,83175.86,74008.77,76466.49,76038.68,84047.0,82993.14,83510.48,82619.54,76013.164,76048.4,83563.54,76330.54,73099.33,82983.17,67251.7,82778.77,84349.15,83141.36,75736.02,83070.27,82062.87,75666.64,73796.06,75101.51,83169.83,76204.34,83440.03,82923.21,82720.375,83003.125,82626.39,66652.72,83528.65,83241.336,83484.52,73323.52,83078.03,82164.12,74466.125,83392.85,83449.98,83306.445,75817.03,73841.97,83657.15,75861.16,82116.875,67232.08,91238.33,76330.39,76531.5,87884.06,75817.54,77083.35,74309.35,83132.72,73227.99,82487.11,82949.55,68791.2,83143.266,83060.13,83730.586,83382.99,82384.44,91057.695,83421.89,76295.97,83643.11,83206.086,82869.92,82034.07,82982.22,73338.414,76356.96,83486.27,82109.21,83060.21,83042.945,75093.414,82489.48
2033-01-01,83717.88,92323.15,74337.695,83377.984,82922.26,74459.375,82636.484,82944.95,75790.79,75531.68,83055.77,74343.37,76501.36,76849.14,82754.94,75897.55,83197.125,75622.63,83144.22,74049.23,75787.69,82881.47,82668.72,75176.53,76360.17,68332.914,76029.91,82965.37,82260.01,82965.445,66608.43,83581.71,75313.164,76633.53,73088.31,66894.96,75448.164,74914.305,83488.83,83722.52,73889.375,75800.12,83499.33,83436.93,83331.8,82845.19,83467.41,83425.305,75887.92,82139.36,68714.3,90219.75,82335.51,76098.6,75975.98,76107.53,83596.46,75109.67,82852.93,82887.7,82722.98,82960.7,76272.62,82955.0,82579.2,83410.43,76704.74,84070.805,83371.86,73706.875,83577.25,75572.17,73327.234,83491.37,75051.39,73639.57,76613.06,83636.01,81998.09,76046.875,72386.25,73390.61,82424.05,76337.445,82804.27,84346.5,75952.51,76392.22,83282.06,74149.64,75800.41,75296.93,76131.195,82424.68,84087.32,83319.56,76043.32,75684.68,76762.26,83416.32
2033-02-01,75616.36,75243.67,84373.21,82877.75,74339.61,74773.83,75541.266,83038.51,76137.01,82822.05,82659.81,83787.86,82246.36,91013.5,75881.12,75060.48,74206.8,82821.484,73084.34,91483.07,75548.25,82984.28,83374.73,83263.64,74627.08,84431.164,76084.234,76267.09,76485.75,83050.15,75883.58,74433.39,76177.31,90314.54,68534.836,83336.01,75830.56,83486.43,82878.625,76005.05,82562.27,82841.4,77022.21,76526.39,65564.57,74180.05,64882.777,82843.61,68216.49,83026.55,86808.09,83208.87,76432.516,73308.98,83205.69,76247.016,83069.484,83398.58,83015.234,82423.805,76261.414,83587.29,82969.555,82962.836,66722.234,83613.6,83787.14,73506.05,72944.45,83237.75,82311.805,83701.125,83450.93,82984.75,83329.49,73059.61,82180.97,83259.984,82923.92,83410.586,83300.97,82860.28,83289.21,81986.83,75720.64,73066.016,75709.95,74740.19,82928.664,84378.84,73224.85,83335.93,69007.055,83649.98,82063.02,82885.336,91111.12,64911.13,73468.27,83958.945
2033-03-01,73531.64,83489.94,83276.66,82932.54,75388.33,83224.1,83753.91,82882.73,82325.14,79272.11,75732.34,75691.04,76471.82,75847.99,83482.375,76212.7,75362.734,83529.36,82713.83,75642.19,83273.65,75541.836,75861.805,83058.78,84173.97,82002.94,82102.48,83514.945,72524.516,82583.85,82216.875,83274.99,66515.625,83491.69,84255.81,83940.38,82731.58,84251.95,82252.87,75951.64,76253.92,75182.266,82713.03,82936.19,82591.805,73263.69,82946.78,83429.6,82223.14,75810.234,83794.805,83381.086,81956.5,76392.14,76245.266,76982.78,76111.52,73618.36,82171.41,82993.62,75118.48,83312.73,83542.02,66673.01,76150.73,82869.836,67408.51,82238.36,73052.15,75852.766,75543.06,76228.55,82944.72,82702.16,72395.51,74646.73,83458.016,83427.22,73760.46,81985.5,82111.875,83753.82,82965.766,83904.36,76268.47,75585.73,82077.97,90420.54,66763.414,82792.59,74883.734,74943.81,82989.19,83455.94,82602.76,75975.04,76741.19,83573.42,82888.82,82547.87
2033-04-01,76049.92,76100.78,83382.35,76372.555,83674.945,82902.016,83784.016,82774.83,75815.01,76448.92,82389.7,82349.56,66762.15,82827.09,72977.64,74283.055,83314.08,82649.56,75019.97,75651.055,83368.68,82930.164,83810.31,83626.12,75836.055,75931.22,83812.15,83056.73,82176.89,76195.625,83749.59,82299.7,83061.484,83007.31,82546.22,83028.375,72582.78,75749.82,75974.89,82746.336,83000.43,82947.01,75594.375,83471.945,83034.39,74205.805,82625.92,83802.164,75290.11,75561.875,66071.875,82778.22,73084.76,76818.35,81988.78,83135.42,74829.19,83001.61,73318.414,76828.914,83055.695,90342.36,76442.29,66841.586,75295.49,74410.18,83379.97,67333.336,76151.89,76225.78,76034.91,83076.62,84145.16,91392.47,84289.33,92399.43,81945.87,90166.42,83939.414,66753.35,76343.86,82818.73,76113.195,82714.14,75777.99,83354.62,76043.98,83587.695,82833.42,82113.91,76365.78,82634.43,83199.34,75891.4,76086.336,75696.45,67306.37,73663.375,75907.91,75479.26
2033-05-01,91065.86,75511.875,74905.16,82292.484,76372.19,73171.445,82061.766,83136.85,76024.54,83370.43,83675.18,76386.76,66503.7,82797.72,73574.71,83166.664,82768.195,84125.02,76598.89,83644.47,76478.53,75606.414,82104.664,82843.52,66107.984,84588.16,83096.58,82852.06,73789.664,75742.164,82968.766,74599.83,75562.73,83033.68,75551.13,84164.5,75805.54,75933.24,74643.45,75919.63,75877.94,80441.25,75286.016,83113.94,76446.8,83058.625,82972.414,75999.46,72874.43,83766.69,83131.93,75855.51,84443.64,82487.195,82783.516,82834.05,83444.72,67857.81,84203.11,82701.766,81936.414,82704.13,73162.66,91269.125,83360.66,73605.164,82160.28,91036.68,76204.99,76297.94,75732.48,82859.805,75137.33,83517.97,75779.44,82388.055,83130.19,66815.33,83666.164,83094.91,76989.39,75804.45,82830.42,82784.45,75687.43,75584.71,75886.77,74826.055,83560.35,76116.61,82996.234,82804.83,82872.45,76017.875,75509.5,83490.89,76537.7,82000.125,76604.01,74359.11
2033-06-01,83812.39,82713.03,82661.625,83310.91,82799.62,76415.61,83499.09,83348.016,82292.65,75467.53,83964.95,83007.4,68143.6,73078.0,60066.992,83280.16,76337.59,82217.02,76031.07,75804.164,82706.484,82955.48,74864.45,84630.37,83689.39,83443.77,74917.234,73791.77,83490.09,84332.734,83697.77,83420.22,83125.586,82871.74,66710.52,83047.14,82686.77,76481.516,75547.24,67800.43,76085.61,82710.91,83344.914,73011.336,73539.07,74706.41,76404.09,80054.234,83608.66,73182.54,82909.61,83783.54,83398.42,82611.81,83658.19,83627.16,82447.24,76122.05,77331.266,83200.06,83542.5,83513.195,83346.9,91073.5,74231.01,82690.96,82919.26,74366.555,83198.55,82954.92,83052.93,75616.8,76304.336,82250.44,84312.24,74027.48,76908.516,73421.2,82073.195,68388.984,84056.445,66622.34,83751.43,81795.8,73027.91,76332.43,75949.47,75664.625,75546.59,76062.69,75950.05,76449.72,73545.46,67128.99,76336.73,73142.71,82945.12,82813.59,83627.64,84342.875
2033-07-01,83218.16,83581.71,82673.37,84009.086,83545.055,73621.17,76010.695,83036.37,82628.44,74842.75,76341.68,83680.69,75637.64,74623.234,82872.29,83016.58,76137.875,68378.42,67522.45,83839.336,83542.58,65662.375,83330.61,75562.95,83382.44,75800.48,75538.805,82775.14,82824.65,75796.21,73140.82,82691.664,82754.06,84100.8,73963.61,82292.88,76335.414,83975.69,67184.516,72771.44,75099.14,67085.53,84215.88,76325.805,83229.51,82934.836,82610.63,82918.54,83739.84,74335.56,83171.74,73959.38,83018.72,82999.79,82188.805,82859.33,82855.55,83430.555,73249.51,83737.3,73467.29,83354.84,75983.81,83441.38,83145.65,74316.15,76365.414,75811.1,83788.18,83507.3,75996.85,76073.21,83176.1,73479.83,83562.11,82841.63,76126.69,76204.125,84100.63,68662.15,82881.47,83637.85,83331.32,83060.84,76142.59,83033.6,76680.83,73926.375,83386.98,83467.64,75884.96,82783.516,91228.93,82318.71,82231.3,91174.125,83012.305,83788.57,83558.76,82598.12
2033-08-01,83589.84,82724.164,75512.95,83488.1,83089.055,76080.17,74297.01,82242.51,83645.586,77155.87,75775.98,83196.805,73592.39,73150.87,76484.875,76208.27,66880.87,75672.84,73450.62,75491.78,83055.695,62541.688,83388.88,74909.16,75046.23,77210.49,82748.305,76475.68,66861.92,83185.94,82905.02,68198.086,83689.63,83719.56,75457.38,83741.52,75544.07,73624.33,82010.76,76290.805,67314.52,62496.914,75817.32,74961.41,82444.016,83321.63,84548.48,76964.64,81849.49,75568.28,83140.09,82202.99,83438.914,76585.164,83453.48,76885.79,83373.13,75949.33,82798.35,76368.18,73574.22,83021.33,74513.08,83342.375,73039.055,82341.875,74167.88,75690.03,91291.945,82670.93,74329.54,75736.38,83345.78,83858.92,75541.05,76380.35,83167.46,83027.5,75732.92,74557.44,82705.695,82870.71,76291.234,75584.86,82910.234,82248.24,82782.95,83310.03,75782.125,76417.66,82735.21,75426.15,76058.625,73923.27,82978.82,82126.28,75969.17,75979.09,72593.99,76326.39
2033-09-01,84684.05,82747.2,83577.17,83109.66,76953.27,75725.48,76144.12,76358.63,75774.68,75503.81,82784.695,83444.086,73039.4,83093.73,75438.59,84219.26,82182.84,76125.82,83049.195,82692.69,83565.93,82840.53,76624.02,82844.95,74453.34,75147.86,75914.85,74887.516,72392.88,75452.48,73586.78,76185.305,75759.5,83173.4,82734.1,83403.34,76503.984,83357.31,82893.08,82768.98,82904.15,82876.72,82403.38,75375.74,74648.29,76731.3,83031.62,83563.54,82965.37,75044.945,83456.9,83487.945,83012.06,83170.7,83496.15,82006.375,75779.375,83645.34,75563.09,74685.53,83739.69,75704.17,82450.07,83559.4,76814.55,83774.914,82148.99,73478.85,68297.67,75950.336,76363.664,84343.766,82900.984,88338.336,76225.35,75799.61,75716.88,83199.664,76427.71,81860.805,83649.58,76253.71,82852.54,82771.67,83853.24,83438.99,82923.05,82728.82,74444.26,67148.26,83471.55,82954.85,82397.016,73485.37,83481.09,83604.99,75927.734,82947.414,76383.695,82658.234
2033-10-01,67115.164,82687.88,75277.69,76638.2,91270.695,83682.84,83153.81,82950.89,76216.625,73365.63,83176.89,75324.94,76150.664,76026.57,82794.086,74100.65,74389.61,82862.5,75719.625,82094.484,83025.37,75792.6,75596.25,83702.8,82648.695,68139.9,83420.375,82848.43,76217.35,83367.25,83375.52,75726.27,83626.61,83408.92,75634.39,82900.12,83469.72,76477.14,75685.555,75477.96,83154.29,83404.31,82813.51,75701.29,67173.12,82202.92,82894.74,83676.22,83393.414,66764.5,75698.69,82385.07,82673.37,83022.43,82200.09,75585.58,73509.91,82948.99,82959.27,76286.22,83493.6,83339.91,75452.414,83615.12,83410.516,82782.875,82926.766,83320.35,66404.516,83453.32,91326.6,82982.46,75696.664,82938.79,83238.555,75480.266,74870.086,83493.516,75348.8,75347.64,75597.26,82941.79,74915.875,66777.555,82916.25,74823.766,83949.664,75957.0,83433.5,73516.56,76691.43,87393.96,75735.734,74268.18,83029.88,83016.66,76006.85,75732.625,77008.85,75945.12
2033-11-01,75408.46,82156.52,75532.54,82402.195,83467.484,76262.08,83338.95,83440.266,82713.75,83249.83,76033.24,74243.82,65574.26,82870.4,83094.28,83006.445,83049.99,83846.445,82664.14,75513.67,82430.734,82789.586,82758.56,82905.66,75688.16,66912.31,83129.16,83042.16,91483.86,76277.85,75473.43,67348.234,82768.83,75596.25,76205.73,83734.18,82715.086,82711.47,83626.445,83114.89,84590.984,83543.87,75204.5,72569.625,73566.57,76583.92,83790.414,83662.1,72684.39,76033.17,60944.402,82842.734,82468.234,82867.71,67464.58,76096.93,76171.87,76208.63,83462.95,76255.59,82301.59,75725.555,83330.13,83140.57,66762.84,83527.766,68424.14,82983.41,87741.87,83120.04,66778.82,83995.79,75764.99,82051.91,75535.0,83420.85,83704.47,82308.35,76114.21,76186.25,76465.836,67404.0,83482.93,84335.16,83069.95,83597.66,76368.984,76125.39,82284.016,82550.94,83023.14,82876.4,75550.555,83214.9,83254.43,83225.22,82900.28,82851.75,82958.17,66136.734
2033-12-01,84540.18,76244.03,75898.86,83379.18,83313.914,83432.47,76598.02,83156.195,66866.13,84018.7,75683.24,83554.61,82710.44,83058.945,83442.5,75646.805,83176.1,82863.05,83280.16,83522.75,74002.984,75965.984,76319.62,68197.89,83320.914,82823.0,82741.37,83391.266,74814.84,76138.46,76208.63,72558.21,75531.82,66542.21,76543.69,83088.34,68682.78,83563.46,83594.15,83305.734,83856.84,75707.28,84311.836,82840.445,83325.99,75485.734,75782.766,75921.375,83347.85,82960.625,72953.42,83457.375,75625.375,75138.04,66471.555,83432.31,75789.27,81967.59,82755.41,83241.086,82682.44,83502.68,83875.64,83382.2,83464.54,76369.125,66482.72,87580.68,75814.36,75924.26,82587.48,76018.74,83260.305,83573.98,82578.02,72618.23,82627.336,83002.96,72565.55,74940.17,83716.84,75933.39,82645.77,82960.23,87813.36,83371.38,75510.0,75013.75,82830.5,76265.05,76043.4,76161.84,73573.94,75889.086,83162.61,76104.85,84354.78,76211.54,83508.25,83514.945
2034-01-01,82910.56,78898.164,76050.57,82737.02,76323.84,83556.13,67814.79,83743.36,83784.74,75981.93,83420.45,83129.55,83639.195,83119.086,82927.0,74341.02,83514.23,82903.75,83213.55,75495.38,75888.94,75867.016,75732.05,77330.98,82519.14,74096.414,74233.836,91293.336,83450.3,82986.1,73229.32,75532.26,68018.945,82975.81,73828.086,73712.43,76787.01,83751.266,82788.72,82691.664,83122.66,83060.37,83677.664,76136.56,74938.305,83022.43,75262.05,82918.305,82045.18,82437.336,73959.516,87485.35,83219.9,82966.08,82848.11,82099.02,76148.04,83120.43,76057.61,82817.62,83399.22,82953.42,75183.2,83087.54,74967.48,74817.414,75144.42,75792.38,82750.36,75740.14,83433.11,83387.6,73356.39,75867.59,83162.61,66737.57,83604.04,75987.0,83047.45,83606.34,66897.9,73884.65,82779.24,83365.18,83366.77,82713.984,76095.99,83104.34,82887.63,75454.79,82698.61,83329.89,83361.84,82576.84,82050.34,82637.81,82994.26,83453.95,76342.695,82911.35
2034-02-01,83041.2,82857.125,74967.48,84439.05,75534.7,91285.234,76673.586,82937.914,75188.37,75903.484,68164.27,74310.055,83162.86,88262.29,82997.414,83733.38,76007.72,76058.914,73856.4,78588.33,82693.555,82264.164,76003.234,75745.484,83088.66,83398.82,82837.6,83328.3,83531.43,75592.65,83074.08,83432.945,76374.3,88240.24,66750.74,83470.664,83440.59,75958.38,83297.875,82867.16,75701.29,67612.59,83595.82,83582.43,73294.65,83000.82,73312.055,83043.42,73863.234,75748.445,75823.69,83349.37,82861.38,72731.82,76423.984,83728.51,83257.52,75735.086,75901.82,82858.94,82891.58,76156.39,84160.164,83153.98,65655.11,83332.36,76212.41,73661.91,66861.03,83672.47,67779.94,76219.75,83147.95,83390.945,83285.64,74326.92,82098.875,82257.02,83199.734,82920.67,83723.8,83432.63,75527.64,83630.67,75310.0,73170.05,84049.72,76105.42,83081.29,82749.49,67031.5,82880.67,67115.1,83040.17,82673.76,83332.75,80129.164,73517.82,73173.125,76433.4
2034-03-01,65994.98,76097.23,76110.14,76021.94,76172.3,75327.81,82070.22,83358.74,83281.12,83690.35,75626.39,75541.55,76026.79,84225.52,75364.68,82254.36,82112.5,75777.27,75860.65,83457.06,75775.18,83948.625,81837.47,76585.89,75539.97,82933.01,82502.62,82775.23,73728.18,74263.72,83521.08,76242.22,73373.95,91240.234,75576.28,75894.0,83329.58,83372.66,76000.33,77162.42,83028.62,83289.85,75309.0,83813.35,82208.24,67070.44,82885.1,83675.1,82855.62,83431.75,82861.625,82850.95,75435.51,83711.5,75797.805,76569.09,83482.61,73941.11,75671.12,84059.09,75681.875,82635.22,82951.59,67217.91,83725.07,73346.05,73026.445,83514.78,72426.305,67927.35,74722.086,83300.97,76057.18,83597.336,66222.83,83419.42,76636.38,83575.98,83026.71,83592.555,76447.69,82984.52,68110.8,82758.25,76282.0,83246.01,82884.31,80198.89,72806.63,76597.875,82985.07,83241.88,83617.75,82911.5,76416.414,76144.99,83422.28,82719.91,68470.16,84093.81
2034-04-01,75644.79,67843.96,82006.23,82922.81,76387.414,76107.82,82275.62,83687.71,82747.12,82989.11,82925.26,76065.086,73218.84,90352.086,68069.04,76067.625,84297.445,75825.055,76705.48,76527.77,75527.21,82700.02,83013.65,75494.95,82262.984,83541.63,82772.92,76683.68,83331.555,82980.164,82846.3,75058.47,83272.22,75650.336,76762.625,82668.484,73285.14,83363.99,83094.04,75554.375,83467.086,75629.27,76308.63,83330.21,83225.22,84011.89,83899.24,83021.01,83022.75,82326.8,74182.39,67672.14,73813.02,92114.53,83556.21,83374.96,83305.26,83111.01,73931.03,76369.195,82663.83,87532.51,82685.664,73608.61,82769.93,83369.32,75583.055,73255.73,83329.58,81999.734,67824.3,83300.1,75229.9,87476.51,82153.62,88135.445,75603.89,87679.97,83325.6,73200.83,76119.44,76049.484,76236.695,75762.1,82138.11,75238.42,76072.41,83448.15,82887.31,82886.37,82880.83,76306.81,82992.99,67588.29,82713.59,77547.805,72310.086,66299.28,82850.01,76289.35
2034-05-01,88011.305,76460.08,82994.57,82885.97,75612.11,73563.484,83337.914,76157.78,76058.625,83348.33,75373.086,82243.06,60457.277,83526.49,67136.805,82862.336,82871.27,83301.76,82866.766,82863.29,75456.66,76197.516,83508.65,91322.414,73019.766,75780.164,82897.586,82858.94,83744.0,75961.71,83629.31,82816.59,84307.01,83054.586,83517.17,83518.37,82834.21,82950.266,67558.01,83377.74,83820.07,83737.3,83386.65,75612.11,83032.02,83120.67,82787.22,75953.016,67805.6,82773.25,82182.84,91245.55,83164.68,75902.91,75871.93,83509.36,82840.68,72990.445,75659.22,82206.37,75381.42,76152.62,73520.984,88116.195,76208.336,73128.55,83727.23,79914.266,76329.95,75491.5,83102.29,82936.336,83493.29,83561.23,83216.17,75942.23,82531.65,72722.6,83333.7,83640.4,76634.04,74125.46,81902.586,83382.04,82896.64,83338.555,75155.74,75646.445,74763.28,76466.86,74259.83,83068.21,82105.29,83166.26,76444.914,82750.984,83442.66,83231.01,83356.195,83829.1
2034-06-01,83586.18,83403.04,75693.92,75688.23,75368.484,75782.125,82891.74,82629.94,83178.71,82737.26,76395.87,82825.84,67150.95,67030.664,68635.57,82917.83,75754.805,82900.195,76127.27,76021.43,83725.07,83752.55,83035.9,82978.734,76169.33,75840.68,76382.68,82901.22,91385.32,83404.47,76336.51,76287.82,83320.2,75506.54,67288.46,82851.75,75161.48,83279.84,82889.21,72362.3,67380.6,82555.586,82927.484,73110.695,73467.85,83894.36,92427.45,82513.63,82216.875,67248.88,83320.516,83347.85,83813.11,75400.26,84321.33,83489.85,83129.625,76630.68,83186.18,76920.11,76511.5,82723.375,75539.88,87982.016,75575.484,83341.66,83327.67,82608.91,81974.48,83084.85,76169.836,82009.664,75860.57,82117.98,75738.914,83144.85,83309.555,66672.75,92289.695,72741.875,76243.67,67071.14,83340.53,83372.19,66546.46,82753.2,76665.91,82881.305,82454.16,82192.56,82730.16,75307.625,66704.29,73421.9,82738.83,66300.55,82481.055,76047.17,83148.49,82067.87
2034-07-01,84094.375,82195.16,67633.625,83398.58,82418.4,64848.88,82957.14,75817.61,76348.81,84190.19,83662.89,83573.19,82768.43,82318.55,83402.88,83079.23,76371.97,73535.56,72718.85,82232.555,83155.875,73702.1,82837.375,83351.91,81999.02,82987.445,75690.47,75303.68,83438.75,82269.66,67141.48,75762.89,82944.72,82638.69,74886.945,77055.055,73348.7,75708.8,73354.79,73435.91,75548.1,72932.28,81990.58,83575.65,82688.27,76106.8,76269.42,68079.234,84528.65,82174.23,82985.234,82856.09,82131.6,75696.96,75679.125,75406.445,84090.69,67885.64,66515.25,75610.09,73156.87,83318.92,77259.47,83565.13,75872.805,82378.16,83402.88,83363.27,83533.9,83527.29,82734.1,83494.16,76732.836,73484.39,67795.58,82045.81,76223.75,75101.94,75887.85,66805.01,82115.234,76129.31,82521.18,74238.09,90320.305,76064.43,83064.33,83328.77,76092.65,83431.836,83357.875,68396.16,71668.305,82998.52,82781.14,87556.305,83769.56,75751.12,82059.58,83354.53
2034-08-01,75964.68,82843.61,76173.39,82700.18,83276.51,75525.055,74778.62,82920.516,75111.6,82949.31,83767.805,82811.78,73764.69,73165.164,76862.03,82843.45,73741.19,82051.516,73920.734,82893.41,83283.02,62292.754,83869.164,83050.94,83012.46,83309.945,82938.08,73843.94,66637.53,82893.01,82856.17,66564.875,82062.71,83161.74,75677.83,82820.38,82759.04,74412.24,83795.84,76339.71,72410.96,68737.1,83278.81,82600.16,83513.266,76358.78,82985.39,82933.01,82880.516,75698.836,83482.21,83232.68,82737.02,77112.03,82254.984,75626.68,67862.664,76002.73,76569.24,82567.01,66312.5,82409.43,83381.32,82814.54,73502.61,82818.25,82562.125,75713.13,86645.41,83051.19,82944.09,75157.46,82974.7,75749.38,82867.08,75758.414,82657.92,76065.23,82121.43,82770.09,82864.31,76039.19,83680.93,83775.79,76167.21,83234.03,75144.85,82834.68,82799.22,82643.42,82962.68,75738.19,83440.51,83129.55,82990.46,82958.96,76500.77,82654.6,67276.97,82990.92
2034-09-01,83388.555,83600.055,91231.8,76268.39,75843.14,76120.164,83320.76,75658.56,82800.56,76332.51,75480.484,76314.52,73347.44,74994.22,83091.74,83452.29,82202.21,82823.46,82700.18,77102.984,75955.625,83016.414,76025.7,76500.34,83185.06,73953.875,83286.27,82744.99,73058.836,76186.91,72362.65,83749.91,76741.33,83340.23,68536.48,77066.516,75844.875,83021.96,83026.875,82594.336,83090.63,92204.89,83035.266,76191.56,83323.06,83736.81,83637.055,82953.734,83462.87,76242.0,82969.64,75549.62,83036.055,90433.73,83244.51,83086.27,82454.01,82973.04,75811.97,83124.31,83073.76,76515.516,67807.16,75581.68,83088.016,76108.69,83336.65,73168.87,73732.33,83430.24,82974.55,76081.695,82908.02,82072.72,82733.79,68424.8,83329.1,82839.58,83667.2,83361.29,76568.51,74840.4,82634.75,75704.03,82636.79,90115.7,83726.99,74991.5,83612.64,73525.61,76350.7,76025.84,75634.97,73280.81,75783.34,83019.664,74904.45,83650.13,75026.484,73761.87
2034-10-01,73079.12,84599.055,83686.195,82786.82,80796.45,75202.35,82236.31,83662.414,83448.46,73602.64,83007.234,76605.766,83390.15,83033.445,82888.82,83012.78,76180.586,83279.05,76383.12,74937.59,75681.23,83497.336,82940.69,75592.14,74122.42,66270.21,82730.48,83380.61,75813.49,84292.23,82775.14,76818.14,76238.87,76809.125,83178.4,75948.31,83693.54,76449.51,82814.46,82700.81,76500.05,76524.93,75890.89,83230.53,72409.586,75908.05,82931.664,83715.414,83666.56,73011.48,76279.31,75578.664,76557.92,83179.27,82907.234,76428.516,60512.82,83615.36,82692.92,82968.766,75734.0,82712.96,83255.86,83109.266,83587.61,83397.79,75058.26,82504.03,66734.96,83326.24,87019.375,83295.09,82560.86,83683.805,83097.055,83252.69,83180.305,83554.54,82997.5,77055.2,82146.33,84189.7,76093.016,67142.25,75724.9,82354.05,84361.78,83283.97,83454.36,65525.75,82706.484,76373.94,82942.664,83465.26,75550.625,83627.72,90944.52,75851.75,82737.57,77071.305
2034-11-01,82541.96,83774.11,83691.945,76070.81,83010.56,76146.16,83805.44,75845.89,76427.85,82370.62,82913.8,83185.7,72440.12,83222.68,83482.77,75538.31,76082.56,83177.766,90698.195,82419.65,83468.28,83435.97,75773.81,83471.7,76353.98,73366.82,83172.84,75936.21,87859.43,75918.76,83548.555,72348.43,73523.57,83776.91,75363.6,82994.09,75655.1,82490.66,84007.89,82741.99,83038.43,82867.08,76070.67,73559.695,67911.87,82022.49,83319.56,74921.734,73589.305,83039.15,63208.95,75913.695,75080.95,83412.9,67260.1,82216.32,82796.375,84356.23,83067.26,83393.016,82645.77,83476.0,82881.55,82861.55,67001.78,82927.555,59890.59,82630.49,76312.195,82789.04,66117.19,68036.14,83185.23,81943.055,82333.625,75322.92,76316.42,82944.41,83365.03,82919.09,82446.45,66889.92,76759.99,83072.484,76294.22,82923.29,67818.54,83191.414,83134.55,82840.14,83002.64,76657.06,82784.055,67976.15,76190.61,82986.49,75845.09,74723.37,76528.5,66851.41
2034-12-01,76108.48,75853.7,74990.93,75132.234,76007.0,82949.625,75695.37,83149.695,65861.56,83257.29,76157.78,83195.375,76329.734,83706.07,82081.336,76499.97,76922.016,76515.37,83764.766,68409.984,75791.445,76275.375,68328.484,73743.164,75733.93,76206.234,83811.43,83576.93,74870.945,75366.68,83365.18,73212.14,82963.78,73118.086,83060.92,75881.266,59746.203,82334.805,83391.74,83596.14,75659.79,83085.33,82633.96,82733.47,74810.07,83691.79,83519.086,82940.53,82597.87,82483.805,73416.37,82877.67,83719.97,82868.66,66779.4,75904.72,74754.8,75704.47,76064.5,75611.03,82835.32,75698.41,83517.414,83192.59,83247.125,74806.64,73912.63,74671.07,83438.36,75656.48,82932.7,83229.51,74715.31,82840.68,76176.15,67367.5,75245.1,67715.71,73617.31,83364.78,83555.89,76366.87,83118.61,82501.04,82759.195,82694.58,67392.82,83379.89,76068.78,76664.516,83408.36,75649.33,73504.016,76156.03,82133.95,82367.48,83275.87,83322.5,75684.68,83835.17
2035-01-01,82955.4,82885.81,83461.35,90902.91,82947.57,82413.516,73629.18,82844.555,82976.84,83413.61,84207.375,75517.78,83122.57,75714.72,75774.09,83445.12,92374.75,83543.38,82764.96,82810.99,82737.73,82882.88,83063.94,82346.34,82888.9,75572.46,75990.19,87306.74,82898.93,83122.09,73612.75,83496.945,72767.07,82812.88,67883.51,76105.93,82820.46,83664.336,76334.18,83408.92,82535.43,82700.414,83653.96,82700.89,75758.92,82820.62,82845.11,75941.79,75624.95,90999.27,67397.445,76000.62,83376.31,83159.37,82728.9,82781.62,75395.516,82115.945,75701.14,83452.68,82655.16,82892.84,82843.375,82174.38,83248.4,75715.945,82084.47,83069.95,75332.77,83461.76,75878.23,76548.73,73791.06,82921.38,82678.81,67484.79,76454.1,74883.586,83878.836,76125.82,73424.43,83493.44,82447.875,82853.88,82792.74,91509.07,75482.29,74129.63,82418.234,74830.62,74278.734,82734.82,90472.54,83462.95,75984.24,75734.37,82751.38,83393.65,75967.8,75298.66
2035-02-01,74200.85,68077.805,75771.63,83235.14,73938.23,71679.1,83417.67,75541.55,82773.086,91047.53,73883.59,68249.164,82660.445,83200.61,82781.93,75143.84,82482.79,83193.31,82734.89,82720.84,83389.04,77103.5,75365.17,75228.45,76208.7,83698.414,84270.35,83171.9,83772.2,82593.77,75927.96,76014.69,76577.93,75977.5,73166.77,75848.85,83401.2,75733.78,84265.61,75864.555,75913.84,66996.35,76028.17,82487.98,73329.4,75868.6,66920.04,74920.586,75099.14,83018.01,83226.01,76946.23,83871.805,73385.08,75986.414,84377.31,83283.65,84303.63,83504.67,75661.375,68586.164,83387.69,83810.79,82800.56,72353.54,75291.05,83346.74,73375.42,66729.94,75620.195,73748.3,83809.19,75847.695,82327.66,83401.84,82282.76,83458.58,83370.35,81322.42,83477.99,83913.64,82400.234,74752.086,75583.63,83715.73,72988.37,83454.59,82548.1,76124.516,83708.86,73900.51,75296.79,73922.64,83617.59,75998.08,83119.72,75659.13,73187.43,72619.125,75495.75
2035-03-01,73770.45,75632.734,82903.914,76449.14,83467.64,68424.336,83391.02,75602.305,76979.84,82991.484,83356.27,75645.87,82843.61,82305.05,83315.43,74834.12,75785.945,91203.96,75726.27,83399.055,81977.3,82843.375,76153.42,83134.78,76096.5,83591.28,83265.7,83603.555,83488.02,76226.805,76226.66,75473.14,74270.875,87304.16,76063.92,83292.07,83026.71,83357.31,75735.805,83311.3,82796.3,75776.125,82893.01,75967.29,75293.625,74046.32,83634.34,76178.836,83402.16,82217.65,82381.45,75634.97,82895.85,75703.75,83135.58,82810.516,91254.6,82828.36,82765.195,83683.88,82663.914,82640.34,83645.664,73392.16,75828.89,73531.49,73166.15,76482.1,72791.22,73515.37,75816.164,82816.67,83092.85,83198.08,67236.56,83461.99,82887.08,76013.016,83300.89,76501.36,75669.02,83189.02,66555.22,83107.836,83201.73,83427.695,83273.484,77506.914,66678.27,82729.69,75554.3,67696.16,75885.25,83055.77,83384.43,83570.63,75194.81,83549.836,73272.914,83508.414
2035-04-01,82857.75,73377.1,83184.11,82218.75,76042.45,83403.83,75809.01,75645.28,68424.336,83484.52,74475.14,82634.43,73659.87,88158.9,73323.03,82371.086,82734.1,82997.26,83227.75,82653.98,74247.86,75630.14,82818.41,75677.18,75956.71,82936.19,82891.266,82938.7,83322.82,75828.89,74841.4,83015.15,82190.21,82882.17,76296.914,75995.48,73093.96,83377.91,83823.984,82865.664,82844.24,82733.16,76335.625,83145.734,83169.27,76365.78,82418.47,76923.04,83284.45,75787.62,83496.625,73239.66,76280.03,79780.7,74745.74,75079.74,82994.41,82758.25,75245.67,75271.164,74131.82,83064.73,74884.734,67460.016,83165.08,83593.03,75645.43,65512.88,76492.82,68079.1,66742.22,83697.77,83376.79,76790.82,91645.23,82769.93,83045.56,83396.35,76311.766,67871.78,76427.34,75305.836,75955.984,82914.586,75746.56,76100.85,83114.25,83294.93,76649.38,83575.5,75877.36,82893.24,82845.266,73125.9,83324.33,83685.56,72920.31,66715.43,83607.23,75583.2
2035-05-01,83522.34,82825.68,83297.55,68668.5,83021.73,72930.75,82584.164,83411.39,83391.19,76083.875,75828.1,83145.96,68824.34,76395.42,66603.03,76349.47,75524.05,76089.89,74914.516,82991.4,76277.055,82094.875,76224.18,79271.34,73237.77,75184.84,83868.76,82893.32,75500.35,75205.43,82722.586,83463.19,83075.266,74206.09,83349.04,75608.36,83238.08,75913.766,67340.914,76520.04,76178.625,83360.66,75440.54,83876.99,83428.81,75690.03,76319.914,91428.3,72978.89,83414.96,75490.125,87537.27,75988.945,83490.97,75249.48,76624.32,83472.1,67021.72,83384.74,83293.34,83620.22,75954.46,67155.44,82270.21,76669.125,73471.7,83627.234,75828.68,82130.586,82985.07,83419.336,75542.77,75059.33,83131.62,83492.25,82106.86,75979.31,64896.395,82699.4,91079.41,82092.13,75353.82,76116.02,76012.36,82637.586,83276.91,76133.086,83592.71,76453.66,83161.74,83589.766,74303.1,82065.45,82914.82,82614.49,75835.766,83357.234,83308.125,82763.53,75693.78
2035-06-01,76310.164,75992.36,74023.305,76410.36,76254.14,83450.3,82804.516,83926.61,82274.37,82177.75,82829.94,76385.664,72767.21,73717.0,72648.08,82508.91,76427.266,83533.1,82015.92,83527.53,76205.875,82517.414,75973.01,83094.516,75489.62,83683.805,82964.49,67505.65,80119.54,84014.695,83327.19,83503.16,83621.89,82411.87,66689.914,74874.875,76020.266,82573.14,84318.43,72803.305,73349.26,76320.06,82611.27,66977.375,66836.81,74484.734,80499.34,76152.766,82682.91,72558.836,83572.23,82097.38,82980.33,75984.89,68236.016,75635.914,83609.375,67133.28,82646.25,74628.22,76460.15,82933.65,75211.305,82961.73,83610.57,83322.26,82243.375,82687.72,76108.26,76530.55,75514.97,82800.01,68461.81,83301.2,75567.13,83270.945,75575.35,67075.43,88970.4,64970.89,75687.5,59947.043,83450.3,83315.59,67655.42,84011.66,82699.79,83837.49,74484.805,82870.4,83026.086,74878.16,73626.086,73984.14,75902.55,72530.68,83108.625,83922.77,83677.26,82546.22
2035-07-01,83616.79,83651.96,73204.81,77350.59,82350.27,73642.09,75924.63,82510.56,83625.57,76312.195,75597.19,83016.81,84090.84,74760.28,83419.18,83339.43,83834.85,73265.36,67484.336,82125.65,82771.03,76254.73,75789.56,82562.125,83364.07,75580.1,76152.695,75872.586,82257.18,82330.17,73286.05,74137.336,83791.375,82977.48,75763.04,76686.9,72975.28,83400.65,72997.62,67305.15,75675.875,73795.23,83462.07,84041.625,83579.41,75080.31,83040.56,73775.87,83839.09,82894.43,82339.44,75920.36,83441.625,83244.58,82695.92,82985.94,82445.67,67210.86,66907.6,83006.445,66754.44,84224.48,82761.09,83190.3,82195.54,75902.98,83023.07,82956.82,82976.52,75123.49,76341.31,75678.766,83077.16,72313.805,73492.945,91429.34,75215.41,83438.2,75364.89,67896.78,75825.78,91178.83,81827.63,84207.375,87161.06,82751.94,82870.71,83437.32,82895.85,83583.07,83021.4,73826.266,73172.914,75501.72,75668.74,83388.63,76024.836,82883.44,83668.24,82986.414
2035-08-01,82821.57,76193.16,84403.14,82927.875,83310.34,83290.164,83016.414,83371.7,83732.1,75923.76,83222.28,83251.01,75106.52,67184.01,76198.45,82791.24,74869.164,82905.49,75645.0,83666.97,76912.11,62391.09,73585.65,75527.51,83002.64,83448.23,82973.68,82832.16,73811.55,82514.414,76379.62,73905.16,83224.1,83526.09,83541.39,76180.875,83559.875,82804.35,83341.42,83573.19,73822.46,67078.625,91386.1,74199.87,82884.94,83361.445,83520.36,83654.92,83006.445,84422.39,76188.43,67687.18,83208.71,83206.96,83328.62,83393.26,66805.39,75787.54,83625.57,83115.12,72866.51,83029.72,83517.57,82248.87,67130.47,75958.234,82660.76,75906.17,83612.97,75928.03,82848.43,74105.45,82750.984,82613.0,83567.766,76162.27,84042.34,83509.21,82436.234,82205.11,75090.266,68481.46,83588.25,83125.51,76567.92,82785.41,83480.23,75448.89,84614.625,84017.34,83197.04,83389.195,75621.34,75589.47,83522.51,83363.04,82621.5,83615.67,73097.445,84019.34
2035-09-01,81916.805,75800.695,96369.07,76418.52,83535.734,74976.484,82663.35,75933.31,75589.04,76398.78,76116.53,76070.52,67180.55,83514.305,76775.95,76546.75,83312.01,82605.27,83000.9,82651.61,75279.055,82904.87,83645.43,74985.78,82860.2,75549.19,83842.45,75983.16,67388.26,82880.83,73325.266,91445.99,75467.02,75822.31,72927.2,83073.6,83137.87,75684.55,83078.195,82162.48,68240.83,79023.32,76782.61,76193.95,82858.15,76199.766,76065.445,81973.38,82684.65,82234.516,83344.68,74862.17,75926.734,88022.63,82815.65,83130.266,77007.53,75993.664,83972.64,75314.81,75584.42,83662.58,72327.33,83583.945,82691.11,82852.06,83163.33,67281.336,75382.14,81913.91,82993.45,82805.14,82808.15,82215.93,75863.03,72527.63,82818.805,76498.15,83528.32,74089.98,83357.4,82229.57,81762.5,82622.61,91230.5,80260.86,75842.63,82796.14,83151.76,73226.25,83647.016,82899.73,75831.42,73127.29,75554.664,76656.836,75588.61,82854.43,83110.21,83314.63
2035-10-01,73782.695,82664.85,76296.04,77249.59,83443.055,83513.34,82972.414,76089.46,82126.125,73273.05,84318.34,76306.086,75178.04,83481.66,82699.4,82668.72,82264.41,82962.04,82326.24,82784.45,82988.4,83310.58,83653.164,83600.37,74814.28,66762.21,82852.85,83433.83,75588.61,75992.07,82239.3,75879.82,75858.04,76628.77,75372.37,84010.445,75011.6,83135.81,82844.164,82973.836,82761.09,83730.9,83470.836,83400.484,67264.53,83063.23,82935.15,75347.79,82841.01,67021.21,75854.35,83415.914,76435.43,82950.66,83449.66,75768.75,68833.52,83040.17,82994.96,82937.914,75175.45,83549.59,83377.91,83339.266,82822.67,82992.516,83214.26,81524.79,73137.82,82941.56,83391.74,83171.26,76153.99,76762.11,75267.63,83597.734,82979.46,75877.94,82714.54,83421.89,83036.53,83451.41,82601.02,73633.53,75899.43,76189.59,74242.62,75590.555,82309.44,72264.85,81908.99,76044.84,76073.64,82448.336,75516.125,82821.57,71576.57,82834.836,82861.7,75256.445
2035-11-01,75714.93,75876.64,83277.94,91508.89,74821.914,82759.35,75353.97,82994.88,76201.29,83747.99,76363.734,75906.38,73277.03,82876.56,83000.266,82803.805,83333.23,75203.42,87353.375,75535.13,83083.26,74680.055,82468.08,75542.49,76248.18,66697.61,83372.414,75736.46,76306.23,83097.69,83959.99,66572.11,73801.336,82940.84,75748.445,75330.55,74254.37,83091.74,75611.75,83335.13,83379.57,82794.8,82753.35,73444.945,73389.07,83245.14,82843.92,83368.914,73650.03,82539.445,62316.88,82777.664,82894.9,75567.7,66798.19,84175.414,83226.25,75027.766,83623.81,83534.375,83349.92,83649.17,83896.84,83572.55,66718.35,83364.39,67921.91,82808.15,83485.72,83758.46,67248.75,73057.305,74415.37,83478.16,76556.46,83843.09,76512.74,76430.48,83003.75,83282.38,83763.086,72278.57,83535.336,82998.93,83261.26,82975.57,66878.63,82811.695,74071.75,83543.38,84345.21,74153.81,81942.12,67180.04,83586.336,75843.8,83134.47,83448.46,83340.14,72959.83
2035-12-01,76580.05,83508.016,76284.55,82721.95,82732.125,83671.35,81984.72,83747.19,72573.57,75622.13,76667.59,68518.766,82812.57,82894.984,68035.81,75915.65,76256.766,84370.38,75970.84,73462.39,82945.67,82950.57,66711.42,83611.93,83064.57,74825.555,75601.01,76136.79,75584.57,83230.22,82992.516,66876.016,82927.945,73066.43,83390.945,74870.45,62393.59,76122.49,82970.04,82633.09,74959.69,82802.93,82835.79,75962.28,67013.8,82999.16,83326.95,76462.48,82779.95,76400.89,73801.695,82961.805,83455.71,82262.984,73751.18,83662.1,83096.734,75834.02,83041.44,82182.06,75642.11,75917.17,76295.164,75857.6,81895.01,76320.195,77110.12,82993.45,76009.46,82934.445,74331.38,82519.14,75570.3,75159.47,82795.98,66895.03,83639.6,73185.9,67620.914,83072.484,83616.63,83449.734,82976.766,75911.59,82256.48,83814.305,73265.23,75576.07,83814.39,74123.48,83173.88,76910.14,73688.75,75628.77,83462.63,83706.15,83170.07,84234.28,83426.43,83414.96
2036-01-01,81927.586,83259.35,83736.65,87344.63,83134.78,83854.92,73418.55,67817.9,82847.32,82717.695,82756.91,66971.56,83553.266,83446.48,75540.33,74880.305,87470.01,82985.87,74855.45,82879.73,83103.95,83411.47,82745.39,82944.41,76970.74,82452.664,82715.164,75401.195,83616.31,82705.55,67263.95,75838.945,67424.836,68107.61,72795.8,67129.19,76137.37,82060.28,75729.52,74942.88,84277.19,82852.22,75945.266,82370.54,83606.5,83590.96,73504.016,83139.55,67856.64,88313.48,72895.71,76172.664,75600.0,82893.8,82859.33,74687.1,75820.58,76060.23,83428.65,83425.945,82573.84,84213.48,83684.2,83552.87,82756.43,82787.54,83684.36,76020.625,76223.67,83744.72,83621.734,83513.43,83834.77,83459.84,83063.85,66769.41,83072.88,76236.48,76258.8,83773.4,66301.82,83522.67,76694.36,75588.75,75549.836,87706.64,90646.49,83591.195,83472.58,83709.984,83003.516,82333.625,79725.86,83371.7,82938.7,82950.336,83114.81,83678.45,82294.92,74464.766
2036-02-01,75778.586,66810.61,75276.69,82570.94,75178.97,65990.57,76436.02,76192.94,75501.94,86849.914,82509.06,66884.43,83205.94,83159.516,83694.42,83603.79,82999.95,83415.914,74663.24,82830.1,82138.97,83224.1,74282.99,83241.57,75862.75,82892.055,84227.29,81997.15,82884.0,75784.5,76252.11,83310.58,82143.36,76130.03,66526.23,83541.15,83478.31,83515.42,82766.15,82103.41,83686.27,73854.71,83246.57,83471.625,60016.953,75797.87,73122.55,76459.195,75514.18,83080.25,75854.78,76368.766,76388.37,73542.23,83182.84,83313.52,83533.42,83121.14,91601.45,83083.664,72977.22,76696.84,83712.055,84530.83,73015.51,83534.78,82610.71,66691.57,73484.25,82928.586,83577.25,82730.0,82886.516,83990.82,83573.266,77058.37,76319.26,76276.836,82012.72,82928.11,74312.32,82141.16,74188.75,76200.055,83145.336,73615.27,83916.84,91100.516,73680.03,75719.055,74930.17,76753.04,75676.24,90457.02,76264.83,83406.85,75813.27,73204.11,67302.71,83625.8
2036-03-01,76332.875,75828.53,76265.93,76762.11,75658.92,72855.54,83916.05,84029.44,76012.07,76383.55,83613.125,84252.36,83014.836,75707.72,83172.055,91176.66,75317.19,80106.09,75489.766,83507.375,82581.64,68147.7,76464.086,68309.39,82744.36,83579.24,81981.586,83593.195,83813.35,82694.74,73788.88,82649.24,82662.49,83247.6,82662.17,82843.52,83871.875,83463.51,75709.95,75875.336,82523.7,82229.96,76423.92,76264.18,82567.47,68489.234,83626.05,83615.914,75685.625,67823.26,75784.07,81971.03,68483.945,82176.734,83082.87,75691.04,79582.82,83512.234,83102.914,83285.164,83470.75,82025.77,82029.69,73453.49,83505.7,73967.28,72917.4,83608.5,67363.13,73799.586,81916.18,82945.36,76535.805,75696.96,73322.55,75441.19,84059.734,75531.39,84206.89,82616.94,82844.01,74475.64,67802.305,83191.33,76192.07,82979.14,75146.79,76553.17,67207.586,75956.64,90221.65,73037.17,82568.734,75702.805,76056.164,75679.99,76522.875,83418.78,73971.51,75929.11
2036-04-01,83426.51,72391.77,75926.37,83104.82,76561.5,75740.65,75679.055,82845.11,72887.5,82988.234,82993.305,75637.57,66865.3,83556.69,72885.91,75320.35,75980.04,74796.445,76058.12,82788.875,83180.46,75952.66,74208.64,82774.195,74590.87,83467.97,83233.23,82862.1,82714.06,82823.94,76451.914,75315.31,82946.695,83840.29,76203.55,83584.9,73138.59,81861.51,82926.45,82921.86,82977.4,82860.445,82963.234,82909.445,76250.29,74546.84,82560.305,75910.875,82916.56,82137.95,76236.55,73962.766,67615.37,82759.586,75615.79,82612.914,83804.96,74238.65,82727.0,83085.17,75192.16,75951.64,83531.75,66128.29,83156.75,75191.16,82402.28,73026.24,82752.73,73028.19,67241.89,74304.38,82918.14,76137.805,88361.414,83531.75,82673.68,83031.15,82466.43,73461.055,76132.79,76023.38,76294.15,84064.07,82757.07,82909.375,76000.19,82447.555,76117.69,82982.07,83021.17,75229.24,75474.51,67522.0,83634.26,68784.18,73468.06,66146.58,76321.0,83549.836
2036-05-01,74620.53,82899.09,75636.77,72853.94,83635.77,67147.37,75647.67,82944.41,75899.0,84277.266,82468.234,75291.97,67066.86,82921.945,72391.77,83179.836,75306.414,82233.02,83108.86,82971.3,74453.27,82435.53,74639.18,83417.03,67224.516,83718.29,76206.305,73892.69,77233.62,82063.73,82229.26,91700.305,82152.6,76287.89,73836.055,82971.86,82930.164,75511.8,66957.83,76554.71,82862.734,83435.1,75630.21,76128.58,83028.14,83175.305,76084.45,87441.65,72755.48,83543.94,82172.74,75349.945,75872.15,74758.86,83039.23,83486.36,83553.34,73411.47,82649.09,83487.15,76119.51,76734.375,66114.92,83231.88,82429.79,66513.85,76448.12,83401.6,83446.875,76391.5,76450.45,82903.05,75989.9,82822.914,75998.734,76030.92,74439.43,72949.11,75867.59,80758.7,83151.76,76181.96,82825.68,81978.85,82933.336,84066.32,75680.35,76023.164,82856.414,82779.484,83263.25,77752.26,84380.93,75020.26,82185.36,75019.97,83149.13,83608.74,83607.14,83026.71
2036-06-01,83503.79,76208.05,82768.91,76089.97,84228.49,83707.266,82991.25,75752.49,81946.49,83111.63,76449.29,83177.21,73657.97,74935.74,67306.234,82790.45,75809.15,83191.09,75923.18,82917.67,77382.76,76127.56,82927.484,83386.65,74803.79,82802.93,75332.12,66815.58,82798.82,76119.29,83525.375,83288.89,83020.22,83590.875,73356.67,76563.32,82875.86,76384.94,83462.16,66638.1,66692.72,75508.2,76256.62,67279.92,66956.81,75686.78,75206.5,82227.3,76543.1,66671.22,83335.3,75820.51,83397.87,75874.1,72844.28,82814.54,75919.34,73919.47,75536.0,84543.88,83304.06,75630.64,84050.44,82565.266,75788.625,84368.14,76345.38,83072.96,76260.62,75411.05,73531.85,74566.54,73445.016,83503.48,82338.57,83051.02,83775.71,73393.414,83530.31,73002.64,76360.46,68036.79,82967.9,76321.15,73452.86,75068.36,75780.31,76313.5,76710.89,75196.97,82757.78,82547.87,67434.74,82796.06,76134.31,73542.086,75909.86,83602.44,75905.37,76517.12
2036-07-01,75818.625,84125.5,73863.375,82112.5,82971.695,73249.51,83294.93,75529.52,75760.945,83833.016,84203.6,82385.46,75330.4,76027.01,83439.39,75384.875,67957.35,73173.88,73580.6,83223.47,76449.21,83638.41,82800.33,82365.35,82928.42,76533.836,75760.875,82951.99,75471.2,83509.84,67459.56,82288.016,76119.15,83112.9,83558.836,68106.96,73388.16,83080.5,73225.76,73153.516,75822.1,68160.31,82701.766,76055.44,82255.61,83078.75,83396.99,83609.46,82316.03,75594.23,83393.17,76235.38,76537.05,75395.305,83142.71,82862.97,83637.69,66625.84,73315.266,75923.03,73600.95,82892.766,82890.16,83872.84,74767.984,75816.82,83524.02,75747.945,83136.21,74258.195,83153.19,82868.34,82923.836,72496.72,66639.44,80006.69,82134.266,82846.77,82938.39,73319.46,82857.75,79444.96,83538.516,82935.15,81909.85,75793.03,82949.78,75843.86,82724.87,76453.51,83129.234,83291.67,66688.39,75047.734,76516.02,84446.945,82740.016,83536.77,75539.82,82487.195
2036-08-01,75683.17,83340.38,82846.3,76018.59,82935.07,83756.945,74922.875,83369.8,82098.875,82754.06,74731.484,83785.54,83528.32,67201.5,76303.17,73686.78,81904.94,75680.5,75770.99,83564.66,82920.99,62690.86,66592.17,82854.59,76393.89,74971.195,82170.234,75910.37,74386.34,75772.36,82271.77,75937.59,82879.73,83276.984,83173.484,82725.89,83367.25,75588.75,76261.93,83548.96,76121.984,67465.875,87327.48,74378.48,83785.46,82878.305,75392.21,83104.82,82819.28,75579.305,83913.805,73131.055,82863.125,82676.05,90757.21,76374.23,73067.48,68699.88,83575.57,83011.35,72772.75,82137.95,82853.33,75225.44,66523.62,82080.87,83077.484,83413.46,74577.06,83489.45,75554.3,83600.92,82340.61,83380.445,83482.93,83017.93,82995.2,83410.99,83625.97,83159.37,83473.94,73686.29,82858.54,75505.75,82868.11,83309.08,82840.37,83099.35,75870.63,75758.78,75353.25,82809.64,75714.93,75994.46,76048.33,74127.94,82321.14,83058.07,67971.67,83047.38
2036-09-01,76100.49,83198.08,87738.11,83004.23,83587.37,76176.23,83630.43,82807.67,83582.19,83600.61,83297.875,76480.13,66885.65,83057.68,82982.46,75626.39,83473.54,75974.68,82765.984,82341.164,83711.414,83473.46,75771.06,82768.83,76027.16,82741.516,83788.18,82894.266,66056.555,82491.28,67141.22,79863.75,83747.83,82833.42,66957.125,76380.35,68314.67,84044.984,82825.44,83011.19,67303.16,83064.49,82994.26,83544.66,90973.49,75224.87,84206.56,83268.25,83841.25,67816.016,82781.23,76041.22,82837.84,75680.35,82977.01,82728.58,83346.34,82935.15,83067.26,82951.84,82941.484,82785.875,73241.195,76247.086,75779.16,83218.47,76232.04,73142.63,82833.42,76326.03,84425.93,84548.33,81896.73,82900.83,83473.38,73762.64,83057.68,91344.11,84171.164,83038.586,83130.336,82778.77,82977.31,82914.03,87211.29,76303.61,76017.37,76335.055,74883.875,67425.29,82904.54,73875.07,82620.875,66882.52,74918.305,84077.22,75734.79,76123.93,75905.805,83407.17
2036-10-01,83269.36,83031.62,83297.234,82801.195,74523.664,83162.86,74591.86,82836.26,73620.055,73145.49,75197.19,74896.016,74720.73,83269.516,82921.47,83144.45,76224.48,74436.016,83647.016,68281.78,83125.27,83310.34,76071.61,81914.53,83889.875,66812.016,82566.21,67775.414,83043.5,75123.35,74777.26,82937.125,83489.78,83035.34,73615.07,74138.25,75571.164,75808.94,83460.32,82247.22,83030.67,81992.3,84682.68,82289.51,72416.08,76235.09,82902.26,83622.85,90525.97,66623.87,75503.164,75877.94,82465.016,83519.875,82743.26,75527.79,73238.54,83540.91,76440.9,75683.32,75805.69,84535.17,81984.95,76285.414,82795.44,83275.234,76631.266,82960.38,72575.78,82215.61,76173.33,82819.04,83595.58,76863.72,84101.44,76208.99,76626.73,82855.77,74753.586,83018.64,82907.71,76226.586,83137.95,67002.414,76036.29,82642.31,75783.34,82070.38,76324.72,72268.99,75830.055,84096.14,76116.39,76187.484,83016.19,81911.18,73537.6,81904.305,84544.53,75526.64
2036-11-01,82779.33,82567.01,83490.734,80478.84,82914.43,75193.74,75957.51,83158.016,76010.33,74599.83,84025.75,75939.47,67057.97,75640.164,83653.805,74963.47,91276.35,77337.91,83122.81,84499.07,83200.22,82866.92,76330.03,75783.42,92078.266,66997.05,83316.945,83363.27,82533.23,83554.94,82984.52,67373.16,81954.94,83173.17,83218.39,76355.14,75692.766,83488.51,82899.805,83527.05,76086.055,83353.18,75762.98,66071.875,73826.336,75053.32,82727.945,74010.39,67010.47,76014.97,67606.41,84378.35,76252.47,83493.36,73202.78,84113.79,83447.91,75833.45,75423.78,76022.66,74239.78,75574.84,75926.945,82856.26,66432.195,75907.47,59493.527,82791.41,83304.06,83524.74,72627.79,72524.59,75729.086,73943.86,75605.695,82724.87,82951.37,82762.99,75639.66,83501.56,83820.94,73604.32,82066.15,82957.61,82902.414,83596.22,67458.15,76120.016,83551.11,83542.664,83329.66,74728.71,75574.19,72313.39,83285.0,83402.24,75580.97,83426.43,75970.04,73768.27
2036-12-01,82929.06,83237.04,76093.234,82277.97,84004.44,83486.836,75574.91,74291.06,74366.91,84023.35,75155.81,65441.26,83559.31,82906.28,67076.836,76159.586,76340.66,82227.92,74201.63,72538.97,75570.66,75035.06,67299.625,83585.375,82530.16,83831.57,83296.2,74369.39,83763.01,84508.09,83595.266,66937.98,76212.7,73330.94,82201.734,91051.96,68704.92,82182.62,76002.0,83471.7,83038.586,83629.87,74388.336,83127.73,67447.34,82986.66,82877.19,67842.93,82974.945,82025.15,82835.63,74167.67,73765.88,75403.85,83989.94,74825.98,75789.055,74160.88,83181.414,83125.83,76138.38,82086.81,83091.664,82739.31,76238.15,75877.21,83331.086,75045.445,83224.9,83003.914,82814.38,84615.67,83463.74,83302.96,75330.83,67223.555,75311.87,73031.53,60832.215,75872.37,76121.32,82245.18,74796.875,74956.75,75135.46,83163.016,66998.33,83052.53,83049.05,83290.64,90309.195,83047.78,75349.3,83120.67,75818.625,75728.0,83464.15,82102.945,83076.69,82916.805
2037-01-01,76936.4,75587.6,82793.92,83390.31,83880.12,82949.7,67415.055,73603.336,75240.586,75811.33,75655.68,73555.2,75883.3,83858.61,82984.6,83507.77,83055.07,83278.26,82802.46,75718.05,82976.21,76320.34,83710.46,76141.8,76560.484,75704.61,83783.54,75828.6,75675.96,83248.71,73147.87,83070.59,73635.0,64852.96,74375.85,72459.19,82876.17,83772.59,82594.875,84126.14,75117.195,82908.42,82206.836,76889.6,83444.24,76054.64,72513.66,75743.46,73475.98,76069.8,73168.03,83151.27,75683.83,82464.15,76416.12,75988.375,82636.164,83400.01,82283.78,82864.39,83011.35,76872.3,76254.44,76265.05,82723.21,75877.66,75873.31,82471.07,83039.54,76482.02,83607.7,82733.63,75811.46,91538.74,83593.195,72471.9,82802.695,76257.055,75962.22,82401.016,73030.06,84289.164,75783.56,84303.47,75683.38,83494.0,87298.414,83592.71,82888.336,74768.84,74663.53,83255.54,74579.98,83226.805,82954.055,75529.945,83044.69,82799.46,67926.18,82698.13
2037-02-01,82437.65,73064.414,75860.72,76186.69,82697.81,72652.305,76594.66,76134.76,69064.72,76024.69,82944.484,72848.164,75052.03,83150.24,83357.07,83482.85,75456.086,83514.305,84134.41,83376.63,82146.17,83038.984,76242.22,90130.66,82550.625,75820.79,83706.95,75781.18,76444.766,76459.93,76407.52,75085.32,82699.55,83002.484,66793.86,82979.055,75831.64,82688.74,77081.516,67108.125,76357.48,83283.414,67519.68,75772.44,62251.72,83287.46,73556.88,83047.305,67905.52,76280.18,83005.18,84457.26,83000.82,67569.8,82224.01,75901.02,84139.38,83356.52,81666.88,83584.336,72921.43,83510.25,75197.62,76083.15,73443.48,83995.55,75407.88,67150.695,66005.93,83436.93,75848.125,83591.99,74911.305,76147.32,82997.11,67885.38,83413.86,75804.45,83533.74,83487.07,76871.12,83566.57,75081.52,82874.03,82842.984,73277.8,82816.914,88156.21,68422.125,67912.97,75677.55,82477.28,76104.914,87495.87,76361.85,68414.23,83116.71,74097.12,73127.01,83830.305
2037-03-01,82977.01,84317.46,75119.77,75005.88,82828.52,73742.875,83544.734,82992.35,82867.63,83214.26,82413.68,75447.3,82905.414,83182.2,74838.32,87557.47,82841.48,82873.086,83337.36,82784.305,83347.13,66007.625,83078.836,66037.664,83511.2,76089.1,83002.64,83582.19,76109.7,75190.23,83288.89,83760.93,83111.01,76880.07,76335.71,82738.83,83800.01,82727.32,75417.164,76266.945,83177.84,82730.945,75686.414,82933.96,76358.78,72372.375,83167.93,83477.195,75401.055,67271.914,76312.78,76563.55,66867.984,83351.51,82786.82,82840.37,83565.62,76154.14,82176.266,82870.79,75523.61,82360.086,75109.31,67020.95,82969.09,74349.68,73110.14,75786.09,73000.33,83396.35,83088.49,91030.78,83463.984,82924.87,67529.41,83611.766,75540.61,83673.67,75651.2,82004.81,75436.37,74973.41,73537.53,83575.65,76507.34,75828.02,75935.99,82738.516,72872.625,75512.95,80025.69,66584.17,74748.02,82818.57,75786.96,82866.45,76804.66,83284.05,83434.78,82731.58
2037-04-01,83197.59,66770.484,83662.89,82743.81,82873.086,76120.81,74489.914,83270.7,66175.164,76542.445,75762.39,74910.586,73377.24,83328.15,73243.22,83247.21,74323.516,82867.39,82757.62,82808.15,82699.234,91204.75,76404.9,76004.03,75430.836,82089.945,82114.53,82183.47,83021.17,83758.85,83369.16,83160.8,81806.414,75886.19,75441.836,82975.57,73784.586,83373.93,74272.5,82990.46,83344.914,84423.03,74112.17,83196.414,83348.33,76311.54,82537.64,83059.016,74925.59,75749.82,76459.055,76052.1,73671.25,75699.27,82981.83,82813.28,82464.22,74976.195,75983.23,83786.414,83013.65,82555.51,68680.35,67264.53,76400.74,74433.61,74323.02,66932.42,83992.266,66883.22,66418.266,83449.016,73894.375,83592.16,75681.8,83428.98,83673.02,83642.47,83664.9,73618.92,75381.42,83414.805,83612.33,83423.72,82909.445,82633.016,81769.83,76092.945,83016.58,82860.59,83438.36,83391.1,84736.07,66726.945,75716.09,60017.062,67949.05,73618.22,82776.56,83496.55
2037-05-01,82957.06,75250.984,82880.91,66759.41,84116.12,73568.39,82480.586,83052.055,83393.734,82171.25,84476.83,75235.125,66768.63,83688.75,73223.11,83202.04,83619.75,83360.25,83106.96,82228.48,83765.88,73629.59,76133.95,76052.46,67323.19,76454.83,75450.97,76258.58,82738.37,75980.19,83393.33,79909.766,83586.336,82638.84,83650.93,83179.75,83198.31,76754.06,66571.28,82421.14,83322.11,91224.414,83073.914,83607.78,83139.62,82925.42,76088.73,82126.44,73747.445,73645.47,75375.53,83538.68,74907.305,76175.79,82641.68,82947.88,82802.3,72867.06,74280.37,82139.59,82057.07,84230.336,67777.74,82904.0,75982.8,67427.016,82596.77,84326.71,74861.31,75819.77,76038.47,82494.9,83594.39,83514.15,82667.54,83088.016,75911.81,66844.33,83133.516,75052.03,76415.24,83031.62,75905.44,83270.305,83164.04,83330.93,82948.75,83889.234,82313.055,82948.27,75497.62,82715.96,82774.27,83537.164,83697.695,75567.414,68244.086,82899.73,82577.55,75192.45
2037-06-01,83865.24,82719.43,75519.72,83677.336,83628.27,83284.93,75889.016,82865.81,83820.23,82667.92,90358.21,83219.03,74334.58,83088.97,66749.35,82846.695,76358.5,75936.14,75413.63,83120.43,82758.01,82910.87,74941.88,83417.67,90354.42,82941.63,83141.836,72965.67,91484.38,75313.805,74932.234,82402.43,74386.414,83919.96,67438.73,75808.21,84209.055,82986.19,75705.766,73417.07,67462.73,82843.92,74995.51,66915.83,73599.336,83467.89,83027.336,82138.66,75145.28,65934.52,76032.95,91341.93,83594.23,82155.89,66926.36,83277.13,76319.69,68750.34,75618.31,83365.03,83554.85,83544.26,83271.984,83464.94,83020.94,74713.67,82802.23,83065.99,83624.125,82597.086,67143.14,83083.34,66023.94,84225.12,83524.664,82196.88,76372.05,72682.94,83843.09,66512.96,82153.54,74487.5,83498.53,82664.23,66423.836,75530.02,83607.62,74822.914,75787.24,82888.97,83588.57,82882.57,60491.88,82344.85,76395.35,72726.13,75400.41,74936.88,73902.41,76040.86
2037-07-01,83041.6,83875.4,82738.99,82715.086,83035.414,72931.93,75133.1,83447.03,83102.04,82789.83,67703.57,83931.97,91503.66,82160.91,76713.664,75829.4,73439.414,73503.17,67056.49,84369.586,75493.875,75489.19,74846.82,83430.41,74923.09,75957.07,76044.84,76401.04,82841.32,82960.38,66907.914,69081.984,83409.8,83393.65,82933.805,73831.47,73889.51,76430.04,67435.38,73687.695,83581.555,66661.37,82174.86,76390.19,83626.68,82755.09,67678.14,75988.88,83518.61,82778.61,82688.516,75741.945,82952.945,83177.37,82716.75,83711.98,75638.8,73181.43,66595.54,75508.7,72995.88,91314.234,83079.375,75215.55,75168.37,76245.2,75737.76,76690.266,83932.055,77514.75,83066.47,76435.29,82178.23,66911.05,66249.734,83023.305,83170.15,83191.58,83066.625,66672.055,83383.55,82458.414,75263.98,75132.45,83158.09,75713.78,83375.52,83555.25,74515.5,83495.984,76397.02,83023.07,59261.64,83539.95,81901.336,82903.28,83739.61,83709.03,74999.586,77110.195
2037-08-01,83406.06,75659.94,82827.58,83630.67,82467.375,82713.195,82187.32,76065.95,82623.48,82545.74,83563.06,82541.81,83225.53,73480.74,83418.55,75624.516,76466.49,75847.04,82221.66,75473.35,82860.99,62679.5,74591.37,82531.11,74111.74,81999.11,83971.766,76672.56,83334.98,83401.44,83387.21,83181.89,83241.17,82375.016,75737.03,76222.734,83487.945,76589.69,76652.97,75736.82,83254.43,72411.586,83911.484,75030.42,82575.82,75359.57,83678.54,82812.25,75498.26,83032.09,83823.1,65875.0,82274.29,76358.06,87958.1,83011.91,67465.74,73270.12,82888.26,83279.69,73136.22,83495.67,83313.2,68204.586,67591.96,82859.33,82736.39,83327.98,83308.75,83584.02,83014.27,83098.8,83619.5,83426.82,82523.31,82820.78,82962.2,76986.75,75376.9,82703.336,76068.78,83618.38,82957.38,76927.59,82972.96,75663.04,83009.13,75337.37,82823.0,82760.375,76480.86,82632.07,82978.51,82833.02,83510.48,82223.305,83004.86,82560.23,72928.52,84222.234
2037-09-01,82798.35,83439.95,75925.35,83066.945,82341.8,83131.93,76201.586,83385.06,82978.266,91461.62,83607.87,83165.234,74094.65,83033.52,82233.336,75558.91,82010.76,82941.71,83777.625,82933.01,82989.43,91384.7,91032.0,75890.38,83023.54,84158.48,76015.266,73576.67,73520.625,76411.52,73034.52,83050.15,83077.41,82837.375,66658.06,76578.445,73513.414,74935.17,82139.28,75990.47,73179.48,84184.484,83726.27,82943.85,79837.78,84364.36,75590.914,83406.21,75976.414,60062.99,76334.33,82756.59,83358.664,82931.43,82777.82,67944.07,83517.805,75031.7,83861.0,82470.83,75746.56,75407.09,66882.59,76630.09,75530.74,82863.29,76463.13,67506.805,82841.164,75781.39,83313.36,76304.266,83719.56,73614.43,84208.18,83034.0,84064.23,79893.99,75083.67,75827.3,83531.195,76253.63,83314.95,74667.875,83488.35,76475.47,83049.836,82788.086,75034.78,73124.22,83479.266,82959.984,83460.56,67302.65,83382.35,76324.49,82856.57,83375.05,76138.97,82874.51
2037-10-01,83407.805,82845.11,83655.234,91191.875,76934.34,74396.984,83258.555,82899.95,72859.21,72359.47,82932.07,82708.46,83044.29,75892.984,83450.62,83049.99,83151.51,82900.83,82823.15,66412.56,83398.1,82904.78,83535.336,83174.6,82157.62,73228.695,83136.69,72992.95,82841.555,82630.49,82855.23,83254.04,83518.28,83029.164,67537.2,67669.75,82730.39,82501.2,82776.95,75970.48,67834.84,76029.26,75903.2,75397.1,74304.31,82921.7,75439.25,83076.22,78452.19,73053.4,84529.695,83720.29,74771.55,75847.766,83277.3,76441.99,72519.68,83286.59,83783.45,83008.586,76005.69,83104.82,76308.336,82294.445,82258.2,83302.086,82523.234,83131.69,73093.75,76956.06,83094.36,83360.414,75272.305,75542.836,83453.0,82849.53,75973.664,83463.03,76274.21,76003.88,75608.36,75586.445,82003.56,73250.28,82436.945,81986.984,84433.26,76295.02,83261.97,66649.734,75710.45,84171.0,75961.92,82165.53,82992.195,83212.99,66718.92,75985.55,76026.28,75592.78
2037-11-01,83144.93,75424.21,83386.016,83236.33,82877.43,82720.22,74235.05,75412.92,75554.3,84435.02,75615.21,75898.42,66699.016,82563.54,74696.01,82161.375,88229.63,82636.484,75713.78,75636.7,76273.7,82408.09,75056.18,82829.23,80414.7,73015.164,75527.64,82764.56,83613.28,75836.92,83848.125,73264.945,82905.02,83870.44,76138.46,76166.49,83043.9,75545.94,75918.33,83347.3,83649.25,83660.18,83655.234,72902.38,82262.05,82902.09,76183.77,82771.12,67266.65,81845.35,73267.945,83832.94,83293.42,82694.66,73536.9,74851.6,75680.65,83010.72,83066.945,75531.82,82727.555,83627.0,75837.57,75760.66,72974.445,83459.69,68129.18,83177.61,83436.29,83609.77,72905.65,72730.3,75698.41,74946.32,82838.164,83793.21,76288.48,83126.305,75829.04,82820.38,83095.07,67196.44,82768.04,83873.96,83627.0,83432.79,66729.74,76532.88,83389.984,82673.84,83174.125,84181.35,74272.5,73492.8,83546.17,83373.45,83086.125,76234.875,74947.89,82212.8
2037-12-01,74256.85,76445.42,83977.445,76275.97,75830.266,75550.34,83579.086,83250.06,75464.07,82153.38,82881.15,73483.125,83273.33,82858.54,73424.984,83208.47,83053.87,83565.37,83220.69,74107.86,83486.836,82845.664,66654.695,75083.67,67674.914,68003.7,82275.23,83062.51,74574.72,76062.836,82103.88,73677.08,75909.5,73510.32,75032.78,87775.35,72572.74,82179.24,82909.61,90281.55,75921.23,83611.93,82603.625,68149.97,73790.16,76200.78,82830.42,73293.53,82911.03,74518.27,75781.47,75702.734,84366.055,83126.53,76353.62,82356.0,76278.87,75635.195,82061.92,82812.09,91478.1,75951.06,84213.32,76184.79,77014.14,75635.195,83464.22,83386.17,75583.78,82838.08,76223.02,82662.81,75474.37,76045.5,75980.62,73000.96,82005.68,67197.46,67727.41,76127.71,83379.81,83556.21,77405.86,83376.48,82630.18,76197.07,73216.89,90281.21,83823.66,83637.055,88116.53,74897.66,76590.56,76793.305,83353.336,83747.35,82690.72,91266.34,68604.414,76483.92
2038-01-01,82532.05,75551.85,75872.3,76613.8,82601.5,76356.75,65860.43,73138.31,82608.586,82724.64,75744.48,74426.58,83382.68,84435.02,83470.664,83582.99,76343.71,83767.484,82213.11,82244.4,74801.94,75856.81,83282.22,82800.875,82249.1,83687.16,82678.97,83461.2,82843.85,75956.414,66983.25,82307.875,67205.54,73125.2,83456.19,73616.82,74881.586,75862.46,76183.85,83423.72,83475.13,82758.8,75446.3,75695.37,82365.9,82148.52,73100.24,76480.71,66782.46,83336.17,66810.42,82812.805,82864.39,76343.28,82341.4,83231.01,83362.8,82091.195,75537.734,83589.36,83517.17,83596.86,83370.11,68710.36,75309.71,83026.875,83475.93,82852.14,82986.414,76378.95,82803.086,83654.76,83512.555,89303.71,83812.875,73064.13,83299.06,82994.33,82720.3,83465.81,73112.51,82625.13,82911.1,83047.695,76005.555,75122.77,83647.18,76489.83,74394.43,76083.66,83030.51,83720.445,67730.18,75787.62,83161.11,81838.41,76335.2,82971.3,73090.62,75880.69
2038-02-01,75853.555,73665.484,67680.92,74927.16,82150.56,66574.77,76348.516,84174.77,73355.13,83392.22,83708.86,66591.92,76060.734,82226.76,67446.055,83014.836,74962.33,82336.29,82767.016,82282.836,83830.055,75043.734,75618.09,78630.52,83193.87,82087.83,82970.195,83781.07,83155.08,91397.52,77044.18,83349.37,90284.99,74117.4,66680.51,82907.71,82212.71,82861.234,74993.8,73920.39,76439.805,82473.664,73433.04,75613.05,68149.26,76602.04,66368.11,76730.13,65953.58,82448.02,81906.65,83446.63,82448.336,74322.1,82892.69,83628.836,82710.2,83841.65,83423.72,82798.74,65953.71,82989.664,82801.27,83046.664,73192.734,82941.0,82870.71,72492.16,73023.87,83759.66,83165.63,76244.836,83096.5,75239.8,82827.09,73752.3,82903.21,75288.61,82238.67,76250.8,76163.8,69098.06,82879.73,75834.53,83405.664,73709.69,74117.55,76353.17,66660.54,74371.875,81921.484,74821.055,76281.05,83619.98,82590.945,72329.664,82135.52,76566.09,66852.11,83257.29
2038-03-01,75721.36,83541.55,83141.6,82520.87,83422.28,83045.086,76883.586,83544.26,83769.234,82761.25,82227.53,76163.0,91316.67,82935.234,84633.266,83788.734,75732.05,83567.52,83084.46,75689.02,75139.69,67662.266,83158.336,66022.05,74664.664,82808.94,83313.05,82710.516,82954.53,75636.34,82826.38,82344.93,82698.76,74327.625,82968.53,83169.35,75847.695,75801.85,82989.03,82540.39,75918.98,83236.88,82424.445,83772.92,82876.086,72892.5,83555.016,82789.04,82275.07,73394.664,84250.11,75429.67,73335.414,83157.375,83048.805,83231.25,83121.07,74067.8,75556.31,83874.836,82997.26,82904.54,83716.21,66384.57,76154.73,83808.71,73405.02,82373.36,66264.586,83156.03,82615.516,87856.914,83421.73,83372.81,66734.9,75499.555,76475.25,76372.19,83018.01,84253.164,67745.69,82845.43,66737.51,83646.945,82193.35,82924.95,83341.88,83147.08,72911.695,83617.195,76441.78,66914.555,76040.64,76367.09,75525.34,84598.73,83410.75,82544.17,76712.055,82315.33
2038-04-01,83191.414,73293.67,82473.9,83605.87,76492.54,76170.99,91660.266,84228.016,73309.61,76340.08,75691.68,75572.74,67025.164,82474.3,73253.98,75515.26,83423.56,82892.21,75586.16,83586.336,83328.46,88274.33,83225.69,75685.336,83557.16,83090.086,83760.77,83084.21,82933.09,83421.97,82815.73,82930.33,76488.81,83407.17,76703.055,83538.125,83614.32,83763.49,68200.88,83161.664,83899.08,74801.44,82857.36,83580.27,83212.914,84369.43,76181.89,77164.41,82945.43,84077.625,83404.945,76364.03,67715.586,75468.89,83910.92,75720.93,82106.07,76388.5,83518.766,73774.74,83908.28,84367.336,72791.5,73132.24,75140.69,74965.48,83555.49,73349.75,74653.99,66836.3,73014.54,75762.53,83014.125,75262.9,83234.34,82418.625,82793.305,75158.18,83471.55,66739.42,75648.39,83302.32,83409.32,83383.39,82760.77,81962.91,76068.56,76152.55,75490.484,83484.92,76341.97,75574.76,82732.914,73107.14,75593.8,60631.824,64893.42,73435.0,75085.03,83730.586
2038-05-01,83067.11,82702.79,83008.98,73371.37,83188.31,73251.11,67657.875,74989.65,83953.19,83060.61,83309.79,82270.21,73481.02,83362.32,73219.76,76025.484,83209.18,75368.27,76202.38,84024.07,83414.336,73305.484,81637.37,83815.43,73300.73,75844.586,81756.34,82990.3,75536.0,75738.984,75687.86,82802.46,83722.44,83271.66,83070.74,83220.45,82955.164,82739.94,73771.72,75627.62,82950.734,88963.87,67882.54,83734.5,82785.24,75812.984,82810.99,82305.28,75785.44,72838.93,82883.05,82756.67,83495.91,76025.195,82041.734,83567.21,83221.33,73244.76,74359.18,75955.55,75936.87,83381.73,66828.07,76108.11,83475.93,67005.61,83383.7,83366.69,75591.84,82998.37,83652.125,82649.56,83351.195,75365.17,83976.164,77081.15,75907.1,72319.18,83860.6,83746.15,82881.38,83621.734,83324.89,83017.84,68491.79,68211.945,75933.24,83450.3,76215.32,82969.25,82186.77,83163.805,84032.25,76423.26,82763.14,82478.46,73142.77,91586.164,76364.47,76809.055
2038-06-01,75455.516,83944.86,82657.92,82724.48,83149.695,83278.56,75021.836,83728.586,74928.02,75512.95,77991.164,75766.586,82117.27,83107.67,73399.01,76263.88,75597.26,82475.16,82228.8,83699.85,75854.93,68460.83,76078.94,82069.83,87793.43,82801.36,82937.68,73571.06,87175.7,83630.51,82192.64,76125.9,82308.11,83101.17,66003.73,91094.6,75457.164,83199.82,75182.484,72394.4,73208.305,82195.54,76517.12,65985.54,66796.92,83394.61,84032.65,74254.016,82889.05,73238.47,76028.38,88286.03,83174.195,83408.92,73654.53,84111.38,75567.414,66601.32,83325.12,67688.99,82086.74,83584.9,76050.06,83633.87,82960.86,83391.02,82448.266,76965.38,83940.695,82518.91,67145.32,76163.586,72720.65,83344.83,76802.54,83001.93,83420.85,67017.24,75823.69,66171.25,83505.55,76406.06,74880.016,82371.32,73093.82,82989.98,82173.28,83030.67,75956.27,82885.1,82779.8,82840.68,55285.664,82552.2,83249.266,73561.375,83412.34,82221.58,75629.42,83050.31
2038-07-01,82894.74,75587.164,82881.62,75139.4,82865.734,72405.586,76005.625,83332.67,83227.44,76508.07,72822.61,81744.64,79786.78,83936.695,82700.414,83231.88,73271.375,67403.88,66731.336,74248.14,83346.74,75302.97,83466.766,83362.086,84129.03,76789.125,76526.09,76008.67,76485.6,82935.15,74409.9,66656.53,74275.195,76249.484,75489.336,83451.17,82896.64,82307.875,67023.695,83648.69,83560.27,67171.45,82928.586,83581.875,83390.625,75909.35,73506.82,83446.4,84314.164,82485.305,83000.43,75686.85,82821.26,77168.31,82958.65,83786.98,83695.14,66655.336,67033.09,75549.984,73929.484,80661.1,81921.336,82944.64,75976.85,82336.22,75798.375,82857.59,82290.445,83027.5,82914.586,76887.766,83407.016,73490.766,73736.266,82655.24,82139.67,74901.516,76841.0,66222.07,73720.1,83614.4,84077.94,83754.54,83601.01,83103.164,84067.195,83380.13,82850.25,83346.18,83209.34,83621.734,68112.35,75834.1,82253.89,76742.2,83618.55,83652.69,83050.31,82259.77
2038-08-01,82881.305,75578.875,76408.24,83350.4,91234.67,83748.95,83788.414,76327.195,83439.95,76486.766,82845.266,84168.99,76048.33,66957.58,83481.18,74372.87,83450.62,75267.63,83519.4,83789.61,82975.266,62444.664,83414.17,76212.914,83334.58,83800.88,73927.57,83407.17,83723.56,76431.94,76294.805,82704.28,83366.3,82804.12,83630.34,82375.41,83565.93,82683.07,83513.51,83166.74,83618.07,73675.11,75189.516,76107.09,83423.96,82549.67,74232.0,82401.49,74309.414,82778.695,75458.38,66891.45,83518.92,82798.27,75813.49,83688.836,72778.8,67020.25,81959.78,82630.016,73353.59,75789.93,83564.336,73584.11,73112.23,76129.59,81974.164,83177.28,83455.71,83668.0,83449.09,82748.47,75800.48,82031.41,75692.695,76751.72,75742.74,68227.88,75920.93,75577.5,75626.9,74183.734,83108.7,75422.984,81956.02,83451.96,83360.88,75211.305,83061.63,76062.26,75732.625,83304.15,76447.53,75403.21,75618.24,82641.29,76287.31,83535.26,73473.664,75841.695
2038-09-01,83769.01,82967.51,76306.086,83675.51,82872.14,74843.47,83526.41,82328.75,82036.11,87373.2,83587.13,75052.96,75687.8,82719.43,83470.195,83276.42,75673.43,83676.62,83006.05,74912.734,75670.91,88203.13,80205.4,76259.375,74752.16,76556.68,83012.53,73035.57,73041.56,75692.555,66405.47,76427.12,84305.08,82798.74,73827.38,83209.11,67343.28,75748.086,75564.61,82706.26,73255.51,82903.52,74977.99,83221.4,75560.57,83493.68,75656.76,74494.96,83106.64,68319.234,83162.06,76470.58,75871.28,83010.8,83281.984,66873.914,75648.17,82279.78,83308.04,83769.64,82871.5,76546.9,72283.875,82253.89,82847.32,75924.914,76089.68,73087.97,82365.83,76315.54,83112.195,83562.26,83755.336,66600.555,82420.664,83240.3,75963.445,76122.49,83592.555,75228.6,74978.84,76724.34,76651.36,76139.04,83456.34,82571.09,75202.42,82892.61,82957.61,65221.82,82079.06,82959.195,74454.195,73021.78,83539.63,91171.95,82789.35,75980.11,82685.35,83960.71
2038-10-01,75726.414,82642.08,75938.75,79290.71,83446.48,84466.195,83625.88,82896.8,73864.22,73312.48,82691.11,82866.2,83773.234,76477.58,82921.55,82017.8,82631.04,75502.945,82894.12,73861.9,75049.02,82325.695,75811.61,83558.125,83289.53,73263.27,83133.28,73260.9,82072.65,83751.266,83186.73,81931.64,83447.11,83304.87,67372.836,73098.7,82833.58,82865.58,83737.21,82025.93,66420.92,82351.445,76332.21,75990.69,82571.25,91308.13,84495.68,83817.75,82259.22,72798.86,82480.98,83014.36,82717.695,75193.664,83003.195,82926.21,65484.71,83770.76,83693.13,74925.734,75799.46,82933.25,74942.75,75414.57,83504.984,82695.92,83244.91,82653.98,67367.56,83543.14,82233.336,76034.26,82763.77,83618.55,83317.336,83477.04,83366.3,82703.97,83059.18,75971.78,83074.39,68317.73,75404.29,66922.41,82157.84,83004.7,74301.055,76088.95,84307.49,73377.664,76122.49,76091.57,83761.57,84211.87,75689.52,82577.94,73830.2,82440.016,82946.94,76336.29
2038-11-01,82744.6,83315.11,76469.77,75651.85,83341.97,81727.734,83230.61,76278.58,74694.44,82899.95,82257.5,83244.03,66510.99,83179.195,76645.805,82820.62,83684.52,82614.57,83157.46,82798.51,83646.945,83037.32,75213.03,90371.14,74338.336,60292.203,82634.586,75501.29,83365.18,75798.82,76305.35,73444.31,83175.39,75571.164,83906.37,82791.8,75391.34,76012.66,81917.89,75894.22,83117.34,83168.73,75526.93,73864.78,75634.97,82919.805,82230.984,82808.15,67481.445,83073.28,67138.664,83468.76,75745.56,82797.88,73287.45,82851.516,75350.516,82273.34,82051.12,76773.83,83580.125,74628.93,82973.6,83402.88,73257.05,76684.05,73722.35,82889.52,75526.78,82959.51,66986.445,67874.766,83415.29,75258.45,82402.83,75960.984,75897.336,83224.1,83024.57,75285.3,75564.74,66916.59,75642.19,82979.46,82539.37,83092.3,72776.58,76257.7,75860.94,76915.71,74918.664,83186.805,91519.984,66947.1,83625.57,82683.77,75154.664,75535.42,83509.055,83174.35
2038-12-01,76410.29,76047.75,82889.69,82919.33,84132.08,76113.85,83301.125,82888.58,82336.055,82812.18,74390.6,66289.17,75496.1,75280.27,66611.04,82836.11,75612.62,82975.414,83328.77,82178.45,74478.625,75585.5,73788.74,75972.8,73760.6,72908.84,83339.516,83380.36,83144.14,82931.04,75608.65,84318.516,82730.234,72959.06,83410.35,83582.83,73209.91,82952.31,83540.59,88163.27,75768.46,75228.45,75339.74,67202.98,76243.305,83154.29,83756.47,72387.49,76170.555,83249.83,83562.26,83223.47,76296.48,74924.52,75613.266,82935.7,75799.54,83511.59,74459.59,82533.77,87841.586,90648.91,75881.85,75534.49,83539.555,76323.48,75045.734,84210.5,83443.93,82838.31,83557.8,83034.87,82946.22,75790.5,84200.39,74127.72,83329.58,73705.055,66517.47,83035.266,83226.96,82859.33,76196.56,76087.35,82079.46,75121.34,67469.47,86757.86,83181.18,83383.08,75546.234,83592.08,74155.016,74349.61,83722.914,82773.484,83598.94,80064.31,67192.27,83520.516
2039-01-01,76367.97,75358.86,83028.93,75369.49,76435.58,75632.734,73521.55,67387.94,82902.016,82797.64,82598.34,68089.37,75838.8,75843.36,68617.5,82741.37,82980.086,75403.5,76213.65,82675.11,82582.04,76330.46,75936.87,75920.28,76418.59,83423.086,82803.875,83485.32,75827.445,82175.8,73127.5,75168.94,73584.95,74544.5,83412.984,65894.92,76334.76,75860.72,81857.92,82810.99,82872.29,83700.08,75712.555,74847.04,75950.914,82379.336,66135.48,74691.875,66819.54,83167.61,73104.836,75798.016,83791.29,82292.805,82957.14,75880.69,75792.38,82929.85,83683.96,83273.65,76129.38,76432.516,83270.945,73538.375,75698.836,76086.99,83531.195,74738.55,83179.43,76175.35,82273.5,83358.98,82841.48,87937.47,74880.016,66644.08,83199.9,82196.49,82793.695,83091.51,72443.16,75517.7,82752.88,82640.89,83849.88,83343.8,82845.43,74921.88,68970.21,75904.58,83630.67,75186.92,67252.664,83012.06,83399.53,83484.52,76546.46,82244.32,60199.348,76441.99
2039-02-01,75884.59,73079.6,73673.71,82673.61,83598.13,72947.375,81992.61,74989.78,73818.164,83657.71,83651.734,67322.48,84484.56,83501.32,73742.52,75963.445,76368.26,82802.15,83121.78,82868.82,83459.05,75754.59,83759.49,76283.52,82894.586,82969.555,76783.125,82996.625,83234.43,88081.17,83576.766,74389.61,79713.84,82337.08,73588.46,83507.62,83600.2,82963.55,76159.305,76555.3,83491.85,82218.44,66870.914,83135.81,73246.23,75799.46,66825.08,82923.21,73631.77,83049.914,76100.93,76046.37,75730.83,83385.3,83544.09,75299.664,75958.805,83007.08,75688.586,75493.65,66527.3,82376.35,83628.35,83008.82,64937.625,75099.14,83137.48,67467.16,73754.9,82979.21,83000.266,82765.27,76236.11,82811.305,83427.94,76031.35,75745.63,76095.555,83954.305,83014.6,67605.375,73264.25,83725.07,83191.25,82939.18,76416.195,76548.87,82204.484,67459.44,76267.016,75785.586,83661.46,82504.5,83389.59,67989.11,66500.15,83019.586,76228.11,73496.516,83200.94
2039-03-01,76084.96,82604.17,75307.92,82889.69,83134.38,82783.984,83182.52,83085.72,74956.96,83333.55,75959.4,74793.94,88653.555,82928.9,82871.5,82094.02,75892.34,83305.82,68114.56,76221.2,75675.234,73709.336,83443.375,73089.984,75299.805,76326.09,75156.46,83713.09,83781.15,75020.33,83378.86,83395.64,83823.016,82865.414,83229.26,83358.91,82959.59,75775.25,76150.516,76516.38,82787.61,76387.63,83734.98,82772.69,75745.63,74112.1,82874.51,76594.29,83216.96,73280.39,76084.53,75880.91,73248.18,90407.0,83234.43,83502.516,75744.4,82756.67,76433.53,82854.36,82905.98,83461.914,83403.51,73903.69,77272.15,76006.195,66835.02,75828.17,73631.7,68929.11,83974.164,83448.79,82972.016,75915.5,72812.47,76138.09,82495.695,75199.695,75348.65,76124.23,73178.49,82231.15,73300.516,82794.25,83497.664,81983.23,73710.81,83249.83,65458.23,76279.67,82874.195,65611.36,83724.04,83204.9,76781.516,75730.97,82915.77,83339.91,76121.61,83520.2
2039-04-01,75646.08,67070.055,82835.71,76434.93,76217.5,84127.43,88032.63,76111.016,67333.27,76839.234,81987.14,82964.97,74330.89,83492.33,73626.79,83491.85,83296.99,74323.66,82101.93,82587.0,76036.945,83304.305,84005.086,82780.98,83082.47,82325.45,76070.81,75846.47,82680.305,83539.95,90986.59,82209.19,83410.99,83957.99,82715.48,82872.45,84225.92,76454.31,73173.125,75696.96,75446.73,83330.445,82963.31,75542.125,83380.61,73956.84,76094.61,83043.98,74480.19,83928.445,82623.24,82748.94,73393.27,76345.9,82769.14,82993.305,84225.04,76365.125,83574.62,68457.89,83367.17,83711.336,74371.305,73928.77,76045.5,84357.445,82997.19,66636.9,84126.7,72528.805,72499.62,90191.7,75436.66,84076.26,82780.04,83339.664,82792.28,75949.18,82849.06,72462.85,83572.07,83713.734,82800.41,83427.3,82495.695,83460.41,68620.19,75480.766,82965.13,83598.21,75377.19,83391.5,75648.17,66530.79,75743.1,62762.523,67169.85,73095.984,83684.84,75822.234
2039-05-01,82804.99,83156.586,83196.49,73197.484,75065.77,67385.625,73112.57,75834.24,75797.805,68185.21,83086.914,76466.64,66839.87,83698.25,72506.75,83968.164,75741.73,83370.75,83464.46,82075.55,76093.016,72981.68,82929.766,83440.67,73434.016,83716.45,75964.46,83107.12,83653.89,82052.38,83345.7,75832.15,82465.09,84182.0,76683.24,76323.33,82501.83,82893.8,76779.32,83108.06,83488.42,82706.96,73278.78,84353.016,83243.79,75665.42,82048.16,83209.18,75378.766,73638.016,83122.97,83015.15,75073.72,76169.62,75749.97,83276.66,81830.13,65470.035,76262.65,75878.16,91864.516,75023.555,66863.836,75619.39,76594.945,73784.24,82855.07,75058.9,74962.83,76914.75,84280.97,74506.19,83358.91,83321.15,82902.96,82849.06,76688.57,73234.625,75330.04,83437.484,83146.914,83137.8,82113.28,82562.35,67846.805,73197.766,75805.76,76361.05,82457.234,75930.42,82925.58,74994.36,83402.555,75797.08,83345.47,75926.87,72552.88,86864.74,74936.02,82928.74
2039-06-01,76040.86,82635.46,83193.87,83323.54,76487.79,83106.96,83623.17,76168.305,83183.63,76569.83,83323.375,82711.07,75936.29,83109.49,66817.94,83067.9,82846.22,82983.96,82967.82,75854.86,84112.336,65933.7,83590.805,75622.21,83470.03,75821.664,67753.5,66586.08,74816.2,82785.95,83029.95,75169.07,82164.51,83087.54,65570.01,87621.71,75817.46,76122.49,83354.84,67653.62,66675.29,83139.55,83284.125,73071.24,72970.89,75982.44,83438.27,81920.55,83406.3,73022.195,84062.305,83330.53,83236.8,91212.13,73432.83,84065.266,75610.24,67148.33,74561.06,66195.74,75311.22,75009.6,82766.94,83070.03,76392.8,76826.125,76604.586,82860.125,83413.375,82875.61,73590.43,83475.37,72479.375,75764.125,83265.945,82028.28,82849.06,67342.516,83444.086,73098.42,76033.68,74474.08,82902.73,76263.88,73407.484,83234.58,83061.875,91112.07,82945.83,82516.77,75703.31,83342.92,56450.32,76309.29,75737.82,73566.914,82765.664,82745.31,83510.32,83660.586
2039-07-01,75092.836,82756.04,76437.04,75529.945,82787.46,72599.05,82296.18,73978.99,82250.984,82785.72,72509.445,83387.37,83416.875,82813.67,83531.51,74968.195,74191.8,72404.195,66949.21,74895.16,83635.77,83331.01,82162.4,84073.21,76566.76,83618.234,82864.48,83343.24,84275.82,81973.85,76049.99,66732.29,82528.12,83325.28,83271.26,76698.3,83007.16,76857.93,66804.81,82746.97,75532.69,67133.03,82110.305,83441.625,74064.98,83488.51,73930.33,76481.88,75787.47,82888.42,83328.62,83970.56,82815.88,83515.26,83425.15,83186.49,76806.93,66616.945,72878.19,82966.08,76297.94,82746.73,82731.1,76665.695,83496.47,83608.26,83510.64,83742.56,81976.75,82469.805,82872.14,82683.695,75625.45,67363.7,83016.98,75969.68,76756.84,73585.8,74848.17,73179.41,81932.586,82148.06,82621.19,74398.97,83260.14,76090.91,83382.516,67900.664,83102.76,82939.74,74806.07,82813.04,73213.4,73613.31,67816.79,83074.55,76576.98,83403.67,82918.86,83819.984
2039-08-01,82810.125,76340.805,75542.625,83147.15,79893.695,83211.88,75964.02,84463.625,83910.2,75679.84,83329.414,82310.85,83510.32,66765.91,83438.27,82794.086,83061.32,82887.79,83535.49,74639.68,83734.81,67673.625,83286.27,90428.555,68493.34,82221.266,76070.59,75564.1,76482.98,67835.09,76173.75,83548.08,82106.07,82856.414,76567.85,76083.945,83616.95,82175.95,82672.42,76791.625,82817.78,82802.62,83425.08,82771.03,67926.766,75563.52,82044.87,76440.61,75439.4,82829.94,76377.13,66757.75,83437.164,82842.19,84565.66,74725.07,72999.64,72983.21,75899.79,83566.57,73571.9,75701.94,82978.266,72603.97,73327.43,83211.4,75079.59,76291.97,83441.77,83679.336,82888.58,75909.06,75912.39,83125.27,83218.39,83341.81,83367.73,67334.1,83537.73,76710.16,75467.38,83449.18,67639.11,76676.516,83236.01,83379.65,83385.375,83338.31,82292.09,83059.18,83394.13,76109.055,83449.82,83273.484,82767.016,76459.78,74902.445,83049.59,66156.55,82987.93
2039-09-01,82841.95,82210.516,82820.78,82795.51,83137.0,83037.63,91170.4,75761.96,82860.59,75641.9,75802.72,75508.336,83387.125,83403.195,82362.92,83609.94,75746.43,76426.98,82801.44,82960.86,83473.61,82875.375,75726.13,75928.69,82438.05,83094.59,82624.51,73246.984,73539.28,76408.24,73162.66,82108.586,77084.53,83903.32,75458.53,82201.03,73325.41,83480.23,84416.99,76024.69,73407.695,83985.94,75000.66,75593.14,76023.96,82869.69,75973.23,82286.37,82715.01,72625.016,82776.72,83638.72,82673.68,67809.42,83025.6,66872.83,83561.39,82527.555,83061.63,82532.445,83747.68,83528.56,73020.945,68051.77,75993.664,83320.28,82923.836,73407.2,82091.51,83656.836,82600.234,82183.945,75630.94,73481.87,82951.99,75715.3,82929.45,82997.98,83173.086,82719.91,83469.56,81254.984,82942.35,82757.62,82631.12,83083.51,76310.086,74569.02,83168.56,67594.42,76620.08,82833.89,75484.875,72908.77,75927.81,80046.52,82249.49,83160.8,83250.695,83413.22
2039-10-01,83713.17,83305.89,83496.47,75585.29,82706.65,82342.73,83092.375,76531.27,76271.31,73119.41,82637.19,83102.6,73829.15,76459.64,76514.414,83272.61,83013.25,82842.9,83164.83,83366.69,83920.6,75516.695,83365.34,83204.9,76175.94,66361.53,82600.07,65836.31,82897.11,83374.88,82499.79,76201.945,83762.13,74306.86,73022.41,74347.91,83092.45,82782.64,82869.61,83269.99,67192.21,75679.71,82805.23,83008.11,82363.31,87278.69,82025.77,75808.51,82904.07,67358.19,82604.49,75539.6,76060.51,75835.26,76451.18,82197.58,74428.78,82658.71,83382.35,75547.31,83737.45,83497.98,82227.22,83927.56,82742.305,82814.94,82940.53,82543.23,72325.52,83385.86,75991.195,83328.15,83430.88,82809.73,76047.24,82856.016,83442.336,83011.35,75871.72,83554.06,82879.95,66802.45,75735.734,73972.43,83324.96,82774.195,84243.6,82731.1,76952.62,65345.09,84199.18,83348.41,82381.766,68251.375,83279.52,82172.27,82865.81,83515.74,82917.35,82950.1
2039-11-01,82886.445,83582.83,83088.81,75401.125,84192.67,83301.37,83213.16,83487.71,82948.83,75534.63,82864.23,76202.81,73960.58,82112.81,74397.695,90210.98,75776.05,75811.61,75440.69,82403.62,77089.89,83473.86,75804.016,87173.45,83653.64,62322.7,82614.57,76541.86,82355.54,82868.42,82707.28,73574.08,75785.945,82624.51,82869.21,75134.38,84096.305,83509.69,76424.35,82750.44,84078.82,76914.98,69119.81,84089.164,82737.81,75460.98,76239.95,83576.766,66545.95,75692.63,73716.445,75253.35,68519.16,83296.36,66160.4,83406.695,83481.98,75754.01,82730.55,83420.85,82488.77,82900.28,75560.49,82797.56,67351.12,83502.36,83573.34,82913.32,83386.25,83548.08,73062.04,73400.055,75868.45,75922.67,82119.54,77003.56,75621.63,83622.055,67759.0,82210.28,82866.37,73272.36,82081.805,82715.24,83120.914,76231.45,73116.69,76206.45,75663.1,83311.85,76489.69,75471.055,88023.14,67301.1,75484.8,75650.77,75598.336,75321.49,82491.445,84164.5
2039-12-01,76034.766,73987.46,83062.11,83664.97,74680.91,83047.53,83234.5,82943.06,83524.02,75089.836,76519.74,67264.14,75738.836,75697.11,73033.06,82909.92,76744.25,74445.53,67836.26,83489.7,82640.89,82950.66,82886.055,83620.46,76032.234,67196.76,82779.65,82725.89,83294.14,83320.99,83417.75,67624.39,82644.836,73309.81,83400.01,75818.84,72421.67,82220.0,83437.164,83369.8,83093.88,82441.266,83823.586,67562.71,82227.53,83806.875,83784.74,73528.76,83644.625,82541.336,74632.34,83254.91,82243.06,83540.11,75582.12,68649.38,76326.09,75197.76,82769.45,82791.164,83326.71,80145.14,83075.81,82985.07,82716.19,83401.05,83100.695,83522.59,83249.664,82088.695,76225.13,83625.8,75991.42,82647.83,74361.445,75933.75,75569.07,90303.94,73760.18,83425.305,82488.21,73857.18,83540.59,75945.625,76821.66,83600.28,67187.08,83230.86,75433.195,82594.65,75671.84,82235.85,82484.05,82415.33,82592.836,76291.97,83543.62,84036.016,73167.12,83118.46
2040-01-01,82854.28,83153.73,74989.5,76307.24,75944.836,75863.11,72338.914,66477.2,83519.73,76312.27,76211.68,66750.74,83535.89,75612.11,67071.72,83565.45,76344.08,83187.13,83310.58,82186.13,82993.78,83364.23,82829.39,82442.055,83076.53,83209.98,82826.16,82789.586,82615.99,83787.055,66753.29,74808.07,66782.266,83057.836,76650.63,74136.63,83284.125,84037.78,75511.29,82787.93,74951.25,82859.02,82911.82,83929.88,76046.945,83376.16,73090.82,83472.9,72982.305,82829.07,66306.18,75911.38,82904.31,82854.43,83012.78,76194.53,82867.63,74983.35,76212.125,67625.625,75563.164,83204.586,83337.05,73643.36,83472.664,90082.625,83124.875,83024.805,83381.086,83606.9,76274.21,82962.125,76011.13,75918.91,82232.555,67141.99,83490.57,76744.84,74922.875,91188.83,66895.54,76128.44,75737.97,83613.76,75793.75,83618.38,81998.09,75719.484,72602.3,83402.72,76021.79,83464.46,66593.57,76313.36,76222.08,81971.734,83622.94,75876.055,62939.65,76315.766
2040-02-01,83402.24,72366.234,73672.586,83649.98,76294.875,73373.47,75098.07,83570.8,73584.81,83141.21,83500.36,72990.59,76251.305,83379.49,82941.875,82840.68,82878.46,76241.34,83148.34,82871.58,76335.625,75912.1,83395.71,75780.67,83204.02,83873.484,76358.21,76415.76,75702.375,84167.87,84109.94,83033.836,83179.35,82849.85,66127.66,82835.55,84278.07,75226.016,82841.32,76329.52,84419.484,75927.016,66563.79,84133.125,72215.25,83568.24,73337.65,82816.67,73340.164,76047.45,83359.62,76726.18,83504.76,83790.65,82434.11,82946.78,83328.94,82690.086,75826.07,83247.44,73463.09,77287.99,75712.914,76253.414,73716.445,74392.016,83313.2,67513.44,83307.01,82823.54,82768.516,75633.88,76010.914,82226.36,76367.97,75593.01,75614.42,82747.99,75038.93,82825.36,73654.03,73499.875,81987.92,83190.45,82086.42,75845.53,76171.14,82897.04,67649.23,82946.46,83096.734,82825.125,82305.76,82876.086,73318.484,66798.83,75643.266,82722.11,66642.234,76002.07
2040-03-01,84144.28,83554.94,76191.625,76319.03,75903.56,83462.23,83250.45,73792.41,82715.64,83396.516,75638.87,83753.11,82882.49,83241.88,76026.14,82027.18,75905.3,83780.266,73105.67,82324.83,75794.836,76193.875,82443.78,66835.086,83812.07,82673.76,74260.04,83123.055,75509.57,83623.086,75654.305,77549.73,83221.56,76223.164,76312.195,75882.64,82074.84,83508.17,83389.76,82814.46,81550.14,76443.016,83331.64,75615.06,75473.86,83778.83,74087.37,83647.74,76728.3,72619.69,82780.35,83098.0,73438.85,78932.63,75101.0,76132.07,75315.53,83253.32,83381.64,75574.84,76009.03,76061.52,75646.445,83414.484,76158.71,75648.46,73194.41,75332.625,73414.625,66162.914,76829.34,84377.8,82918.625,82636.79,66643.38,75710.96,83980.49,68446.92,76178.984,82935.234,72783.586,76665.984,73791.984,82971.55,82397.73,82783.195,83966.96,82951.37,72598.625,75730.61,74814.84,73001.445,83084.375,83365.66,83167.375,82727.945,81991.055,82125.02,75889.15,83285.95
2040-04-01,83851.73,73049.37,83936.22,82168.266,76199.695,82700.18,74856.74,82977.72,65932.51,74886.3,76303.02,82141.16,83627.48,83037.95,66727.195,82173.76,84344.97,75705.26,83224.1,82982.7,82701.125,76492.31,76178.04,83732.49,75689.45,76152.766,76046.875,83359.94,83580.6,83067.11,88144.44,75779.88,91205.445,83015.78,82947.09,83119.25,84479.25,83063.45,66627.74,83423.875,83013.25,82799.46,83197.59,82559.914,82800.41,75212.75,76893.41,83515.5,74624.516,75778.29,82588.19,82704.99,66678.914,67997.86,67661.94,75858.766,83451.25,83397.39,76001.49,73867.53,76310.59,82926.21,83839.336,74592.71,75823.54,82813.67,83434.46,73652.63,75603.81,67416.34,72611.58,87466.664,83641.516,83338.625,83434.93,83487.625,91032.0,75746.93,74270.664,73819.29,82876.96,82914.27,75827.01,83569.04,76164.75,83610.89,66142.984,76245.71,76040.93,76397.9,90736.266,74300.555,83368.68,64894.04,83112.9,69009.15,73119.484,73521.48,82831.125,82607.95
2040-05-01,83763.56,82627.02,82825.68,66834.07,75663.33,66703.15,74000.164,75584.49,83106.8,72173.94,82696.555,83087.625,72193.91,76404.46,66948.51,84157.914,75615.06,83341.49,76525.29,74218.336,83146.836,73018.44,75505.39,76374.52,67517.75,75414.79,75589.766,83033.04,68171.11,83521.79,74952.53,76033.38,83027.02,76028.75,83449.49,76827.734,75840.68,82975.81,74847.82,74927.02,83425.47,82995.76,66683.94,82958.25,82836.26,75619.69,82772.77,83569.99,82957.61,74068.36,83379.81,83540.51,76604.734,82430.97,83701.52,82148.52,74957.83,72400.195,83714.46,82759.516,87447.4,82803.41,66738.27,83584.734,75634.47,76171.58,83086.43,82972.89,74967.4,83102.125,83322.11,75998.805,75876.49,74905.16,82840.29,82895.22,76161.555,67449.21,83768.445,82971.94,81966.34,75806.33,83173.64,83399.3,73596.6,73157.984,82977.555,82849.695,75497.62,82966.71,75603.89,76244.18,83657.79,83408.76,75980.83,83365.18,73619.56,83329.73,82753.2,82955.87
2040-06-01,74319.266,83501.25,75831.2,84354.78,75378.62,83193.08,76675.93,83001.695,82972.484,83550.48,83171.1,76158.93,83042.86,83495.195,67436.79,82854.12,82900.76,83372.1,74185.43,83404.79,83533.42,67139.56,82993.94,83904.92,83588.09,83463.51,74429.484,73230.016,75800.33,82498.21,82970.984,82714.375,75910.07,83417.12,73484.11,75684.18,75780.02,76689.375,82947.88,73655.586,66946.47,83365.18,83539.63,73539.35,73382.21,82718.01,91169.96,82602.6,82850.164,73621.734,75632.52,75012.39,82764.24,87790.83,73666.9,83394.69,74400.75,73660.36,83033.29,73426.38,82867.87,76270.66,83644.79,74676.695,82818.89,75613.84,82844.95,83661.3,83622.375,82509.305,73880.15,75151.016,73106.16,68329.66,82934.67,74995.01,82739.31,73843.66,82820.945,67391.59,76214.305,75818.266,83447.19,83542.02,65983.27,83081.37,75772.44,79935.15,91322.68,83727.06,83019.586,83473.695,65044.727,82983.57,82371.63,72984.67,82873.875,83491.85,83007.8,75967.14
2040-07-01,76262.72,75121.34,82927.555,76301.79,83496.15,73169.42,75945.7,82506.86,82905.734,82641.99,73057.305,83641.27,83698.89,74795.875,76090.12,75298.36,82300.97,66880.61,66975.71,75470.12,82836.89,75501.94,83616.48,82860.68,83808.47,82040.95,67653.3,76846.5,84222.31,82576.69,83384.26,67006.12,82462.1,82946.3,82552.664,83098.0,81978.38,83340.06,73332.61,91094.17,82833.97,72374.66,82585.51,82988.72,76112.9,76197.664,75471.63,82300.34,83275.234,82778.305,83332.27,83329.25,76358.06,83407.49,83596.55,83357.07,83934.53,74261.6,73023.586,75185.13,83200.86,83177.055,77098.65,83740.97,83067.58,83563.86,76376.77,75033.42,82933.65,83510.96,82757.15,74589.516,76240.55,67323.89,75400.836,83496.305,83392.93,73143.89,75663.33,65531.13,82629.39,83611.53,76185.38,82860.2,83711.5,76436.6,83440.42,73506.54,82816.516,82825.84,83072.96,82831.6,73308.484,72577.73,66650.49,74848.89,74298.08,83050.55,83081.37,83510.64
2040-08-01,82771.03,83526.97,83481.66,75696.96,81888.76,76240.04,75399.11,76020.695,82854.43,82684.56,83536.61,67305.336,75104.3,73218.22,76304.12,82804.27,76068.85,83430.164,82045.18,83387.37,75350.59,73602.64,82192.56,86960.484,66626.6,83126.45,75991.195,83299.85,83080.5,66870.02,75782.484,83289.53,67637.11,75783.78,75772.65,82771.51,75582.336,82946.78,76398.27,81713.234,82995.914,82813.28,75642.4,83048.25,67045.695,83505.15,83261.09,83256.336,83045.95,83507.375,83725.63,73369.41,83188.945,82700.89,75425.3,82999.56,73660.15,73460.14,82601.42,76613.945,73491.54,82018.734,76115.3,74139.95,67498.12,76210.16,83467.33,83594.23,82756.36,83675.82,83121.78,83880.6,84416.11,83513.51,83063.77,82205.03,83108.15,66758.64,83354.69,83114.65,83391.664,75809.01,73470.8,75757.766,82954.53,83523.46,74225.555,76213.21,91060.99,82855.23,83109.336,82185.82,76220.26,83460.8,83294.29,83850.2,82894.12,83192.68,66658.57,76302.01
2040-09-01,74621.81,75566.84,77493.016,82753.59,83209.26,75778.586,87550.45,75595.81,82903.125,76222.945,76562.086,83811.75,83552.945,83626.68,75664.625,75984.82,82989.82,83398.984,82927.71,82565.586,83409.234,73676.664,82998.125,76254.8,83363.04,82777.82,76150.945,73175.85,66139.766,75957.73,72592.47,75692.63,83176.734,75403.79,83366.21,83743.2,73055.63,83397.47,82475.234,83835.49,73829.86,83730.74,76382.82,76493.85,75939.03,83273.164,83283.17,82321.14,83350.0,73183.03,82701.99,83470.195,83442.5,73636.62,76047.09,72998.1,82848.34,75844.22,76172.59,74716.17,83393.016,83528.73,73859.15,73110.62,74923.234,90373.9,76156.03,73027.63,82710.984,83426.984,76274.36,76489.54,83295.49,73496.86,82943.14,83301.92,83005.58,75595.38,83280.16,76483.484,76398.336,74264.01,82833.266,75108.1,83483.41,75481.84,82009.04,82886.68,74580.98,66912.125,83460.01,83214.9,83042.71,67361.08,82989.664,75539.03,76705.625,82970.36,75917.17,82788.72
2040-10-01,83380.36,91241.29,75274.96,83588.09,82810.27,83798.164,83471.7,75075.3,83628.75,65537.76,82603.94,75864.984,76322.39,83468.92,82708.23,82145.4,82650.74,75129.37,74968.83,83723.48,76277.7,83491.21,76332.79,83046.51,83077.41,73039.47,91274.01,73161.61,83483.88,83105.055,76107.45,82917.35,83027.11,82848.27,67206.17,68233.15,83269.2,82949.55,83660.9,82467.53,73330.58,82971.3,73785.16,74715.24,83535.18,83421.49,90580.63,83194.74,75272.586,73040.17,76297.65,76248.18,83589.05,83183.234,83085.484,84219.42,75629.92,76358.57,82961.016,82771.03,82798.195,82457.625,82164.27,75540.9,76462.12,83044.85,82948.52,83482.45,66406.35,82594.01,82125.5,83315.266,82838.164,83233.23,75726.77,82337.0,83332.586,75451.91,75679.2,83056.414,82899.016,73646.664,75845.74,83456.19,75471.555,73743.23,76441.7,74928.164,82757.22,73177.734,75025.984,67939.66,83569.12,73375.29,83240.86,76184.07,67799.98,83207.516,83061.72,82135.52
2040-11-01,83434.06,82223.14,83510.0,83392.78,82741.516,83057.75,83175.39,83439.16,83791.45,82958.96,83160.08,76526.46,75916.734,74986.64,75194.89,80327.33,68204.914,76269.7,67900.27,82876.4,76163.08,81929.15,75755.89,82951.29,74730.78,68664.375,83685.64,84087.4,76401.914,82019.516,82152.28,73425.75,83607.39,75688.08,75888.64,83618.55,76058.41,82698.92,83242.05,75928.47,83468.61,76139.984,72835.1,76393.09,82285.35,83081.2,75720.72,76288.04,73153.38,83504.586,74257.98,83600.28,66876.46,77128.72,73038.35,82254.984,77223.086,83453.95,82229.65,76601.01,83646.78,74241.055,83597.98,76742.79,73315.48,82250.91,76790.086,82532.836,82816.2,76433.98,66076.47,73305.2,83575.65,75440.54,76396.445,83684.28,73690.99,83018.8,66867.414,83538.516,83572.47,72414.42,83353.414,74465.27,76362.57,82270.36,66771.25,82875.14,75388.76,83415.52,83815.34,76060.945,82812.72,74116.98,76721.35,82783.74,75224.37,83879.39,82963.08,76045.29
2040-12-01,83098.4,83589.29,82043.54,75647.016,74510.02,75454.49,82998.125,83473.695,76597.22,84569.695,75595.09,73701.54,76186.4,74434.03,74408.055,84336.92,82388.45,76343.79,65845.484,82890.48,83164.83,76117.26,83248.71,75896.46,82886.68,72931.586,83205.375,75423.64,75486.81,83563.86,75695.08,73104.555,90558.52,73765.59,84109.94,75466.016,73061.484,75431.18,74238.93,76247.305,67935.57,76319.914,83421.17,73160.49,76213.93,76758.45,83158.73,73026.66,84044.59,75869.69,83901.96,76256.98,82843.375,75875.12,83614.875,67343.734,76194.17,83178.875,83879.64,75820.51,82903.914,82773.8,76978.08,76199.84,83663.22,83549.76,83310.58,83819.19,75601.16,83573.266,81980.89,83407.016,76162.13,75656.9,82821.09,83773.32,83313.836,79975.72,83390.79,74995.29,76742.055,82298.22,83475.85,82497.58,75738.695,75642.26,67297.766,82977.16,76989.69,76582.46,74245.164,83377.664,82804.59,75981.484,82207.31,83155.72,75967.14,83292.07,73644.49,67718.75
2041-01-01,82758.88,82996.625,76389.81,75746.5,76160.09,75677.68,72489.53,67441.555,83077.01,75512.09,82923.29,67205.6,75350.37,83563.15,72340.98,82416.82,84149.01,75860.86,76351.35,82774.83,83066.78,83005.66,82879.88,75500.71,84016.305,76933.76,83865.64,83480.54,75426.73,83349.29,66472.76,75376.47,73429.19,76058.7,67538.484,77222.055,83996.83,82838.87,81765.23,75805.61,76420.27,82633.484,82960.15,82297.586,82093.234,82868.18,73299.54,83258.64,73295.555,75101.87,73199.99,75719.34,83791.375,83188.08,83280.79,75903.125,84220.55,75125.36,82876.88,67285.445,75755.74,82802.62,83121.07,73023.03,82890.16,79902.836,82857.44,84067.6,82975.266,82993.38,83311.22,73605.875,67801.27,82984.04,83569.44,66192.016,76318.164,83556.61,81994.88,80660.336,67146.34,82834.37,83637.53,84062.78,83663.86,83837.73,82679.99,83397.23,65765.59,76031.22,92201.63,82707.28,72895.29,83051.58,76105.06,82984.125,74126.305,74956.32,68714.555,83099.51
2041-02-01,76542.95,67272.164,75684.32,76316.05,76426.61,66246.83,76347.35,83008.82,67265.3,76347.14,67004.72,66736.55,83162.06,83225.375,76059.06,83458.09,83705.76,82551.96,75955.695,75685.05,82810.914,83825.98,75329.32,77088.58,83060.3,76071.1,83139.38,83009.53,76441.78,75619.75,83014.99,83472.9,75301.74,82718.8,67206.57,75075.23,83474.33,82318.234,84484.56,74916.875,75569.51,82857.59,73223.17,83310.03,73521.12,83495.984,67247.73,83805.195,73216.68,75940.34,75723.96,76054.78,75636.555,76365.78,82900.91,82099.66,75798.96,83219.34,76246.44,83145.734,73525.82,83464.305,75810.09,75893.71,83819.19,74844.4,76091.57,67452.43,76412.984,83195.77,83011.04,83131.055,83044.13,84216.375,68202.445,76259.664,82923.125,83420.54,73967.984,83521.72,66745.97,67264.27,83181.805,84186.17,82270.75,83881.16,83397.47,82374.15,67167.35,67452.49,90716.88,83127.97,76062.91,75653.66,73362.69,67037.95,74867.24,82775.45,66478.336,84234.2
2041-03-01,75084.46,82948.83,83213.31,83106.32,74265.695,76523.4,83870.76,82770.88,83594.625,84532.92,75139.26,76062.18,82975.1,82832.31,76110.0,75614.56,83608.02,83856.6,73385.43,75657.05,82488.21,83058.39,82939.34,67379.836,75521.31,83716.21,77064.91,75957.66,82938.31,82926.3,76198.02,83165.31,82851.12,82925.664,82629.625,82031.73,82743.81,76284.62,83280.71,76401.695,83095.47,75443.92,82699.08,82558.02,83395.0,83421.805,82039.7,82706.73,82259.85,67426.44,75620.766,82989.19,72991.0,82059.58,83002.8,83806.16,82883.28,91277.664,83448.06,82595.27,76627.67,83310.83,75458.74,75391.63,75470.91,81986.37,73122.2,75721.21,67149.36,73703.22,75310.36,82898.7,91847.69,83428.17,72881.8,75871.28,82141.71,73531.36,76861.3,83857.88,66973.55,74912.45,74721.23,83260.305,83432.79,75122.34,82891.42,74576.35,66826.36,83268.56,76781.01,72987.24,83643.984,83374.164,83620.46,82882.09,76122.49,75165.2,75358.99,83383.63
2041-04-01,75813.56,73951.266,75502.87,82730.63,82761.41,73525.33,83327.586,83119.72,66623.68,82846.53,76114.79,82845.91,84050.68,82557.87,66323.76,82408.73,75866.44,83566.734,83258.72,77073.65,83323.21,76066.9,83368.04,82970.984,83286.12,83764.61,76086.77,76577.78,74226.336,83438.914,74540.73,75180.26,87394.29,75483.86,83770.195,75857.97,83535.18,83475.6,67217.46,84212.195,75894.73,82067.09,76012.51,83158.336,82233.02,82072.1,83569.914,82777.664,84186.65,82549.52,83262.84,75956.71,73539.42,74206.09,67058.164,75529.945,76323.18,82721.32,82574.24,83447.11,83781.945,75940.05,82891.42,76546.97,83043.734,81986.984,75535.57,72949.11,81884.78,73053.125,73249.164,82760.94,73761.164,82832.945,83731.14,75844.945,80445.55,83607.305,75923.39,83579.96,75829.4,76537.77,75752.85,83172.13,75832.44,83425.39,72811.91,83315.664,83607.87,76187.195,87880.72,82383.97,83919.73,72917.4,82466.82,67240.86,67759.77,72938.26,76133.016,75751.77
2041-05-01,83471.305,83226.484,76307.83,73720.164,82254.36,67822.1,82002.08,76196.13,82961.805,66528.125,76285.64,75694.29,73375.36,83031.78,73603.97,83751.02,75355.98,82981.12,82076.484,75518.86,83782.74,73729.516,82153.38,75737.18,74185.64,76771.63,82067.41,84172.2,65526.88,81993.71,84261.43,83266.1,82985.94,75729.95,75442.836,83553.9,82722.74,84042.34,82836.734,82891.74,83435.97,83593.35,72695.766,75510.72,82955.56,76276.54,75473.35,82716.12,76033.97,75608.87,82644.67,74748.17,82904.234,83304.46,82787.61,75778.87,82041.42,74431.69,75598.27,75027.555,76292.04,76279.164,72725.99,75681.94,76245.414,75678.484,75550.836,84175.49,83164.29,83699.125,76031.07,67936.805,83195.695,82719.984,83367.17,75968.086,83556.69,72454.28,82966.71,75591.56,82308.03,76263.234,75982.8,76516.68,67302.38,73885.984,75573.47,75332.99,75616.65,90729.85,83739.84,75569.87,91245.46,75950.336,75690.1,91524.695,66495.78,83364.7,83317.336,83411.15
2041-06-01,83224.26,82370.93,83414.805,82423.734,76500.625,75732.625,83139.94,75634.69,76092.875,83565.77,75271.016,77172.73,82710.516,74387.195,73824.71,82910.87,83495.67,82267.86,83497.5,83459.766,83273.484,65932.13,83727.06,75496.24,82972.81,83384.43,83776.35,72804.83,75629.125,83473.38,82650.195,82720.92,83385.54,82333.31,66967.414,75955.695,83625.08,75651.77,76131.414,72453.31,73063.71,75013.24,75855.23,73499.11,73548.75,83036.13,87863.12,74608.58,82937.445,74127.72,75084.67,82438.2,76509.53,83025.836,67671.69,75825.85,83814.15,72805.1,76356.305,73399.99,82772.77,82133.875,82816.836,76031.65,76286.15,82760.375,75844.945,74341.59,83201.56,82700.02,83082.63,83460.8,73518.664,73199.65,83000.664,82926.13,82794.64,83323.45,83493.29,72978.62,75579.95,82778.14,84111.94,76161.555,66986.31,83918.61,82982.53,76173.24,88048.33,82039.234,81938.99,82899.56,72843.51,82492.7,83026.47,66102.94,77123.73,82849.77,82147.43,83372.5
2041-07-01,82104.43,76175.94,82845.51,76072.84,74967.914,73481.65,74893.01,68540.72,84057.49,82893.32,73794.66,76462.85,82995.445,83462.07,74988.86,83077.41,82743.81,67292.24,66758.06,75928.69,75174.02,82827.09,82950.1,75637.0,73783.96,81860.42,73171.93,82500.25,83407.805,91067.59,76484.0,73226.11,82953.5,76495.08,67877.484,83546.01,81832.01,75791.23,72556.96,80969.39,83295.09,73152.12,83514.38,83687.16,83146.67,82024.69,76141.73,83461.914,83292.86,83196.805,76032.445,83084.375,83515.26,83593.586,67959.875,76222.44,82702.08,84011.58,66895.34,76063.85,83592.4,83470.195,75894.15,75795.2,75947.87,76428.43,76001.85,83339.74,75581.91,83338.625,83744.0,82733.16,83352.305,72794.14,82717.22,75084.67,74708.83,73600.81,82343.52,73707.305,76046.516,76353.836,75106.734,74832.05,83291.12,75746.06,76038.62,73080.3,75755.89,75860.0,83115.76,83453.32,72880.96,73038.56,66575.664,84028.31,82991.01,84056.3,76322.39,82929.69
2041-08-01,84317.06,82784.77,82872.766,83341.016,83466.69,83236.8,83529.44,76298.805,75754.3,74440.84,82874.51,66716.25,75739.71,73491.95,83314.0,75765.93,75486.96,75857.75,84513.57,75885.67,83351.11,66217.836,82679.125,75884.74,73325.41,83495.03,76334.984,91323.29,83596.86,66580.555,75682.305,74857.45,72432.1,74908.805,83658.91,82929.06,83176.18,82859.414,76314.96,76402.055,83212.04,75822.74,83029.48,82835.0,73469.11,83278.65,83321.945,82788.41,83106.88,83304.94,82734.97,66959.37,75956.71,76295.02,76218.37,83235.53,73890.01,73046.16,83521.79,82128.79,73249.016,84475.46,82991.17,83501.17,68190.54,82802.3,67956.5,82166.55,83598.94,83169.75,83505.23,83017.93,82035.555,75806.48,83434.695,83517.33,82917.75,59887.965,76489.54,75895.81,82204.8,76492.164,73827.664,75476.516,82043.3,82863.125,90315.22,82946.3,87470.18,75356.414,82330.8,82039.55,83920.68,74812.2,82868.02,76229.2,82591.57,91128.234,65383.055,76465.33
2041-09-01,82975.266,84348.03,75442.555,83156.43,83198.39,92261.445,75485.664,83186.805,76022.08,76826.78,82945.51,76080.17,75121.2,82906.92,83264.67,76478.67,82204.33,82986.02,83243.95,76359.516,82714.695,82575.51,75549.55,83280.63,82883.125,82917.99,83151.836,73661.27,72634.64,83026.71,73045.53,82846.695,83188.72,76782.61,83866.836,74884.02,72582.84,91649.77,82854.516,75547.52,75833.81,76525.945,84429.234,75634.39,81824.67,83593.51,82204.875,75597.83,75163.77,73211.17,68054.24,83325.68,76314.45,72935.06,83602.76,73234.35,82826.305,74639.96,83436.445,77015.68,83717.65,82839.58,75730.24,60152.87,82832.7,79538.81,76339.71,73552.26,82763.85,75545.36,82330.875,83549.836,83228.23,72665.89,74822.336,82827.734,77142.7,75411.7,74277.04,76382.89,82823.625,82992.83,83215.69,83492.33,83287.38,83182.055,75422.266,75508.63,75501.22,73636.97,83308.67,76095.77,82280.875,73151.43,82721.79,83313.69,82775.45,82477.125,83102.914,83766.29
2041-10-01,76200.2,81060.56,83081.76,84174.62,82961.805,75902.25,83360.414,82821.88,82624.51,74201.84,75158.25,84373.13,82860.36,75165.2,83426.1,83804.96,82917.27,75099.57,82614.97,83353.81,82862.1,82967.82,83106.88,76310.164,82132.7,72768.875,87848.88,74326.78,83619.83,83605.87,82825.68,76434.414,83387.766,76136.28,66190.5,72674.414,68343.08,82177.836,83056.17,75228.17,73287.586,67464.2,75221.99,82827.02,83497.1,82879.88,86838.65,67983.92,82859.02,66701.74,83341.016,83140.96,82309.836,83197.37,82350.9,83561.945,83503.79,75853.766,76473.64,82931.75,75683.68,83942.62,75664.336,74241.414,83831.82,83663.45,74224.7,82795.35,66824.125,75585.0,76530.4,76143.76,83148.02,83424.11,75691.19,83101.336,83405.42,76511.58,82854.03,82727.555,83405.02,73381.93,82152.13,82653.35,83240.45,83012.305,83956.234,75686.92,83543.305,73324.64,83040.016,73248.53,83599.414,67265.62,83019.74,74698.0,67216.31,76099.336,83444.41,83309.79
2041-11-01,83496.7,82756.04,83456.664,75713.13,76484.0,76135.55,83094.76,83486.68,83418.38,91051.19,74672.08,82700.18,68235.49,83166.98,75543.13,77200.26,73789.734,75742.086,65843.914,83298.83,83456.34,68522.03,83360.97,75875.336,83531.03,66947.94,75523.9,67954.625,74424.945,76440.76,82970.51,67400.664,75912.39,82010.53,75560.71,82470.516,82817.78,83549.195,83361.52,82743.65,83253.64,76064.64,73551.555,82972.65,75937.16,83808.4,76445.2,75493.65,73395.65,82810.83,91334.18,83564.5,72967.62,81817.18,67086.945,74335.14,83157.23,83274.44,75648.31,76596.19,82980.48,83339.984,83281.74,74472.016,73320.66,82993.94,75660.805,75407.6,83547.04,82727.0,67381.375,73541.31,83370.43,83593.75,83473.13,82609.61,83141.05,84668.47,67308.805,83292.71,82425.07,74439.64,83491.055,83917.32,75064.195,76589.25,59535.41,82857.125,82869.61,82384.44,82789.664,75281.28,75697.39,82312.12,83715.49,83394.69,83458.49,83752.305,82798.43,76422.38
2041-12-01,82201.11,75760.3,83154.445,81876.03,76467.59,82421.766,82058.164,76474.516,82054.26,83079.23,82904.39,83219.82,75126.94,83177.61,75632.016,81994.805,82994.734,76326.82,73045.32,90398.2,82539.68,82890.555,82998.37,68227.555,76058.7,73398.8,76449.21,76615.836,82777.03,82771.43,73560.47,73086.85,80426.83,67880.08,77315.195,82786.51,66324.336,76117.625,83380.92,76289.79,73189.87,75527.57,82521.66,73666.69,76854.336,75663.33,76481.23,67320.62,83424.83,76995.7,83428.336,82951.84,75712.555,84253.0,83361.92,66889.22,82658.71,82315.88,83354.37,82859.1,83627.56,75861.586,83398.984,82160.75,82069.91,83004.625,82697.66,82693.875,76075.67,75883.0,82678.66,91177.01,74019.08,82977.08,82300.18,83280.63,76574.79,83144.77,83356.27,74521.68,76151.89,82775.14,75503.81,75891.4,83150.56,74955.54,73256.56,75779.08,83525.3,75672.414,83475.29,82109.59,83769.01,75370.93,74329.336,83105.77,83431.195,83050.55,67562.01,72511.73
2042-01-01,76401.18,83459.21,82122.68,83819.266,90971.42,83055.38,67201.76,66257.58,83691.15,75755.17,81981.2,72545.06,82590.945,84143.234,73768.69,83306.37,83206.33,83641.83,74881.516,83706.07,77031.25,83558.125,84311.266,82433.164,83338.625,82175.8,82892.53,75000.16,76502.164,75176.32,67187.47,83344.43,73298.84,82189.98,66746.67,82140.62,83642.47,92106.27,82738.76,83634.09,82608.984,83320.516,83588.88,75070.28,75969.89,82772.38,73082.12,82744.44,67832.25,75540.11,72930.055,75752.28,76002.51,83341.17,84370.555,83623.81,76259.016,82926.37,82756.195,67255.03,83561.78,76135.41,83116.39,68021.48,83527.92,75852.914,83521.48,76879.12,83996.67,83076.62,83038.35,66909.32,73216.125,75913.05,76323.7,73164.05,76259.81,75631.73,82986.73,83034.625,73856.97,82663.914,83371.305,75089.55,76129.31,83538.84,84388.414,83877.4,67144.36,74240.0,80324.875,83058.86,65582.336,75690.47,83168.88,82786.27,75845.53,75514.11,73545.17,83205.375
2042-02-01,76973.02,72479.64,83415.52,83266.98,82388.45,66827.44,83772.03,82790.62,67306.43,83410.75,67121.375,73446.27,76120.59,76238.58,74994.15,83643.43,75791.945,75766.875,82951.37,76298.805,91236.41,83097.69,75842.27,76157.63,75908.336,82626.31,75977.22,82665.64,82279.305,75943.97,75877.51,82196.016,83061.164,76352.96,67720.63,83413.53,76231.234,82941.56,82898.375,74458.67,75973.01,83248.31,72747.16,74322.95,72482.55,82757.46,73831.89,83522.51,73005.07,75811.61,68043.41,82932.62,83349.6,82384.36,83103.234,82945.984,76226.23,75751.625,75942.805,82736.47,67018.97,76186.47,75401.984,83469.56,75539.03,83481.18,75599.92,66757.88,75099.14,75626.32,82686.46,76684.41,76090.984,75919.92,73594.84,82404.17,75740.0,82728.11,69197.97,82597.72,66887.625,67585.84,76806.56,76538.14,83220.3,75437.3,76129.52,76205.58,73122.83,67122.91,78880.63,76053.19,83440.91,83517.33,73221.15,73289.96,76216.05,82790.85,74319.76,82959.44
2042-03-01,82373.05,76052.46,82810.2,83386.89,82653.19,82587.71,83008.336,82775.85,67237.46,75856.67,76007.21,82816.99,77023.02,76255.305,83147.79,90264.16,83612.33,76533.98,73535.84,75686.63,83629.79,76481.664,83495.43,73447.82,83051.5,82828.836,82195.54,83616.79,83567.21,82442.37,83071.22,75830.055,83185.7,74852.67,83138.99,83552.55,83113.77,82754.7,74144.48,82430.266,76162.86,83299.23,67965.71,83422.53,75907.83,75569.43,74917.016,83432.63,83806.234,66326.04,83302.32,74795.516,67055.03,76627.82,91045.55,82756.51,83209.66,87605.58,82415.09,75931.8,83751.586,83247.76,76704.89,75938.9,82079.92,75949.03,73557.31,75736.67,73146.19,83115.12,82691.664,74876.875,87180.03,82623.24,73130.78,76592.32,74431.05,74552.03,82267.53,82987.445,72967.06,75824.555,68310.76,82930.164,82853.64,76060.23,82610.63,82883.67,73054.17,82135.055,83448.7,72893.83,82146.805,82367.164,82988.72,75942.23,82701.6,82926.84,75908.266,82345.95
2042-04-01,83322.11,82793.46,83286.12,83206.96,82899.95,66608.81,82919.57,83321.78,73418.55,74140.875,83102.914,83418.16,83717.81,83134.23,66812.016,75473.28,75618.88,75403.14,81952.44,82001.84,76558.14,82022.805,83039.7,83231.17,83437.25,76002.73,83504.586,75117.336,83198.63,83397.23,76511.79,75244.81,83351.586,82726.84,83592.8,91343.15,82564.33,84365.56,73027.42,82900.76,76194.02,82740.57,83424.67,82704.59,83318.445,83509.36,76233.64,83479.02,74928.945,67730.055,82690.96,75763.98,73336.25,83002.96,73479.484,75730.24,91711.5,75080.164,75091.555,83168.086,83474.65,75343.62,82606.7,74871.734,76535.29,83344.83,83659.07,73738.164,76080.25,74393.72,67167.6,74559.0,76260.11,83213.63,76498.586,74950.25,75877.36,81893.52,83344.2,82502.695,75671.12,82197.74,74975.766,82735.52,83615.04,82913.88,66930.51,82174.06,75143.414,82899.41,83445.68,74315.23,82897.516,67205.734,76564.49,67062.38,73205.86,73828.66,75057.33,76293.055
2042-05-01,68640.21,83023.39,76045.72,82468.08,68117.3,65859.11,83619.5,76203.836,83815.34,73211.234,76501.72,67858.65,73120.734,76110.29,73208.16,83798.164,75545.445,83453.8,83095.47,82926.766,83647.26,83888.12,75662.02,83429.6,82719.586,83624.93,83158.89,75567.99,67026.07,84514.055,75039.15,82953.26,83570.55,83450.62,74828.62,83029.25,83011.83,82214.445,74908.09,83534.695,83000.664,75515.62,67522.39,82923.766,76343.5,75842.2,82862.5,73713.695,82917.195,83060.92,76320.93,82224.16,83000.43,82783.03,76276.836,75295.35,82732.055,83488.51,67189.836,83246.49,82681.09,83487.15,66781.12,83439.16,74374.64,82778.22,74946.02,82991.33,75913.695,83681.41,83756.945,66789.336,75698.05,75864.914,83305.97,76167.0,75402.2,74256.21,82160.28,75923.98,84025.44,75496.24,76242.37,82974.945,65723.83,76116.39,75660.22,75016.39,82656.49,88019.95,82928.586,83677.586,88155.53,82712.33,76065.95,87702.8,72965.81,82228.87,83365.82,76061.52
2042-06-01,75622.35,74366.414,75361.16,75907.1,67703.836,75108.88,74170.58,76275.234,83132.97,83225.86,83624.93,83328.94,82872.14,83592.16,75621.63,83579.16,83688.27,83219.51,83312.73,76765.05,83007.08,66704.234,82728.82,76035.414,82894.195,75531.82,84176.78,65817.3,82990.46,83176.57,76213.72,83445.44,75874.69,83089.52,65886.69,74880.445,76331.414,76213.14,82915.61,68038.8,73141.1,83785.86,84051.32,73625.04,73339.68,82857.36,82223.62,82680.62,82706.88,84202.63,67906.82,76586.77,83090.48,75864.48,72644.27,83058.555,82883.75,66767.3,82637.664,67202.53,83671.836,83811.03,74742.83,68818.05,75625.09,74225.625,76690.77,75458.95,83121.625,75683.47,83044.92,83546.414,67143.01,73278.85,82943.62,84045.79,75483.94,76380.49,83348.25,67355.234,82451.65,83680.86,76514.79,82655.555,67799.73,83057.68,83455.86,76488.305,83222.2,82113.05,75560.21,83659.39,74396.555,83553.9,75159.04,73685.73,75701.08,83683.32,76157.336,82102.555
2042-07-01,83569.44,84202.555,76040.27,83606.586,75390.41,68115.734,82984.914,67291.414,83660.03,75911.16,83896.36,83415.84,75900.516,83503.64,75964.38,83051.5,73458.88,74212.45,66855.805,74805.22,76279.31,83268.01,75746.5,83454.59,83212.28,82474.84,73750.9,76137.445,75503.875,78953.414,83260.78,66793.54,75696.02,75432.34,66088.125,83690.266,83699.93,82359.23,73767.7,75537.375,83620.305,72880.83,75956.78,82742.695,83049.52,83657.79,83808.8,83484.36,75255.14,83448.06,83229.97,82055.51,83608.1,84129.03,73289.125,83121.07,82121.89,83244.82,73219.055,92243.766,76015.625,82909.29,83686.44,82956.58,83220.77,83485.87,75859.7,83707.516,83360.09,75588.17,83424.67,75956.56,82958.17,73765.1,82708.39,83157.625,75641.9,73212.84,82152.37,83000.03,82940.92,83424.44,82832.945,83103.08,83749.984,83666.97,82086.5,67544.67,82637.81,83474.97,82720.61,76290.0,73014.82,67348.62,67390.64,75978.01,82894.74,91682.81,82889.36,75376.53
2042-08-01,82792.195,75767.664,75731.76,82320.44,75560.21,75715.875,83399.055,75133.1,67771.28,82555.18,83591.59,72429.76,76087.8,72984.05,76547.19,83539.32,83490.26,83498.93,84010.21,75658.42,82790.93,73173.76,75870.85,76067.836,66682.164,75985.766,83774.03,80612.734,82009.12,66802.91,75717.75,76175.79,67030.414,83081.68,83230.77,83031.62,76100.71,83494.79,82720.69,73708.22,69093.516,83109.98,82959.91,75518.27,67276.914,83047.94,83302.086,75555.89,76358.5,76151.17,83551.74,73242.73,74090.55,83181.18,76121.984,82146.95,82837.52,67033.87,76605.766,82671.79,66751.07,82668.164,75902.836,82451.414,66959.81,74364.92,65109.21,75146.43,82967.664,83332.914,83180.625,75442.195,83681.73,82089.01,76161.19,84015.66,75480.984,62525.227,83314.164,75522.75,76331.12,75902.48,82808.85,76173.9,83705.03,76077.77,79984.87,75081.52,74432.4,76273.85,75848.99,82355.14,82810.75,83108.78,76284.48,75749.82,83304.625,79994.09,73471.29,83421.73
2042-09-01,74390.74,75035.64,75908.84,82314.945,83257.92,88494.234,82389.16,75907.47,83103.08,82877.984,75039.44,82748.22,83938.13,82522.13,83660.51,83093.57,83160.64,83370.91,83390.55,83689.71,76644.336,83390.55,76662.18,83183.875,76193.73,83255.54,76343.5,73644.2,73857.04,75394.8,72398.88,83615.12,83456.266,83260.78,68468.01,82594.875,73384.03,87520.984,76309.65,83460.234,82191.4,83291.36,74144.266,83349.445,83559.64,82696.71,82924.08,74198.445,82856.336,73918.125,72462.51,75915.58,83672.71,72963.86,75570.586,73282.27,81939.46,83615.36,76322.67,75950.695,82877.75,75856.734,82753.99,68601.016,75642.11,75745.484,76091.2,73474.44,76144.56,75773.734,82285.586,82827.26,75140.766,73269.21,82277.11,75766.73,75756.68,74758.01,83556.69,83495.67,83479.664,82715.73,76086.266,75958.664,83423.32,82991.96,75924.99,82921.07,82916.016,73114.05,75919.125,75657.836,83870.44,66286.2,82647.35,74891.086,76194.46,82954.21,82542.27,75735.95
2042-10-01,75462.71,76058.77,76308.63,82864.15,83163.57,74500.23,83433.42,83327.586,83451.88,75713.13,83591.76,75988.44,83002.33,82940.13,68484.73,83170.78,75696.24,83338.16,83574.86,82794.56,83314.875,77011.86,82855.62,74280.29,76357.695,73153.17,83877.16,76281.27,83461.68,83372.81,83424.04,82968.766,83030.586,83185.625,67244.91,72951.06,73767.7,82017.8,76336.36,91254.414,67183.81,73312.96,82888.5,76013.805,81990.266,83066.78,82783.35,73538.87,75906.89,72968.18,83740.73,83177.21,82732.2,82759.43,83558.05,76291.97,82944.484,83425.945,76641.57,75553.875,76071.83,83854.92,83604.91,83029.164,83650.37,82748.86,74674.56,75845.234,73183.45,83122.09,82913.01,76997.02,75921.8,74663.875,76821.44,75989.45,83635.85,75971.35,91037.72,76346.19,82297.125,73139.43,83126.53,83170.78,82917.12,76332.28,83243.64,83398.74,82045.18,65878.39,76348.445,74435.164,83023.86,73245.805,82943.62,76146.01,73252.23,76343.71,77005.695,83673.914
2042-11-01,82714.61,83166.586,82767.33,82486.96,82751.3,82963.87,83005.49,83399.14,82509.85,80055.984,91093.48,75989.82,66810.484,76284.984,82984.445,83313.05,83613.05,82342.26,66996.03,76412.11,83358.74,67014.17,77263.45,76170.77,75141.266,73258.94,83292.55,73621.24,83002.56,82975.734,82882.88,72262.51,73786.35,75393.72,82731.734,91161.19,82970.76,84468.62,83735.375,83365.82,82883.67,82823.54,73247.34,76069.51,83016.1,83538.36,82209.81,75922.67,67030.6,83126.375,87572.84,82236.164,73087.69,83908.766,66385.65,82880.28,76140.77,75654.805,75606.34,75605.91,82264.87,82981.27,82455.336,76357.336,73042.68,74930.6,83053.95,75471.055,83310.34,83127.805,73593.234,66230.41,75708.44,83727.06,82314.86,82228.31,82732.37,83008.98,66422.445,83004.55,83726.27,83305.26,84057.49,83581.64,83126.53,75130.086,68304.12,83033.36,76790.74,83213.16,81914.766,82846.85,82048.7,82972.414,83497.42,83869.875,75965.62,83805.67,75860.21,83678.85
2042-12-01,82902.49,82790.375,74857.88,83081.2,83525.45,83431.28,83027.19,67381.125,82963.16,76022.3,83634.81,82896.32,82854.59,82545.98,83224.1,83534.375,82867.39,76014.46,74340.6,87784.805,83168.484,75790.72,83735.375,74357.414,83171.34,73919.96,83252.21,82001.375,83560.03,82102.63,73119.27,72533.64,83578.59,72466.79,83124.56,83638.086,67150.83,82541.96,76013.375,76380.64,66766.73,82477.28,75876.055,72998.1,82333.94,75487.46,83318.6,73672.234,82923.516,82865.5,83290.164,83260.38,82680.38,75082.09,75837.57,67354.66,90413.04,82465.484,83285.64,84535.664,83655.48,82773.25,83077.484,83142.875,77240.164,83358.34,82324.055,75904.58,76060.945,83002.484,75514.24,88515.42,75802.64,83269.2,74952.39,83113.375,83170.47,82960.38,83797.766,82908.336,82703.016,82000.125,75650.336,82785.41,83930.85,76129.52,72673.86,83258.164,74692.58,83559.8,83054.11,75350.516,76194.68,76024.03,83616.79,76075.46,75010.39,75483.08,72807.61,73466.87
2043-01-01,82698.445,83686.195,83473.77,76400.38,88434.93,74986.64,73569.66,66800.1,83130.336,82950.805,75456.73,73615.414,84573.88,83564.18,76559.74,82913.09,83204.26,82902.016,82718.01,82491.125,82029.53,76363.664,74359.25,75000.016,82626.234,82091.05,75556.17,82950.1,83360.734,82994.41,67617.63,83391.42,73769.75,76342.26,73766.375,82626.08,82966.164,79823.016,83038.586,83346.18,81980.89,81807.04,82698.836,83377.1,84323.336,75730.9,66977.63,83537.805,72281.26,67474.234,72966.79,83461.27,75879.6,77115.93,75439.68,83243.08,76229.13,82586.21,82925.03,72633.26,83686.195,83455.07,83278.086,73583.125,83184.75,83719.0,75885.61,76360.54,73702.45,84282.89,83422.13,66218.91,67115.42,83168.086,83800.24,67126.24,75815.23,82689.93,82850.8,76693.18,82416.11,76030.92,82985.94,76017.22,83705.36,74726.5,83092.766,82253.09,73288.14,75769.766,83329.414,74692.445,67095.45,75561.58,83731.94,82597.87,82808.305,83456.82,73173.61,82779.086
2043-02-01,84393.086,60204.29,84549.61,74974.195,75381.57,67291.734,82682.05,83356.52,73102.26,75189.65,73672.37,73002.15,83564.18,75866.44,81929.38,75309.57,75533.05,83446.16,83401.914,83490.82,88288.555,83021.88,75575.055,76101.87,76471.67,75979.82,83488.35,83612.64,83570.32,83895.96,83347.54,82909.92,82195.7,74894.586,66060.4,76190.46,83297.79,82957.85,83311.055,82929.06,83557.484,76334.47,73930.89,83409.4,66085.17,83512.555,82276.484,76137.95,73375.42,83035.74,73778.33,83299.695,75786.39,75549.69,76145.43,83173.64,75817.18,75924.84,83923.89,83373.13,67000.69,82707.05,68855.06,75754.516,84088.6,82863.44,75942.734,65638.89,84006.36,75916.23,82813.99,76441.555,82938.7,82693.48,73857.74,83284.766,75751.55,75418.46,73085.734,83373.62,73174.73,67100.766,82433.24,83564.98,82981.43,83577.49,82880.67,75678.695,67115.36,66086.05,84424.805,83126.78,82604.65,83406.695,73676.02,73250.555,82314.16,83234.03,83490.26,83437.086
2043-03-01,82884.07,83521.87,83601.4,83895.555,83737.93,82615.59,83185.23,83031.55,72831.77,77271.77,75594.445,83432.63,83749.12,74998.51,83511.04,87758.945,83468.12,82334.56,67033.54,82183.32,82548.03,77058.95,77096.07,67123.55,75636.2,75735.3,76135.12,81827.01,84306.37,83055.54,75156.82,75384.586,83387.21,82919.96,76508.15,82219.54,75539.88,84424.31,82450.94,83209.66,76315.26,74896.016,66986.19,83001.38,74845.74,83158.17,83553.9,75378.695,76365.78,59916.062,74208.85,75814.15,67339.24,82748.62,79447.46,76208.84,76092.14,83848.445,83036.055,83614.16,83376.0,73573.586,76006.85,74806.64,82226.44,83018.16,73554.71,83461.836,65856.6,75695.805,68785.164,83545.3,82869.766,83277.3,66236.22,74987.36,83637.93,82930.016,76165.766,83297.875,72679.4,83174.67,67158.77,75873.45,82691.35,83037.086,76162.86,74907.875,73041.98,83557.16,75674.3,72817.33,84646.836,67645.49,82850.484,74687.1,83124.56,75659.22,76099.695,83379.97
2043-04-01,82802.23,75721.51,74431.33,75564.25,83439.48,73269.42,82865.18,76379.18,73620.68,82664.93,83369.16,82474.92,82808.305,82348.94,66210.07,76417.28,83124.95,83744.805,76606.71,84061.664,83397.31,82819.28,68751.195,75612.54,75404.58,82851.75,82884.15,75967.07,75257.016,83057.2,82037.75,82705.07,76202.53,82680.305,75710.24,79858.95,82667.85,75884.086,73846.05,83264.59,81990.664,76508.51,83549.36,83088.414,83181.89,75680.58,82807.83,75727.94,82907.08,73421.9,83351.83,76615.984,72919.27,83235.45,73161.055,73604.88,88166.63,83590.0,68642.31,82437.88,76570.484,82816.75,82998.125,76210.305,76104.484,82387.664,83384.11,83756.305,83235.53,76926.7,72475.15,83122.57,76015.555,82948.75,74328.98,82724.64,76146.516,83398.58,75805.25,75404.21,76147.46,74454.98,76158.14,76454.1,84260.15,75841.48,66111.766,84251.55,82931.99,82635.22,82633.17,75896.1,82385.695,67403.04,82179.71,67302.516,66763.23,76046.734,76256.62,67907.4
2043-05-01,65251.746,82523.86,76329.086,83432.15,65382.805,65661.305,75558.19,83332.984,76159.44,73496.86,75618.67,73578.22,73220.664,82990.13,66684.89,83208.23,83348.49,83014.05,82934.914,82110.93,75556.82,83292.55,75925.13,83625.88,75729.38,83473.695,83563.7,75491.28,67296.164,75241.016,75787.83,83019.11,84348.195,76056.734,82837.914,83716.92,75685.555,83688.27,75780.31,82759.75,82943.62,82900.76,72514.91,76429.086,75711.54,76795.8,82605.984,76462.77,83111.63,76468.02,82897.19,82475.63,83122.66,83613.28,75746.06,83475.37,82940.92,82384.67,66809.34,76009.68,75225.16,84112.336,72983.14,75444.14,74989.42,83776.43,82755.88,76459.055,82151.97,76134.83,75484.44,66139.13,83099.12,76316.85,83123.76,83042.07,76130.69,76126.914,75784.5,75508.555,75391.84,82801.9,76490.27,75114.76,72717.32,83235.055,91484.9,82971.3,82801.586,83576.21,83422.61,82765.195,83386.17,82734.1,84218.945,83523.7,73248.46,75613.125,84427.625,81963.85
2043-06-01,76409.195,75966.414,82243.3,83887.56,73695.08,82632.22,83014.05,75800.766,83621.26,74879.516,83793.13,82410.69,84369.83,83159.516,76177.02,83205.69,75328.53,83107.195,83105.13,74866.45,75031.34,66292.45,75463.07,84395.5,75419.32,75662.1,82472.88,73556.54,74544.35,82576.6,83382.27,82175.56,82981.35,82903.75,66551.984,83787.86,84363.23,82000.04,75679.99,73767.57,73156.03,75889.59,75951.28,66913.914,73641.67,82869.375,83634.81,83002.17,75169.58,82794.875,66850.7,82784.77,82897.43,82858.23,66890.69,82841.32,83295.57,66036.41,83206.56,73162.375,75564.1,75586.516,84205.125,73185.62,82781.62,74890.02,74550.33,82915.94,82953.82,82871.5,83446.234,83174.04,73234.21,72456.28,84071.29,83465.1,82318.4,84414.42,76056.016,66288.09,89751.195,81981.516,82800.875,83241.17,73084.414,83632.19,83689.39,67663.56,82767.72,83261.734,75284.0,83411.79,82481.84,83287.46,74736.336,75373.945,83551.19,75657.41,83003.125,83768.76
2043-07-01,83358.98,82382.63,74963.766,83668.88,74204.82,65460.61,82782.25,73687.06,74073.24,75821.16,82604.73,83797.766,74704.55,83845.33,75208.23,82731.58,73278.5,82488.92,66608.43,67634.01,83400.73,75435.94,83281.266,76279.74,76122.625,67624.2,83029.25,83074.39,83532.945,83185.54,73588.6,73513.69,83271.82,82610.555,66751.13,82929.85,83351.75,83775.95,76206.01,74863.02,83355.96,73886.27,84175.336,84380.61,74402.66,76284.984,76116.02,75771.2,82700.58,68238.74,84349.48,83712.53,75676.82,82965.21,73320.79,82882.805,75943.31,83396.12,73283.81,88667.16,82204.56,83798.33,83389.516,82738.516,76305.57,84404.43,82958.484,82894.51,82741.37,76702.25,76925.24,75623.36,76500.7,75966.34,75621.484,83108.86,76061.96,72716.29,83026.945,76492.6,82934.75,74307.78,83921.33,75778.72,82987.29,75042.16,82966.63,73345.625,75515.33,74634.84,82975.1,75693.63,67232.72,72966.02,73050.69,75953.81,75703.88,87851.23,76159.586,83240.38
2043-08-01,83159.516,83148.1,83449.98,83443.45,75759.5,74880.586,82556.766,75548.46,72920.734,82273.18,75573.04,72950.23,75573.47,73373.12,76533.18,81953.06,82676.76,83541.71,82856.17,83708.555,83103.875,66773.86,82777.51,76720.41,73441.164,83203.79,68559.02,76727.79,83492.88,59471.8,83378.86,76138.97,74097.47,82567.47,83210.13,83115.37,82909.375,76178.695,68105.86,83105.695,73522.52,83678.3,82590.16,75977.5,73780.016,75760.516,77001.5,83010.0,83511.516,83537.41,83557.16,73492.24,82992.35,76187.12,67658.52,75647.086,83064.41,67102.43,83297.71,82856.88,74076.766,77219.625,82197.266,76503.33,72339.26,82611.734,72443.984,83341.66,76001.78,83257.61,83235.77,76446.516,82189.586,82875.77,83459.29,82886.84,75385.664,68687.945,82657.13,82696.555,84079.945,83578.37,82952.47,83627.95,83037.164,83473.38,83055.46,82535.04,82643.57,82871.02,76272.984,75748.516,76283.82,75946.43,83007.55,83977.52,82521.82,76203.76,66600.81,91256.945
2043-09-01,75288.52,83332.12,77148.88,82782.56,82441.58,83385.78,75560.64,83701.195,82742.47,68487.14,83231.73,75118.12,83522.195,76095.484,75619.61,83593.27,83191.25,83307.32,82983.17,81966.66,82112.81,83369.08,75899.14,74878.59,76547.625,82461.555,82042.29,60349.094,83366.46,75965.4,73304.01,82792.67,83495.586,83972.24,65620.99,76806.79,66474.34,83768.92,76313.29,82826.47,90816.34,82276.484,83657.79,75386.17,82746.49,76278.51,74814.99,82958.96,82614.73,76121.9,72818.234,76194.83,75322.35,66756.35,83964.08,67181.95,84282.89,82774.98,83187.445,76614.45,74884.16,91280.37,83541.23,73138.17,83701.125,83665.29,83410.19,66662.96,75755.17,83021.96,75798.164,74522.11,83546.96,72558.836,83730.336,82886.84,83166.98,83113.375,83278.414,75663.19,82988.87,84230.1,76124.23,82403.46,83246.17,83584.664,76028.89,76153.42,83054.9,66452.6,82763.62,83813.586,82875.3,73634.234,83182.84,75770.19,83859.805,82977.72,83327.51,83821.02
2043-10-01,75523.25,83529.28,83202.99,83659.39,90964.13,75740.86,76308.63,84054.45,82334.56,74535.75,83303.35,83166.03,82948.04,82969.25,66697.42,76275.45,83003.195,82928.586,76708.4,82985.39,83398.82,83467.086,82570.305,82719.51,82728.26,66728.66,75447.875,83749.67,82487.11,76951.14,75612.18,82865.414,91200.83,74590.16,66991.04,73039.68,76892.9,84024.8,75496.1,87984.7,67436.73,73521.82,75907.4,76349.76,83476.24,83511.44,75630.0,73475.0,75717.61,73268.51,76197.01,82013.03,83196.97,82365.04,75038.58,83421.01,74447.945,74490.7,74647.86,82891.664,83504.12,82946.78,81857.3,83674.15,75579.95,76344.81,82216.56,74219.75,73601.8,84117.96,83115.516,75564.61,83189.195,75672.125,82878.14,76095.195,76308.125,83125.91,87735.84,82985.7,75310.21,73011.75,75749.46,76493.19,82934.125,82857.516,82828.36,82691.984,68024.516,73751.46,83531.27,76658.23,76286.875,66644.016,83027.19,83417.195,72866.09,83275.63,76511.28,82789.91
2043-11-01,83120.99,76235.164,67774.32,82858.62,75622.42,76687.41,76020.984,82888.42,84001.48,83491.77,79726.93,75751.414,73265.58,76334.03,83682.766,82788.25,83612.805,83511.76,73334.64,83673.35,84259.586,72586.79,91117.984,83400.57,76082.34,73788.88,83688.99,66719.875,75974.02,82734.97,75983.37,73705.62,82337.7,76337.234,84415.305,87831.95,75717.68,75770.63,74505.9,82015.53,83640.71,82517.73,73946.96,83427.85,82307.24,83118.375,75851.17,76038.76,66890.88,83121.945,91099.47,76055.29,73507.38,82960.7,73031.945,82942.82,82808.07,82727.0,83032.57,75930.63,83522.195,82809.875,82905.734,90434.336,73464.836,75731.69,83283.336,76458.91,75395.08,82805.38,64967.61,66608.56,82832.234,76383.19,76143.32,82739.15,74922.234,82869.61,72856.99,83314.164,82844.32,76158.06,83697.375,83234.98,82740.26,83103.31,73500.086,82958.016,68084.56,83524.5,82712.484,82155.51,76656.99,75652.64,83336.09,83097.055,82122.37,67928.125,82849.14,83145.17
2043-12-01,83431.59,82050.49,83559.234,83335.54,83685.56,82471.54,75893.43,66660.664,83109.18,82933.01,82985.87,83106.09,83436.76,77007.45,83065.6,75976.34,75863.62,75600.0,76051.445,75731.33,82882.336,75521.45,82202.61,83703.6,75122.56,82833.34,67740.97,82869.3,82037.82,83452.68,73661.06,66952.336,76255.234,67361.336,83299.85,75866.58,73035.57,83519.65,82773.64,83666.41,66438.02,82817.46,75941.36,67068.39,83051.73,83538.2,74557.65,75775.98,83612.33,83037.95,83049.05,75730.03,76271.52,76215.02,82139.59,72440.664,79843.414,82831.766,83853.086,83630.91,90421.66,82920.836,83354.37,75907.1,83584.51,76126.18,74066.17,83333.87,83139.62,75741.01,83576.85,83153.016,74807.5,75909.06,83529.2,83564.336,83505.7,82893.48,75869.26,74415.87,82790.14,82834.37,82624.82,76030.484,75656.4,83228.87,66811.445,82491.76,82907.87,82959.76,82794.33,82831.68,76149.06,68142.5,82842.11,83354.29,83226.25,83463.984,73996.914,66316.234
2044-01-01,83557.88,83900.68,82684.336,68780.055,67667.305,76052.97,73465.19,66816.8,83696.49,82361.82,75577.22,66785.96,82891.5,82015.13,76762.41,82070.45,74265.42,83303.35,75415.94,82924.08,74984.35,82893.87,83742.56,82660.125,76213.06,84423.11,75672.56,82621.664,83609.94,76014.82,73186.31,76444.26,82759.04,83834.22,83435.49,75615.29,75787.39,83462.7,82214.984,83423.875,76238.3,76141.37,75808.72,83328.46,83204.11,82868.98,73340.79,84084.03,73239.445,73160.35,73555.41,76059.93,91580.57,82919.18,76641.78,83497.02,83254.12,82944.88,77257.7,67475.914,76842.68,82627.97,75862.164,65832.8,75839.74,75684.98,83368.516,81996.445,83002.25,75257.945,83564.81,66830.43,67227.336,83669.75,83456.34,66575.16,75815.01,75307.984,76308.84,83118.53,76105.14,83090.875,82403.84,90286.195,84273.57,83567.52,82725.58,74618.89,73493.43,68169.02,82225.49,83354.93,67199.25,75577.65,75483.43,83878.836,75100.0,82820.38,73616.74,75993.664
2044-02-01,75130.805,68301.766,76290.22,82246.91,76130.03,66997.945,75581.11,82839.74,73029.86,83006.6,75795.78,67340.4,83445.92,82854.28,82184.1,84056.21,83462.39,82960.625,82499.625,83652.36,83989.7,76209.65,83467.73,76476.56,75627.98,76287.53,81982.69,84482.23,83400.89,82692.766,75886.625,74597.62,83335.62,83102.836,72825.25,76391.71,75668.95,76023.82,82681.41,84198.86,83368.76,75744.12,82920.05,75678.336,65947.914,84196.445,83523.38,82943.23,72966.234,83285.805,83002.88,75622.06,83142.875,75213.1,82021.86,75600.14,67781.1,82980.0,83382.35,82277.03,73151.7,83015.31,67048.83,75316.03,75072.94,83635.13,83767.0,73664.29,82891.42,83617.91,83525.54,83185.7,83055.14,75981.56,82884.7,76126.55,75896.61,75682.52,66981.78,75656.55,73391.1,73916.51,76268.9,83328.46,75806.625,75470.04,82632.3,83500.13,73330.79,67013.86,83798.56,75678.41,83103.875,77161.836,82634.82,73393.336,76031.65,83957.35,82698.76,76030.055
2044-03-01,83415.05,84128.55,82092.92,67795.46,81879.234,76287.6,83730.9,83142.71,66844.13,83612.64,82312.19,82720.61,75591.78,75996.78,75440.25,83176.18,76469.266,75919.555,72975.35,82748.78,75785.586,76311.62,82196.016,73280.67,75197.62,82241.66,75572.46,76643.914,75666.64,83258.08,77206.14,83381.32,82945.91,83847.96,83077.484,68127.234,83134.94,83265.78,75961.92,75918.47,77137.625,74584.53,73331.21,83483.09,82975.734,83001.695,82419.1,82378.625,75698.26,68926.02,75260.03,83429.29,74085.95,83516.22,82465.8,75524.98,83817.67,76145.13,82030.31,75673.58,83155.41,72321.45,74878.945,91276.445,74310.91,82482.32,72955.17,83127.73,73031.734,83772.68,73069.01,83460.164,73610.92,76487.35,66601.7,75526.06,67971.48,76331.92,76048.55,83143.266,73719.4,83284.29,67438.664,91282.89,75312.586,82821.805,75455.94,76240.766,67461.3,75780.09,82228.0,72477.164,83262.53,72524.73,74985.64,76042.67,83447.984,81948.99,82806.26,83519.8
2044-04-01,75902.695,83683.805,82556.445,82963.55,83300.016,66750.62,75623.94,76702.84,73849.5,83515.336,74820.336,76268.836,83532.54,83496.86,65443.195,83426.34,74956.04,84392.445,76602.836,76414.3,82812.09,83709.82,67607.76,75798.375,82603.38,83722.125,82678.73,83511.59,76346.84,77419.89,75747.3,83558.76,76409.484,75625.375,82307.086,82815.09,83614.48,82099.5,75084.1,77017.734,82098.875,83080.805,83290.01,68618.35,83858.92,73818.945,83002.56,83480.06,83462.7,66969.195,76632.8,82637.74,74347.48,83476.72,73961.49,66736.234,75174.38,75668.95,66079.305,82758.56,75505.32,82862.5,83777.625,83823.586,76527.914,75504.17,76250.43,81929.93,82938.945,83835.09,73647.64,82973.99,83794.414,67935.96,75438.95,83459.69,74691.73,84137.37,74420.97,82852.22,75805.97,83102.29,83074.55,82494.59,83533.74,77245.625,72868.05,82577.87,83406.53,83298.586,82847.01,76383.266,82927.555,73657.9,83420.54,73327.3,66852.234,76084.02,82826.16,66834.19
2044-05-01,73170.48,82837.69,75491.92,76320.49,73206.27,74231.01,83078.12,74941.45,75531.1,72871.24,82100.44,73047.83,73731.91,83054.9,67700.734,82855.23,69041.94,82056.92,82858.94,91382.7,74818.13,75548.82,75519.87,83483.41,83246.336,83262.92,76535.08,82779.484,72812.12,83340.46,82824.414,82914.34,74897.516,82914.67,83079.46,83124.95,82045.336,83429.93,74282.63,83189.11,83150.17,76520.336,73111.81,83703.84,76019.32,75855.44,82858.23,83113.46,82140.53,83519.875,75949.54,76130.76,83271.82,76098.97,83426.1,82645.06,76306.81,83278.26,67341.49,84071.84,76897.15,82887.31,72877.484,83705.51,75686.125,74287.305,82947.65,83437.73,75630.43,76313.945,75181.125,67257.086,83710.46,84017.664,75823.33,82809.875,76489.83,82335.74,75944.25,82878.85,75591.2,76888.87,75322.14,83629.47,72984.61,82975.02,79781.0,82984.445,74964.69,75912.97,76844.95,83093.25,76522.74,75592.5,67951.97,76044.7,73281.79,83232.2,77450.984,84098.55
2044-06-01,76070.375,82304.89,74414.8,83249.91,83063.94,82248.31,82875.77,83521.305,83884.59,74365.625,82740.73,83734.81,82212.32,82995.125,82716.43,83647.9,76189.445,83369.4,83059.98,75750.4,83187.766,72708.94,75467.88,67779.94,76099.62,76456.0,76241.78,67210.6,75622.63,75961.2,82966.48,83082.87,82437.17,82415.41,66832.984,82443.16,83221.56,75744.695,83606.75,74855.45,66992.58,82880.12,82684.56,73775.586,73191.55,75890.97,77041.47,82935.07,83264.516,73651.87,66709.95,81972.76,82726.84,82230.195,73387.04,75796.06,82131.21,73340.87,76381.95,72440.12,75721.44,82716.91,83498.45,73451.88,76284.76,83222.516,83687.95,82883.67,76558.14,75492.58,75713.13,74668.516,73477.03,72438.73,83059.016,76089.74,80987.31,83597.58,74978.42,72826.91,88530.54,75883.58,76690.914,91115.55,72917.67,83529.2,83028.69,67355.1,68607.89,76054.93,76303.68,76736.79,83785.3,82179.95,76392.66,75689.81,83330.29,83612.97,82683.94,83030.35
2044-07-01,83646.78,75842.484,76515.445,76115.66,82594.41,60373.324,83239.74,75670.55,75671.695,76056.734,76050.21,82717.06,83384.26,82042.67,82774.664,82347.516,73092.85,83509.53,73166.0,73197.13,83636.09,75769.47,75545.01,75657.836,75638.51,72416.49,76503.695,76244.4,83569.516,83412.03,73031.45,74144.125,84371.04,83038.586,73216.47,76189.01,83464.54,83132.484,82857.914,82874.03,83492.17,82889.69,82063.25,82883.914,75646.445,82286.37,75896.04,75720.57,83490.49,67653.75,83255.54,82675.58,75919.85,74704.625,67517.11,68116.516,76128.8,82547.234,73534.93,83712.45,83238.87,75455.07,82692.92,83126.305,82600.07,83322.26,82272.086,83641.99,76155.305,83003.27,82639.0,82898.14,82325.78,82707.586,76503.48,75455.22,82797.88,66871.93,83191.88,83308.44,83403.34,76180.3,91180.66,83257.05,75734.22,83616.31,76154.87,66631.18,82245.1,82099.5,66976.6,76565.734,60325.67,74284.55,73286.4,83026.4,83287.46,76563.17,82895.22,83106.96
2044-08-01,82723.53,75995.26,75417.95,75518.78,84383.19,83680.69,67326.4,75664.55,73375.29,75077.805,75969.83,73835.266,82866.2,60590.26,74521.39,84268.586,76633.82,82347.99,83301.28,82974.945,75827.805,66925.21,83356.914,73576.95,72864.57,75669.1,66005.99,75879.52,76474.08,68381.74,83027.98,75778.87,84507.125,75686.055,76403.8,82327.11,68304.18,83427.695,72882.08,76388.37,73463.23,82305.125,84101.195,83189.664,82340.53,82714.695,83378.06,82778.61,83084.13,75319.195,82866.766,73897.05,82570.94,82928.984,72398.33,83547.45,83114.49,73130.22,82562.74,75807.49,75109.59,76732.984,82955.56,82807.36,73160.42,83015.31,73081.21,83111.234,74383.51,82792.35,83261.336,83102.29,83627.0,75381.42,76116.24,75467.17,83068.29,73620.055,82584.96,82135.68,75858.41,76052.61,82009.04,82978.734,83575.98,83233.31,82875.695,82311.016,83091.9,83014.914,83050.47,82512.445,82095.664,83382.516,75799.25,74874.664,83548.8,76242.0,67360.56,87545.62
2044-09-01,76020.266,76424.65,76505.375,83568.72,82904.54,75944.03,75414.51,83465.1,82824.02,73092.49,82674.01,82825.99,75738.836,75028.414,74202.98,75844.875,74728.07,84460.07,82883.125,83594.23,76324.42,83367.65,83243.95,76526.46,82331.586,82876.4,74133.94,68280.02,73651.79,82137.56,59231.242,76249.055,76417.07,76205.44,72267.336,76311.32,66674.336,82161.766,82877.586,83532.71,87468.17,76201.07,68267.13,75161.336,83470.586,82765.51,83372.98,83876.04,82949.7,82924.47,72980.84,83216.01,76627.24,72501.08,83869.484,73405.24,75756.18,76114.57,76207.766,82873.32,83211.96,87639.59,75732.266,66167.52,83478.47,83057.6,83700.97,73225.69,75726.13,92255.3,75672.414,75153.59,82188.02,73160.914,82917.75,83973.69,77030.96,83783.45,76581.07,83624.45,75455.87,82354.35,76181.234,74932.734,75384.875,75571.164,76357.41,83234.74,83451.41,72787.62,82050.805,83419.58,82768.516,66871.75,83668.0,76414.66,76410.8,83134.94,76277.27,83580.914
2044-10-01,83315.74,75030.42,82786.27,83112.984,78933.68,75731.48,83840.21,82482.87,83640.71,82619.15,68541.64,82726.92,83688.195,75987.57,72834.836,83105.45,76121.61,82316.27,83133.59,81750.266,82948.04,83283.57,82863.29,75829.04,83755.336,73498.055,82874.195,67286.28,74676.84,83641.83,83696.81,75761.664,87644.86,75868.45,67472.75,72498.445,75626.97,68278.07,75791.586,82051.28,73044.42,66763.48,76141.8,83377.91,82151.58,83112.11,67693.63,73714.89,75790.0,73539.836,83006.29,74248.7,82447.17,83257.125,75331.984,83002.41,76158.8,82995.68,83580.914,83049.05,83080.97,83775.555,76288.625,76171.5,83068.766,82741.76,82450.54,84131.28,73444.875,83344.35,83187.13,83720.76,77405.2,83035.58,76029.836,76368.41,74406.28,75334.71,83624.93,84288.195,82788.72,65733.86,76205.65,83369.48,84186.65,84561.7,83535.26,82924.39,73229.04,76274.945,77046.016,76049.195,68503.414,73531.15,83669.75,83590.72,67003.95,83688.75,83721.16,83042.86
2044-11-01,83062.02,75718.41,66632.06,84550.336,75298.36,82973.914,76418.38,83380.77,82030.945,82810.27,83607.06,82336.92,73192.875,74440.28,82945.83,82676.05,75659.86,75931.945,73659.305,75669.31,83686.836,73082.33,87801.555,81540.18,76820.7,83349.04,83756.14,73530.31,83234.82,91075.49,75989.17,75562.664,82263.62,83663.61,83627.875,82933.96,82829.23,83273.164,83388.555,82689.13,83398.03,83293.74,82937.914,75480.555,83037.32,75406.445,82571.18,82359.62,73076.33,84298.17,87444.734,83048.09,73183.8,75794.914,73681.65,82830.97,75054.9,76229.06,75707.86,75917.24,76800.195,82160.516,83071.06,79604.38,73147.516,83356.67,76209.65,83577.73,82763.45,75100.36,73895.72,67090.78,82697.18,84741.0,75588.53,82867.32,75629.42,83019.34,73270.33,90212.44,83056.56,76508.43,82927.945,67823.65,76963.4,76147.89,73307.79,75523.75,73523.23,74992.93,82924.234,82174.06,75668.59,74159.97,82797.64,82492.38,83416.555,67058.03,76216.484,76216.625
2044-12-01,75822.1,83781.945,76349.02,74487.29,76445.64,82779.086,82970.51,72917.95,82983.17,82894.03,82533.86,74911.016,76152.62,82857.125,75634.61,83331.24,83506.664,75667.44,67750.21,75496.54,74686.25,83395.56,75181.266,83515.18,83117.66,91277.4,66055.49,82977.555,83036.84,75750.55,73161.75,73940.055,82845.58,72968.04,74797.3,74885.305,73839.92,75530.88,83594.54,83264.59,66650.88,74894.73,83516.375,73123.734,83927.086,82742.625,82929.22,83485.8,82587.24,81837.16,75761.81,82767.4,82854.984,83549.836,82962.04,66746.414,83177.28,83030.586,83332.914,76298.805,87618.445,75728.8,84374.5,75997.0,83414.57,82105.445,82676.05,75859.85,83448.06,83457.305,83822.38,67934.734,82681.17,74974.484,83407.65,82820.38,75804.234,74405.78,82883.914,82740.66,82111.32,75701.29,82778.14,83099.67,75205.79,82949.31,73104.07,83225.45,82804.91,82068.03,75757.84,83557.8,84741.41,72806.914,74585.39,83572.79,83605.79,76602.4,75824.984,66487.41
2045-01-01,83108.06,83579.16,76409.78,66545.13,65771.555,82261.26,73545.1,66754.945,76497.71,83696.26,82869.3,72250.66,82799.14,91726.55,83468.836,76549.97,82786.9,76326.31,75567.13,83583.15,83335.45,83063.305,83696.33,83153.66,76022.37,83233.31,83020.77,83030.04,83465.336,83751.91,72885.625,75650.12,75821.59,75915.36,83577.016,82056.445,76420.125,83200.22,91273.31,74688.31,76060.945,75057.62,83848.766,84186.5,83660.664,83212.914,73231.695,82147.586,67084.13,73110.0,73727.83,74510.88,88028.85,75767.52,75368.77,75162.336,84497.86,82702.08,75873.38,72257.83,83764.68,82286.84,75153.664,66233.43,82061.85,76200.055,76027.875,82084.08,75604.03,83315.266,75616.36,67087.91,66988.68,82206.99,82834.13,73222.82,83733.94,83391.586,76279.234,75068.21,82937.445,82831.84,75089.18,81019.055,83135.02,74833.76,83463.11,76394.695,67414.68,72937.84,83099.27,73950.84,73591.55,83044.52,83492.4,76040.42,82911.89,83528.56,73783.19,83047.45
2045-02-01,75068.79,72812.61,75784.36,74423.31,76036.14,73703.086,82165.69,91101.3,66007.31,76104.484,83071.46,73526.94,82210.91,68461.68,82957.45,76472.33,83173.484,83737.93,83108.625,81810.31,75868.39,82585.11,82750.836,83032.89,74973.695,82252.48,68563.14,75640.46,82982.53,82993.45,91393.945,82841.8,83317.02,76451.26,73578.78,75830.695,83091.19,83585.3,83951.586,73706.17,90462.54,76080.02,83112.586,83575.65,66973.48,82825.516,84538.81,82933.336,72468.73,83823.266,83561.55,83715.17,75708.51,76421.44,76294.01,82790.06,67280.445,81634.336,83007.47,83038.35,72116.555,83941.336,72326.49,83175.945,76050.5,83566.17,82267.53,73321.01,82959.05,76235.46,76638.94,82929.85,76294.15,76287.74,76031.07,82125.81,75030.34,83696.58,72718.16,76697.72,67137.695,84095.18,75605.336,82306.38,82141.32,82985.78,82824.89,82803.72,73757.016,74113.8,76285.64,82947.57,76258.58,76359.586,82616.47,65761.64,82617.26,83151.195,82822.36,75900.38
2045-03-01,76107.75,82875.86,82208.086,66633.72,83143.586,74490.484,83020.94,83248.0,72677.26,82381.22,83457.85,75925.5,84386.484,83052.69,75712.914,82786.36,83427.62,91485.86,73689.02,82757.695,83048.41,83266.66,75144.71,66456.15,75785.734,76110.87,75636.2,83292.86,76486.11,82750.59,76335.625,83320.67,83045.4,67945.555,82876.25,66598.586,75911.445,74815.055,74044.914,76475.47,76421.44,82883.125,72775.05,83023.86,75772.36,75813.27,83657.625,83463.43,82806.96,66500.66,74310.336,75281.78,75349.945,75861.23,83789.13,82891.1,74664.664,74834.04,82569.99,82771.03,83466.69,67164.664,83034.08,81082.59,76503.26,75353.97,73505.27,83668.484,73210.68,82941.71,66835.66,75898.42,67276.66,75925.06,67619.305,83468.52,73420.79,75929.336,83449.016,83550.31,82422.555,84398.08,73531.0,88037.664,83052.21,82523.86,83813.35,82631.91,73104.98,83656.44,83642.95,67478.61,82746.18,66744.0,82832.16,83049.125,75607.35,83113.695,83396.43,82957.38
2045-04-01,83005.49,83287.305,82917.04,83039.54,82637.266,73107.766,75894.15,74475.0,83052.766,83045.31,82056.61,83403.83,83679.89,83475.37,72356.99,83644.07,82334.88,75334.43,90327.195,75950.77,83281.74,82325.3,73572.88,83320.2,82442.914,83324.64,76039.55,75857.69,75921.29,83423.875,75803.945,76193.445,67853.414,82481.22,82116.65,76635.28,76198.17,76284.76,83662.1,82809.336,83421.805,83492.96,75765.2,73715.53,82789.664,76167.51,76372.336,82294.29,82232.39,73306.74,76050.36,74644.875,82857.83,76357.19,83431.516,73834.36,82914.91,83577.086,68104.3,76848.984,75809.086,84121.24,83482.77,76043.54,82815.41,82126.52,91160.484,76722.08,75414.51,74726.22,72727.45,76189.88,82596.62,66857.14,82499.305,75649.48,83182.52,83505.47,81745.12,82950.414,75562.516,67857.68,83469.56,83273.484,76467.734,82997.336,73130.63,76042.016,74246.23,82083.84,82811.15,83309.48,84148.84,73709.414,74846.46,72526.94,66790.484,83350.08,75575.56,67368.47
2045-05-01,59958.31,75646.73,82763.14,83627.234,67009.26,75434.42,75858.11,82123.93,76251.016,74582.83,83356.44,73124.57,83338.875,83332.36,73937.09,75917.75,72419.26,75163.055,82786.27,88117.72,91373.12,83107.05,83647.42,67914.91,74376.56,75352.46,83184.75,83650.21,66663.21,75650.12,82740.1,75925.86,83805.914,83404.87,83586.98,83075.98,83035.82,82895.85,83152.23,75787.11,75294.77,74964.05,73870.49,91302.555,75850.81,75790.29,83075.49,82903.6,84252.516,83340.695,82505.445,83171.03,83316.695,82229.26,82763.45,82503.555,83183.71,83773.32,73234.91,83640.95,74521.82,76618.766,66736.875,83586.26,75851.17,76178.914,82164.43,83085.33,82009.74,83202.37,83340.86,73205.72,83258.79,75546.664,91856.71,74287.164,75704.83,82279.55,75613.914,82069.91,83230.86,83297.15,82765.664,84587.11,73371.23,82952.55,75684.11,83015.7,76284.04,75389.766,75259.305,75212.03,76055.8,76221.06,66605.51,83296.59,66860.016,76581.58,83045.56,75651.34
2045-06-01,76254.29,73749.28,82939.5,83190.54,76204.71,75600.8,76079.664,82801.04,68408.74,75538.59,75127.51,82135.76,83613.445,82769.375,92342.87,83330.68,76204.484,76450.234,83016.266,83268.73,75476.95,66619.555,74398.97,67088.67,82632.85,83638.484,82825.2,66046.48,76275.45,82947.336,83366.77,83272.22,83105.77,82798.51,67087.71,83339.91,84448.48,83686.44,82719.34,83013.65,66815.46,83640.875,82942.82,75894.3,66532.625,83758.3,83582.83,83463.984,82262.36,66098.53,67339.05,83314.0,75693.125,83892.92,67403.75,74822.336,83256.016,72878.74,83631.71,72316.016,76025.414,83159.29,83021.17,73072.77,83506.664,82777.51,83021.96,76402.78,84022.875,82211.85,83276.586,83071.695,67093.34,67380.6,83596.94,74800.65,83626.68,74741.19,82523.55,67185.35,83752.305,82945.91,83454.75,80563.24,66987.21,83103.39,75570.805,74349.96,67411.13,82937.914,73652.0,83920.766,67723.59,83194.9,75567.055,82970.76,82712.96,82975.02,82381.61,91405.54
2045-07-01,82864.0,82961.016,82270.75,84357.52,74952.47,61526.168,82989.51,83492.01,75455.07,82850.164,76154.87,76915.12,83834.13,75904.65,75069.21,75450.97,73239.375,83245.22,73830.695,73480.39,91321.37,82979.69,83743.04,75671.266,83152.78,66653.3,83594.31,75872.734,82833.34,76246.0,73338.484,75277.9,76054.78,75743.1,60426.957,82900.43,90281.81,76014.39,82850.65,83732.97,75855.44,75755.53,82657.13,75800.195,83006.76,82248.7,83707.914,83006.2,82753.35,73697.39,82935.55,83329.1,82507.65,83782.02,73125.96,67660.52,75972.94,83914.61,73097.73,74568.17,83935.89,76094.32,82710.12,82856.09,75669.96,76329.445,76824.66,76393.53,75758.56,83433.11,75548.25,82357.73,83743.914,83696.89,74994.87,83484.125,81833.414,72460.836,90935.69,75944.18,75916.01,76190.61,88205.15,82848.75,74902.875,75512.016,76119.15,73206.14,83053.95,76158.93,73827.74,82923.836,67651.04,82814.625,73114.32,83215.375,76300.55,75245.75,83315.266,76332.65
2045-08-01,83881.01,82926.69,84381.98,83612.24,76219.31,83362.0,72934.92,82915.77,73469.54,82921.47,82025.54,75804.88,83706.625,68788.445,76138.67,75721.805,75663.1,82877.67,82718.484,82117.35,83039.94,66091.85,82872.53,67242.98,73230.99,75803.586,73751.74,76083.945,82827.09,67030.47,82845.43,82916.96,75706.49,75920.72,82821.88,76130.33,74108.35,82856.336,73557.31,81819.21,66897.58,74982.06,83040.89,83412.9,75709.09,83343.484,74948.11,76118.13,75681.37,82106.16,82467.92,75155.53,82328.21,83469.8,73092.914,83176.26,68115.016,73515.445,75968.445,82807.51,76322.24,74820.99,81876.81,82964.34,73661.484,82988.87,73352.97,76015.695,82860.914,82870.24,68375.42,76534.49,75705.47,76545.875,83493.29,83685.24,82585.19,66597.5,84329.85,90372.86,83422.68,82333.94,81987.14,82209.66,83561.305,75716.09,75774.68,76147.97,83446.8,74822.055,82950.49,75495.664,76145.72,77226.984,75450.18,76098.83,83654.68,75729.164,73259.77,82324.2
2045-09-01,75560.49,68432.95,83572.55,82860.125,82369.28,91495.37,82946.3,75714.58,83034.87,73667.88,76811.47,82976.28,75496.1,74957.9,82397.73,76081.12,68009.805,75686.49,76256.91,83178.56,83404.625,82929.06,83204.42,75536.0,83144.85,83036.37,75735.59,72943.83,66353.43,75417.38,67899.695,75778.14,84277.59,82770.56,73112.72,82772.61,72403.51,83220.77,81104.09,83228.87,83287.305,82791.72,73669.984,75579.664,82168.266,82735.52,83667.05,82931.75,83389.36,83003.44,66630.414,75942.805,83363.12,66219.48,68414.68,67457.64,74694.58,75388.4,83633.055,76645.29,76495.96,83253.32,76211.03,67326.77,83117.66,83634.58,83270.79,66569.82,83613.125,88041.445,82669.9,82986.89,82814.07,66033.13,82970.195,82182.23,75914.27,82832.79,75779.08,82985.07,75908.336,83473.77,68256.26,83110.055,83419.74,82861.16,82491.125,75301.38,82300.016,74109.35,76582.61,75464.14,77428.76,72859.29,75755.68,83392.93,75930.63,82417.055,75853.336,83228.55
2045-10-01,75960.48,82483.42,82800.17,82722.664,83026.086,83680.37,75931.29,83329.1,75513.17,83092.14,67499.66,82692.6,82943.85,76523.62,66232.805,76222.945,83335.45,76097.81,83572.7,83398.74,74837.33,83604.76,76136.06,76157.484,75422.984,73534.516,83546.96,73685.516,76060.08,83189.27,74989.42,76274.73,76588.89,82922.02,73327.43,66251.31,84011.25,66885.77,83197.76,75638.22,73162.445,74177.93,83411.15,76028.75,83058.78,76228.11,73249.78,83548.32,83282.305,67912.77,83454.67,76397.32,82653.9,74518.766,75654.305,82915.46,74421.54,83072.09,82881.78,83530.555,82957.06,82751.77,76463.43,83335.37,82456.05,83490.734,74779.54,82811.78,73801.336,82450.15,83661.375,83370.11,83003.27,83085.72,83472.9,83044.13,68082.55,76882.99,75532.69,75791.445,83042.234,72378.38,75612.54,75660.01,76575.52,74612.99,83858.28,76216.914,67237.46,83744.63,83197.76,82490.58,73205.86,66888.65,82931.51,75095.27,73142.77,84022.06,83513.984,83264.44
2045-11-01,74369.46,82859.805,73095.63,76055.51,76301.35,75396.375,76700.35,75696.38,82980.805,76325.0,75652.36,84322.13,73117.04,74937.24,83610.98,82773.875,83576.85,82809.414,72861.09,83311.22,75746.28,73205.516,83078.51,83490.414,75908.77,83006.52,83422.84,73518.664,83485.48,88429.36,76199.91,83258.72,82865.414,82959.05,74368.266,83834.45,83279.99,83736.016,83005.89,82673.13,82992.35,74480.4,83562.586,83052.84,83289.375,76632.06,76552.445,83474.89,73791.555,83067.9,76798.43,83658.43,73388.86,76967.664,84113.7,83104.266,75394.51,82226.12,75901.68,83951.91,82631.28,75983.875,83129.234,68254.11,66652.79,75608.87,83385.22,75558.695,82468.164,83151.914,83483.33,66705.695,74795.516,75320.84,75891.04,83688.27,76533.18,76130.33,67538.35,81603.12,84408.625,75557.25,82963.39,73416.445,76341.9,76799.53,73215.08,83216.33,72867.766,81925.086,82419.73,83336.56,83270.79,83011.91,82935.15,82886.99,76122.12,66001.65,76294.516,75351.96
2045-12-01,83543.54,74905.305,83614.8,67788.8,83062.11,83216.484,83654.12,67631.88,83751.11,82982.14,75340.17,83710.79,82392.61,83414.484,82762.195,83556.85,75761.305,82323.805,73303.1,82922.65,82722.5,76009.46,84229.3,82834.21,76294.66,80596.28,72536.97,82694.74,75506.26,76512.305,66659.91,73857.59,83034.164,67054.836,83586.89,76096.72,82824.81,83480.78,76478.89,82946.46,73569.87,82860.36,75743.4,66796.086,75655.97,75921.8,75548.25,90516.39,91244.766,82982.62,76007.43,83020.22,83131.54,82856.09,74761.49,67281.08,82354.98,76377.8,82704.59,82325.45,76029.91,75722.23,83453.164,83832.61,82675.58,74706.19,81990.97,75896.91,83436.93,83242.68,82747.44,72973.4,83677.336,83056.414,75745.414,82760.77,82323.02,82882.57,82981.12,82892.53,82284.95,82878.14,76875.664,83119.4,75516.125,75018.69,72905.234,76086.99,82113.05,75702.586,83039.94,83016.81,82976.92,73509.2,75576.49,73906.08,76798.21,83448.54,75496.97,66829.92
2046-01-01,74273.35,83383.945,76098.24,67065.71,66749.16,83398.1,73950.63,73009.805,75377.26,82733.55,75415.94,67368.4,83032.336,87315.16,77351.41,83510.086,91101.47,76032.234,82820.7,82846.695,75616.29,75866.21,83293.1,77052.555,83558.445,83313.52,84222.72,76804.15,83593.67,76162.13,73832.03,82724.24,82705.07,83431.516,82557.71,83596.695,73928.21,83891.41,87349.97,83415.766,75078.375,76998.49,82595.19,76172.445,74325.65,76152.4,66444.49,75440.69,73151.35,73468.2,75661.45,84212.43,83750.46,82773.25,82157.77,74935.305,82488.29,76058.484,83339.74,73669.14,83004.23,83486.43,75551.71,66658.38,92246.31,82719.266,82648.305,83802.0,75427.375,83059.34,82869.766,66781.055,72947.65,82850.164,83530.63,67655.04,83648.13,82307.32,75526.85,75711.98,81892.05,75813.055,82953.98,75514.54,83525.54,83651.734,82824.414,82938.55,73576.26,73704.7,76092.51,83024.016,73121.016,75640.02,83062.19,83413.46,82410.69,83451.73,82900.984,83395.875
2046-02-01,76656.695,73050.76,82284.09,75017.11,83283.81,82997.98,83891.8,88217.516,67390.375,82865.414,83649.805,73916.37,76085.04,67188.68,74361.664,76833.74,76216.05,83636.01,83810.23,75030.56,83434.14,82786.82,76082.56,82972.73,75736.164,68136.0,72968.32,75549.4,83039.23,82865.18,88544.89,76807.3,76307.98,83450.445,73201.04,83620.87,83618.46,74766.484,83243.71,82851.586,79819.9,82928.42,75880.984,83443.375,72361.4,82073.664,83071.86,83460.164,72941.6,82761.96,75655.46,75125.51,76128.58,83225.22,83794.414,83380.69,67035.52,82099.97,83178.64,75688.01,73408.19,83008.03,73581.305,75843.07,76451.03,74569.59,82946.46,66465.22,83220.93,76253.414,83363.75,83831.016,74358.69,82075.625,83316.38,82997.66,75465.3,83613.445,67075.75,75773.88,74236.95,76174.336,82548.1,75409.9,75935.56,75698.47,83699.45,76218.95,82950.1,82146.33,82188.96,84505.44,82925.58,83189.195,83430.086,66166.766,76086.336,91176.57,75588.89,82636.32
2046-03-01,83219.42,76204.484,83398.9,66686.1,82909.05,82833.58,83271.34,75280.06,72586.234,75946.28,83397.31,83403.984,83513.67,75567.414,83186.414,82255.53,83314.71,87619.625,82744.99,75174.74,74999.516,83226.17,83600.53,73292.83,82797.56,82505.375,76097.734,83465.02,83770.195,82622.06,76200.63,82652.71,75795.49,66751.07,82880.44,74085.53,83518.445,75564.02,83378.7,76510.12,75943.6,75668.95,68060.54,75551.13,83787.62,83416.24,83485.95,83451.01,76343.5,66582.45,83670.4,76373.21,83044.445,76178.984,76042.234,83695.45,84293.02,76422.97,84363.16,82735.36,82914.195,73403.0,83162.86,75185.49,82851.83,83657.625,73221.43,83310.34,66743.62,82769.62,73203.91,83446.32,67116.58,82709.09,73082.805,75934.41,73112.78,83227.27,82890.31,75445.87,83206.65,74530.78,73208.234,83682.84,76290.73,75538.375,91171.695,83697.85,73391.03,76251.086,82723.914,73390.96,82553.93,72915.87,82891.42,82846.85,73587.055,76604.23,83706.31,74287.38
2046-04-01,83693.94,82716.91,76199.48,82715.64,83768.6,66064.375,84282.734,82825.28,74938.53,83603.72,82908.5,75888.07,82296.65,83252.44,73273.33,83436.76,82724.71,76665.33,86662.43,76222.88,76139.48,82842.27,73174.52,76404.24,83618.63,74331.95,83227.12,75479.4,83175.39,76708.25,75990.05,83619.02,66642.1,83568.4,83750.39,82825.2,82160.44,83537.89,75062.914,83074.31,68151.73,82621.98,83178.56,84532.44,76396.23,83421.49,83105.77,75799.69,91454.8,73119.336,83587.77,83202.516,76691.13,83631.55,83292.31,75755.31,83521.48,76364.1,73349.12,83499.016,83640.4,82838.08,74166.05,83253.164,74405.08,82385.94,87088.95,83023.7,83575.17,82648.53,73193.016,83468.12,83336.72,59650.383,83158.89,83493.2,75854.06,83103.234,76719.516,76188.28,76094.17,74307.29,76012.29,83260.14,82238.04,82186.13,73443.055,83787.14,82724.08,82080.71,75490.2,75843.21,91158.57,84370.38,83430.805,73209.84,72868.52,82853.72,83332.195,66948.445
2046-05-01,68576.68,76663.35,82891.74,82796.54,73144.445,83463.82,83712.695,83302.24,76677.02,82929.54,82421.305,66648.08,76486.47,82982.94,83479.83,83559.95,73777.91,82807.12,82805.62,82348.94,78821.16,67221.24,83109.805,66738.91,75687.29,76135.12,82749.17,83546.086,67467.61,83082.63,75433.195,83064.97,76299.31,82906.59,75531.54,82810.04,83713.82,83608.5,83388.41,82967.586,82546.45,75571.016,82872.61,88272.14,82759.516,83107.836,83116.31,82519.93,83030.83,83344.35,82954.055,83517.89,76301.86,83140.89,83201.73,82159.65,83557.65,75077.375,67115.23,82221.18,83364.39,75335.14,72728.29,82943.14,83535.49,76376.7,75767.375,75944.836,82705.305,83194.11,76519.45,66528.57,83043.18,82948.68,87645.02,82770.25,76471.305,82705.78,82810.35,83114.09,76006.7,75484.16,75622.13,76274.66,67024.53,76469.555,83515.664,83353.5,84259.19,76972.43,75516.766,82068.03,73586.78,83055.38,59710.543,82340.69,72523.07,83485.24,83279.52,83462.87
2046-06-01,75517.27,75744.33,75964.89,75802.0,73834.71,76157.484,83052.766,76003.95,66645.03,82819.83,83056.65,83194.664,82909.69,83463.34,87673.27,74536.18,82260.71,82000.75,76177.31,83074.48,83294.62,73625.1,91608.7,65366.91,83663.3,74534.26,75566.19,65804.74,82705.07,76003.734,83644.55,68055.73,74190.03,76208.336,67543.32,76092.65,82605.12,76301.86,83862.12,83602.125,65904.47,83501.0,83141.766,82266.445,72559.945,82259.22,82699.48,83560.12,82884.94,73340.445,73212.77,82032.664,82699.234,76199.62,73695.78,75259.734,83353.336,67273.51,76081.695,74114.29,83955.586,68075.14,83503.945,73403.35,82734.97,83179.914,83406.06,75756.32,83116.71,75835.836,83449.09,83319.164,73598.5,67317.28,68137.76,82862.81,82888.66,83067.11,76120.81,65975.59,83726.914,75561.51,82856.57,76115.66,60502.9,82948.52,83457.54,76642.586,73384.664,82613.0,66611.99,76086.195,73543.0,83453.72,83313.125,76329.23,83176.57,76074.37,82815.09,80123.2
2046-07-01,83714.46,83787.45,75707.21,82849.3,76326.76,62739.42,82767.4,82818.41,83337.52,82215.77,82758.25,83249.11,83249.35,82901.22,83205.94,83404.47,59802.637,76553.1,82886.37,73627.49,80687.04,74416.36,75669.68,76461.17,84549.45,73400.055,82784.62,91489.7,83483.17,84492.22,66837.19,82931.75,83604.76,83038.43,61974.793,67785.11,87506.13,76138.02,83293.34,82881.305,66849.49,82649.875,83559.4,76427.56,68523.47,83700.72,83600.2,83433.58,76382.82,75579.09,82599.766,76134.98,75730.75,83555.25,67395.13,66936.25,83049.68,81349.04,72358.37,83609.695,75428.02,82940.61,83557.41,83436.29,76043.32,75630.0,82838.48,83227.914,82906.125,75668.875,74790.38,75997.87,83000.195,76291.89,84308.78,75380.99,76291.38,73734.23,88232.414,76034.62,82750.516,82834.21,75754.875,76359.664,83770.36,76422.25,82158.945,73006.32,84148.29,75468.31,82763.22,83025.92,73628.336,82080.555,65720.76,74461.586,82735.05,83490.26,82771.35,75082.09
2046-08-01,74281.5,83315.19,83729.22,82841.32,76457.234,82164.195,73710.47,82744.836,67042.81,82222.2,75945.92,76548.51,83476.16,72222.97,83584.664,83282.94,82690.24,75718.33,83331.96,82852.85,83058.31,67223.36,83432.47,73475.766,73033.62,83504.586,75660.516,76001.93,67697.25,73021.57,75939.91,75784.8,83629.555,82879.09,82733.305,83245.86,84343.766,83465.42,73188.83,82885.49,73210.89,83488.664,75581.91,75348.65,82911.266,82147.98,75488.33,76156.25,82796.46,82832.39,75628.05,82962.914,83741.84,74464.42,73272.77,82751.625,72401.85,73040.03,76476.12,75870.484,82793.14,83403.34,91282.54,83285.24,72410.27,82979.055,73236.234,75774.82,82887.16,83516.22,73664.85,75655.82,82982.7,75822.82,83659.14,76552.95,83291.03,67284.42,84026.555,88295.375,75912.03,82754.06,76514.055,82843.375,83436.84,75588.89,83308.44,82239.14,83377.91,83499.97,76103.03,74517.555,75584.86,76029.62,68237.31,83280.24,83364.625,82900.91,67878.33,76260.11
2046-09-01,82331.9,66684.445,83482.77,82791.56,91192.92,87626.13,75494.516,82830.42,82984.99,83630.82,82247.29,83030.28,82201.98,84367.09,74154.586,75630.79,73536.62,75876.055,82382.01,82825.04,75503.734,82913.8,74396.42,81957.75,83222.36,82860.445,83314.31,73363.67,68002.336,83022.914,67441.43,67807.22,76571.43,75512.734,73590.57,74836.04,72961.78,75960.984,83366.13,83634.734,76406.28,76197.07,82845.58,74258.336,83052.84,83608.66,82980.56,83047.53,83038.586,82739.23,66721.02,82129.81,83338.625,67253.11,73563.125,73094.31,76502.46,83160.47,82799.77,83183.63,82722.98,76043.61,75061.766,66738.336,76896.42,76231.02,76768.484,67420.72,82770.8,83230.14,83303.35,75077.375,75495.305,73013.984,83226.01,82854.75,75568.28,82650.12,82999.0,83222.99,74964.766,83094.04,59849.25,74154.586,82647.2,82668.086,83204.26,83319.72,83035.18,83150.88,82948.83,74916.16,83287.945,66127.34,83086.516,76588.74,82484.445,83414.414,83226.96,75825.64
2046-10-01,83414.65,75442.05,76454.1,82951.2,83719.33,74685.6,82987.84,83424.586,75790.5,83429.125,73606.28,83342.13,75717.03,83107.05,67349.38,82965.445,82644.52,76396.375,76092.0,83248.87,83424.75,75944.4,82772.54,83156.51,75465.73,66914.04,76096.06,83244.1,75884.52,83199.664,75237.14,83854.05,76533.02,75778.72,67048.5,66550.78,83130.11,72899.18,82842.42,75358.35,73570.71,82748.14,82315.57,83410.11,83638.57,67889.14,73918.06,83521.234,84031.37,73096.82,74312.32,76047.82,83713.5,75574.76,82813.43,82895.22,82359.23,82801.51,83798.33,82623.08,75788.555,82074.445,76511.43,83061.164,81819.13,83112.75,91043.27,75482.2,83293.5,83704.555,83444.33,83695.54,67098.336,75873.164,76872.37,75587.38,73385.01,83614.96,68221.375,76301.28,83273.65,73079.19,83674.06,76133.805,75038.44,77043.16,83686.44,83394.92,67052.664,75496.24,75833.234,76219.54,67126.17,72726.83,83627.72,83059.82,67144.04,82988.16,75900.516,82539.52
2046-11-01,82944.72,82919.96,73357.03,83372.5,83462.95,75744.695,82524.414,83666.33,83181.57,83414.086,83366.46,82451.33,67527.54,84189.3,75758.85,75732.984,76062.55,75729.67,73664.72,75465.37,83042.39,67246.96,82108.66,82474.37,82950.414,75547.74,83997.63,73507.1,82604.96,82947.88,82431.99,82909.29,83506.414,83267.3,77178.76,84505.59,83159.445,83362.64,75190.664,83501.88,75741.805,82791.56,75791.375,83474.414,82902.336,82773.71,76205.65,76125.46,76269.484,75412.055,83405.02,75599.125,73068.1,76373.64,82677.7,82100.664,76425.16,75579.38,83803.99,82895.53,74959.32,75619.17,83120.12,66658.38,73486.35,82496.63,82763.93,82895.53,75497.69,75986.27,82712.484,66021.03,82876.01,83780.03,82947.414,84620.03,82887.63,83430.95,72322.91,82579.6,83110.37,82749.73,82263.07,72420.5,82010.914,75887.34,72963.305,83873.96,67216.18,84212.67,83191.88,83161.9,82716.91,75859.63,75502.87,83424.11,75401.055,72886.805,68019.59,83488.35
2046-12-01,75968.81,82781.14,83358.82,73101.484,82915.46,83355.96,75658.64,73726.14,74263.01,76197.07,74516.85,83199.34,83354.29,83067.5,75439.1,75946.72,75916.01,74841.11,73812.46,84535.34,68113.195,75668.375,83772.76,67898.85,83430.086,75759.86,73673.29,91424.89,83856.2,82833.266,67294.69,82233.5,81909.85,73061.97,75796.0,83685.56,75897.19,74378.54,76225.86,75999.6,73166.28,76477.8,75496.1,72860.26,83733.94,75760.01,74825.91,79025.2,86754.555,83157.06,83471.47,82825.68,76380.79,83281.51,83499.49,60007.105,83370.51,83367.33,83141.52,75552.28,75570.086,77013.18,83161.11,75625.664,83743.04,83044.29,75909.35,83051.19,83414.484,83410.04,75608.94,73639.08,83377.19,83662.18,83180.46,82895.61,75537.375,75888.22,83511.36,82861.945,90451.5,75514.83,83192.92,81888.914,82983.57,75090.984,66663.47,76316.195,82818.49,83271.02,83030.51,83082.71,82500.88,65280.316,83361.37,75867.88,76866.28,83857.164,75452.625,73888.95
2047-01-01,82592.05,76408.69,83031.94,66922.14,67547.12,75982.86,75814.58,72307.87,75812.766,83047.53,82638.53,73371.78,82919.73,84274.62,75311.37,82734.57,78649.58,82232.164,76535.586,82787.77,83211.17,76238.07,75499.63,82068.34,75388.11,75902.55,76062.836,74200.43,82732.516,76135.914,82890.79,82677.234,83107.516,82938.31,75503.45,76384.71,83794.805,75925.64,83407.17,83673.984,74880.016,82854.28,74811.35,83452.445,84469.336,83296.05,73509.48,83144.14,66805.01,73006.05,83599.66,76345.17,75034.72,75530.09,83164.12,82762.74,76575.96,83484.84,83354.45,83651.24,83157.86,82264.24,83024.97,67131.164,87840.83,83315.664,75807.85,83087.38,84320.766,83888.445,76081.55,73160.49,66671.55,82480.664,83002.64,66777.49,82812.72,76528.945,82699.08,83242.68,77086.22,82250.83,82929.45,83729.625,83433.9,68217.99,76252.04,76058.195,73364.93,75721.805,82188.96,82987.93,73141.1,82863.76,74896.875,82512.84,74257.27,75898.49,83222.99,76482.98
2047-02-01,83177.055,65000.395,82723.055,74781.25,82555.34,83280.79,83369.0,82961.89,73221.5,76463.73,83502.68,77096.37,76028.09,73180.87,83214.9,82956.984,83262.375,83318.13,82788.41,82126.59,82332.836,83643.11,83949.91,77082.84,83410.516,72469.13,67336.54,82861.234,83089.6,81892.05,83827.49,84201.75,83788.49,84293.82,67117.41,83304.06,75661.016,82537.24,82762.04,83239.1,75980.62,68274.414,76202.96,75990.33,73211.79,82847.64,82876.56,75550.266,73835.98,75133.74,82938.234,83700.41,91739.93,83722.75,75184.56,83027.82,73922.5,91006.64,82955.72,76406.65,73546.78,75977.65,66866.516,75669.82,83455.63,82935.07,82682.51,73289.195,84040.1,83341.016,75141.266,75972.94,68986.914,83935.33,83335.13,83786.336,82894.9,83232.68,67232.46,82865.664,83081.37,83099.12,82835.48,76664.664,82972.414,83612.49,91137.09,75636.7,83079.15,82526.54,83461.516,82541.49,82833.02,82800.56,83411.47,66558.77,76274.29,87274.195,76338.984,82787.15
2047-03-01,83540.75,76179.85,76093.6,73440.39,82709.95,76415.61,75639.734,75546.734,72526.25,82984.04,83177.28,82939.58,83577.73,82223.62,75380.63,75541.62,75295.13,83288.02,76795.28,82818.18,82808.15,76073.42,75932.95,73001.375,90334.08,75963.234,82962.37,82723.61,83410.35,75614.125,82754.06,75896.32,82695.92,73132.31,83275.08,75642.26,76115.88,83478.47,82938.08,75303.32,82885.414,76182.18,73217.66,83080.65,83945.1,76437.695,75792.89,74874.445,75767.52,73844.22,76390.98,83173.32,75302.97,83248.0,83459.29,83038.03,83421.33,84023.03,83198.08,82370.14,82530.79,66910.85,83004.06,83531.43,76394.19,83266.82,66850.51,83526.82,73050.484,82780.82,67697.836,82829.0,72693.97,68870.3,66846.12,76472.26,66639.82,83064.73,75865.2,83001.06,84494.4,83308.125,73512.15,82936.65,83383.16,83037.484,88495.92,83250.62,73038.56,76318.75,82279.305,73543.555,83131.69,73140.19,82721.086,83883.24,67173.76,83603.79,74728.63,76181.67
2047-04-01,83255.78,83140.17,76223.46,83023.305,75264.195,66711.55,83551.586,82680.16,83460.164,75339.89,76161.984,75909.27,90935.85,83407.97,73447.67,75523.11,76377.58,75795.2,83023.305,75299.086,83033.914,76256.91,72824.48,83076.29,83095.39,75407.88,82553.15,83022.2,82948.914,83063.54,75194.31,83595.91,65375.58,77200.33,83419.9,83514.47,91251.12,82786.195,76164.96,83255.22,73619.414,83082.63,75126.22,83048.09,83363.27,74995.29,83246.65,82872.14,80777.03,73166.36,75553.3,83512.63,83057.68,82991.484,75728.445,76345.17,76740.664,74354.43,73505.695,75764.055,83269.44,68286.86,82532.59,76499.69,75753.0,75975.55,83564.98,75944.11,76379.69,82140.62,66699.77,82927.16,76382.82,62509.188,76076.33,75777.57,83115.28,82929.375,75998.664,83727.47,75111.6,81879.47,83042.39,75639.95,83516.85,82558.18,74211.05,76323.18,82860.59,75966.85,83260.62,76609.93,80203.33,82948.99,75251.125,73610.43,73064.9,84117.32,83346.11,68112.09
2047-05-01,66504.97,84624.31,75454.35,75495.81,73045.81,75530.02,83431.67,83109.336,67842.08,83620.54,82913.72,67018.14,83407.805,75875.12,82789.74,83396.83,75847.99,84313.69,68294.086,82825.125,76418.82,72372.445,82862.81,72383.21,75615.21,83369.32,83224.42,82875.77,73752.87,73583.83,76234.95,75572.53,83580.27,75831.79,75700.86,68281.26,75335.35,82822.6,82577.55,82835.16,83382.68,76224.914,82810.83,83372.58,83110.37,84040.34,82945.51,83862.28,75178.4,82908.336,82995.28,75756.98,83354.37,74439.57,83234.9,82181.12,74722.65,76294.01,66952.98,83719.805,76547.85,76454.1,72893.76,82046.43,83375.195,83723.56,83403.67,83215.46,83454.28,76219.9,83252.836,66961.41,82819.68,82752.17,74968.12,82264.41,83407.73,83375.914,76188.94,83777.31,82795.664,76056.67,82370.93,82988.47,67497.21,84006.836,82096.69,82861.78,83003.27,75760.15,83724.28,68586.75,66726.945,82672.98,68160.12,82045.58,66732.414,82884.39,83200.69,75089.836
2047-06-01,82953.336,82942.5,68103.125,82819.914,83881.4,82459.98,76363.375,83691.38,67069.67,82818.1,76113.99,75329.61,91133.97,83691.23,81881.805,82156.125,83259.266,75600.29,82379.414,83241.086,82619.3,66600.69,79808.7,73739.01,83452.445,82890.48,83033.2,73700.27,75497.98,75967.58,75955.26,66991.04,76065.15,76307.83,66188.48,67805.8,76315.41,83115.04,83139.14,82830.89,66631.62,82260.086,83263.086,76134.83,73049.086,83106.17,83089.28,75738.914,83442.81,67316.51,67364.87,83607.06,83675.66,76056.81,83597.414,67782.39,75829.76,73377.32,82977.945,83048.25,75635.766,67162.29,82998.84,73145.91,75814.8,76490.42,82686.46,83634.81,75636.63,75871.49,83401.2,73806.48,67099.234,73226.38,66659.14,74442.125,83628.44,75949.18,75587.234,73158.26,75383.3,82965.92,76792.57,83615.914,68424.08,82143.83,83405.98,76503.836,73790.16,82607.64,73083.23,83511.914,73558.85,82698.13,75888.0,75969.97,82706.73,82266.445,75355.125,75078.875
2047-07-01,75999.24,75874.97,83337.27,76839.82,82855.695,68806.62,75564.83,83775.95,82842.5,83329.25,74973.84,75266.63,83529.28,83562.51,83197.125,83221.4,68121.58,76074.805,83586.336,73733.25,83027.19,75510.0,83101.17,83403.195,75131.805,72971.38,76247.16,71609.96,67870.37,83708.555,73031.18,75680.79,83039.375,82657.52,68189.625,73153.03,83485.8,82196.64,82735.52,83717.01,73227.86,83461.44,76017.58,90663.34,72536.836,82940.29,74823.766,84578.64,82837.766,82867.555,73786.63,82641.6,75217.98,83048.88,72364.02,73754.195,83775.234,75232.62,72665.4,82945.04,83629.71,82838.95,75618.38,82811.38,82385.234,82717.62,83313.44,90418.81,75878.08,76976.32,83693.625,83344.12,83702.32,83024.88,83105.3,76335.56,83146.52,82990.85,82768.516,82713.27,82864.55,83786.5,82816.59,76014.39,75896.61,68388.66,75639.52,67089.055,83582.67,82724.64,83296.44,75740.57,73082.88,76032.59,72260.72,82090.57,83943.9,82781.3,74442.41,82902.016
2047-08-01,76785.766,75591.63,83848.29,83155.01,75510.36,75948.016,74375.56,82942.664,73315.2,83212.2,82924.47,82724.4,83428.49,67464.01,76319.18,75961.49,76363.45,74821.055,82919.33,75554.16,67586.36,73910.09,76551.64,72301.664,66698.63,83182.92,83626.2,82968.14,72660.695,66702.58,83547.125,74056.78,75364.32,75300.52,83490.336,83574.055,82646.25,83563.7,67286.79,83240.695,66746.61,83049.76,83268.25,82787.61,83516.93,82648.14,83177.13,82021.086,83692.02,76444.11,76042.81,75066.2,83477.59,83484.92,66535.68,83228.87,67133.28,73275.914,75931.65,75494.734,82407.625,83087.07,80120.76,75606.34,66545.516,76155.45,72585.06,75898.27,83482.77,75301.234,67219.64,83632.58,74266.41,82742.16,83371.78,75579.95,75948.82,66190.5,75692.19,83722.125,69174.54,82253.89,75749.24,75841.98,76029.33,74931.31,75345.414,75866.87,83280.16,83038.195,83447.11,83960.95,75364.75,83333.625,73699.56,83502.6,82858.39,82125.26,73563.125,82963.55
2047-09-01,83016.336,72625.57,82565.9,75268.06,86828.55,75510.21,75146.07,83174.6,83237.914,83040.805,75589.98,83735.3,82294.06,82167.805,82976.68,76172.95,73043.09,76090.19,91190.305,75599.49,83479.02,82879.09,82762.99,83551.586,75967.5,82747.83,83142.39,67291.23,73071.1,83283.17,73236.1,66795.51,75733.28,83237.36,67234.51,82562.91,66746.805,82237.97,83397.15,83133.68,83454.59,83410.35,75789.13,75708.8,83006.2,83358.586,75146.43,82986.1,75521.59,75640.375,67589.91,84376.34,83642.16,73527.57,67585.78,72930.195,82435.61,75476.805,83574.86,83172.13,75252.92,83648.86,83166.18,73097.52,83147.79,75753.8,83946.305,66177.12,83077.555,76003.375,83501.484,82114.06,76008.164,73641.75,83996.27,82785.875,83549.03,83542.83,74346.77,84115.39,91323.46,82831.914,68272.336,75717.68,76362.57,82946.78,83506.5,76440.47,82375.56,76049.555,73894.445,82887.87,76175.28,66338.875,82984.75,83119.96,77140.94,83400.805,76140.56,82672.58
2047-10-01,83396.35,83194.984,83314.08,84201.67,83493.6,74287.664,83512.79,75695.16,76257.78,75737.69,66942.375,83079.23,82953.82,83454.36,60083.777,82770.01,74223.08,75660.37,82829.86,68188.0,82934.59,83230.695,74950.75,77069.32,83724.195,73024.22,76618.33,75666.94,75920.72,76140.63,75669.46,82178.85,83543.22,82802.06,66341.09,67088.29,83763.49,67161.07,83025.6,83094.195,66699.84,82660.914,83430.64,83348.41,82931.35,73303.31,76042.74,75735.16,75577.73,73356.67,76609.78,83392.22,82319.65,73546.58,83751.35,75689.59,75098.0,74468.32,82854.36,76396.516,83143.03,74973.695,83595.58,75981.78,75701.22,82700.66,87943.266,83640.086,74803.37,75008.95,83462.87,83298.11,73447.12,82351.69,83322.26,83156.43,67440.78,82831.05,67406.97,75608.29,82935.86,67769.46,76204.266,82892.69,91138.14,83188.4,83479.9,83490.18,59738.74,75670.19,82941.234,83175.23,73258.09,67383.95,76399.43,76018.445,59631.043,83424.67,83398.26,82662.49
2047-11-01,75539.6,75758.484,66762.97,75572.61,82907.39,83491.055,82802.62,82938.39,82163.1,75356.266,83230.14,75405.586,67252.02,82669.43,67570.83,82962.76,76539.45,83458.734,73401.19,82833.97,75530.6,73077.94,83554.3,73871.69,83273.484,82531.336,82834.05,67751.89,83284.29,76494.36,82178.06,83576.21,82862.81,83129.71,82480.12,83062.83,82756.195,82854.03,83000.664,76813.59,82575.03,83238.0,67833.81,82751.38,75438.09,83045.4,83166.11,83363.43,83337.52,76386.61,83823.91,82920.2,67456.93,76067.625,84504.7,83408.445,83456.75,83344.914,82780.35,74372.016,75332.84,82938.08,91052.31,73650.46,73635.21,83136.85,76105.36,76525.44,82149.54,83524.336,74877.45,73550.93,77009.36,76100.85,75737.91,76106.8,67384.72,82676.76,73579.55,82828.21,83320.03,75452.7,83538.2,73057.305,82521.9,76245.85,66025.07,82941.08,72646.555,75471.414,75959.46,83645.02,83386.336,82981.27,75899.43,83557.72,81906.02,72726.97,73598.07,75992.07
2047-12-01,83011.04,83638.164,76060.51,73044.27,82733.945,82980.41,82549.52,83450.85,83374.73,83412.58,83402.41,82914.51,77378.18,83388.555,74152.19,83252.836,75506.41,76200.63,83417.984,76134.53,73444.45,76185.805,81065.97,73544.12,76300.84,75532.4,76822.38,80508.41,75780.96,82549.21,73990.21,74745.59,82999.32,72869.23,74621.53,82810.125,83117.34,75629.56,83480.86,75740.28,66791.375,83232.04,83442.5,73019.27,75810.74,83537.89,84002.195,83168.73,92348.68,82883.52,82847.555,75801.34,83502.2,74756.3,75867.88,68127.555,84184.484,83360.57,75812.84,75517.484,82942.664,84307.66,82693.71,82283.55,82666.67,82969.01,82608.984,75096.42,76303.17,82322.48,74883.02,72276.02,83233.87,82791.875,83360.88,82868.34,76103.03,75472.99,91303.44,83189.984,80300.6,83088.66,82076.086,83581.555,75921.66,67834.77,67232.59,74552.81,83502.68,75712.984,82885.89,75609.516,83157.78,72959.68,76306.6,76516.83,82833.42,83088.88,68906.9,74149.85
2048-01-01,83782.336,82156.44,75728.51,67008.555,73496.445,83344.914,83034.47,73131.336,83616.48,75567.555,82590.87,72874.43,73835.484,82810.83,83610.65,83396.83,75524.12,82843.375,75885.9,83612.73,82811.78,75891.62,83530.39,83276.42,83169.99,83208.47,75623.8,82829.07,82644.2,75876.49,83262.69,84093.26,76941.086,83554.77,83065.05,82770.64,83551.99,75576.93,75512.664,82915.77,75806.05,82755.41,75612.62,82967.02,76182.04,75945.34,72905.3,67582.49,73169.7,72886.53,75684.26,83241.88,82792.59,75776.05,82537.4,84003.48,75991.125,76724.2,83770.36,75815.23,75578.805,83123.69,82766.62,67356.06,83186.336,83053.0,83114.016,83348.97,75603.09,82789.27,73879.79,74200.0,73440.39,75990.98,82831.52,73103.164,75741.445,83535.26,75359.86,76362.65,83017.37,83518.28,83613.2,82374.695,75054.82,67214.38,75975.25,76586.48,73615.414,75853.266,83211.01,76663.13,74249.414,76018.67,75743.46,73632.48,83182.92,76183.56,75830.12,83314.24
2048-02-01,83096.58,66676.375,82081.19,83349.76,82799.305,82846.53,75618.46,82582.12,73037.87,75747.8,75712.695,82995.05,75989.9,67382.6,83843.81,83203.945,75698.836,83014.195,67216.31,83676.695,75633.75,76706.64,73686.63,83399.53,75809.945,72929.15,73635.21,82865.18,82780.43,68127.75,75440.69,76101.87,75516.125,75559.266,72257.83,82791.8,76323.12,83341.81,83433.98,76173.39,75101.22,72312.22,82233.65,83241.88,66781.63,75248.836,83440.59,82240.4,75943.97,82986.02,75868.82,82902.96,88004.18,91196.22,83611.69,82903.28,83753.266,86897.555,75713.93,75561.22,67257.41,82232.234,66677.766,82696.16,75996.13,75872.44,76236.91,73337.79,83342.85,82926.055,76607.586,76410.21,71721.36,75464.0,75947.51,83339.91,74079.24,83356.76,67341.68,76483.05,82719.66,76351.35,83131.766,83597.9,82913.41,76082.85,89227.19,75797.37,82923.69,76477.65,76643.24,82879.09,76301.72,82766.06,83194.586,73227.79,83600.53,82134.43,75383.73,75912.97
2048-03-01,83491.29,82972.17,74688.6,66698.76,83433.5,75708.945,83263.0,83911.8,73634.09,67568.125,74566.96,83164.76,75781.18,75866.94,83096.26,82851.586,82848.03,68041.33,83409.4,74640.38,82416.34,82103.1,83552.7,72973.33,88106.11,74693.87,75990.62,75966.2,83443.69,74888.445,83803.516,83005.016,83642.39,73836.19,76589.33,82865.5,75507.484,75613.484,76430.26,82977.945,83529.28,83425.71,67590.94,83380.61,83037.875,83434.54,83052.53,83247.76,83269.68,83414.96,68307.51,83289.85,76000.62,75132.38,75496.54,82964.57,91892.12,84241.91,82660.125,75690.47,74960.47,67175.49,76491.29,82625.13,83005.49,74645.73,73249.85,76572.375,66934.73,83425.625,59930.47,75649.19,73500.79,73641.39,73009.945,83573.19,73383.4,83207.83,75943.89,83186.336,82391.91,75698.62,73412.24,83688.12,76432.375,82927.16,76519.6,83458.734,66628.32,81891.26,82957.06,73151.84,75957.15,73829.28,83311.53,75889.016,73801.336,75559.34,83349.92,76553.47
2048-04-01,76392.945,83493.914,74824.625,73875.0,75521.81,74187.695,83281.74,83127.73,83757.016,84348.03,82115.48,69085.34,88118.88,82809.73,72929.77,75502.87,76258.36,83515.336,76068.49,82775.3,74579.2,84291.58,67073.51,75956.71,73548.96,83362.72,82726.29,84118.76,82555.03,83546.33,75630.21,76170.34,73628.61,76442.07,82869.13,76049.27,78595.664,75748.95,82959.51,83617.59,73678.555,83574.53,91151.79,83304.94,82391.12,76403.664,82992.35,83671.12,83284.766,73755.19,83543.305,74775.19,83385.22,83453.24,83602.28,75295.21,76129.74,83547.2,67022.04,76248.61,75774.02,73129.664,75656.55,76409.93,83539.32,83761.88,83441.86,84112.336,75523.54,83228.71,73957.68,75110.31,83370.43,59326.332,76006.27,83293.19,75789.56,83242.836,83101.17,76528.21,82594.01,83014.99,76312.7,76042.164,74717.234,83220.13,82211.07,91241.11,82751.15,83042.86,75498.41,76616.06,75153.164,76120.74,76525.586,66654.31,73024.77,83452.914,75478.53,73599.055
2048-05-01,73702.45,75647.59,73867.95,82815.09,74062.01,83439.39,76311.766,83225.375,73599.83,82534.164,76096.72,73071.1,83694.9,82779.41,83088.66,76482.69,83702.73,75452.195,73939.42,76455.85,83426.266,73392.84,83098.64,73181.7,76081.266,83189.82,76305.94,83500.28,83707.59,67442.32,83577.73,82943.14,74381.445,91329.734,75767.305,67004.21,82797.25,83809.11,75466.305,83629.31,83600.68,82220.24,83534.695,76458.47,75771.27,83454.51,75734.58,82856.09,83382.12,83089.13,82848.67,75704.39,83347.77,83605.46,83287.78,68354.164,82049.95,74942.32,73255.234,83402.41,84390.266,75655.68,73155.89,75787.11,83711.9,83747.04,75879.6,82656.734,82079.92,82065.69,75633.39,73516.43,74585.17,76103.03,84242.8,83331.96,83091.664,83566.96,83757.984,83731.625,68747.72,75699.84,83120.2,83023.39,66858.164,91762.16,83228.08,83399.53,83397.7,83670.31,83768.12,74319.12,66503.58,82687.49,66035.4,82977.234,72730.16,83024.49,73659.02,82349.8
2048-06-01,75141.695,82687.24,73585.164,75148.28,82843.13,75879.67,74015.97,84167.15,73153.1,83715.58,83203.08,68269.21,80765.72,82798.12,83609.53,84174.62,83608.82,82980.48,83065.195,82946.94,75769.766,59490.293,91439.72,83028.45,82819.83,82902.336,83731.78,74427.5,82403.07,83075.81,76377.28,65927.164,83878.195,91630.55,66717.15,73080.93,75965.695,83307.086,84383.11,82972.25,73434.79,77054.91,82942.5,81991.2,66520.695,91465.016,75699.695,76220.84,82667.22,73544.9,73088.03,75463.64,82955.32,75857.09,83388.164,66596.99,82174.23,64851.6,84003.48,82741.59,76486.766,72836.77,82795.195,67201.5,76713.6,83472.03,83254.75,83064.49,82974.87,83410.75,82825.68,75968.305,67496.57,73109.09,73329.18,82414.15,75937.16,83747.19,74852.67,73636.34,83369.16,83671.516,82799.14,75062.555,73330.164,75181.695,68124.44,76103.17,82188.65,83043.66,73397.26,75367.484,73622.86,83322.9,83097.29,84382.7,83533.58,75146.92,75652.13,83629.39
2048-07-01,68005.72,74962.83,75748.74,82680.78,73920.945,73091.734,83755.66,82169.52,75247.04,75824.266,76149.49,75664.266,82089.47,76106.44,82876.4,74418.34,65753.234,82825.68,82667.695,83513.83,75002.086,82876.32,83142.08,82958.17,67522.39,67442.71,83207.76,67581.97,67160.56,82880.516,66032.43,82882.09,82821.26,74500.01,66665.18,73187.016,82917.75,83370.91,83793.13,75736.67,66688.516,82785.24,74875.59,88219.625,73713.836,83467.086,82719.51,82904.31,75652.64,75837.86,83182.28,84340.54,75813.64,83181.805,67224.26,83740.57,82859.65,76127.35,73474.305,76431.13,82924.16,82966.48,83483.09,84102.72,73535.07,76231.45,83222.914,80752.7,83262.84,76250.875,75529.66,76111.16,83446.32,83428.336,83718.52,75876.055,82925.9,74949.75,83445.12,83259.19,82865.34,83460.484,76249.99,74337.84,75863.17,73090.06,67957.68,67248.234,83840.85,75768.09,82944.24,75441.76,59919.957,83448.38,73201.39,82986.66,83095.86,83623.97,75599.125,82935.7
2048-08-01,82616.47,76554.78,76436.89,82888.26,84382.46,83026.63,83600.2,76167.36,67113.44,83091.35,82885.89,83194.586,83205.375,73592.81,82672.74,75709.734,82881.15,74800.86,76353.98,83064.41,73566.08,83400.89,83176.26,73769.67,67016.35,81991.055,82766.46,82782.95,66824.57,74153.1,82944.72,83538.125,81951.5,77255.49,75453.2,83077.72,91385.664,82816.99,73203.484,82753.04,67097.56,83343.8,75806.836,82164.98,74989.86,74987.78,83368.68,83303.984,83027.5,82836.58,82759.35,83137.24,75830.92,83081.76,72893.27,83315.516,73644.06,67102.49,91890.445,83137.16,83052.69,82730.945,75972.8,76109.27,74016.88,82931.59,73077.94,83374.09,91183.35,82632.22,73937.516,82754.14,82242.125,76222.66,82770.33,83459.21,84474.734,67047.55,82916.4,75559.7,73605.58,76262.945,82938.08,68379.72,82989.11,83103.39,82561.484,82801.36,83057.75,74931.734,82474.21,83030.12,83742.17,83412.42,83199.9,83313.69,82924.0,75443.49,73223.11,76012.36
2048-09-01,83085.25,72449.51,75712.05,75763.336,83189.35,83579.01,76673.44,75674.3,83607.23,83757.49,75997.43,82842.5,82887.39,83143.98,68085.92,83151.35,72353.26,67886.68,79862.0,83336.484,82725.74,91110.42,83571.51,74676.484,82914.82,83311.13,83047.78,74230.016,73801.484,83387.445,73540.62,73882.26,83159.29,90111.586,73217.38,67908.82,73384.6,83938.69,82910.56,82591.89,68506.22,75302.1,76193.81,83453.64,82948.68,76625.92,82796.62,82811.46,75126.58,82368.26,67151.79,83029.95,83704.555,73067.13,72537.18,72309.805,75197.76,82235.69,82911.5,82160.984,82973.04,83100.86,82726.84,59519.4,83540.27,83805.195,82511.91,73398.875,83651.41,68772.51,82774.35,76133.375,83271.82,73211.17,83533.19,76357.914,81958.22,76286.875,74961.41,82733.945,87831.87,75841.336,73219.55,75517.34,82773.25,83866.92,74810.64,83309.87,83216.73,76293.055,83257.445,82821.414,74857.74,72385.35,82809.96,83519.086,82637.03,82829.15,83292.38,82999.24
2048-10-01,74261.81,83590.72,83031.3,84332.18,83252.836,82780.82,82515.75,82951.2,75843.07,83456.664,66797.805,68317.92,82956.27,76079.95,67701.64,83612.805,83310.266,76371.1,83687.48,73347.016,68917.15,82736.625,82811.695,82292.73,75829.76,72779.836,84320.195,74651.14,82757.46,83456.11,82800.8,82660.05,82170.16,75840.61,72681.555,72882.42,82768.195,67129.055,83741.84,67452.75,67401.05,83626.836,76197.664,82394.5,75560.94,73446.06,83560.2,82999.08,83222.83,73583.41,82012.945,82852.54,82226.195,73622.086,83792.25,76325.734,74886.805,83507.93,83136.61,83589.6,75414.64,83251.01,77037.27,82962.76,83401.37,75982.44,75814.87,82143.83,83354.29,75027.414,75941.28,83025.76,72427.336,83101.49,74403.375,82120.484,66618.85,82608.03,73085.39,83476.41,82326.945,73662.88,76210.88,82065.055,88311.04,77096.734,82929.14,76252.76,62375.62,75353.82,74373.22,83882.195,73655.73,67107.164,67789.055,83140.336,68685.266,75398.61,91550.27,84036.164
2048-11-01,82980.805,82398.04,59794.023,75039.44,83525.62,82984.75,82866.6,82202.05,76383.914,83054.82,75555.31,76403.516,66710.15,75039.36,72977.086,75780.6,74356.055,82605.27,72939.65,82651.77,83964.4,67430.3,82805.695,76309.72,82433.33,82744.52,76341.09,67300.08,82930.56,83664.97,83914.92,81930.4,83372.734,83401.2,83746.4,75610.664,76372.84,84044.19,76363.59,76650.41,83539.32,83395.56,66188.09,83284.37,83385.94,82908.82,83358.5,83269.516,83264.75,83439.95,84119.89,75412.63,66748.07,82935.7,82540.234,75130.016,83613.6,83653.48,82348.23,91097.83,83796.01,75253.0,87777.695,66601.32,72234.125,82792.74,83515.74,75667.44,75816.46,75870.195,75645.22,67054.32,83298.11,82995.836,82934.445,76122.77,73137.96,83146.836,73808.17,82719.74,82647.51,83448.79,82800.41,73578.5,82810.27,75308.78,73186.31,83193.555,66925.52,82963.87,77003.92,82776.72,75578.37,82857.83,76286.15,77369.85,74828.336,66967.79,66736.68,83485.48
2048-12-01,82786.03,75826.58,75570.805,67277.1,83824.78,76478.305,83483.73,83534.375,83612.97,83053.95,83513.43,83393.57,83229.58,75997.36,83571.03,75590.914,74704.266,83179.04,76130.69,82122.28,73275.78,83005.18,76358.42,67174.78,83345.7,76505.15,91454.8,77110.92,76105.5,83754.14,82477.21,83052.53,75795.27,73052.22,82053.16,83668.086,82997.26,74812.28,77087.25,75114.97,67683.37,82942.19,83645.34,66680.31,76085.19,76256.62,82571.73,76357.04,81497.27,83594.95,83109.016,76248.69,82710.44,83551.34,83430.24,73188.195,74971.05,82698.836,83845.016,83381.484,83264.266,82852.46,74980.914,76244.18,76340.51,83073.914,75921.945,83855.805,82898.14,83728.67,83638.65,72485.93,82011.16,82700.336,76256.03,74914.586,76184.66,82720.92,71808.21,76277.78,83228.55,82410.45,84015.82,91139.625,74457.6,72994.07,66698.95,75479.19,82919.49,82159.02,82108.734,82902.88,82962.914,67097.625,75932.52,82888.5,83189.82,76212.27,66049.88,82485.15
2049-01-01,82750.36,76230.586,75776.84,66308.97,73170.266,82219.93,83430.32,73550.57,82945.984,75623.57,74632.27,72394.734,82129.73,76158.5,83151.27,75707.06,75033.57,83876.2,82609.055,76311.62,84291.25,76387.92,81904.94,75806.05,74101.43,82685.04,83363.914,83128.59,76233.64,83193.47,75849.29,68433.67,82091.82,75024.19,83244.19,82228.086,75126.51,83765.24,76023.38,82964.18,82988.234,83353.26,75564.53,82749.88,83012.46,82766.85,66921.83,66787.62,59804.406,72759.984,82934.04,75758.78,84420.46,83107.195,75428.53,83060.3,84186.17,76109.7,82775.766,83068.21,75959.76,83761.336,74858.74,73530.375,83451.086,76444.11,83186.414,76589.47,83453.48,81850.74,75773.445,77415.24,66617.96,83542.91,82664.695,73606.78,82453.53,82919.09,83092.3,76044.555,75745.99,74418.625,83222.36,83217.516,82950.734,65588.77,76064.07,83571.51,67137.76,75688.875,76008.88,83735.53,83451.41,83884.04,76757.72,72969.92,83257.29,82336.69,76473.57,83138.586
2049-02-01,82823.0,67512.4,83704.875,68373.46,75639.375,84609.945,76040.5,82746.65,67087.65,75187.72,74773.98,82840.055,82752.805,67302.77,82801.51,83437.25,75992.58,83391.1,73501.63,82882.41,75803.734,81881.49,83554.13,83020.46,83308.125,67014.44,65517.504,83468.28,84316.82,60674.57,83461.516,82690.4,83456.19,75806.555,73251.61,83722.52,82204.71,83298.664,82868.734,83257.92,82883.67,74125.59,74721.8,83682.52,73712.78,75300.375,83519.56,82807.984,84325.91,76501.875,83698.086,83034.39,80752.31,87893.45,74493.12,82777.43,75979.75,82779.72,82855.77,84532.36,72646.555,76159.23,73310.73,83133.59,82624.51,82958.484,83151.914,65959.36,83014.99,83026.31,82218.21,83115.6,73589.16,76282.22,83681.73,82952.71,82928.984,83725.31,73642.445,82849.695,82459.83,83257.61,75603.17,82848.91,83542.664,75805.61,80125.96,82657.76,82439.77,75706.125,76489.39,83095.94,75762.25,83744.4,82609.69,66784.17,83457.06,75051.45,76370.44,83127.49
2049-03-01,83447.91,82824.25,74481.18,73318.695,75575.266,91087.14,82700.89,83598.77,73828.086,67358.375,83427.62,84646.02,82961.73,83376.0,82922.9,75665.49,74244.53,66443.34,76397.39,82853.25,75955.26,76547.05,83043.18,60358.418,82777.9,82844.48,83485.4,75156.31,83479.984,75768.03,83183.4,68087.805,82729.37,83521.305,83666.88,76083.66,75773.23,76683.24,75840.61,75924.99,75578.01,76448.26,72804.2,82349.88,82208.72,83035.9,75402.7,83533.83,75822.82,82909.92,73219.61,82752.484,83515.81,83443.45,82106.07,82054.96,87617.52,75483.08,75846.25,76721.125,82921.38,73953.17,76047.17,81599.0,83572.07,83818.47,67162.61,82959.76,60107.227,76605.54,68073.914,83743.44,73610.71,65158.22,66678.27,76014.46,73666.62,74962.98,82016.625,82848.195,75798.67,83414.96,72835.94,75734.94,75307.266,76250.65,83380.77,84600.99,73059.74,82831.05,84991.17,73555.9,75190.58,75864.914,83034.39,76261.484,75656.69,82366.52,83657.234,82606.14
2049-04-01,82335.35,76293.28,76458.4,83555.33,76305.14,75759.94,77079.82,83110.13,83149.53,82838.79,68657.89,73594.92,82029.375,75706.34,73159.94,74232.99,76140.2,75714.58,75878.445,83709.42,74872.875,76404.97,73066.64,75789.27,65702.586,75766.8,76294.01,76201.73,82025.77,76679.875,83070.12,75406.016,66942.89,81984.95,82612.445,76206.74,82788.72,75155.38,82969.8,83643.91,83611.125,82871.5,87486.11,82798.51,74885.586,83302.48,83083.74,76425.59,82758.17,82658.63,82154.086,83952.87,82882.09,83617.195,75717.46,84158.72,83399.055,83195.77,67704.09,82754.06,83832.38,68075.21,82646.25,76091.78,82067.41,83082.0,76016.42,83315.91,76175.64,82900.91,82859.65,83557.72,75784.44,68773.164,74849.32,76410.51,74988.78,82955.32,83806.8,82720.61,74796.516,83166.26,83719.41,75745.484,81847.305,83097.45,75224.94,79914.945,75612.4,83440.59,82242.9,82688.516,83139.14,82644.2,82991.72,66735.28,73617.805,83427.85,74945.32,73582.29
2049-05-01,82860.36,75516.625,83410.586,76627.53,75838.23,76404.46,83687.555,83262.375,66651.58,74705.695,82792.43,72935.06,74739.97,75012.53,82809.56,76246.0,83113.94,83587.37,75440.69,81959.48,83390.15,66975.91,83433.9,72889.586,75745.2,75979.9,82967.586,75348.07,84080.91,73445.23,73604.19,83586.336,82968.93,87903.69,76032.234,66669.56,76033.97,82713.11,82750.195,83802.875,82731.734,83671.35,83122.49,83588.32,82729.37,82917.99,82651.69,83394.28,82814.46,83428.09,82875.93,82575.82,83471.39,75462.34,83027.9,65422.1,82052.305,82845.58,72678.64,75191.734,76207.69,82958.65,67887.58,73584.32,75989.31,83253.64,83444.24,82920.516,75524.766,75480.984,82949.08,73086.016,82809.414,74841.75,84355.83,82954.375,74112.31,76223.75,75895.016,83370.43,66666.33,76191.84,82669.43,83037.95,73666.62,88180.086,74999.16,83211.73,83108.78,74806.01,76238.07,74942.53,73426.95,83313.28,66799.086,75630.14,73049.64,75892.414,67049.336,82175.64
2049-06-01,74863.45,83723.95,66904.73,75239.29,83501.88,82571.09,82070.07,83221.4,73613.73,76056.45,83484.6,73039.4,82535.19,76667.516,84120.37,82861.234,82972.89,83417.836,84138.5,83418.07,76845.02,68283.93,87028.09,75604.39,74764.42,83347.3,83572.625,75927.16,82694.19,83108.46,74222.16,73082.25,76103.98,87346.8,65442.754,66862.05,83829.1,76398.99,82999.48,82943.766,73545.375,75914.92,74779.32,75500.71,73288.5,87483.27,82803.875,91175.18,75925.13,67175.68,73580.664,83524.266,76193.73,82916.805,83526.09,73862.95,83445.59,72666.445,76000.914,82674.945,82964.49,73492.8,75005.81,74321.68,82899.41,82052.07,82914.03,76140.2,82803.95,83284.6,82810.83,83124.48,72547.34,73585.94,66804.62,83282.695,83441.55,83079.86,75717.9,67186.51,76003.16,82835.79,67763.26,75288.81,66954.07,82764.41,60255.64,84035.05,83827.42,75816.31,73066.5,75439.4,73467.29,76932.28,82726.29,82906.99,83169.68,82073.51,68152.91,83270.305
2049-07-01,66962.11,83262.21,75573.04,76696.55,83616.555,66683.81,83552.06,68161.086,84220.46,75902.98,83820.46,75992.8,83126.23,76355.8,83470.664,83315.91,74150.625,75282.79,82750.36,82902.414,83042.55,83410.83,75141.12,75538.664,73558.99,73348.14,82820.62,66773.734,73639.71,82558.5,72829.414,75542.125,82776.25,83335.93,67218.42,73052.984,76182.48,75952.15,75633.82,83695.06,72513.445,82459.04,76147.53,75925.21,83456.98,83531.75,82573.93,83943.98,75417.734,75486.17,75656.98,83279.69,82800.09,82865.734,73573.586,76080.17,76413.06,83174.516,66643.06,83698.17,75745.2,76602.32,75971.99,74828.19,66093.67,75682.875,83829.1,83012.93,83334.98,83718.6,83073.99,82021.71,76379.03,76288.625,75669.6,83530.95,81811.25,83647.9,76351.22,74866.52,75910.94,74979.555,83269.914,83535.18,83107.67,73713.625,72405.09,66065.82,83790.17,75939.62,83724.516,82981.43,62196.94,74627.16,73178.7,82994.49,83538.6,74336.984,75792.74,83917.56
2049-08-01,83002.484,83115.12,74652.84,75818.48,83004.7,76622.49,75097.35,83989.87,73634.02,82124.72,74545.27,76298.664,75001.66,66801.56,91093.125,83388.164,83004.46,83511.59,75655.25,83410.67,66675.04,83302.56,76457.234,76322.67,73210.96,75263.12,82836.58,83337.05,66689.86,76488.664,82840.53,82709.95,83636.33,83084.21,75921.8,82723.375,88108.97,75432.266,67387.94,82914.984,65489.895,68554.45,84043.14,75634.9,84458.22,91155.445,84535.09,83665.21,76282.66,75995.12,82839.34,92129.555,83198.39,75950.695,67223.234,82814.07,73050.62,67024.15,80275.26,75234.695,83407.49,76324.64,83351.195,76324.57,76113.195,75032.34,67526.31,83220.055,80440.64,83460.01,82123.46,83460.484,76329.23,83932.29,84318.74,75900.95,75654.234,73029.23,82899.88,75884.45,73328.07,82774.83,83809.516,67204.58,82965.766,83558.05,76501.43,83339.43,82479.33,75471.99,82804.83,82425.07,83395.71,82973.99,76152.47,76290.95,82786.195,82903.83,73484.74,82702.08
2049-09-01,75980.19,73567.484,82679.99,82708.7,83039.77,83320.2,82799.93,83946.305,83066.16,75805.18,83424.19,83551.586,84272.125,82969.33,66289.99,76307.9,66676.945,66630.54,76023.96,82842.42,68261.914,87254.305,83482.53,83399.695,77092.91,83518.445,76164.45,83497.42,82673.055,82896.73,73749.555,82773.41,76908.96,79184.91,72805.04,72999.85,73697.25,82478.23,82962.836,82593.305,73258.375,83965.92,74816.34,83550.79,75520.44,75474.65,83111.08,83026.0,83492.96,82294.06,67323.58,83104.03,82968.84,66584.04,72656.88,73238.266,67659.875,82856.805,83318.766,83286.03,67867.39,82717.85,75719.7,62932.26,82795.83,83584.336,83400.65,66727.195,74849.89,72622.59,76504.86,82823.79,82341.8,67181.695,75917.17,76717.766,76381.95,83450.85,83092.23,83502.516,83334.66,83597.81,73412.45,82920.99,75914.85,92419.164,75255.94,76293.414,75619.32,74361.09,83186.18,75781.54,83077.484,73715.59,73557.73,75996.05,83361.84,83033.914,82834.836,83492.33
2049-10-01,75665.63,91913.24,82712.17,83042.86,82712.484,83226.65,76175.35,76441.93,82911.89,82835.234,65918.68,73268.58,75839.59,83613.76,73626.94,68640.805,76045.79,83301.37,76078.72,73172.64,73095.49,83206.33,75659.13,75914.78,75240.23,71740.52,82860.2,91492.484,76369.49,75836.195,76386.32,76452.195,82884.46,83614.875,66730.25,73107.34,82860.125,73421.76,82777.51,65583.016,73606.37,82722.11,82971.78,82938.08,82808.15,72327.945,83607.305,83086.27,82869.21,67879.1,76303.24,83023.7,68238.03,73780.016,75731.984,82679.836,82405.42,76103.32,83516.14,75647.74,83515.1,82886.68,75628.914,83403.51,76219.68,82443.945,83758.06,74041.664,83169.83,75232.33,75739.414,82809.56,73956.84,75685.914,83289.85,76139.336,73575.125,82801.51,67385.88,83161.11,75594.086,73683.62,82700.1,75842.92,83478.71,75607.86,83328.62,83191.58,68229.18,76045.57,75449.75,76243.234,60596.332,73206.14,65573.39,75509.5,65314.996,82559.445,78847.164,83504.12
2049-11-01,76194.68,83403.27,55762.336,82842.586,83510.8,83235.3,75910.65,75780.02,82702.39,82177.125,75622.78,82508.28,72496.02,83115.04,73691.06,83736.65,83188.16,82907.55,66293.85,76620.95,82644.28,73218.77,76288.91,76337.234,83374.09,75295.79,84402.74,66866.39,75146.86,83685.4,75683.89,73491.54,76215.1,83557.16,82742.234,83204.19,76743.16,83542.83,82957.38,83030.99,75598.27,75651.56,73547.49,67374.38,84345.77,76049.05,83754.14,81998.8,75079.805,74801.44,75480.84,76044.05,73725.94,76542.586,83600.92,75809.086,83430.24,82919.57,82857.67,88437.2,74921.086,83506.734,82091.36,72873.734,66712.44,82969.164,76155.375,75798.67,75580.83,82139.125,82073.03,72663.95,83133.91,75940.63,75979.75,74898.16,66737.25,76552.516,83746.07,75743.31,83012.53,83482.77,82126.44,66401.164,83710.15,76037.234,72948.27,83160.64,66534.73,76160.83,83856.52,82435.13,83010.56,82820.305,76535.0,84334.35,82938.08,66761.82,72435.766,75559.49
2049-12-01,76065.95,75682.38,83802.64,67067.055,82165.375,82474.3,82815.56,83019.43,75813.49,74498.66,82967.43,83807.04,76117.41,82332.914,83610.89,75019.9,82830.81,75626.54,76183.92,82278.984,67609.76,82815.25,82769.62,73145.84,74910.586,76036.07,80292.26,75625.375,74849.46,68188.984,83222.516,76439.586,75166.71,66057.31,83045.875,76395.055,90545.57,84029.766,76208.63,83004.55,66793.34,76458.03,74958.11,73230.016,83245.06,82666.51,74683.89,74373.58,82953.26,82801.83,82190.92,75752.42,75631.586,76204.63,83430.64,67131.3,82758.33,75722.164,83274.125,74956.18,83073.914,83123.69,83571.984,82913.41,76023.234,75873.016,83297.945,76273.13,75006.945,83352.7,83590.875,67321.516,83923.086,83780.67,74731.06,75935.99,75967.5,76516.61,73668.016,82928.35,68214.93,83037.95,83436.29,80130.086,76177.24,74145.12,66302.64,83006.2,83618.86,91628.27,74365.56,82842.586,76634.48,73566.35,83574.14,76255.89,83440.91,82778.92,67264.016,83511.36
2050-01-01,83362.4,82790.62,75310.86,73456.08,59732.7,82880.984,83060.3,67131.75,76290.875,83158.414,82075.78,73240.77,83796.805,83093.484,82914.91,82966.56,76143.68,82838.71,83625.8,76253.99,76442.94,83044.77,83330.055,76016.86,83706.4,74830.48,82863.52,83889.16,82248.87,91401.19,82835.48,72872.08,76205.8,83877.72,83762.52,84126.87,83635.13,82050.89,82604.96,75729.234,83184.914,83453.164,83199.03,76510.84,83307.65,83528.01,66980.44,73396.28,62876.41,73213.68,76599.84,75998.164,77138.21,83944.54,82778.14,82914.195,74269.53,83632.42,83033.914,83519.086,83230.3,82749.49,83248.555,73241.12,83363.27,83047.94,84038.81,82908.02,83196.49,75845.81,83100.86,74885.664,73551.7,75681.37,83748.555,66891.9,76306.23,83480.7,82699.55,83385.06,82875.77,76203.4,82522.21,76197.516,75557.25,65569.63,83266.82,83782.02,67330.5,82683.15,82554.01,82343.99,74917.016,82445.12,82667.3,66984.66,74874.445,83155.8,75523.83,76663.2
2050-02-01,83264.12,73218.22,76798.51,73345.48,83924.37,82497.89,83591.44,82838.63,73002.64,75082.52,83345.47,82204.33,75465.73,66251.88,83107.516,83531.03,83496.945,84280.64,72325.52,82970.83,68212.33,75939.98,75615.42,75804.016,83860.52,73441.375,73811.55,82186.695,75914.2,62031.316,76254.36,83757.42,75773.516,83686.27,74644.234,68307.12,76369.93,82867.39,82797.33,76532.44,83682.29,75732.92,74883.945,74917.52,82645.15,82870.0,74346.984,83855.875,83525.06,82921.38,82768.83,76147.46,82734.1,75776.484,83076.055,76288.76,82965.37,76305.06,75800.695,76318.164,73420.43,83499.97,59895.617,76131.195,75816.52,83675.51,76474.805,73016.0,67888.1,83353.58,83150.56,83506.5,66577.82,82763.85,75330.12,83481.016,75724.11,67663.1,73012.59,82787.15,83332.586,76040.14,75635.05,83486.76,77031.62,76109.78,83557.16,76145.21,76413.13,83955.42,83178.086,83495.195,82879.95,76005.555,76812.64,67528.31,83341.57,83478.55,82415.56,83824.695
2050-03-01,82793.53,76211.54,74792.09,73507.94,74763.42,87528.414,76050.87,76538.36,76068.64,67053.75,77208.945,83513.03,83551.83,83668.16,75290.83,76498.15,75613.766,73050.055,82891.266,83632.19,83537.41,76309.57,83502.2,68811.27,76331.7,75487.32,75937.445,83380.69,84217.66,84039.85,83420.375,65527.062,75684.32,76712.57,83029.41,82484.445,83531.51,74127.58,83673.42,75752.13,76283.375,76318.67,73602.84,82764.09,83981.21,82292.336,84058.62,75821.516,75690.17,75566.84,73691.2,82008.88,75825.78,83001.93,83182.055,83726.195,75776.99,75754.805,83158.58,75590.914,82699.79,74796.73,76246.36,82576.92,75929.336,91209.27,73324.43,82887.55,62614.85,83116.47,66461.73,82955.48,66654.43,73179.195,73141.1,84158.24,73650.805,83438.04,75731.12,76180.945,83304.39,82085.875,73077.86,83587.13,82940.445,83379.81,75960.91,81829.51,73423.66,76228.41,82326.09,66003.16,82817.86,82788.875,84482.47,73428.2,82303.32,82986.1,84372.32,83640.0
