,iter_0,iter_1,iter_2,iter_3,iter_4,iter_5,iter_6,iter_7,iter_8,iter_9,iter_10,iter_11,iter_12,iter_13,iter_14,iter_15,iter_16,iter_17,iter_18,iter_19
2025-04-01,1123305.18192873,1113159.5512065636,1110728.6120773412,1105394.4362714002,1108720.7688235978,1095614.7266458783,1108271.4117977514,1109196.2095875663,1103787.8919938165,1118130.3528176376,1106819.3589959978,1101949.1387567574,1113277.7295911259,1106574.0722197087,1109532.1354705587,1113980.2080202322,1108762.6656187878,1114401.4475123954,1099488.2829670627,1093842.1244995943
2025-05-01,1116852.0040098063,1106757.56190647,1101032.1346555245,1103489.3683326233,1096425.501899091,1078710.6212839405,1095209.3977986642,1104249.429425622,1083410.4769858562,1114485.5871025953,1097653.5663469082,1105313.829038215,1120357.153672921,1098300.392689706,1105481.4090468679,1111974.7508262114,1106305.1682906663,1098727.7795832374,1082494.92152957,1089522.703736833
2025-06-01,1111981.7874327195,1116150.695462438,1095324.7517594716,1107233.1054477624,1096106.69427191,1074434.2323668248,1106963.2001016915,1100965.0600147857,1053414.8780360909,1104839.6242505373,1089613.6374226343,1105326.3634798937,1124843.9060241291,1106738.3791713095,1096080.8044864363,1109355.0911986018,1113230.1649630333,1094946.683647679,1089473.2319891646,1085292.8130620385
2025-07-01,1096598.0024137937,1110574.7910709055,1105891.4926989852,1112786.8055718231,1092266.2647393541,1057662.6818465684,1114675.742445832,1100249.4891900378,1028593.1604643269,1108703.3080026547,1072340.218374486,1109877.054084607,1118332.620864391,1097754.803123525,1100230.2336602474,1106735.5804189744,1130603.7925927609,1078745.3100015086,1087833.0029450355,1083549.5792122816
2025-08-01,1096938.7152494483,1090552.7715881495,1114417.9769397534,1131222.2021247041,1082273.7068951912,1063200.1753083584,1123861.4929841359,1107366.8939856766,1010270.4583324927,1102073.1846168272,1053827.2899805927,1110073.6061009993,1119123.306554765,1097196.357283578,1110856.3531065374,1103201.335680978,1139591.651079524,1067089.702861567,1083840.768842266,1095313.7759383062
2025-09-01,1095770.94439845,1087625.2945164123,1121409.0177401395,1141567.9418921503,1090670.17226691,1075142.4922796695,1133066.4198077428,1115187.8945646111,1000975.6767385375,1102470.4602779092,1049529.5100989698,1103717.1467467295,1133482.3416662724,1103595.2953555926,1124101.4421443308,1098868.3019252832,1161064.628095934,1070564.2651050985,1083556.9071515298,1111131.2132831053
2025-10-01,1087818.9616330394,1082526.4679699666,1134916.4294766542,1139781.31377803,1079629.2075317444,1083980.6590702364,1136317.8208953876,1115091.8739805992,987919.795876064,1109617.515479882,1032733.1117158673,1094715.1101517193,1138519.9065432283,1121083.077283085,1130535.0727286448,1088672.377654605,1162369.6132355533,1070503.6469309556,1074584.2763179205,1122447.2202732651
2025-11-01,1077895.8746269655,1084317.701548882,1136855.366744699,1131957.2016139869,1068715.9582616952,1083705.846955275,1135200.7082085307,1103687.2138484379,983405.6488581825,1120620.411032014,1010568.1852790767,1090217.6032697153,1124880.1885207698,1136508.5989844622,1126837.8681910424,1093539.1930897417,1162224.9075262514,1073222.3506877436,1058494.1111525039,1104501.3419219952
2025-12-01,1067687.2144842334,1086325.7078932817,1127111.4511506872,1117106.2466949704,1056331.9429333166,1073312.9108916894,1137238.2798215165,1110769.8403951258,982281.6902985799,1119505.4948707698,995460.9356473489,1091857.1341349173,1120909.268035583,1148213.4415328747,1127494.97673156,1097406.7742987776,1152676.6456646868,1068946.1788251684,1065832.98366359,1095367.2794710384
2026-01-01,1083024.165573507,1080782.6065812393,1140097.696766667,1114617.424748155,1047982.6093812526,1070489.8522634462,1154068.891539508,1122626.9366278218,988241.1196548303,1127826.4219193966,985688.3292342654,1093550.2942970071,1121157.3857524663,1166727.4612419412,1129271.979541392,1099105.6676257406,1158092.558320023,1058577.797498807,1077601.9849496027,1098829.8750318068
2026-02-01,1089459.7739270718,1081813.816226925,1149845.6270724293,1128423.2811490789,1057706.8502579315,1063116.867552404,1166018.766498888,1138220.91637419,988761.5737613989,1126105.4123121465,983993.530765697,1110034.9903414682,1144476.5516187616,1193243.1749668536,1141601.504514696,1105405.6823585266,1175369.9826365877,1056667.7879653603,1083971.2442705487,1105168.1715227375
2026-03-01,1086143.0897278376,1075399.686416513,1161194.5424192776,1146790.1024222786,1064249.76810316,1069369.3883362194,1173865.681201432,1131504.9535513974,999922.1402969172,1127268.067584639,974760.739772552,1098306.6727205017,1141066.030365862,1215141.2108296386,1156039.2767504307,1105021.59297881,1178651.5834328334,1053023.292565202,1080188.6333011438,1097498.5899824041
2026-04-01,1096062.5645592953,1082305.383816756,1183009.6507936255,1175430.6701620028,1073857.3218131748,1092157.228536419,1189333.386158927,1138283.5318641532,991479.5400538138,1134823.8525384201,969558.867808997,1093207.2254183942,1146601.67330904,1237929.7877285045,1181425.9771783443,1106479.5992529958,1174126.139656325,1072745.0104923644,1086546.3585742489,1106858.3045096248
2026-05-01,1104590.1276863248,1075916.2335636348,1205614.9060565657,1192844.200660452,1090873.0059370035,1115142.1295736798,1185519.8798421859,1138350.1443736812,997763.5296146984,1138249.2252058897,973367.5431129073,1099380.1611469386,1158731.52243699,1246842.633300169,1207737.0306084447,1119927.4819684906,1174751.7627563977,1076121.399840666,1095547.1946315328,1101234.486030057
2026-06-01,1124517.7712806554,1052627.6444975534,1205303.6376903462,1203773.7110345317,1094078.157551058,1123638.791470299,1166740.0927008365,1146798.2823871558,1006326.5273154557,1137932.5616096642,977786.9427667125,1103436.252974755,1159059.2525414182,1241969.5586668162,1209263.9863326717,1131912.9457200791,1170613.4878495745,1076388.9722259215,1112840.167586055,1084471.4485201132
2026-07-01,1141493.7198363135,1027237.5323140422,1199399.463606887,1188261.2322243652,1096861.8258873846,1125094.9940783426,1146590.1037665457,1145097.6394992967,999601.0883310288,1130728.2566957425,985541.433309425,1094350.000792321,1149381.0951665961,1224664.6574781118,1201584.7139440523,1134687.189251535,1171235.5401732621,1073664.8142292746,1121128.32426075,1067830.1394757368
2026-08-01,1153709.8037051535,1013732.1055259673,1197028.074972381,1181957.2018178296,1091953.1869217812,1127066.6351904513,1127928.9214437082,1151122.8269872295,991174.7930733437,1131903.3439887268,981698.3337123428,1075944.1389316944,1147276.8556433974,1222256.9866512616,1200464.0549429108,1118745.4097247121,1163486.9983104188,1072737.0215154085,1123348.7659801275,1063122.9176973351
2026-09-01,1160221.0654008754,1022986.1155557047,1185579.2772519481,1195724.84648339,1092972.0794959087,1130095.5433763769,1134014.7289631828,1160070.406871326,997956.9289845404,1129687.9371669074,984693.3170884378,1061383.4797026373,1159597.0878948686,1243063.3833627042,1203566.4222518194,1122007.318186895,1162486.5200230333,1068044.2432375462,1127990.8478141404,1061917.9633410731
2026-10-01,1168125.5051398617,1029023.584152326,1186064.0355798944,1201423.4004791095,1104653.4195178617,1143712.2183416747,1148591.299022675,1165577.086167171,998371.2622202474,1112354.3310185347,977184.4753876679,1060150.2454273205,1166151.9817614919,1276945.348912556,1198926.0999413617,1126553.3207124106,1154563.0547472013,1050510.420407589,1132228.0745811227,1058675.0860035697
2026-11-01,1166850.994458654,1032183.9142479971,1187102.973611891,1196139.6449622163,1103080.1524353756,1144200.6806290976,1159439.517907938,1161729.0232822155,1004695.6428807642,1084225.0828860076,970944.202442557,1055674.4429356758,1165350.7026372717,1301727.270354419,1181346.7128743613,1136984.0338015151,1162315.3694359665,1050403.5847861683,1126696.2869675606,1058821.1488821604
2026-12-01,1163851.4873736228,1025205.1347190602,1191472.8910049307,1200632.0125356182,1105494.3712055043,1156858.4211636097,1154681.1658089384,1165692.819006301,1001481.142827941,1072453.7292414198,966672.5877249142,1046948.6459209864,1166904.7873402897,1303594.682193678,1175749.2989176938,1138401.0729218908,1174241.3772828022,1052414.1064149386,1131147.6450600016,1069472.1988106596
2027-01-01,1186642.1148635368,1033086.5798613697,1191746.3455427662,1224072.6210655924,1118153.309095676,1174984.9795144063,1142795.2204941034,1181630.8831946487,1005745.0674719972,1061238.836269638,975692.7693987478,1038824.1040230221,1177683.314285012,1300382.9926378801,1169176.778098543,1140978.653680305,1197419.3195547771,1065990.9438448255,1128983.5059035707,1088749.3285957281
2027-02-01,1193581.2535792815,1032920.6618749755,1213075.1111277067,1254412.3284329071,1135495.9089246916,1191478.778225448,1134362.5926239847,1180199.8371847775,1013126.5388123485,1067766.9731718749,995160.124365793,1045445.3437813448,1186065.7116229045,1295406.8340721542,1179827.6938283204,1142343.694689823,1219598.4234264,1078779.5069961175,1146395.3409784168,1105792.6993776218
2027-03-01,1193908.7838703396,1025717.426787421,1223443.508701161,1251027.7664722083,1131645.5267611106,1208050.793700717,1127235.8948094572,1168440.1466103422,1022552.695370553,1079894.2570031693,990308.203587962,1039876.2443855718,1186402.5131084076,1288118.1114644543,1196868.9690487213,1134658.4498878906,1221132.0509437355,1076218.2070633513,1156393.0495726008,1132827.0289293595
2027-04-01,1182359.2020438141,1043410.369483208,1246114.8776771661,1252795.1943798752,1132172.068682758,1223102.0636227962,1132420.2236903505,1165325.6009102096,1031482.3345959993,1076470.5102363748,995812.2682900832,1046367.474972822,1188647.0291121209,1280339.287543421,1211072.357834421,1122657.9142864072,1222546.9494147776,1062123.2765878155,1189403.5711829101,1144745.4290396962
2027-05-01,1183503.9697520398,1057108.9369940686,1263729.972729391,1257003.1900340125,1137873.3545652183,1236731.9113364832,1139117.5536258873,1157090.6075932246,1031624.9353157658,1081059.942728994,987537.0934301706,1052988.6260240835,1198324.2565358744,1294333.6090371048,1222301.2719366113,1112030.9507979995,1224945.8603266238,1055420.6303064625,1202139.2059478874,1144305.6817225495
2027-06-01,1188102.427251607,1070685.2258538546,1272308.3177295504,1265278.032178165,1134919.6552163358,1249397.4011525114,1140785.3637011712,1157149.114560359,1018643.3924060342,1073530.8534949024,988152.7131307966,1069412.2620169942,1206443.2105891553,1284386.1409401463,1230665.715539415,1096561.7488670854,1249284.2908952816,1054791.1423856094,1211324.535209501,1136498.3560255668
2027-07-01,1198155.5211896496,1073597.497793079,1261871.6239581816,1262078.9738668392,1114773.7602776443,1256841.5268739932,1140467.6915131677,1164324.5420066305,984457.2862505938,1071447.3484079442,996755.6331145428,1079704.4387289674,1207798.252372206,1277069.9527923486,1231536.9228945787,1084033.6310708371,1279046.0335460333,1052119.667450498,1196616.041011573,1128016.136259718
2027-08-01,1208202.7066258078,1074754.3938282356,1246534.3536446204,1250670.2710843717,1090788.7919970534,1275695.328461425,1136681.9056324651,1179777.0367452344,970078.2905667336,1077323.1824538228,998653.7795992232,1088194.635660623,1208100.9362700537,1270837.4675618587,1226030.8332284025,1081214.197907831,1306260.5588882994,1043139.8420278304,1185032.8162959637,1115630.6399170426
2027-09-01,1219280.7190641465,1078606.841360955,1254734.3024340768,1249104.414579852,1086015.2828050323,1288511.7283653019,1133447.2754556644,1185939.603821658,970028.6408639263,1100322.0900334385,1009930.952977242,1081838.2199082342,1209253.5527135134,1270222.4135627837,1227258.7584602502,1099229.0151568924,1319981.2903783906,1049479.4802405646,1170822.4999526127,1114840.2935143348
2027-10-01,1221807.7050911959,1063921.9121478873,1258334.2458438098,1255070.7009758684,1083139.7759385346,1309457.271093783,1112164.4292711029,1183948.5582544985,979564.2213176806,1109906.9677675099,1012715.6047124804,1074199.3031554173,1197433.1833317557,1258346.7175127075,1221162.5588974766,1116703.4097290817,1317318.9109933532,1058226.5627411508,1160382.1794470758,1117106.3148142577
2027-11-01,1217239.7556928464,1050542.9852225608,1252667.0862905758,1252124.5421326049,1072409.3675696428,1319000.198933079,1105113.6895827162,1179335.96880465,974584.2784271168,1104748.343564644,1005317.7760267035,1055699.477612607,1202416.8738118883,1252035.1003909085,1223356.1939080062,1128300.6927817946,1325016.6794034773,1070882.0547926724,1151619.760665262,1127510.7810021117
2027-12-01,1200831.0165623655,1046491.447056184,1250009.9778377688,1245341.5487765998,1065444.899837662,1323459.235072313,1101485.275171367,1169265.879798903,966931.275476192,1091441.3760085714,996354.491688634,1056781.894308883,1192816.3406073006,1248584.498237718,1235145.1699020332,1131362.1258276657,1322601.4051870096,1061121.5769826302,1147318.69634749,1123581.0278818205
2028-01-01,1205827.9549479363,1043456.8887789128,1257019.430290583,1271093.0238076444,1053838.5636680399,1325949.4164656608,1105383.8765172139,1163567.728936141,975461.0238545998,1106825.3208293903,994350.6031391539,1068117.979428248,1205750.1688303123,1248188.8211825085,1264706.2260236107,1129395.3974271126,1325901.4219452173,1074364.7815937898,1141269.749222467,1147589.2110141397
2028-02-01,1221308.4919474307,1043298.4022150341,1284364.4052655634,1302796.1464414517,1063555.9883108484,1341254.0353267884,1120654.427910197,1153083.087018927,987745.7494270601,1129690.4621106733,997093.5258803043,1100500.9709072215,1219483.1889729244,1263976.1176507513,1284637.6346882468,1141501.6829627561,1348565.3843831287,1081202.8704053666,1145148.4313672155,1166236.0760026502
2028-03-01,1248190.633435392,1049930.2378374343,1279077.2836516835,1327809.9096016889,1077235.3275855237,1351574.3118888747,1145802.2073633121,1147328.743761799,1005944.3373473119,1138329.8519697264,998483.1935794969,1124453.5128179498,1242953.5439853868,1283572.6953278289,1290830.3608381473,1149611.13868327,1382173.5482755972,1087495.8069140061,1139373.5895150206,1177736.8853959928
2028-04-01,1272420.2077812855,1051844.340313367,1287610.6233195285,1338207.395221113,1091018.0042811495,1372572.6505087349,1162318.1370207584,1127653.0030731491,1012730.6913680735,1146429.3404677657,1003901.4557088335,1142421.7995762015,1252184.2640710666,1303708.2463981216,1284213.1901619139,1170567.8728429168,1412002.2879411122,1085475.7414103057,1132142.5650553966,1199867.6959738473
2028-05-01,1292660.4088378379,1058949.939804875,1323421.2642607384,1358630.5092082128,1105814.5876806164,1385891.7174646445,1181700.2140151977,1117013.9641181799,1032783.9223683843,1147920.7781170807,1012253.6799826233,1159416.9124313009,1259185.8636623654,1316625.311406672,1294077.5607745207,1173351.460981288,1440680.1362264392,1092798.2294668327,1118420.3553169058,1205475.74642962
2028-06-01,1293683.8874838047,1048442.83850503,1351671.6997228465,1361384.0839280996,1094252.277296007,1411292.6960456923,1193613.201919226,1096266.7065675114,1022180.1112478185,1136590.268355679,999267.3378691007,1163000.9679437433,1254680.6881778375,1316182.3056605314,1299177.3057458191,1185711.3922175588,1459735.3569033777,1090416.2343032886,1106765.5213308323,1198930.7035722265
2028-07-01,1279439.5788131694,1035339.3598344222,1376138.3841938113,1355176.7043697946,1083654.526698869,1422111.3938840027,1203554.7408021702,1089882.396602306,1031837.1274093856,1144304.1244231206,991191.4340603158,1156563.459337732,1228446.429370431,1306254.227906371,1309322.3751134812,1194970.5610269175,1483976.1651184172,1084420.754827404,1093360.4129639885,1204299.9895270842
2028-08-01,1280252.8849844234,1024692.7339639746,1399998.7989780258,1362534.6049885945,1079932.8342958924,1439243.2504995016,1202158.096671179,1092237.0577738278,1039548.421782382,1147164.033718695,986253.0199258224,1159379.3276141912,1204972.3193701056,1284850.3897059516,1303789.697476619,1215391.888204973,1488600.3637664537,1060645.0776285096,1086615.567301413,1223870.514080975
2028-09-01,1289666.759252679,1025620.9074827305,1415539.6784861335,1400806.9446063335,1092125.2290622857,1448527.6849460313,1219945.1357694743,1098512.5978973785,1053654.2299233538,1159974.6299513297,997772.6632132948,1153224.6932115944,1196567.2535534129,1286533.6174190536,1306738.38959215,1239850.7060833103,1522230.236759365,1040792.060453137,1073752.5593685517,1276486.514233868
2028-10-01,1281262.4165681365,1033449.9143391857,1418863.3630917342,1444748.8281804735,1098407.4328469126,1440336.528576687,1233394.1673325682,1104852.004362124,1045615.4439746363,1166765.7436145847,1002636.2358039416,1152395.222691836,1191263.7426443556,1295284.1242951069,1318510.8890720292,1250996.7343829144,1551678.119447074,1031703.1847982787,1058563.1035406035,1318512.328284659
2028-11-01,1264277.7604782702,1034789.4609545977,1399159.914998296,1483351.0740788134,1090250.06940846,1429228.8976643411,1248122.3363306683,1088896.7908964143,1025334.2278230484,1173936.7861421988,1007910.0539335497,1159257.6102173445,1201260.6606728067,1302893.3851603628,1329561.010493656,1241802.1167208378,1578277.507387417,1039213.7840331062,1038893.5990924431,1340595.6195051526
2028-12-01,1244016.3925856636,1030928.3705159659,1386003.8638139004,1499917.302398133,1077512.862408918,1441213.7075620117,1258871.9129508492,1093199.156910416,1020233.1848328352,1181606.2285628153,1019767.6757334145,1188005.480425067,1201719.2265301568,1311992.224689248,1345330.1536325186,1226853.3368216353,1609334.9881284276,1045512.070370516,1030653.1427429895,1345152.4941268926
2029-01-01,1248918.4811120988,1033145.5472673696,1379768.3856535417,1517116.7719402285,1082294.8503604424,1461755.3061206667,1245808.732850499,1100794.7792715237,1022699.9171354286,1183349.1584607838,1026503.1080552214,1211458.730949931,1203493.1059831763,1326619.6321635179,1376526.6491210011,1220571.0457776072,1650091.1020026319,1049682.2300984024,1026841.4719400988,1352986.0234270692
2029-02-01,1267083.7253123121,1026192.8737331571,1362462.8054518322,1537672.4433594455,1097704.9757141548,1495643.7551144622,1250715.3788738004,1117229.6980210682,1049990.4529351252,1194651.579050024,1037582.4503775502,1215096.5528442906,1202660.8777790077,1343558.7632595175,1407774.6041938204,1221892.4518315764,1708585.0971315764,1044768.9744184442,1022821.9340465164,1341452.2966976115
2029-03-01,1285372.6130417648,1017756.3284228158,1351429.5213704268,1553185.4982287693,1107744.611056478,1529488.6978982163,1252598.929667863,1106252.62700463,1072695.4776603822,1209671.0454121162,1054618.2753956844,1217415.0649097257,1207882.551612166,1342433.488747684,1416478.374424572,1218301.200025957,1731280.9299967312,1041264.5145007869,1009004.3438207174,1338259.689374423
2029-04-01,1290134.183182938,1022777.4099806016,1358540.5931812092,1568186.7797974735,1103138.450272077,1565707.1208409667,1248757.6153526022,1117373.7355566486,1079377.2764200543,1203400.8098334728,1071803.7460938352,1218625.8165699854,1219934.3914837507,1330427.536559357,1433085.3284328561,1218268.1731061037,1740501.1081199313,1043052.0899528239,1001718.1232506234,1348707.1810298143
2029-05-01,1301633.5746780708,1028297.1707691394,1367372.5242033456,1585470.6075510348,1108827.1378546995,1577363.0708139318,1245181.7099874076,1124735.1116434403,1081368.0267659428,1202034.3786352049,1101600.1988657792,1232722.7568984434,1235221.1934125752,1336395.255836344,1454819.488747541,1234874.507122123,1743275.704129314,1033767.8468845896,1000802.3296891649,1348554.2110631464
2029-06-01,1286230.553621289,1031414.9498628264,1345836.022666325,1600667.4345300999,1097381.3721733817,1576251.8808881918,1248276.2030989162,1113968.2535790913,1073373.3891427102,1188904.922002079,1115073.516748208,1243467.1988112493,1251153.528488465,1340421.5342084635,1483239.252739534,1248990.8712680866,1736219.1693749481,1048086.9677228768,1003586.4321980473,1349996.4936769158
2029-07-01,1277910.6278516895,1026651.5657481848,1325008.8180707034,1604778.2731890155,1080339.4763559105,1546406.44423687,1234773.4717550313,1113800.515098106,1057096.5325211533,1173561.1658265584,1115714.8292809876,1258026.2100500478,1262142.3117928484,1326255.459909728,1506322.3562801862,1253791.6021098793,1727388.3714874948,1053997.6041291675,1008019.3888352988,1337291.5437983884
2029-08-01,1268713.5225746876,1014293.8368368519,1314393.543112406,1612592.6349683502,1056417.9658755863,1509873.9423025078,1237994.390946298,1117772.9400337082,1043843.4313494439,1153498.9150950222,1109478.4947548986,1267841.3039390154,1273819.9819794768,1310092.4201322005,1541338.1171262455,1249532.7049070275,1724131.4708497657,1070027.8959786398,994053.7745117516,1336739.6331047541
2029-09-01,1251551.500735319,1002885.755850249,1315067.6269010154,1649778.8622601877,1047229.9528665572,1509440.241564599,1226290.6730414145,1124415.9288455853,1042259.919848951,1156103.5260843576,1117354.2857592495,1288568.0283181604,1285597.4119998496,1297457.0011657216,1565866.4100439106,1259196.1382319918,1737671.4586042624,1075665.6429281353,977500.6045549075,1363878.2205839169
2029-10-01,1240689.5410756487,988805.0593618717,1317073.1571339762,1703698.3125926396,1054073.895133484,1510873.9164638384,1212891.2681230176,1135259.9671940792,1041687.7957643289,1158706.2163127821,1133875.3670455145,1317797.7702438969,1270835.301256613,1287300.107743805,1561043.4874842165,1271390.7025036411,1721639.6482247307,1071405.4036933938,970044.8501746856,1384315.1119735546
2029-11-01,1219057.7819400104,985803.8964147222,1322476.5542952644,1752860.5235615794,1055326.5869811093,1519663.4023741742,1180381.0801060065,1140812.5551299702,1030099.6820535559,1169839.8991872729,1131554.4941366753,1321276.5947221934,1260955.5662314647,1260496.5037072918,1553705.4195353058,1270998.012071205,1690475.6514890087,1066112.2609480387,953522.7083071575,1387221.5794791533
2029-12-01,1210160.0773021237,984390.9174448352,1321181.7995511112,1788209.1057379267,1045932.1197374666,1526792.567019414,1155279.3457712785,1135341.5074685328,1032468.1737965818,1182661.5115885825,1118137.6288660753,1329145.9327582202,1280698.5710727978,1247498.0434908646,1528370.8550611245,1263807.1094527117,1677586.5340185773,1074543.793059252,939552.7936243531,1384164.9133980894
2030-01-01,1211888.8441973592,1001183.1766437184,1318545.416757302,1812488.5836776474,1055697.3761485699,1526466.251764083,1151631.7485261739,1137198.3339333336,1034979.4426059681,1188034.603010514,1123947.852569584,1344903.2630075288,1308273.51414465,1256291.3201142605,1514477.5691867983,1250763.567949039,1667844.8245089597,1083298.446369399,931693.2985709589,1391228.8799149836
2030-02-01,1213555.1453791123,1012663.1103622242,1321773.874137929,1821796.6308365152,1065776.5667095934,1533563.6415673338,1184041.2630592538,1124753.083851858,1047740.4751092693,1193222.9273329529,1146369.371602469,1367866.6061868137,1368333.1651674104,1279230.399291675,1498370.4035610193,1257587.6076347064,1679863.4769146966,1095810.0679618781,942374.4049463461,1383705.5936743633
2030-03-01,1213858.3279422459,1019692.7968063684,1336350.223139563,1818433.5830996567,1080993.3916150725,1531094.0909255878,1203749.8097085264,1109752.0564448014,1057829.6242279732,1194037.3399804807,1176371.5456362192,1380971.7895565578,1408974.797987629,1283450.125241724,1497974.9231329272,1263765.1500143546,1687897.31151346,1115910.4135794793,940811.7688232403,1373611.2300318864
2030-04-01,1216961.8092876598,1021472.113219682,1350883.9028863378,1823777.0728557785,1081689.0237321316,1530637.6331122548,1211588.8323706673,1094151.1148030485,1059712.4118303212,1186582.3009350712,1206010.7721954926,1402726.1757258694,1440948.6334189672,1288124.888184232,1509096.2490095156,1271576.88024123,1702655.1105430825,1141107.8583791505,949154.187814196,1394414.7548904477
2030-05-01,1232279.3319199241,1038690.0482061983,1356787.5684017388,1823203.3019353445,1090708.1169540698,1530509.5631983033,1212784.4093547086,1096059.7573458874,1067235.98080587,1177761.6271184515,1245279.5973509692,1414414.0716072924,1464906.1541927874,1285455.9950903542,1538149.8032716664,1254862.5086682518,1718000.0563679691,1168184.8437688623,967163.5338610387,1420265.2203592297
2030-06-01,1247238.5340129877,1051065.6235225152,1359369.762547362,1811675.4232072304,1088423.5801874462,1522547.50435803,1202930.4670939986,1080821.2126695958,1059705.298168116,1159388.9848050703,1265371.7011622651,1414891.4605598252,1489660.1008133949,1272119.216583002,1575002.6312052729,1245290.238399031,1731499.4025069128,1190727.7979601296,971637.5165343091,1434301.3282368847
2030-07-01,1251680.8157346137,1055753.3108649107,1389357.1457653204,1796391.294483772,1075341.6760450583,1531439.705732662,1191506.0656944194,1070163.391791139,1052287.1773539498,1122923.2259559631,1260971.1091904973,1396814.8154390343,1515437.3196137757,1259342.9567885986,1594063.5281149761,1232584.636834755,1742017.756841231,1205451.622544364,973280.7261398841,1429573.4762194064
2030-08-01,1234750.071730965,1049021.2247247647,1425166.2372045731,1784549.5109058481,1055049.38518488,1528179.9865791895,1186527.954137586,1057183.8786502057,1060065.5693635312,1116107.419193613,1250866.4749742332,1394059.678342003,1534378.021900953,1244058.498373421,1622841.9867734462,1234176.1933832013,1740305.4239435317,1223228.690128848,967779.6126990198,1421867.510020633
2030-09-01,1233260.1272610116,1055104.8209085274,1437037.3219719864,1775624.1979488716,1065341.558388588,1562498.258851539,1170945.3604562627,1047750.3772384813,1073126.520666179,1112535.0978100228,1241971.3699273644,1380856.043205986,1537579.0501242464,1264368.5129050817,1617670.2595944416,1258729.8929582457,1737188.0414438571,1249271.7033718128,978470.2687404166,1433865.0863435653
2030-10-01,1226316.0745596464,1070371.5860270122,1434289.1178067527,1769691.150149917,1072779.3182033617,1586130.736281007,1166771.3383526516,1032248.1090500293,1094848.7296442501,1114671.264815614,1233427.6617327547,1353367.1340948986,1528440.442651078,1293451.4496622747,1622007.4501962834,1292992.514673186,1711267.281003617,1282818.9487879665,975493.6042504918,1458273.427354538
2030-11-01,1230251.0085317593,1088836.4362303913,1405950.2102696213,1762983.7952390723,1065591.712870425,1585392.8139978717,1151887.4159160813,1019325.2024075029,1092840.7768021547,1103043.7996382709,1228523.2659542689,1339173.8123153648,1518709.1356081907,1320175.582910909,1634278.2704893243,1319892.426576687,1693063.8851999424,1304373.0855322003,966409.058746227,1477179.6124817787
2030-12-01,1234621.4073495348,1100434.0154752545,1397382.0620639953,1759388.2714555606,1059880.9468988602,1578172.6970778666,1151216.1521217732,1016635.5777880844,1079324.2731823407,1084485.7093947565,1235373.6114338653,1333249.6610864096,1525265.5982878613,1326610.0331927931,1631824.3964788585,1315767.6748896302,1704987.4616010322,1317378.9742138432,952847.8840465883,1468584.9343741334
2031-01-01,1235321.7750175323,1120568.1799151716,1417138.601537926,1785197.717622541,1051312.3133600918,1565183.9425065569,1141575.1443999663,1024678.2259209179,1066215.4564127834,1079543.241699004,1232271.2890274066,1342026.2439499286,1535615.5530737308,1324171.2868399678,1636137.1590000205,1325991.503541597,1729493.3801754788,1333197.481619516,954946.4889227041,1478353.2434962103
2031-02-01,1237949.3706535543,1148474.0545583833,1453810.110612395,1821486.5453684104,1053392.3948476533,1594608.562139388,1135463.2376941226,1046156.3445111907,1080094.6489594907,1085932.7355839603,1230117.094347166,1343591.1053077716,1543880.0560988586,1344154.5919171988,1664751.7899372834,1335170.3779498353,1759989.0572239552,1354121.3674551407,957894.4751484304,1475423.4363179186
2031-03-01,1244966.0365031261,1163542.5973324592,1479863.905939163,1859076.998301468,1055134.906530083,1624510.9574006086,1148090.1959784643,1060481.5144203247,1085388.009059827,1085216.2278248447,1230454.2614255794,1339291.4442004724,1558765.7136025967,1355079.4911437912,1694339.169616497,1338708.7631022134,1786955.783540818,1364876.125914751,952939.0513869408,1470565.7201973319
2031-04-01,1255910.0278374848,1162970.97408235,1509010.715643046,1864099.2522683956,1067416.2406885165,1663496.0239169889,1164418.6861102413,1083299.704624268,1110990.3754460523,1080602.9781040032,1226881.1869780375,1347438.2955735251,1583485.4916395398,1370402.655286959,1722223.5032725239,1359413.9033269817,1797591.8526485467,1366511.4439955344,938300.8804295469,1472388.446113163
2031-05-01,1287668.509027896,1171036.519678492,1517995.5540905434,1872883.5682227015,1082705.7286599567,1679830.1328651772,1177542.441679856,1092523.4369742048,1124427.1981769048,1085812.9059668945,1224100.85961592,1355969.319158207,1613876.9503761183,1378014.8276143523,1735323.4164212975,1368261.160207568,1817300.061625189,1357128.064256489,931621.145477546,1473026.9514163178
2031-06-01,1297979.2505375056,1168774.987370856,1516433.7618927197,1897264.827163439,1080760.2771976036,1675698.4942331663,1175860.185879814,1102926.4868586666,1134720.836085642,1078028.0093425955,1223433.8331389783,1352589.8431155903,1640296.2804983868,1384529.3564466415,1758181.131147093,1358919.4337195668,1818888.6482467076,1344683.4815084643,927197.4056633783,1466520.2760981473
2031-07-01,1300205.8173164623,1171170.42229803,1500982.7453281642,1914662.3096188665,1076403.5510923532,1658493.0918877309,1167599.3123110342,1097183.3314150241,1129199.491682858,1066438.9178457146,1207911.030863407,1331859.878235233,1676668.0422214533,1375849.9543061873,1747879.0486287589,1328575.0664729057,1836759.25571867,1315787.4299127476,923904.7806399897,1470371.4575514365
2031-08-01,1314344.9201422506,1179608.4547281526,1497895.2664554222,1941746.830235672,1076861.749874613,1641538.2477156697,1152353.6941832886,1107022.4165185753,1123118.187668964,1068795.51448694,1221931.5806540225,1310283.6500176713,1703896.4530785885,1353377.1097696822,1747621.76123591,1307028.9314493814,1851640.8224846302,1268384.3495161769,918978.8017654644,1486582.795739299
2031-09-01,1344834.5775792005,1201997.10722532,1483681.5549339734,1960196.725214393,1086807.9916129338,1657211.277648381,1163694.9301065444,1110703.8092512258,1138867.4564906568,1070572.5652255607,1232005.8510245197,1297135.6046242313,1739841.879744984,1352649.7140419616,1743234.7008981952,1302630.4794303807,1856146.1293775875,1236024.900399525,928586.6992095343,1495500.7549165164
2031-10-01,1357412.4456697977,1202844.179199478,1492522.5523371298,1950956.1112970004,1093064.49893195,1672334.8931543482,1176303.5483765844,1116891.0428583634,1149512.5839163603,1063667.1173496167,1229052.9586317479,1299334.2852891658,1774400.8775601587,1334715.3011906913,1752515.9646055659,1303304.5301442468,1852716.2997257102,1207693.6403926099,929235.2119054103,1503030.0599586163
2031-11-01,1360990.7693703736,1198175.0549422775,1514367.1629337736,1923510.1548009145,1087516.9492950845,1672331.771610477,1171705.9815283269,1118087.593860783,1159366.3988483308,1060398.4771775731,1240827.8506079246,1296367.5652656127,1767357.712428682,1319588.9464393454,1771510.3007715966,1303023.4405064536,1848273.619632026,1195227.323121565,932781.4057635497,1484349.7011921802
2031-12-01,1356686.2490016646,1182781.1633554788,1530959.3871410158,1899861.686392654,1086353.0168121376,1662821.6415224907,1171512.0656193497,1128036.3832003465,1151464.9899222103,1053871.3974737958,1244124.4631353815,1281559.8651734248,1743992.3603081934,1300305.152491971,1787707.1747761103,1308114.3597750426,1849719.5222856125,1183794.0327592294,938521.2946623611,1465748.808783877
2032-01-01,1368037.3042088882,1177755.136519511,1554243.2626895418,1928534.482747699,1090769.8671226634,1645986.0985662637,1180236.1644579123,1134638.664424057,1144428.7962767067,1066165.9863190583,1249603.345114523,1270562.7225687988,1729285.9014049266,1294520.4459909056,1788534.7192807682,1311911.388495171,1872794.8607689124,1160219.54446127,945163.2871171014,1453899.6451233162
2032-02-01,1379124.1041414745,1185127.620584962,1565519.6769436703,1988116.26847479,1117736.0985319451,1644049.9973532523,1200146.4324788328,1146465.7315808795,1156883.1547514978,1080275.8680259937,1241295.88144448,1261193.5428914272,1732749.989008129,1286510.4966763968,1784003.7645912217,1316691.4640506469,1907086.1295311672,1147701.2406336574,956548.2845823844,1454639.1671511906
2032-03-01,1370643.2817935385,1180152.455587434,1577324.5238133767,2046680.600526709,1129980.191461892,1637162.8606272833,1216241.3705601585,1148407.162377365,1181542.4296856886,1105925.4366978493,1230832.5072872858,1261542.9085635236,1730331.3338646402,1287044.2469532844,1769410.341873828,1325692.1944310442,1903969.8138854601,1138749.5687946887,957739.7896685355,1466938.683836979
2032-04-01,1347252.9546947554,1183669.2880149602,1584111.054585786,2087542.0942386866,1152930.96586437,1658606.6575024687,1226577.9932847486,1159772.7600484712,1204762.7918110671,1112370.7591833898,1226105.8957784371,1266915.7184200578,1736913.7688773402,1283607.780690829,1788472.79115062,1341533.6460529682,1908196.6188499944,1146976.547848819,957574.9760351505,1471065.960102621
2032-05-01,1320458.2608587937,1174060.9973801137,1598070.0774998413,2120035.8554234076,1164751.7447447663,1670798.1102775778,1221618.134122566,1158663.5034555462,1226670.396980763,1114568.3081253855,1243880.873873657,1274788.2863164006,1739226.7048711819,1278869.1988105152,1806572.7043575614,1367982.806253037,1911117.8466449317,1154740.0493055074,974680.5230390027,1470775.1223482927
2032-06-01,1304566.6587893094,1179623.788912708,1597561.2597744158,2093549.5327556494,1170853.1458847688,1662630.674716348,1210564.7395095585,1152568.226395513,1244142.613642817,1104563.8159153215,1265431.2988180232,1268910.406778112,1747324.3663680498,1286332.8515010278,1833213.0409013594,1383814.54981555,1891329.6271379795,1164708.4165277584,993890.0420310199,1458285.2317270318
2032-07-01,1302263.0027477213,1167448.9264964433,1618256.7557241505,2083816.2737428397,1161998.674657872,1643155.6603152175,1200408.1582966237,1138417.6382084093,1250648.4167204816,1098850.6148416935,1266921.980273919,1240299.0439844248,1721930.0938966337,1277591.989928372,1838212.8063037368,1381569.747647252,1879823.9060915343,1168176.60829851,1004732.4648353944,1469206.1788476
2032-08-01,1294523.9950503411,1167058.0566106231,1642987.643582753,2067288.8336637644,1138561.3827467002,1643075.8249567007,1205449.1454859464,1136307.1366703499,1254873.7407144485,1096872.576894198,1264558.7560146167,1223772.785078173,1726229.667201436,1260340.2682203145,1845974.95071549,1374323.03549128,1859542.240018052,1172423.3896617957,1002185.432430246,1461938.8994220055
2032-09-01,1294222.8459157748,1189136.3395545045,1669941.394992685,2069251.8279059958,1124820.357393017,1646599.853950281,1202323.1205606502,1145744.885989671,1261277.0375463974,1091888.3085807927,1257072.7239841651,1216524.1701315804,1736784.440060988,1237668.3794663833,1883823.6904737032,1377257.2318285895,1884619.3508400698,1170888.8684160162,1025458.2668049762,1468484.349663235
2032-10-01,1282969.1955266625,1217020.483107475,1711094.4883129725,2075495.3400541537,1115657.9141644419,1666743.3977381943,1223129.472401583,1158670.5570768698,1262245.5412363133,1095793.9301174467,1241604.4982788914,1223974.9454025321,1756356.254790024,1216115.25598571,1892834.6971620952,1393038.5766140488,1881539.7523526296,1178003.676531129,1030568.9472940932,1456862.8399222374
2032-11-01,1259332.6680550587,1212177.4209616997,1748036.081316883,2039305.4557932667,1114196.068626652,1691920.8056736696,1232809.5208134186,1171883.9985326498,1273382.7420765841,1089789.8319637317,1240116.040301073,1229860.7099730973,1778128.9845260987,1194204.5781438283,1904076.5803667337,1395869.132936174,1906152.6530029099,1170441.6440278334,1038452.6131518432,1443301.978358969
2032-12-01,1241025.5992132565,1199888.7232488182,1775516.0157833402,2015241.5018362494,1134987.2771723573,1709054.6330705415,1233608.2927243167,1168995.3992337775,1262590.3121399216,1076358.182346401,1243237.5130471706,1237223.0461101441,1793045.5932191112,1185389.1516874807,1904827.8127461583,1393743.8337772274,1897874.4727094758,1163873.1642598687,1041772.2179521937,1431168.860530414
2033-01-01,1241135.2793689372,1195572.0968766825,1789169.0090171292,2004562.8610318934,1172926.0050628246,1750007.9850752598,1236647.4366149283,1173070.420101668,1259500.3364594833,1070911.014829477,1256594.8185440637,1240977.7202193723,1819595.6624300159,1184728.1313615332,1905479.6523369092,1398925.912051077,1921663.1295813404,1177416.4996440746,1057271.878133541,1415525.0813383032
2033-02-01,1248560.0665914663,1204034.9123109356,1809162.9288139292,2020214.143782725,1198965.5859443715,1784703.5944516468,1252890.327323545,1176932.8472740168,1255149.0278940222,1075184.9922893764,1279424.64828301,1269049.0420682814,1857041.6509807936,1199052.8862159264,1929669.0009168219,1394223.5214662787,1956166.7428849854,1200259.772763526,1076153.7323268645,1396923.5167575427
2033-03-01,1270812.674919881,1218954.4982450772,1819613.9195636774,2003544.816693626,1193233.530709325,1811093.7498076377,1265825.523185798,1178907.1643565367,1246637.5246622567,1076217.602521833,1289215.2299212888,1265638.734705196,1878121.4010572033,1214656.9174467514,1929136.2378129011,1387582.0565557855,1996196.111041332,1219228.133864067,1082535.5168952895,1381168.4015398559
2033-04-01,1291370.6250050608,1217699.2295412496,1844692.0247866143,2013212.6090334407,1203318.6600806266,1828415.5979042714,1279845.248831201,1193379.7662650163,1246372.5178246654,1081005.304922054,1302791.0732814812,1273766.0956967403,1903809.3896242185,1236021.4323874444,1925124.6859864714,1396204.074977049,2035513.4173564513,1218775.0903519138,1082184.8290415844,1381799.7336899706
2033-05-01,1327242.813595671,1206150.098936286,1864403.0135703115,2018087.5094256587,1210538.0677398827,1820391.445745884,1294816.984456496,1212588.4730338878,1256361.1914268553,1072578.1144030269,1315027.5376682195,1280050.218406997,1926029.3453623536,1229850.463948074,1922673.4958537575,1398629.9449398145,2050177.7425811866,1223624.0391330088,1078885.597339987,1399692.2273201654
2033-06-01,1337997.5188696503,1193604.1727145452,1850064.6535727887,2031953.8029273443,1219909.7686609833,1805309.2651263452,1307418.460080319,1222839.240776035,1244603.3912854237,1063115.8153412605,1306980.3527108422,1286705.3212144198,1939102.4971689894,1219303.795267308,1931086.44026232,1380689.9658989664,2024468.1107665729,1217939.838167538,1074900.374555292,1393631.8820582395
2033-07-01,1349880.0254440554,1182711.6418882522,1843619.7933651877,2028584.6704091106,1237133.7368853076,1787393.6590748616,1299721.7073892714,1215692.7164321274,1238718.9345717805,1051554.3098481982,1294388.6137292641,1280896.6939032546,1932100.7785877544,1203701.0123561872,1945802.6183042484,1342170.1115461262,1992412.8966614637,1208844.7976597806,1068813.5158528269,1370903.7820340493
2033-08-01,1359197.2475856056,1180951.8119053564,1866369.9485458578,2031517.9288231991,1245130.324480189,1786590.9290118953,1301361.092044488,1198144.7874583732,1226831.1300500666,1030746.2988491287,1300381.471288526,1282449.5855555935,1919780.1524569266,1195383.2596159363,1950114.85817885,1314815.4579415987,1981962.54661414,1212404.2699750753,1080391.3836168912,1344341.1386999758
2033-09-01,1377638.4987319456,1183047.5872986035,1891191.249760938,2050929.7541548158,1252746.8877083724,1792098.407124786,1324735.150234284,1191860.3535161903,1220890.430761263,1027773.1936106867,1302726.7971215486,1292214.9737112133,1909359.9537639737,1189789.5667554275,1946447.1280091228,1291659.192626704,1985291.3546847724,1213007.5252583416,1092696.0353670248,1339782.006556602
2033-10-01,1396148.496573719,1195715.5862026892,1915372.2325869282,2069845.234705223,1250499.7086993102,1806198.344172161,1351076.4801844752,1186358.667949585,1224927.108809676,1019919.9365575617,1318326.2942381194,1284375.460143119,1891203.953068435,1186656.6941300912,1957704.823122978,1277766.8918184282,1994245.4360788008,1200910.455697294,1109374.980872667,1331180.965080255
2033-11-01,1400203.6892720438,1195141.111302131,1934324.574163894,2096321.9464106571,1246532.3918026045,1807777.3049725033,1366332.9531808507,1193888.6220315774,1232516.8128424895,1015605.4533875433,1316964.536204214,1281998.100704038,1873208.1884215742,1174826.8917104197,1956640.3768006477,1278988.3889506876,2001191.511473833,1177991.4455033233,1112628.2037479223,1317145.10716968
2033-12-01,1390248.695276171,1195030.7731671087,1956326.5552014052,2116967.2887743874,1251013.9310840447,1758717.6412480806,1381771.5695386082,1185535.1945540179,1261229.904861223,1005935.5804416847,1331877.4983473315,1283941.6126155332,1831452.7070292595,1172098.8603864743,1938348.1984247644,1268198.0894306968,2009254.7890533374,1169694.169795477,1109751.8528922636,1299872.9868083512
2034-01-01,1386876.5342240257,1194841.3451671596,1964286.1039090154,2129660.327092863,1281961.415670785,1754086.5596280955,1390417.2041898665,1173387.4651241775,1291747.4238951637,1010600.6110218602,1353117.173702589,1294517.2840672776,1832347.9450735087,1177032.573897836,1959015.5934000842,1272192.4114757366,2031130.7253363398,1172198.902145695,1123405.170328072,1302543.343298455
2034-02-01,1388042.3266228384,1205191.852959211,1981261.8976994867,2136452.892786508,1321324.1349186383,1760368.7337153105,1399842.7723015822,1160995.5117606656,1314498.6266245332,1018362.9600970984,1404683.0316148014,1309402.6934163158,1855153.9774953544,1181030.6007126865,1979409.8284386515,1277819.7472783874,2044292.7140771674,1166783.9140282765,1137444.1850317558,1323627.2829329097
2034-03-01,1375426.7155027816,1214788.727974836,1980389.5479235142,2148852.746981696,1351997.2270338545,1784480.432310891,1395255.4386286444,1141492.3428313176,1319134.771633564,1025265.6744420499,1438150.516443151,1320691.4786074106,1862392.712073226,1179622.058507695,1995609.8876145042,1298635.3814167457,2038668.6627160872,1152386.3872419875,1141161.0882785707,1335754.4850458403
2034-04-01,1378002.6243113794,1241701.9510259228,1989995.174624618,2185365.580510699,1369647.036519807,1797992.7337143489,1392925.6195000117,1135683.8240058376,1314139.2679411767,1028902.9337470672,1449682.8141114446,1320532.3766708674,1868764.6968732844,1174592.5259184118,2033706.755939267,1308108.3393542597,2030745.5384467195,1161748.8773450518,1149380.9568564666,1354900.8091162988
2034-05-01,1375731.2517202445,1255069.615679936,2020799.907244865,2215225.6155913374,1375731.658128471,1796486.9169412116,1390502.9674866085,1132769.435184698,1316435.1030552075,1033001.6394629255,1439866.5179084863,1328728.120876753,1906224.9223573974,1191298.354412006,2083688.974286714,1299394.6755883752,1997684.0739233159,1174980.2550201148,1164139.8413666617,1357861.0644790505
2034-06-01,1387918.9758053087,1261026.2847265205,2039625.8368580448,2236799.127340622,1369204.6793196406,1817075.5812635378,1404699.984598528,1128166.2614057523,1320126.0868750098,1036994.6634447232,1434746.1687225963,1339309.3237139776,1927811.0119189506,1211102.1084726737,2139682.6468748758,1279536.0342408852,1986245.754572164,1170631.1919642086,1173068.8572503177,1352845.7149398096
2034-07-01,1384269.2953084363,1252781.4599940067,2046167.9137549722,2235759.0366644706,1364057.1915390247,1807936.3771475246,1412642.5002521768,1112780.7331387438,1313687.639293587,1038214.0372913195,1441143.6669774244,1358933.5311273837,1958052.9864346024,1209280.2739605585,2140567.517790578,1259318.0157847428,1934822.653488012,1163272.2098360148,1174778.9909624471,1344780.8350026845
2034-08-01,1384424.2235585551,1256191.346221878,2038863.6498762688,2237382.8865790456,1366543.2537543853,1805208.3606004412,1406805.257016771,1109384.5103984545,1307069.4733593422,1035919.1212666583,1455391.0258096743,1362746.7343466256,1938518.4900342014,1204583.1420095265,2146192.8499777,1257036.5872393856,1913050.7703424715,1155872.0869308533,1167654.6065551245,1349695.0733974634
2034-09-01,1388874.0130664548,1249097.8644169883,2015685.4228738963,2243190.526824869,1402031.4308277923,1820812.6569603924,1384742.4688497034,1102383.1812362347,1292566.6240165385,1038479.2459869673,1460046.1737051306,1385402.7058054616,1916469.2434198917,1187890.408281481,2164805.156088036,1278583.8994546202,1877762.498968803,1146575.6425410165,1167620.8262437193,1364134.0815336725
2034-10-01,1377425.337444459,1236976.6018286622,1999553.30726192,2240212.7808430553,1429415.3190020823,1816374.5880478024,1374380.4874261154,1097733.1021764723,1292408.444402036,1031067.6264265567,1447865.5410678922,1391862.5330409636,1890148.0033591131,1180233.829447865,2188535.0499363295,1292662.9530873685,1875973.6422774093,1145537.755104111,1156337.9687431087,1386372.9992858432
2034-11-01,1373679.5217357203,1216369.380884597,1963528.0699980468,2195744.3169282633,1435064.3893964326,1796599.3088574936,1373193.7532228825,1094300.466997115,1281155.7329888155,1038221.2104307526,1424010.708169704,1407245.8985831202,1866068.7074848863,1184972.886072466,2213936.941204616,1298166.1520286521,1852948.2015258751,1149880.42911368,1128574.779153601,1392135.6109802262
2034-12-01,1367837.8729504691,1201096.6649826346,1964638.2691087143,2171658.490202176,1439891.3426679906,1781779.5604533458,1357122.9436475341,1094129.7069093988,1276348.6856172814,1040255.6846718913,1407490.5615055272,1393222.7644808968,1835145.3377905553,1196574.5777487752,2229340.8943050895,1299079.0323015656,1847772.3225107468,1145142.4224184435,1120354.4440945932,1404447.3139757228
2035-01-01,1360210.5113339457,1199292.4589128734,1982348.6884477313,2191944.6912432592,1450035.5011558663,1789204.0044102569,1359693.1359439625,1093792.7647716238,1280258.0984741847,1039003.2651929873,1408823.763658298,1398623.7176808852,1833828.2663279043,1199316.056972323,2266564.7739890725,1312265.6001564818,1857204.361556087,1165296.4523154139,1130206.3478133483,1400078.7917943664
2035-02-01,1349825.2427365398,1201203.9046737773,2035157.316449551,2267391.158673635,1466821.440456536,1786882.683111956,1370108.7871027195,1105525.5172635254,1280023.8264513444,1032659.7677570923,1425540.7858864013,1398813.2543226415,1811277.2121431655,1200828.6236171643,2301777.940225515,1310309.7732942873,1902544.0773112134,1179483.4938335738,1131829.2652414148,1398459.3572037471
2035-03-01,1349917.1688103974,1208683.7009164651,2033659.4559579205,2336156.9838740123,1479105.1563129318,1788637.678876361,1368057.276247895,1115708.3614268117,1262055.6792635163,1024694.3315212242,1446817.592056449,1400217.4518304134,1791175.4821080025,1194120.824313596,2329873.877798238,1311624.6620722848,1937982.3058186008,1184207.5773409845,1116689.6296676863,1388672.0219551146
2035-04-01,1366789.2351523258,1225954.3804402072,2032381.5306534471,2375552.8145714225,1482183.3118842724,1804954.4971168377,1373074.1708229303,1131436.449807598,1264250.5344160611,1018275.1549706747,1472812.0919799618,1388120.9258479686,1806691.306988053,1215621.0596162935,2334272.1200803462,1322503.5190707883,1965318.105937978,1192967.2034169587,1113766.6798207208,1390821.3327166894
2035-05-01,1390870.8646147093,1236473.0091694323,1995782.0409675182,2385432.7260585027,1477760.8082204505,1829881.8494596865,1382580.635215353,1147297.577702097,1266985.2256717123,1018973.6223491242,1483056.568341855,1410858.7170255699,1837114.3289118244,1233219.9165455583,2385355.0172351613,1327933.8415064446,1980651.4787950828,1198187.2690756032,1112082.1628413403,1378216.2829865871
2035-06-01,1394869.4762621461,1247316.431555968,1966134.083654717,2364279.792538797,1456306.07755538,1837985.985418399,1387687.1722247016,1154871.5404713056,1266447.3789274788,1028255.2125702857,1493131.3369100243,1417597.3355607805,1880192.842789024,1232272.620133023,2425491.7261695913,1335202.262533154,1968940.0176132265,1199128.2945465846,1127266.9941085456,1365946.5764073736
2035-07-01,1376921.4308815792,1245637.8771310803,1931146.4614527766,2335675.66911234,1445775.3375024896,1854196.6424120734,1401688.9358442896,1138379.615370532,1261221.8386799248,1044016.3135280862,1502771.239420949,1433420.128095769,1893655.1431851024,1238101.0801455728,2468301.9729675967,1343461.6851603237,1974853.2366780236,1197537.2077321764,1132609.6744794538,1360704.929844437
2035-08-01,1382590.4015631417,1251922.5066032219,1914106.3660936374,2321109.914678733,1411573.700661585,1880898.9044095252,1414926.906592923,1123163.9213197299,1256440.6572144842,1055427.4973705774,1495102.0298523488,1417873.3717221876,1908125.9632009657,1241768.087201452,2476601.0935478737,1351073.625582177,1969634.925248649,1188027.9387088295,1135530.8410680096,1361703.9026938656
2035-09-01,1380612.9414466694,1246035.5444121773,1883965.0914097903,2311902.778083498,1410315.0843184558,1907967.7332300236,1429695.5763019572,1116752.8888862198,1272108.6158713417,1059077.9962661613,1502010.898074168,1414207.3851270776,1911262.8720810448,1255784.7639774168,2454448.921496152,1369883.1823800376,1975538.8533740763,1188347.886962004,1143137.564426301,1352368.757354483
2035-10-01,1390148.520576223,1242246.4067077283,1856233.7274702524,2284097.517682137,1415930.0185991286,1903159.7784977965,1439677.9457773136,1123228.8654245462,1299381.6516806243,1048393.3160175112,1496992.9305215771,1376848.0873447228,1908121.5642342747,1254195.3253888711,2427515.0912384763,1374497.7964392297,1980520.1188100902,1178006.993461576,1157067.3380389402,1349169.7680558984
2035-11-01,1384209.433653921,1232177.8110204176,1835258.9690550317,2235481.0677258326,1423456.62502417,1887781.7812107634,1435948.4920044115,1148799.9669909542,1310791.1737281797,1032123.633347122,1518263.1768284244,1363635.8399725081,1899488.9470818827,1259952.039693307,2408533.4570943024,1380927.891504731,1971344.1807244234,1165615.5503344326,1172149.6311141227,1347076.0168605777
2035-12-01,1385910.2520943852,1230604.9019853845,1849937.4529918912,2189557.3024526346,1440984.868120032,1871305.4903196502,1434792.3681962355,1183931.0062633816,1310021.9793943658,1033935.3585603688,1538347.2174520167,1353687.28757043,1886423.7812582043,1253108.908937653,2408163.9263443174,1377619.6021616217,1968303.0661001522,1174484.986008618,1194755.3944558124,1364012.63622643
2036-01-01,1405676.4806808503,1247041.5969445675,1862942.9003063152,2178456.266922848,1441773.8771337436,1880897.004761776,1437709.4271315215,1213338.1303582636,1309971.3474473297,1052598.0152293593,1549358.365534881,1364676.675454079,1868556.0587640675,1266127.512138593,2428904.2557618604,1394785.4441073495,1965943.4680895568,1182690.805409639,1217514.2002197064,1397209.8698327
2036-02-01,1444378.7136208187,1267733.085025135,1877579.7489788092,2168473.246425662,1452177.2787779963,1875797.2288016332,1448958.7959709314,1243953.3171079392,1314323.0174418937,1089764.0761493498,1587820.302764044,1372740.4405609004,1839283.6864117198,1276303.1060077099,2463579.3124802345,1412082.1150381544,1979109.5656110079,1191528.3619612956,1247410.3108940986,1411293.3976951519
2036-03-01,1466543.5786641303,1294354.3771364286,1879470.7685908463,2194216.528609351,1452959.430324256,1855354.2209155774,1435409.9990555458,1258379.599913935,1293108.9414032393,1103085.7711777326,1601701.947249541,1374649.771874518,1824983.8243782236,1274563.0217129963,2476598.3288557157,1424153.8804015561,1994206.4920943489,1182960.1899272061,1266662.2647938004,1407349.5065707103
2036-04-01,1493223.3273922713,1315416.7215516632,1904582.8852047797,2250823.427286618,1447123.5695540328,1873612.588235384,1450139.5154582371,1280526.304071533,1275545.0817098413,1097336.237657763,1616249.5676000654,1382933.4365580145,1820308.1573654732,1269735.4646122067,2528870.8880317244,1435471.6640779476,2008785.9960296385,1175753.7679554147,1271657.7395282786,1410952.5918095885
2036-05-01,1505817.9345462604,1333462.244960176,1917587.2680870304,2283123.3801944694,1438045.5042687831,1904029.52956911,1477235.3152361943,1284730.844842329,1271362.9810199055,1072763.5019345188,1631863.336793719,1387597.4015369222,1816569.969180148,1276790.5744425277,2573242.3158591115,1470500.015920393,2032270.3180652128,1189115.4086321685,1262171.186824002,1421436.4034553082
2036-06-01,1502081.663351206,1325851.0180580735,1920275.6705859103,2280052.054122858,1424162.690111226,1938682.3270890336,1513173.347684802,1287457.515409853,1276670.3246910207,1033446.7012845342,1635201.0468033643,1400374.2394957577,1807679.7760648509,1275954.726305873,2602811.697532887,1499761.1779955677,2047432.5920712058,1201979.4799814536,1243609.3445702773,1413811.3321766916
2036-07-01,1482649.4349433866,1300300.8211286468,1931446.658118004,2275751.485409287,1386911.6748031043,1970096.7098890198,1532221.8488018827,1297441.9618009913,1275545.6631349719,1025467.4156043483,1628712.0547445724,1403695.4306305978,1803360.3238654041,1286320.0207889406,2596183.913150633,1502217.431811514,2080546.5205894127,1215000.0456301984,1225593.1041342614,1406739.996502785
2036-08-01,1473025.2634333766,1277416.521755569,1917235.3079402263,2257960.70796306,1359948.504298232,1999709.7981289737,1545435.8535410084,1311851.9803501419,1273591.3389941822,1018382.8834869113,1631646.081409484,1426539.2434255092,1811109.236928143,1283270.9561680283,2585249.554757501,1488618.6981508117,2124162.646122154,1215199.2827194945,1218048.3244447454,1394326.7689371568
2036-09-01,1487600.8007415459,1281340.7350990442,1925017.8742121102,2244123.5924930167,1339688.3062270393,2023311.9716661263,1566281.970503757,1322663.9673754275,1283127.198325624,1035679.7099880746,1647252.7627061177,1453532.002196078,1830481.9753340567,1285093.2589843117,2579399.203569213,1487844.014952965,2153860.738149134,1209132.612930752,1218076.564904947,1394976.337372261
2036-10-01,1489686.0206895764,1301394.649090515,1918810.1154343009,2238854.0587406475,1340716.0838945014,2043195.8335817528,1589723.5004318873,1317333.5371264918,1281687.370043403,1057829.01384057,1654907.3797009147,1472769.715794952,1848015.5282844014,1280404.9679026608,2552959.35402233,1490222.9927304045,2168000.2141012065,1209436.8749986235,1223169.9008867869,1403054.6430992666
2036-11-01,1495149.3828740285,1336646.0265884716,1910028.7652527615,2260284.021314817,1343070.1537182555,2030039.0443526679,1612850.0256683067,1294382.7870410231,1273375.4586077926,1077236.9251282627,1643423.6646603558,1461617.027956685,1848037.3925517877,1280145.004374823,2542454.21532257,1486869.1970591983,2164694.265122409,1185691.6446409144,1229487.5069186985,1392842.7637173885
2036-12-01,1500284.1266127832,1362818.464908475,1927886.4004166736,2305624.3180729067,1358665.389739785,2032227.1565408383,1629224.5850401164,1267089.5767701946,1256996.1534166853,1091686.4586700816,1652579.735341325,1428281.3346378137,1854560.3982999022,1299707.0922795876,2540410.7083786377,1500317.4071955786,2142893.4805244743,1176783.8714109217,1227543.843871321,1380113.7753313764
2037-01-01,1495186.7352145892,1374476.5126212235,1941066.7318139626,2351928.502363517,1387200.9215466098,2010993.483922798,1641183.2899708147,1257640.4650229474,1261147.8871999765,1110454.482833927,1675815.8217916442,1397669.0221114294,1881422.97721647,1315605.5151309595,2548204.277194476,1512346.3502616677,2143521.7976645753,1183247.120615833,1239060.8972233334,1359766.3498824385
2037-02-01,1502632.5268383585,1370653.858381841,1973475.0130928243,2410581.7244062717,1417728.8479343955,1986757.0153677585,1668607.06861537,1258216.7828278146,1274053.1260294644,1125809.8617030014,1728911.2527938026,1379358.6868325437,1917590.1128159007,1336750.5185402322,2528719.3728922335,1521377.1796284695,2170683.3079764787,1209474.2139662693,1256169.0950890954,1354881.7433108543
2037-03-01,1494778.4203019293,1366984.4580694884,1975683.4113125873,2457392.925193965,1410577.985659247,1945166.0435598341,1684272.9319619255,1256935.9442190358,1270980.5569588162,1116404.4309795026,1757160.7947758674,1389397.066819193,1919073.2680354768,1347817.6255814214,2501884.5731466687,1511895.7542586315,2191418.030891272,1234163.4200174434,1268135.2769108412,1354707.6259396202
2037-04-01,1508627.897366006,1382621.850082467,1991196.7280881722,2509179.087680103,1421218.1128742266,1943088.2253275788,1717934.638300481,1261876.9818295871,1266603.0075342986,1121197.423942151,1768348.1669775997,1418848.044451669,1912265.8412496976,1365934.7204941628,2502099.939941938,1509043.270681762,2197658.5139924535,1257637.738776308,1267698.8340216642,1364839.540290887
2037-05-01,1511070.5362728704,1395384.05785691,2015214.0057036611,2548515.258373448,1452120.3956955045,1975256.2358369962,1732832.3812869075,1266287.397187674,1265238.537467379,1123542.9232847227,1773756.3415425622,1434062.826526685,1950490.6938039747,1374912.228122392,2507074.501849175,1530211.7187668448,2215934.23279964,1266353.6560753419,1279180.900433083,1391030.295032185
2037-06-01,1508988.5483725695,1400111.85149307,2011786.933782129,2550630.235856349,1493206.8472152508,1986546.4713566524,1741416.326582675,1255384.0053966383,1262503.3100008327,1116885.0574167087,1779079.54242526,1429664.2442705464,1965253.8253330206,1362701.1413162574,2519829.8874538825,1526876.0437604715,2244482.1373942024,1285145.4876212978,1294748.4130901843,1410366.972011477
2037-07-01,1499250.6811463134,1405915.899319214,1996818.663197286,2545572.549701062,1524253.985434779,1964451.2623996162,1758905.6881474485,1256378.651538697,1253401.0281127063,1102154.8773212386,1798585.4882663102,1400874.889690248,1999420.9220933768,1353013.4967736201,2524406.502907379,1517283.4964059757,2268832.096374946,1282155.6570888257,1296887.107138389,1423926.899257433
2037-08-01,1490505.2663854703,1414028.6614233283,1967160.979829746,2566308.1136842477,1529381.0751148043,1947709.5874910941,1781736.9402025167,1248493.4920421776,1249998.6637478485,1097503.344387652,1834669.8988342544,1401903.4423077365,2047810.9870125486,1340327.2175358722,2504058.171454964,1518782.7002509127,2299659.8798068715,1285230.8677062516,1296021.9579611109,1415999.9937524684
2037-09-01,1511227.2055064775,1444294.843315181,1969866.0528189386,2589569.7792203054,1542769.4466417234,1952623.3301366847,1801892.3679538856,1236191.0006114447,1251647.2445647803,1104927.1247333302,1879028.780406528,1418634.0981748747,2108774.8817522065,1338238.2106262327,2488936.6639853395,1520285.622338267,2319050.7566162325,1291299.884362799,1308046.87690026,1420365.8385869446
2037-10-01,1509391.602681838,1458739.0742296006,1967299.4772268105,2595584.7000829936,1550461.6202838384,1953677.3110241238,1829503.387658032,1226272.496259015,1264793.9407323056,1104297.5975101562,1907037.9899500632,1449316.1262481797,2125819.772553644,1343910.1061420785,2484544.5398292067,1541552.9665648877,2331665.8055630527,1290863.1457481275,1319957.621505461,1400476.2779011833
2037-11-01,1499872.5674993722,1478690.3045742218,1968749.601421997,2598906.8190232455,1543985.3747758,1965338.4472782742,1850694.8101389534,1227617.567286384,1255895.2286422402,1107339.1589562194,1945835.6609940415,1453087.088300856,2104044.9335294915,1341884.6262437338,2496475.102231244,1565517.5056086658,2314219.463517735,1289268.3395001802,1322873.7277568353,1375814.8733666518
2037-12-01,1482708.2470843506,1463391.4487772947,1975239.4783944173,2583868.9672417836,1540812.1942710092,1972381.48136513,1836850.8814211409,1248789.036101284,1252255.1304251077,1115907.919630818,1979622.2937487538,1461234.1642742048,2081019.8133851883,1336377.1185251416,2488568.11284374,1591192.959709181,2314761.275893105,1295751.122995896,1311721.3140498705,1351626.307933446
2038-01-01,1496191.0264154766,1441113.661562814,2007997.114589353,2583647.136561928,1539341.1267612346,1980060.1379815997,1841405.1184837287,1275362.8641906877,1266875.6521490407,1132920.7347697243,1993525.6269820768,1483241.7239108144,2098572.184228494,1328747.9441938156,2518010.3465200905,1628024.9858130545,2327976.0746850986,1316729.927945558,1316436.6307643715,1353549.3203796118
2038-02-01,1522951.22685326,1433987.5530955035,2011706.6757762325,2565824.2901049424,1537149.365298091,1977583.9652707411,1886545.8781739671,1287479.7136902658,1288092.425810644,1149172.0286181848,2007901.92941743,1486193.742527276,2117875.155807559,1337629.0427972802,2561480.0819216613,1671023.0845498857,2351914.263228355,1330164.3453209733,1332418.6172161258,1364434.2135800447
2038-03-01,1537986.2629419647,1423179.4301286216,2014795.0249052683,2565916.743881709,1514116.6100816247,1995963.5988385188,1954193.6425616988,1285919.3408606995,1303242.4520386101,1158036.7986817202,2001142.2962790546,1475669.8781263884,2127099.9655200914,1337291.3617220172,2589635.146024851,1693319.9604919255,2351027.7315037213,1332412.810678027,1363213.3718460472,1388155.4602615102
2038-04-01,1524112.143765509,1432512.397078454,2012759.651664387,2555361.1756042824,1496679.5635830872,1985618.9475049286,2019956.0743170963,1295031.3038527844,1312394.4297051833,1177885.2440829687,2021366.8959056414,1469768.4987531735,2137236.77378149,1345432.2793375552,2634671.7466387087,1716139.060626963,2367249.113158869,1327186.6958302257,1392642.9712243935,1405117.7219296095
2038-05-01,1544872.982227389,1426491.8358457563,1998552.8142191533,2555017.7356973127,1487082.5661696154,1990440.3226047258,2057786.4696611774,1310797.408368574,1329024.715262694,1168668.2513650586,2022547.1696769695,1468785.8492805522,2165820.4402063326,1350753.4743958977,2668661.1144685377,1746841.0982481728,2367376.2927451706,1329921.204107197,1411366.024622004,1434195.0993735734
2038-06-01,1549621.2430557667,1428310.2147684335,1974571.4706920814,2555205.544774341,1484190.38556707,1999039.187250761,2074915.9698204403,1317689.7378691982,1341242.5529023802,1171121.2892794607,2012079.6440702751,1485810.298598777,2214430.0224281647,1341201.036215278,2692992.90757064,1738440.8990681567,2365974.682087371,1315344.4616827157,1412704.861255951,1435333.606920786
2038-07-01,1534452.4824248748,1409717.7757736382,1944946.1940183032,2578847.425865359,1479054.5896524189,2012955.8670919507,2064724.2942588376,1320507.3453084761,1324426.3007922731,1163615.1736208077,1993623.5252329744,1501719.3158908247,2241149.8583422787,1344723.399069587,2653232.982738461,1744163.1614204557,2376775.5733401706,1287677.4288577205,1408543.1624123703,1430953.8989892078
2038-08-01,1534950.586987212,1392926.6894515813,1907364.6156478554,2614046.142450159,1495553.4049750788,2058250.1528085263,2074044.463700878,1299516.7242921249,1315239.4109663814,1152735.787057283,1993153.9701728143,1526097.3279429215,2265176.117485502,1353164.6751311177,2638019.573216804,1775499.0372645808,2372455.880759865,1262361.9235567607,1405152.5410014254,1431821.521059185
2038-09-01,1542739.3004019188,1418950.0145966634,1882943.2112459089,2649626.2600862426,1519396.1918137004,2105801.145163962,2109823.0645656623,1300485.5935079188,1305046.457659436,1146251.1363626588,1984614.193967893,1531006.8042209453,2277565.2646826277,1379633.6707159786,2638089.0843997933,1812586.0549514885,2365504.2315308144,1239158.9128121454,1387378.6530991327,1428070.1466364507
2038-10-01,1536115.9793674,1455244.3413167857,1856742.4375380618,2632885.86764446,1516548.7369852837,2149423.622109014,2144974.1537494594,1308987.744687904,1311704.8309582283,1128419.0041393994,1958607.4252002304,1531785.8445670838,2256906.4221742903,1379024.5154735353,2654591.916477493,1848164.361811264,2363662.787880498,1234040.23206377,1363157.5407797787,1438987.9924595477
2038-11-01,1511104.7646418882,1498777.9299554632,1833356.1145118386,2610263.8777050157,1500275.1827375703,2157553.866572571,2183339.3878151495,1308091.4849236035,1300697.6447043433,1124737.9319866276,1906246.7513773853,1525027.1927572805,2244987.1436085417,1370422.9033876017,2630481.538343477,1902809.100039557,2355630.7339812145,1250714.6714197772,1356915.086610633,1430253.791864701
2038-12-01,1511668.9049669355,1518976.5733903893,1820420.2637597027,2618878.4242679607,1482729.3059374327,2111126.6003971985,2221756.2317253016,1302655.6571280488,1293018.483851278,1125133.3312311126,1888419.1765752432,1502989.715984374,2252126.895329889,1380125.7666931462,2631573.7837367174,1942713.753985932,2362804.671339037,1277785.1595900685,1346082.2797566545,1404270.0367199983
2039-01-01,1525497.4073089117,1525663.1228003418,1799665.3622704016,2646607.0035811733,1478540.322988157,2079015.204108531,2280504.088785236,1323983.4674817703,1294011.197189869,1136094.3195569436,1870742.8628473089,1501897.4556505287,2263824.2137180385,1402591.2528416747,2629561.831366272,1995609.1856982554,2358515.6118915104,1304146.2324574674,1337569.9044954968,1400227.6921623582
2039-02-01,1540552.3126385696,1537377.6488804787,1785289.2061066153,2655767.7515748246,1507057.1317364948,2067879.3819054326,2333633.929496341,1348170.466520784,1310665.402698014,1153588.637218952,1892174.6255526517,1504819.3450689875,2283978.9064604845,1434904.4565572243,2679384.369419439,2034266.9048749239,2358791.9718340053,1336315.3866773378,1338263.6952629762,1394274.0225802204
2039-03-01,1546795.538103902,1524311.0307735223,1749295.726447931,2702032.193380825,1531889.5074451668,2058611.244564162,2335657.828237032,1349517.2483947612,1314422.8195461936,1162878.0016521446,1880352.019626595,1507253.1116793915,2294461.453765254,1465437.2257716998,2701495.985823417,2081350.68443927,2380825.3928056667,1357620.1298174504,1337444.7945262888,1384333.499507532
2039-04-01,1562730.5875362619,1512083.5802172367,1740239.325507518,2742350.806343996,1537882.884197656,2036004.292827979,2329380.1876686127,1347105.7623139455,1314963.8095728417,1163330.3245023522,1894066.1332894722,1531738.55115474,2302878.833410009,1493532.0790678319,2746903.9509886308,2110631.3682868644,2403986.4524465133,1389858.4825514837,1340829.7525150182,1378294.9550220885
2039-05-01,1564265.9545226984,1524371.0524813775,1728789.9645939376,2776562.010158191,1535421.919810449,2016745.8078585085,2320816.7730657225,1356158.9855563529,1338313.0604888164,1166024.8562929872,1880789.675190056,1556067.873144195,2284805.8858872894,1521480.7514191675,2820612.4165486535,2142684.6069505694,2428693.7394311987,1420637.2485783093,1338002.552232841,1353875.0714436823
2039-06-01,1586057.1125764882,1528395.225218786,1710234.339271836,2759503.8126833173,1526860.0554831806,1993664.49722573,2319183.385519943,1356390.0944119708,1361906.1958447015,1181740.1791544268,1849687.2474849548,1581494.4085916085,2300076.0850410033,1528876.6134338635,2845191.2931042355,2151580.8475148478,2426416.5212043887,1452968.2704559825,1342628.3245861952,1368580.6215227111
2039-07-01,1589103.8998338268,1527292.1272800881,1717453.4544723122,2728510.7658209363,1505999.8859724654,1967365.918782652,2292510.6603746656,1346370.6572629055,1376578.054795962,1193827.4174254118,1827560.135928948,1588307.0960821956,2317472.7826526356,1517564.8091786797,2852426.7031496563,2163887.4062775685,2384406.044017518,1482000.744711807,1343688.4853816866,1382470.9422029946
2039-08-01,1579881.4867433424,1524050.1448764212,1738588.405963018,2692917.8589260527,1502590.2443304062,1976665.141413818,2292318.5400057198,1330813.8798090771,1382494.7580577368,1195822.5208123245,1796542.0750360985,1586462.9339707592,2314093.0673210723,1527436.0442078353,2856799.664905836,2148710.4248411055,2330015.294808037,1493479.1356911748,1339155.141508184,1392000.94429391
2039-09-01,1571652.2671156893,1528860.248098467,1765038.08836553,2702730.1280443273,1495825.1120481344,1984361.1296463942,2324813.7946071406,1326620.1383540255,1382946.7424825095,1204160.8256413573,1768562.0231732023,1590098.802229507,2329734.9051442756,1540068.5498277342,2850132.472426946,2167432.406445357,2302289.7276419625,1514363.675787015,1352750.8521541504,1389741.6495892713
2039-10-01,1571475.9559581373,1522476.3668099467,1779038.6953470763,2729824.801341608,1497348.1040879409,1979728.326433733,2370005.717888571,1315893.5138254557,1383855.784489512,1199115.9616192724,1735751.0623611049,1590179.9367789587,2303143.5524064396,1550304.5505191204,2846657.075330014,2208299.8413215904,2308156.1902122735,1528486.035088712,1331015.4278978172,1383201.3556786915
2039-11-01,1567716.579688213,1493477.2099370768,1808615.3654724231,2742852.465445746,1506417.7484684808,1982408.8702418688,2392504.9787045405,1310782.8861486528,1384944.0287143956,1185332.3497510701,1707281.5787826295,1579965.8026794957,2276355.7360881045,1546773.796524222,2833735.795077219,2250902.4444623953,2313610.7545202454,1527056.3716135372,1322990.1117083689,1360026.2653899102
2039-12-01,1562363.9087508628,1476776.4348283727,1829855.0798740033,2780662.0327594723,1515330.877349144,1958584.4350168465,2374925.322962662,1298286.584662505,1365945.1473707696,1169601.3790213976,1702279.9658972234,1594811.8956468198,2265195.031320631,1545921.7866037842,2832989.8426393936,2258475.568777576,2330151.6330406875,1528671.5370234728,1325613.135625925,1341378.282235656
2040-01-01,1572175.5677846998,1467656.7051945976,1872155.9899751616,2784618.8103710148,1524966.7742541956,1976079.214413345,2395464.7979330597,1305177.6105322626,1352981.5540847331,1161419.1232342557,1711538.5850513636,1640799.316870067,2261643.189084847,1554917.8887840847,2864522.656401756,2299249.195912415,2319955.838622035,1516761.2131083899,1343092.5782577023,1338001.1896884735
2040-02-01,1603280.8671752803,1457369.9835501171,1908729.8016140894,2845109.0837079263,1524367.8530426668,1990781.2695676044,2421305.4757753666,1320637.1934862225,1367285.4071563068,1152282.153902189,1720316.7170948593,1689898.188590063,2302218.0231107334,1566285.8321986396,2959653.8075831006,2295512.6093494417,2342792.629664644,1512544.0942987818,1365425.0164993543,1331554.8011994122
2040-03-01,1626776.61731362,1451027.3210445577,1938468.5064994371,2877529.229823422,1542097.1039031583,2003274.9450042336,2480008.770521151,1333386.5997613352,1381346.1290345315,1146252.2311199023,1725272.4928213912,1711734.5600755697,2321730.1667095595,1572019.6873526112,3049557.3659514314,2306292.442345502,2355559.7240597145,1492428.634454814,1384312.314294074,1331780.2828011548
2040-04-01,1639521.2839748694,1437034.7434190547,1945541.4954127993,2896475.337764002,1560160.774992821,2032569.0755472267,2512618.012750332,1342840.9109382525,1372711.4180560366,1140085.8170942934,1727336.1912233038,1705798.406393376,2346462.8500856967,1561315.2040622246,3107774.547308227,2306148.5934805614,2396011.9154335703,1479379.3423900097,1399193.4567825322,1325011.9925873624
2040-05-01,1654632.9339702898,1436011.4909820657,1965611.3468517668,2914431.746411004,1568009.0300889872,2046688.0050008872,2538947.0457546227,1336845.728951105,1371345.0047743889,1144946.9556382843,1737876.4388476107,1695701.5910515161,2332079.770205662,1583600.0288361625,3168184.5008936753,2323381.7678763443,2407472.105115241,1460642.2548902312,1419560.8733038162,1315276.5513500252
2040-06-01,1671889.066563139,1439830.6849638121,1964389.5042040693,2902425.4242460104,1583899.4419701379,2054003.875224053,2549813.2449125415,1336082.9246162064,1359805.2171535462,1133780.2092477714,1732766.1167519265,1689955.4931028313,2333892.636737661,1607627.84732527,3184313.4353457424,2325124.3021631227,2403632.004491563,1447078.2509606506,1434936.0587959038,1314971.745396313
2040-07-01,1662358.6463269726,1443490.423611519,1948069.0906671616,2869415.3825606564,1566736.886525863,2064932.2287028048,2522314.5133616035,1319574.5395863096,1341682.60166866,1124825.7972165819,1745328.1492975226,1684559.1211949575,2335907.399380592,1606701.8117859385,3135479.4768041973,2350802.949352825,2380815.09474854,1443291.786180748,1447325.9654791981,1309415.3527651231
2040-08-01,1646130.171107977,1465014.8521426928,1936945.6572120176,2818806.0988248168,1577214.2756248727,2067771.0529320708,2535365.0236642305,1316544.856665827,1350046.8982484257,1117454.2982053251,1746504.5441810782,1704159.3264141746,2350656.931465438,1610657.710636909,3066304.837966326,2368109.7950975825,2391396.9886650913,1460224.7945532291,1435574.5533760756,1330253.6782664286
2040-09-01,1645798.7241008964,1476184.325578069,1941822.3179193884,2821994.1919479193,1583282.658862605,2045268.561377764,2558218.6804447044,1324798.479946046,1374148.2201082795,1117894.700371634,1762395.691415035,1731288.1735126711,2367918.8725521364,1595338.1444345734,3016329.0877957726,2372912.6906487294,2389930.4306467897,1469020.4873714244,1441695.1281956474,1350230.6149966489
2040-10-01,1644511.5822213548,1490594.5886465802,1944222.0863988542,2799940.1619648286,1599265.9874850765,2016443.6008378696,2602440.304945714,1347265.419379766,1412763.8713205357,1109664.8613952422,1758246.8360644255,1753723.2426002803,2350956.5737447185,1605189.2789567192,2986903.157250987,2335130.207375538,2382343.1685645585,1450200.3034083187,1429991.2537046159,1341367.0396176258
2040-11-01,1650424.9709302587,1490190.656414723,1980508.2741194048,2789907.6695866357,1607452.0731800478,1972491.820668982,2623353.6973862667,1349054.3417180665,1435021.9437225603,1101862.7687307487,1746167.7636319757,1754149.461291147,2327454.9315475244,1599916.2591837074,2953206.8463747967,2314035.999731115,2364254.7709449762,1424537.7233202842,1427584.2650233523,1341026.4596924223
2040-12-01,1669485.769982752,1480334.345494717,1985991.5863799201,2766210.6104060537,1615340.9415364226,1926119.4057799682,2646667.9632284855,1341573.052722445,1464505.1967994894,1099849.809601274,1759608.1272676229,1734415.498587734,2292639.0588849843,1604458.6291483056,2907075.30477983,2310083.5532423975,2372253.939509365,1406973.0535442107,1408532.473544002,1353683.2219483426
2041-01-01,1685458.6018038967,1492156.7648814996,1996937.5868276672,2750941.3559109597,1614769.8357468045,1907125.5861092121,2699043.6251707175,1348768.9629624789,1508096.7539697285,1101153.387768275,1777743.7278152318,1738697.0841371268,2289034.5768654565,1592069.841883348,2926959.618490856,2323402.268424547,2408372.013027185,1408259.7595620793,1393588.1962717131,1373423.3845619021
2041-02-01,1695152.0008831813,1511340.0133877392,1991493.6041768766,2752475.3054501507,1615571.5532846015,1913376.0710257012,2758115.858484786,1356366.9388651461,1541632.93278414,1106615.6334739851,1801104.28297125,1759919.0742460033,2288707.8514931123,1599832.0494684,2964116.799908621,2342099.854810641,2458603.041992411,1423667.3143249447,1408209.0981898897,1389035.5799861408
2041-03-01,1686888.7771316047,1540388.8516101025,1983665.358367604,2701349.4108635667,1607774.1993302712,1919082.17372247,2821243.2077519703,1350753.4306029698,1561594.5921280107,1099286.4063685932,1822588.5579338078,1794070.947546297,2292712.788070701,1601071.4833963152,3006546.4821576085,2310882.873914258,2489881.3665272323,1425587.5799879313,1420167.7276547754,1404253.963255805
2041-04-01,1678285.9817230697,1541907.6371804562,1991918.9798371757,2691784.122262877,1616818.5356429056,1940380.0653869282,2865759.042902687,1362512.5610905292,1571690.401064266,1105815.6396677762,1845194.3304661133,1827550.6449772334,2326076.267809686,1593892.9622217687,3025224.137817287,2292691.2660791953,2497228.039721131,1433647.8350564507,1433727.3464806536,1407556.9376183245
2041-05-01,1705004.4272296974,1544060.3446729402,2011651.9186547468,2690038.7396323327,1620274.6881794212,1913548.9913211674,2903867.528584927,1364566.2661334972,1590874.291724806,1122121.4286653935,1881216.8044796768,1837000.0869404718,2355572.9574374887,1621273.116141921,3045013.1044497276,2347233.5889492114,2476943.8252093876,1447713.936028613,1453831.1369166286,1409797.149917777
2041-06-01,1715512.3507378527,1517026.8303617074,2025701.652309249,2720240.7997772037,1620781.8339379397,1857711.6231356738,2928230.9065768416,1378127.5307038522,1581296.7507006545,1114493.0913773319,1947058.5557955126,1836561.8746662207,2347381.1541256094,1639291.6768604578,3072611.09955836,2416140.10935478,2454135.757187381,1438019.69573322,1466298.0290196599,1419079.9815914081
2041-07-01,1730161.7235842757,1483672.4198764854,1996549.9779100285,2741998.7496170956,1578869.415292785,1821309.6300105678,2946933.60427265,1367889.8490978985,1564277.834240301,1117915.5552714614,2019857.778356074,1833744.7548983006,2338140.2113547046,1659760.1372999386,3037240.1257057604,2446858.6952456776,2430755.1997764744,1417543.5725398082,1471065.347373272,1441104.0529617015
2041-08-01,1720312.1379850707,1459034.6958907405,1955045.9322641285,2748408.210468076,1561835.6711495633,1806969.3518084965,2983498.6709034895,1356707.357163454,1551598.3298393954,1121549.7184890627,2094853.189715144,1836469.7713755744,2329097.8817992364,1658685.9587596003,2990761.3995453836,2426722.5530401813,2439039.1070521288,1403996.425307807,1472951.2100090848,1471800.3583281853
2041-09-01,1721061.9341677306,1466980.0473689532,1938216.207352063,2749890.262519777,1556163.9156998126,1809972.9948089381,3013352.971638474,1349845.6904973714,1556730.3742279853,1118585.0276435819,2126083.713881312,1853756.2393030168,2315056.4124657046,1663025.4400965117,2969177.6367580574,2403753.807662886,2425267.485485236,1398330.6826893177,1470473.036505783,1468473.2006824093
2041-10-01,1721088.367747501,1488893.283323621,1939093.5817042957,2717312.7800466195,1557419.6266402102,1792554.5687626328,3066311.3382251225,1337620.2914817948,1572872.744392797,1119609.3090520254,2147095.314803341,1866371.8357775982,2305027.103847955,1655787.8653971467,2931955.5513269966,2394407.13693674,2415008.058539374,1385541.4828274292,1476625.606525326,1452921.270842317
2041-11-01,1720744.5192331756,1517701.191569579,1940604.9313582983,2721943.341749072,1565625.4720797061,1785739.1191344555,3070632.9715785766,1322564.3492402777,1579091.6305296351,1097782.357821159,2160778.999827093,1849267.0356515772,2312236.260344729,1652537.2429464662,2866134.0913664396,2373810.775329107,2358367.516917705,1383025.34328435,1468287.513007399,1423438.013737313
2041-12-01,1739779.1891698213,1533408.155864928,1922859.798236779,2701707.5690980563,1559631.4415717437,1766056.2389673465,3063109.380107042,1302602.3924490537,1583575.8973149878,1102119.6739064911,2159101.492170446,1858236.654321799,2290285.6672632154,1656870.6815742424,2823225.948967253,2372273.1556919427,2317230.1011809953,1375937.2278615267,1472132.283553782,1416729.7889930496
2042-01-01,1765396.2162088703,1522301.135046638,1934803.909876426,2717247.6084119715,1584392.894456024,1785785.0487395648,3080080.9344870276,1296337.610854601,1603025.7106487309,1103500.839919765,2174868.0600139834,1875810.8723949129,2292544.815771028,1673500.3999570569,2804417.416221898,2363907.035081884,2312517.4136470133,1372841.442350315,1496422.696774481,1420683.808448265
2042-02-01,1781854.234722687,1514450.947367847,1962155.3066499298,2690941.8158316435,1625396.894696524,1804407.0120535677,3132574.7784100384,1300479.1804664463,1628993.2856618376,1113157.6308774455,2193811.280262214,1920606.4694330434,2306036.0467079673,1695572.3295667435,2795233.953057294,2356436.0209294334,2315790.3015234936,1391084.3044247434,1516185.4331415514,1438306.7043594734
2042-03-01,1774440.0032705667,1519133.7212746453,1971232.8211745787,2660205.464192252,1644751.2905087972,1766199.2224671987,3135792.5616206,1298891.4054836994,1641746.4919795895,1120808.3326971882,2200643.093253551,1946760.812517296,2323573.4160124185,1674883.0811097852,2763881.4146362785,2324131.947895143,2305560.460743784,1392342.3799369955,1536961.398413796,1434344.5542964418
2042-04-01,1754391.1796649783,1528816.233976232,1975439.255852904,2643263.4888421744,1653075.1989386124,1746456.1336422933,3147968.918340896,1305508.666780532,1670800.5059917883,1135203.1026760992,2205870.737247459,1956032.2999474676,2378874.4404609897,1645921.2051723832,2756738.346758667,2291119.2091118037,2286414.0440093568,1390820.5621048375,1539185.5592910363,1449936.8697480313
2042-05-01,1774533.38408712,1531515.6536737185,1989049.1592357224,2646631.734883896,1651713.9644918023,1727153.4747412596,3178450.7540828865,1312308.6923739403,1678227.855437096,1139531.5121651744,2216543.710432349,1946847.9778742404,2415672.680220662,1632145.1534839114,2760090.655802817,2314227.9617979457,2286648.9485573443,1399791.0011242658,1561478.0154047608,1442568.7112122963
2042-06-01,1755062.2650469902,1523727.2709722095,1980125.3030650797,2619715.990973426,1651040.6382740212,1702222.7285949055,3213884.3383301073,1321563.1024466297,1683134.714571139,1146608.6318327459,2231171.5019969707,1927963.6118905134,2439031.064201709,1616926.8961965127,2776223.431048004,2317747.8019002574,2253202.4596659057,1407440.8670943803,1560672.247598546,1435677.8177184998
2042-07-01,1743359.750995194,1528641.3296293132,1961818.0843480283,2620491.65026254,1645957.3567210492,1687207.0296916945,3286993.251703625,1315754.312407648,1685852.2690216994,1139835.1262105496,2230443.9496592176,1874799.8797380861,2418106.703739843,1617303.4174875906,2763396.774355697,2315096.447268226,2237903.740199985,1403018.1883575923,1554305.0964891224,1423506.0119994986
2042-08-01,1729002.8349153441,1533062.0584040442,1967316.7219442471,2600999.348959888,1648837.5386429161,1718814.056888218,3319968.479358231,1316841.3635600724,1680210.9414931403,1141008.2493919982,2215715.8156122784,1841005.9557642185,2441108.8432811894,1610988.5431434491,2756079.2008924577,2328324.261212656,2188255.671539044,1393272.6803696114,1560236.2710612055,1412190.0948264003
2042-09-01,1708893.684456238,1533317.411717958,1972750.1384380623,2609871.3557286863,1668141.6748872865,1769856.0629687803,3350437.445837752,1336890.1010810821,1679457.8243165729,1154590.9559067064,2205442.6849064557,1849525.8014259287,2449581.7142860084,1614430.1536288275,2739965.8591925586,2365344.33298092,2176205.6434063185,1389751.3892203069,1578702.217667122,1417785.936109986
2042-10-01,1704762.7230778218,1539066.9554230848,2007151.203762053,2600481.709674895,1656958.7778264254,1801843.3007301588,3345959.015397686,1333806.0600526163,1666587.2579989762,1164119.887947033,2193736.468284759,1879196.83811164,2477753.268972463,1617939.0052461205,2727176.2131524077,2395606.4084284254,2157935.490579851,1373535.7016993521,1574691.2779287812,1416690.6662294085
2042-11-01,1688255.9263725155,1535713.9733452874,2042747.839909305,2572566.804689301,1661197.3290942276,1809822.6021971686,3269293.0577299017,1326748.5640723226,1653361.687140732,1168795.446106019,2200002.285067266,1914075.9949683833,2483861.644709454,1608684.263505387,2693820.1113608344,2417307.3811352537,2142176.372066166,1363701.1882970587,1549474.9283058387,1400480.7349372033
2042-12-01,1673858.763255695,1529198.0301491746,2075020.5937845476,2551602.155903647,1668935.1892338574,1788864.2462088056,3253969.5569100734,1320847.1164197316,1641666.0467568375,1154840.2195998647,2188026.5756955314,1931362.7403515715,2485747.794025241,1593539.1554054867,2664461.0466038487,2412815.4216068136,2127487.6195191457,1343484.6872771364,1533432.5126556526,1404836.6845375374
2043-01-01,1675933.7965283587,1553413.0961878076,2083268.2115704708,2558480.5951597244,1703427.2524181306,1789585.300118645,3308005.042905847,1346932.4020261152,1631521.5700995328,1153034.576862594,2189478.9984100023,1964170.3323829467,2454458.812301251,1599900.9474280854,2680254.315966423,2418848.90980921,2144918.3090402363,1321569.191978337,1538061.7424986034,1412160.7654858015
2043-02-01,1679791.6430585322,1577312.0298517256,2095744.9910694116,2551772.7222971325,1708045.762617608,1813487.0663921111,3415377.878735425,1382772.6183369157,1643770.3303824142,1171103.9021180142,2221128.1615773267,2002021.333901189,2443069.300799941,1602959.8832039821,2728520.170728557,2410272.015132948,2172795.8551089754,1320040.9928103515,1561187.6912160618,1421709.6494277455
2043-03-01,1671613.9400910465,1579937.3622751187,2126619.349082569,2529802.1945448876,1722208.2011403,1818009.9115367164,3467662.593271729,1402702.8081581332,1666003.1111831965,1187705.4638599989,2199952.0664821058,2023713.1763378913,2402681.2570144786,1613454.2535544622,2781796.019457722,2411193.793628436,2187260.386823853,1321110.5661297177,1572733.762246089,1419388.0989449027
2043-04-01,1681673.7402921522,1589709.1267320116,2136011.5694601005,2533703.51968603,1736980.400028988,1821486.3070682932,3515222.800718765,1417203.055892022,1688567.8425280503,1209410.8577605477,2188842.0931653767,2034781.8031267717,2382450.291953418,1617013.3739867434,2825480.9324953905,2384696.309045326,2180520.1969017517,1338610.5449182016,1590305.9554230252,1421269.6331272833
2043-05-01,1693120.086865629,1607913.9935350828,2154298.6204110086,2536703.580340362,1766821.6515456855,1825043.8264835319,3571081.7087025507,1432817.417148698,1715822.0692625674,1231926.6890876906,2171681.673322266,2076083.2834378565,2372842.3415132863,1639341.309938187,2861244.003262327,2373075.8801395865,2177591.3890545336,1351671.5062864819,1581671.3785079576,1430950.1190922474
2043-06-01,1710437.5764302642,1606272.1140509532,2175939.820963054,2525238.743108764,1768142.3612278474,1797475.6158462202,3612282.328186274,1454692.1835735086,1732573.1078960856,1243560.7608534566,2148935.787006767,2110586.138142372,2358039.407599881,1643390.4839166992,2820067.7570863785,2345341.602555303,2140872.676168739,1357798.7522517226,1561947.0374233404,1430933.4479700306
2043-07-01,1708573.9200302006,1598067.795795254,2192508.58028931,2523906.5708122915,1758309.1357551485,1750449.73012069,3633603.176421234,1450132.8803300303,1760896.527475383,1236696.2758699283,2103324.0804775674,2142996.718688786,2346614.8510992792,1654515.0358168436,2756256.114951794,2316515.5105274473,2102230.2759607877,1363313.8344972974,1554597.4443106812,1433810.7734436004
2043-08-01,1712847.3036625646,1569595.1434923264,2214564.60583061,2507189.797327564,1739676.4323629509,1721830.4066975792,3672591.662113535,1468266.6960879571,1770645.0405105657,1223380.4227595641,2077017.8293505223,2167869.1761794924,2339955.9719822933,1676885.2825302894,2695613.0875908593,2332501.0296068005,2055118.8506683186,1367860.0000472087,1561485.4759261867,1446653.7745712895
2043-09-01,1718085.842668732,1583916.442332077,2263755.8600532003,2532658.1102701784,1751989.2235562834,1714555.1375623075,3718850.962046357,1494186.5955360753,1783594.3391979504,1252901.490101351,2049160.1058188193,2195510.788121737,2334455.980481232,1704434.886504109,2688122.7761322754,2347113.9661562624,2012749.8449183153,1387597.8884823658,1590204.9591370889,1462927.3944259163
2043-10-01,1732031.9138638552,1572581.645442109,2295806.8492767722,2535812.8299369314,1737415.7641983207,1719508.9708522775,3788780.384017956,1515870.348974743,1796789.239865055,1285647.5111677563,2022896.892674175,2205878.240609126,2311074.5330685563,1708633.5474680278,2682131.088164004,2357599.224390292,1974601.4980937613,1387577.0398554932,1595161.5444654026,1479290.940769796
2043-11-01,1754564.3073927586,1569933.99069658,2335752.66596672,2544676.426608224,1726202.69183951,1721718.4241528977,3848575.8297759756,1519951.5024863894,1808327.6133379648,1311996.84467046,2007851.5051385988,2216744.239792448,2302567.5353295403,1694414.460849788,2683526.0949348886,2348586.05768944,1951556.0720743216,1370128.1849034117,1602758.080728273,1484880.867829005
2043-12-01,1749459.8962407077,1558206.4359580132,2365688.2018259964,2539071.767715054,1699888.2790400283,1737796.6413655684,3916844.2847065614,1506633.008090552,1832173.3666540242,1318489.5603446953,2000767.4233584285,2203548.01284378,2312184.792035501,1698144.4634289108,2683948.789354915,2348701.8684853707,1934252.951784896,1369740.8909194323,1589240.2275144965,1495454.050791876
2044-01-01,1778470.010444763,1545660.9215142988,2402227.5951540335,2570708.2855483876,1699965.5463052955,1768400.560650652,3991420.1262114192,1531400.685161501,1866031.8705928358,1310887.640530044,2017646.6454350224,2174666.1884856666,2327890.5199715346,1715138.676364654,2699881.214292659,2410097.2561186454,1915384.996979497,1360715.8552639585,1594034.6793955355,1494732.7020470235
2044-02-01,1774431.6931307092,1556753.880419041,2415017.8816144126,2587010.0519752773,1692996.8650838854,1816633.91238906,4033715.4788235184,1559521.7528484587,1869567.9430042573,1300846.2173880313,2038726.5210998852,2181093.135854731,2357365.7807223913,1757156.1398138192,2718314.969337564,2489644.581406556,1906896.8077261897,1349021.4339349675,1610194.63240864,1493067.3884302957
2044-03-01,1759337.9461338737,1590910.1659584448,2426809.8534097895,2611117.644684102,1695741.5606764352,1838481.1563813959,3997839.17873393,1612464.2316020054,1888856.1011000485,1274124.4483869032,2051527.6656990552,2179335.443604464,2415417.13758787,1780386.5390083021,2727059.5329177612,2512472.0938932,1900581.9003025263,1361142.565618618,1613655.4328750602,1503861.6234503705
2044-04-01,1753012.1913210833,1633257.954133476,2466790.592169731,2630197.9726038068,1717614.523097944,1847549.8109942044,3986117.5162426075,1647654.7698096035,1888306.4465850072,1266458.5636596435,2055181.2817284202,2197354.1291815727,2467210.0701004374,1785148.2176299216,2734088.708994256,2515096.101107546,1902502.5946985625,1381118.2986590483,1601183.015563348,1510534.4809303323
2044-05-01,1766803.8645403115,1664589.0062421807,2543358.2742246613,2628075.232247066,1737348.6280011744,1836664.6298264016,3999409.870400655,1683083.067282802,1905078.7543205637,1269811.4911427067,2082772.2417101895,2225220.6139625018,2516699.717108115,1787315.8370289113,2765475.1323005375,2539993.4918406727,1903017.9428166742,1396457.635718424,1586436.9873008444,1524654.7678861604
2044-06-01,1758880.9004536727,1669895.374394843,2620226.5441974704,2622338.5979805263,1745213.5431069343,1824187.070388733,3991109.090718214,1694348.2652796218,1917867.412236137,1285278.8319688165,2090107.7194154467,2251629.4953220068,2485844.9909167145,1780399.3846071884,2780392.8067839514,2569351.2076210785,1911298.9612484153,1392162.2745398912,1580174.6845315609,1540814.2821438364
2044-07-01,1734898.9294382832,1676806.1446012072,2667237.220231028,2604396.650375989,1729692.77343676,1813021.2559663753,3977130.613343169,1699016.4997701896,1905712.458845271,1272646.8504520766,2101483.0708358726,2244977.0824602516,2466809.9909006385,1764945.7998176534,2808713.812297075,2585378.6086025713,1902408.224698806,1384053.5181678596,1553917.4923688043,1539258.9799983213
2044-08-01,1738952.5215583362,1692861.7508838028,2692304.8974621384,2582315.6718593417,1740269.115668281,1819589.0791942927,3963358.406591364,1692032.888502017,1899340.8507637994,1249350.0572738727,2116271.270308098,2206218.5468483255,2425073.9001688203,1750711.4738473417,2825352.8961171,2616627.096565311,1890428.8676913013,1408282.128413211,1515083.585461823,1548832.4272904368
2044-09-01,1717163.118201671,1709990.480305159,2731780.23039868,2572246.4372094595,1757511.2946514094,1830302.524593387,3980335.9708057866,1709488.859438087,1885831.9727192493,1237067.6313962636,2130739.585365269,2171045.6699787676,2433323.8925204366,1727653.959128626,2869756.7950873366,2657015.0626965365,1915255.0732165475,1463871.6975490986,1486120.2903729193,1557988.7079234347
2044-10-01,1691282.16561724,1730469.036426151,2750689.4432920204,2565060.1268322472,1763881.744896205,1851733.4688305787,4054321.4669753034,1724469.7369469549,1896340.0076322018,1218206.0168983494,2141115.49604433,2161411.757423146,2443085.311265359,1709481.2576957317,2891735.120905396,2689847.0097421613,1924257.7837442143,1509411.075682646,1484325.7215965395,1580147.6265259157
2044-11-01,1652094.828467822,1754608.206141693,2756168.0965532856,2537802.636413243,1755487.450920448,1850630.9140239444,4058726.8187312037,1721036.156458349,1909534.8973295265,1204242.0970523013,2126517.1010064734,2159542.902397076,2477847.9609309896,1713275.2858518374,2903926.192099549,2697850.2052356997,1938032.9559991707,1517516.4750502487,1479597.6564737246,1588003.2326173645
2044-12-01,1645396.0185743493,1763338.495853335,2787188.112939157,2541989.7297406816,1751545.5432111218,1846699.89162792,4060487.6291246996,1707457.322466114,1934625.0452373305,1200942.3465367276,2099328.165991272,2181923.390610532,2522359.758988631,1729003.877021058,2895973.4324127086,2730539.3949028887,1953837.9201644172,1514188.5820373576,1482394.4827301025,1584953.5649328441
2045-01-01,1659238.055832066,1770768.8961869585,2807384.8381938785,2542376.901225055,1753689.8768851012,1814625.9545262933,4084965.8034732174,1717859.2958222483,1976753.1651551789,1215708.4075633772,2090152.2607491277,2191368.18018208,2549705.882607837,1751227.8884030846,2906577.435264953,2747328.823495606,1979772.6931524386,1505148.9457355938,1491534.5675000164,1606106.8458975924
2045-02-01,1690838.2341290037,1783069.1912344582,2821573.6510039754,2550342.0094087548,1770295.3820827487,1809683.1894256105,4134243.928539542,1748579.2125670826,2020293.7892915544,1241684.1094297413,2082402.128811688,2203004.3602852947,2559071.7742961477,1761277.9519597956,2942166.271448247,2797717.761941509,2007879.7799760539,1529675.171660788,1514479.7057232917,1633995.9705091682
2045-03-01,1688548.733746902,1779348.5570243956,2833774.2181838583,2530181.571311116,1764965.7472529833,1791450.3334727704,4206336.698998479,1753104.0106060896,2039602.475358485,1249350.5503467233,2083723.7020460835,2187999.9061216125,2541839.771463606,1773166.8114587048,2969304.1220934093,2791694.679550037,2053640.4500834516,1545217.4337900016,1520204.0834281703,1663309.069752334
2045-04-01,1711768.4879774249,1784806.9962665422,2846276.308286058,2522632.1399113853,1734225.6577179828,1809949.619250172,4256483.825450034,1753153.3584107207,2038322.4025183765,1253188.5910129712,2073371.7639468338,2204914.1991197527,2551786.4988221726,1805469.5577532551,3028430.865459681,2823113.066036016,2062292.0748410611,1588702.3135171644,1523283.5356023202,1681561.904407454
2045-05-01,1735235.5121067339,1801283.329737707,2880383.7803642424,2548918.2574674864,1736670.1731604086,1823122.6651772447,4274960.742743965,1772567.9122304416,2041099.624363622,1257259.2257021605,2069727.12400245,2205441.9230281315,2552666.1920091207,1814990.4926959928,3063351.695540239,2849240.818194635,2076297.85417199,1620390.4914649692,1544198.280164915,1677196.2474982666
2045-06-01,1744836.4355274073,1786304.0046386002,2899290.8249966507,2554534.0152685675,1754867.039210993,1846282.8573369079,4237711.006691783,1739308.81662952,2015783.75088171,1263313.2822948643,2080500.3975395986,2208708.511595049,2526865.3349466883,1814254.2082278787,3083926.3863051347,2843602.0854737456,2081801.1740768459,1626682.141646149,1566699.456690521,1663279.0999009407
2045-07-01,1736949.949809911,1779485.9016108045,2896995.975496461,2528714.0658667833,1766815.6456388987,1845077.4866643166,4213012.806346905,1710195.14972757,2011096.862856097,1255169.5957985919,2086978.7719259653,2189353.1909007905,2522121.8031596853,1780969.236087648,3066967.065283752,2837400.1098088864,2076851.0088880006,1610084.3019508768,1569449.8369866735,1631733.981066167
2045-08-01,1742625.1272820882,1761472.1646288778,2863093.6650991826,2521162.990978948,1743678.5729688748,1844769.102760393,4171264.936382096,1672419.8391912552,1998416.3082131057,1242923.972137642,2056495.4878624585,2178832.5126658515,2534563.109453573,1770805.829194465,3076338.3924430897,2875539.6311547197,2059884.3055612557,1606788.964298877,1548799.2456419503,1627164.5018300056
2045-09-01,1758060.444565035,1763289.3188147265,2842153.0570573155,2521355.5846711476,1726849.1842196726,1833974.8599991016,4169015.3327053804,1659944.4599730123,1990264.9250651128,1235761.7818284745,2025062.352853324,2172473.6625699922,2577519.452351835,1743275.5841276094,3048547.1918584653,2919505.867422521,2059550.0929217562,1608957.280393648,1534093.045719449,1645411.385679682
2045-10-01,1775774.1453946894,1784573.0979144594,2852298.653038041,2564473.962694431,1742365.2147952174,1831925.4907171056,4148209.512191669,1653899.1419614446,1990603.9451386495,1222644.6217721454,1972564.3851156614,2191183.335248692,2588411.639231241,1725936.4468934946,3018333.2843329203,2950483.7634991608,2068396.3688013349,1617776.500107573,1493469.1039503042,1673717.445768071
2045-11-01,1765864.6831164935,1789262.7519682776,2822288.806273285,2611394.225273016,1760066.4368880899,1809911.1267102913,4127210.89975913,1657052.3209810986,1991911.7492863135,1221065.3856894597,1939152.723503596,2192844.7750800643,2570240.996127877,1696679.2221232774,2981059.656947626,2956040.103558678,2065989.1272543136,1625292.2942583498,1464133.6450070506,1688926.8663264483
2045-12-01,1736160.9195140235,1787888.2335586662,2853536.8780740635,2655759.2342035268,1786935.7577315918,1797119.5055643276,4125801.8755044243,1650880.103131347,1992089.1676777347,1233504.7226177882,1924255.9438339549,2201183.4269153657,2557464.2600068627,1714221.0905063981,2968213.327373615,2978470.0582252364,2071536.2885416872,1620086.1280873262,1453964.7870434367,1690971.7411828327
2046-01-01,1753544.476192205,1795275.2816161003,2844762.0519426307,2723815.124574096,1797948.8185168623,1792770.6190191868,4149086.795223749,1680157.988409513,2015590.3015357896,1260234.893924965,1921282.0605084025,2205002.6998399543,2581097.114943814,1722378.3927895508,2949921.3538155053,2972413.7203723565,2065570.77020106,1617613.859647931,1476520.6527123917,1698943.2452429791
2046-02-01,1759244.66739421,1805153.4060392785,2857042.0543197626,2777745.9435955705,1797275.412720299,1839150.8436539602,4191231.227325952,1707892.91112273,2046183.2057601558,1273685.5387664768,1938276.3566857693,2241469.5772878923,2593351.4136602143,1748509.7182771727,2980425.1431281194,2950475.2538782307,2073386.7405928457,1644935.002610582,1522354.1284226037,1719229.7378093963
2046-03-01,1744877.356796726,1815095.5433196558,2887996.3656911193,2780664.759280651,1804072.0829179534,1845075.4231864712,4165478.0911110793,1706274.9102343128,2064993.3823199852,1293496.2984786646,1939196.2881951442,2239825.261123201,2555346.0282698055,1757496.5972667052,2983688.384903158,2919628.6318248333,2072963.5890011087,1649339.073578723,1544635.2194348574,1719297.0117821773
2046-04-01,1737189.5934432694,1811653.0513784764,2940937.4986918047,2806794.6760130525,1811735.5230030725,1851051.8663693164,4210420.785901432,1708206.833607663,2075850.623476232,1293701.8828381174,1925908.6205139556,2235321.9783780393,2553234.3176212516,1772525.7054303738,2992151.179692243,2910525.1672521704,2087133.2934417124,1672741.660590571,1548475.5941369014,1734800.8044431692
2046-05-01,1750580.6756783847,1799654.1839419028,2990959.107473782,2797171.8495993107,1832113.6183612426,1844117.3452937114,4251012.907220915,1738378.0625428245,2123457.0537480162,1304608.2552792022,1925338.14444062,2218619.850106781,2554790.648148144,1788517.2770509073,3025493.055830344,2922070.498368456,2101336.47082694,1675837.2782386672,1553775.2931699324,1744111.9582880724
2046-06-01,1756191.8704171295,1798061.3582327908,2997892.892506875,2776061.526700885,1830968.8826147197,1851343.5916816192,4291330.858848007,1736574.4485937129,2151177.2445778614,1292382.2646305852,1879824.5928824407,2214998.144594487,2559055.0843950002,1770563.2477834886,3077132.337819747,2874626.7924671406,2103314.0059628943,1678074.2558982947,1544803.532158017,1731290.672687196
2046-07-01,1755261.5218352575,1796070.2924771684,2992910.989006997,2769038.4521332104,1832683.2313349466,1853834.4759491596,4301792.793661132,1723839.483234016,2176375.1053223247,1281890.822537239,1871273.9758345052,2200158.765209859,2515936.736958887,1773852.3302545082,3149584.7920629415,2867726.636792239,2074358.0737594026,1672020.3949374803,1549265.068313366,1707101.5003373171
2046-08-01,1747006.479422269,1775522.7574394806,2978190.714024104,2779093.8265057984,1861175.721318738,1865005.4838006154,4342731.57129036,1705593.4417162074,2233251.4297091793,1289423.0754894547,1864001.4496269384,2197661.1476699887,2509800.7518861936,1769166.5303526875,3189435.9068508237,2891827.25201565,2069747.4812075126,1665506.2248195275,1542448.6600739474,1685369.5818070187
2046-09-01,1744021.0673414308,1790976.2537065449,2972787.009851077,2833837.430501963,1915113.9878515573,1881061.4766589496,4388024.263641449,1700746.317095956,2297818.6938718334,1294603.035765414,1853810.119741601,2191285.501565688,2515940.468342053,1791958.642882947,3175107.506756517,2934740.36529012,2063622.5631044488,1672199.188062064,1544856.1242369707,1686805.8944101823
2046-10-01,1735933.347462086,1812163.8020156662,2989822.041999812,2864021.7546846666,1973568.1100152892,1889626.7377644505,4409914.120872912,1703965.0709511933,2325179.405785234,1303883.3297905652,1839493.371839129,2190101.946983949,2530754.7481126185,1820343.2206548546,3165730.539261007,2943121.513393424,2085517.2900134085,1687599.1743978579,1548715.7873290048,1698324.005443498
2046-11-01,1729081.0858168602,1828918.1982232358,2968800.6261223787,2894886.664923645,2000826.9306975962,1895323.9459693064,4386746.685889785,1715285.5182549465,2336660.9060320626,1294621.2111146448,1850200.203297996,2178940.033788514,2539912.95944606,1827625.832119904,3143333.833200371,2922674.9285617266,2109547.001562621,1695722.4160066212,1528183.030489363,1711214.4431358727
2046-12-01,1748419.5987589508,1847454.8081737687,2957797.438941674,2904658.1992784506,1973902.671804609,1905696.6636686828,4385144.522210344,1738814.3851515267,2343727.8031343585,1276510.3721192675,1854750.1989020307,2192109.838918946,2519697.604777474,1815539.0672727013,3131197.8715194846,2909690.486765637,2140453.540226566,1697460.776293668,1499275.9490926124,1715142.6946117205
2047-01-01,1776309.4521425024,1874184.279685388,2952723.1903596916,2932281.573913612,1954990.1661800302,1934149.258281403,4437460.4472944625,1750200.2640094764,2363045.031606337,1290856.6364025956,1903364.3922720654,2220797.2366619958,2508916.691525582,1807187.3875087646,3125244.1613071347,2968375.2485549175,2164664.0809873673,1713238.6585385667,1503832.493606737,1736660.8054942011
2047-02-01,1806744.0229700916,1900033.8915681657,2938810.5159678436,2937043.2175567183,1954574.1737268693,1994298.5687282528,4500930.893220472,1764448.2166747968,2394616.4550546054,1316624.0564910832,1937313.5121977562,2258119.6195356785,2488537.831242137,1782732.951821148,3124448.713788993,3046705.373010833,2195259.934278843,1731347.2789363833,1502734.8442133714,1781492.6498109451
2047-03-01,1849043.0920424997,1880882.066220012,2923257.0085026883,2927107.566680064,1955237.7645299335,2012705.511436802,4548445.275813935,1767590.6450910084,2407516.4462731294,1331283.6016105812,1943736.4723084152,2306855.8537778296,2490372.781910876,1783484.9708498255,3090120.1084217373,3078008.719022524,2188297.9569253027,1737656.1461799424,1503675.015528835,1798441.2128578757
2047-04-01,1882125.4064494208,1885562.3828587385,2902182.4434591183,2965081.6374842348,1946338.032123497,2016450.5197094097,4577866.235703873,1768401.4372056217,2416723.02433767,1349181.4820780645,1960093.9657566447,2353513.0555590233,2507246.314068228,1782554.562353338,3077699.820426676,3079858.443750227,2177157.624319471,1734639.4742195639,1479572.8460713262,1807433.256620185
2047-05-01,1909758.5934106878,1890754.6454201916,2933018.6682891753,3024589.3966752323,1949855.293394536,2041580.3510487725,4615096.460544735,1793788.3869919737,2385171.470182153,1357991.8945178562,1962308.9933446813,2370903.379504199,2546799.2281099604,1790230.512522353,3101293.3212024425,3110457.4162605116,2129977.33541115,1764331.8692128772,1477135.1180738967,1794472.9763677807
2047-06-01,1928058.5708580841,1911597.895507042,2967970.7102305423,3088268.432594004,1920617.3515631969,2044045.992653856,4644090.964197591,1802212.1861614075,2350507.119928175,1366912.153722274,1968509.2957141695,2413500.1923406282,2580200.8742135754,1801962.536548256,3132580.7255566237,3109817.8139419896,2071056.3515589333,1778162.628576371,1465810.5740809555,1785499.7731340588
2047-07-01,1936319.0185307884,1933882.669195971,2988377.0453959866,3128788.401858232,1886296.2137800765,2049132.92332584,4703376.582648999,1788299.0526778612,2318350.675574289,1374948.5007443328,1985729.7695642204,2435987.9485593787,2613031.609964896,1800815.7339940558,3083654.4064087817,3070036.5103356405,2052260.1188456684,1784803.4226368123,1467212.5596978138,1769411.6800709402
2047-08-01,1939489.313249874,1944008.346811754,3002536.6067598276,3137770.0345590664,1837283.5254524285,2032498.4012767337,4711658.534600334,1779677.2450587584,2330186.765547018,1374269.844633659,2007592.5084316947,2473692.0739611965,2633595.5458169268,1818024.6435367137,3085041.689275875,3096621.0788864903,2058133.728063346,1781082.7119830318,1470485.7715469247,1757932.6904853932
2047-09-01,1949144.9830541303,1966995.8144183035,3013901.867197679,3151078.3992806664,1822852.956223581,2013592.233506113,4712867.032799242,1766551.9870594228,2341228.778703632,1384991.1300350537,2040425.7856993116,2483615.5076187653,2670696.419044939,1843093.9898618152,3093612.0153829274,3134470.958641549,2083000.2055295673,1786507.2218222471,1477309.503086349,1758839.9886838484
2047-10-01,1958635.4698101005,1993949.5209385883,3038992.1593575343,3133960.0365547016,1799368.4416977214,2013016.978710034,4683510.600778062,1768433.0885263653,2346265.5576861915,1396228.5036142902,2048639.3970810424,2498687.476522523,2762551.126544575,1875421.2264353049,3081561.388146349,3152514.802955087,2096834.5767474778,1786131.7372882317,1471139.0748853278,1762443.0039608395
2047-11-01,1979979.6688074567,1999290.4071791552,3070767.780555149,3127291.8341542496,1785381.6266120872,1976753.1721730484,4603518.897053858,1770283.9827446742,2314655.2894977313,1405256.5904216268,2040568.909090728,2469913.133951699,2870314.947614052,1889442.5422768355,3079353.596895498,3157586.6823361344,2094333.2995679074,1772595.2469103297,1470473.7162024593,1768880.6121357821
2047-12-01,1992551.4098810125,1989683.5282115098,3115595.271337896,3093127.8720216667,1766576.7884806653,1978180.121890081,4508212.223233389,1781315.173210538,2300995.547304403,1401643.0274374082,2005910.2139911577,2448740.2966034645,2918564.799458491,1863552.1713940247,3085082.890016488,3126041.4365392746,2119790.6015983806,1764326.194342513,1486087.5155067581,1765474.8602574572
2048-01-01,2008071.5593688875,2004853.6112355022,3171600.490101851,3105564.6577206347,1779330.4917002327,1984187.577329938,4504202.179196296,1804287.0800101324,2310627.4238759708,1415902.0258096862,1981606.7233543403,2445347.7156003797,2982645.4300580076,1872728.9999378,3111645.31612138,3138491.3118139277,2138148.793098164,1755003.563281205,1496929.0384645083,1763659.4542977903
2048-02-01,2042637.3687133063,2027444.0339590271,3213535.4674143726,3087557.0891560516,1783165.5356585209,2023976.482889656,4543107.458670526,1807575.2864321002,2340079.887496186,1446031.4514372372,1976513.4980065753,2459285.4875715314,3022835.9875118313,1878402.8855266827,3125531.4598416416,3117797.9270171104,2156125.52692947,1755077.0989248261,1517523.262825141,1768323.932621309
2048-03-01,2084779.196183399,2043580.3546222276,3255120.615116394,3093161.6849136055,1787892.4898508969,2019932.655184275,4615719.235046388,1802539.6046457195,2356746.654801865,1453080.80529115,1973583.9351717995,2480074.872203637,3071703.3693875507,1884148.6759779828,3125660.9778627446,3097225.3045411436,2159060.5528164627,1734301.5382962667,1508280.1817448372,1772138.829500348
2048-04-01,2121086.159882508,2081455.2484226092,3284987.4406101974,3062548.419254124,1793537.5652697252,2028333.7859857443,4666232.708158487,1803016.870265318,2371735.94599574,1453149.977275303,1979528.605406273,2487177.0341334916,3124314.5284822076,1880189.1914514042,3127848.192824291,3112304.6704619946,2167865.4851189554,1720631.7701504712,1520493.8489899838,1786204.0566252207
2048-05-01,2150187.2530499017,2101795.1386822443,3311375.7387076253,3090411.0419511124,1807892.9647242557,2032475.0944182393,4717246.746157805,1813029.5145595667,2407298.287143131,1470923.5097840459,1999600.4356264449,2465108.091453738,3205264.4849786805,1835765.094030819,3168498.843344975,3114076.752638854,2167126.6523646936,1710714.8006660708,1529734.380558016,1800357.5450613988
2048-06-01,2132519.745065958,2108325.4714421225,3280324.0343216527,3103632.4837837885,1817757.7030312575,2030595.8025491787,4698262.488441612,1828706.4603719043,2406750.1797951777,1471647.2700293255,2022978.8872507587,2447450.3423949666,3288804.488377601,1807401.3725997412,3174727.956263899,3134369.1269440902,2151874.17125686,1716464.2615295714,1532200.8106485554,1821231.361702131
2048-07-01,2117218.8039308107,2091118.7392012035,3278487.2568612173,3115524.3131815894,1813785.7219233508,2013179.3818752496,4670547.1820888,1828975.658258932,2376314.5196671034,1464198.9272387256,2026406.3838034652,2431802.8069146276,3350184.2165202023,1774177.2497482956,3168484.714296531,3081483.72813408,2136117.935481815,1732976.7271894363,1525887.1592093732,1830930.2574658892
2048-08-01,2138101.5056689256,2091747.8830150275,3232828.54620619,3116848.0520032826,1815122.8390346828,2027175.5858585343,4541858.835018684,1809966.696101523,2369052.5172624635,1452438.9220507515,2011447.7831240888,2418140.061723203,3410949.973278011,1775759.5135819328,3152680.950754128,3044214.7282981263,2133174.416478425,1721059.6213882668,1538829.3526916376,1863560.2710454422
2048-09-01,2153463.5446103076,2080276.3057054328,3237381.101852275,3112421.6956841676,1814366.2704836705,2063090.830104348,4506273.956835885,1802323.7952145396,2397064.9754333845,1452092.7938709313,1991764.862622372,2465976.924656915,3418437.7964870078,1800223.311410749,3158283.733871288,3040941.7284984873,2150674.660761026,1730310.1183433598,1550929.3895369633,1879134.2884798252
2048-10-01,2169409.9622932314,2083547.2219475303,3261201.384747919,3109474.414507729,1809720.3866835753,2060484.7990876648,4449819.819497002,1781804.6068544097,2396331.628990953,1456792.515842013,1974230.449933176,2512014.377280499,3422599.314270231,1834230.9960180116,3122144.9982197154,3057344.3722209735,2145826.3126278734,1741159.5173185016,1576844.5872998158,1893312.4642100104
2048-11-01,2164364.6060484946,2077306.7333583678,3264076.929499568,3101127.1111772917,1817818.3345557603,2035991.3474009489,4436599.645295011,1776478.2378933593,2426815.0614759554,1448391.1484945253,1945816.4991444666,2543057.9885512204,3422705.722856773,1826009.544808453,3051572.9203023533,3059825.1031999383,2157319.448338396,1725627.559611214,1570087.9696482942,1902237.3910672169
2048-12-01,2144219.8430012953,2090582.3550268097,3243723.8541485765,3091667.8903146363,1817442.6773160128,2008698.745839557,4478429.412190631,1787398.2796987332,2444111.439928065,1429463.6354819082,1925339.3322737725,2567338.4866692545,3413849.926901736,1795076.8781547106,3056255.5086354,3078921.1924588317,2162978.7076992667,1702540.267939453,1581558.1843024986,1905982.987134763
2049-01-01,2145469.649389638,2124830.0322834486,3245918.7673922917,3102383.033095416,1833291.410448886,2003236.6412172546,4539021.47651858,1804589.964017079,2476149.713042601,1429356.6963886085,1945968.1038813454,2584983.4371321085,3413957.4915309437,1800280.943403141,3075104.8848322146,3101268.4107524655,2156069.4715352063,1697427.8290604737,1576054.4174086445,1907756.8238125483
2049-02-01,2174623.8495464614,2192961.5000525126,3324525.7253254843,3134115.5998358056,1835077.0027043975,1984572.3263453227,4539156.690044886,1811291.5198214687,2509010.6403060383,1421397.053021165,1974548.8834434126,2601476.4120867425,3423279.5322172414,1812620.8640759632,3169505.297212566,3110324.811758285,2198496.6639839145,1710042.1550900456,1583688.2065382171,1916568.0979400165
2049-03-01,2178634.3897149838,2264500.237682546,3394488.452935154,3156265.8228820036,1849590.4454206673,1952946.3560284914,4546118.386959503,1809037.6314725257,2563141.8431459796,1407945.8154075667,2015981.2021875381,2653609.14946913,3428590.7285348307,1808885.9722456236,3192905.6338515324,3134703.7058699285,2187287.877658653,1698794.9900658182,1561123.0915767215,1935059.0291696251
2049-04-01,2188379.5035593435,2323664.8202816024,3445005.0340926833,3153806.0475165253,1869936.9635121862,1925285.744860815,4564441.944718692,1820108.1692821356,2618885.716119503,1419065.5832841843,2046770.3236090105,2695496.0326381186,3436448.030059273,1820116.1275867976,3192585.9182953825,3169282.151109861,2175736.6617139764,1684246.8111126565,1558288.565315674,1951002.9274320588
2049-05-01,2190151.2450135183,2365181.120840019,3465390.73106122,3225198.45001705,1884396.096765589,1893926.196110813,4583881.402299312,1823443.0758861664,2669190.1543477643,1431274.5867009214,2068472.1711573405,2759111.677246831,3413132.247529585,1819161.7730050732,3150376.9020988764,3205419.709901148,2192624.390774467,1688587.1613916932,1571420.965857256,1974370.5348125321
2049-06-01,2192143.508431954,2372605.524101087,3444118.758333775,3236661.8897414794,1877955.8723724466,1874088.3278756072,4554997.174727957,1823193.3892866457,2728558.5951948944,1431177.9682318124,2081342.5616413613,2818899.399161634,3393973.97326297,1812895.4941200877,3093597.732983731,3194243.540131054,2193405.6645819605,1696775.5377970182,1546351.3784390548,1994781.6493455856
2049-07-01,2185731.0209372947,2382999.1734059234,3433039.936923944,3201853.484761088,1857878.7053125766,1880745.2152377304,4593664.330106359,1824388.24072765,2784443.2051801677,1422155.7687972647,2062659.0434963345,2873357.1854053866,3383256.6836670856,1780223.3245268308,3086727.6971359816,3141952.04603153,2203501.2689548857,1685513.1906703797,1547122.0888945332,2037965.2773500525
2049-08-01,2218017.773557066,2395616.138903629,3350519.6915697125,3123138.97211465,1844971.143862642,1900342.6719721481,4614445.566808242,1815552.2723224722,2816425.9860530915,1411510.1256709874,2059943.027430694,2919596.969621584,3392604.3341069557,1727066.151433732,3105334.3219011645,3155429.257948987,2203582.5015179864,1681681.686676017,1552074.9017219555,2074719.7724709322
2049-09-01,2257765.6892475965,2428520.888585785,3331754.09418404,3040589.73528281,1853743.9719715156,1933931.433376981,4630464.181804128,1809404.6695177448,2843587.382329838,1398122.334997425,2061001.4727320115,2968474.0957825175,3398493.29472891,1704581.8307924776,3110200.4606558075,3183339.8232345395,2220807.6917475928,1696449.190015637,1569070.977890985,2093078.6346401693
2049-10-01,2283063.197793451,2465673.7531031114,3299536.2152037625,3032316.0076331096,1849712.785996802,1926107.0407896948,4608658.900632893,1815209.9679068415,2852353.5158729404,1397148.9700838346,2048087.7513422235,3012706.144891951,3436877.5347317494,1686264.5142187076,3051366.7950666025,3205757.762058305,2194796.30307678,1703535.0642910365,1597766.8123674837,2109219.556292171
2049-11-01,2299886.298843588,2500924.472117359,3301454.8757525785,3045669.7477526576,1824846.6509544998,1911662.799467355,4561454.191980764,1815891.386651582,2883398.3287870674,1389225.4976010697,2045881.6072126343,3068172.1195973917,3467650.24876914,1681654.8633696383,3024016.711283025,3257158.4682074073,2172774.0817161063,1686534.5952812207,1602646.4498426416,2093326.7410228983
2049-12-01,2313933.8967389655,2519310.0136772376,3236489.6131055076,3051796.55801487,1803660.6634577063,1904851.420092471,4533084.068563421,1818506.8352411354,2913146.1486912062,1370966.423590505,2053285.1568411882,3111330.5517818383,3478478.8368644556,1661229.3949210055,2998402.5854667374,3355587.194181775,2130248.5178208067,1676545.9827299134,1621784.5440633749,2072828.851002682
2050-01-01,2340428.395666249,2539677.524424284,3242982.537804019,3040057.6968713086,1779359.8415655186,1918722.5426021863,4538755.377292695,1795242.2892291704,2922687.4197275466,1378484.1513019812,2062535.0632952475,3168338.614003773,3475122.28954295,1659952.6404148985,2982708.117811882,3431609.887557871,2126244.0787525214,1699349.9289177174,1633937.2123024252,2094724.7846560385
2050-02-01,2373794.374183782,2593857.545936402,3231337.479672412,3058116.367404863,1753507.43552985,1934785.201727352,4581878.900786374,1810127.437285259,2960655.9072854654,1390190.7815978432,2082796.5505801637,3224121.220036771,3489834.2922179014,1663180.2526011176,2992306.7662827894,3553206.8735799976,2142535.349798999,1744178.4249108771,1644622.863942127,2142438.970747441
2050-03-01,2386735.549005414,2632694.924041762,3220871.8214117507,3080287.2999580815,1737314.4559107064,1948359.9987389666,4624317.539262539,1821395.885578004,2949869.495814357,1416332.1776124917,2087792.7110237307,3227913.1831085915,3483078.3121149037,1669042.9398185941,2996482.22574631,3628323.6731320727,2132042.1573461015,1791044.1322510277,1639556.8106804073,2189565.2214279776
